게시일자,공원명,소재지,분야_자동분류,세부분류_자동분류,뉴스제목,뉴스매체,url,공원판정근거,분류방법
2026-10-05,설악산,강원,구조활동,실족·추락,울산바위 사진 찍다 40m 추락해 숨졌는데…다음 날 또 추락 사고,weekly.chosun.com,http://weekly.chosun.com/news/articleView.html?idxno=55880,요약,규칙기반 자동분류(제목·요약 낱말 대조)
2026-10-05,설악산,강원,기타,미분류,"'내일 출근 실화?'…""비 오기 전 떠나자"" 전국이 들썩",wowtv.co.kr,http://www.wowtv.co.kr/NewsCenter/News/Read?articleId=A202610050002&t=NN,요약,규칙기반 자동분류(제목·요약 낱말 대조)
2026-10-05,덕유산,전북·경남,기타,미분류,"무주군, 제35회 설천면민의 날 개최…""지역 발전 다짐""",hansbiz.co.kr,http://www.hansbiz.co.kr/news/articleView.html?idxno=870053,요약,규칙기반 자동분류(제목·요약 낱말 대조)
2026-10-05,덕유산,전북·경남,기타,미분류,제35회 무주군 설천면민의 날 성료…화합과 나눔으로 의미 더해,jeollailbo.com,http://www.jeollailbo.com/news/articleView.html?idxno=812772,요약,규칙기반 자동분류(제목·요약 낱말 대조)
2026-10-05,금정산,부산·경남,탐방시설,축제·행사,"금정산성축제서 첫 '트레일워크' 열린다…""코스별 500명""",newsis.com,https://www.newsis.com/view/NISX20261002_0003812683,제목,규칙기반 자동분류(제목·요약 낱말 대조)
2026-10-04,설악산,강원,구조활동,실족·추락,가을 산악사고...설악산 울산바위 50대 추락해 구조,ytn.co.kr,https://www.ytn.co.kr/_ln/0115_202610042335410140,제목,규칙기반 자동분류(제목·요약 낱말 대조)
2026-10-04,설악산,강원,구조활동,실족·추락,설악산 울산바위서 50대 암벽등반객 추락…지상 60m서 로프에 매달려 있...,biz.heraldcorp.com,https://biz.heraldcorp.com/article/10893073?ref=naver,제목,규칙기반 자동분류(제목·요약 낱말 대조)
2026-10-04,설악산,강원,구조활동,실족·추락,"설악산 울산바위서 추락한 50대 암벽등반객, 3시간여 만에 구조(종합)",news1.kr,https://www.news1.kr/local/kangwon/6310264,제목,규칙기반 자동분류(제목·요약 낱말 대조)
2026-10-04,설악산,강원,구조활동,실족·추락,"설악산 단풍사진 찍던 70대 숨진 다음날, 울산바위서도 추락사고",joongang.co.kr,https://www.joongang.co.kr/article/25467068,제목,규칙기반 자동분류(제목·요약 낱말 대조)
2026-10-04,설악산,강원,탐방시설,축제·행사,'가을이 왔다'…단풍부터 축제까지 전국 명산·관광지 북적,segye.com,https://www.segye.com/newsView/20261004507191?OutUrl=naver,요약,규칙기반 자동분류(제목·요약 낱말 대조)
2026-10-04,설악산,강원,구조활동,출동·대응,울산바위 ‘3대 노가다’ 요반길 오르던 50대 추락…3시간만에 구조,seoul.co.kr,https://www.seoul.co.kr/news/society/2026/10/04/20261004500076?wlog_tag3=naver,요약,규칙기반 자동분류(제목·요약 낱말 대조)
2026-10-04,설악산,강원,구조활동,실족·추락,설악산 울산바위서 암벽등반 중 50m 추락…50대 부상,newsis.com,https://www.newsis.com/view/NISX20261004_0003814059,제목,규칙기반 자동분류(제목·요약 낱말 대조)
2026-10-04,설악산,강원,구조활동,실족·추락,설악산 울산바위서 50대 등반객 추락···3시간 만에 구조,khan.co.kr,https://www.khan.co.kr/article/202610041902011,제목,규칙기반 자동분류(제목·요약 낱말 대조)
2026-10-04,설악산,강원,구조활동,실족·추락,설악산 울산바위서 암벽등반객 50m 추락…3시간 만에 구조,dt.co.kr,https://www.dt.co.kr/article/12087303?ref=naver,제목,규칙기반 자동분류(제목·요약 낱말 대조)
2026-10-04,설악산,강원,구조활동,실족·추락,설악산 울산바위서 50대 암벽등반객 추락…구조 후 헬기 이송,yna.co.kr,https://www.yna.co.kr/view/AKR20261004036700062?input=1195m,제목,규칙기반 자동분류(제목·요약 낱말 대조)
2026-10-04,설악산,강원,구조활동,출동·대응,사진 한장 찍으려다…신선대서 70대 등산객 40ｍ 추락사,view.asiae.co.kr,https://view.asiae.co.kr/article/2026100417513201796,요약,규칙기반 자동분류(제목·요약 낱말 대조)
2026-10-04,설악산,강원,구조활동,실족·추락,사진 찍던 70대 숨진 다음 날…'울산바위 암벽등반' 50대 추락 사고,mt.co.kr,https://www.mt.co.kr/society/2026/10/04/2026100417302029544,요약,규칙기반 자동분류(제목·요약 낱말 대조)
2026-10-04,설악산,강원,구조활동,실족·추락,"""인생샷 찍으려다""…하루 2만명 몰린 설악산 추락 사고 속출",hankyung.com,https://www.hankyung.com/article/2026100425677,제목,규칙기반 자동분류(제목·요약 낱말 대조)
2026-10-04,설악산,강원,탐방시설,케이블카·삭도,"""강원 10월 관광 특수 톡톡""…국립공원·케이블카·축제 '효자'(종합)",news1.kr,https://www.news1.kr/local/kangwon/6310198,요약,규칙기반 자동분류(제목·요약 낱말 대조)
2026-10-04,설악산,강원,기타,미분류,단풍 번지고 억새 춤추고…전국이 가을빛에 물들었다,g-enews.com,https://www.g-enews.com/view.php?ud=2026100416394318393084322ec9_1,요약,규칙기반 자동분류(제목·요약 낱말 대조)
2026-10-04,설악산,강원,구조활동,실족·추락,설악산 울산바위 인근서 암벽등반하던 50대 추락…구조 중,news1.kr,https://www.news1.kr/local/kangwon/6310187,제목,규칙기반 자동분류(제목·요약 낱말 대조)
2026-10-04,설악산,강원,탐방시설,탐방객 동향,"""10월 연휴에는 명산 가자""…강원 4대 국립공원에만 4만 명 육박",news1.kr,https://www.news1.kr/local/kangwon/6310161,요약,규칙기반 자동분류(제목·요약 낱말 대조)
2026-10-04,설악산,강원,탐방시설,축제·행사,개천절 연휴 가을 나들이객 북적…전국 명산·축제장 '인산인해',jnilbo.com,https://www.jnilbo.com/news/articleView.html?idxno=90000070812,요약,규칙기반 자동분류(제목·요약 낱말 대조)
2026-10-04,설악산,강원,기타,미분류,울긋불긋 산길·형형색색 꽃물결…전국 곳곳 가을 정취 '물씬',yna.co.kr,https://www.yna.co.kr/view/AKR20261004025500062?input=1195m,요약,규칙기반 자동분류(제목·요약 낱말 대조)
2026-10-04,설악산,강원,기타,미분류,"단풍철 설악산 교통대란 막는다…속초시, 11월 8일까지 특별교통대책 가...",ajunews.com,https://www.ajunews.com/view/20261004110040814,제목,규칙기반 자동분류(제목·요약 낱말 대조)
2026-10-04,속리산,충북·경북,탐방시설,축제·행사,"포근한 가을, 충북 곳곳 북적…축제장·관광지에 발길 이어져",news1.kr,https://www.news1.kr/local/sejong-chungbuk/6310152,요약,규칙기반 자동분류(제목·요약 낱말 대조)
2026-10-04,내장산,전북·전남,기타,미분류,"전북자원봉사센터, '찾아가는 사회공헌활동' 성황리 마무리",jeollailbo.com,http://www.jeollailbo.com/news/articleView.html?idxno=812763,요약,규칙기반 자동분류(제목·요약 낱말 대조)
2026-10-04,내장산,전북·전남,탐방시설,해설·교육,국립공원서 일하고 아이들은 자연체험…‘패밀리워케이션’ 본격 운영,segye.com,https://www.segye.com/newsView/20261004504769?OutUrl=naver,요약,규칙기반 자동분류(제목·요약 낱말 대조)
2026-10-04,주왕산,경북,탐방시설,편의·무장애,“물속 왕버들 곁을 걷다”…청송 주산지 가을 산책,vegannews.co.kr,https://www.vegannews.co.kr/news/article.html?no=391300,요약,규칙기반 자동분류(제목·요약 낱말 대조)
2026-10-04,주왕산,경북,탐방시설,기타,87년 전 만든 '청송 주왕산 기록물' 연말까지 전시,yna.co.kr,https://www.yna.co.kr/view/AKR20261002068600053?input=1195m,제목,규칙기반 자동분류(제목·요약 낱말 대조)
2026-10-04,북한산,서울·경기,기타,미분류,"가을 풍경 가득한 양주, 자연과 역사가 어우러진 가볼 만한 곳",joongangenews.com,https://www.joongangenews.com/news/articleView.html?idxno=551425,요약,규칙기반 자동분류(제목·요약 낱말 대조)
2026-10-04,금정산,부산·경남,행정,지정·구역,[한 손 뉴스] 1400년 역사 동래온천지구…전국 네 번째 온천도시 지정,kookje.co.kr,http://www.kookje.co.kr/news2011/asp/newsbody.asp?code=0300&key=20261005.22002000909,요약,규칙기반 자동분류(제목·요약 낱말 대조)
2026-10-04,금정산,부산·경남,행정,지정·구역,"1400년 동래온천, 부산 첫 '온천도시' 지정",imaeil.com,https://www.imaeil.com/page/view/2026100221152003236,요약,규칙기반 자동분류(제목·요약 낱말 대조)
2026-10-04,금정산,부산·경남,행정,지정·구역,"부산 동래온천지구, 전국 네 번째 ‘온천도시’ 지정",segye.com,https://www.segye.com/newsView/20261002511140?OutUrl=naver,요약,규칙기반 자동분류(제목·요약 낱말 대조)
2026-10-04,(전체·공통),전국·공통,기타,미분류,돈 없어서…퇴직연금제로 못 바꾸는 공공기관,hankyung.com,https://www.hankyung.com/article/2026100426251,해당없음,규칙기반 자동분류(제목·요약 낱말 대조)
2026-10-04,(전체·공통),전국·공통,기타,미분류,"검찰청 폐지, 중수청 시대 개막… 사진으로 돌아보는 한 주의 기록 [한컷...",segye.com,https://www.segye.com/newsView/20261002504755?OutUrl=naver,해당없음,규칙기반 자동분류(제목·요약 낱말 대조)
2026-10-04,(전체·공통),전국·공통,행정,기타,[美선택 D-30] ⑤ 여기서 밀리면 탄핵정국? 트럼프 반전카드는,newspim.com,https://www.newspim.com/news/view/20261001000565,해당없음,규칙기반 자동분류(제목·요약 낱말 대조)
2026-10-04,지리산,전남·전북·경남,재난안전,산불,"산청군, 제26회 산청한방약초축제 개막",viva100.com,https://www.viva100.com/article/20261004500073,요약,규칙기반 자동분류(제목·요약 낱말 대조)
2026-10-03,지리산,전남·전북·경남,기타,미분류,'관광객 1천만 시대' 목표 함양군…숙박 인프라 확충 주력,yna.co.kr,https://www.yna.co.kr/view/AKR20261002111200052?input=1195m,요약,규칙기반 자동분류(제목·요약 낱말 대조)
2026-10-03,설악산,강원,탐방시설,예약제·개방,"""빈방이 없어요"" 예약 폭발…가을 연휴 여행객들 몰려든 곳 [신용현의 트...",hankyung.com,https://www.hankyung.com/article/202610020641g,요약,규칙기반 자동분류(제목·요약 낱말 대조)
2026-10-03,설악산,강원,탐방시설,축제·행사,"""비빔밥 먹고 새우 사고 춤도 보고""…개천절 연휴 첫날 전국 축제장 들...",news1.kr,https://www.news1.kr/local/incheon/6309839,요약,규칙기반 자동분류(제목·요약 낱말 대조)
2026-10-03,설악산,강원,탐방시설,축제·행사,개천절 연휴 첫날 강원 명산·축제장 북적…설악산만 2만 2790명 몰려,sedaily.com,https://www.sedaily.com/article/20097932?ref=naver,제목,규칙기반 자동분류(제목·요약 낱말 대조)
2026-10-03,오대산,강원,탐방시설,탐방객 동향,"""가을빛으로 물드는 강원""…설악·오대산 등에 3만4000명 몰려",news1.kr,https://www.news1.kr/local/kangwon/6309820,제목,규칙기반 자동분류(제목·요약 낱말 대조)
2026-10-03,설악산,강원,탐방시설,편의·무장애,대청봉 안 부럽다…해발 600m 석굴서 한눈에 담은 '설악의 절경',joseilbo.com,http://www.joseilbo.com/news/news_read.php?uid=576812&class=83&grp=,요약,규칙기반 자동분류(제목·요약 낱말 대조)
2026-10-03,설악산,강원,탐방시설,편의·무장애,설악산 단풍철 교통혼잡 줄인다…속초시 특별교통대책 가동,newstnt.com,https://www.newstnt.com/news/articleView.html?idxno=721425,제목,규칙기반 자동분류(제목·요약 낱말 대조)
2026-10-03,설악산,강원,재난안전,산불,"고성문화재단·설악산국립공원사무소, 생물권보전지역 전문가 포럼 개최",newstnt.com,https://www.newstnt.com/news/articleView.html?idxno=721226,제목,규칙기반 자동분류(제목·요약 낱말 대조)
2026-10-03,설악산,강원,탐방시설,편의·무장애,"'설악산 단풍철 교통대란 막는다'…속초시, 3일부터 특별교통대책",news1.kr,https://www.news1.kr/local/kangwon/6309230,제목,규칙기반 자동분류(제목·요약 낱말 대조)
2026-10-03,설악산,강원,탐방시설,탐방로,"""설악 정상서 출발한 가을""…강원 산하로 내려오는 '단풍 전선'",news1.kr,https://www.news1.kr/local/kangwon/6309413,요약,규칙기반 자동분류(제목·요약 낱말 대조)
2026-10-03,설악산,강원,탐방시설,편의·무장애,"속초시, 실시간 교통·주차 정보 제공…탐방객 편의 높인다",gukjenews.com,https://www.gukjenews.com/news/articleView.html?idxno=3712325,요약,규칙기반 자동분류(제목·요약 낱말 대조)
2026-10-03,속리산,충북·경북,탐방시설,탐방객 동향,선선한 바람에 가을 만끽…충북 유명산·관광지에 나들이객 북적,news1.kr,https://www.news1.kr/local/sejong-chungbuk/6309754,요약,규칙기반 자동분류(제목·요약 낱말 대조)
2026-10-03,한라산,제주,탐방시설,예약제·개방,한라산 탐방예약 취소는 입산 종료 전까지,vegannews.co.kr,https://www.vegannews.co.kr/news/article.html?no=390988,제목,규칙기반 자동분류(제목·요약 낱말 대조)
2026-10-03,주왕산,경북,탐방시설,예약제·개방,10월 말 주왕산이 가장 붉네…버스로 떠나는 청송 가을여행,news1.kr,https://www.news1.kr/local/daegu-gyeongbuk/6306174,제목,규칙기반 자동분류(제목·요약 낱말 대조)
2026-10-03,태안해안,충남 태안,탐방시설,탐방로,해안 탐방로 출발 전 통제 구간 확인,vegannews.co.kr,https://www.vegannews.co.kr/news/article.html?no=390656,요약,규칙기반 자동분류(제목·요약 낱말 대조)
2026-10-03,다도해해상,전남,기타,미분류,"갯벌과 해송숲, 신안의 자연 속에서 만나는 가볼 만한 곳",joongangenews.com,https://www.joongangenews.com/news/articleView.html?idxno=551422,요약,규칙기반 자동분류(제목·요약 낱말 대조)
2026-10-03,무등산,광주·전남,탐방시설,해설·교육,전통의 맥 잇는다…무형유산 공개행사,namdonews.com,https://www.namdonews.com/news/articleView.html?idxno=925127,요약,규칙기반 자동분류(제목·요약 낱말 대조)
2026-10-03,태백산,강원·경북,기타,미분류,개천절 태백산에도 '만산홍엽',newsis.com,https://www.newsis.com/view/NISI20261003_0002255093,제목,규칙기반 자동분류(제목·요약 낱말 대조)
2026-10-03,태백산,강원·경북,기타,미분류,개천절 태백산국립공원 '만산홍엽',newsis.com,https://www.newsis.com/view/NISI20261003_0002255094,제목,규칙기반 자동분류(제목·요약 낱말 대조)
2026-10-03,팔공산,대구·경북,행정,지정·구역,"대구 동화사, 낙화축제 불허에 승려∙신도 뿔났다 [지역이슈]",segye.com,https://www.segye.com/newsView/20261002510110?OutUrl=naver,요약,규칙기반 자동분류(제목·요약 낱말 대조)
2026-10-03,금정산,부산·경남,행정,지정·구역,"1400년 동래온천, 도심형 '온천도시'로 도약",gukjenews.com,https://www.gukjenews.com/news/articleView.html?idxno=3712622,요약,규칙기반 자동분류(제목·요약 낱말 대조)
2026-10-03,금정산,부산·경남,행정,지정·구역,1천400년 역사 부산 동래온천…'온천도시' 부흥 신호탄 될까,yna.co.kr,https://www.yna.co.kr/view/AKR20261002052800051?input=1195m,요약,규칙기반 자동분류(제목·요약 낱말 대조)
2026-10-03,북한산,서울·경기,탐방시설,탐방로,산행 전 국립공원 CCTV와 통제정보 확인,vegannews.co.kr,https://www.vegannews.co.kr/news/article.html?no=391070,요약,규칙기반 자동분류(제목·요약 낱말 대조)
2026-10-03,(전체·공통),전국·공통,탐방시설,편의·무장애,10월 3일 오늘의 안전 상황,fpn119.co.kr,http://fpn119.co.kr/257510,해당없음,규칙기반 자동분류(제목·요약 낱말 대조)
2026-10-03,(전체·공통),전국·공통,기타,미분류,“바다쓰레기 직접 줍는다”…바다도 지키고 소득도 얻고,news.kbs.co.kr,https://news.kbs.co.kr/news/pc/view/view.do?ncd=8677096&ref=A,해당없음,규칙기반 자동분류(제목·요약 낱말 대조)
2026-10-03,(전체·공통),전국·공통,행정,의회·국정감사,"김재준 경북도의원 "" '연안침식 영향평가' 국가 제도화 촉구""",newspim.com,https://www.newspim.com/news/view/20261003000029,해당없음,규칙기반 자동분류(제목·요약 낱말 대조)
2026-10-03,(전체·공통),전국·공통,구조활동,기타,550년 버틴 하와이 명물 무너졌다…파도가 깎아 만든 '코끼리 해식아치...,newsis.com,https://www.newsis.com/view/NISX20261003_0003813562,해당없음,규칙기반 자동분류(제목·요약 낱말 대조)
2026-10-03,북한산,서울·경기,구조활동,벌쏘임·동물피해,[세상에 나쁜 개는 없다] 목숨을 건 멧돼지와의 대결! 북한산 사찰견들,queen.co.kr,http://www.queen.co.kr/news/articleView.html?idxno=464162,제목,규칙기반 자동분류(제목·요약 낱말 대조)
2026-10-03,(전체·공통),전국·공통,구조활동,기타,550년 된 명물이 사라졌다…하와이서 벌어진 붕괴,dailian.co.kr,https://www.dailian.co.kr/news/view/1697664/?sc=Naver,해당없음,규칙기반 자동분류(제목·요약 낱말 대조)
2026-10-03,(전체·공통),전국·공통,구조활동,기타,'감쪽같이 사라졌네'…550년 버틴 하와이 명물에 무슨 일이,hankyung.com,https://www.hankyung.com/article/2026100315727,해당없음,규칙기반 자동분류(제목·요약 낱말 대조)
2026-10-03,(전체·공통),전국·공통,구조활동,수난사고,[사진 한 잔] 변형된 풍경,joongang.co.kr,https://www.joongang.co.kr/article/25466803,해당없음,규칙기반 자동분류(제목·요약 낱말 대조)
2026-10-03,한라산,제주,탐방시설,예약제·개방,탐방예약제는 어떻게 한라산의 걸음을 바꾸었나,jejusori.net,https://www.jejusori.net/news/articleView.html?idxno=506966,제목,규칙기반 자동분류(제목·요약 낱말 대조)
2026-10-02,지리산,전남·전북·경남,기타,미분류,[AI와 함께 쓴 날씨 이야기] 서리는 왜 새벽에 생길까,gjdream.com,http://www.gjdream.com/news/articleView.html?idxno=673150,요약,규칙기반 자동분류(제목·요약 낱말 대조)
2026-10-02,설악산,강원,탐방시설,탐방로,"최강 몽골 무찌른 인제 한계산성, 국민 산행 개시[함영훈의 멋·맛·쉼]",biz.heraldcorp.com,https://biz.heraldcorp.com/article/10892249?ref=naver,요약,규칙기반 자동분류(제목·요약 낱말 대조)
2026-10-02,설악산,강원,자원보전,자연유산·지질,'울산바위' 인근에 대규모 공동주택 추진…인접지역 주민들 반발 '확산...,nocutnews.co.kr,https://www.nocutnews.co.kr/news/6586659?utm_source=naver&utm_medium=article&utm_campaign=20261002050725,요약,규칙기반 자동분류(제목·요약 낱말 대조)
2026-10-02,설악산,강원,재난안전,산불,국립공원 산불 CCTV 포착률 32%···224대 중 100대 '내용연수 초과',todaykorea.co.kr,https://www.todaykorea.co.kr/news/articleView.html?idxno=406759,요약,규칙기반 자동분류(제목·요약 낱말 대조)
2026-10-02,설악산,강원,탐방시설,탐방로,제주·부산·서울 다 아냐…국내 숙박 여행지 '압도적 1위' 알고보니,wikitree.co.kr,https://www.wikitree.co.kr/articles/1163590,요약,규칙기반 자동분류(제목·요약 낱말 대조)
2026-10-02,설악산,강원,재난안전,산불,고성문화재단 '생물권보전지역 전문가 포럼 및 팸투어' 개최,cnbnews.com,https://www.cnbnews.com/news/articleView.html?idxno=1018042,요약,규칙기반 자동분류(제목·요약 낱말 대조)
2026-10-02,설악산,강원,탐방시설,편의·무장애,설악산 단풍길 혼잡 줄인다… 속초시 특별교통대책 본격 추진,kado.net,https://www.kado.net/news/articleView.html?idxno=2076212,제목,규칙기반 자동분류(제목·요약 낱말 대조)
2026-10-02,설악산,강원,탐방시설,편의·무장애,설악산 소공원 혼잡 시 차량 통제...무료주차장·셔틀버스 운영,idsn.co.kr,https://idsn.co.kr/news/view/1065592582813642,제목,규칙기반 자동분류(제목·요약 낱말 대조)
2026-10-02,설악산,강원,탐방시설,탐방로,몽골에 맞선 천혜의 요새 '한계산성'...반세기 만에 개방,news.lghellovision.net,http://news.lghellovision.net/news/articleView.html?idxno=557125,요약,규칙기반 자동분류(제목·요약 낱말 대조)
2026-10-02,설악산,강원,탐방시설,탐방로,"""50년 만에 빗장 푼 천년 요새""…인제군, 1일 한계산성 탐방로 개통",shinailbo.co.kr,https://www.shinailbo.co.kr/news/articleView.html?idxno=5068263,요약,규칙기반 자동분류(제목·요약 낱말 대조)
2026-10-02,설악산,강원,탐방시설,편의·무장애,"[위클리오늘] 설악산 단풍길 혼잡 줄인다… 속초시, 특별교통대책 본격...",weeklytoday.com,http://www.weeklytoday.com/news/articleView.html?idxno=796791,제목,규칙기반 자동분류(제목·요약 낱말 대조)
2026-10-02,설악산,강원,기타,미분류,"[인터뷰]① 강삼영 강원교육감, '홍익인간' 강조…""지역 인재가 지역경...",newspim.com,https://www.newspim.com/news/view/20261002000672,요약,규칙기반 자동분류(제목·요약 낱말 대조)
2026-10-02,설악산,강원,재난안전,산불,산불 못 잡는 국립공원 CCTV···최근 6년간 포착률 32% 불과,dgmbc.com,https://dgmbc.com/NewsArticle/864873,요약,규칙기반 자동분류(제목·요약 낱말 대조)
2026-10-02,설악산,강원,재난안전,산불,"""설악산에서 DMZ까지""···강원 고성서 생물권보전지역 전문가 포럼·팸...",enewstoday.co.kr,http://www.enewstoday.co.kr/news/articleView.html?idxno=2476453,제목,규칙기반 자동분류(제목·요약 낱말 대조)
2026-10-02,설악산,강원,탐방시설,편의·무장애,"속초시, 단풍철 설악산 교통혼잡 줄인다…특별교통 대책 추진",yna.co.kr,https://www.yna.co.kr/view/AKR20261002050600062?input=1195m,제목,규칙기반 자동분류(제목·요약 낱말 대조)
2026-10-02,설악산,강원,기타,미분류,난공불락의 요새 ‘한계산성’…50여 년 만에 공개,news.kbs.co.kr,https://news.kbs.co.kr/news/pc/view/view.do?ncd=8676393&ref=A,요약,규칙기반 자동분류(제목·요약 낱말 대조)
2026-10-02,속리산,충북·경북,기타,미분류,"괴산, 자연과 역사의 숨결 따라 걷는 가볼 만한 곳",topstarnews.net,https://www.topstarnews.net/news/articleView.html?idxno=16227947,요약,규칙기반 자동분류(제목·요약 낱말 대조)
2026-10-02,속리산,충북·경북,탐방시설,탐방로,"속리산, 새 등산로 개방",san.chosun.com,http://san.chosun.com/news/articleView.html?idxno=26191,제목,규칙기반 자동분류(제목·요약 낱말 대조)
2026-10-02,내장산,전북·전남,기타,미분류,"""재능은 나누고 마음은 모으고"" 지역 사회 돕기 나선 공공기관과 기업",nocutnews.co.kr,https://www.nocutnews.co.kr/news/6586731?utm_source=naver&utm_medium=article&utm_campaign=20261002054125,요약,규칙기반 자동분류(제목·요약 낱말 대조)
2026-10-02,내장산,전북·전남,탐방시설,해설·교육,순창 어르신 생활 돕기 민·관 ‘맞손’…사회공헌 실천,newsis.com,https://www.newsis.com/view/NISX20261002_0003812691,요약,규칙기반 자동분류(제목·요약 낱말 대조)
2026-10-02,가야산,경북·경남,자원보전,불법·무질서 단속,가을철 가야산 위반행위 집중단속,seongjuro.co.kr,https://www.seongjuro.co.kr/news/view.php?idx=61048,제목,규칙기반 자동분류(제목·요약 낱말 대조)
2026-10-02,오대산,강원,탐방시설,축제·행사,"[알립니다]가을 오대산, 사흘간 ‘마음의 축제’ 열린다",kwnews.co.kr,https://www.kwnews.co.kr/article/20261001501067,제목,규칙기반 자동분류(제목·요약 낱말 대조)
2026-10-02,북한산,서울·경기,구조활동,출동·대응,북한산 숨은벽 50대 여성 추락…특수산악구조대 긴급 구조,mygoyang.com,http://www.mygoyang.com/news/articleView.html?idxno=90570,제목,규칙기반 자동분류(제목·요약 낱말 대조)
2026-10-02,월악산,충북·경북,기타,미분류,'월악산부터 보발재까지'…충북 단풍명소 이달 중순께 오색빛깔,yna.co.kr,https://www.yna.co.kr/view/AKR20261001153800064?input=1195m,제목,규칙기반 자동분류(제목·요약 낱말 대조)
2026-10-02,월출산,전남,행정,의회·국정감사,"영암군, 국회서 국립공원도시 지방정부협의회 첫 정기회의 주재",newsmaker.or.kr,http://www.newsmaker.or.kr/news/articleView.html?idxno=183550,요약,규칙기반 자동분류(제목·요약 낱말 대조)
2026-10-02,월출산,전남,행정,의회·국정감사,16개 국립공원 상생·제도개선 방안 협의,hansbiz.co.kr,http://www.hansbiz.co.kr/news/articleView.html?idxno=869421,요약,규칙기반 자동분류(제목·요약 낱말 대조)
2026-10-02,무등산,광주·전남,기타,미분류,‘스벅 100호점’이 주목받던 때 있었는데…프랜차이즈 ‘4500호점’ 시...,segye.com,https://www.segye.com/newsView/20261002509652?OutUrl=naver,요약,규칙기반 자동분류(제목·요약 낱말 대조)
2026-10-02,팔공산,대구·경북,행정,기타,'승시 낙화축제' 불허...동화사 반발,tbc.co.kr,https://www.tbc.co.kr/news/view?pno=20261001161503AE06285&id=211663,요약,규칙기반 자동분류(제목·요약 낱말 대조)
2026-10-02,팔공산,대구·경북,기타,미분류,"""갓바위 부처님, 꽉 막힌 운 좀 틔워주세요!"" [대구 야호! 팔공산 개운산...",san.chosun.com,http://san.chosun.com/news/articleView.html?idxno=26186,제목,규칙기반 자동분류(제목·요약 낱말 대조)
2026-10-02,금정산,부산·경남,행정,연구·용역,"부산 동래구, 행안부 ‘온천도시’ 지정… 부산 첫 사례",metroseoul.co.kr,http://www.metroseoul.co.kr/article/20261002500271,요약,규칙기반 자동분류(제목·요약 낱말 대조)
2026-10-02,금정산,부산·경남,탐방시설,탐방객 동향,부산 첫 온천도시 지정… 동래 온천장 상권 활성화 추진,paxetv.com,http://www.paxetv.com/news/articleView.html?idxno=283336,요약,규칙기반 자동분류(제목·요약 낱말 대조)
2026-10-02,금정산,부산·경남,행정,지정·구역,"부산 동래온천, 전국 네 번째 온천도시 지정…관광 경쟁력 키운다",inews24.com,http://www.inews24.com/view/2011567,요약,규칙기반 자동분류(제목·요약 낱말 대조)
2026-10-02,금정산,부산·경남,행정,인사·조직,"부산 동래구, 행정안전부 '온천도시' 지정…전국 네 번째·부산 최초",newstnt.com,https://www.newstnt.com/news/articleView.html?idxno=721334,요약,규칙기반 자동분류(제목·요약 낱말 대조)
2026-10-02,금정산,부산·경남,행정,지정·구역,"부산 동래온천, 전국 네 번째 온천도시 지정… 도심형 치유관광 거점 육...",jeonmae.co.kr,https://www.jeonmae.co.kr/news/articleView.html?idxno=1298529,요약,규칙기반 자동분류(제목·요약 낱말 대조)
2026-10-02,금정산,부산·경남,탐방시설,해설·교육,"동래온천, 전국 네 번째 '온천도시' 지정…목욕 중심서 치유·체험형으...",mhns.co.kr,https://www.mhns.co.kr/news/articleView.html?idxno=762613,요약,규칙기반 자동분류(제목·요약 낱말 대조)
2026-10-02,금정산,부산·경남,행정,지정·구역,행안부 부산시 동래온천지구 '온천도시' 지정,mt.co.kr,https://www.mt.co.kr/policy/2026/10/02/2026100215173543089,요약,규칙기반 자동분류(제목·요약 낱말 대조)
2026-10-02,금정산,부산·경남,행정,지정·구역,"1400년 온천에 새 이름 붙었다… 동래온천, 전국 4번째 '온천도시' 지정",view.asiae.co.kr,https://view.asiae.co.kr/article/2026100214091927362,요약,규칙기반 자동분류(제목·요약 낱말 대조)
2026-10-02,금정산,부산·경남,기타,미분류,"부산 동래온천, 전국 네 번째 '온천도시' 됐다",daily.hankooki.com,https://daily.hankooki.com/news/articleView.html?idxno=1411756,요약,규칙기반 자동분류(제목·요약 낱말 대조)
2026-10-02,금정산,부산·경남,행정,지정·구역,동래온천지구 '온천도시' 지정…치유·관광 거점 육성,kookje.co.kr,http://www.kookje.co.kr/news2011/asp/newsbody.asp?code=0300&key=20261002.99099000425,요약,규칙기반 자동분류(제목·요약 낱말 대조)
2026-10-02,금정산,부산·경남,행정,지정·구역,"'1400년 명맥' 동래온천, 전국 네 번째 온천도시 됐다",news1.kr,https://www.news1.kr/local/busan-gyeongnam/6308900,요약,규칙기반 자동분류(제목·요약 낱말 대조)
2026-10-02,금정산,부산·경남,탐방시설,해설·교육,70.3℃ 뜨거운 물 ‘콸콸’…부산 ‘이곳’ 네번째 온천도시 됐다,nongmin.com,https://www.nongmin.com/article/20261001500445,요약,규칙기반 자동분류(제목·요약 낱말 대조)
2026-10-02,금정산,부산·경남,탐방시설,탐방객 동향,"부산 동래구, 부산 첫 '온천도시' 지정…전국 네 번째",pressian.com,https://www.pressian.com/pages/articles/2026100211122494922?utm_source=naver&utm_medium=search,요약,규칙기반 자동분류(제목·요약 낱말 대조)
2026-10-02,금정산,부산·경남,기타,미분류,"부산동래구, 대한민국 4번째 온천도시로 다시 도약",hansbiz.co.kr,http://www.hansbiz.co.kr/news/articleView.html?idxno=869633,요약,규칙기반 자동분류(제목·요약 낱말 대조)
2026-10-02,금정산,부산·경남,탐방시설,해설·교육,"1400년 전통 부산 동래온천, 전국 네 번째 '온천도시' 지정",pointe.co.kr,https://www.pointe.co.kr/news/articleView.html?idxno=85505,요약,규칙기반 자동분류(제목·요약 낱말 대조)
2026-10-02,금정산,부산·경남,기타,미분류,"1400년 동래온천, 전국 네 번째 ‘온천도시’ 됐다",munhwa.com,https://www.munhwa.com/article/11621085?ref=naver,요약,규칙기반 자동분류(제목·요약 낱말 대조)
2026-10-02,금정산,부산·경남,탐방시설,축제·행사,"'1400년 역사' 동래온천, 전국 네 번째 '온천도시' 지정…치유·체험 관...",news.tf.co.kr,https://news.tf.co.kr/read/national/2372428.htm,요약,규칙기반 자동분류(제목·요약 낱말 대조)
2026-10-02,금정산,부산·경남,행정,지정·구역,[부산은 오늘] 부산동래구·부산동구·백종헌의원,iminju.net,http://www.iminju.net/news/articleView.html?idxno=170308,요약,규칙기반 자동분류(제목·요약 낱말 대조)
2026-10-02,금정산,부산·경남,탐방시설,탐방객 동향,"‘1400년 역사’ 부산 동래구, 전국 네 번째·부산 최초 ‘공인 온천도...",viva100.com,https://www.viva100.com/article/20261002500310,요약,규칙기반 자동분류(제목·요약 낱말 대조)
2026-10-02,금정산,부산·경남,행정,지정·구역,"동래온천지구, '온천도시' 지정…부산시 온천치유원 건립 추진",kpinews.kr,https://www.kpinews.kr/newsView/1065575036345820,요약,규칙기반 자동분류(제목·요약 낱말 대조)
2026-10-02,금정산,부산·경남,행정,지정·구역,1400년 부산 동래온천 ‘온천도시’ 지정…치유·체험 중심 온천관광도...,seoul.co.kr,https://www.seoul.co.kr/news/society/2026/10/02/20261002500067?wlog_tag3=naver,요약,규칙기반 자동분류(제목·요약 낱말 대조)
2026-10-02,금정산,부산·경남,행정,지정·구역,"부산 동래온천지구, 전국 4번째 '온천도시' 지정",fnnews.com,https://www.fnnews.com/news/202610020947529227,요약,규칙기반 자동분류(제목·요약 낱말 대조)
2026-10-02,금정산,부산·경남,행정,지정·구역,"1400년 동래온천, 옛 명성 되찾을까…‘온천도시’ 지정",kmib.co.kr,https://www.kmib.co.kr/article/view.asp?arcid=9000019281&cp=nv,요약,규칙기반 자동분류(제목·요약 낱말 대조)
2026-10-02,금정산,부산·경남,행정,지정·구역,"동래온천, '온천도시' 지정됐다…부산시, 관광콘텐츠 확충",newsis.com,https://www.newsis.com/view/NISX20261002_0003812103,요약,규칙기반 자동분류(제목·요약 낱말 대조)
2026-10-02,금정산,부산·경남,행정,지정·구역,"부산 동래온천, 전국 네 번째 '온천도시' 지정",gukjenews.com,https://www.gukjenews.com/news/articleView.html?idxno=3711403,요약,규칙기반 자동분류(제목·요약 낱말 대조)
2026-10-02,금정산,부산·경남,행정,지정·구역,부산 동래온천지구 '온천도시' 지정…치유·휴식 관광 육성,newspim.com,https://www.newspim.com/news/view/20261002000293,요약,규칙기반 자동분류(제목·요약 낱말 대조)
2026-10-02,금정산,부산·경남,행정,지정·구역,"1400년 역사 부산 '동래온천', 전국 네 번째 온천도시 지정",nocutnews.co.kr,https://www.nocutnews.co.kr/news/6586278?utm_source=naver&utm_medium=article&utm_campaign=20261002092721,요약,규칙기반 자동분류(제목·요약 낱말 대조)
2026-10-02,계룡산,대전·충남,탐방시설,탐방로,국립공원 반려견 출입은 지정 구간만 허용,vegannews.co.kr,https://www.vegannews.co.kr/news/article.html?no=390625,요약,규칙기반 자동분류(제목·요약 낱말 대조)
2026-10-02,(전체·공통),전국·공통,기타,미분류,"기후에너지환경부 공공기관 2026년 10월 브랜드평판...수자원공사, 한전...",energy-news.co.kr,https://www.energy-news.co.kr/news/articleView.html?idxno=228741,해당없음,규칙기반 자동분류(제목·요약 낱말 대조)
2026-10-02,(전체·공통),전국·공통,기타,미분류,"［기획］ 정읍의 가을, 꽃길에서 책길까지…관광·체육·문화 공간 넓힌...",eroun.net,https://www.eroun.net/news/articleView.html?idxno=91475,해당없음,규칙기반 자동분류(제목·요약 낱말 대조)
2026-10-02,(전체·공통),전국·공통,기타,미분류,기후에너지환경부 공공기관 브랜드평판 2026년 10월 빅데이터 분석결과...,cbci.co.kr,https://www.cbci.co.kr/news/articleView.html?idxno=611896,해당없음,규칙기반 자동분류(제목·요약 낱말 대조)
2026-10-02,(전체·공통),전국·공통,재난안전,통제·입산금지,단풍철 국립공원 등산객 급증 낙상사고 잇따라,gokorea.kr,https://www.gokorea.kr/news/articleView.html?idxno=880259,해당없음,규칙기반 자동분류(제목·요약 낱말 대조)
2026-10-02,계룡산,대전·충남,탐방시설,탐방로,"[단독] ""반려견과 국립공원 가자"" 했는데… 이용률 1%도 안 돼 존폐 기로",hankookilbo.com,https://www.hankookilbo.com/news/article/A2026100114440002911?did=NA,요약,규칙기반 자동분류(제목·요약 낱말 대조)
2026-10-02,(전체·공통),전국·공통,자원보전,포유류,"[현장 핫클릭] ""옷 바꿔입고 오리발""…음주운전자 꼼수 '덜미'",news.tvchosun.com,https://news.tvchosun.com/site/data/html_dir/2026/10/02/2026100290021.html,해당없음,규칙기반 자동분류(제목·요약 낱말 대조)
2026-10-02,(전체·공통),전국·공통,기타,미분류,공공기관 브랜드평판 빅데이터 271% 폭증…한국수자원공사 1위,pinpointnews.co.kr,https://www.pinpointnews.co.kr/news/articleView.html?idxno=492057,해당없음,규칙기반 자동분류(제목·요약 낱말 대조)
2026-10-02,(전체·공통),전국·공통,탐방시설,야영장·대피소,국립공원 야영장·대피소 6차 추첨 신청 6일 마감,vegannews.co.kr,https://www.vegannews.co.kr/news/article.html?no=390264,해당없음,규칙기반 자동분류(제목·요약 낱말 대조)
2026-10-02,(전체·공통),전국·공통,행정,의회·국정감사,"김재준 경북도의원, 연안침식·산림재난 경북도 강력대처 촉구",seoul.co.kr,https://www.seoul.co.kr/news/publicnews/local_govern/news_local/2026/10/02/20261002500257?wlog_tag3=naver,해당없음,규칙기반 자동분류(제목·요약 낱말 대조)
2026-10-02,(전체·공통),전국·공통,행정,기타,"[불광산책] 《이끌고, 품고, 바라보다(Nuntun, Nata, Nonton)》 외",bulkwang.co.kr,http://www.bulkwang.co.kr/news/articleView.html?idxno=40701,해당없음,규칙기반 자동분류(제목·요약 낱말 대조)
2026-10-02,(전체·공통),전국·공통,재난안전,산불,불편함이 곧 사치…1박 300만원 호가 [서현정의 월드 베스트 호텔],mk.co.kr,https://www.mk.co.kr/article/12158368,해당없음,규칙기반 자동분류(제목·요약 낱말 대조)
2026-10-02,(전체·공통),전국·공통,재난안전,산불,"濠 뉴사우스웨일스주, 오픈AI의 2번째 정부 웹사이트 해킹 보고",newsis.com,https://www.newsis.com/view/NISX20261002_0003813178,해당없음,규칙기반 자동분류(제목·요약 낱말 대조)
2026-10-02,(전체·공통),전국·공통,자원보전,기타,"[사이언스카페] 코끼리 무리의 웅성거림, AI로 의미 해독",biz.chosun.com,https://biz.chosun.com/science-chosun/science/2026/10/02/VWKCYGW2BVGYDIJF4APJF5TEC4/?utm_source=naver&utm_medium=original&utm_campaign=biz,해당없음,규칙기반 자동분류(제목·요약 낱말 대조)
2026-10-02,(전체·공통),전국·공통,기타,미분류,[사이언스샷] 사마귀의 섹시 포즈… 웃음 주는 동물들,biz.chosun.com,https://biz.chosun.com/science-chosun/nature-environment/2026/10/02/WAVSS35DLNGTBG3N77KP2OSOZQ/?utm_source=naver&utm_medium=original&utm_campaign=biz,해당없음,규칙기반 자동분류(제목·요약 낱말 대조)
2026-10-02,(전체·공통),전국·공통,구조활동,벌쏘임·동물피해,"'세상에 나쁜 개는 없다' 멧돼지와 맞서는 인수암 견보살들…설쌤, 북한...",lecturernews.com,https://www.lecturernews.com/news/articleView.html?idxno=211489,해당없음,규칙기반 자동분류(제목·요약 낱말 대조)
2026-10-02,(전체·공통),전국·공통,구조활동,기타,"[정읍·완주·장수 24시] 정읍의 가을, 꽃길따라 책길따라 10대 사업 연결",sisajournal.com,https://www.sisajournal.com/news/articleView.html?idxno=389115,해당없음,규칙기반 자동분류(제목·요약 낱말 대조)
2026-10-02,(전체·공통),전국·공통,자원보전,조류,"해남군, 실제 야생조류 표본으로 만나는 '새 이야기' 운영",newsmaker.or.kr,http://www.newsmaker.or.kr/news/articleView.html?idxno=183583,해당없음,규칙기반 자동분류(제목·요약 낱말 대조)
2026-10-02,(전체·공통),전국·공통,재난안전,산사태·낙석,[세계날씨 이럴수가] 印·네팔서 홍수·산사태로 77명 사망… '물바다'된...,newscj.com,https://www.newscj.com/news/articleView.html?idxno=3437018,해당없음,규칙기반 자동분류(제목·요약 낱말 대조)
2026-10-02,(전체·공통),전국·공통,구조활동,기타,미국이라는 거대한 땅의 영화를 직접 달린다,abcn.kr,https://www.abcn.kr/news/articleView.html?idxno=92608,해당없음,규칙기반 자동분류(제목·요약 낱말 대조)
2026-10-01,지리산,전남·전북·경남,재난안전,산불,산악 지형 한계 넘는다…경남 '119산불특수대응단' 출범 채비,nocutnews.co.kr,https://www.nocutnews.co.kr/news/6585745?utm_source=naver&utm_medium=article&utm_campaign=20261001013311,요약,규칙기반 자동분류(제목·요약 낱말 대조)
2026-10-01,경주,경북 경주,기타,미분류,"가을 산의 도토리와 야생버섯, 숲의 먹이로 남겨주세요",dailyt.co.kr,https://www.dailyt.co.kr/newsView/dlt202610010006,요약,규칙기반 자동분류(제목·요약 낱말 대조)
2026-10-01,한려해상,경남·전남,행정,인사·조직,[경일춘추] 팔색조와 거머리말이 전하는 한려해상의 가치,gnnews.co.kr,https://www.gnnews.co.kr/news/articleView.html?idxno=646691,제목,규칙기반 자동분류(제목·요약 낱말 대조)
2026-10-01,한려해상,경남·전남,탐방시설,야영장·대피소,"국립공원공단, ‘명품 탐방해설 22선’ 10월 한 달간 무료 운영",lak.co.kr,http://www.lak.co.kr/news/boardview.php?id=24021,요약,규칙기반 자동분류(제목·요약 낱말 대조)
2026-10-01,설악산,강원,기타,미분류,당분간 아침저녁으로 쌀쌀해요,knnews.co.kr,https://www.knnews.co.kr/news/articleView.php?idxno=1552077,요약,규칙기반 자동분류(제목·요약 낱말 대조)
2026-10-01,설악산,강원,탐방시설,탐방로,'난공불락' 한계산성 탐방로 개통···본격 시범운영 시작,enewstoday.co.kr,http://www.enewstoday.co.kr/news/articleView.html?idxno=2476360,요약,규칙기반 자동분류(제목·요약 낱말 대조)
2026-10-01,설악산,강원,기타,미분류,[내일날씨] 아침 최저 5도 '쌀쌀'…낮과 밤 기온차 10도 이상,ajunews.com,https://www.ajunews.com/view/20261001180352597,요약,규칙기반 자동분류(제목·요약 낱말 대조)
2026-10-01,설악산,강원,탐방시설,예약제·개방,"인제군, 한계산성 개통 기념행사 개최 ··· 0.9㎞ 구간·왕복 1시간 내...",gw.newdaily.co.kr,https://gw.newdaily.co.kr/site/data/html/2026/10/01/2026100100404.html,요약,규칙기반 자동분류(제목·요약 낱말 대조)
2026-10-01,설악산,강원,탐방시설,탐방로,[라이프&여행} 깊어가는 가을 감성 채울 '가을꽃 축제',hangyo.com,https://www.hangyo.com/news/article.html?no=109495,요약,규칙기반 자동분류(제목·요약 낱말 대조)
2026-10-01,설악산,강원,기타,미분류,[내일 출근길 날씨] 아침 최저 5도 '서늘'⋯ 경기·강원엔 서리까지,asiatime.co.kr,https://www.asiatime.co.kr/article/20261001500422,요약,규칙기반 자동분류(제목·요약 낱말 대조)
2026-10-01,설악산,강원,탐방시설,탐방로,최강 몽골군도 벌벌 떤 그 곳…베일 벗은 설악산 한계산성,seoul.co.kr,https://www.seoul.co.kr/news/society/2026/10/01/20261001500224?wlog_tag3=naver,제목,규칙기반 자동분류(제목·요약 낱말 대조)
2026-10-01,설악산,강원,탐방시설,탐방로,'난공불락' 인제 한계산성 탐방로 개통…50년 만에 국민 품으로,news1.kr,https://www.news1.kr/local/kangwon/6307875,요약,규칙기반 자동분류(제목·요약 낱말 대조)
2026-10-01,설악산,강원,탐방시설,탐방로,인제 국가유산 한계산성 탐방로 개통식,kado.net,https://www.kado.net/news/articleView.html?idxno=2075925,요약,규칙기반 자동분류(제목·요약 낱말 대조)
2026-10-01,설악산,강원,탐방시설,케이블카·삭도,"""검증 없는 개발 멈춰라""…전국 환경단체, '환경비상시국회의' 개최",ngonews.kr,https://www.ngonews.kr/news/articleView.html?idxno=239630,요약,규칙기반 자동분류(제목·요약 낱말 대조)
2026-10-01,설악산,강원,재난안전,산불,"사람과 자연이 함께 여는 미래, 생물권보전지역의 가치를 나누다",kwnews.co.kr,https://www.kwnews.co.kr/article/20261001500465,요약,규칙기반 자동분류(제목·요약 낱말 대조)
2026-10-01,설악산,강원,재난안전,산불,"고성문화재단, 생물권보전지역 포럼·팸투어 개최",jeonmae.co.kr,https://www.jeonmae.co.kr/news/articleView.html?idxno=1298050,요약,규칙기반 자동분류(제목·요약 낱말 대조)
2026-10-01,설악산,강원,재난안전,산불,"설악산, DMZ 등 생물권보전지역 전문가 포럼, 현장 답사 16~17일 열려",mbceg.co.kr,https://www.mbceg.co.kr/post/140636,제목,규칙기반 자동분류(제목·요약 낱말 대조)
2026-10-01,설악산,강원,재난안전,산불,강원 고성서 생물권보전지역 포럼·답사 여행 16∼17일 개최,yna.co.kr,https://www.yna.co.kr/view/AKR20261001071800062?input=1195m,요약,규칙기반 자동분류(제목·요약 낱말 대조)
2026-10-01,설악산,강원,재난안전,산불,국립공원 산불 3건 중 2건 CCTV 놓쳤다…100대는 '내용연수 초과',shinailbo.co.kr,https://www.shinailbo.co.kr/news/articleView.html?idxno=5067667,요약,규칙기반 자동분류(제목·요약 낱말 대조)
2026-10-01,설악산,강원,기타,미분류,10월의 첫날은 쌀쌀한 가을날…어제보다 5도 '뚝',cstimes.com,https://www.cstimes.com/news/articleView.html?idxno=722529,요약,규칙기반 자동분류(제목·요약 낱말 대조)
2026-10-01,설악산,강원,기타,미분류,[사진 톡톡] 단풍 물드는 설악산,kbsm.net,https://www.kbsm.net/news/view.php?idx=536167,제목,규칙기반 자동분류(제목·요약 낱말 대조)
2026-10-01,설악산,강원,구조활동,출동·대응,설악산에서 50대 남성 실종 4개월째,san.chosun.com,http://san.chosun.com/news/articleView.html?idxno=26194,제목,규칙기반 자동분류(제목·요약 낱말 대조)
2026-10-01,설악산,강원,기타,미분류,[오늘 날씨] 찬 공기 남하에 기온 뚝…전국 내륙 중심 큰 일교차,youthdaily.co.kr,https://www.youthdaily.co.kr/news/article.html?no=227791,요약,규칙기반 자동분류(제목·요약 낱말 대조)
2026-10-01,설악산,강원,기타,미분류,[포토] 알록달록 단풍옷 입은 설악산,hankyung.com,https://www.hankyung.com/article/2026093056871,제목,규칙기반 자동분류(제목·요약 낱말 대조)
2026-10-01,내장산,전북·전남,탐방시설,해설·교육,국립공원에서 부모는 일하고 자녀는 자연체험 '일석삼조'...숲·바다에서...,pressian.com,https://www.pressian.com/pages/articles/2026100120552586837?utm_source=naver&utm_medium=search,요약,규칙기반 자동분류(제목·요약 낱말 대조)
2026-10-01,주왕산,경북,기타,미분류,청송 주왕산국립공원과 대전사에서 '이색 전시',andongmbc.co.kr,http://andongmbc.co.kr/adboard/NewsView85058,제목,규칙기반 자동분류(제목·요약 낱말 대조)
2026-10-01,주왕산,경북,탐방시설,기타,[여기는 안동] 영주시 일자리박람회 열려…56개 업체 참가 외,news.kbs.co.kr,https://news.kbs.co.kr/news/pc/view/view.do?ncd=8675908&ref=A,요약,규칙기반 자동분류(제목·요약 낱말 대조)
2026-10-01,태안해안,충남 태안,탐방시설,탐방로,"태안해안국립공원, 학암포~구례포 구간 탐방로 예약제 시행",chungnamilbo.co.kr,http://www.chungnamilbo.co.kr/news/articleView.html?idxno=912694,제목,규칙기반 자동분류(제목·요약 낱말 대조)
2026-10-01,태안해안,충남 태안,재난안전,산불,"태안해안국립공원, 가을철 산불 대비 '산불진화훈련' 실시",chungnamilbo.co.kr,http://www.chungnamilbo.co.kr/news/articleView.html?idxno=912697,제목,규칙기반 자동분류(제목·요약 낱말 대조)
2026-10-01,태안해안,충남 태안,자원보전,멸종위기종,삵·표범장지뱀 서식 태안 학암포∼구례포 탐방로 예약제 시행,yna.co.kr,https://www.yna.co.kr/view/AKR20261001094300063?input=1195m,요약,규칙기반 자동분류(제목·요약 낱말 대조)
2026-10-01,태안해안,충남 태안,재난안전,산불,"태안해안국립공원, 가을철 산불 진화 훈련 실시",news.lghellovision.net,http://news.lghellovision.net/news/articleView.html?idxno=556909,제목,규칙기반 자동분류(제목·요약 낱말 대조)
2026-10-01,북한산,서울·경기,기타,미분류,"북한산서 수류탄 발견…""폭발 위험·대공 혐의 없어""",newspim.com,https://www.newspim.com/news/view/20261001000274,제목,규칙기반 자동분류(제목·요약 낱말 대조)
2026-10-01,북한산,서울·경기,재난안전,산사태·낙석,북한산서 6·25 전쟁 당시 사용 추정 수류탄 발견,munhwa.com,https://www.munhwa.com/article/11620734?ref=naver,제목,규칙기반 자동분류(제목·요약 낱말 대조)
2026-10-01,월출산,전남,기타,미분류,[영암군 소식] 국립공원도시 지방정부협의회 첫 정기회의 주재,newsfreezone.co.kr,https://www.newsfreezone.co.kr/news/articleView.html?idxno=711952,요약,규칙기반 자동분류(제목·요약 낱말 대조)
2026-10-01,월출산,전남,행정,의회·국정감사,국립공원도시 지방정부협의회 첫 정기회의 열려…우승희 협의회장 주재,pressian.com,https://www.pressian.com/pages/articles/2026100114424982737?utm_source=naver&utm_medium=search,요약,규칙기반 자동분류(제목·요약 낱말 대조)
2026-10-01,월출산,전남,행정,의회·국정감사,"영암군, '자연 보전과 상생 발굴'... 국립공원도시 협의회 주도",newsworker.co.kr,https://www.newsworker.co.kr/news/articleView.html?idxno=506780,요약,규칙기반 자동분류(제목·요약 낱말 대조)
2026-10-01,변산반도,전북 부안,구조활동,출동·대응,"부안소방서, 가을철 산악사고에 대비 내변산 일원에서 합동 훈련",domin.co.kr,http://www.domin.co.kr/news/articleView.html?idxno=1570674,요약,규칙기반 자동분류(제목·요약 낱말 대조)
2026-10-01,무등산,광주·전남,구조활동,출동·대응,무등산서 산행 중 길 잃은 10대 8명 무사 구조,kjmbc.co.kr,https://kjmbc.co.kr/NewsArticle/1539293,제목,규칙기반 자동분류(제목·요약 낱말 대조)
2026-10-01,무등산,광주·전남,자원보전,자연유산·지질,"무등산의 숨결, 예술로 익산에 닿다",sjbnews.com,https://sjbnews.com/news/news.php?number=889027,제목,규칙기반 자동분류(제목·요약 낱말 대조)
2026-10-01,무등산,광주·전남,탐방시설,해설·교육,"""엄마 없이 우리가 다 했어요!"" 청소년들 무등산 야생 체험",gjdream.com,http://www.gjdream.com/news/articleView.html?idxno=673133,제목,규칙기반 자동분류(제목·요약 낱말 대조)
2026-10-01,무등산,광주·전남,구조활동,출동·대응,무등산서 길 잃은 10대들 ‘무사 구조’,news.kbs.co.kr,https://news.kbs.co.kr/news/pc/view/view.do?ncd=8675490&ref=A,제목,규칙기반 자동분류(제목·요약 낱말 대조)
2026-10-01,무등산,광주·전남,구조활동,조난·고립,무등산서 영화 찍다가 조난…10대 8명 무사 구조,yonhapnewstv.co.kr,http://www.yonhapnewstv.co.kr/news/AKR20261001101437Vp7,제목,규칙기반 자동분류(제목·요약 낱말 대조)
2026-10-01,무등산,광주·전남,구조활동,출동·대응,“영화위해 폭포 찍다가”…무등산서 길 잃은 10대들 ‘무사 구조’,news.kbs.co.kr,https://news.kbs.co.kr/news/pc/view/view.do?ncd=8675376&ref=A,제목,규칙기반 자동분류(제목·요약 낱말 대조)
2026-10-01,태백산,강원·경북,탐방시설,편의·무장애,태백산 천제단 가는길에 박혀있는 쇠말뚝,kwnews.co.kr,https://www.kwnews.co.kr/article/20260930500983,제목,규칙기반 자동분류(제목·요약 낱말 대조)
2026-10-01,팔공산,대구·경북,자원보전,복원·방사,"재정경제부, 중앙·지방 협력으로 주택공급 속도…국유지 활용 확대",ppss.kr,https://www.ppss.kr/news/articleView.html?idxno=313564,요약,규칙기반 자동분류(제목·요약 낱말 대조)
2026-10-01,팔공산,대구·경북,행정,인사·조직,"우성진 대구 동구청장 ""관광·첨단 보건의료 거점 도약""",hidomin.com,https://www.hidomin.com/news/articleView.html?idxno=723430,요약,규칙기반 자동분류(제목·요약 낱말 대조)
2026-10-01,팔공산,대구·경북,자원보전,복원·방사,"재경부, 지방정부에 ""주택공급대책 신속 추진 협조"" 당부",kookje.co.kr,http://www.kookje.co.kr/news2011/asp/newsbody.asp?code=0200&key=20261001.99099000362,요약,규칙기반 자동분류(제목·요약 낱말 대조)
2026-10-01,팔공산,대구·경북,자원보전,복원·방사,"“초읍 동물원내 국유지, 부산에 무상양여해달라”…부산시, 재경부에 ...",busan.com,https://www.busan.com/view/busan/view.php?code=2026100115482067124,요약,규칙기반 자동분류(제목·요약 낱말 대조)
2026-10-01,팔공산,대구·경북,자원보전,복원·방사,"허장 재경부 차관, 지방정부에 주택공급 전폭적 협조 요청",view.asiae.co.kr,https://view.asiae.co.kr/article/2026100116084130633,요약,규칙기반 자동분류(제목·요약 낱말 대조)
2026-10-01,팔공산,대구·경북,행정,기타,팔공산 국유지 교환·영암경찰서 이전…국유재산 활용에 중앙·지방 맞...,nocutnews.co.kr,https://www.nocutnews.co.kr/news/6585938?utm_source=naver&utm_medium=article&utm_campaign=20261001040012,제목,규칙기반 자동분류(제목·요약 낱말 대조)
2026-10-01,팔공산,대구·경북,행정,지정·구역,"재경차관 ""부동산시장 정상화에 정책수단 총동원, 주택공급 확대""",news1.kr,https://www.news1.kr/economy/trend/6307790,요약,규칙기반 자동분류(제목·요약 낱말 대조)
2026-10-01,팔공산,대구·경북,탐방시설,해설·교육,국유재산으로 주택공급·청년창업 지원…중앙·지방 협력 논의,dailian.co.kr,https://www.dailian.co.kr/news/view/1696706/?sc=Naver,요약,규칙기반 자동분류(제목·요약 낱말 대조)
2026-10-01,팔공산,대구·경북,행정,지정·구역,"재경2차관 ""주택공급 확대에 모든 정책수단 동원""…지방정부 협조 요청",newsis.com,https://www.newsis.com/view/NISX20261001_0003810047,요약,규칙기반 자동분류(제목·요약 낱말 대조)
2026-10-01,팔공산,대구·경북,자원보전,복원·방사,"재경부 ""부동산 시장 정상화 위해 신속한 주택공급 확대 이뤄낼 것""",mt.co.kr,https://www.mt.co.kr/economy/2026/10/01/2026100113202443298,요약,규칙기반 자동분류(제목·요약 낱말 대조)
2026-10-01,팔공산,대구·경북,자원보전,복원·방사,"재경부, 중앙-지방 국유재산 협의회…주택공급 협조 요청",yna.co.kr,https://www.yna.co.kr/view/AKR20261001121600002?input=1195m,요약,규칙기반 자동분류(제목·요약 낱말 대조)
2026-10-01,팔공산,대구·경북,재난안전,산불,대구 동화사 '낙화축제' 불허에 승려·신도 반발,yna.co.kr,https://www.yna.co.kr/view/AKR20261001143900053?input=1195m,요약,규칙기반 자동분류(제목·요약 낱말 대조)
2026-10-01,금정산,부산·경남,탐방시설,축제·행사,[위클리오늘] 금정구 소식 (10.1),weeklytoday.com,http://www.weeklytoday.com/news/articleView.html?idxno=796637,요약,규칙기반 자동분류(제목·요약 낱말 대조)
2026-10-01,금정산,부산·경남,탐방시설,탐방로,"금정산국립공원, 시민 레인저 100명 모집",news.skbroadband.com,https://news.skbroadband.com/news/articleView.html?idxno=239195,제목,규칙기반 자동분류(제목·요약 낱말 대조)
2026-10-01,금정산,부산·경남,탐방시설,해설·교육,"‘온천도시’ 아시나요… 부산 동래온천지구, 전국 4번째 지정",segye.com,https://www.segye.com/newsView/20261001513823?OutUrl=naver,요약,규칙기반 자동분류(제목·요약 낱말 대조)
2026-10-01,금정산,부산·경남,행정,지정·구역,"금정산성축제, 10월 16일 부산서 개막",vegannews.co.kr,https://www.vegannews.co.kr/news/article.html?no=390051,제목,규칙기반 자동분류(제목·요약 낱말 대조)
2026-10-01,금정산,부산·경남,행정,지정·구역,"부산 동래온천지구, ‘온천도시’로 지정…전국 네 번째",busan.com,https://www.busan.com/view/busan/view.php?code=2026100112222692653,요약,규칙기반 자동분류(제목·요약 낱말 대조)
2026-10-01,금정산,부산·경남,탐방시설,축제·행사,금정산 자연·금정산성 역사 따라 걷는다…트레일워크 첫선,news1.kr,https://www.news1.kr/local/busan-gyeongnam/6307469,제목,규칙기반 자동분류(제목·요약 낱말 대조)
2026-10-01,금정산,부산·경남,행정,지정·구역,"부산 동래온천지구, 전국 4번째 ‘온천도시’로 선정…치유·관광 키운...",edaily.co.kr,https://www.edaily.co.kr/News/Read?newsId=03693286645608656&mediaCodeNo=257&utm_source=naver&utm_medium=referral&utm_campaign=news_syndication&utm_content=original_article,요약,규칙기반 자동분류(제목·요약 낱말 대조)
2026-10-01,금정산,부산·경남,행정,지정·구역,연 200만명 찾는 동래온천…전국 네 번째 ‘온천도시’ 지정,dailian.co.kr,https://www.dailian.co.kr/news/view/1696651/?sc=Naver,요약,규칙기반 자동분류(제목·요약 낱말 대조)
2026-10-01,금정산,부산·경남,행정,지정·구역,"1400년 역사 부산 동래온천, 전국 네 번째 온천도시 선정",nocutnews.co.kr,https://www.nocutnews.co.kr/news/6585672?utm_source=naver&utm_medium=article&utm_campaign=20261001120011,요약,규칙기반 자동분류(제목·요약 낱말 대조)
2026-10-01,금정산,부산·경남,탐방시설,해설·교육,"1400년 동래온천, 전국 4번째 '온천도시' 됐다",mt.co.kr,https://www.mt.co.kr/policy/2026/10/01/2026100108304239252,요약,규칙기반 자동분류(제목·요약 낱말 대조)
2026-10-01,금정산,부산·경남,행정,지정·구역,"""과연""... 대한민국 네 번째 온천도시 지정 [생각 나눔]",public25.com,https://www.public25.com/news/articleView.html?idxno=55695,요약,규칙기반 자동분류(제목·요약 낱말 대조)
2026-10-01,금정산,부산·경남,재난안전,산불,"금정문화재단, '제1회 금정산성트레일워크' 참가자 모집",newspim.com,https://www.newspim.com/news/view/20261001000266,제목,규칙기반 자동분류(제목·요약 낱말 대조)
2026-10-01,금정산,부산·경남,재난안전,산불,"금정산 국립공원 원년, 산성길 걷는 첫 트레일워크 열린다",mhns.co.kr,https://www.mhns.co.kr/news/articleView.html?idxno=762331,제목,규칙기반 자동분류(제목·요약 낱말 대조)
2026-10-01,(전체·공통),전국·공통,기타,미분류,"박정현 의원, 지자체 공공예식장 예식 매년 증가 비해 운영 부실",newstnt.com,https://www.newstnt.com/news/articleView.html?idxno=721192,해당없음,규칙기반 자동분류(제목·요약 낱말 대조)
2026-10-01,(전체·공통),전국·공통,자원보전,기타,대구환경청 청년.주민과 보호지역 활용 간담회,newsclaim.co.kr,https://www.newsclaim.co.kr/news/articleView.html?idxno=3077192,해당없음,규칙기반 자동분류(제목·요약 낱말 대조)
2026-10-01,(전체·공통),전국·공통,자원보전,자연유산·지질,"환경청, 문경돌리네습지센터 대구·경북 청년·주민·기관 보호지역 활...",dkilbo.com,https://www.dkilbo.com/news/articleView.html?idxno=556013,해당없음,규칙기반 자동분류(제목·요약 낱말 대조)
2026-10-01,(전체·공통),전국·공통,행정,법령·제도,특별사법경찰 기소율 극과극 … 법무부 95% vs 문체부 16%,mk.co.kr,https://www.mk.co.kr/article/12166387,해당없음,규칙기반 자동분류(제목·요약 낱말 대조)
2026-10-01,(전체·공통),전국·공통,기타,미분류,"[위클리오늘] 원주시, 지역 핵심 현안사업 국비 확보 위해 재정경제부와...",weeklytoday.com,http://www.weeklytoday.com/news/articleView.html?idxno=796611,해당없음,규칙기반 자동분류(제목·요약 낱말 대조)
2026-10-01,(전체·공통),전국·공통,행정,지정·구역,"한국환경산업기술원, 환경기업 9곳에 '2026 우수환경산업체' 지정서 수여...",kr.aving.net,https://kr.aving.net/news/articleView.html?idxno=1814968,해당없음,규칙기반 자동분류(제목·요약 낱말 대조)
2026-10-01,(전체·공통),전국·공통,기타,미분류,"박정현 의원 ""대전·세종·충남 공공예식장 한 곳도 없어""",newsis.com,https://www.newsis.com/view/NISX20261001_0003810750,해당없음,규칙기반 자동분류(제목·요약 낱말 대조)
2026-10-01,(전체·공통),전국·공통,기타,미분류,"원주시·국립공원공단, 지역 우수인재 45명에 장학금 전달",shinailbo.co.kr,https://www.shinailbo.co.kr/news/articleView.html?idxno=5067851,해당없음,규칙기반 자동분류(제목·요약 낱말 대조)
2026-10-01,(전체·공통),전국·공통,행정,기타,"대구환경청, 청년·주민과 보호지역 지속가능한 활용 모색",kbsm.net,https://www.kbsm.net/news/view.php?idx=536266,해당없음,규칙기반 자동분류(제목·요약 낱말 대조)
2026-10-01,(전체·공통),전국·공통,기타,미분류,"국립공원공단, 원주 우수학생 45명에게 장학금 1억 후원",news1.kr,https://www.news1.kr/local/kangwon/6307461,해당없음,규칙기반 자동분류(제목·요약 낱말 대조)
2026-10-01,(전체·공통),전국·공통,기타,미분류,"원주시와 국립공원공단, 지역 인재에 1억500만원 장학금 지원 열기",gokorea.kr,https://www.gokorea.kr/news/articleView.html?idxno=880120,해당없음,규칙기반 자동분류(제목·요약 낱말 대조)
2026-10-01,(전체·공통),전국·공통,기타,미분류,[포토뉴스]국립공원공단과 함께하는 원주시 우수인재 장학증서 수여식,kwnews.co.kr,https://www.kwnews.co.kr/article/20261001500188,해당없음,규칙기반 자동분류(제목·요약 낱말 대조)
2026-10-01,(전체·공통),전국·공통,기타,미분류,"원주시·국립공원공단, 지역 우수인재 45명에 장학금",yna.co.kr,https://www.yna.co.kr/view/AKR20261001053100062?input=1195m,해당없음,규칙기반 자동분류(제목·요약 낱말 대조)
2026-10-01,(전체·공통),전국·공통,기타,미분류,"원주시-국립공원공단, 학생 45명에 1억 500만원 '장학금 전달'",gukjenews.com,https://www.gukjenews.com/news/articleView.html?idxno=3710068,해당없음,규칙기반 자동분류(제목·요약 낱말 대조)
2026-10-01,(전체·공통),전국·공통,자원보전,자연유산·지질,"대구지방환경청, 문경돌리네습지서 보호지역 활용방안 논의",metroseoul.co.kr,http://www.metroseoul.co.kr/article/20260930500551,해당없음,규칙기반 자동분류(제목·요약 낱말 대조)
2026-10-01,(전체·공통),전국·공통,기타,미분류,"원주시, 우수인재 45명에 장학금 1억500만원 전달",enewstoday.co.kr,http://www.enewstoday.co.kr/news/articleView.html?idxno=2475917,해당없음,규칙기반 자동분류(제목·요약 낱말 대조)
2026-10-01,(전체·공통),전국·공통,기타,미분류,"원주시·국립공원공단, 지역인재 45명에 1억500만원 장학금",sentv.co.kr,https://www.sentv.co.kr/article/view/sentv202610010004,해당없음,규칙기반 자동분류(제목·요약 낱말 대조)
2026-10-01,(전체·공통),전국·공통,기타,미분류,"원주시, 국립공원공단과 우수인재 45명 장학금 지원",sportsseoul.com,https://www.sportsseoul.com/news/read/1638695?ref=naver,해당없음,규칙기반 자동분류(제목·요약 낱말 대조)
2026-10-01,(전체·공통),전국·공통,행정,협약·협력,[포토뉴스]국가지질공원사무국·국립평창청소년수련원 MOU,kwnews.co.kr,https://www.kwnews.co.kr/article/20260930500896,해당없음,규칙기반 자동분류(제목·요약 낱말 대조)
2026-10-01,(전체·공통),전국·공통,자원보전,복원·방사,기후부 출범 1년…에너지 대전환 속 총량 확대는 미흡,mediapen.com,https://www.mediapen.com/news/view/1127326,해당없음,규칙기반 자동분류(제목·요약 낱말 대조)
2026-10-01,(전체·공통),전국·공통,행정,법령·제도,"김성환 ""2040년 탈석탄·원전 적절히 활용""…기후부 출범 1년",newsis.com,https://www.newsis.com/view/NISX20261001_0003810354,해당없음,규칙기반 자동분류(제목·요약 낱말 대조)
2026-10-01,(전체·공통),전국·공통,행정,법령·제도,"기후에너지환경부 출범 1년…""기후대응·에너지 전환 '원팀' 가속화""",mt.co.kr,https://www.mt.co.kr/economy/2026/10/01/2026100114095340271,해당없음,규칙기반 자동분류(제목·요약 낱말 대조)
2026-10-01,(전체·공통),전국·공통,탐방시설,케이블카·삭도,‘전국 환경 비상시국 회의’ 개최… “개발 폭주 중단·검증 촉구”,ekn.kr,https://www.ekn.kr/web/view.php?key=20261001020121171,해당없음,규칙기반 자동분류(제목·요약 낱말 대조)
2026-10-01,(전체·공통),전국·공통,행정,예산·재정,제8회 대한민국 동물복지대상 공모 시작..11월 8일 마감,dailyvet.co.kr,https://www.dailyvet.co.kr/news/animalwelfare/298920,해당없음,규칙기반 자동분류(제목·요약 낱말 대조)
2026-10-01,(전체·공통),전국·공통,자원보전,조류,"해남군 자원순환복합센터, 세계 철새의 날 맞아 10일 표본 생태교육 연...",newsworker.co.kr,https://www.newsworker.co.kr/news/articleView.html?idxno=506885,해당없음,규칙기반 자동분류(제목·요약 낱말 대조)
2026-10-01,(전체·공통),전국·공통,자원보전,조류,"해남군, 철새 표본 관찰·자원순환 체험 프로그램 운영",m-i.kr,https://www.m-i.kr/news/articleView.html?idxno=2002014,해당없음,규칙기반 자동분류(제목·요약 낱말 대조)
2026-10-01,(전체·공통),전국·공통,자원보전,조류,"해남군자원순환복합센터, 세계 철새의 날 기념 10일 특별 프로그램 진행",pressian.com,https://www.pressian.com/pages/articles/2026100115153056077?utm_source=naver&utm_medium=search,해당없음,규칙기반 자동분류(제목·요약 낱말 대조)
2026-09-30,한려해상,경남·전남,기타,미분류,"가을 남해, 아름다운 자연과 문화가 어우러진 가볼 만한 곳",joongangenews.com,https://www.joongangenews.com/news/articleView.html?idxno=551405,요약,규칙기반 자동분류(제목·요약 낱말 대조)
2026-09-30,설악산,강원,탐방시설,기타,800년 만에 공개된 '비밀의 성'.. 설악산 한계산성 탐방길 열렸다,mbceg.co.kr,https://www.mbceg.co.kr/post/140610,제목,규칙기반 자동분류(제목·요약 낱말 대조)
2026-09-30,설악산,강원,탐방시설,기타,[리포트] 800년 만에 공개된 '비밀의 성'.. 한계산성 탐방길 열렸다,chmbc.co.kr,https://chmbc.co.kr/article/-LzHUIhqZt2Y9e,요약,규칙기반 자동분류(제목·요약 낱말 대조)
2026-09-30,설악산,강원,기타,미분류,[포토뉴스]설악산 봉정암의 단풍,kwnews.co.kr,https://www.kwnews.co.kr/article/20260930500287,제목,규칙기반 자동분류(제목·요약 낱말 대조)
2026-09-30,설악산,강원,기타,미분류,[포토] 단풍 물드는 설악산,kmib.co.kr,https://www.kmib.co.kr/article/view.asp?arcid=9000018710&cp=nv,제목,규칙기반 자동분류(제목·요약 낱말 대조)
2026-09-30,설악산,강원,탐방시설,케이블카·삭도,‘수십년 노다지’ 케이블카 독점 허물 재허가법 시행됐지만…기존 사...,hani.co.kr,https://www.hani.co.kr/arti/society/environment/1280213.html,요약,규칙기반 자동분류(제목·요약 낱말 대조)
2026-09-30,설악산,강원,기타,미분류,[모멘트] 가을옷 갈아입는 설악산,yna.co.kr,https://www.yna.co.kr/view/PYH20260930285800013?input=1196m,제목,규칙기반 자동분류(제목·요약 낱말 대조)
2026-09-30,설악산,강원,탐방시설,탐방로,2026 단풍 절정 10월 하순…설악산 20일·속리산 28일,vegannews.co.kr,https://www.vegannews.co.kr/news/article.html?no=389701,제목,규칙기반 자동분류(제목·요약 낱말 대조)
2026-09-30,설악산,강원,기타,미분류,"'가을 대청에 취하네' 단풍 입은 설악산 고지대, 등산객 유혹",yna.co.kr,https://www.yna.co.kr/view/AKR20260930140600062?input=1195m,제목,규칙기반 자동분류(제목·요약 낱말 대조)
2026-09-30,설악산,강원,기타,미분류,가을 색으로 물드는 설악산,yna.co.kr,https://www.yna.co.kr/view/PYH20260930223700062?input=1196m,제목,규칙기반 자동분류(제목·요약 낱말 대조)
2026-09-30,설악산,강원,기타,미분류,단풍 물드는 설악산,yna.co.kr,https://www.yna.co.kr/view/PYH20260930214100062?input=1196m,제목,규칙기반 자동분류(제목·요약 낱말 대조)
2026-09-30,설악산,강원,기타,미분류,가을옷 갈아입는 설악산,yna.co.kr,https://www.yna.co.kr/view/PYH20260930210100062?input=1196m,제목,규칙기반 자동분류(제목·요약 낱말 대조)
2026-09-30,설악산,강원,기타,미분류,[포토타임] 10월 첫날 아침 7도까지 ‘뚝’…찬바람에 체감온도 더 낮아,joongang.co.kr,https://www.joongang.co.kr/article/25466002,요약,규칙기반 자동분류(제목·요약 낱말 대조)
2026-09-30,설악산,강원,탐방시설,예약제·개방,"단풍철 국립공원 예약 전쟁, 벌써 마감 임박",gokorea.kr,https://www.gokorea.kr/news/articleView.html?idxno=879986,요약,규칙기반 자동분류(제목·요약 낱말 대조)
2026-09-30,설악산,강원,탐방시설,탐방로,"[기자수첩]2026년 국립공원, 왜 2019년 위험지도를 들고 있나",sentv.co.kr,https://www.sentv.co.kr/article/view/sentv202609300013,요약,규칙기반 자동분류(제목·요약 낱말 대조)
2026-09-30,설악산,강원,탐방시설,기타,단풍철 불법주차 ‘꼼짝마’…설악산 특별교통대책 가동,seoul.co.kr,https://www.seoul.co.kr/news/society/2026/09/30/20260930500136?wlog_tag3=naver,제목,규칙기반 자동분류(제목·요약 낱말 대조)
2026-09-30,설악산,강원,탐방시설,예약제·개방,"인제군, 한계산성 탐방로 다음 달부터 개방",g1tv.co.kr,https://www.g1tv.co.kr/news?mid=1_207_3&newsid=349121,요약,규칙기반 자동분류(제목·요약 낱말 대조)
2026-09-30,설악산,강원,탐방시설,탐방로,대몽항쟁 유적 인제 '한계산성' 10월 1일 탐방로 개통,cnbnews.com,https://www.cnbnews.com/news/articleView.html?idxno=1017531,요약,규칙기반 자동분류(제목·요약 낱말 대조)
2026-09-30,설악산,강원,탐방시설,탐방로,인제 '한계산성' 탐방로 개통.. 2일부터 시범운영,chmbc.co.kr,https://chmbc.co.kr/article/gRpvP9B3Kzg12tjEJm6C,요약,규칙기반 자동분류(제목·요약 낱말 대조)
2026-09-30,설악산,강원,탐방시설,탐방로,인제 한계산성 탐방로 50년 만에 열린다,kado.net,https://www.kado.net/news/articleView.html?idxno=2075489,요약,규칙기반 자동분류(제목·요약 낱말 대조)
2026-09-30,한라산,제주,기타,미분류,"""중국어로 말하는 아이가 놀이기구 대기줄에서 소변"" 논란",inews24.com,http://www.inews24.com/view/2010497,요약,규칙기반 자동분류(제목·요약 낱말 대조)
2026-09-30,한라산,제주,기타,미분류,"놀이기구 대기줄서 노상방뇨…""중국말 해"" 아이 돌발행동에 '깜짝'",mt.co.kr,https://www.mt.co.kr/society/2026/09/30/2026093010115074214,요약,규칙기반 자동분류(제목·요약 낱말 대조)
2026-09-30,설악산,강원,재난안전,산불,국립공원 산불감시CCTV 산불 3건 중 2건 포착 못해,newsclaim.co.kr,https://www.newsclaim.co.kr/news/articleView.html?idxno=3076916,요약,규칙기반 자동분류(제목·요약 낱말 대조)
2026-09-30,설악산,강원,재난안전,산불,국립공원 산불감시 CCTV 포착률 32%... 설악산·오대산 국립공원은 다 놓...,safetynews.co.kr,https://www.safetynews.co.kr/news/articleView.html?idxno=250788,제목,규칙기반 자동분류(제목·요약 낱말 대조)
2026-09-30,설악산,강원,재난안전,산불,국립공원 산불감시 CCTV '먹통'…산불 70% 놓쳤다,newspim.com,https://www.newspim.com/news/view/20260930000580,요약,규칙기반 자동분류(제목·요약 낱말 대조)
2026-09-30,설악산,강원,재난안전,산불,"[2026 국감] 국립공원 산불감시 CCTV, 10건 중 7건은 놓쳤다",shinailbo.co.kr,https://www.shinailbo.co.kr/news/articleView.html?idxno=5067253,요약,규칙기반 자동분류(제목·요약 낱말 대조)
2026-09-30,설악산,강원,재난안전,산불,국립공원 산불감시 CCTV ‘먹통 감시’… 10건 중 7건 놓쳤다,viva100.com,https://www.viva100.com/article/20260930500197,요약,규칙기반 자동분류(제목·요약 낱말 대조)
2026-09-30,설악산,강원,재난안전,산불,"국립공원 산불 3건 중 2건, CCTV가 못 잡았다…224대 중 100대 ‘노후’",sentv.co.kr,https://www.sentv.co.kr/article/view/sentv202609300028,요약,규칙기반 자동분류(제목·요약 낱말 대조)
2026-09-30,오대산,강원,재난안전,산불,[국민의 기업] 자연은 지키고 탐방은 편리하게 … AI로 더 똑똑해진 현...,joongang.co.kr,https://www.joongang.co.kr/article/25465886,요약,규칙기반 자동분류(제목·요약 낱말 대조)
2026-09-30,주왕산,경북,탐방시설,편의·무장애,[산소카페 청송의 맛⑬] 힐링푸드 사업단,yeongnam.com,https://www.yeongnam.com/web/view.php?key=20260929022011149,요약,규칙기반 자동분류(제목·요약 낱말 대조)
2026-09-30,북한산,서울·경기,재난안전,산사태·낙석,북한산서 ‘6·25 때’ 수류탄 나왔다…폭발 위험·대공 혐의 없어,segye.com,https://www.segye.com/newsView/20260930519094?OutUrl=naver,제목,규칙기반 자동분류(제목·요약 낱말 대조)
2026-09-30,북한산,서울·경기,기타,미분류,북한산서 수류탄 1개 발견…“6·25 당시 사용 추정”,seoul.co.kr,https://www.seoul.co.kr/news/society/accident/2026/09/30/20260930500257?wlog_tag3=naver,제목,규칙기반 자동분류(제목·요약 낱말 대조)
2026-09-30,북한산,서울·경기,재난안전,산사태·낙석,"북한산서 발견된 수류탄…""폭발 위험·대공 혐의점 없어""",edaily.co.kr,https://www.edaily.co.kr/News/Read?newsId=04969206645585368&mediaCodeNo=257&utm_source=naver&utm_medium=referral&utm_campaign=news_syndication&utm_content=original_article,제목,규칙기반 자동분류(제목·요약 낱말 대조)
2026-09-30,북한산,서울·경기,재난안전,산사태·낙석,북한산 일대서 ‘6·25 당시 수류탄’ 발견…폭발 위험 없어,news.kbs.co.kr,https://news.kbs.co.kr/news/pc/view/view.do?ncd=8674696&ref=A,제목,규칙기반 자동분류(제목·요약 낱말 대조)
2026-09-30,북한산,서울·경기,재난안전,산사태·낙석,"북한산서 수류탄 나와…6·25때 사용 추정, 대공혐의점 없어",news.jtbc.co.kr,https://news.jtbc.co.kr/article/NB12320747?influxDiv=NAVER,제목,규칙기반 자동분류(제목·요약 낱말 대조)
2026-09-30,북한산,서울·경기,기타,미분류,북한산서 6·25 당시 수류탄 발견…폭발 위험·대공 혐의점 없어,news1.kr,https://www.news1.kr/society/incident-accident/6306464,제목,규칙기반 자동분류(제목·요약 낱말 대조)
2026-09-30,북한산,서울·경기,재난안전,산사태·낙석,북한산서 '6·25 당시 수류탄' 발견…폭발 위험·대공 혐의 없어,newsis.com,https://www.newsis.com/view/NISX20260930_0003809218,제목,규칙기반 자동분류(제목·요약 낱말 대조)
2026-09-30,북한산,서울·경기,재난안전,산사태·낙석,북한산서 6·25 당시 사용 추정 수류탄 발견‥대공혐의점 없어,imnews.imbc.com,https://imnews.imbc.com/news/2026/society/article/6854982_36918.html,제목,규칙기반 자동분류(제목·요약 낱말 대조)
2026-09-30,북한산,서울·경기,재난안전,산사태·낙석,"[단독] 북한산국립공원서 수류탄 발견…""대공혐의점 없어""",news.sbs.co.kr,https://news.sbs.co.kr/news/endPage.do?news_id=N1008776856&plink=ORI&cooper=NAVER,제목,규칙기반 자동분류(제목·요약 낱말 대조)
2026-09-30,북한산,서울·경기,기타,미분류,[헬로 지역칼럼] 도봉산과 공소청,news.lghellovision.net,http://news.lghellovision.net/news/articleView.html?idxno=556668,요약,규칙기반 자동분류(제목·요약 낱말 대조)
2026-09-30,북한산,서울·경기,탐방시설,예약제·개방,구파발역 복합개발 ‘플라이크 은평’…연말 호텔 개장 앞둬,theviewers.co.kr,https://theviewers.co.kr/View.aspx?No=4246250,요약,규칙기반 자동분류(제목·요약 낱말 대조)
2026-09-30,치악산,강원 원주,탐방시설,탐방객 동향,치악산국립공원 가을성수기 무료 순환버스 운영,kado.net,https://www.kado.net/news/articleView.html?idxno=2075682,제목,규칙기반 자동분류(제목·요약 낱말 대조)
2026-09-30,치악산,강원 원주,재난안전,예방·훈련,"치악산국립공원, 가을 성수기 무료 순환버스 운행",newspim.com,https://www.newspim.com/news/view/20260930001156,제목,규칙기반 자동분류(제목·요약 낱말 대조)
2026-09-30,소백산,충북·경북,구조활동,실종·수색,"영주경찰, 실종자 '골든타임' 지킨다…지역 수색 공조망 강화",kyongbuk.co.kr,https://www.kyongbuk.co.kr/news/articleView.html?idxno=4085812,요약,규칙기반 자동분류(제목·요약 낱말 대조)
2026-09-30,소백산,충북·경북,구조활동,실종·수색,"영주경찰, 실종자 조기 발견 '지역치안 협력 간담회'",kbsm.net,https://www.kbsm.net/news/view.php?idx=536038,요약,규칙기반 자동분류(제목·요약 낱말 대조)
2026-09-30,소백산,충북·경북,기타,미분류,"무량수전에서 맞은 해를, 극락전에서 배웅하다 [山文기행]",san.chosun.com,http://san.chosun.com/news/articleView.html?idxno=26145,요약,규칙기반 자동분류(제목·요약 낱말 대조)
2026-09-30,내장산,전북·전남,구조활동,출동·대응,"국립공원공단 서부본부, 대형 산불 대비 관계기관 합동훈련 실시",mt.co.kr,https://www.mt.co.kr/policy/2026/09/30/2026093009011483431,요약,규칙기반 자동분류(제목·요약 낱말 대조)
2026-09-30,무등산,광주·전남,탐방시설,축제·행사,"동구자원봉사센터, 충장축제 성공 개최 힘 보탠다",namdonews.com,https://www.namdonews.com/news/articleView.html?idxno=924832,요약,규칙기반 자동분류(제목·요약 낱말 대조)
2026-09-30,무등산,광주·전남,행정,협약·협력,"""무등산이 전시장으로 들어온다""…ACC서 사진·자연의 소리로 만나는 무...",jnilbo.com,https://www.jnilbo.com/news/articleView.html?idxno=90000069731,제목,규칙기반 자동분류(제목·요약 낱말 대조)
2026-09-30,무등산,광주·전남,행정,협약·협력,"무등산국립공원-국립아시아문화전당, 지역 관광 활성화와 문화예술진흥...",mt.co.kr,https://www.mt.co.kr/policy/2026/09/30/2026093011015288997,제목,규칙기반 자동분류(제목·요약 낱말 대조)
2026-09-30,무등산,광주·전남,기타,미분류,ACC·무등산국립공원 손잡았다…문화예술·자연 결합 관광콘텐츠 개발,m-i.kr,https://www.m-i.kr/news/articleView.html?idxno=2000882,제목,규칙기반 자동분류(제목·요약 낱말 대조)
2026-09-30,금정산,부산·경남,행정,지정·구역,[중앙로365] '부캉이'가 일깨운 부산 관광의 현실,busan.com,https://www.busan.com/view/busan/view.php?code=2026093017483770345,요약,규칙기반 자동분류(제목·요약 낱말 대조)
2026-09-30,금정산,부산·경남,탐방시설,해설·교육,"[부산소식]진구, 칼 빼들었다…초과근무수당 부정수령 등",newsis.com,https://www.newsis.com/view/NISX20260930_0003808771,요약,규칙기반 자동분류(제목·요약 낱말 대조)
2026-09-30,(전체·공통),전국·공통,자원보전,기타,[패트롤]대구시의회-경산시-영남대-대구시교육청-대구환경청,ekn.kr,https://www.ekn.kr/web/view.php?key=20260930024220760,해당없음,규칙기반 자동분류(제목·요약 낱말 대조)
2026-09-30,(전체·공통),전국·공통,행정,협약·협력,"국가지질공원사무국, '청소년 교육 활성화' 업무 협약",newspim.com,https://www.newspim.com/news/view/20260930001162,해당없음,규칙기반 자동분류(제목·요약 낱말 대조)
2026-09-30,(전체·공통),전국·공통,기타,미분류,"태안해경, '제26회 국제연안정화의 날' 맞아 민․관 합동 연안정화 실시",chungnamilbo.co.kr,http://www.chungnamilbo.co.kr/news/articleView.html?idxno=912432,해당없음,규칙기반 자동분류(제목·요약 낱말 대조)
2026-09-30,(전체·공통),전국·공통,자원보전,조류,기후환경분야 국정감사 내달 6일부터 시작,ikld.kr,http://www.ikld.kr/news/articleView.html?idxno=341521,해당없음,규칙기반 자동분류(제목·요약 낱말 대조)
2026-09-30,(전체·공통),전국·공통,행정,인사·조직,[정책브리핑] 2026년 09월 30일 수요일 주요 정책,sisunnews.co.kr,http://www.sisunnews.co.kr/news/articleView.html?idxno=246837,해당없음,규칙기반 자동분류(제목·요약 낱말 대조)
2026-09-30,(전체·공통),전국·공통,행정,의회·국정감사,도교육청·강원대 포함 도내 10여개 기관 국감,kado.net,https://www.kado.net/news/articleView.html?idxno=2075560,해당없음,규칙기반 자동분류(제목·요약 낱말 대조)
2026-09-30,(전체·공통),전국·공통,자원보전,식생·개화,"""자연 소리 들으러 왔는데 트로트?""…단풍철 등산로 '스피커족'에 한숨",newsis.com,https://www.newsis.com/view/NISX20260928_0003805459,해당없음,규칙기반 자동분류(제목·요약 낱말 대조)
2026-09-30,(전체·공통),전국·공통,행정,연구·용역,"오는 길은 쿠팡, 가는 길은 방산",smedaily.co.kr,http://www.smedaily.co.kr/news/articleView.html?idxno=363753,해당없음,규칙기반 자동분류(제목·요약 낱말 대조)
2026-09-30,(전체·공통),전국·공통,행정,기타,"문화의 씨앗 뿌린 4년, 다시 청주를 꿈꾼다",ccreview.co.kr,https://www.ccreview.co.kr/news/articleView.html?idxno=358773,해당없음,규칙기반 자동분류(제목·요약 낱말 대조)
2026-09-30,(전체·공통),전국·공통,자원보전,멸종위기종,"""진짜 공룡 같다"" ""물리면 사망""... 한국선 한 번도 못 봤던 동물 첫 공...",wikitree.co.kr,https://www.wikitree.co.kr/articles/1163004,해당없음,규칙기반 자동분류(제목·요약 낱말 대조)
2026-09-30,(전체·공통),전국·공통,구조활동,기타,[똑똑한유통] 삼립 IR서 글로벌 확장 로드맵 발표·아워홈 영양사 공채...,ekn.kr,https://www.ekn.kr/web/view.php?key=20260930025000419,해당없음,규칙기반 자동분류(제목·요약 낱말 대조)
2026-09-30,(전체·공통),전국·공통,구조활동,출동·대응,리아우서 수마트라 코끼리 새끼 탄생…어미 '리사' 곁에서 첫걸음,gukjenews.com,https://www.gukjenews.com/news/articleView.html?idxno=3708850,해당없음,규칙기반 자동분류(제목·요약 낱말 대조)
2026-09-30,(전체·공통),전국·공통,행정,기타,AI 기반 미 정부 통합 디지털 창구 'America.gov' 출범,newspim.com,https://www.newspim.com/news/view/20260930000018,해당없음,규칙기반 자동분류(제목·요약 낱말 대조)
2026-09-29,지리산,전남·전북·경남,탐방시설,해설·교육,"국립공원 '명품 탐방 해설' 22개, 다음 달 무료 운영",yna.co.kr,https://www.yna.co.kr/view/AKR20260929041400530?input=1195m,요약,규칙기반 자동분류(제목·요약 낱말 대조)
2026-09-29,한려해상,경남·전남,탐방시설,야영장·대피소,상괭이 탐사부터 숲속 명상까지···'명품 탐방해설 22선' 무료,thereport.co.kr,https://www.thereport.co.kr/news/articleView.html?idxno=91844,요약,규칙기반 자동분류(제목·요약 낱말 대조)
2026-09-29,한려해상,경남·전남,재난안전,예방·훈련,"사천해경, 민·관 합동 해안방제훈련",newsgn.com,https://www.newsgn.com/news/articleView.html?idxno=576711,요약,규칙기반 자동분류(제목·요약 낱말 대조)
2026-09-29,한려해상,경남·전남,탐방시설,야영장·대피소,"[경남 브리핑 모음(9월29일)] 진주시, ‘진주건축문화제’ 개최…도시·...",dnews.co.kr,https://www.dnews.co.kr/uhtml/view.jsp?idxno=202609281835102690633,요약,규칙기반 자동분류(제목·요약 낱말 대조)
2026-09-29,설악산,강원,탐방시설,탐방로,"4000만명 찾는 국립공원, 탐방로 5곳 중 1곳 '경계·위험'",seoulfn.com,https://www.seoulfn.com/news/articleView.html?idxno=638963,요약,규칙기반 자동분류(제목·요약 낱말 대조)
2026-09-29,설악산,강원,탐방시설,탐방로,인제 한계산성 탐방로 1일 개통…천년 역사 국민 품으로,pressian.com,https://www.pressian.com/pages/articles/2026092918394832293?utm_source=naver&utm_medium=search,요약,규칙기반 자동분류(제목·요약 낱말 대조)
2026-09-29,설악산,강원,자원보전,자연유산·지질,백두대간 '보호지역'에서 무슨 일이... 고통에 찬 아우성,ohmynews.com,https://www.ohmynews.com/NWS_Web/View/at_pg.aspx?CNTN_CD=A0003268951&CMPT_CD=P0010&utm_source=naver&utm_medium=newsearch&utm_campaign=naver_news,요약,규칙기반 자동분류(제목·요약 낱말 대조)
2026-09-29,설악산,강원,탐방시설,탐방로,"50년 막혔던 한계산성 열린다…인제군, 10월 1일 탐방로 개통",news.tf.co.kr,https://news.tf.co.kr/read/national/2370890.htm,요약,규칙기반 자동분류(제목·요약 낱말 대조)
2026-09-29,설악산,강원,탐방시설,탐방로,"[위클리오늘] 인제 한계산성, 50년 만에 국민 품으로…10월 1일 탐방로 ...",weeklytoday.com,http://www.weeklytoday.com/news/articleView.html?idxno=796195,요약,규칙기반 자동분류(제목·요약 낱말 대조)
2026-09-29,설악산,강원,탐방시설,편의·무장애,인제군 한계산성 탐방로 10월 1일 개통⋯ 천년 역사 국민 품으로,kwnews.co.kr,https://www.kwnews.co.kr/article/20260929500281,요약,규칙기반 자동분류(제목·요약 낱말 대조)
2026-09-29,설악산,강원,탐방시설,탐방로,"50년 닫혔던 '난공불락' 한계산성, 마침내 열린다",kukinews.com,https://www.kukinews.com/article/view/kuk202609290077,요약,규칙기반 자동분류(제목·요약 낱말 대조)
2026-09-29,설악산,강원,행정,협약·협력,50년 만에 열린 대몽항쟁 유산 '천년 산성'…인제 한계산성 탐방로 개통,news1.kr,https://www.news1.kr/local/kangwon/6304378,요약,규칙기반 자동분류(제목·요약 낱말 대조)
2026-09-29,설악산,강원,탐방시설,탐방로,잊혀온 대몽항전 '승전지' 인제 한계산성 10월 개통,enewstoday.co.kr,http://www.enewstoday.co.kr/news/articleView.html?idxno=2474994,요약,규칙기반 자동분류(제목·요약 낱말 대조)
2026-09-29,설악산,강원,탐방시설,탐방로,대몽항쟁 유적 ‘인제 한계산성’ 탐방로 10월 1일 개통,khan.co.kr,https://www.khan.co.kr/article/202609291053011,요약,규칙기반 자동분류(제목·요약 낱말 대조)
2026-09-29,설악산,강원,탐방시설,탐방로,50년만에 '대몽항쟁 유적' 열린다…인제 한계산성 탐방로 개통,asiatoday.co.kr,https://www.asiatoday.co.kr/kn/view.php?key=20260929010010036,요약,규칙기반 자동분류(제목·요약 낱말 대조)
2026-09-29,설악산,강원,탐방시설,탐방로,"‘난공불락의 산성, 천년의 기억을 열다’ 인제군, 10월 1일 ‘한계산성...",sportsseoul.com,https://www.sportsseoul.com/news/read/1638191?ref=naver,요약,규칙기반 자동분류(제목·요약 낱말 대조)
2026-09-29,설악산,강원,탐방시설,탐방로,50년 만에 열린 '대몽항쟁 유적'…인제 한계산성 탐방로 개통,yna.co.kr,https://www.yna.co.kr/view/AKR20260929054000062?input=1195m,요약,규칙기반 자동분류(제목·요약 낱말 대조)
2026-09-29,설악산,강원,자원보전,식생·개화,"인제에서 만나는 자연 속 휴식, 고요한 숲길 가볼 만한 곳",topstarnews.net,https://www.topstarnews.net/news/articleView.html?idxno=16227876,요약,규칙기반 자동분류(제목·요약 낱말 대조)
2026-09-29,가야산,경북·경남,행정,지정·구역,성주군 '무주~성주~대구 고속도로' 예타 통과 총력,cnbnews.com,https://www.cnbnews.com/news/articleView.html?idxno=1017392,요약,규칙기반 자동분류(제목·요약 낱말 대조)
2026-09-29,주왕산,경북,탐방시설,기타,"주왕산국립공원, 87년 전 제작 '주왕산 안내기' 전시 시작",dkilbo.com,https://www.dkilbo.com/news/articleView.html?idxno=555762,제목,규칙기반 자동분류(제목·요약 낱말 대조)
2026-09-29,주왕산,경북,탐방시설,기타,87년 전 주왕산은 어땠을까…옛 안내기 첫 공개,kyongbuk.co.kr,https://www.kyongbuk.co.kr/news/articleView.html?idxno=4085738,제목,규칙기반 자동분류(제목·요약 낱말 대조)
2026-09-29,주왕산,경북,탐방시설,기타,87년 전 주왕산은 어떤 모습이었을까…'주왕산 안내기' 공개,imaeil.com,https://www.imaeil.com/page/view/2026092913563575807,제목,규칙기반 자동분류(제목·요약 낱말 대조)
2026-09-29,주왕산,경북,탐방시설,기타,87년 전의 기록물로 만나는 주왕산..'주왕산 안내기' 특별전시 개최,news.bbsi.co.kr,https://news.bbsi.co.kr/news/articleView.html?idxno=4109133,제목,규칙기반 자동분류(제목·요약 낱말 대조)
2026-09-29,주왕산,경북,탐방시설,기타,"주왕산국립공원, 87년전 제작 '주왕산 기록물' 연말까지 전시",sidae.com,https://www.sidae.com/article/2026092913295350609,제목,규칙기반 자동분류(제목·요약 낱말 대조)
2026-09-29,주왕산,경북,행정,인사·조직,87년 전 주왕산을 만나다…옛 안내기 특별전,kbmaeil.com,https://www.kbmaeil.com/article/20260929500282,제목,규칙기반 자동분류(제목·요약 낱말 대조)
2026-09-29,주왕산,경북,탐방시설,기타,87년 전 주왕산은 어땠을까?…1939년 옛 지도·그림 공개,newsis.com,https://www.newsis.com/view/NISX20260929_0003806741,제목,규칙기반 자동분류(제목·요약 낱말 대조)
2026-09-29,다도해해상,전남,자원보전,식생·개화,[포토&뉴스] 다도해상국립공원 '완도술꽃나무' 서식지 확인,womentimes.co.kr,https://www.womentimes.co.kr/news/articleView.html?idxno=106551,요약,규칙기반 자동분류(제목·요약 낱말 대조)
2026-09-29,북한산,서울·경기,구조활동,출동·대응,"양주소방서, 북한산 오봉 일대서 합동 구조훈련…산악사고 대비 역량 강...",gukjenews.com,https://www.gukjenews.com/news/articleView.html?idxno=3708360,제목,규칙기반 자동분류(제목·요약 낱말 대조)
2026-09-29,북한산,서울·경기,구조활동,출동·대응,"양주소방서, 관계기관 합동 산악사고 대비 특별구조훈련",fpn119.co.kr,http://fpn119.co.kr/257307,요약,규칙기반 자동분류(제목·요약 낱말 대조)
2026-09-29,소백산,충북·경북,구조활동,실종·수색,"영주경찰서, 실종사건 신속 대응 위한 지역치안 협력 간담회 개최",dkilbo.com,https://www.dkilbo.com/news/articleView.html?idxno=555777,요약,규칙기반 자동분류(제목·요약 낱말 대조)
2026-09-29,소백산,충북·경북,기타,미분류,"여행비 절반 돌려줍니다… 올가을 국내여행, 여기 가면 돈 번다",wikitree.co.kr,https://www.wikitree.co.kr/articles/1162614,요약,규칙기반 자동분류(제목·요약 낱말 대조)
2026-09-29,소백산,충북·경북,기타,미분류,"""여행 가면 최대 50만원 돌려준다""…올가을 '돈 버는 여행지' 어디",news1.kr,https://www.news1.kr/industry/hotel-tourism/6303543,요약,규칙기반 자동분류(제목·요약 낱말 대조)
2026-09-29,무등산,광주·전남,구조활동,출동·대응,"국립공원공단, 무등산 원효사지구서 산불 대응훈련",news1.kr,https://www.news1.kr/local/gwangju-jeonnam/6304924,제목,규칙기반 자동분류(제목·요약 낱말 대조)
2026-09-29,변산반도,전북 부안,자원보전,멸종위기종,"[현장] ""사라지는 데 1년, 복원엔 10년""…멸종위기 부안종개 방류",yna.co.kr,https://www.yna.co.kr/view/AKR20260929154400055?input=1195m,요약,규칙기반 자동분류(제목·요약 낱말 대조)
2026-09-29,변산반도,전북 부안,자원보전,멸종위기종,부안종개 방류하는 국립공원사무소 직원들,yna.co.kr,https://www.yna.co.kr/view/PYH20260929216700055?input=1196m,요약,규칙기반 자동분류(제목·요약 낱말 대조)
2026-09-29,변산반도,전북 부안,자원보전,멸종위기종,부안군 노적천에 방류되는 부안종개,yna.co.kr,https://www.yna.co.kr/view/PYH20260929216800055?input=1196m,요약,규칙기반 자동분류(제목·요약 낱말 대조)
2026-09-29,한려해상,경남·전남,탐방시설,해설·교육,"""상괭이부터 숲속 명상까지""… 국립공원 '탐방해설 22선' 무료 운영",womentimes.co.kr,https://www.womentimes.co.kr/news/articleView.html?idxno=106572,요약,규칙기반 자동분류(제목·요약 낱말 대조)
2026-09-29,한려해상,경남·전남,탐방시설,해설·교육,상괭이 찾고 별 보고 숲에서 명상…국립공원 체험 22개 무료,dt.co.kr,https://www.dt.co.kr/article/12086382?ref=naver,요약,규칙기반 자동분류(제목·요약 낱말 대조)
2026-09-29,북한산,서울·경기,탐방시설,해설·교육,올가을 국립공원서 ‘숲·바다캉스’ 어때요…국립공원 명품 탐방해설 ...,seoul.co.kr,https://www.seoul.co.kr/news/life/2026/09/29/20260929500104?wlog_tag3=naver,요약,규칙기반 자동분류(제목·요약 낱말 대조)
2026-09-29,한려해상,경남·전남,탐방시설,해설·교육,상괭이 탐사부터 숲속 명상까지… 국립공원 탐방해설 22선,hani.co.kr,https://www.hani.co.kr/arti/animalpeople/wild_animal/1279935.html,요약,규칙기반 자동분류(제목·요약 낱말 대조)
2026-09-29,한려해상,경남·전남,탐방시설,해설·교육,10월 한 달 국립공원 탐방해설 무료…상괭이 탐사·별 관측도,ajunews.com,https://www.ajunews.com/view/20260929085206566,요약,규칙기반 자동분류(제목·요약 낱말 대조)
2026-09-29,한려해상,경남·전남,탐방시설,해설·교육,국립공원 '명품 탐방해설 22선' 10월 한 달간 전액 무료… 상괭이 탐사·...,metroseoul.co.kr,http://www.metroseoul.co.kr/article/20260929500167,요약,규칙기반 자동분류(제목·요약 낱말 대조)
2026-09-29,한려해상,경남·전남,탐방시설,해설·교육,상괭이 만나고 별 보고…10월 국립공원 '명품 해설' 22선 무료,news1.kr,https://www.news1.kr/society/environment/6303951,요약,규칙기반 자동분류(제목·요약 낱말 대조)
2026-09-29,변산반도,전북 부안,기타,미분류,한국 전통건축 최고의 걸작 내소사 꽃창살,ohmynews.com,https://www.ohmynews.com/NWS_Web/View/at_pg.aspx?CNTN_CD=A0003270901&CMPT_CD=P0010&utm_source=naver&utm_medium=newsearch&utm_campaign=naver_news,요약,규칙기반 자동분류(제목·요약 낱말 대조)
2026-09-29,무등산,광주·전남,기타,미분류,"ACC·무등산국립공원, 문화·관광 콘텐츠 공동개발 나서",betanews.net,https://www.betanews.net/article/view/beta202609290105,제목,규칙기반 자동분류(제목·요약 낱말 대조)
2026-09-29,무등산,광주·전남,기타,미분류,"화순과 북구, 경계 허물어 관광길 넓힌다…'한 지붕' 상생 첫걸음",polinews.co.kr,https://www.polinews.co.kr/news/articleView.html?idxno=744394,요약,규칙기반 자동분류(제목·요약 낱말 대조)
2026-09-29,무등산,광주·전남,탐방시설,탐방객 동향,"무등산국립공원, 가을 성수기 불법·무질서 행위 집중단속",jndn.com,http://www.jndn.com/article.php?aid=1790673123440435011,제목,규칙기반 자동분류(제목·요약 낱말 대조)
2026-09-29,무등산,광주·전남,행정,협약·협력,ACC-무등산국립공원사무소 업무 협약,jndn.com,http://www.jndn.com/article.php?aid=1790671686440423011,제목,규칙기반 자동분류(제목·요약 낱말 대조)
2026-09-29,무등산,광주·전남,기타,미분류,"ACC-무등산국립공원, 융합 콘텐츠 개발 협력",namdonews.com,https://www.namdonews.com/news/articleView.html?idxno=924741,제목,규칙기반 자동분류(제목·요약 낱말 대조)
2026-09-29,무등산,광주·전남,기타,미분류,“대한민국 명소에 나란히”… ACC-무등산 ‘관광 활성화’ 협력,kmib.co.kr,https://www.kmib.co.kr/article/view.asp?arcid=9000018224&cp=nv,제목,규칙기반 자동분류(제목·요약 낱말 대조)
2026-09-29,무등산,광주·전남,탐방시설,해설·교육,"화순전남대병원, 의료기관 감염관리컨설팅…방문교육 등[전남광주소식...",newsis.com,https://www.newsis.com/view/NISX20260929_0003807423,요약,규칙기반 자동분류(제목·요약 낱말 대조)
2026-09-29,무등산,광주·전남,행정,인사·조직,"국립아시아문화전당, 무등산국립공원과 문화·관광 활성화 맞손",newsworker.co.kr,https://www.newsworker.co.kr/news/articleView.html?idxno=506383,제목,규칙기반 자동분류(제목·요약 낱말 대조)
2026-09-29,무등산,광주·전남,기타,미분류,신축 집값 바닥 친 전남광주... 2300세대 브랜드 대단지 나온다,fnnews.com,https://www.fnnews.com/news/202609291118066343,요약,규칙기반 자동분류(제목·요약 낱말 대조)
2026-09-29,팔공산,대구·경북,행정,인사·조직,"수성·동구, 민선9기 첫 조직개편… 미래 교육·생활환경 개선 중점",idaegu.co.kr,https://www.idaegu.co.kr/news/articleView.html?idxno=561001,요약,규칙기반 자동분류(제목·요약 낱말 대조)
2026-09-29,팔공산,대구·경북,탐방시설,기타,"[일하고, 살고, 즐기는 도시 경산④] 문화와 휴식이 일상이 되는 품격도...",yeongnam.com,https://www.yeongnam.com/web/view.php?key=20260928027430644,요약,규칙기반 자동분류(제목·요약 낱말 대조)
2026-09-29,금정산,부산·경남,탐방시설,탐방로,금정산 국립공원 레인저들 '불편·위험' 신속 개선 나섰다,news1.kr,https://www.news1.kr/local/busan-gyeongnam/6304629,제목,규칙기반 자동분류(제목·요약 낱말 대조)
2026-09-29,월출산,전남,행정,연구·용역,"[전남연구원 시군 정책보고서]⑮ 영암 ""RE100·K-조선으로 산업축 넓힌다...",namdonews.com,https://www.namdonews.com/news/articleView.html?idxno=924716,요약,규칙기반 자동분류(제목·요약 낱말 대조)
2026-09-29,(전체·공통),전국·공통,행정,기타,"태국 예술계 큰손 마리사, 예술·미식·교육을 하나로 잇다",hankyung.com,https://www.hankyung.com/article/202609288711i,해당없음,규칙기반 자동분류(제목·요약 낱말 대조)
2026-09-29,(전체·공통),전국·공통,행정,인사·조직,[포인트!] 제61회 납세자의 날 모범납세자…선정기준·제외요건·우대혜...,intn.co.kr,http://www.intn.co.kr/news/articleView.html?idxno=2053697,해당없음,규칙기반 자동분류(제목·요약 낱말 대조)
2026-09-29,(전체·공통),전국·공통,행정,지정·구역,"국세청, 제61회 납세자의 날 모범납세자 국민추천 접수",fieldnews.kr,http://www.fieldnews.kr/news/articleView.html?idxno=31840,해당없음,규칙기반 자동분류(제목·요약 낱말 대조)
2026-09-29,(전체·공통),전국·공통,행정,기타,'그린란드 점령' 트럼프 주장 풍자 게임기 등장,newsis.com,https://www.newsis.com/view/NISX20260929_0003806654,해당없음,규칙기반 자동분류(제목·요약 낱말 대조)
2026-09-29,(전체·공통),전국·공통,행정,기타,9월 28일 모닝뉴스 헤드라인,radiokorea.com,https://www.radiokorea.com/news/article.php?uid=505290,해당없음,규칙기반 자동분류(제목·요약 낱말 대조)
2026-09-29,(전체·공통),전국·공통,행정,지정·구역,"“경남, ‘5극 3특’ 성장엔진 모두 갖춰… 메가특구 최적지”",chosun.com,https://www.chosun.com/special/special_section/2026/09/29/GZGLZDZJARBWHN32SKTC2YLGWY/?utm_source=naver&utm_medium=referral&utm_campaign=naver-news,해당없음,규칙기반 자동분류(제목·요약 낱말 대조)
2026-09-29,(전체·공통),전국·공통,재난안전,산불,나이테 폭은 왜 달라질까…기후와 생장 환경의 기록,vegannews.co.kr,https://www.vegannews.co.kr/news/article.html?no=389352,해당없음,규칙기반 자동분류(제목·요약 낱말 대조)
2026-09-29,(전체·공통),전국·공통,행정,지정·구역,재선충병 예찰부터 방제까지…관계기관 공동대응 강화,newsfarm.co.kr,http://www.newsfarm.co.kr/news/articleView.html?idxno=102478,해당없음,규칙기반 자동분류(제목·요약 낱말 대조)
2026-09-29,(전체·공통),전국·공통,구조활동,기타,[역사 속 아메리카 250] 미국의 상징이 된 프랑스의 선물...자유의 여신...,voakorea.com,https://www.voakorea.com/a/8205751.html,해당없음,규칙기반 자동분류(제목·요약 낱말 대조)
2026-09-29,(전체·공통),전국·공통,탐방시설,편의·무장애,[이슈진단] 남해군 공공시설 활성화 나섰지만…'땜질식 활용' 우려,gnnews.co.kr,https://www.gnnews.co.kr/news/articleView.html?idxno=646534,해당없음,규칙기반 자동분류(제목·요약 낱말 대조)
2026-09-29,(전체·공통),전국·공통,구조활동,기타,"실을 길게 건너는 주자직, 매끈한 광택의 비결",vegannews.co.kr,https://www.vegannews.co.kr/news/article.html?no=389445,해당없음,규칙기반 자동분류(제목·요약 낱말 대조)
2026-09-29,(전체·공통),전국·공통,구조활동,기타,회전하는 유리 그릇으로 연주하는 글라스하모니카,vegannews.co.kr,https://www.vegannews.co.kr/news/article.html?no=389294,해당없음,규칙기반 자동분류(제목·요약 낱말 대조)
2026-09-29,지리산,전남·전북·경남,탐방시설,해설·교육,내달 한달간 국립공원 생태탐방 해설 무료운영,ikld.kr,http://www.ikld.kr/news/articleView.html?idxno=341485,요약,규칙기반 자동분류(제목·요약 낱말 대조)
2026-09-29,(전체·공통),전국·공통,탐방시설,해설·교육,"생태탐사·치유회복…국립공원공단, 내달 '탐방해설 22선' 무료 운영",newsis.com,https://www.newsis.com/view/NISX20260929_0003806426,해당없음,규칙기반 자동분류(제목·요약 낱말 대조)
2026-09-28,지리산,전남·전북·경남,구조활동,기타,"구례군, 야간식당 '구례 밤한끼' 10월부터 본격 운영",thefairnews.co.kr,https://www.thefairnews.co.kr/news/articleView.html?idxno=89190,요약,규칙기반 자동분류(제목·요약 낱말 대조)
2026-09-28,한려해상,경남·전남,탐방시설,야영장·대피소,"산청군, 경남도 건축상 수상작 전시회 개최",gnnews.co.kr,https://www.gnnews.co.kr/news/articleView.html?idxno=646376,요약,규칙기반 자동분류(제목·요약 낱말 대조)
2026-09-28,한려해상,경남·전남,탐방시설,해설·교육,"재기중소기업개발원, '새출발 희망아카데미' 참가자 모집",gasnews.com,https://www.gasnews.com/news/articleView.html?idxno=126958,요약,규칙기반 자동분류(제목·요약 낱말 대조)
2026-09-28,지리산,전남·전북·경남,자원보전,포유류,"추석 연휴, 세계 최대 도마뱀 ‘코모도왕도마뱀’ 전시…산양, 수달 등...",munhwa.com,https://www.munhwa.com/article/11619681?ref=naver,요약,규칙기반 자동분류(제목·요약 낱말 대조)
2026-09-28,설악산,강원,구조활동,실족·추락,설악산·오대산 탐방로 3곳 중 1곳 '경계·위험' 등급,kado.net,https://www.kado.net/news/articleView.html?idxno=2075020,제목,규칙기반 자동분류(제목·요약 낱말 대조)
2026-09-28,설악산,강원,탐방시설,기타,[10월 여행] 오색 꽃물결과 붉은 단풍의 향연… 강원관광재단 추천 여행...,newscj.com,https://www.newscj.com/news/articleView.html?idxno=3436166,요약,규칙기반 자동분류(제목·요약 낱말 대조)
2026-09-28,설악산,강원,탐방시설,탐방로,나흘 일찍 찾아온 설악산 첫 단풍 ... 산 전체 80% 단풍으로 물들면 '단...,queen.co.kr,http://www.queen.co.kr/news/articleView.html?idxno=463948,제목,규칙기반 자동분류(제목·요약 낱말 대조)
2026-09-28,설악산,강원,탐방시설,탐방로,설악산 올해 첫 단풍 관측…지난해보다 4일 빨랐다,idsn.co.kr,https://idsn.co.kr/news/view/1065591900461690,제목,규칙기반 자동분류(제목·요약 낱말 대조)
2026-09-28,설악산,강원,탐방시설,탐방로,설악산에 첫 단풍 들었다… 올가을 절정은 언제일까,wikitree.co.kr,https://www.wikitree.co.kr/articles/1162474,제목,규칙기반 자동분류(제목·요약 낱말 대조)
2026-09-28,설악산,강원,탐방시설,탐방로,설악산 올해 첫 단풍…지난해보다 나흘 빨라,newsian.co.kr,http://www.newsian.co.kr/news/articleView.html?idxno=96098,제목,규칙기반 자동분류(제목·요약 낱말 대조)
2026-09-28,설악산,강원,탐방시설,탐방객 동향,추석 지나 오색옷 갈아입는 강원 명산…화려한 단풍이 부른다,news1.kr,https://www.news1.kr/local/kangwon/6302396,요약,규칙기반 자동분류(제목·요약 낱말 대조)
2026-09-28,설악산,강원,자원보전,식생·개화,"""8년 동안 못 찾았는데""...DMZ 일원에서 발견된 희귀 식물",newspenguin.com,https://www.newspenguin.com/news/articleView.html?idxno=22238,요약,규칙기반 자동분류(제목·요약 낱말 대조)
2026-09-28,한라산,제주,기타,미분류,다음달부터 한라산 입산시간 최대 3시간 앞당겨져,jibs.co.kr,https://www.jibs.co.kr/news/replay/viewNewsReplayDetail/2026092818170146047?feed=na,제목,규칙기반 자동분류(제목·요약 낱말 대조)
2026-09-28,한라산,제주,탐방시설,기타,10월부터 한라산 입산 마감 최대 3시간 단축,samdailbo.com,http://www.samdailbo.com/news/articleView.html?idxno=270741,제목,규칙기반 자동분류(제목·요약 낱말 대조)
2026-09-28,한라산,제주,탐방시설,탐방로,한라산 입산 빨리 닫힌다…마감 시간 변경,jemin.com,https://www.jemin.com/news/articleView.html?idxno=843520,제목,규칙기반 자동분류(제목·요약 낱말 대조)
2026-09-28,한라산,제주,탐방시설,탐방로,늦게 출발하면 못 올라갑니다… 10월부터 입산시간 이렇게 바뀐다,wikitree.co.kr,https://www.wikitree.co.kr/articles/1162513,요약,규칙기반 자동분류(제목·요약 낱말 대조)
2026-09-28,한라산,제주,탐방시설,탐방로,"""해가 짧아요""…10월부터 한라산 입산 마감 최대 3시간 앞당겨",view.asiae.co.kr,https://view.asiae.co.kr/article/2026092815502484956,제목,규칙기반 자동분류(제목·요약 낱말 대조)
2026-09-28,한라산,제주,탐방시설,기타,“10월부터 동절기”…한라산 입·하산 시간 빨라진다,mk.co.kr,https://www.mk.co.kr/article/12162699,제목,규칙기반 자동분류(제목·요약 낱말 대조)
2026-09-28,한라산,제주,탐방시설,탐방로,한라산 겨울산행 시간 확인하세요...내달부터 입산 마감 최대 3시간 단축,idsn.co.kr,https://idsn.co.kr/news/view/1065593394901920,제목,규칙기반 자동분류(제목·요약 낱말 대조)
2026-09-28,한라산,제주,기타,미분류,10월부터 한라산 입산시간 최대 3시간 앞당겨져,jibs.co.kr,https://www.jibs.co.kr/news/articles/articlesDetail/65933?feed=na,제목,규칙기반 자동분류(제목·요약 낱말 대조)
2026-09-28,한라산,제주,탐방시설,탐방로,"한라산 탐방로 입산 마감시간,10월부터 최대 3시간 단축된다",headlinejeju.co.kr,https://www.headlinejeju.co.kr/news/articleView.html?idxno=599648,제목,규칙기반 자동분류(제목·요약 낱말 대조)
2026-09-28,한라산,제주,탐방시설,탐방로,한라산 탐방시간 10월부터 단축···입산 마감 최대 3시간 당겨져,khan.co.kr,https://www.khan.co.kr/article/202609281239001,제목,규칙기반 자동분류(제목·요약 낱말 대조)
2026-09-28,한라산,제주,탐방시설,탐방로,10월부터 제주 한라산 입산 시간 조정,jejudomin.co.kr,https://www.jejudomin.co.kr/news/articleView.html?idxno=400650,제목,규칙기반 자동분류(제목·요약 낱말 대조)
2026-09-28,한라산,제주,탐방시설,탐방로,한라산 입산 마감 최대 3시간 앞당겨…10월부터 동절기 적용,newsis.com,https://www.newsis.com/view/NISX20260928_0003805166,제목,규칙기반 자동분류(제목·요약 낱말 대조)
2026-09-28,한라산,제주,탐방시설,탐방로,"10월부터 한라산 입산 마감, 최대 3시간 앞당겨진다",kmib.co.kr,https://www.kmib.co.kr/article/view.asp?arcid=9000017732&cp=nv,제목,규칙기반 자동분류(제목·요약 낱말 대조)
2026-09-28,한라산,제주,구조활동,심정지·응급질환,“10월부터 한라산 등반하려면 서두르세요”,hankookilbo.com,https://www.hankookilbo.com/news/article/A2026092811120005936?did=NA,제목,규칙기반 자동분류(제목·요약 낱말 대조)
2026-09-28,한라산,제주,탐방시설,탐방로,한라산 입산 마감 최대 3시간 당겨진다… 10월부터 동절기 시간 적용,fnnews.com,https://www.fnnews.com/news/202609281104039884,제목,규칙기반 자동분류(제목·요약 낱말 대조)
2026-09-28,한라산,제주,탐방시설,탐방로,한라산 '동절기 탐방시간' 적용…주요 코스 입산 마감 최대 3시간 앞당...,ngetnews.com,https://www.ngetnews.com/news/articleView.html?idxno=553728,제목,규칙기반 자동분류(제목·요약 낱말 대조)
2026-09-28,한라산,제주,재난안전,폭설·한파,"""10월 한라산, 평소처럼 가면 늦어요"" 입산 마감시간 변경",mediajeju.com,https://www.mediajeju.com/news/articleView.html?idxno=366466,제목,규칙기반 자동분류(제목·요약 낱말 대조)
2026-09-28,한라산,제주,탐방시설,탐방로,10월부터 한라산 입산 마감 최대 3시간 빨라진다,kbmaeil.com,https://www.kbmaeil.com/article/20260928500123,제목,규칙기반 자동분류(제목·요약 낱말 대조)
2026-09-28,한라산,제주,탐방시설,탐방로,"이제 동절기, 10월부터 한라산 입산 시간 조정",jejusori.net,https://www.jejusori.net/news/articleView.html?idxno=506883,제목,규칙기반 자동분류(제목·요약 낱말 대조)
2026-09-28,한라산,제주,탐방시설,탐방로,10월부터 한라산 입산 마감 최대 3시간 앞당긴다,yna.co.kr,https://www.yna.co.kr/view/AKR20260928050600056?input=1195m,제목,규칙기반 자동분류(제목·요약 낱말 대조)
2026-09-28,한라산,제주,탐방시설,탐방로,"한라산 탐방시간, 10월부터 단축...""해 짧아져요""",news.bbsi.co.kr,https://news.bbsi.co.kr/news/articleView.html?idxno=4108815,제목,규칙기반 자동분류(제목·요약 낱말 대조)
2026-09-28,한라산,제주,탐방시설,탐방로,"""10월 한라산 오르려면 서두르세요""…동절기 입산 시간 최대 3시간 단축",news1.kr,https://www.news1.kr/local/jeju/6302885,제목,규칙기반 자동분류(제목·요약 낱말 대조)
2026-09-28,한라산,제주,탐방시설,탐방로,내달부터 한라산 입산 마감 3시간 앞당긴다,jejumaeil.net,https://www.jejumaeil.net/news/articleView.html?idxno=405043,제목,규칙기반 자동분류(제목·요약 낱말 대조)
2026-09-28,설악산,강원,기타,미분류,"오늘 설악산 첫 단풍, 지난해보다 4일 빨라…기온 하락에 물드는 속도 ...",joongang.co.kr,https://www.joongang.co.kr/article/25465189,제목,규칙기반 자동분류(제목·요약 낱말 대조)
2026-09-28,주왕산,경북,기타,미분류,"청송 대전사, 이혜현 작가 금박불화 '금빛 가피' 초대전",newsis.com,https://www.newsis.com/view/NISX20260928_0003805895,요약,규칙기반 자동분류(제목·요약 낱말 대조)
2026-09-28,다도해해상,전남,자원보전,식생·개화,다도해국립공원 '완도술꽃나무' 서식지 현장 확인,ikbc.co.kr,https://www.ikbc.co.kr/article/view/kbc202609280062,요약,규칙기반 자동분류(제목·요약 낱말 대조)
2026-09-28,다도해해상,전남,자원보전,식생·개화,"[네트워크 현장] 목포대 “의대 선정 계획서, 전문가 검증해야” 외",news.kbs.co.kr,https://news.kbs.co.kr/news/pc/view/view.do?ncd=8672966&ref=A,요약,규칙기반 자동분류(제목·요약 낱말 대조)
2026-09-28,다도해해상,전남,기타,미분류,다도해해상국립공원서 '완도술꽃나무' 확인…종목록 신규 등재,m-i.kr,https://www.m-i.kr/news/articleView.html?idxno=1418691,제목,규칙기반 자동분류(제목·요약 낱말 대조)
2026-09-28,다도해해상,전남,기타,미분류,청년 60명 금오도에 모였다…안도해변 해양쓰레기 3.8톤 수거,m-i.kr,https://www.m-i.kr/news/articleView.html?idxno=1418685,요약,규칙기반 자동분류(제목·요약 낱말 대조)
2026-09-28,다도해해상,전남,자원보전,식생·개화,다도해국립공원서 희귀식물 '완도술꽃나무' 서식지 확인,livebiz.today,https://www.livebiz.today/news/articleView.html?idxno=205160,요약,규칙기반 자동분류(제목·요약 낱말 대조)
2026-09-28,다도해해상,전남,자원보전,복원·방사,"롯데케미칼, 여수 금오도 해초지 복원… 해양 생물다양성 보전",cnbizm.com,https://www.cnbizm.com/news/articleView.html?idxno=316330,요약,규칙기반 자동분류(제목·요약 낱말 대조)
2026-09-28,북한산,서울·경기,행정,지정·구역,"북한산 부왕사지, 경기도 지정문화유산 등재…""호국사찰 원형 밝혀졌다...",incheonilbo.com,https://www.incheonilbo.com/news/articleView.html?idxno=1332957,제목,규칙기반 자동분류(제목·요약 낱말 대조)
2026-09-28,월악산,충북·경북,자원보전,식생·개화,교실을 넘어 자연과 함께 성장하는 '이은학교',dynews.co.kr,https://www.dynews.co.kr/news/articleView.html?idxno=867506,요약,규칙기반 자동분류(제목·요약 낱말 대조)
2026-09-28,소백산,충북·경북,자원보전,불법·무질서 단속,"소백산국립공원 북부사무소, '사전예고 집중단속'",ccdailynews.com,https://www.ccdailynews.com/news/articleView.html?idxno=2443373,제목,규칙기반 자동분류(제목·요약 낱말 대조)
2026-09-28,설악산,강원,탐방시설,탐방로,28일 설악산 올해 첫 단풍 관측,kwnews.co.kr,https://www.kwnews.co.kr/article/20260928500673,제목,규칙기반 자동분류(제목·요약 낱말 대조)
2026-09-28,설악산,강원,탐방시설,탐방로,"""울긋불긋"" 설악산 첫 단풍 관측…지난해보다 나흘 빨라",nocutnews.co.kr,https://www.nocutnews.co.kr/news/6583969?utm_source=naver&utm_medium=article&utm_campaign=20260928044937,제목,규칙기반 자동분류(제목·요약 낱말 대조)
2026-09-28,설악산,강원,탐방시설,탐방로,설악산에 올해 '첫 단풍' 들었다... 지난해보다 나흘 더 빨라진 가을 풍...,insight.co.kr,https://www.insight.co.kr/news/575577,제목,규칙기반 자동분류(제목·요약 낱말 대조)
2026-09-28,설악산,강원,탐방시설,탐방로,"""설악이 물들기 시작했다""…올해 첫 단풍 관측, 평년과 같아",news1.kr,https://www.news1.kr/local/kangwon/6303486,요약,규칙기반 자동분류(제목·요약 낱말 대조)
2026-09-28,설악산,강원,탐방시설,탐방로,설악산 첫 단풍 관측…지난해보다 4일 빨라,dongascience.com,https://www.dongascience.com/news/view/80080,제목,규칙기반 자동분류(제목·요약 낱말 대조)
2026-09-28,설악산,강원,탐방시설,탐방로,설악산에 가을빛 시작됐다…첫 단풍 따라 깊어지는 가을,nc.press,https://www.nc.press/news/articleView.html?idxno=627342,제목,규칙기반 자동분류(제목·요약 낱말 대조)
2026-09-28,설악산,강원,탐방시설,탐방로,설악산서 올해 첫 단풍 관측…지난해보다 4일 빨라,hankyung.com,https://www.hankyung.com/article/202609289280i,제목,규칙기반 자동분류(제목·요약 낱말 대조)
2026-09-28,설악산,강원,탐방시설,탐방로,설악산 올가을 첫 단풍…지난해보다 4일 빨라,news.kbs.co.kr,https://news.kbs.co.kr/news/pc/view/view.do?ncd=8672704&ref=A,제목,규칙기반 자동분류(제목·요약 낱말 대조)
2026-09-28,설악산,강원,탐방시설,탐방로,설악산에 올해 첫 단풍… 지난해보다 4일 빨랐다,hankookilbo.com,https://www.hankookilbo.com/news/article/A2026092811420001226?did=NA,제목,규칙기반 자동분류(제목·요약 낱말 대조)
2026-09-28,설악산,강원,탐방시설,탐방로,설악산 첫 단풍,thereport.co.kr,https://www.thereport.co.kr/news/articleView.html?idxno=91778,제목,규칙기반 자동분류(제목·요약 낱말 대조)
2026-09-28,설악산,강원,탐방시설,탐방로,"명절 지나자 가을 왔다...설악산 '첫 단풍', 작년보다 4일 빨라",mt.co.kr,https://www.mt.co.kr/society/2026/09/28/2026092811254354759,제목,규칙기반 자동분류(제목·요약 낱말 대조)
2026-09-28,설악산,강원,탐방시설,탐방로,설악산 올해 첫 단풍…지난해보다 4일 빨라,khan.co.kr,https://www.khan.co.kr/article/202609281148001,제목,규칙기반 자동분류(제목·요약 낱말 대조)
2026-09-28,설악산,강원,탐방시설,탐방로,설악산 올가을 첫 단풍… 10월 중하순 절정,biz.chosun.com,https://biz.chosun.com/topics/topics_social/2026/09/28/NU5WSAXQQJB6JLN4GCHRZWIR7A/?utm_source=naver&utm_medium=original&utm_campaign=biz,제목,규칙기반 자동분류(제목·요약 낱말 대조)
2026-09-28,설악산,강원,탐방시설,탐방로,강원 설악산 올해 첫 단풍…작년보다 4일 빨라,yonhapnewstv.co.kr,http://www.yonhapnewstv.co.kr/news/AKR20260928113432EtG,제목,규칙기반 자동분류(제목·요약 낱말 대조)
2026-09-28,팔공산,대구·경북,자원보전,포유류,"부산 상어, 서울 산양, 대구 담비...멸종위기종 왜 사람 곁으로?",newspenguin.com,https://www.newspenguin.com/news/articleView.html?idxno=22237,요약,규칙기반 자동분류(제목·요약 낱말 대조)
2026-09-28,팔공산,대구·경북,탐방시설,해설·교육,"팔공산국립공원동부사무소, '2026 국립공원 진로체험단' 수료식 개최",news.bbsi.co.kr,https://news.bbsi.co.kr/news/articleView.html?idxno=4108954,제목,규칙기반 자동분류(제목·요약 낱말 대조)
2026-09-28,팔공산,대구·경북,탐방시설,기타,갓바위 오가는 무료 전기버스 시범 운행,news.kbs.co.kr,https://news.kbs.co.kr/news/pc/view/view.do?ncd=8672665&ref=A,요약,규칙기반 자동분류(제목·요약 낱말 대조)
2026-09-28,팔공산,대구·경북,기타,미분류,"[가을이 머무는 도시, 대구] 구암서원·팔공산 … 가을 정취 ‘두 발’...",joongang.co.kr,https://www.joongang.co.kr/article/25465127,제목,규칙기반 자동분류(제목·요약 낱말 대조)
2026-09-28,금정산,부산·경남,기타,미분류,[최영운의 소갈머리] 정부는 '소나무 재선충병' 컨트롤타워 만들어 山林...,pointdaily.co.kr,https://www.pointdaily.co.kr/news/articleView.html?idxno=320461,요약,규칙기반 자동분류(제목·요약 낱말 대조)
2026-09-28,(전체·공통),전국·공통,행정,연구·용역,유타州는 돈보다 속도를 먼저 건넨다,smedaily.co.kr,http://www.smedaily.co.kr/news/articleView.html?idxno=363751,해당없음,규칙기반 자동분류(제목·요약 낱말 대조)
2026-09-28,(전체·공통),전국·공통,행정,기타,"미국의 알프스에 야구장? “트럼프 정부, 그랜드 티턴 답사”",chosun.com,https://www.chosun.com/international/international_general/2026/09/28/WGEGGWWIXVE4HGLZHA4KPDXAFU/?utm_source=naver&utm_medium=referral&utm_campaign=naver-news,해당없음,규칙기반 자동분류(제목·요약 낱말 대조)
2026-09-28,(전체·공통),전국·공통,행정,법령·제도,[정책브리핑] 2026년 09월 28일 월요일 주요 정책,sisunnews.co.kr,http://www.sisunnews.co.kr/news/articleView.html?idxno=246663,해당없음,규칙기반 자동분류(제목·요약 낱말 대조)
2026-09-28,(전체·공통),전국·공통,행정,기타,'바이킹 후예' 스칸디나비아 제국의 도약과 대한민국의 도전,newsfc.co.kr,http://www.newsfc.co.kr/news/articleView.html?idxno=81373,해당없음,규칙기반 자동분류(제목·요약 낱말 대조)
2026-09-28,(전체·공통),전국·공통,자원보전,복원·방사,[천지TV 쇼츠] 나미비아 사파리서 코뿔소 돌진… 종잇장처럼 구겨진 관...,newscj.com,https://www.newscj.com/news/articleView.html?idxno=3435953,해당없음,규칙기반 자동분류(제목·요약 낱말 대조)
2026-09-28,(전체·공통),전국·공통,기타,미분류,"[와글와글] ""저리 안 가?""‥관광객 차량 큰 뿔로 '쾅'",imnews.imbc.com,https://imnews.imbc.com/replay/2026/nwtoday/article/6854425_37012.html,해당없음,규칙기반 자동분류(제목·요약 낱말 대조)
2026-09-27,지리산,전남·전북·경남,탐방시설,탐방로,"단풍 보랴, 떨어지는 돌 조심하랴",kwangju.co.kr,http://www.kwangju.co.kr/article.php?aid=1790503800803700006,요약,규칙기반 자동분류(제목·요약 낱말 대조)
2026-09-27,지리산,전남·전북·경남,기타,미분류,"가을의 정취가 깊어지는 남원, 고전의 향기 가득한 가볼 만한 곳",joongangenews.com,https://www.joongangenews.com/news/articleView.html?idxno=550511,요약,규칙기반 자동분류(제목·요약 낱말 대조)
2026-09-27,지리산,전남·전북·경남,자원보전,기타,"하동 화개면, 추석맞이 국토대청소 실시",newsgn.com,https://www.newsgn.com/news/articleView.html?idxno=576124,요약,규칙기반 자동분류(제목·요약 낱말 대조)
2026-09-27,경주,경북 경주,자원보전,불법·무질서 단속,"경주국립공원, 가을 탐방객 증가 대비 불법행위 특별단속",hidomin.com,https://www.hidomin.com/news/articleView.html?idxno=722656,제목,규칙기반 자동분류(제목·요약 낱말 대조)
2026-09-27,경주,경북 경주,재난안전,산불,경주국립공원 가을철 불법·무질서행위 집중단속 실시,dkilbo.com,https://www.dkilbo.com/news/articleView.html?idxno=555438,제목,규칙기반 자동분류(제목·요약 낱말 대조)
2026-09-27,계룡산,대전·충남,탐방시설,탐방객 동향,"계룡산국립공원, 탐방객 '휴대기기 충전 스테이션' 운영",jbnews.com,https://www.jbnews.com/news/articleView.html?idxno=1512276,제목,규칙기반 자동분류(제목·요약 낱말 대조)
2026-09-27,계룡산,대전·충남,탐방시설,탐방로,계룡산에 휴대기기 충전 스테이션 5곳 설치…안전 산행 지원,ggilbo.com,https://www.ggilbo.com/news/articleView.html?idxno=1183609,제목,규칙기반 자동분류(제목·요약 낱말 대조)
2026-09-27,한려해상,경남·전남,행정,인사·조직,[경일춘추] 비단을 두른 한려해상국립공원 남해 금산,gnnews.co.kr,https://www.gnnews.co.kr/news/articleView.html?idxno=646290,제목,규칙기반 자동분류(제목·요약 낱말 대조)
2026-09-27,한려해상,경남·전남,기타,미분류,가을 거제의 아름다운 풍경을 만끽할 수 있는 가볼 만한 곳,topstarnews.net,https://www.topstarnews.net/news/articleView.html?idxno=16216423,요약,규칙기반 자동분류(제목·요약 낱말 대조)
2026-09-27,설악산,강원,구조활동,실족·추락,김주영 국회의원 북한산·설악산·오대산 '위험 등급 탐방로' 70% 집중,chmbc.co.kr,https://chmbc.co.kr/article/NJq0ax3z12Rh413A,제목,규칙기반 자동분류(제목·요약 낱말 대조)
2026-09-27,설악산,강원,탐방시설,탐방객 동향,추석 연휴 마지막 날 강원서 산악사고 잇따라…60대 2명 구조,news1.kr,https://www.news1.kr/local/kangwon/6302451,요약,규칙기반 자동분류(제목·요약 낱말 대조)
2026-09-27,설악산,강원,구조활동,실족·추락,설악산·오대산 탐방로 3분의 1 이상 '경계·위험' 등급…사고 예방 위한...,kado.net,https://www.kado.net/news/articleView.html?idxno=2074911,제목,규칙기반 자동분류(제목·요약 낱말 대조)
2026-09-27,설악산,강원,탐방시설,탐방로,"연 4천만 찾는 국립공원, 5곳 중 1곳은 ‘위험 산길’… 북한산·설악산...",viva100.com,https://www.viva100.com/article/20260927500529,제목,규칙기반 자동분류(제목·요약 낱말 대조)
2026-09-27,설악산,강원,탐방시설,편의·무장애,인생 사진 남기려다 참변... 제주 천지연폭포서 50대 추락 사망,wikitree.co.kr,https://www.wikitree.co.kr/articles/1162240,요약,규칙기반 자동분류(제목·요약 낱말 대조)
2026-09-27,설악산,강원,구조활동,실족·추락,국립공원 탐방로 5곳 중 1곳 '사고 위험'…북한산·설악산에 취약구간 ...,shinailbo.co.kr,https://www.shinailbo.co.kr/news/articleView.html?idxno=5065998,제목,규칙기반 자동분류(제목·요약 낱말 대조)
2026-09-27,설악산,강원,구조활동,실족·추락,"김주영 국회의원 ""북한산·설악산·오대산에 '위험 등급 탐방로' 70% 집중...",mbceg.co.kr,https://www.mbceg.co.kr/post/140489,제목,규칙기반 자동분류(제목·요약 낱말 대조)
2026-09-27,설악산,강원,탐방시설,탐방로,강원 국립공원 탐방로 10곳 중 3곳 꼴로 '경계·위험',kado.net,https://www.kado.net/news/articleView.html?idxno=2074872,요약,규칙기반 자동분류(제목·요약 낱말 대조)
2026-09-27,속리산,충북·경북,기타,미분류,"짧은 추석 끝 이제 일상으로…가족과 아쉬운 작별, 귀경 행렬(종합2보)",news1.kr,https://www.news1.kr/local/gyeonggi/6302416,요약,규칙기반 자동분류(제목·요약 낱말 대조)
2026-09-27,속리산,충북·경북,기타,미분류,"""다음엔 좋은 소식 전할게요"" 추석 마지막날 충북 귀경 행렬",news1.kr,https://www.news1.kr/local/sejong-chungbuk/6302333,요약,규칙기반 자동분류(제목·요약 낱말 대조)
2026-09-27,한라산,제주,탐방시설,탐방로,[독자기고] 가을철 안전한 산행을 위한 몇가지 당부,jemin.com,https://www.jemin.com/news/articleView.html?idxno=843452,요약,규칙기반 자동분류(제목·요약 낱말 대조)
2026-09-27,가야산,경북·경남,자원보전,불법·무질서 단속,"합천 가야산국립공원, 가을철 임산물 불법채취 등 집중단속",gndomin.com,http://www.gndomin.com/news/articleView.html?idxno=490814,제목,규칙기반 자동분류(제목·요약 낱말 대조)
2026-09-27,덕유산,전북·경남,탐방시설,탐방객 동향,덕유산 걸으며 찾은 나만의 색,sjbnews.com,https://sjbnews.com/news/news.php?number=888599,제목,규칙기반 자동분류(제목·요약 낱말 대조)
2026-09-27,덕유산,전북·경남,기타,미분류,"[송전선 논란에 들끓는 충청민심 下] 청년은 떠나고, 철탑만 남는다",asiatoday.co.kr,https://www.asiatoday.co.kr/kn/view.php?key=20260927010009199,요약,규칙기반 자동분류(제목·요약 낱말 대조)
2026-09-27,다도해해상,전남,탐방시설,기타,무인도 들어온 인간...씨앗 퍼지자 '폐사 속출' [자막뉴스],ytn.co.kr,https://www.ytn.co.kr/_ln/0134_202609271113407440,요약,규칙기반 자동분류(제목·요약 낱말 대조)
2026-09-27,월악산,충북·경북,기타,미분류,"제천, 가을 정취 가득한 자연 명소를 찾아 떠나는 가볼 만한 곳",topstarnews.net,https://www.topstarnews.net/news/articleView.html?idxno=16216435,요약,규칙기반 자동분류(제목·요약 낱말 대조)
2026-09-27,소백산,충북·경북,탐방시설,탐방로,소백산국립공원 가을 야생화 만개…짙은 향기까지 더해져 가을 산행의 ...,kbmaeil.com,https://www.kbmaeil.com/article/20260927500148,제목,규칙기반 자동분류(제목·요약 낱말 대조)
2026-09-27,월출산,전남,기타,미분류,"영암 월출산의 웅장함, 가을 정취 가득한 명소 가볼 만한 곳",topstarnews.net,https://www.topstarnews.net/news/articleView.html?idxno=16204080,제목,규칙기반 자동분류(제목·요약 낱말 대조)
2026-09-27,지리산,전남·전북·경남,탐방시설,탐방로,전북 국립공원 탐방로 안전 '빨간불'지리산·덕유산 위험구간 확인,jeollailbo.com,http://www.jeollailbo.com/news/articleView.html?idxno=812114,제목,규칙기반 자동분류(제목·요약 낱말 대조)
2026-09-27,북한산,서울·경기,자원보전,불법·무질서 단속,국립공원서 담배 피우면 최대 200만원 과태료..11월말까지 집중 단속,abcn.kr,https://www.abcn.kr/news/articleView.html?idxno=92344,요약,규칙기반 자동분류(제목·요약 낱말 대조)
2026-09-27,금정산,부산·경남,기타,미분류,[인터뷰]“범어사 수행문화와 산·바다 잇는 부산형 웰니스 모델 구축”,busan.com,https://www.busan.com/view/busan/view.php?code=2026092717293888005,요약,규칙기반 자동분류(제목·요약 낱말 대조)
2026-09-27,설악산,강원,행정,지정·구역,[ 속초이야기 ] 속초8경의 시작...그 중심의 전성만 단장이 있었다.,dailysportshankook.co.kr,https://www.dailysportshankook.co.kr/news/articleView.html?idxno=433855,요약,규칙기반 자동분류(제목·요약 낱말 대조)
2026-09-27,(전체·공통),전국·공통,자원보전,멸종위기종,"﻿폭풍의 끝에서 만난 희망, 희망봉",ulsanpress.net,https://www.ulsanpress.net/news/articleView.html?idxno=583666,해당없음,규칙기반 자동분류(제목·요약 낱말 대조)
2026-09-27,(전체·공통),전국·공통,자원보전,멸종위기종,"""당신의 곰에게 투표하세요""…알래스카 '뚱보 곰 주간' 열려",view.asiae.co.kr,https://view.asiae.co.kr/article/2026092711040712531,해당없음,규칙기반 자동분류(제목·요약 낱말 대조)
2026-09-26,지리산,전남·전북·경남,자원보전,식생·개화,지리산 자락 남원에서 가을 정취를 만끽하는 가볼 만한 곳,joongangenews.com,https://www.joongangenews.com/news/articleView.html?idxno=549208,제목,규칙기반 자동분류(제목·요약 낱말 대조)
2026-09-26,계룡산,대전·충남,기타,미분류,"명절 후유증, 커피 한 잔에 날린다… 연휴 끝 카페서 찾는 '쉼표'",newsian.co.kr,http://www.newsian.co.kr/news/articleView.html?idxno=96001,요약,규칙기반 자동분류(제목·요약 낱말 대조)
2026-09-26,설악산,강원,탐방시설,편의·무장애,"양양군·속초시, 설악산 단풍철 특별 교통관리 대책 수립 ··· 불법 주...",gw.newdaily.co.kr,https://gw.newdaily.co.kr/site/data/html/2026/09/26/2026092600012.html,제목,규칙기반 자동분류(제목·요약 낱말 대조)
2026-09-26,설악산,강원,탐방시설,탐방객 동향,"연간 4천만 명 찾는 국립공원, 탐방로 5곳 중 1곳 ‘낙석·추락’ 위험",dailyt.co.kr,https://www.dailyt.co.kr/newsView/dlt202609260010,요약,규칙기반 자동분류(제목·요약 낱말 대조)
2026-09-26,설악산,강원,탐방시설,탐방객 동향,"""산으로, 꽃밭으로""…추석 연휴 강원 관광지 나들이객 북적",news1.kr,https://www.news1.kr/local/kangwon/6301992,요약,규칙기반 자동분류(제목·요약 낱말 대조)
2026-09-26,설악산,강원,기타,미분류,"[HOT 마켓 트렌드] 호텔업계, '가을 로컬 여행' 공략",bizwnews.com,http://www.bizwnews.com/news/articleView.html?idxno=147116,요약,규칙기반 자동분류(제목·요약 낱말 대조)
2026-09-26,다도해해상,전남,기타,미분류,"역사와 예술이 공존하는 고흥, 가을 여행 가볼 만한 곳",topstarnews.net,https://www.topstarnews.net/news/articleView.html?idxno=16216278,요약,규칙기반 자동분류(제목·요약 낱말 대조)
2026-09-26,다도해해상,전남,기타,미분류,"신안, 고요한 바다가 품은 아름다운 비경 가볼 만한 곳",topstarnews.net,https://www.topstarnews.net/news/articleView.html?idxno=16216215,요약,규칙기반 자동분류(제목·요약 낱말 대조)
2026-09-26,치악산,강원 원주,기타,미분류,역사의 숨결과 자연이 어우러진 원주 가볼 만한 곳,joongangenews.com,https://www.joongangenews.com/news/articleView.html?idxno=549198,요약,규칙기반 자동분류(제목·요약 낱말 대조)
2026-09-26,월악산,충북·경북,탐방시설,탐방로,"""청남대부터 대청호까지""… 연휴 기간 충북서 가볼만한 곳은",daejonilbo.com,https://www.daejonilbo.com/news/articleView.html?idxno=2303215,요약,규칙기반 자동분류(제목·요약 낱말 대조)
2026-09-26,북한산,서울·경기,자원보전,불법·무질서 단속,단풍철 국립공원 불법행위 집중단속...흡연 시 과태료 최대 200만원,jmbc.co.kr,http://www.jmbc.co.kr/news/view/68212,요약,규칙기반 자동분류(제목·요약 낱말 대조)
2026-09-26,지리산,전남·전북·경남,자원보전,포유류,국립공원 카메라에 산양·수달 가족 모습 포착,vegannews.co.kr,https://www.vegannews.co.kr/news/article.html?no=388090,요약,규칙기반 자동분류(제목·요약 낱말 대조)
2026-09-26,(전체·공통),전국·공통,재난안전,통제·입산금지,9월 26일 오늘의 안전 상황,fpn119.co.kr,http://fpn119.co.kr/257221,해당없음,규칙기반 자동분류(제목·요약 낱말 대조)
2026-09-25,경주,경북 경주,기타,미분류,지난해 추석 연휴 최다 검색 관광지 1위는 '에버랜드'···국립공원은 ...,todaykorea.co.kr,https://www.todaykorea.co.kr/news/articleView.html?idxno=406503,요약,규칙기반 자동분류(제목·요약 낱말 대조)
2026-09-25,지리산,전남·전북·경남,탐방시설,탐방로,추석 국립공원 150만명 몰리는데…탐방로 5곳 중 1곳 ‘경계·위험’,ekn.kr,https://www.ekn.kr/web/view.php?key=20260925028459003,요약,규칙기반 자동분류(제목·요약 낱말 대조)
2026-09-25,경주,경북 경주,재난안전,산불,"경주국립공원, 가을철 맞아 불법·무질서 행위 집중단속",nocutnews.co.kr,https://www.nocutnews.co.kr/news/6583198?utm_source=naver&utm_medium=article&utm_campaign=20260925124158,제목,규칙기반 자동분류(제목·요약 낱말 대조)
2026-09-25,계룡산,대전·충남,기타,미분류,"추석 연휴, 가을 감성 채울 전국 카페 나들이 떠날까",wolyo.co.kr,https://www.wolyo.co.kr/news/articleView.html?idxno=318275,요약,규칙기반 자동분류(제목·요약 낱말 대조)
2026-09-25,계룡산,대전·충남,기타,미분류,추석 때 가족·반려동물과 갈만한 카페 어디가 있나,viva100.com,https://www.viva100.com/article/20260922500138,요약,규칙기반 자동분류(제목·요약 낱말 대조)
2026-09-25,계룡산,대전·충남,자원보전,식생·개화,"보름달보다 풍성한 추석연휴...""가족과 함께 여기 어때요?""",mt.co.kr,https://www.mt.co.kr/living/2026/09/25/2026092215375350352,요약,규칙기반 자동분류(제목·요약 낱말 대조)
2026-09-25,계룡산,대전·충남,탐방시설,탐방로,"옥빛 연못 위 고고한 정자, 추석엔 국립공원…느긋하게 걸어보세요",hankookilbo.com,https://www.hankookilbo.com/news/article/A2026092215110002906?did=NA,요약,규칙기반 자동분류(제목·요약 낱말 대조)
2026-09-25,한려해상,경남·전남,자원보전,복원·방사,"한려해상국립공원, 주민·기업 참여 자생식물로 훼손지 복원",gnnews.co.kr,https://www.gnnews.co.kr/news/articleView.html?idxno=646211,제목,규칙기반 자동분류(제목·요약 낱말 대조)
2026-09-25,한려해상,경남·전남,탐방시설,해설·교육,가을 거제에서 자연의 아름다움을 만끽할 가볼 만한 곳,topstarnews.net,https://www.topstarnews.net/news/articleView.html?idxno=16203923,요약,규칙기반 자동분류(제목·요약 낱말 대조)
2026-09-25,설악산,강원,기타,미분류,북녘 향해 절하고 상어도 보고…성묘·관광객들 북적,jndn.com,http://www.jndn.com/article.php?aid=1790323132440222001,요약,규칙기반 자동분류(제목·요약 낱말 대조)
2026-09-25,설악산,강원,구조활동,출동·대응,설악산서 빗길에 미끄러진 등산객…발목 다쳐 '도보 이송',news.tvchosun.com,https://news.tvchosun.com/site/data/html_dir/2026/09/25/2026092590091.html,제목,규칙기반 자동분류(제목·요약 낱말 대조)
2026-09-25,설악산,강원,탐방시설,탐방로,국립공원 탐방로 5곳 중 1곳 ‘사고 위험’…63%가 북한산·설악산에,segye.com,https://www.segye.com/newsView/20260925506322?OutUrl=naver,제목,규칙기반 자동분류(제목·요약 낱말 대조)
2026-09-25,설악산,강원,구조활동,출동·대응,설악산서 빗길에 미끄러진 등산객…도보 구조해 병원 이송,news1.kr,https://www.news1.kr/local/kangwon/6301613,제목,규칙기반 자동분류(제목·요약 낱말 대조)
2026-09-25,설악산,강원,탐방시설,탐방로,전국 국립공원 탐방로 5곳 중 1곳 '경계·위험'…최근 6년간 61명 사망,news1.kr,https://www.news1.kr/local/gyeonggi/6301520,요약,규칙기반 자동분류(제목·요약 낱말 대조)
2026-09-25,설악산,강원,탐방시설,탐방로,"국립공원, 탐방로 5곳 중 1곳 ‘경계·위험’…최근 6 년 간 안전사고 6...",pressian.com,https://www.pressian.com/pages/articles/2026092509475997759?utm_source=naver&utm_medium=search,요약,규칙기반 자동분류(제목·요약 낱말 대조)
2026-09-25,설악산,강원,탐방시설,탐방로,"국립공원 탐방로 5곳 중 1곳, 사고 위험 높은 '경계·위험' 등급",enewstoday.co.kr,http://www.enewstoday.co.kr/news/articleView.html?idxno=2474293,요약,규칙기반 자동분류(제목·요약 낱말 대조)
2026-09-25,설악산,강원,탐방시설,탐방로,730개 국립공원 탐방로 중 152곳 ‘위험’ 평가… 안전사고 연평균 123건,dt.co.kr,https://www.dt.co.kr/article/12085762?ref=naver,요약,규칙기반 자동분류(제목·요약 낱말 대조)
2026-09-25,설악산,강원,탐방시설,탐방로,국립공원 탐방로 21% '위험' 평가…안전사고 연평균 123건,yna.co.kr,https://www.yna.co.kr/view/AKR20260923175500530?input=1195m,요약,규칙기반 자동분류(제목·요약 낱말 대조)
2026-09-25,설악산,강원,탐방시설,탐방로,"속초시, 설악산 진입도로 확장·탐방로 신설 추진",news.kbs.co.kr,https://news.kbs.co.kr/news/pc/view/view.do?ncd=8671703&ref=A,제목,규칙기반 자동분류(제목·요약 낱말 대조)
2026-09-25,속리산,충북·경북,기타,미분류,"괴산의 자연을 만끽하는 여정, 숨겨진 매력 가볼 만한 곳",joongangenews.com,https://www.joongangenews.com/news/articleView.html?idxno=549072,요약,규칙기반 자동분류(제목·요약 낱말 대조)
2026-09-25,내장산,전북·전남,탐방시설,편의·무장애,"""내장산 국립공원 제4주차장에 '농지'가 왜 아직까지 남아 있을까?""",pressian.com,https://www.pressian.com/pages/articles/2026092505085126684?utm_source=naver&utm_medium=search,제목,규칙기반 자동분류(제목·요약 낱말 대조)
2026-09-25,내장산,전북·전남,기타,미분류,붉은 아기단풍과 천년 은행나무가 부른다…가을 비경 6선,biz.heraldcorp.com,https://biz.heraldcorp.com/article/10884331?ref=naver,요약,규칙기반 자동분류(제목·요약 낱말 대조)
2026-09-25,덕유산,전북·경남,탐방시설,탐방로,“귀성길 그냥 지나치지 마세요”… 추석 연휴 무료로 즐기는 전국 명소,wikitree.co.kr,https://www.wikitree.co.kr/articles/1161958,요약,규칙기반 자동분류(제목·요약 낱말 대조)
2026-09-25,다도해해상,전남,탐방시설,기타,인간이 퍼뜨린 재앙...날지 못하는 무인도 바다제비,ytn.co.kr,https://www.ytn.co.kr/_ln/0103_202609252333426962,요약,규칙기반 자동분류(제목·요약 낱말 대조)
2026-09-25,치악산,강원 원주,기타,미분류,"가을 명품 산행 길, 보은의 절 치악산 상원사",ohmynews.com,https://www.ohmynews.com/NWS_Web/View/at_pg.aspx?CNTN_CD=A0003270326&CMPT_CD=P0010&utm_source=naver&utm_medium=newsearch&utm_campaign=naver_news,제목,규칙기반 자동분류(제목·요약 낱말 대조)
2026-09-25,팔공산,대구·경북,탐방시설,케이블카·삭도,‘멀리 안 가도 된다’…한가위 대구 나들이·문화행사 한눈에,yeongnam.com,https://www.yeongnam.com/web/view.php?key=20260925023190138,요약,규칙기반 자동분류(제목·요약 낱말 대조)
2026-09-25,금정산,부산·경남,기타,미분류,"금정산 정식 사무소 유치전…금정구 ""면적 최대"" 동래구 ""임시청사 보유...",news1.kr,https://www.news1.kr/local/busan-gyeongnam/6301527,제목,규칙기반 자동분류(제목·요약 낱말 대조)
2026-09-25,(전체·공통),전국·공통,자원보전,식생·개화,“시베리아가 곰에 포위됐다”,chosun.com,https://www.chosun.com/international/international_general/2026/09/25/45H4KKW525BWFPVC4C3IXQQL7U/?utm_source=naver&utm_medium=referral&utm_campaign=naver-news,해당없음,규칙기반 자동분류(제목·요약 낱말 대조)
2026-09-25,(전체·공통),전국·공통,행정,예산·재정,[헬로이슈토크]박유진 서울시의회 예결위원장에게 듣는다,news.lghellovision.net,http://news.lghellovision.net/news/articleView.html?idxno=555251,해당없음,규칙기반 자동분류(제목·요약 낱말 대조)
2026-09-25,(전체·공통),전국·공통,재난안전,폭염·가뭄,"아시아 각국, ‘1950년 이후 최악’ 슈퍼 엘니뇨 대비 총력",kmib.co.kr,https://www.kmib.co.kr/article/view.asp?arcid=9000017172&cp=nv,해당없음,규칙기반 자동분류(제목·요약 낱말 대조)
2026-09-25,(전체·공통),전국·공통,기타,미분류,"이스타항공, 인니(印尼) 마나도 노선 정기편 전환",newsroad.co.kr,http://www.newsroad.co.kr/news/articleView.html?idxno=64887,해당없음,규칙기반 자동분류(제목·요약 낱말 대조)
2026-09-25,(전체·공통),전국·공통,구조활동,출동·대응,"""썩어 부러진 고사목, 전국 철도·고속도로 안전 위협""",newspenguin.com,https://www.newspenguin.com/news/articleView.html?idxno=22227,해당없음,규칙기반 자동분류(제목·요약 낱말 대조)
2026-09-24,경주,경북 경주,탐방시설,탐방객 동향,"""국립공원서 담배 피우면 최대 200만원""…경주국립공원, 9월 28일부터 단...",tournews21.com,https://www.tournews21.com/news/articleView.html?idxno=144272,제목,규칙기반 자동분류(제목·요약 낱말 대조)
2026-09-24,경주,경북 경주,재난안전,산불,단풍철 산불 막는다…경주국립공원 흡연·취사 집중단속,kyongbuk.co.kr,https://www.kyongbuk.co.kr/news/articleView.html?idxno=4085329,제목,규칙기반 자동분류(제목·요약 낱말 대조)
2026-09-24,한려해상,경남·전남,기타,미분류,"가을 남해, 쪽빛 바다와 초록 산이 어우러진 가볼 만한 곳",topstarnews.net,https://www.topstarnews.net/news/articleView.html?idxno=16211945,요약,규칙기반 자동분류(제목·요약 낱말 대조)
2026-09-24,한려해상,경남·전남,기타,미분류,"우리 동네 뒷산, 나만 몰랐나…글로벌 OTT 홀린 ‘K 등산’ 클라스",hani.co.kr,https://www.hani.co.kr/arti/culture/culture_general/1279363.html,요약,규칙기반 자동분류(제목·요약 낱말 대조)
2026-09-24,설악산,강원,탐방시설,축제·행사,"""명산탐방+꽃축제+귀성객""…강원 추석 연휴 첫 날부터 특수(종합)",news1.kr,https://www.news1.kr/local/kangwon/6301278,요약,규칙기반 자동분류(제목·요약 낱말 대조)
2026-09-24,설악산,강원,탐방시설,탐방객 동향,"""휴일엔 명산""…추석 연휴 첫 날 강원 4대 국립공원 2만 명 육박",news1.kr,https://www.news1.kr/local/kangwon/6301269,요약,규칙기반 자동분류(제목·요약 낱말 대조)
2026-09-24,설악산,강원,탐방시설,기타,설악산 단풍철 특별 교통 대책 추진,news.kbs.co.kr,https://news.kbs.co.kr/news/pc/view/view.do?ncd=8671032&ref=A,제목,규칙기반 자동분류(제목·요약 낱말 대조)
2026-09-24,내장산,전북·전남,기타,미분류,"""추석 연휴 차례 지내고 가을 속으로""…전남광주특별시, 가족 맞춤형 명...",breaknews.com,http://www.breaknews.com/1239054,요약,규칙기반 자동분류(제목·요약 낱말 대조)
2026-09-24,내장산,전북·전남,기타,미분류,차례 마치고 어디 갈까… 전남광주로 떠나는 추석 가을여행,view.asiae.co.kr,https://view.asiae.co.kr/article/2026092410211851150,요약,규칙기반 자동분류(제목·요약 낱말 대조)
2026-09-24,주왕산,경북,재난안전,산불,통제구역 들어가고 화기 부주의까지…국립공원 산불 예방 ‘비상’,m-economynews.com,https://www.m-economynews.com/news/article.html?no=71051,요약,규칙기반 자동분류(제목·요약 낱말 대조)
2026-09-24,다도해해상,전남,자원보전,조류,보호 필요한 철새 바다제비...다도해 무인도가 품다,ytn.co.kr,https://www.ytn.co.kr/_ln/0103_202609240659310148,요약,규칙기반 자동분류(제목·요약 낱말 대조)
2026-09-24,소백산,충북·경북,탐방시설,탐방로,"소백산, 가을 야생화 절정…추석 연휴 가족 산행객 발길 유혹",kyongbuk.co.kr,https://www.kyongbuk.co.kr/news/articleView.html?idxno=4085333,제목,규칙기반 자동분류(제목·요약 낱말 대조)
2026-09-24,월출산,전남,탐방시설,탐방로,[주간 명산] 둥근 보름달 마주하는 '달의 산'…추석 연휴 월출산 정취 속...,ikbc.co.kr,https://www.ikbc.co.kr/article/view/kbc202609230033,제목,규칙기반 자동분류(제목·요약 낱말 대조)
2026-09-24,변산반도,전북 부안,탐방시설,탐방로,부안 가을 풍경 속 해변과 지질 명소 가볼 만한 곳,joongangenews.com,https://www.joongangenews.com/news/articleView.html?idxno=550480,요약,규칙기반 자동분류(제목·요약 낱말 대조)
2026-09-24,팔공산,대구·경북,행정,지정·구역,"""백운산 국립공원 안 돼""…광양 고로쇠 농가 생존권 사수",daily.hankooki.com,https://daily.hankooki.com/news/articleView.html?idxno=1409626,요약,규칙기반 자동분류(제목·요약 낱말 대조)
2026-09-24,지리산,전남·전북·경남,기타,미분류,"""위험해요. 가지 마세요!""…지리산·북한산 등에 'AI 반달이' 뜬다",straightnews.co.kr,https://www.straightnews.co.kr/news/articleView.html?idxno=311905,제목,규칙기반 자동분류(제목·요약 낱말 대조)
2026-09-24,(전체·공통),전국·공통,행정,법령·제도,"[역사 속 오늘] 9월 24일…법과 제도를 세우고, 전쟁을 막기 위한 약속을...",upkoreanews.kr,https://www.upkoreanews.kr/news/articleView.html?idxno=100405,해당없음,규칙기반 자동분류(제목·요약 낱말 대조)
2026-09-24,(전체·공통),전국·공통,구조활동,실종·수색,“영지버섯이다!” 먹더니 응급실행…전문가도 깜빡 속는 ‘독버섯’,joongang.co.kr,https://www.joongang.co.kr/article/25464612,해당없음,규칙기반 자동분류(제목·요약 낱말 대조)
2026-09-23,지리산,전남·전북·경남,자원보전,포유류,아빠 여우와 숨바꼭질… 나들이 가는 족제비,donga.com,https://www.donga.com/news/People/article/all/20260923/134723483/2,요약,규칙기반 자동분류(제목·요약 낱말 대조)
2026-09-23,계룡산,대전·충남,탐방시설,기타,'온돌 좌석 스벅·한옥 할리스'…이색 카페서 추석 나들이 즐겨볼까,newsis.com,https://www.newsis.com/view/NISX20260922_0003800884,요약,규칙기반 자동분류(제목·요약 낱말 대조)
2026-09-23,한려해상,경남·전남,탐방시설,케이블카·삭도,"거제파노라마케이블카 임직원, 수해민 돕기 성금 3000만 원 기부",busan.com,https://www.busan.com/view/busan/view.php?code=2026092314361692340,요약,규칙기반 자동분류(제목·요약 낱말 대조)
2026-09-23,한려해상,경남·전남,행정,법령·제도,[정책] 2026 국립공원 낚시관리 정책포럼 국립공원공단 “해상·해안공...,fishingseasons.co.kr,https://fishingseasons.co.kr/newscolumn/newscolumn_view.asp?b_no=90742&code=n,요약,규칙기반 자동분류(제목·요약 낱말 대조)
2026-09-23,설악산,강원,탐방시설,케이블카·삭도,설악산서 30대 등산객 추락해 숨져… 양양서 승용차 가드레일 충돌 후 ...,kado.net,https://www.kado.net/news/articleView.html?idxno=2074692,제목,규칙기반 자동분류(제목·요약 낱말 대조)
2026-09-23,설악산,강원,구조활동,실족·추락,케이블카 타고 간 등산객 하산 안 해…설악산서 숨진 채 발견,biz.heraldcorp.com,https://biz.heraldcorp.com/article/10883721?ref=naver,제목,규칙기반 자동분류(제목·요약 낱말 대조)
2026-09-23,설악산,강원,구조활동,실족·추락,설악산서 등산객 숨진 채 발견...추락 추정,wikitree.co.kr,https://www.wikitree.co.kr/articles/1161656,제목,규칙기반 자동분류(제목·요약 낱말 대조)
2026-09-23,설악산,강원,구조활동,심정지·응급질환,설악산 등산객 심정지 상태로 발견…권금성 인근서 추락 추정,kwnews.co.kr,https://www.kwnews.co.kr/article/20260923500203,제목,규칙기반 자동분류(제목·요약 낱말 대조)
2026-09-23,설악산,강원,구조활동,심정지·응급질환,설악산 권금성 인근 등산객 추락 추정…심정지 상태 발견,newsis.com,https://www.newsis.com/view/NISX20260923_0003802206,제목,규칙기반 자동분류(제목·요약 낱말 대조)
2026-09-23,설악산,강원,구조활동,실족·추락,설악산 권금성 인근서 등산객 추락 추정… 숨진 채 발견,jnilbo.com,https://www.jnilbo.com/news/articleView.html?idxno=90000068432,제목,규칙기반 자동분류(제목·요약 낱말 대조)
2026-09-23,설악산,강원,구조활동,심정지·응급질환,"설악산 권금성 인근서, 등산객 심정지 상태로 발견",hani.co.kr,https://www.hani.co.kr/arti/area/gangwon/1279249.html,제목,규칙기반 자동분류(제목·요약 낱말 대조)
2026-09-23,설악산,강원,탐방시설,케이블카·삭도,설악산 권금성 인근서 등산객 숨진 채 발견…추락 추정,kado.net,https://www.kado.net/news/articleView.html?idxno=2074667,제목,규칙기반 자동분류(제목·요약 낱말 대조)
2026-09-23,설악산,강원,구조활동,심정지·응급질환,"설악산 등산객, 권금성 상부서 70m 지점으로 추락…심정지 상태 발견",dt.co.kr,https://www.dt.co.kr/article/12085635?ref=naver,제목,규칙기반 자동분류(제목·요약 낱말 대조)
2026-09-23,설악산,강원,구조활동,심정지·응급질환,설악산서 등산객 심정지 상태로 발견…권금성 인근서 추락 추정,news.tvchosun.com,https://news.tvchosun.com/site/data/html_dir/2026/09/23/2026092390150.html,제목,규칙기반 자동분류(제목·요약 낱말 대조)
2026-09-23,설악산,강원,구조활동,실족·추락,설악산서 등산객 숨진 채 발견…권금성 인근서 추락 추정(종합),yna.co.kr,https://www.yna.co.kr/view/AKR20260923112000062?input=1195m,제목,규칙기반 자동분류(제목·요약 낱말 대조)
2026-09-23,설악산,강원,구조활동,심정지·응급질환,설악산서 등산객 심정지 상태 발견…70m 추락한 듯,mbn.mk.co.kr,http://mbn.mk.co.kr/pages/news/newsView.php?category=mbn00009&news_seq_no=5221110,제목,규칙기반 자동분류(제목·요약 낱말 대조)
2026-09-23,설악산,강원,구조활동,심정지·응급질환,설악산 권금성 70m 절벽 아래서 등산객 심정지 발견…추락 추정,kyeonggi.com,https://www.kyeonggi.com/article/20260923580175,제목,규칙기반 자동분류(제목·요약 낱말 대조)
2026-09-23,설악산,강원,구조활동,심정지·응급질환,"""등산객 안 내려와"" 신고…설악산서 심정지 상태로 발견",news.sbs.co.kr,https://news.sbs.co.kr/news/endPage.do?news_id=N1008767659&plink=ORI&cooper=NAVER,제목,규칙기반 자동분류(제목·요약 낱말 대조)
2026-09-23,지리산,전남·전북·경남,탐방시설,편의·무장애,"“주차장은 괜찮은 줄” 국립공원 흡연, 단속에도 여전",donga.com,https://www.donga.com/news/Society/article/all/20260923/134723351/2,요약,규칙기반 자동분류(제목·요약 낱말 대조)
2026-09-23,설악산,강원,탐방시설,탐방로,설악산 선녀봉 인근 비법정 탐방로서 길 잃은 40대 남성 구조,news.tvchosun.com,https://news.tvchosun.com/site/data/html_dir/2026/09/23/2026092390140.html,제목,규칙기반 자동분류(제목·요약 낱말 대조)
2026-09-23,설악산,강원,구조활동,헬기·이송,"""산 갔는데 안 내려와""…설악산서 등산객 숨진 채 발견",news1.kr,https://www.news1.kr/local/kangwon/6300355,제목,규칙기반 자동분류(제목·요약 낱말 대조)
2026-09-23,가야산,경북·경남,기타,미분류,"'트윙클 성주' 3년, 성주의 밤이 관광역사를 바꾸고 있다",idaegu.com,https://www.idaegu.com/news/articleView.html?idxno=665874,요약,규칙기반 자동분류(제목·요약 낱말 대조)
2026-09-23,덕유산,전북·경남,기타,미분류,추석 연휴 어디 갈까…관광공사 추천 여행지 4곳,traveltimes.co.kr,https://www.traveltimes.co.kr/news/articleView.html?idxno=500462,요약,규칙기반 자동분류(제목·요약 낱말 대조)
2026-09-23,덕유산,전북·경남,탐방시설,축제·행사,"한국관광공사, 추석 연휴 맞이 전국 주요 관광지 및 문화·체험 프로그...",discoverynews.kr,https://www.discoverynews.kr/news/articleView.html?idxno=1102453,요약,규칙기반 자동분류(제목·요약 낱말 대조)
2026-09-23,주왕산,경북,자원보전,식생·개화,산불 피해 주왕산에 ‘둥근잎꿩의비름’ 개화,news.kbs.co.kr,https://news.kbs.co.kr/news/pc/view/view.do?ncd=8670368&ref=A,제목,규칙기반 자동분류(제목·요약 낱말 대조)
2026-09-23,다도해해상,전남,행정,지정·구역,"완도의 푸른 바다와 산, 가을에 가볼 만한 곳",joongangenews.com,https://www.joongangenews.com/news/articleView.html?idxno=549023,요약,규칙기반 자동분류(제목·요약 낱말 대조)
2026-09-23,(전체·공통),전국·공통,기타,미분류,가을 고흥에서 우주와 자연을 만나는 가볼 만한 곳,topstarnews.net,https://www.topstarnews.net/news/articleView.html?idxno=16203787,해당없음,규칙기반 자동분류(제목·요약 낱말 대조)
2026-09-23,북한산,서울·경기,탐방시설,해설·교육,여기선 '추석 때 할 일' 대신 이 생각만 합니다,ohmynews.com,https://www.ohmynews.com/NWS_Web/View/at_pg.aspx?CNTN_CD=A0003269216&CMPT_CD=P0010&utm_source=naver&utm_medium=newsearch&utm_campaign=naver_news,요약,규칙기반 자동분류(제목·요약 낱말 대조)
2026-09-23,북한산,서울·경기,기타,미분류,서울에서 가장 높은 스타벅스…63빌딩 꼭대기에서 맛본 ‘한국의 맛’ ...,biz.heraldcorp.com,https://biz.heraldcorp.com/article/10882999?ref=naver,요약,규칙기반 자동분류(제목·요약 낱말 대조)
2026-09-23,월악산,충북·경북,탐방시설,탐방로,"짧다고 얕봤다간 ‘아찔’..악어봉 ""안전 빌려드립니다""",news.mbccb.co.kr,http://news.mbccb.co.kr/home/sub.php?menukey=61&mod=view&RECEIVE_DATE=20260923&SEQUENCE=3736,요약,규칙기반 자동분류(제목·요약 낱말 대조)
2026-09-23,월악산,충북·경북,자원보전,불법·무질서 단속,"월악산국립공원, 전국 최초 '드론순찰대' 본격 가동",news.mbccb.co.kr,http://news.mbccb.co.kr/home/sub.php?menukey=61&mod=view&RECEIVE_DATE=20260923&SEQUENCE=0110,제목,규칙기반 자동분류(제목·요약 낱말 대조)
2026-09-23,소백산,충북·경북,자원보전,식생·개화,"소백산, 가을 야생화 만개",andongmbc.co.kr,http://andongmbc.co.kr/adboard/NewsView84936,제목,규칙기반 자동분류(제목·요약 낱말 대조)
2026-09-23,소백산,충북·경북,자원보전,식생·개화,소백산에 가을 야생화 만개,imaeil.com,https://www.imaeil.com/page/view/2026092311032995198,제목,규칙기반 자동분류(제목·요약 낱말 대조)
2026-09-23,소백산,충북·경북,탐방시설,탐방객 동향,"소백산국립공원, 저지대부터 고지대까지 가을 야생화 만개해 탐방객에...",dkilbo.com,https://www.dkilbo.com/news/articleView.html?idxno=555400,제목,규칙기반 자동분류(제목·요약 낱말 대조)
2026-09-23,소백산,충북·경북,탐방시설,탐방로,"""꽃 이름 몰라도 황홀""…소백산 가을 야생화가 선사한 풍경 [TF사진관]",news.tf.co.kr,https://news.tf.co.kr/read/national/2369271.htm,제목,규칙기반 자동분류(제목·요약 낱말 대조)
2026-09-23,팔공산,대구·경북,기타,미분류,"추석 연휴, 대구 도심서 문화 행사 즐겨볼까",imaeil.com,https://www.imaeil.com/page/view/2026092310291092096,요약,규칙기반 자동분류(제목·요약 낱말 대조)
2026-09-23,금정산,부산·경남,행정,지정·구역,"올해 금정산생명문화축전, 국립공원 자축하는 행사로",kookje.co.kr,http://www.kookje.co.kr/news2011/asp/newsbody.asp?code=0500&key=20260924.22013008268,제목,규칙기반 자동분류(제목·요약 낱말 대조)
2026-09-23,금정산,부산·경남,자원보전,식생·개화,"금강식물원 살리기, 공공이 앞장서 해법 찾아야",busan.com,https://www.busan.com/view/busan/view.php?code=2026092317264398285,요약,규칙기반 자동분류(제목·요약 낱말 대조)
2026-09-23,금정산,부산·경남,행정,예산·재정,장기 표류 금강공원 재정비…활로 찾나?,news.kbs.co.kr,https://news.kbs.co.kr/news/pc/view/view.do?ncd=8670057&ref=A,요약,규칙기반 자동분류(제목·요약 낱말 대조)
2026-09-23,금정산,부산·경남,행정,예산·재정,"[사설] 시민 추억 깃든 금강식물원, 공공성 살릴 해법 필요하다",busan.com,https://www.busan.com/view/busan/view.php?code=2026092217593373445,요약,규칙기반 자동분류(제목·요약 낱말 대조)
2026-09-23,(전체·공통),전국·공통,행정,인사·조직,"""발로 뛰는 추석 민생 현장""…광주·전남 의원들, 바닥 민심 살핀다",jnilbo.com,https://www.jnilbo.com/news/articleView.html?idxno=90000068426,해당없음,규칙기반 자동분류(제목·요약 낱말 대조)
2026-09-23,(전체·공통),전국·공통,행정,기타,"""K-컬처 열풍이 내수 살렸다""...외래관광객 2300만 시대 눈앞",koreareport.co.kr,https://www.koreareport.co.kr/news/articleView.html?idxno=53204,해당없음,규칙기반 자동분류(제목·요약 낱말 대조)
2026-09-23,지리산,전남·전북·경남,행정,법령·제도,"[인터뷰] 김성수 학장, ""지리산국제환경비엔날레, 경남 하동서 시작해 ...",enewstoday.co.kr,http://www.enewstoday.co.kr/news/articleView.html?idxno=2473834,제목,규칙기반 자동분류(제목·요약 낱말 대조)
2026-09-23,(전체·공통),전국·공통,행정,기타,[스타트 브리핑] 전국 읍면동 10곳 중 3곳은 약국 없는 '무약촌',ytn.co.kr,https://www.ytn.co.kr/_ln/0103_202609230729214023,해당없음,규칙기반 자동분류(제목·요약 낱말 대조)
2026-09-23,(전체·공통),전국·공통,자원보전,멸종위기종,"""세계에서 가장 큰 도마뱀 보러 오세요""…'코모도왕도마뱀' 23일 공개",inews24.com,http://www.inews24.com/view/2008978,해당없음,규칙기반 자동분류(제목·요약 낱말 대조)
2026-09-23,(전체·공통),전국·공통,자원보전,멸종위기종,"""엄마! 공룡이야?""…연휴에 '세계 최대 도마뱀' 보러 국립생태원 갈까",ikbc.co.kr,https://www.ikbc.co.kr/article/view/kbc202609230017,해당없음,규칙기반 자동분류(제목·요약 낱말 대조)
2026-09-23,(전체·공통),전국·공통,자원보전,멸종위기종,깊은 산속은 벌써 명절…멸종위기 동물들의 추석맞이 이동 행렬,mbn.co.kr,http://www.mbn.co.kr/pages/news/newsView.php?news_seq_no=5221024,해당없음,규칙기반 자동분류(제목·요약 낱말 대조)
2026-09-23,(전체·공통),전국·공통,자원보전,멸종위기종,"‘지구상 가장 큰 도마뱀’, 밀수 후 구조돼 국립생태원서 만난다",kyeonggi.com,https://www.kyeonggi.com/article/20260923580011,해당없음,규칙기반 자동분류(제목·요약 낱말 대조)
2026-09-23,덕유산,전북·경남,자원보전,멸종위기종,새끼 돌보고 먹잇감 쫓고‥무인 카메라 속 야생,imnews.imbc.com,https://imnews.imbc.com/replay/2026/nwtoday/article/6853674_37012.html,요약,규칙기반 자동분류(제목·요약 낱말 대조)
2026-09-23,(전체·공통),전국·공통,재난안전,지진,"산림복지진흥원, '안전문화 협력 네트워크' 워크숍·추석 나눔 실천",cstimes.com,https://www.cstimes.com/news/articleView.html?idxno=721905,해당없음,규칙기반 자동분류(제목·요약 낱말 대조)
2026-09-23,(전체·공통),전국·공통,재난안전,산불,"산림복지진흥원,안전한 숲, 신뢰받는 산림복지…'안전망 강화'",ccnnews.co.kr,http://www.ccnnews.co.kr/news/articleView.html?idxno=415393,해당없음,규칙기반 자동분류(제목·요약 낱말 대조)
2026-09-22,지리산,전남·전북·경남,기타,미분류,구름 낀 구례 노고단,yna.co.kr,https://www.yna.co.kr/view/PYH20260922086600054?input=1196m,요약,규칙기반 자동분류(제목·요약 낱말 대조)
2026-09-22,경주,경북 경주,기타,미분류,"경주국립공원, 지난해 추석 연휴 방문객 최다",news.kbs.co.kr,https://news.kbs.co.kr/news/pc/view/view.do?ncd=8669922&ref=A,제목,규칙기반 자동분류(제목·요약 낱말 대조)
2026-09-22,계룡산,대전·충남,기타,미분류,"추석 연휴, 가을 정취 즐기기 좋은 할리스 매장 4곳 추천",slist.kr,https://www.slist.kr/news/articleView.html?idxno=768185,요약,규칙기반 자동분류(제목·요약 낱말 대조)
2026-09-22,계룡산,대전·충남,기타,미분류,"국립공주박물관서 '한국의 영산, 계룡산' 특별전 22일 개막",m-i.kr,https://www.m-i.kr/news/articleView.html?idxno=1417557,제목,규칙기반 자동분류(제목·요약 낱말 대조)
2026-09-22,계룡산,대전·충남,행정,인사·조직,국립공주박물관서 '한국의 영산 계룡산' 특별전,ggilbo.com,https://www.ggilbo.com/news/articleView.html?idxno=1183363,제목,규칙기반 자동분류(제목·요약 낱말 대조)
2026-09-22,계룡산,대전·충남,행정,기타,“추석엔 온돌 평상·한옥 카페로”…커피업계 가을 나들이族 공략,mk.co.kr,https://www.mk.co.kr/article/12159098,요약,규칙기반 자동분류(제목·요약 낱말 대조)
2026-09-22,지리산,전남·전북·경남,자원보전,포유류,"국립공원공단, 추석 연휴 맞아 산양, 수달 등 야생동물 활동영상 공개",m-economynews.com,https://www.m-economynews.com/news/article.html?no=70969,요약,규칙기반 자동분류(제목·요약 낱말 대조)
2026-09-22,지리산,전남·전북·경남,탐방시설,편의·무장애,"국립공원공단, 야생동물 활동 희귀영상 공개",womentimes.co.kr,https://www.womentimes.co.kr/news/articleView.html?idxno=106402,요약,규칙기반 자동분류(제목·요약 낱말 대조)
2026-09-22,지리산,전남·전북·경남,자원보전,포유류,다람쥐 가족 앞다퉈 들어가다 미끄덩~…카메라 찍힌 ‘야생동물 사생활...,hani.co.kr,https://www.hani.co.kr/arti/animalpeople/wild_animal/1279047.html,요약,규칙기반 자동분류(제목·요약 낱말 대조)
2026-09-22,한려해상,경남·전남,기타,미분류,"낭만적인 가을, 남해에서 놓치지 말아야 할 가볼 만한 곳들",topstarnews.net,https://www.topstarnews.net/news/articleView.html?idxno=16198259,요약,규칙기반 자동분류(제목·요약 낱말 대조)
2026-09-22,지리산,전남·전북·경남,탐방시설,편의·무장애,“주차장이라 괜찮은 줄”…국립공원 단속에도 1~8월 흡연적발 2849건,donga.com,https://www.donga.com/news/Society/article/all/20260922/134718967/1,요약,규칙기반 자동분류(제목·요약 낱말 대조)
2026-09-22,지리산,전남·전북·경남,자원보전,멸종위기종,"무인카메라에 담긴 야생의 일상…국립공원공단, 추석 맞아 공개",newscammp.co.kr,https://www.newscammp.co.kr/news/articleView.html?idxno=6963,요약,규칙기반 자동분류(제목·요약 낱말 대조)
2026-09-22,지리산,전남·전북·경남,자원보전,포유류,무인카메라에 담긴 야생동물들,thereport.co.kr,https://www.thereport.co.kr/news/articleView.html?idxno=91669,요약,규칙기반 자동분류(제목·요약 낱말 대조)
2026-09-22,지리산,전남·전북·경남,자원보전,포유류,"추석 연휴, 국립공원에 찾아온 야생동물… 산양·수달 생생한 모습 공개",metroseoul.co.kr,http://www.metroseoul.co.kr/article/20260922500340,요약,규칙기반 자동분류(제목·요약 낱말 대조)
2026-09-22,지리산,전남·전북·경남,자원보전,포유류,산양·여우부터 수달까지…국립공원 야생동물 한눈에,dailian.co.kr,https://www.dailian.co.kr/news/view/1693235/?sc=Naver,요약,규칙기반 자동분류(제목·요약 낱말 대조)
2026-09-22,지리산,전남·전북·경남,자원보전,멸종위기종,아기 여우와 놀아주는 아빠 여우…국립공원 야생동물 영상 공개,newsis.com,https://www.newsis.com/view/NISX20260922_0003799612,요약,규칙기반 자동분류(제목·요약 낱말 대조)
2026-09-22,설악산,강원,구조활동,조난·고립,설악산 선녀봉 비법정 탐방로서 길 잃은 40대…헬기로 구조,kado.net,https://www.kado.net/news/articleView.html?idxno=2074503,제목,규칙기반 자동분류(제목·요약 낱말 대조)
2026-09-22,설악산,강원,탐방시설,탐방로,설악산 선녀봉 인근 비법정 탐방로서 길 잃은 40대 구조,yna.co.kr,https://www.yna.co.kr/view/AKR20260922177200062?input=1195m,제목,규칙기반 자동분류(제목·요약 낱말 대조)
2026-09-22,속리산,충북·경북,행정,협약·협력,"충북테크노파크, 국립공원공단과 손잡고 지역기업 판로 확대 및 상생 협...",breaknews.com,http://www.breaknews.com/1238729,요약,규칙기반 자동분류(제목·요약 낱말 대조)
2026-09-22,속리산,충북·경북,행정,협약·협력,"'속리산 찾은 관광객이 지역제품 고객으로'…충북, 국립공원 판로 연계",bzeronews.com,https://www.bzeronews.com/news/articleView.html?idxno=823045,제목,규칙기반 자동분류(제목·요약 낱말 대조)
2026-09-22,속리산,충북·경북,행정,협약·협력,"충북TP·국립공원공단, 지역상생 위해 '맞손'",ccdn.co.kr,https://www.ccdn.co.kr/news/articleView.html?idxno=1101565,요약,규칙기반 자동분류(제목·요약 낱말 대조)
2026-09-22,속리산,충북·경북,행정,협약·협력,"충북TP-국립공원공단, 지역기업 판로 확대 맞손",ccreview.co.kr,https://www.ccreview.co.kr/news/articleView.html?idxno=358341,요약,규칙기반 자동분류(제목·요약 낱말 대조)
2026-09-22,속리산,충북·경북,행정,협약·협력,"충북TP, 국립공원공단과 기업 판로 확대-경제 활성화 협약",gukjenews.com,https://www.gukjenews.com/news/articleView.html?idxno=3702257,요약,규칙기반 자동분류(제목·요약 낱말 대조)
2026-09-22,속리산,충북·경북,행정,협약·협력,"충북테크노파크·국립공원공단, 지역기업 판로 확대 맞손",energy-news.co.kr,https://www.energy-news.co.kr/news/articleView.html?idxno=228440,요약,규칙기반 자동분류(제목·요약 낱말 대조)
2026-09-22,한라산,제주,자원보전,식생·개화,제주 신규 용암동굴 절대보전지역 지정 전망,jejudomin.co.kr,https://www.jejudomin.co.kr/news/articleView.html?idxno=400500,요약,규칙기반 자동분류(제목·요약 낱말 대조)
2026-09-22,한라산,제주,자원보전,기타,"제주 절대보전지역 증가 예상, 10월에 초안 공개",jejusori.net,https://www.jejusori.net/news/articleView.html?idxno=506785,요약,규칙기반 자동분류(제목·요약 낱말 대조)
2026-09-22,한라산,제주,자원보전,식생·개화,신규 제주고사리삼 군락지 발견 ... 절대·관리보전지역 늘어난다,mediajeju.com,https://www.mediajeju.com/news/articleView.html?idxno=366410,요약,규칙기반 자동분류(제목·요약 낱말 대조)
2026-09-22,한라산,제주,자원보전,식생·개화,제주 보전지역 다시 정비한다...용암동굴·숨골 신규 지정 추진,headlinejeju.co.kr,https://www.headlinejeju.co.kr/news/articleView.html?idxno=599408,요약,규칙기반 자동분류(제목·요약 낱말 대조)
2026-09-22,내장산,전북·전남,기타,미분류,"추석 연휴, 전남광주 가을 만끽…가볼만한 곳 10선",kjdaily.com,http://www.kjdaily.com/article.php?aid=1790073480687525002,요약,규칙기반 자동분류(제목·요약 낱말 대조)
2026-09-22,내장산,전북·전남,기타,미분류,"""추석 연휴 어디로 갈까"" 전남광주특별시 추천 여행지 10곳",news1.kr,https://www.news1.kr/local/gwangju-jeonnam/6298980,요약,규칙기반 자동분류(제목·요약 낱말 대조)
2026-09-22,내장산,전북·전남,기타,미분류,추석 연휴 전남광주 곳곳 가을 나들이…섬박람회·비엔날레 등 볼거리 ...,thefairnews.co.kr,https://www.thefairnews.co.kr/news/articleView.html?idxno=88809,요약,규칙기반 자동분류(제목·요약 낱말 대조)
2026-09-22,내장산,전북·전남,탐방시설,편의·무장애,[전북의 창] 과거와 현재의 만남…남원 서도역 ‘서도마루’ 새 단장,news.kbs.co.kr,https://news.kbs.co.kr/news/pc/view/view.do?ncd=8669332&ref=A,요약,규칙기반 자동분류(제목·요약 낱말 대조)
2026-09-22,내장산,전북·전남,기타,미분류,"추석 가족 나들이, 전남광주 명소로 떠나요",wikitree.co.kr,https://www.wikitree.co.kr/articles/1161176,요약,규칙기반 자동분류(제목·요약 낱말 대조)
2026-09-22,덕유산,전북·경남,기타,미분류,"살로몬 서촌 '트레일 런 서울', 오픈 5개월 만에 월 최대 2만명 찾는다",ktnews.com,http://www.ktnews.com/news/articleView.html?idxno=148779,요약,규칙기반 자동분류(제목·요약 낱말 대조)
2026-09-22,주왕산,경북,자원보전,멸종위기종,주왕산 깃대종 '둥근잎꿩의비름' 산불 상흔 견디고 개화,andongmbc.co.kr,http://andongmbc.co.kr/adboard/NewsView84911,제목,규칙기반 자동분류(제목·요약 낱말 대조)
2026-09-22,주왕산,경북,자원보전,멸종위기종,"주왕산국립공원 둥근잎꿩의비름, 산불 극복하며 9월 말 절정 개화",dkilbo.com,https://www.dkilbo.com/news/articleView.html?idxno=555381,제목,규칙기반 자동분류(제목·요약 낱말 대조)
2026-09-22,다도해해상,전남,자원보전,복원·방사,"롯데케미칼, 대대적 해초지 복원 사업 진행",todayenergy.kr,https://www.todayenergy.kr/news/articleView.html?idxno=303432,요약,규칙기반 자동분류(제목·요약 낱말 대조)
2026-09-22,북한산,서울·경기,행정,지정·구역,[조한규의 서울 신도시인문학] 인수봉은 큰 바위 얼굴이다,ajunews.com,https://www.ajunews.com/view/20260915095030042,요약,규칙기반 자동분류(제목·요약 낱말 대조)
2026-09-22,소백산,충북·경북,탐방시설,해설·교육,"국립공원공단 소백산국립공원, 추석 연휴 삼가야영장서 가족 체험 프로...",dkilbo.com,https://www.dkilbo.com/news/articleView.html?idxno=555384,제목,규칙기반 자동분류(제목·요약 낱말 대조)
2026-09-22,소백산,충북·경북,탐방시설,탐방로,소백산의 가을꽃 향연…물매화부터 구절초까지 '활짝',newsis.com,https://www.newsis.com/view/NISX20260922_0003800934,제목,규칙기반 자동분류(제목·요약 낱말 대조)
2026-09-22,소백산,충북·경북,탐방시설,해설·교육,"소백산 삼가야영장, 추석 연휴 가족 체험 한마당",kyongbuk.co.kr,https://www.kyongbuk.co.kr/news/articleView.html?idxno=4085216,제목,규칙기반 자동분류(제목·요약 낱말 대조)
2026-09-22,소백산,충북·경북,탐방시설,야영장·대피소,[영주소식]추석 연휴 소백산 삼가야영장 '어울림 한마당' 등,newsis.com,https://www.newsis.com/view/NISX20260922_0003800680,제목,규칙기반 자동분류(제목·요약 낱말 대조)
2026-09-22,월출산,전남,탐방시설,축제·행사,"영암군, 베트남 다낭 방송국 DNRT와 관광 콘텐츠 공동 제작 추진",newsmaker.or.kr,http://www.newsmaker.or.kr/news/articleView.html?idxno=183071,요약,규칙기반 자동분류(제목·요약 낱말 대조)
2026-09-22,월출산,전남,탐방시설,탐방로,월출산 산성대 구간 탐방로 예약제...1일 230명만 이용,ikbc.co.kr,https://www.ikbc.co.kr/article/view/kbc202609220008,제목,규칙기반 자동분류(제목·요약 낱말 대조)
2026-09-22,변산반도,전북 부안,탐방시설,기타,새만금환경단지에 야생 동식물 늘었다…4년 새 396→649종,yna.co.kr,https://www.yna.co.kr/view/AKR20260922127900055?input=1195m,요약,규칙기반 자동분류(제목·요약 낱말 대조)
2026-09-22,무등산,광주·전남,탐방시설,편의·무장애,"무등산국립공원동부사무소, 탐방로 정비공사 완료",jndn.com,http://www.jndn.com/article.php?aid=1790067009440149011,제목,규칙기반 자동분류(제목·요약 낱말 대조)
2026-09-22,무등산,광주·전남,탐방시설,편의·무장애,무등산국립공원 입석대 등 탐방로 정비 완료,news1.kr,https://www.news1.kr/local/gwangju-jeonnam/6298708,제목,규칙기반 자동분류(제목·요약 낱말 대조)
2026-09-22,북한산,서울·경기,자원보전,불법·무질서 단속,"국립공원공단, 가을 단풍철 불법·무질서 행위 집중관리…9월 21일부터 ...",medicalworldnews.co.kr,https://medicalworldnews.co.kr/news/view.php?idx=1510977385,요약,규칙기반 자동분류(제목·요약 낱말 대조)
2026-09-22,팔공산,대구·경북,행정,지정·구역,"긴 추석 연휴, 어디 갈까…산·시장·미술관에서 즐기는 ‘대구의 가을...",kbmaeil.com,https://www.kbmaeil.com/article/20260917500690,요약,규칙기반 자동분류(제목·요약 낱말 대조)
2026-09-22,팔공산,대구·경북,기타,미분류,경산 갓바위 소원길 300명 달리고 걸었다…‘2026 사찰런’ 마무리,kbsm.net,https://www.kbsm.net/news/view.php?idx=535311,요약,규칙기반 자동분류(제목·요약 낱말 대조)
2026-09-22,금정산,부산·경남,행정,기타,멈춰 선 금강공원 정비…내년 새 밑그림,news.kbs.co.kr,https://news.kbs.co.kr/news/pc/view/view.do?ncd=8669829&ref=A,요약,규칙기반 자동분류(제목·요약 낱말 대조)
2026-09-22,금정산,부산·경남,행정,예산·재정,재개장 기약 없는 국내 1호 민간식물원 [존폐 기로에 선 금강식물원],busan.com,https://www.busan.com/view/busan/view.php?code=2026092218383347181,요약,규칙기반 자동분류(제목·요약 낱말 대조)
2026-09-22,금정산,부산·경남,탐방시설,케이블카·삭도,국립공원 금정산·금강공원과 연계해야 해법 보인다 [존폐 기로에 선 금...,busan.com,https://www.busan.com/view/busan/view.php?code=2026092218352541993,제목,규칙기반 자동분류(제목·요약 낱말 대조)
2026-09-22,금정산,부산·경남,탐방시설,해설·교육,"캠코, 부산 미래세대에 9억8000만원 지원…어린이 숲·청년 장학금 연결",newstown.co.kr,http://www.newstown.co.kr/news/articleView.html?idxno=716663,요약,규칙기반 자동분류(제목·요약 낱말 대조)
2026-09-22,금정산,부산·경남,행정,인사·조직,“시민 이용불편 없는 관리체계 3년내 수립하겠다”,kookje.co.kr,http://www.kookje.co.kr/news2011/asp/newsbody.asp?code=0300&key=20260923.22017007805,요약,규칙기반 자동분류(제목·요약 낱말 대조)
2026-09-22,금정산,부산·경남,탐방시설,해설·교육,"[함께가자 우리ESG] 캠코, 부산시와 손잡고 '키우미 숲' 조성 및 장학금...",newslock.co.kr,http://www.newslock.co.kr/news/articleView.html?idxno=136866,요약,규칙기반 자동분류(제목·요약 낱말 대조)
2026-09-22,금정산,부산·경남,탐방시설,해설·교육,숲 만들고 인재 키운다… 캠코의 부산 상생,pressman.kr,https://www.pressman.kr/news/articleView.html?idxno=103763,요약,규칙기반 자동분류(제목·요약 낱말 대조)
2026-09-22,금정산,부산·경남,탐방시설,케이블카·삭도,"캠코, 부산 미래세대 위해 어린이 숲 조성…청년 장학금도 지원",cnbnews.com,https://www.cnbnews.com/news/articleView.html?idxno=1016946,요약,규칙기반 자동분류(제목·요약 낱말 대조)
2026-09-22,금정산,부산·경남,탐방시설,케이블카·삭도,"캠코, 부산 청년에게 장학금 주고 숲 체험 공간 만든다",mk.co.kr,https://www.mk.co.kr/article/12159382,요약,규칙기반 자동분류(제목·요약 낱말 대조)
2026-09-22,금정산,부산·경남,행정,협약·협력,"캠코, 부산 어린이정원 조성 2억·청년 장학금 10년간 7.8억 지원",pinpointnews.co.kr,https://www.pinpointnews.co.kr/news/articleView.html?idxno=489640,요약,규칙기반 자동분류(제목·요약 낱말 대조)
2026-09-22,금정산,부산·경남,행정,협약·협력,"부산시-캠코, '지역인재 장학금·어린이 숲 조성' 업무협약",news1.kr,https://www.news1.kr/local/busan-gyeongnam/6298827,요약,규칙기반 자동분류(제목·요약 낱말 대조)
2026-09-22,(전체·공통),전국·공통,자원보전,멸종위기종,"[청소년뉴스] 용인시청소년상담복지센터, 또래상담자 연합회 '또래심청...",ibabynews.com,https://www.ibabynews.com/news/articleView.html?idxno=154730,해당없음,규칙기반 자동분류(제목·요약 낱말 대조)
2026-09-22,(전체·공통),전국·공통,행정,기타,인공지능에도 탄소 계산서가 필요하다,energy-news.co.kr,https://www.energy-news.co.kr/news/articleView.html?idxno=228493,해당없음,규칙기반 자동분류(제목·요약 낱말 대조)
2026-09-22,(전체·공통),전국·공통,자원보전,기타,호랑이·표범 늘었지만...숫자 뒤에 숨은 진짜 숙제는?,newspenguin.com,https://www.newspenguin.com/news/articleView.html?idxno=22207,해당없음,규칙기반 자동분류(제목·요약 낱말 대조)
2026-09-22,(전체·공통),전국·공통,재난안전,산불,"캘리포니아 요세미티 국립공원서 산불진화 헬기 추락, 2명 사망",newsis.com,https://www.newsis.com/view/NISX20260922_0003799654,해당없음,규칙기반 자동분류(제목·요약 낱말 대조)
2026-09-22,(전체·공통),전국·공통,재난안전,산불,"시민 안전 지킨 현장 대응···부산시설공단, 행안부 장관 표창",daily.hankooki.com,https://daily.hankooki.com/news/articleView.html?idxno=1408727,해당없음,규칙기반 자동분류(제목·요약 낱말 대조)
2026-09-22,(전체·공통),전국·공통,자원보전,복원·방사,"사라진 순록을 다시 산으로, 캐나다 재스퍼의 ‘카리부 귀환 프로젝트’",dailyt.co.kr,https://www.dailyt.co.kr/newsView/dlt202609220004,해당없음,규칙기반 자동분류(제목·요약 낱말 대조)
2026-09-22,(전체·공통),전국·공통,재난안전,산불,산불 진화 중 참변…요세미티 헬기 추락 2명 사망,koreadaily.com,https://www.koreadaily.com/article/20260921144448001,해당없음,규칙기반 자동분류(제목·요약 낱말 대조)
2026-09-22,(전체·공통),전국·공통,자원보전,멸종위기종,'세계에서 가장 큰 도마뱀' 오는 23일부터 서천서 공개,hankyung.com,https://www.hankyung.com/article/2026092220317,해당없음,규칙기반 자동분류(제목·요약 낱말 대조)
2026-09-22,(전체·공통),전국·공통,자원보전,멸종위기종,"밀수 후 구조된 '세계 최대' 코모도왕도마뱀, 내일(23일)부터 만날 수 있...",insight.co.kr,https://www.insight.co.kr/news/574785,해당없음,규칙기반 자동분류(제목·요약 낱말 대조)
2026-09-22,(전체·공통),전국·공통,자원보전,멸종위기종,"밀수로 압수된 ‘코모도왕도마뱀’, 23일부터 사람들과 만난다",segye.com,https://www.segye.com/newsView/20260922515303?OutUrl=naver,해당없음,규칙기반 자동분류(제목·요약 낱말 대조)
2026-09-22,(전체·공통),전국·공통,자원보전,기타,[쇼츠뉴스] “코모도왕도마뱀 보러 오세요”,bigtanews.co.kr,https://www.bigtanews.co.kr/article/view/big202609220027,해당없음,규칙기반 자동분류(제목·요약 낱말 대조)
2026-09-22,(전체·공통),전국·공통,자원보전,멸종위기종,"평균 탑승률 93% 찍은 마나도...이스타항공, 정기편 전환해 주 7회 운항",joongangenews.com,https://www.joongangenews.com/news/articleView.html?idxno=550038,해당없음,규칙기반 자동분류(제목·요약 낱말 대조)
2026-09-22,(전체·공통),전국·공통,자원보전,멸종위기종,"반얀그룹, 아프리카 공략 속도…뉴마크 인수로 7개국 진출",ajunews.com,https://www.ajunews.com/view/20260922165123860,해당없음,규칙기반 자동분류(제목·요약 낱말 대조)
2026-09-22,(전체·공통),전국·공통,자원보전,멸종위기종,"밀수됐다 구조된 세계 최대종 도마뱀, 내일부터 시민 공개",donga.com,https://www.donga.com/news/Society/article/all/20260922/134720344/1,해당없음,규칙기반 자동분류(제목·요약 낱말 대조)
2026-09-22,(전체·공통),전국·공통,자원보전,멸종위기종,"“세계에서 가장 크다”…밀수됐다 구조된 '희귀 동물', 내일부터 국내...",wikitree.co.kr,https://www.wikitree.co.kr/articles/1161389,해당없음,규칙기반 자동분류(제목·요약 낱말 대조)
2026-09-22,(전체·공통),전국·공통,자원보전,멸종위기종,밀수된 뒤 구조된 '세계 최대 도마뱀' 생태원서 23일부터 공개,view.asiae.co.kr,https://view.asiae.co.kr/article/2026092216192746612,해당없음,규칙기반 자동분류(제목·요약 낱말 대조)
2026-09-22,(전체·공통),전국·공통,기타,미분류,"이스타항공, 인도네시아 마나도 노선 정기편 취항",sports.hankooki.com,https://sports.hankooki.com/news/articleView.html?idxno=6940189,해당없음,규칙기반 자동분류(제목·요약 낱말 대조)
2026-09-22,(전체·공통),전국·공통,자원보전,멸종위기종,"밀수됐다 구조된 '세계 최대 도마뱀' 코모도왕도마뱀, 23일 공개",kado.net,https://www.kado.net/news/articleView.html?idxno=2074389,해당없음,규칙기반 자동분류(제목·요약 낱말 대조)
2026-09-22,(전체·공통),전국·공통,자원보전,멸종위기종,'용'이라 불리는 거대 도마뱀…국내서 만난다,wowtv.co.kr,http://www.wowtv.co.kr/NewsCenter/News/Read?articleId=A202609220088&t=NN,해당없음,규칙기반 자동분류(제목·요약 낱말 대조)
2026-09-22,(전체·공통),전국·공통,자원보전,멸종위기종,"시화호 청소년, ‘유스 앰배서더’로 세계에 시화호 생태 알린다",dailyt.co.kr,https://www.dailyt.co.kr/newsView/dlt202609220014,해당없음,규칙기반 자동분류(제목·요약 낱말 대조)
2026-09-22,(전체·공통),전국·공통,자원보전,멸종위기종,"밀수 후 구조된 '세계에서 가장 큰 도마뱀', 23일부터 공개",yna.co.kr,https://www.yna.co.kr/view/AKR20260922048700530?input=1195m,해당없음,규칙기반 자동분류(제목·요약 낱말 대조)
2026-09-22,(전체·공통),전국·공통,기타,미분류,"이스타항공, '숨은 휴양지' 마나도 정기편 띄운다",econovill.com,https://www.econovill.com/news/articleView.html?idxno=751522,해당없음,규칙기반 자동분류(제목·요약 낱말 대조)
2026-09-22,(전체·공통),전국·공통,재난안전,지진,한국산림복지진흥원 '안전문화 협력 네트워크' 워크숍 개최,news1.kr,https://www.news1.kr/local/daejeon-chungnam/6299201,해당없음,규칙기반 자동분류(제목·요약 낱말 대조)
2026-09-21,지리산,전남·전북·경남,구조활동,출동·대응,"지리산국립공원 전남사무소 대학생 서포터즈, 탐방객 안전관리 앞장",nocutnews.co.kr,https://www.nocutnews.co.kr/news/6581020?utm_source=naver&utm_medium=article&utm_campaign=20260921083818,제목,규칙기반 자동분류(제목·요약 낱말 대조)
2026-09-21,지리산,전남·전북·경남,기타,미분류,[경남]경제성 없는 터널.. 될 때까지 추진?,kjmbc.co.kr,https://kjmbc.co.kr/NewsArticle/1537853,요약,규칙기반 자동분류(제목·요약 낱말 대조)
2026-09-21,경주,경북 경주,탐방시설,탐방객 동향,"추석 인기 국립공원 1위는 경주, 팔공산 5위",kbmaeil.com,https://www.kbmaeil.com/article/20260921500651,제목,규칙기반 자동분류(제목·요약 낱말 대조)
2026-09-21,경주,경북 경주,기타,미분류,추석 인기 국립공원은 '경주'…지난해 방문자 21만명,news1.kr,https://www.news1.kr/local/daegu-gyeongbuk/6297512,제목,규칙기반 자동분류(제목·요약 낱말 대조)
2026-09-21,계룡산,대전·충남,자원보전,조류,"""추석 연휴 어디 갈까""…할리스, 한옥·호수 품은 가을 매장 추천",gpkorea.com,https://www.gpkorea.com/news/articleView.html?idxno=146887,요약,규칙기반 자동분류(제목·요약 낱말 대조)
2026-09-21,계룡산,대전·충남,행정,인사·조직,"국립공주박물관·계룡산국립공원사무소 '한국의 영산, 계룡산' 특별전",jbnews.com,https://www.jbnews.com/news/articleView.html?idxno=1512039,제목,규칙기반 자동분류(제목·요약 낱말 대조)
2026-09-21,계룡산,대전·충남,자원보전,조류,"할리스, 추석 연휴 가을 나들이 매장 4곳 추천",autodaily.co.kr,https://www.autodaily.co.kr/news/articleView.html?idxno=600619,요약,규칙기반 자동분류(제목·요약 낱말 대조)
2026-09-21,계룡산,대전·충남,기타,미분류,"[커피·음료 트렌드] 바샤커피, 추석 맞아 100% 아라비카 스페셜티 커피...",ibabynews.com,https://www.ibabynews.com/news/articleView.html?idxno=154712,요약,규칙기반 자동분류(제목·요약 낱말 대조)
2026-09-21,계룡산,대전·충남,자원보전,조류,"할리스, 추석 나들이 매장 4곳 제안…한옥부터 호수공원까지",thefirstmedia.net,http://www.thefirstmedia.net/news/articleView.html?idxno=209170,요약,규칙기반 자동분류(제목·요약 낱말 대조)
2026-09-21,계룡산,대전·충남,자원보전,조류,"할리스, 가을 정취 담은 한옥·자연 특화 매장 제안",news.bbsi.co.kr,https://news.bbsi.co.kr/news/articleView.html?idxno=4107898,요약,규칙기반 자동분류(제목·요약 낱말 대조)
2026-09-21,계룡산,대전·충남,자원보전,조류,"[위클리오늘] 동서식품, 할리스(9.21)",weeklytoday.com,http://www.weeklytoday.com/news/articleView.html?idxno=795320,요약,규칙기반 자동분류(제목·요약 낱말 대조)
2026-09-21,계룡산,대전·충남,재난안전,예방·훈련,"대전유성소방서 의용소방대, 가을철 안전산행 및 산불예방 캠페인 실시",gocj.net,http://www.gocj.net/news/articleView.html?idxno=152623,요약,규칙기반 자동분류(제목·요약 낱말 대조)
2026-09-21,계룡산,대전·충남,자원보전,식생·개화,"[똑똑한소비] 파파존스, 버거킹, 요기요, 설빙, 할리스, 삼성웰스토리",ekn.kr,https://www.ekn.kr/web/view.php?key=20260921028407209,요약,규칙기반 자동분류(제목·요약 낱말 대조)
2026-09-21,한려해상,경남·전남,자원보전,기타,AI 활용 상괭이 보전사업 추진,news.knn.co.kr,https://news.knn.co.kr/news/article/192561,요약,규칙기반 자동분류(제목·요약 낱말 대조)
2026-09-21,한려해상,경남·전남,자원보전,식생·개화,"한려해상국립공원, ""함께 키우고 함께 돌보는""자연숲 복원 이어간다",newsgn.com,https://www.newsgn.com/news/articleView.html?idxno=575454,제목,규칙기반 자동분류(제목·요약 낱말 대조)
2026-09-21,(전체·공통),전국·공통,재난안전,예방·훈련,늦더위에 멈춘 가을 시계…호남 명소 11월에나 '지각 단풍' 절정,dnews.co.kr,https://www.dnews.co.kr/uhtml/view.jsp?idxno=202609211551226040010,해당없음,규칙기반 자동분류(제목·요약 낱말 대조)
2026-09-21,설악산,강원,탐방시설,편의·무장애,"속초시, 설악산 단풍철 교통혼잡 특별대책 가동",shinailbo.co.kr,https://www.shinailbo.co.kr/news/articleView.html?idxno=5064625,제목,규칙기반 자동분류(제목·요약 낱말 대조)
2026-09-21,설악산,강원,탐방시설,편의·무장애,"[위클리오늘] 속초시, 설악산 단풍철 교통혼잡 줄인다… 5개 기관·단체...",weeklytoday.com,http://www.weeklytoday.com/news/articleView.html?idxno=795383,제목,규칙기반 자동분류(제목·요약 낱말 대조)
2026-09-21,설악산,강원,탐방시설,편의·무장애,"이병선 속초시장, 설악산 단풍철 혼잡 줄인다",biz.heraldcorp.com,https://biz.heraldcorp.com/article/10880636?ref=naver,제목,규칙기반 자동분류(제목·요약 낱말 대조)
2026-09-21,설악산,강원,탐방시설,편의·무장애,"속초시, 설악산 단풍철 맞아 교통혼잡 최소화 공동 대응 나선다",kado.net,https://www.kado.net/news/articleView.html?idxno=2074071,제목,규칙기반 자동분류(제목·요약 낱말 대조)
2026-09-21,설악산,강원,탐방시설,편의·무장애,"속초시, 단풍철 설악산 교통혼잡 최소화⋯민·관 협력체계 구축",kwnews.co.kr,https://www.kwnews.co.kr/article/20260921500151,제목,규칙기반 자동분류(제목·요약 낱말 대조)
2026-09-21,설악산,강원,탐방시설,편의·무장애,"속초시, 설악산 단풍철 '교통혼잡' 공동 대응",jeonmae.co.kr,https://www.jeonmae.co.kr/news/articleView.html?idxno=1295420,제목,규칙기반 자동분류(제목·요약 낱말 대조)
2026-09-21,설악산,강원,탐방시설,편의·무장애,"'단풍 명소' 설악산, 가을철 교통혼잡 줄인다…진입로 확충 추진",nocutnews.co.kr,https://www.nocutnews.co.kr/news/6581247?utm_source=naver&utm_medium=article&utm_campaign=20260921113520,제목,규칙기반 자동분류(제목·요약 낱말 대조)
2026-09-21,설악산,강원,탐방시설,편의·무장애,설악산 단풍철 '교통대란' 막는다…속초시·경찰·국립공원 공동대응,ajunews.com,https://www.ajunews.com/view/20260921110914492,제목,규칙기반 자동분류(제목·요약 낱말 대조)
2026-09-21,설악산,강원,탐방시설,편의·무장애,"속초시, 설악산 단풍철 교통혼잡 줄인다…5개 기관·단체 공동 대응",news1.kr,https://www.news1.kr/local/kangwon/6297218,제목,규칙기반 자동분류(제목·요약 낱말 대조)
2026-09-21,설악산,강원,탐방시설,편의·무장애,"속초시, 설악산 단풍철 교통혼잡 해소 위해 유관기관 공동 대응",news.bbsi.co.kr,https://news.bbsi.co.kr/news/articleView.html?idxno=4107762,제목,규칙기반 자동분류(제목·요약 낱말 대조)
2026-09-21,설악산,강원,탐방시설,편의·무장애,"속초시, 단풍철 설악산 특별교통 대책 추진…탐방 환경도 개선",yna.co.kr,https://www.yna.co.kr/view/AKR20260921042700062?input=1195m,제목,규칙기반 자동분류(제목·요약 낱말 대조)
2026-09-21,설악산,강원,자원보전,식생·개화,단풍 절정 한 달 앞⋯설악산 가을 나들이객 벌써 북적,kwnews.co.kr,https://www.kwnews.co.kr/article/20260920501443,제목,규칙기반 자동분류(제목·요약 낱말 대조)
2026-09-21,설악산,강원,탐방시설,탐방로,"속초시, 설악산 진입도로 1.6㎞ 확장 추진…쌍천 탐방로도 조성",news1.kr,https://www.news1.kr/local/kangwon/6297706,제목,규칙기반 자동분류(제목·요약 낱말 대조)
2026-09-21,설악산,강원,탐방시설,해설·교육,"추석·단풍철 관광객 잡는 강원, 체험·관광 콘텐츠 확충",news.mtn.co.kr,https://news.mtn.co.kr/news-detail/2026092114431233921,요약,규칙기반 자동분류(제목·요약 낱말 대조)
2026-09-21,설악산,강원,탐방시설,탐방로,"속초시, 설악산 진입 구간 교통·보행환경 개선 본격화",kwnews.co.kr,https://www.kwnews.co.kr/article/20260921500643,제목,규칙기반 자동분류(제목·요약 낱말 대조)
2026-09-21,설악산,강원,행정,협약·협력,"속초시, 설악산 단풍철 교통혼잡 줄인다…특별 교통대책 협약",news.lghellovision.net,http://news.lghellovision.net/news/articleView.html?idxno=555828,제목,규칙기반 자동분류(제목·요약 낱말 대조)
2026-09-21,설악산,강원,탐방시설,탐방로,"이병선 속초시장, 쌍천에 탐방로 만든다",biz.heraldcorp.com,https://biz.heraldcorp.com/article/10880650?ref=naver,요약,규칙기반 자동분류(제목·요약 낱말 대조)
2026-09-21,설악산,강원,탐방시설,탐방로,"속초시, 설악산 진입도로 확장·신규 탐방로 조성 본격화",news.bbsi.co.kr,https://news.bbsi.co.kr/news/articleView.html?idxno=4107765,제목,규칙기반 자동분류(제목·요약 낱말 대조)
2026-09-21,설악산,강원,자원보전,식생·개화,가을 단풍철 맞은 강원도… 숙박 할인에 ‘빙고 이벤트’까지,viva100.com,https://www.viva100.com/article/20260921500174,요약,규칙기반 자동분류(제목·요약 낱말 대조)
2026-09-21,속리산,충북·경북,자원보전,기타,"괴산 연풍면 송전탑 반대위 ""백두대간 지중화·복수 경과대안 먼저 검토...",ccdailynews.com,https://www.ccdailynews.com/news/articleView.html?idxno=2442353,요약,규칙기반 자동분류(제목·요약 낱말 대조)
2026-09-21,속리산,충북·경북,탐방시설,탐방로,10년째 제자리' 비룡제 데크길…국립공원 인허가 절차 하세월,bzeronews.com,https://www.bzeronews.com/news/articleView.html?idxno=822952,요약,규칙기반 자동분류(제목·요약 낱말 대조)
2026-09-21,속리산,충북·경북,기타,미분류,대한민국 건축문화에 K-컬처를 입히다 8.화양서원,inews365.com,https://www.inews365.com/news/article.html?no=936602,요약,규칙기반 자동분류(제목·요약 낱말 대조)
2026-09-21,속리산,충북·경북,기타,미분류,대한민국 건축문화에 K-컬처를 입히다 (8)충북 괴산 화양서원,domin.co.kr,http://www.domin.co.kr/news/articleView.html?idxno=1569574,요약,규칙기반 자동분류(제목·요약 낱말 대조)
2026-09-21,한라산,제주,재난안전,산불,문화재 지키는 소나무들도 속절없이 말라 죽는다,munhwa.com,https://www.munhwa.com/article/11618516?ref=naver,요약,규칙기반 자동분류(제목·요약 낱말 대조)
2026-09-21,한라산,제주,탐방시설,탐방로,'한라산 관음사 코스' 21일부터 탐방예약...소요시간 얼마?,gukjenews.com,https://www.gukjenews.com/news/articleView.html?idxno=3701390,제목,규칙기반 자동분류(제목·요약 낱말 대조)
2026-09-21,내장산,전북·전남,구조활동,출동·대응,"정읍시 ""내장산 단풍, 11월 7일~8일경 절정 이를 것""",newstnt.com,https://www.newstnt.com/news/articleView.html?idxno=719631,제목,규칙기반 자동분류(제목·요약 낱말 대조)
2026-09-21,내장산,전북·전남,탐방시설,편의·무장애,정읍시 '내장산 단풍철 행락질서 확립 대책' 추진,jeonmin.co.kr,http://www.jeonmin.co.kr/news/articleView.html?idxno=447469,제목,규칙기반 자동분류(제목·요약 낱말 대조)
2026-09-21,내장산,전북·전남,구조활동,출동·대응,"정읍시, 내장산 단풍철 교통·안전 챙긴다…28일간 현장 대책 추진",sjbnews.com,https://sjbnews.com/news/news.php?number=888300,제목,규칙기반 자동분류(제목·요약 낱말 대조)
2026-09-21,내장산,전북·전남,구조활동,출동·대응,"[정읍·완주·장수 24시] 정읍시, 내장산 단풍철 관광객 보호 행락질서...",sisajournal.com,https://www.sisajournal.com/news/articleView.html?idxno=387976,제목,규칙기반 자동분류(제목·요약 낱말 대조)
2026-09-21,내장산,전북·전남,탐방시설,편의·무장애,"정읍시, 내장산 단풍철 행락질서 대책 가동…10월 26일부터 28일간",pressian.com,https://www.pressian.com/pages/articles/2026092114235292263?utm_source=naver&utm_medium=search,제목,규칙기반 자동분류(제목·요약 낱말 대조)
2026-09-21,내장산,전북·전남,탐방시설,편의·무장애,"정읍시, 내장산단풍철 행락질서 확립 대책 마련",newsis.com,https://www.newsis.com/view/NISX20260921_0003798763,제목,규칙기반 자동분류(제목·요약 낱말 대조)
2026-09-21,내장산,전북·전남,구조활동,출동·대응,"정읍시, 내장산 단풍철 교통·안전 종합대책 가동",jeonmae.co.kr,https://www.jeonmae.co.kr/news/articleView.html?idxno=1295471,제목,규칙기반 자동분류(제목·요약 낱말 대조)
2026-09-21,내장산,전북·전남,구조활동,출동·대응,"정읍시, 내장산 단풍철 교통·안전 총력 대응",eroun.net,https://www.eroun.net/news/articleView.html?idxno=90591,제목,규칙기반 자동분류(제목·요약 낱말 대조)
2026-09-21,내장산,전북·전남,탐방시설,편의·무장애,"내장산 단풍 11월 7~8일 절정…정읍시, 교통·안전·환경 집중 관리",news1.kr,https://www.news1.kr/local/jeonbuk/6297244,제목,규칙기반 자동분류(제목·요약 낱말 대조)
2026-09-21,내장산,전북·전남,탐방시설,편의·무장애,"정읍 내장산 단풍 ""11월 7∼8일 절정""…작년보다 2∼3일 빠를 듯",yna.co.kr,https://www.yna.co.kr/view/AKR20260921057200055?input=1195m,제목,규칙기반 자동분류(제목·요약 낱말 대조)
2026-09-21,내장산,전북·전남,구조활동,출동·대응,"내장산 단풍객 35만명 예상…정읍시, 교통·안전관리 총력",jeollailbo.com,http://www.jeollailbo.com/news/articleView.html?idxno=811704,제목,규칙기반 자동분류(제목·요약 낱말 대조)
2026-09-21,덕유산,전북·경남,탐방시설,야영장·대피소,덕유산국립공원 잔반통 없애고 잔여 음식물 되가져가기 시번 운영,sjbnews.com,https://sjbnews.com/news/news.php?number=888318,제목,규칙기반 자동분류(제목·요약 낱말 대조)
2026-09-21,덕유산,전북·경남,탐방시설,야영장·대피소,"덕유산국립공원, ""대피소 잔반통 운영 중단""",jmbc.co.kr,http://www.jmbc.co.kr/news/view/68106,제목,규칙기반 자동분류(제목·요약 낱말 대조)
2026-09-21,오대산,강원,자원보전,식생·개화,"DMZ 반달곰과 두루미는 안녕할까… 민통선 ‘여의도 240배’ 푼다는데,...",weekly.khan.co.kr,https://weekly.khan.co.kr/article/202609210600021,요약,규칙기반 자동분류(제목·요약 낱말 대조)
2026-09-21,오대산,강원,기타,미분류,본지 부설 GLA 원주 리더스 산악회 정기산행,kado.net,https://www.kado.net/news/articleView.html?idxno=2073947,요약,규칙기반 자동분류(제목·요약 낱말 대조)
2026-09-21,주왕산,경북,자원보전,멸종위기종,산불 딛고 꽃 피운 주왕산 '둥근잎꿩의비름',kyongbuk.co.kr,https://www.kyongbuk.co.kr/news/articleView.html?idxno=4085070,제목,규칙기반 자동분류(제목·요약 낱말 대조)
2026-09-21,주왕산,경북,자원보전,멸종위기종,'자줏빛 희망이 피었다'…주왕산 깃대종 둥근잎꿩의비름 개화,newsis.com,https://www.newsis.com/view/NISX20260921_0003798888,제목,규칙기반 자동분류(제목·요약 낱말 대조)
2026-09-21,주왕산,경북,자원보전,멸종위기종,화마 생채기 딛고 다시 피어난 주왕산 깃대종 '둥근잎꿩의비름',newspim.com,https://www.newspim.com/news/view/20260921000938,제목,규칙기반 자동분류(제목·요약 낱말 대조)
2026-09-21,태안해안,충남 태안,탐방시설,예약제·개방,"[이지원의 등대이야기(6)]마침표를 찍다, 옹도등대",ksilbo.co.kr,https://www.ksilbo.co.kr/news/articleView.html?idxno=1067814,요약,규칙기반 자동분류(제목·요약 낱말 대조)
2026-09-21,다도해해상,전남,자원보전,복원·방사,"롯데케미칼, 여수 금오도에 거머리말 2만주 이식…블루카본 확대 나서",m-i.kr,https://www.m-i.kr/news/articleView.html?idxno=1417053,요약,규칙기반 자동분류(제목·요약 낱말 대조)
2026-09-21,다도해해상,전남,자원보전,복원·방사,"롯데케미칼, 국립공원공단과 여수 금오도 해초지 복원…거머리말 2만 주...",thefirstmedia.net,http://www.thefirstmedia.net/news/articleView.html?idxno=209275,요약,규칙기반 자동분류(제목·요약 낱말 대조)
2026-09-21,다도해해상,전남,자원보전,복원·방사,"롯데케미칼·국립공원공단, 금오도 해초지 복원 추진",lawissue.co.kr,http://www.lawissue.co.kr/view.php?ud=202609211831278497f4ab64559d_12,요약,규칙기반 자동분류(제목·요약 낱말 대조)
2026-09-21,다도해해상,전남,자원보전,복원·방사,"롯데케미칼·국립공원공단, 여수 금오도 해초지 복원 맞손",financialpost.co.kr,https://www.financialpost.co.kr/news/articleView.html?idxno=276834,요약,규칙기반 자동분류(제목·요약 낱말 대조)
2026-09-21,다도해해상,전남,자원보전,복원·방사,"롯데케미칼, 여수 금오도 일대 해초지 복원 사업 전개",finomy.com,http://www.finomy.com/news/articleView.html?idxno=262049,요약,규칙기반 자동분류(제목·요약 낱말 대조)
2026-09-21,다도해해상,전남,자원보전,복원·방사,"롯데케미칼, 여수 금오도에 거머리말 2만 주 이식…해초지 복원 나선다",popcornnews.net,http://www.popcornnews.net/news/articleView.html?idxno=133718,요약,규칙기반 자동분류(제목·요약 낱말 대조)
2026-09-21,다도해해상,전남,탐방시설,편의·무장애,"롯데케미칼, 금오도 해초지 복원…'블루카본'으로 탄소저감 나선다",megaeconomy.co.kr,https://www.megaeconomy.co.kr/news/newsview.php?ncode=1065599064745036,요약,규칙기반 자동분류(제목·요약 낱말 대조)
2026-09-21,다도해해상,전남,자원보전,복원·방사,"롯데케미칼, 금오도 해초지 복원사업 추진…블루카본 가치 실천",tournews21.com,https://www.tournews21.com/news/articleView.html?idxno=144047,요약,규칙기반 자동분류(제목·요약 낱말 대조)
2026-09-21,다도해해상,전남,자원보전,복원·방사,"롯데케미칼, 금오도 해초지 복원으로 해양생태계 회복 나서…HMM, 한강공...",sisaon.co.kr,https://www.sisaon.co.kr/news/articleView.html?idxno=204599,요약,규칙기반 자동분류(제목·요약 낱말 대조)
2026-09-21,다도해해상,전남,자원보전,복원·방사,"[중화학 ON] 고려아연, 프로젝트 크루서블 최종 환경영향평가 통과 外",dealsite.co.kr,https://dealsite.co.kr/articles/169378,요약,규칙기반 자동분류(제목·요약 낱말 대조)
2026-09-21,다도해해상,전남,자원보전,복원·방사,"[ESG] 롯데케미칼, 금오도 해초지 복원...거머리말 2만주 이식",joongangenews.com,https://www.joongangenews.com/news/articleView.html?idxno=549549,요약,규칙기반 자동분류(제목·요약 낱말 대조)
2026-09-21,다도해해상,전남,자원보전,복원·방사,"롯데케미칼, 여수 금오도서 '블루카본' 해초지 복원 나선다",pointe.co.kr,https://www.pointe.co.kr/news/articleView.html?idxno=85035,요약,규칙기반 자동분류(제목·요약 낱말 대조)
2026-09-21,다도해해상,전남,자원보전,복원·방사,"롯데케미칼, 여수 금오도 해초지 1차 복원사업서 거머리말 2만 주 이식",consumernews.co.kr,http://www.consumernews.co.kr/news/articleView.html?idxno=764371,요약,규칙기반 자동분류(제목·요약 낱말 대조)
2026-09-21,다도해해상,전남,자원보전,복원·방사,"롯데케미칼, 국립공원공단과 '금오도 해초지 복원' 맞손",industrynews.co.kr,https://www.industrynews.co.kr/news/articleView.html?idxno=86343,요약,규칙기반 자동분류(제목·요약 낱말 대조)
2026-09-21,다도해해상,전남,자원보전,복원·방사,"기업들, 인재육성-환경정화-자립지원-물품기부 사회공헌 전개",wsobi.com,http://www.wsobi.com/news/articleView.html?idxno=318566,요약,규칙기반 자동분류(제목·요약 낱말 대조)
2026-09-21,다도해해상,전남,자원보전,복원·방사,"롯데케미칼, 여수 금오도 해초지 복원…거머리말 2만 주 이식",gokorea.kr,https://www.gokorea.kr/news/articleView.html?idxno=878947,요약,규칙기반 자동분류(제목·요약 낱말 대조)
2026-09-21,다도해해상,전남,자원보전,복원·방사,"롯데케미칼, 금오도 해초지 복원사업 추진",sedaily.com,https://www.sedaily.com/article/20093456?ref=naver,요약,규칙기반 자동분류(제목·요약 낱말 대조)
2026-09-21,다도해해상,전남,자원보전,복원·방사,"롯데케미칼, 국립공원공단과 금오도 해초지 복원사업 진행",sentv.co.kr,https://www.sentv.co.kr/article/view/sentv202609210121,요약,규칙기반 자동분류(제목·요약 낱말 대조)
2026-09-21,다도해해상,전남,자원보전,복원·방사,"롯데케미칼, 여수 금오도에 거머리말 2만주 이식",seoultimes.news,https://www.seoultimes.news/news/article.html?no=2000100121,요약,규칙기반 자동분류(제목·요약 낱말 대조)
2026-09-21,다도해해상,전남,자원보전,복원·방사,여수 금오도 해초지 복원사업 ‘맞손’,naeil.com,https://www.naeil.com/news/read/603053?ref=naver,요약,규칙기반 자동분류(제목·요약 낱말 대조)
2026-09-21,다도해해상,전남,자원보전,복원·방사,"롯데케미칼, 국립공원공단과 금오도 해초지 복원사업 추진",weekly.hankooki.com,https://weekly.hankooki.com/news/articleView.html?idxno=7185321,요약,규칙기반 자동분류(제목·요약 낱말 대조)
2026-09-21,다도해해상,전남,자원보전,복원·방사,"롯데케미칼, 국립공원공단과 여수 금오도 해초지 복원 … 해양 생물다양...",worktoday.co.kr,http://www.worktoday.co.kr/news/articleView.html?idxno=89551,요약,규칙기반 자동분류(제목·요약 낱말 대조)
2026-09-21,다도해해상,전남,자원보전,복원·방사,"롯데케미칼, 여수 해초지 복원 사업 추진…국립공원공단과 맞손",iminju.net,http://www.iminju.net/news/articleView.html?idxno=169806,요약,규칙기반 자동분류(제목·요약 낱말 대조)
2026-09-21,다도해해상,전남,자원보전,복원·방사,"[함께가자 우리ESG] 롯데케미칼, 국립공원공단과 해초지 복원사업 진행",newslock.co.kr,http://www.newslock.co.kr/news/articleView.html?idxno=136643,요약,규칙기반 자동분류(제목·요약 낱말 대조)
2026-09-21,다도해해상,전남,자원보전,복원·방사,"롯데케미칼, 국립공원공단과 여수 금오도 해초지 복원",smedaily.co.kr,http://www.smedaily.co.kr/news/articleView.html?idxno=363546,요약,규칙기반 자동분류(제목·요약 낱말 대조)
2026-09-21,다도해해상,전남,자원보전,복원·방사,"롯데케미칼, 금오도 해초지 복원 추진…탄소중립 가치 실천",newspost.kr,https://www.newspost.kr/news/articleView.html?idxno=225810,요약,규칙기반 자동분류(제목·요약 낱말 대조)
2026-09-21,다도해해상,전남,자원보전,복원·방사,"롯데케미칼, 국립공원공단과 여수 금오도 해초지 복원 추진…거머리말...",updownnews.co.kr,https://www.updownnews.co.kr/news/articleView.html?idxno=318863,요약,규칙기반 자동분류(제목·요약 낱말 대조)
2026-09-21,다도해해상,전남,자원보전,복원·방사,"[위클리오늘] KT&G, 롯데케미칼, 금호석유화학(9.21)",weeklytoday.com,http://www.weeklytoday.com/news/articleView.html?idxno=795323,요약,규칙기반 자동분류(제목·요약 낱말 대조)
2026-09-21,다도해해상,전남,자원보전,복원·방사,"롯데케미칼, 국립공원공단과 금오도 복원사업",hansbiz.co.kr,http://www.hansbiz.co.kr/news/articleView.html?idxno=867039,요약,규칙기반 자동분류(제목·요약 낱말 대조)
2026-09-21,다도해해상,전남,자원보전,복원·방사,"롯데케미칼, 여수 금오도 해초지 복원…사회공헌 활동 확대",thetracker.co.kr,https://thetracker.co.kr/View.aspx?No=4235639,요약,규칙기반 자동분류(제목·요약 낱말 대조)
2026-09-21,다도해해상,전남,기타,미분류,"국립공원 서부본부-기후행동 청년 봉사단, 해양 쓰레기 환경정화 활동",mt.co.kr,https://www.mt.co.kr/policy/2026/09/21/2026092109494751159,요약,규칙기반 자동분류(제목·요약 낱말 대조)
2026-09-21,다도해해상,전남,자원보전,복원·방사,"롯데케미칼, 여수 금오도 해초지 복원사업 추진",fetv.co.kr,https://www.fetv.co.kr/news/articleView.html?idxno=310534,요약,규칙기반 자동분류(제목·요약 낱말 대조)
2026-09-21,다도해해상,전남,자원보전,복원·방사,"롯데케미칼, 여수 금오도 해초지 복원사업…해양생태계 보전 나서",g-enews.com,https://www.g-enews.com/view.php?ud=20260921093045749424debea800_1,요약,규칙기반 자동분류(제목·요약 낱말 대조)
2026-09-21,다도해해상,전남,자원보전,복원·방사,"롯데케미칼, 금오도 해초지 복원…거머리말 2만 주 이식",energy-news.co.kr,https://www.energy-news.co.kr/news/articleView.html?idxno=228431,요약,규칙기반 자동분류(제목·요약 낱말 대조)
2026-09-21,다도해해상,전남,자원보전,복원·방사,"롯데케미칼, 국립공원공단과 여수 금오도 해초지 복원 나서",ziksir.com,https://www.ziksir.com/news/articleView.html?idxno=147039,요약,규칙기반 자동분류(제목·요약 낱말 대조)
2026-09-21,다도해해상,전남,자원보전,복원·방사,"롯데케미칼, 금오도 해초지 복원 추진…탄소중립 실현",edaily.co.kr,https://www.edaily.co.kr/News/Read?newsId=02292726645582416&mediaCodeNo=257&utm_source=naver&utm_medium=referral&utm_campaign=news_syndication&utm_content=original_article,요약,규칙기반 자동분류(제목·요약 낱말 대조)
2026-09-21,다도해해상,전남,자원보전,복원·방사,"롯데케미칼, 국립공원공단과 해초지 복원사업…여수 금오도에 거머리말...",idsn.co.kr,https://idsn.co.kr/news/view/1065572613292783,요약,규칙기반 자동분류(제목·요약 낱말 대조)
2026-09-21,다도해해상,전남,자원보전,복원·방사,"롯데케미칼, 바닷속 '탄소 저장고' 되살린다···거머리말 2만주 이식",enewstoday.co.kr,http://www.enewstoday.co.kr/news/articleView.html?idxno=2472626,요약,규칙기반 자동분류(제목·요약 낱말 대조)
2026-09-21,다도해해상,전남,자원보전,복원·방사,"롯데케미칼, 금오도서 해초지 복원 진행",newscape.co.kr,http://www.newscape.co.kr/news/articleView.html?idxno=124672,요약,규칙기반 자동분류(제목·요약 낱말 대조)
2026-09-21,다도해해상,전남,자원보전,복원·방사,"롯데케미칼, 국립공원공단과 여수 금오도 해초지 복원사업 추진",view.asiae.co.kr,https://view.asiae.co.kr/article/2026092109052833681,요약,규칙기반 자동분류(제목·요약 낱말 대조)
2026-09-21,다도해해상,전남,자원보전,복원·방사,"롯데케미칼, 여수 금오도에 거머리말 이식…해양생태계 복원 나선다",etoday.co.kr,https://www.etoday.co.kr/news/view/2627760,요약,규칙기반 자동분류(제목·요약 낱말 대조)
2026-09-21,북한산,서울·경기,자원보전,기타,"[나눔 트렌드] 10년 전 어머니 기증 뜻 지지했던 박종희 씨, 마지막 순간...",ibabynews.com,https://www.ibabynews.com/news/articleView.html?idxno=154701,요약,규칙기반 자동분류(제목·요약 낱말 대조)
2026-09-21,북한산,서울·경기,행정,의회·국정감사,"은평구의회, 산림재난방지 조례 제정",news.lghellovision.net,http://news.lghellovision.net/news/articleView.html?idxno=555754,요약,규칙기반 자동분류(제목·요약 낱말 대조)
2026-09-21,월출산,전남,자원보전,복원·방사,"“지역민 삶에 실질적 도움”…광주은행, 지역사회 공헌 선도",kjdaily.com,http://www.kjdaily.com/article.php?aid=1789988391687428004,요약,규칙기반 자동분류(제목·요약 낱말 대조)
2026-09-21,월출산,전남,탐방시설,축제·행사,[영암군 소식] 영암 도갑사서 펼쳐진 이색 공연…베트남 관광교류도 '활...,newsfreezone.co.kr,https://www.newsfreezone.co.kr/news/articleView.html?idxno=710546,요약,규칙기반 자동분류(제목·요약 낱말 대조)
2026-09-21,월출산,전남,탐방시설,축제·행사,"영암 관광 콘텐츠, 베트남 안방극장을 사로잡다",gjdream.com,http://www.gjdream.com/news/articleView.html?idxno=672863,요약,규칙기반 자동분류(제목·요약 낱말 대조)
2026-09-21,월출산,전남,탐방시설,축제·행사,"영암군, '월출산·F1경기장 알린다'... 베트남 다낭 방송 손잡고 관광 협...",newsworker.co.kr,https://www.newsworker.co.kr/news/articleView.html?idxno=505432,제목,규칙기반 자동분류(제목·요약 낱말 대조)
2026-09-21,월출산,전남,탐방시설,탐방로,"월출산국립공원, 산성대 구간 탐방로 예약제로",yna.co.kr,https://www.yna.co.kr/view/AKR20260921124000054?input=1195m,제목,규칙기반 자동분류(제목·요약 낱말 대조)
2026-09-21,월출산,전남,탐방시설,탐방로,"[영암소식]월출산국립공원, 산성대 구간 탐방로 예약제 등",newsis.com,https://www.newsis.com/view/NISX20260921_0003798571,제목,규칙기반 자동분류(제목·요약 낱말 대조)
2026-09-21,월출산,전남,탐방시설,축제·행사,영암군- 베트남 다낭방송 '문화·관광 교류' 협력,news1.kr,https://www.news1.kr/local/gwangju-jeonnam/6297431,요약,규칙기반 자동분류(제목·요약 낱말 대조)
2026-09-21,월출산,전남,탐방시설,탐방로,"월출산국립공원, 산성대 구간 탐방로 예약제 운영",mt.co.kr,https://www.mt.co.kr/policy/2026/09/21/2026092113022597363,제목,규칙기반 자동분류(제목·요약 낱말 대조)
2026-09-21,변산반도,전북 부안,기타,미분류,"가을 부안, 서해의 고요와 역사를 담은 가볼 만한 곳",joongangenews.com,https://www.joongangenews.com/news/articleView.html?idxno=548990,요약,규칙기반 자동분류(제목·요약 낱말 대조)
2026-09-21,무등산,광주·전남,기타,미분류,"IPARK현대산업개발, 전남 학동 일원 '아이파크 무등산 스카이포레' 공급",enewstoday.co.kr,http://www.enewstoday.co.kr/news/articleView.html?idxno=2472836,제목,규칙기반 자동분류(제목·요약 낱말 대조)
2026-09-21,무등산,광주·전남,재난안전,산불,광주에서 가을의 예술과 역사를 만끽하는 가볼 만한 곳,topstarnews.net,https://www.topstarnews.net/news/articleView.html?idxno=16198242,요약,규칙기반 자동분류(제목·요약 낱말 대조)
2026-09-21,무등산,광주·전남,탐방시설,편의·무장애,“반도체 훈풍 솔솔”…전남 광주 주택시장 바닥 찍고 반등하나,mk.co.kr,https://www.mk.co.kr/article/12158053,요약,규칙기반 자동분류(제목·요약 낱말 대조)
2026-09-21,무등산,광주·전남,탐방시설,기타,IPARK현대산업개발이 ‘아이파크 무등산 스카이포레’ 공급,dnews.co.kr,https://www.dnews.co.kr/uhtml/view.jsp?idxno=202609211112057860911,제목,규칙기반 자동분류(제목·요약 낱말 대조)
2026-09-21,무등산,광주·전남,탐방시설,기타,광주 원도심에 2299가구 '아이파크'…남광주역·무등산 품었다,ebn.co.kr,https://www.ebn.co.kr/news/articleView.html?idxno=1725062,제목,규칙기반 자동분류(제목·요약 낱말 대조)
2026-09-21,무등산,광주·전남,기타,미분류,"IPARK현대산업개발, 광주 학동에 2299세대 '아이파크 무등산 스카이포레...",ftoday.co.kr,http://www.ftoday.co.kr/news/articleView.html?idxno=365859,제목,규칙기반 자동분류(제목·요약 낱말 대조)
2026-09-21,팔공산,대구·경북,탐방시설,편의·무장애,"팔공산국립공원, 대구-경산 갓바위 잇는 '친환경 전기 셔틀버스' 운행",news.bbsi.co.kr,https://news.bbsi.co.kr/news/articleView.html?idxno=4108025,제목,규칙기반 자동분류(제목·요약 낱말 대조)
2026-09-21,팔공산,대구·경북,기타,미분류,"부산관광공사, 부산·대구 산악관광 잇는다…35명 팔공산 트래킹",newstown.co.kr,http://www.newstown.co.kr/news/articleView.html?idxno=716535,제목,규칙기반 자동분류(제목·요약 낱말 대조)
2026-09-21,팔공산,대구·경북,탐방시설,탐방로,"부산관광공사, ‘팔공산 관광 교류 팸투어’ 프로그램 성료",metroseoul.co.kr,http://www.metroseoul.co.kr/article/20260921500606,제목,규칙기반 자동분류(제목·요약 낱말 대조)
2026-09-21,팔공산,대구·경북,기타,미분류,경산 갓바위 소원길 300명 달리고 걸었다,thepowernews.co.kr,https://www.thepowernews.co.kr/view.php?ud=202609211559544977c923548bdf_7,요약,규칙기반 자동분류(제목·요약 낱말 대조)
2026-09-21,팔공산,대구·경북,기타,미분류,"부산관광공사, 트래킹 챌린지가 실제 여행으로… 부산·대구 산을 잇다",busan.com,https://www.busan.com/view/busan/view.php?code=2026092114233950036,요약,규칙기반 자동분류(제목·요약 낱말 대조)
2026-09-21,팔공산,대구·경북,기타,미분류,"팔공산국립공원동부사무소, '제2회 숲속 한마당 그림대회' 시상식 개최",news.bbsi.co.kr,https://news.bbsi.co.kr/news/articleView.html?idxno=4107798,제목,규칙기반 자동분류(제목·요약 낱말 대조)
2026-09-21,팔공산,대구·경북,기타,미분류,부산·대구 산악관광 교류 확대…팔공산 이어 10월 금정산 찾는다,viva100.com,https://www.viva100.com/article/20260921500485,제목,규칙기반 자동분류(제목·요약 낱말 대조)
2026-09-21,설악산,강원,행정,연구·용역,"[위클리오늘] 강원도, 가을 숙박세일페스타 시작…최대 7만원 할인",weeklytoday.com,http://www.weeklytoday.com/news/articleView.html?idxno=795445,요약,규칙기반 자동분류(제목·요약 낱말 대조)
2026-09-21,(전체·공통),전국·공통,행정,기타,캄보디아 생태관광 부상에 따른 캠핑·글램핑 트렌드 태동,dream.kotra.or.kr,http://dream.kotra.or.kr/kotranews/cms/news/actionKotraBoardDetail.do?SITE_NO=3&MENU_ID=180&CONTENTS_NO=1&bbsGbn=243&bbsSn=243&pNttSn=244191,해당없음,규칙기반 자동분류(제목·요약 낱말 대조)
2026-09-21,(전체·공통),전국·공통,행정,법령·제도,[정책브리핑] 2026년 09월 21일 월요일 주요 정책,sisunnews.co.kr,http://www.sisunnews.co.kr/news/articleView.html?idxno=246379,해당없음,규칙기반 자동분류(제목·요약 낱말 대조)
2026-09-21,(전체·공통),전국·공통,자원보전,자연유산·지질,세금으로 다녀온 '힐링 여행'… '정책 연수' 탈 쓴 외유,gjdream.com,http://www.gjdream.com/news/articleView.html?idxno=672816,해당없음,규칙기반 자동분류(제목·요약 낱말 대조)
2026-09-21,(전체·공통),전국·공통,재난안전,산불,"""안전한 추석 보내세요""…도봉구, 전통시장·도봉산서 화재예방 캠페인",job-post.co.kr,https://www.job-post.co.kr/news/articleView.html?idxno=228425,해당없음,규칙기반 자동분류(제목·요약 낱말 대조)
2026-09-21,(전체·공통),전국·공통,자원보전,멸종위기종,‘반달이 키링’ 27만 개 팔렸다…신정훈 “자연보전·청년기업 잇는 새...,sedaily.com,https://www.sedaily.com/article/20093533?ref=naver,해당없음,규칙기반 자동분류(제목·요약 낱말 대조)
2026-09-21,(전체·공통),전국·공통,자원보전,멸종위기종,"시화호지속가능파트너십, 유스 앰배서더 발대식 개최",todayenergy.kr,https://www.todayenergy.kr/news/articleView.html?idxno=303335,해당없음,규칙기반 자동분류(제목·요약 낱말 대조)
2026-09-21,(전체·공통),전국·공통,자원보전,멸종위기종,"시화호 청소년 20명, 세계 무대 누빈다… '유스 앰배서더' 출범",ngonews.kr,https://www.ngonews.kr/news/articleView.html?idxno=238861,해당없음,규칙기반 자동분류(제목·요약 낱말 대조)
2026-09-21,(전체·공통),전국·공통,자원보전,멸종위기종,"‘보호인가, 동물 외교인가’ … 인도네시아 코모도왕도마뱀 일본행 논...",dailyt.co.kr,https://www.dailyt.co.kr/newsView/dlt202609210005,해당없음,규칙기반 자동분류(제목·요약 낱말 대조)
2026-09-21,치악산,강원 원주,구조활동,출동·대응,가을 등산철 앞두고 치악산 안전점검…원주서 최근 3년간 산악사고 408건,idsn.co.kr,https://idsn.co.kr/news/view/1065590838092945,제목,규칙기반 자동분류(제목·요약 낱말 대조)
2026-09-21,치악산,강원 원주,구조활동,출동·대응,"원주소방서 119구조대, 치악산 등산로 정비·안전 점검",yna.co.kr,https://www.yna.co.kr/view/AKR20260921086700062?input=1195m,제목,규칙기반 자동분류(제목·요약 낱말 대조)
2026-09-20,계룡산,대전·충남,탐방시설,탐방객 동향,"계룡산국립공원사무소·대전유성소방, 추석·가을철 안전산행 합동 캠페...",m-i.kr,https://www.m-i.kr/news/articleView.html?idxno=1416360,제목,규칙기반 자동분류(제목·요약 낱말 대조)
2026-09-20,계룡산,대전·충남,기타,미분류,계룡산 누비며 약초 찾아 삼만리… 대덕 한의학연 '본초탐사대' 성료,ggilbo.com,https://www.ggilbo.com/news/articleView.html?idxno=1182844,제목,규칙기반 자동분류(제목·요약 낱말 대조)
2026-09-20,계룡산,대전·충남,기타,미분류,제15기 '어린이 본초탐사대' 행사 성료...전국 초등학생과 계룡산 약용...,etnews.com,https://www.etnews.com/20260920000052,제목,규칙기반 자동분류(제목·요약 낱말 대조)
2026-09-20,한려해상,경남·전남,자원보전,기타,"사천·남해 바다, 상괭이 '번식 가능 해역' 확인",gnmaeil.com,http://www.gnmaeil.com/news/articleView.html?idxno=595215,요약,규칙기반 자동분류(제목·요약 낱말 대조)
2026-09-20,한려해상,경남·전남,탐방시설,탐방객 동향,오동도 탐방객 감소 ..관리권 국가환원 해법되나?,kjmbc.co.kr,https://kjmbc.co.kr/NewsArticle/1537781,요약,규칙기반 자동분류(제목·요약 낱말 대조)
2026-09-20,한려해상,경남·전남,행정,인사·조직,"[경일춘추] 한려해상국립공원, 한려수도 300리",gnnews.co.kr,https://www.gnnews.co.kr/news/articleView.html?idxno=645955,제목,규칙기반 자동분류(제목·요약 낱말 대조)
2026-09-20,한려해상,경남·전남,자원보전,멸종위기종,"한려해상국립공원,​​​​​​​ 남해안 상괭이 보전 국제협력 방안 모...",gnnews.co.kr,https://www.gnnews.co.kr/news/articleView.html?idxno=645934,제목,규칙기반 자동분류(제목·요약 낱말 대조)
2026-09-20,한려해상,경남·전남,기타,미분류,사천서 '2026 상괭이 국제 심포지엄' 개최,gndomin.com,http://www.gndomin.com/news/articleView.html?idxno=490196,요약,규칙기반 자동분류(제목·요약 낱말 대조)
2026-09-20,지리산,전남·전북·경남,탐방시설,탐방로,단풍 보러 갔다가 200만원 낼 수도…국립공원서 ‘이 행동’ 절대 금지,wikitree.co.kr,https://www.wikitree.co.kr/articles/1160492,요약,규칙기반 자동분류(제목·요약 낱말 대조)
2026-09-20,속리산,충북·경북,탐방시설,탐방로,'법주사-수정봉' 속리산 신규 탐방로 21일 개방,news.mbccb.co.kr,http://news.mbccb.co.kr/home/sub.php?menukey=61&mod=view&RECEIVE_DATE=20260920&SEQUENCE=0110,제목,규칙기반 자동분류(제목·요약 낱말 대조)
2026-09-20,한라산,제주,탐방시설,탐방로,한라산 관음사 코스 재개방 '목전',jemin.com,https://www.jemin.com/news/articleView.html?idxno=843240,제목,규칙기반 자동분류(제목·요약 낱말 대조)
2026-09-20,한라산,제주,탐방시설,탐방로,한라산 관음사 탐방로 오는 24일 전면 재개방,samdailbo.com,http://www.samdailbo.com/news/articleView.html?idxno=270501,제목,규칙기반 자동분류(제목·요약 낱말 대조)
2026-09-20,한라산,제주,탐방시설,탐방로,한라산 관음사 탐방로 24일 재개방,jejumaeil.net,https://www.jejumaeil.net/news/articleView.html?idxno=404889,제목,규칙기반 자동분류(제목·요약 낱말 대조)
2026-09-20,내장산,전북·전남,탐방시설,해설·교육,"정읍시장애인종합복지관, “함께 걷고 쉬어요”…내장산 체험 행사",sjbnews.com,https://sjbnews.com/news/news.php?number=888139,제목,규칙기반 자동분류(제목·요약 낱말 대조)
2026-09-20,오대산,강원,탐방시설,야영장·대피소,"""가을 산 타러 왔어요""…강원 명산에 1만7000명 몰렸다",news1.kr,https://www.news1.kr/local/kangwon/6296572,요약,규칙기반 자동분류(제목·요약 낱말 대조)
2026-09-20,태안해안,충남 태안,기타,미분류,중국 부표에 러시아 페트병까지…플라스틱 파도에 고통받는 서해,khan.co.kr,https://www.khan.co.kr/article/202609202051005,요약,규칙기반 자동분류(제목·요약 낱말 대조)
2026-09-20,태안해안,충남 태안,기타,미분류,서해 외딴섬 뒤덮은 플라스틱 쓰레기…다 어디서 왔을까,khan.co.kr,https://www.khan.co.kr/article/202609201600001,요약,규칙기반 자동분류(제목·요약 낱말 대조)
2026-09-20,북한산,서울·경기,탐방시설,탐방로,[현장 줌인] 도심 옆 북한산이 필수코스?…외국인도 반한 '한국 등산',news.jtbc.co.kr,https://news.jtbc.co.kr/article/NB12319218?influxDiv=NAVER,제목,규칙기반 자동분류(제목·요약 낱말 대조)
2026-09-20,북한산,서울·경기,재난안전,산불,서울 자치구 첫 '산림재난방지 조례'…은평구의회 이미경 의원 발의 본...,jeonmae.co.kr,https://www.jeonmae.co.kr/news/articleView.html?idxno=1294975,요약,규칙기반 자동분류(제목·요약 낱말 대조)
2026-09-20,소백산,충북·경북,행정,인사·조직,"소백산국립공원북부사무소, 소나무재선충병 확산 대응 강화",dynews.co.kr,https://www.dynews.co.kr/news/articleView.html?idxno=866576,제목,규칙기반 자동분류(제목·요약 낱말 대조)
2026-09-20,소백산,충북·경북,행정,인사·조직,"소백산국립공원, 소나무재선충병 확산 대응 예찰 강화",cctimes.kr,http://www.cctimes.kr/news/articleView.html?idxno=928398,제목,규칙기반 자동분류(제목·요약 낱말 대조)
2026-09-20,무등산,광주·전남,구조활동,기타,"""무등산 안전 우리가 지킨다""",namdonews.com,https://www.namdonews.com/news/articleView.html?idxno=923989,제목,규칙기반 자동분류(제목·요약 낱말 대조)
2026-09-20,무등산,광주·전남,탐방시설,탐방객 동향,가을 행락철 국립공원 산악사고 대응,namdonews.com,https://www.namdonews.com/news/articleView.html?idxno=923981,요약,규칙기반 자동분류(제목·요약 낱말 대조)
2026-09-20,북한산,서울·경기,자원보전,불법·무질서 단속,"2026년 09월 넷째 주 생태계 관련 정책 CHECK! [정책브리핑, 네이처]",sisunnews.co.kr,http://www.sisunnews.co.kr/news/articleView.html?idxno=246397,요약,규칙기반 자동분류(제목·요약 낱말 대조)
2026-09-20,설악산,강원,탐방시설,탐방객 동향,핑크빛 제주·붉은 울산·상어 뜬 부산…전국 가을 나들이 각양각색(종...,news1.kr,https://www.news1.kr/local/kangwon/6296611,요약,규칙기반 자동분류(제목·요약 낱말 대조)
2026-09-20,(전체·공통),전국·공통,행정,기타,"경북도, 소나무재선충병 확산 차단…800㎞ 국가방제벨트 연계",kyongbuk.co.kr,https://www.kyongbuk.co.kr/news/articleView.html?idxno=4084894,해당없음,규칙기반 자동분류(제목·요약 낱말 대조)
2026-09-20,(전체·공통),전국·공통,행정,기타,"문체부, 대전서 '2026 박물관·미술관 박람회' 개최… 151개 기관 참여",jbnews.com,https://www.jbnews.com/news/articleView.html?idxno=1511903,해당없음,규칙기반 자동분류(제목·요약 낱말 대조)
2026-09-20,(전체·공통),전국·공통,자원보전,식생·개화,"소나무재선충병 차단 총력전…경북도, AI·드론 활용한 광역 방제망 구...",hidomin.com,https://www.hidomin.com/news/articleView.html?idxno=721892,해당없음,규칙기반 자동분류(제목·요약 낱말 대조)
2026-09-20,(전체·공통),전국·공통,자원보전,멸종위기종,"밥 주는 착한 행위, 오히려 길냥이와 생태계를 위협한다 [Deep&wide]",hankookilbo.com,https://www.hankookilbo.com/news/article/A2026091614260001684?did=NA,해당없음,규칙기반 자동분류(제목·요약 낱말 대조)
2026-09-19,지리산,전남·전북·경남,행정,지정·구역,"오늘 일출·일몰시간, ""20일(일) 전국 해돋이 명소, 해 뜨는 시간과 해 ...",lecturernews.com,https://www.lecturernews.com/news/articleView.html?idxno=210666,요약,규칙기반 자동분류(제목·요약 낱말 대조)
2026-09-19,설악산,강원,기타,미분류,북한산 까짓것? 설악산보다 사고 많다… 물-보조배터리 필수,donga.com,https://www.donga.com/news/Society/article/all/20260919/134698872/2,제목,규칙기반 자동분류(제목·요약 낱말 대조)
2026-09-19,속리산,충북·경북,탐방시설,탐방객 동향,"속리산·월악산 등 충북 국립공원, 가을 산행 나들이객 북적",news1.kr,https://www.news1.kr/local/sejong-chungbuk/6296119,제목,규칙기반 자동분류(제목·요약 낱말 대조)
2026-09-19,속리산,충북·경북,기타,미분류,"가을 풍경에 물드는 경북 상주, 고요한 자연 속 가볼 만한 곳",topstarnews.net,https://www.topstarnews.net/news/articleView.html?idxno=16192513,요약,규칙기반 자동분류(제목·요약 낱말 대조)
2026-09-19,한라산,제주,자원보전,자연유산·지질,"국립공원 이후, 한라산은 어떻게 '관리되는 산'이 되었나",jejusori.net,https://www.jejusori.net/news/articleView.html?idxno=506501,제목,규칙기반 자동분류(제목·요약 낱말 대조)
2026-09-19,가야산,경북·경남,행정,지정·구역,"[여담:旅談] “쉿, 숲이 말하잖아”…가야산생태탐방원에서 귀를 열다",sports.donga.com,https://sports.donga.com/life/article/all/20260919/134701107/1,제목,규칙기반 자동분류(제목·요약 낱말 대조)
2026-09-19,가야산,경북·경남,탐방시설,해설·교육,"[팔만대장경, 천년의 길을 다시 잇다④] 길만 잇는다고 순례길은 아니다...",incheonnews.com,http://www.incheonnews.com/news/articleView.html?idxno=440731,요약,규칙기반 자동분류(제목·요약 낱말 대조)
2026-09-19,오대산,강원,탐방시설,기타,"""드디어 나들이 날씨""…강원 명산에 하루 1만8000명 몰렸다",mt.co.kr,https://www.mt.co.kr/culture/2026/09/19/2026091916500948491,요약,규칙기반 자동분류(제목·요약 낱말 대조)
2026-09-19,오대산,강원,탐방시설,탐방객 동향,'산행의 계절이 돌아왔다'…강원 4대 명산 1만 8100명 방문(종합),news1.kr,https://www.news1.kr/local/kangwon/6296156,요약,규칙기반 자동분류(제목·요약 낱말 대조)
2026-09-19,주왕산,경북,행정,지정·구역,청송에서 자연과 역사를 만나는 가볼 만한 곳,joongangenews.com,https://www.joongangenews.com/news/articleView.html?idxno=547678,요약,규칙기반 자동분류(제목·요약 낱말 대조)
2026-09-19,변산반도,전북 부안,행정,기타,"전남광주특별시소방본부, 여성 소방공무원 소통·공감 간담회 개최",breaknews.com,http://www.breaknews.com/1238031,요약,규칙기반 자동분류(제목·요약 낱말 대조)
2026-09-19,무등산,광주·전남,행정,예산·재정,"안도걸, 내년 전남광주 동남을 국비 2천66억 반영…전년 比 15.2%↑",namdonews.com,https://www.namdonews.com/news/articleView.html?idxno=923896,요약,규칙기반 자동분류(제목·요약 낱말 대조)
2026-09-19,북한산,서울·경기,탐방시설,편의·무장애,국립공원 흡연 200만원·차박 50만원…21일부터 집중단속,imaeil.com,https://www.imaeil.com/page/view/2026091908204811177,요약,규칙기반 자동분류(제목·요약 낱말 대조)
2026-09-19,팔공산,대구·경북,탐방시설,편의·무장애,단풍철 국립공원 무질서 행위 '과태료 치료'...최대 200만 원,ytn.co.kr,https://www.ytn.co.kr/_ln/0103_202609190625442939,요약,규칙기반 자동분류(제목·요약 낱말 대조)
2026-09-19,팔공산,대구·경북,탐방시설,해설·교육,'제25회 경산갓바위소원성취축제' 개막,pressian.com,https://www.pressian.com/pages/articles/2026091901533005105?utm_source=naver&utm_medium=search,요약,규칙기반 자동분류(제목·요약 낱말 대조)
2026-09-19,금정산,부산·경남,행정,인사·조직,금정문화재단 '2026 금정산성축제' 공식 포스터 공개,newsis.com,https://www.newsis.com/view/NISX20260918_0003795925,제목,규칙기반 자동분류(제목·요약 낱말 대조)
2026-09-19,(전체·공통),전국·공통,자원보전,멸종위기종,"국립공원 굿즈로 매출 31억원, 하루 평균 209개 팔려",newspim.com,https://www.newspim.com/news/view/20260919000088,해당없음,규칙기반 자동분류(제목·요약 낱말 대조)
2026-09-19,(전체·공통),전국·공통,자원보전,포유류,국립공원 캐릭터 굿즈 인기 1위는 '반달이',namdonews.com,https://www.namdonews.com/news/articleView.html?idxno=923893,해당없음,규칙기반 자동분류(제목·요약 낱말 대조)
2026-09-18,계룡산,대전·충남,자원보전,식생·개화,"[사이언스게시판] 과기정통부, AI 스타트업 투자 대상 발굴 경진대회 개...",dongascience.com,https://www.dongascience.com/news/view/79985,요약,규칙기반 자동분류(제목·요약 낱말 대조)
2026-09-18,계룡산,대전·충남,기타,미분류,"한의학연, 계룡산서 '어린이 본초탐사대' 운영",chungnamilbo.co.kr,http://www.chungnamilbo.co.kr/news/articleView.html?idxno=910718,제목,규칙기반 자동분류(제목·요약 낱말 대조)
2026-09-18,계룡산,대전·충남,자원보전,식생·개화,"“계룡산서 약초 찾고 효능 배운다”…한의학硏, ‘어린이 본초탐사대...",biz.heraldcorp.com,https://biz.heraldcorp.com/article/10878795?ref=naver,제목,규칙기반 자동분류(제목·요약 낱말 대조)
2026-09-18,계룡산,대전·충남,기타,미분류,"한의학연, '어린이 본초탐사대' 15주년 기념 '함께 만드는 본초지도' 추...",mjmedi.com,http://www.mjmedi.com/news/articleView.html?idxno=63163,요약,규칙기반 자동분류(제목·요약 낱말 대조)
2026-09-18,계룡산,대전·충남,탐방시설,해설·교육,“직접 관찰하면서 한약재 효능 배워요∼”,akomnews.com,https://www.akomnews.com/bbs/board.php?bo_table=news&wr_id=68428,요약,규칙기반 자동분류(제목·요약 낱말 대조)
2026-09-18,한려해상,경남·전남,자원보전,기타,"한려해상국립공원, 상괭이 보전을 국제 논의로 확장...「2026년 상괭이 ...",dandinews.com,http://www.dandinews.com/news/articleView.html?idxno=17574,제목,규칙기반 자동분류(제목·요약 낱말 대조)
2026-09-18,한려해상,경남·전남,자원보전,멸종위기종,"[사천 24시] 사천시, 추석 연휴 재난·의료·관광 분야별 대응 나서",sisajournal.com,https://www.sisajournal.com/news/articleView.html?idxno=387749,요약,규칙기반 자동분류(제목·요약 낱말 대조)
2026-09-18,한려해상,경남·전남,기타,미분류,"가을 여수, 다채로운 자연과 예술이 어우러진 가볼 만한 곳",topstarnews.net,https://www.topstarnews.net/news/articleView.html?idxno=16192474,요약,규칙기반 자동분류(제목·요약 낱말 대조)
2026-09-18,한려해상,경남·전남,자원보전,멸종위기종,[사천시 소식] 곤명동 폐철도 부지에 파크골프장 개장-상괭이 심포지엄...,kpinews.kr,https://www.kpinews.kr/newsView/1065575761504291,요약,규칙기반 자동분류(제목·요약 낱말 대조)
2026-09-18,한려해상,경남·전남,기타,미분류,"오동도 관리권, 국가로 넘길 것인가…""소유권보다 운영권이 핵심""",netongs.com,http://www.netongs.com/news/articleView.html?idxno=335363,요약,규칙기반 자동분류(제목·요약 낱말 대조)
2026-09-18,설악산,강원,탐방시설,탐방로,[리포트] 일제가 지운 이름 '한계산'.. 100년 만에 되찾는다,chmbc.co.kr,https://chmbc.co.kr/article/cPvyI_C0Aq1,요약,규칙기반 자동분류(제목·요약 낱말 대조)
2026-09-18,설악산,강원,탐방시설,케이블카·삭도,"“이제서야 정상화”…이 대통령, 기자회견 전날 밤 SNS에 이런 글 남겨...",wikitree.co.kr,https://www.wikitree.co.kr/articles/1160409,요약,규칙기반 자동분류(제목·요약 낱말 대조)
2026-09-18,속리산,충북·경북,탐방시설,해설·교육,단풍 물든 말티재 올라 힐링… 문광 은행나무길선 한 컷,munhwa.com,https://www.munhwa.com/article/11617992?ref=naver,요약,규칙기반 자동분류(제목·요약 낱말 대조)
2026-09-18,한라산,제주,탐방시설,예약제·개방,한라산 관음사 탐방로 24일 재개방…예약 21일 오전 9시 개시,view.asiae.co.kr,https://view.asiae.co.kr/article/2026091816475667880,제목,규칙기반 자동분류(제목·요약 낱말 대조)
2026-09-18,한라산,제주,탐방시설,예약제·개방,한라산 관음사 탐방로 24일 전면 재개방…21일부터 예약 접수,news.bbsi.co.kr,https://news.bbsi.co.kr/news/articleView.html?idxno=4107440,제목,규칙기반 자동분류(제목·요약 낱말 대조)
2026-09-18,한라산,제주,탐방시설,예약제·개방,한라산 관음사 탐방로 24일부터 재개방…예약 21일부터,newsis.com,https://www.newsis.com/view/NISX20260918_0003795634,제목,규칙기반 자동분류(제목·요약 낱말 대조)
2026-09-18,한라산,제주,탐방시설,탐방로,한라산 관음사 정상 탐방로 24일 재개방,hankookilbo.com,https://www.hankookilbo.com/news/article/A2026091813300004750?did=NA,제목,규칙기반 자동분류(제목·요약 낱말 대조)
2026-09-18,한라산,제주,탐방시설,탐방로,"제주 한라산 관음사 탐방로, 24일 전면 재개방",jejusori.net,https://www.jejusori.net/news/articleView.html?idxno=506665,제목,규칙기반 자동분류(제목·요약 낱말 대조)
2026-09-18,한라산,제주,탐방시설,탐방로,제주 한라산 관음사 코스 24일 재개방…예약은 21일부터,news.tvchosun.com,https://news.tvchosun.com/site/data/html_dir/2026/09/18/2026091890108.html,제목,규칙기반 자동분류(제목·요약 낱말 대조)
2026-09-18,한라산,제주,탐방시설,예약제·개방,한라산 관음사 탐방로 24일 전면 재개방…21일부터 하루 500명 예약,news1.kr,https://www.news1.kr/local/jeju/6294991,제목,규칙기반 자동분류(제목·요약 낱말 대조)
2026-09-18,한라산,제주,탐방시설,예약제·개방,한라산 관음사 탐방로 24일 재개방··· 탐방 예약 21일 재개,khan.co.kr,https://www.khan.co.kr/article/202609181028001,제목,규칙기반 자동분류(제목·요약 낱말 대조)
2026-09-18,한라산,제주,탐방시설,탐방로,한라산 삼각봉~정상 구간 다시 열린다,jejudomin.co.kr,https://www.jejudomin.co.kr/news/articleView.html?idxno=400299,제목,규칙기반 자동분류(제목·요약 낱말 대조)
2026-09-18,한라산,제주,탐방시설,예약제·개방,한라산 관음사 탐방로 24일 재개방…21일 예약 재개,headlinejeju.co.kr,https://www.headlinejeju.co.kr/news/articleView.html?idxno=599219,제목,규칙기반 자동분류(제목·요약 낱말 대조)
2026-09-18,한라산,제주,탐방시설,예약제·개방,제주 한라산 관음사 탐방로 24일 전면 재개방…21일부터 예약,yna.co.kr,https://www.yna.co.kr/view/AKR20260918049700056?input=1195m,제목,규칙기반 자동분류(제목·요약 낱말 대조)
2026-09-18,한라산,제주,탐방시설,탐방로,24일 전면 개방… 관음사 코스로 다시 한라산 백록담 간다,seoul.co.kr,https://www.seoul.co.kr/news/society/2026/09/18/20260918500051?wlog_tag3=naver,제목,규칙기반 자동분류(제목·요약 낱말 대조)
2026-09-18,한라산,제주,탐방시설,탐방로,"막혔던 한라산 관음사 삼각봉~정상 구간, 24일부터 개방",mediajeju.com,https://www.mediajeju.com/news/articleView.html?idxno=366339,제목,규칙기반 자동분류(제목·요약 낱말 대조)
2026-09-18,한라산,제주,탐방시설,예약제·개방,한라산 관음사 탐방로...보수 마치고 오는 24일 재개방,ytn.co.kr,https://www.ytn.co.kr/_ln/0115_202609180934259197,제목,규칙기반 자동분류(제목·요약 낱말 대조)
2026-09-18,내장산,전북·전남,탐방시설,해설·교육,"시민·환경단체 ""정읍시·정읍시의회, '내장호 파크골프장' 추진 중단하...",jbsori.com,http://www.jbsori.com/news/articleView.html?idxno=17904,요약,규칙기반 자동분류(제목·요약 낱말 대조)
2026-09-18,오대산,강원,기타,미분류,"오대산국립공원사무소, 추석 앞두고 '청렴캠페인' 전개",gukjenews.com,https://www.gukjenews.com/news/articleView.html?idxno=3699341,제목,규칙기반 자동분류(제목·요약 낱말 대조)
2026-09-18,태안해안,충남 태안,행정,협약·협력,"태안해안국립공원-태안군 청소년수련관, 청소년 해양생태 체험 확대 나...",chungnamilbo.co.kr,http://www.chungnamilbo.co.kr/news/articleView.html?idxno=910645,제목,규칙기반 자동분류(제목·요약 낱말 대조)
2026-09-18,북한산,서울·경기,자원보전,불법·무질서 단속,가을 단풍철 국립공원 불법행위 집중단속...샛길 출입·취사·흡연 등,idsn.co.kr,https://idsn.co.kr/news/view/1065599619565255,요약,규칙기반 자동분류(제목·요약 낱말 대조)
2026-09-18,무등산,광주·전남,구조활동,기타,"무등산국립공원사무소, 대학생민간구조협력단 발대식 가져",mt.co.kr,https://www.mt.co.kr/policy/2026/09/18/2026091813451814196,제목,규칙기반 자동분류(제목·요약 낱말 대조)
2026-09-18,북한산,서울·경기,자원보전,불법·무질서 단속,가을철 국립공원 불법 행위 집중 관리,naeil.com,https://www.naeil.com/news/read/602769?ref=naver,요약,규칙기반 자동분류(제목·요약 낱말 대조)
2026-09-18,북한산,서울·경기,자원보전,불법·무질서 단속,"국립공원공단, 단풍철 불법행위 집중 관리",dailian.co.kr,https://www.dailian.co.kr/news/view/1691821/?sc=Naver,요약,규칙기반 자동분류(제목·요약 낱말 대조)
2026-09-18,북한산,서울·경기,자원보전,불법·무질서 단속,단풍철 국립공원 불법행위 집중단속…흡연 과태료 최대 200만원,newsis.com,https://www.newsis.com/view/NISX20260917_0003794289,요약,규칙기반 자동분류(제목·요약 낱말 대조)
2026-09-18,무등산,광주·전남,행정,기타,굽혀도 꺾이지 않는 '은빛 생명',gjdream.com,http://www.gjdream.com/news/articleView.html?idxno=672765,요약,규칙기반 자동분류(제목·요약 낱말 대조)
2026-09-18,팔공산,대구·경북,탐방시설,축제·행사,‘제25회 경산갓바위소원성취축제’ 19일부터 이틀간 열려,viva100.com,https://www.viva100.com/article/20260918500814,요약,규칙기반 자동분류(제목·요약 낱말 대조)
2026-09-18,팔공산,대구·경북,탐방시설,축제·행사,“소원 빌고 비빔밥 나누자”…경산갓바위축제 19일 개막,kukinews.com,https://www.kukinews.com/article/view/kuk202609180115,요약,규칙기반 자동분류(제목·요약 낱말 대조)
2026-09-18,팔공산,대구·경북,자원보전,불법·무질서 단속,단풍객 몰리는 국립공원…샛길·흡연·불법야영 집중단속,dt.co.kr,https://www.dt.co.kr/article/12084733?ref=naver,요약,규칙기반 자동분류(제목·요약 낱말 대조)
2026-09-18,팔공산,대구·경북,탐방시설,기타,[박물관 탐방] 불에 달구고 망치로 두드리고… 놋그릇에 새겨진 장인의...,newscj.com,https://www.newscj.com/news/articleView.html?idxno=3433662,요약,규칙기반 자동분류(제목·요약 낱말 대조)
2026-09-18,금정산,부산·경남,행정,인사·조직,"[부산 브리핑 모음(9월18일)] 부산시, 제107회 전국체육대회 부산대표선...",dnews.co.kr,https://www.dnews.co.kr/uhtml/view.jsp?idxno=202609171815338320598,요약,규칙기반 자동분류(제목·요약 낱말 대조)
2026-09-18,(전체·공통),전국·공통,구조활동,헬기·이송,업체 말만 믿었나? 계약 변경 타당했나? [취재파일],news.sbs.co.kr,https://news.sbs.co.kr/news/endPage.do?news_id=N1008752031&plink=ORI&cooper=NAVER,해당없음,규칙기반 자동분류(제목·요약 낱말 대조)
2026-09-18,(전체·공통),전국·공통,재난안전,산불,"대만은 40도 재난훈련, 스리랑카는 식수난…엘니뇨에 아시아 비상",newsis.com,https://www.newsis.com/view/NISX20260918_0003795885,해당없음,규칙기반 자동분류(제목·요약 낱말 대조)
2026-09-18,한라산,제주,재난안전,산불,9월 18일 오늘의 안전 상황,fpn119.co.kr,http://fpn119.co.kr/256798,요약,규칙기반 자동분류(제목·요약 낱말 대조)
2026-09-18,설악산,강원,자원보전,멸종위기종,"[지구한바퀴] 한국의 갈라파고스 '설악산'‥""여기서 사라지면 영영 사라...",imnews.imbc.com,https://imnews.imbc.com/replay/2026/nwdesk/article/6852897_37004.html,제목,규칙기반 자동분류(제목·요약 낱말 대조)
2026-09-18,(전체·공통),전국·공통,자원보전,멸종위기종,국립공원 굿즈 하루 209개 팔렸다…4년 누적 매출 31억,newsis.com,https://www.newsis.com/view/NISX20260918_0003795456,해당없음,규칙기반 자동분류(제목·요약 낱말 대조)
2026-09-18,(전체·공통),전국·공통,자원보전,멸종위기종,국립공원 캐릭터 상품 하루 평균 200개 팔렸다,yna.co.kr,https://www.yna.co.kr/view/AKR20260918075900054?input=1195m,해당없음,규칙기반 자동분류(제목·요약 낱말 대조)
2026-09-18,(전체·공통),전국·공통,재난안전,산불,"추석 지나면 캠핑 성수기, 화재 주의보 뜬다",gokorea.kr,https://www.gokorea.kr/news/articleView.html?idxno=878996,해당없음,규칙기반 자동분류(제목·요약 낱말 대조)
2026-09-17,지리산,전남·전북·경남,구조활동,출동·대응,"산청소방서, 가을철 산악사고 대비 관계기관 합동 특별구조훈련",fpn119.co.kr,http://fpn119.co.kr/256760,요약,규칙기반 자동분류(제목·요약 낱말 대조)
2026-09-17,한려해상,경남·전남,자원보전,멸종위기종,"""멸종위기 상괭이 보전 힘 모은다""…한려해상국립공원, 국제협력 '강화...",newsis.com,https://www.newsis.com/view/NISX20260917_0003794591,제목,규칙기반 자동분류(제목·요약 낱말 대조)
2026-09-17,한려해상,경남·전남,기타,미분류,한 섬 한 섬 보아島…365일 설렌다,kookbang.dema.mil.kr,https://kookbang.dema.mil.kr/newsWeb/20260918/1/ATCE_CTGR_0020020004/view.do,요약,규칙기반 자동분류(제목·요약 낱말 대조)
2026-09-17,한려해상,경남·전남,기타,미분류,사천서 '2026년 상괭이 국제 심포지엄' 개최,newsgn.com,https://www.newsgn.com/news/articleView.html?idxno=574638,요약,규칙기반 자동분류(제목·요약 낱말 대조)
2026-09-17,한려해상,경남·전남,기타,미분류,사천서 상괭이 국제 심포지엄…국내외 전문가 연구성과 공유,breaknews.com,http://www.breaknews.com/1237441,요약,규칙기반 자동분류(제목·요약 낱말 대조)
2026-09-17,한려해상,경남·전남,재난안전,통제·입산금지,함양엔 꽃무릇·통영선 바다 캠핑…가을 추억 쌓으러 떠나요,hankyung.com,https://www.hankyung.com/article/2026091703181,요약,규칙기반 자동분류(제목·요약 낱말 대조)
2026-09-17,한려해상,경남·전남,자원보전,기타,사천서 상괭이 국제 심포지엄…국내외 전문가 연구·보전 논의,idomin.com,https://www.idomin.com/news/articleView.html?idxno=2015211,요약,규칙기반 자동분류(제목·요약 낱말 대조)
2026-09-17,한려해상,경남·전남,자원보전,기타,"사천시, ‘2026년 상괭이 국제 심포지엄’ 개최",viva100.com,https://www.viva100.com/article/20260917500967,요약,규칙기반 자동분류(제목·요약 낱말 대조)
2026-09-17,속리산,충북·경북,탐방시설,탐방로,법주사 - 수정봉을 잇는 새 탐방로 개방,cctimes.kr,http://www.cctimes.kr/news/articleView.html?idxno=928297,요약,규칙기반 자동분류(제목·요약 낱말 대조)
2026-09-17,속리산,충북·경북,탐방시설,탐방로,보은군 속리산 법주사∼수정봉 새 탐방로 21일 개방,inews365.com,https://www.inews365.com/news/article.html?no=936342,제목,규칙기반 자동분류(제목·요약 낱말 대조)
2026-09-17,속리산,충북·경북,자원보전,식생·개화,문경 문희농원과 봉천사에서 개미취 군락지를 만나다,kbmaeil.com,https://www.kbmaeil.com/article/20260916500479,요약,규칙기반 자동분류(제목·요약 낱말 대조)
2026-09-17,속리산,충북·경북,탐방시설,탐방로,속리산국립공원 '법주사~수정봉' 신규 탐방로 21일 개방,news1.kr,https://www.news1.kr/local/sejong-chungbuk/6294082,제목,규칙기반 자동분류(제목·요약 낱말 대조)
2026-09-17,내장산,전북·전남,탐방시설,편의·무장애,"내장산국립공원 파크골프장 '농지법 위반'.. 환경단체 ""재심의해야""",jmbc.co.kr,http://www.jmbc.co.kr/news/view/68041,제목,규칙기반 자동분류(제목·요약 낱말 대조)
2026-09-17,오대산,강원,자원보전,조류,"습지 ""생태환경에 꼭 필요한 존재랍니다""",kidshankook.kr,https://www.kidshankook.kr/news/articleView.html?idxno=18297,요약,규칙기반 자동분류(제목·요약 낱말 대조)
2026-09-17,다도해해상,전남,기타,미분류,"완도해경, 국제연안정화의 날 맞아 해양쓰레기 3톤 수거",m-i.kr,https://www.m-i.kr/news/articleView.html?idxno=1415647,요약,규칙기반 자동분류(제목·요약 낱말 대조)
2026-09-17,다도해해상,전남,기타,미분류,‘천혜의 비경’ 여수 금오도…“주 행사장보다 낫다”,news.kbs.co.kr,https://news.kbs.co.kr/news/pc/view/view.do?ncd=8666052&ref=A,요약,규칙기반 자동분류(제목·요약 낱말 대조)
2026-09-17,소백산,충북·경북,기타,미분류,첩첩 능선 켜켜이 스민 시간 넘어… 천 년 지킨 ‘돌부처’에 손을 모으...,munhwa.com,https://www.munhwa.com/article/11617668?ref=naver,요약,규칙기반 자동분류(제목·요약 낱말 대조)
2026-09-17,월출산,전남,구조활동,기타,"영암 월출산국립공원, 민간구조협력단 발대식",yna.co.kr,https://www.yna.co.kr/view/AKR20260917143900054?input=1195m,제목,규칙기반 자동분류(제목·요약 낱말 대조)
2026-09-17,월출산,전남,구조활동,기타,"월출산국립공원, 민간구조협력단 발대식 가져",mt.co.kr,https://www.mt.co.kr/policy/2026/09/17/2026091714165678507,제목,규칙기반 자동분류(제목·요약 낱말 대조)
2026-09-17,무등산,광주·전남,구조활동,출동·대응,"무등산국립공원, 민간구조협력단 발대식",jndn.com,http://www.jndn.com/article.php?aid=1789636000439875011,제목,규칙기반 자동분류(제목·요약 낱말 대조)
2026-09-17,태백산,강원·경북,기타,미분류,"[포토뉴스] 동부지방산림청, 태백산국립공원 일원에서 플로깅 데이 실시",gw.newdaily.co.kr,https://gw.newdaily.co.kr/site/data/html/2026/09/17/2026091700356.html,제목,규칙기반 자동분류(제목·요약 낱말 대조)
2026-09-17,태백산,강원·경북,자원보전,기타,"동부지방산림청, 태백산국립공원 일원에서 플로깅 데이 실시",kwnews.co.kr,https://www.kwnews.co.kr/article/20260917500885,제목,규칙기반 자동분류(제목·요약 낱말 대조)
2026-09-17,팔공산,대구·경북,탐방시설,해설·교육,"팔공산국립공원, 보훈영웅 29명 대상 치유 프로그램",newsis.com,https://www.newsis.com/view/NISX20260917_0003794392,제목,규칙기반 자동분류(제목·요약 낱말 대조)
2026-09-17,팔공산,대구·경북,탐방시설,해설·교육,"대구지방보훈청·팔공산국립공원동부사무소, 보훈가족 치유 프로그램 운...",dkilbo.com,https://www.dkilbo.com/news/articleView.html?idxno=554759,제목,규칙기반 자동분류(제목·요약 낱말 대조)
2026-09-17,팔공산,대구·경북,탐방시설,해설·교육,"대구지방보훈청, 고령 보훈가족 위한 '팔공산 치유 프로그램' 운영",news.bbsi.co.kr,https://news.bbsi.co.kr/news/articleView.html?idxno=4107114,제목,규칙기반 자동분류(제목·요약 낱말 대조)
2026-09-17,팔공산,대구·경북,행정,인사·조직,"대구보훈청, 고령 보훈가족과 팔공산서 ‘치유의 시간’",view.asiae.co.kr,https://view.asiae.co.kr/article/2026091708520296081,제목,규칙기반 자동분류(제목·요약 낱말 대조)
2026-09-17,금정산,부산·경남,행정,인사·조직,[위클리오늘] 부산 구정 소식 (9.17),weeklytoday.com,http://www.weeklytoday.com/news/articleView.html?idxno=795032,요약,규칙기반 자동분류(제목·요약 낱말 대조)
2026-09-17,금정산,부산·경남,행정,지정·구역,2026 금정산성축제 공식 포스터 공개…10월 16일 개막,news.lghellovision.net,http://news.lghellovision.net/news/articleView.html?idxno=555554,제목,규칙기반 자동분류(제목·요약 낱말 대조)
2026-09-17,금정산,부산·경남,재난안전,산불,"금정산 국립공원 능선, 축제 얼굴로…금정산성축제 포스터 공개",mhns.co.kr,https://www.mhns.co.kr/news/articleView.html?idxno=760683,제목,규칙기반 자동분류(제목·요약 낱말 대조)
2026-09-17,(전체·공통),전국·공통,행정,지정·구역,"산림청, 소나무재선충병 예찰·방제 유관기관 협력체계 구축",woodkorea.co.kr,https://www.woodkorea.co.kr/news/articleView.html?idxno=91421,해당없음,규칙기반 자동분류(제목·요약 낱말 대조)
2026-09-17,(전체·공통),전국·공통,탐방시설,기타,"소나무재선충병 피해 177만 그루…산림청, 국립공원·고속도로 등 공동...",youngnong.co.kr,https://www.youngnong.co.kr/news/articleView.html?idxno=70421,해당없음,규칙기반 자동분류(제목·요약 낱말 대조)
2026-09-16,한라산,제주,탐방시설,탐방객 동향,"“한라산 표지판, 밋밋한 숫자만 가득” 박지은 제주도의원, 한라산 안...",womennews.co.kr,https://www.womennews.co.kr/news/articleView.html?idxno=282290,제목,규칙기반 자동분류(제목·요약 낱말 대조)
2026-09-16,지리산,전남·전북·경남,탐방시설,편의·무장애,[임실·순창·남원 24시] 임실N복숭아 '100억 시대'…농가소득 효자상품...,sisajournal.com,https://www.sisajournal.com/news/articleView.html?idxno=387426,요약,규칙기반 자동분류(제목·요약 낱말 대조)
2026-09-16,지리산,전남·전북·경남,기타,미분류,국지도 60호선 재조사 본격화…남원 주천~고기 '안전길' 열리나,jeollailbo.com,http://www.jeollailbo.com/news/articleView.html?idxno=811226,요약,규칙기반 자동분류(제목·요약 낱말 대조)
2026-09-16,지리산,전남·전북·경남,기타,미분류,"""어떻게 하늘과 땅을 돈으로 사고 팔 수 있나"" [세계의 국립공원 미국 ...",san.chosun.com,http://san.chosun.com/news/articleView.html?idxno=26137,요약,규칙기반 자동분류(제목·요약 낱말 대조)
2026-09-16,한려해상,경남·전남,구조활동,출동·대응,"사천해경, 낚시어선 전복 대응훈련",gnmaeil.com,http://www.gnmaeil.com/news/articleView.html?idxno=594977,요약,규칙기반 자동분류(제목·요약 낱말 대조)
2026-09-16,설악산,강원,탐방시설,탐방로,국립공원 샛길 산행 과태료 50만원…5년간 4717건 적발,imaeil.com,https://www.imaeil.com/page/view/2026091609311374136,요약,규칙기반 자동분류(제목·요약 낱말 대조)
2026-09-16,설악산,강원,구조활동,실종·수색,50대 등산객 설악산서 석 달째 행방 묘연⋯11월 수색 재개,kwnews.co.kr,https://www.kwnews.co.kr/article/20260915501411,제목,규칙기반 자동분류(제목·요약 낱말 대조)
2026-09-16,설악산,강원,탐방시설,케이블카·삭도,'어떤 전환인지'를 묻는 독립연구의 중요성,ohmynews.com,https://www.ohmynews.com/NWS_Web/View/at_pg.aspx?CNTN_CD=A0003267878&CMPT_CD=P0010&utm_source=naver&utm_medium=newsearch&utm_campaign=naver_news,요약,규칙기반 자동분류(제목·요약 낱말 대조)
2026-09-16,설악산,강원,탐방시설,기타,"""인제와 사랑에 빠졌어요"" 불가리아 언론 '아시아 스위스, 인제에 물들...",nocutnews.co.kr,https://www.nocutnews.co.kr/news/6579038?utm_source=naver&utm_medium=article&utm_campaign=20260916010618,요약,규칙기반 자동분류(제목·요약 낱말 대조)
2026-09-16,내장산,전북·전남,탐방시설,해설·교육,‘농지법 위반’ 논란 속…정읍 내장산 파크골프장 조성안 가결,jjan.kr,https://www.jjan.kr/article/20260916500295,제목,규칙기반 자동분류(제목·요약 낱말 대조)
2026-09-16,내장산,전북·전남,행정,지정·구역,"추석엔 이웃과 함께… 내장산국립공원 백암사무소, 장성군에 성금 200만...",ttlnews.com,http://www.ttlnews.com/news/articleView.html?idxno=3143880,제목,규칙기반 자동분류(제목·요약 낱말 대조)
2026-09-16,태안해안,충남 태안,자원보전,멸종위기종,"멸종위기 가시연꽃, 서산 풍전저수지에 살아남을 수 있을까",ohmynews.com,https://www.ohmynews.com/NWS_Web/View/at_pg.aspx?CNTN_CD=A0003267630&CMPT_CD=P0010&utm_source=naver&utm_medium=newsearch&utm_campaign=naver_news,요약,규칙기반 자동분류(제목·요약 낱말 대조)
2026-09-16,변산반도,전북 부안,행정,협약·협력,"서산시장애인보호작업장, 변산반도에서하반기 이용인 힐링 야유회 개최",chungnamilbo.co.kr,http://www.chungnamilbo.co.kr/news/articleView.html?idxno=909849,제목,규칙기반 자동분류(제목·요약 낱말 대조)
2026-09-16,다도해해상,전남,기타,미분류,[여기는 전남] ‘천혜의 비경’ 여수 금오도…“주 행사장보다 낫다”,news.kbs.co.kr,https://news.kbs.co.kr/news/pc/view/view.do?ncd=8665264&ref=A,요약,규칙기반 자동분류(제목·요약 낱말 대조)
2026-09-16,다도해해상,전남,기타,미분류,"국립목포대 학생들, 영산도 명품마을 벽화 봉사활동 참여",newsmaker.or.kr,http://www.newsmaker.or.kr/news/articleView.html?idxno=182580,요약,규칙기반 자동분류(제목·요약 낱말 대조)
2026-09-16,치악산,강원 원주,기타,미분류,아시아에 딱 하나뿐? 판화 2천 점 터진 원주 가볼 만한 곳,tournews21.com,https://www.tournews21.com/news/articleView.html?idxno=143685,요약,규칙기반 자동분류(제목·요약 낱말 대조)
2026-09-16,소백산,충북·경북,행정,협약·협력,"단양군환경교육센터·소백산국립공원북부사무소, 지역 환경교육 활성화...",enewstoday.co.kr,http://www.enewstoday.co.kr/news/articleView.html?idxno=2470938,제목,규칙기반 자동분류(제목·요약 낱말 대조)
2026-09-16,무등산,광주·전남,자원보전,복원·방사,"가볍게 오르는 군왕봉, 광주 도심과 무등산이 한눈에",ohmynews.com,https://www.ohmynews.com/NWS_Web/View/at_pg.aspx?CNTN_CD=A0003266351&CMPT_CD=P0010&utm_source=naver&utm_medium=newsearch&utm_campaign=naver_news,제목,규칙기반 자동분류(제목·요약 낱말 대조)
2026-09-16,무등산,광주·전남,재난안전,예방·훈련,"국립공원공단, '제2회 국립공원 안전사고 연구 워크숍' 개최",mt.co.kr,https://www.mt.co.kr/policy/2026/09/16/2026091616044867169,요약,규칙기반 자동분류(제목·요약 낱말 대조)
2026-09-16,팔공산,대구·경북,기타,미분류,"대구 시립 3개 박물관, 추석 연휴 문화 행사 풍성",imaeil.com,https://www.imaeil.com/page/view/2026091616044743393,요약,규칙기반 자동분류(제목·요약 낱말 대조)
2026-09-16,팔공산,대구·경북,탐방시설,해설·교육,"대구시립 3개 박물관, 추석 맞아 전통놀이·체험 한마당",idaegu.co.kr,https://www.idaegu.co.kr/news/articleView.html?idxno=559812,요약,규칙기반 자동분류(제목·요약 낱말 대조)
2026-09-16,팔공산,대구·경북,탐방시설,축제·행사,"대구시립 3개 박물관, 한가위 맞아 다채로운 전통문화 체험 운영",dkilbo.com,https://www.dkilbo.com/news/articleView.html?idxno=554528,요약,규칙기반 자동분류(제목·요약 낱말 대조)
2026-09-16,(전체·공통),전국·공통,재난안전,산불,산림청 로고 떡하니…한국은 손 못 대는 '산불헬기' 정체 (XR/풀영상),news.sbs.co.kr,https://news.sbs.co.kr/news/endPage.do?news_id=N1008756830&plink=ORI&cooper=NAVER,해당없음,규칙기반 자동분류(제목·요약 낱말 대조)
2026-09-16,(전체·공통),전국·공통,행정,기타,"산림청, 소나무재선충병 막는다···범부처 협의회",paxetv.com,http://www.paxetv.com/news/articleView.html?idxno=282127,해당없음,규칙기반 자동분류(제목·요약 낱말 대조)
2026-09-16,(전체·공통),전국·공통,재난안전,폭설·한파,남원 국지도 60호선 개량사업 타당성 현지조사 진행돼,sjbnews.com,https://sjbnews.com/news/news.php?number=887979,해당없음,규칙기반 자동분류(제목·요약 낱말 대조)
2026-09-16,(전체·공통),전국·공통,행정,지정·구역,"산림청, 유관기관-지방정부와 손잡고 소나무재선충병 공동 대응 강화",jeonmae.co.kr,https://www.jeonmae.co.kr/news/articleView.html?idxno=1294197,해당없음,규칙기반 자동분류(제목·요약 낱말 대조)
2026-09-16,(전체·공통),전국·공통,탐방시설,탐방객 동향,"부안소방서, 가을철 '산악안전지킴이' 본격 운영 중… 등산객 안전 '밀...",ibuan.com,https://www.ibuan.com/news/articleView.html?idxno=56470,해당없음,규칙기반 자동분류(제목·요약 낱말 대조)
2026-09-16,지리산,전남·전북·경남,행정,지정·구역,남원시 국지도 60호 타당성 재조사 현장 방문,jjn.co.kr,http://www.jjn.co.kr/news/articleView.html?idxno=1052291,요약,규칙기반 자동분류(제목·요약 낱말 대조)
2026-09-16,(전체·공통),전국·공통,탐방시설,탐방로,엘니뇨의 심술로 꽉 막힌 이구아수폭포 ‘악마의 목구멍’ [여기는 남미...,nownews.seoul.co.kr,https://nownews.seoul.co.kr/news/newsView.php?id=20260916601017&wlog_tag3=naver,해당없음,규칙기반 자동분류(제목·요약 낱말 대조)
2026-09-16,(전체·공통),전국·공통,재난안전,폭설·한파,"남원시 국지도 60호(주천~고기) 도로 개량, 현장점검…총연장 6.59㎞·노...",gukjenews.com,https://www.gukjenews.com/news/articleView.html?idxno=3697466,해당없음,규칙기반 자동분류(제목·요약 낱말 대조)
2026-09-16,(전체·공통),전국·공통,행정,지정·구역,"산림청, 유관기관·지방정부와 소나무재선충병 공동 대응 강화",newsis.com,https://www.newsis.com/view/NISX20260916_0003792508,해당없음,규칙기반 자동분류(제목·요약 낱말 대조)
2026-09-16,(전체·공통),전국·공통,재난안전,산불,[통하는 충남] 박수현 지사 “국가자원 본원 충남 설치” 요청,kukinews.com,https://www.kukinews.com/article/view/kuk202609160177,해당없음,규칙기반 자동분류(제목·요약 낱말 대조)
2026-09-16,(전체·공통),전국·공통,구조활동,출동·대응,"산림청, 유관기관·지방정부 맞손 '소나무재선충병' 공동대응",amnews.co.kr,http://www.amnews.co.kr/news/articleView.html?idxno=74534,해당없음,규칙기반 자동분류(제목·요약 낱말 대조)
2026-09-16,(전체·공통),전국·공통,행정,지정·구역,"산림청, 유관기관·지방정부와 소나무재선충병 대응 강화",yna.co.kr,https://www.yna.co.kr/view/AKR20260916134500063?input=1195m,해당없음,규칙기반 자동분류(제목·요약 낱말 대조)
2026-09-16,(전체·공통),전국·공통,행정,지정·구역,"산림청, 유관기관 및 지방정부와 소나무재선충병 공동 대응 나선다",sedaily.com,https://www.sedaily.com/article/20091659?ref=naver,해당없음,규칙기반 자동분류(제목·요약 낱말 대조)
2026-09-15,지리산,전남·전북·경남,자원보전,복원·방사,[영상] “내려오지마!” 나무 위 포착…지리산 등산객 기겁한 동물,joongang.co.kr,https://www.joongang.co.kr/article/25462069,제목,규칙기반 자동분류(제목·요약 낱말 대조)
2026-09-15,지리산,전남·전북·경남,행정,인사·조직,'K-국립공원' 관리 모델 우즈벡에 심는다…중앙아시아 생태보전 협력 강...,mediapen.com,https://www.mediapen.com/news/view/1123619,요약,규칙기반 자동분류(제목·요약 낱말 대조)
2026-09-15,설악산,강원,기타,미분류,"불수사도북 왕복만 3번…""무모하다구요? 준비가 반이죠"" [산지컬 100]",san.chosun.com,http://san.chosun.com/news/articleView.html?idxno=26138,요약,규칙기반 자동분류(제목·요약 낱말 대조)
2026-09-15,속리산,충북·경북,자원보전,불법·무질서 단속,도토리 주웠다가 벌금 5천만원…산림청 48일 무관용 단속,imaeil.com,https://www.imaeil.com/page/view/2026091417144252967,요약,규칙기반 자동분류(제목·요약 낱말 대조)
2026-09-15,내장산,전북·전남,구조활동,출동·대응,"정읍소방서, 내장산 가을철 산악사고 합동 구조훈련",jeonmin.co.kr,http://www.jeonmin.co.kr/news/articleView.html?idxno=447092,제목,규칙기반 자동분류(제목·요약 낱말 대조)
2026-09-15,오대산,강원,탐방시설,해설·교육,평창시니어클럽 노인일자리 현장에 쉼터 마련,kado.net,https://www.kado.net/news/articleView.html?idxno=2072736,요약,규칙기반 자동분류(제목·요약 낱말 대조)
2026-09-15,오대산,강원,탐방시설,해설·교육,"평창시니어클럽, 노인일자리 쉼터 마련",kwnews.co.kr,https://www.kwnews.co.kr/article/20260915500901,요약,규칙기반 자동분류(제목·요약 낱말 대조)
2026-09-15,다도해해상,전남,탐방시설,기타,"여수시, 오동도 관리권 환원 시민의 뜻 듣는다",srtimes.kr,http://www.srtimes.kr/news/articleView.html?idxno=212482,요약,규칙기반 자동분류(제목·요약 낱말 대조)
2026-09-15,북한산,서울·경기,자원보전,기타,북한산 산신제 봉행…'청담골' 개최는 올해가 마지막,mygoyang.com,http://www.mygoyang.com/news/articleView.html?idxno=90350,제목,규칙기반 자동분류(제목·요약 낱말 대조)
2026-09-15,월악산,충북·경북,기타,미분류,처서 지나 추석까지…뱀도 벌도 가장 사나운 한 달,news.sbs.co.kr,https://news.sbs.co.kr/news/endPage.do?news_id=N1008750697&plink=ORI&cooper=NAVER,요약,규칙기반 자동분류(제목·요약 낱말 대조)
2026-09-15,소백산,충북·경북,행정,협약·협력,"단양군, 우수 생태자원 활용한 환경교육 네트워크 구축 총력",breaknews.com,http://www.breaknews.com/1236790,요약,규칙기반 자동분류(제목·요약 낱말 대조)
2026-09-15,소백산,충북·경북,행정,협약·협력,"단양군, 지역 맞춤형 환경교육 활성화 '맞손'",cctimes.kr,http://www.cctimes.kr/news/articleView.html?idxno=927464,요약,규칙기반 자동분류(제목·요약 낱말 대조)
2026-09-15,소백산,충북·경북,행정,협약·협력,"단양군 환경교육센터·소백산국립공원북부사무소, 환경교육 활성화·탄...",inews365.com,https://www.inews365.com/news/article.html?no=935834,제목,규칙기반 자동분류(제목·요약 낱말 대조)
2026-09-15,소백산,충북·경북,행정,협약·협력,"환경교육센터-소백산북부사무소, 지역 환경교육 협약",ccdn.co.kr,https://www.ccdn.co.kr/news/articleView.html?idxno=1099862,제목,규칙기반 자동분류(제목·요약 낱말 대조)
2026-09-15,소백산,충북·경북,행정,협약·협력,"단양군환경교육센터-소백산국립공원북부사무소, 환경교육 '맞손'",dynews.co.kr,https://www.dynews.co.kr/news/articleView.html?idxno=865945,제목,규칙기반 자동분류(제목·요약 낱말 대조)
2026-09-15,소백산,충북·경북,행정,협약·협력,"단양군, 지역 맞춤형 환경교육 구축",ggilbo.com,https://www.ggilbo.com/news/articleView.html?idxno=1181733,요약,규칙기반 자동분류(제목·요약 낱말 대조)
2026-09-15,소백산,충북·경북,행정,협약·협력,"단양군환경교육센터-소백산국립공원북부사무소, 지역 환경교육 위한 협...",chungnamilbo.co.kr,http://www.chungnamilbo.co.kr/news/articleView.html?idxno=909610,제목,규칙기반 자동분류(제목·요약 낱말 대조)
2026-09-15,소백산,충북·경북,행정,협약·협력,"단양군환경교육센터-소백산국립공원북부사무소, 환경교육 활성화 업무...",gukjenews.com,https://www.gukjenews.com/news/articleView.html?idxno=3695102,제목,규칙기반 자동분류(제목·요약 낱말 대조)
2026-09-15,변산반도,전북 부안,탐방시설,탐방객 동향,"국립공원공단 서부지역본부, 연안 실개천 정화활동 실시",newsis.com,https://www.newsis.com/view/NISX20260915_0003790242,요약,규칙기반 자동분류(제목·요약 낱말 대조)
2026-09-15,변산반도,전북 부안,탐방시설,기타,"서해의 보석 부안, 자연의 신비를 만끽할 가볼 만한 곳",joongangenews.com,https://www.joongangenews.com/news/articleView.html?idxno=547329,요약,규칙기반 자동분류(제목·요약 낱말 대조)
2026-09-15,변산반도,전북 부안,재난안전,호우·태풍,메롱메롱 신발 밑창과 폭우의 내변산 환종주 [독자코너 우리들의 산전수...,san.chosun.com,http://san.chosun.com/news/articleView.html?idxno=26111,요약,규칙기반 자동분류(제목·요약 낱말 대조)
2026-09-15,무등산,광주·전남,자원보전,자연유산·지질,"전남광주통합특별시 북구, 탄소중립 우수사례 평가 장관상 수상",m-i.kr,https://www.m-i.kr/news/articleView.html?idxno=1414419,요약,규칙기반 자동분류(제목·요약 낱말 대조)
2026-09-15,무등산,광주·전남,탐방시설,야영장·대피소,"무등산국립공원, 힐링·안전 체험 ‘도원캠캉스’ 성료",jndn.com,http://www.jndn.com/article.php?aid=1789462765439697011,제목,규칙기반 자동분류(제목·요약 낱말 대조)
2026-09-15,무등산,광주·전남,재난안전,산불,"“무등산에 사랑이 흐른다”…광주, 스크린에 담다",jndn.com,http://www.jndn.com/article.php?aid=1789461978439688006,제목,규칙기반 자동분류(제목·요약 낱말 대조)
2026-09-15,무등산,광주·전남,탐방시설,축제·행사,"농협광주본부, '농심천심 우리 농산물 소비촉진 캠페인' 펼쳐",aflnews.co.kr,https://www.aflnews.co.kr/news/articleView.html?idxno=328212,요약,규칙기반 자동분류(제목·요약 낱말 대조)
2026-09-15,한라산,제주,자원보전,식생·개화,'찰나에서 영원으로'⋯청주서 만나는 대한민국 국립공원,dynews.co.kr,https://www.dynews.co.kr/news/articleView.html?idxno=866094,요약,규칙기반 자동분류(제목·요약 낱말 대조)
2026-09-15,금정산,부산·경남,행정,법령·제도,국립공원 곳곳에 기도터 ‘몸살’…불법 시설 일단 철거했지만,news.kbs.co.kr,https://news.kbs.co.kr/news/pc/view/view.do?ncd=8663787&ref=A,요약,규칙기반 자동분류(제목·요약 낱말 대조)
2026-09-14,지리산,전남·전북·경남,자원보전,기타,기후변화 ‘피난처’는 백두대간…제주·해안 생태 회복력 취약,khan.co.kr,https://www.khan.co.kr/article/202609141505001,요약,규칙기반 자동분류(제목·요약 낱말 대조)
2026-09-14,지리산,전남·전북·경남,탐방시설,기타,"윌가드크리에이티브랩, 제주 애월 도로에 방향지도성 재귀반사시트 'WA...",etnews.com,https://www.etnews.com/20260914000173,요약,규칙기반 자동분류(제목·요약 낱말 대조)
2026-09-14,지리산,전남·전북·경남,기타,미분류,“80년 무상임대 끝났다” 백운산 국립공원 촉구,mpmbc.co.kr,https://mpmbc.co.kr/NewsArticle/1536743,요약,규칙기반 자동분류(제목·요약 낱말 대조)
2026-09-14,지리산,전남·전북·경남,행정,지정·구역,"80년 무상임대 끝난 백운산‥""국립공원 지정""",imnews.imbc.com,https://imnews.imbc.com/replay/2026/nwtoday/article/6851579_37012.html,요약,규칙기반 자동분류(제목·요약 낱말 대조)
2026-09-14,설악산,강원,구조활동,심정지·응급질환,“올라가지 말랬잖아” 무시하더니 결국…‘무단 산행’ 외국인들에 칼...,sedaily.com,https://www.sedaily.com/article/20090856?ref=naver,요약,규칙기반 자동분류(제목·요약 낱말 대조)
2026-09-14,설악산,강원,자원보전,기타,"환경보전원, 아프리카돼지열병 차단울타리 집중점검",todayenergy.kr,https://www.todayenergy.kr/news/articleView.html?idxno=303022,요약,규칙기반 자동분류(제목·요약 낱말 대조)
2026-09-14,다도해해상,전남,탐방시설,기타,"다도해의 숨결, 신안의 다채로운 매력 가볼 만한 곳",joongangenews.com,https://www.joongangenews.com/news/articleView.html?idxno=547324,요약,규칙기반 자동분류(제목·요약 낱말 대조)
2026-09-14,북한산,서울·경기,기타,미분류,"외국인 사로잡은 북한산, 그 길을 밝히는 이들",ohmynews.com,https://www.ohmynews.com/NWS_Web/View/at_pg.aspx?CNTN_CD=A0003266946&CMPT_CD=P0010&utm_source=naver&utm_medium=newsearch&utm_campaign=naver_news,제목,규칙기반 자동분류(제목·요약 낱말 대조)
2026-09-14,북한산,서울·경기,탐방시설,탐방객 동향,"북한산국립공원, 외국인 탐방객 68% 급증하자 '글로벌 레인저스' 운영",san.chosun.com,http://san.chosun.com/news/articleView.html?idxno=26131,제목,규칙기반 자동분류(제목·요약 낱말 대조)
2026-09-14,소백산,충북·경북,행정,협약·협력,"단양군환경교육센터·소백산국립공원, 환경교육 'MOU'",ccdailynews.com,https://www.ccdailynews.com/news/articleView.html?idxno=2440718,제목,규칙기반 자동분류(제목·요약 낱말 대조)
2026-09-14,월출산,전남,구조활동,출동·대응,월출산국립공원 도갑사 ‘도선국사문화예술제’ 열린다,biz.heraldcorp.com,https://biz.heraldcorp.com/article/10872198?ref=naver,제목,규칙기반 자동분류(제목·요약 낱말 대조)
2026-09-14,변산반도,전북 부안,기타,미분류,"김정군 부안군의원 ""부안댐 물값 '차등 적용'해야""",bzeronews.com,https://www.bzeronews.com/news/articleView.html?idxno=822670,요약,규칙기반 자동분류(제목·요약 낱말 대조)
2026-09-14,변산반도,전북 부안,탐방시설,야영장·대피소,"[군정 질문] 국립공원공단, 카라반 영업으로 돈 벌이…부안군 시설은 나...",ibuan.com,https://www.ibuan.com/news/articleView.html?idxno=56468,요약,규칙기반 자동분류(제목·요약 낱말 대조)
2026-09-14,무등산,광주·전남,재난안전,예방·훈련,"국립공원공단, 외국인 유학생과 무등산 환경보호 활동",namdonews.com,https://www.namdonews.com/news/articleView.html?idxno=923338,제목,규칙기반 자동분류(제목·요약 낱말 대조)
2026-09-14,무등산,광주·전남,탐방시설,축제·행사,"농협 광주본부, '생태 축제와 쌀 소비의 결합'... 평촌마을서 상생 캠페...",newsworker.co.kr,https://www.newsworker.co.kr/news/articleView.html?idxno=504266,요약,규칙기반 자동분류(제목·요약 낱말 대조)
2026-09-14,무등산,광주·전남,탐방시설,축제·행사,"""청정 평촌마을서 전한 농심""…농협 광주본부, 쌀 소비 촉진 캠페인",jnilbo.com,https://www.jnilbo.com/news/articleView.html?idxno=90000065291,요약,규칙기반 자동분류(제목·요약 낱말 대조)
2026-09-14,무등산,광주·전남,행정,협약·협력,"전남광주시 북구, 탄소중립 우수 지자체 선정… 장관상 수상",daily.hankooki.com,https://daily.hankooki.com/news/articleView.html?idxno=1405752,요약,규칙기반 자동분류(제목·요약 낱말 대조)
2026-09-14,무등산,광주·전남,탐방시설,해설·교육,"무등산국립공원, '국경 없는 환경보호 외국인 참여 기후행동 실천 프로...",mt.co.kr,https://www.mt.co.kr/policy/2026/09/14/2026091410155411652,제목,규칙기반 자동분류(제목·요약 낱말 대조)
2026-09-14,무등산,광주·전남,행정,협약·협력,"전남광주 북구, 2045 탄소중립 추진 성과… 기후에너지환경부 장관상",gj.newdaily.co.kr,https://gj.newdaily.co.kr/site/data/html/2026/09/13/2026091300069.html,요약,규칙기반 자동분류(제목·요약 낱말 대조)
2026-09-14,태백산,강원·경북,구조활동,출동·대응,"태백소방서, 산악구조 합동훈련ㆍ추석 명절 안전문화 캠페인",fpn119.co.kr,http://fpn119.co.kr/256570,요약,규칙기반 자동분류(제목·요약 낱말 대조)
2026-09-14,태백산,강원·경북,탐방시설,해설·교육,"[기고] 태백산국립공원 10년, 지역과 함께 미래 열다",naeil.com,https://www.naeil.com/news/read/602151?ref=naver,제목,규칙기반 자동분류(제목·요약 낱말 대조)
2026-09-14,팔공산,대구·경북,행정,인사·조직,"대구 동구, 팔공산 관리 전담팀 신설 추진",news.kbs.co.kr,https://news.kbs.co.kr/news/pc/view/view.do?ncd=8662673&ref=A,제목,규칙기반 자동분류(제목·요약 낱말 대조)
2026-09-14,금정산,부산·경남,재난안전,산불,30년 넘은 금정산 불법 시설물.. 복원 ′난항′,busanmbc.co.kr,https://busanmbc.co.kr/01_new/new01_view.asp?idx=289009,제목,규칙기반 자동분류(제목·요약 낱말 대조)
2026-09-14,금정산,부산·경남,행정,법령·제도,폐기물에 향불…금정산 불법시설 강제 철거,news.kbs.co.kr,https://news.kbs.co.kr/news/pc/view/view.do?ncd=8662931&ref=A,제목,규칙기반 자동분류(제목·요약 낱말 대조)
2026-09-14,(전체·공통),전국·공통,자원보전,식생·개화,식물인데 햇빛 없이 곰팡이 먹으며 산다…'악마의 꽃' 정체는,etnews.com,https://www.etnews.com/20260914000404,해당없음,규칙기반 자동분류(제목·요약 낱말 대조)
2026-09-13,한려해상,경남·전남,탐방시설,야영장·대피소,"[경일춘추]아이들이 떠난 학교, 자연과 사람이 다시 만나다",gnnews.co.kr,https://www.gnnews.co.kr/news/articleView.html?idxno=645337,요약,규칙기반 자동분류(제목·요약 낱말 대조)
2026-09-13,한려해상,경남·전남,탐방시설,예약제·개방,한려해상국립공원 '해금강~우제봉~석개해변' 탐방예약제 운영,gndomin.com,http://www.gndomin.com/news/articleView.html?idxno=489147,제목,규칙기반 자동분류(제목·요약 낱말 대조)
2026-09-13,한려해상,경남·전남,재난안전,통제·입산금지,"""관광지 넘어 해양전략 거점으로""…'다도해 대전환' 전문가 맞손",jnilbo.com,https://www.jnilbo.com/news/articleView.html?idxno=90000064876,요약,규칙기반 자동분류(제목·요약 낱말 대조)
2026-09-13,설악산,강원,행정,기타,"[박준규의 이슈언박싱] 반달곰, 96마리 중 60%는 어디 있는지 모른다…...",pennmike.com,https://www.pennmike.com/news/articleView.html?idxno=127666,요약,규칙기반 자동분류(제목·요약 낱말 대조)
2026-09-13,속리산,충북·경북,탐방시설,축제·행사,초가을 날씨에 축제장·관광지 북적…추석 앞두고 이른 성묘도,yna.co.kr,https://www.yna.co.kr/view/AKR20260913034600064?input=1195m,요약,규칙기반 자동분류(제목·요약 낱말 대조)
2026-09-13,속리산,충북·경북,기타,미분류,"""초가을 즐겨요""…충북 관광·유원지 나들이객 북적",news1.kr,https://www.news1.kr/local/sejong-chungbuk/6288785,요약,규칙기반 자동분류(제목·요약 낱말 대조)
2026-09-13,내장산,전북·전남,행정,인사·조직,"내장산국립공원사무소, 단풍 명소 '소망이루길' 운영",jeonmin.co.kr,http://www.jeonmin.co.kr/news/articleView.html?idxno=446893,제목,규칙기반 자동분류(제목·요약 낱말 대조)
2026-09-13,내장산,전북·전남,탐방시설,편의·무장애,"공유재산관리계획안 시의회 상임위 통과, 정읍 내장산 파크골프장 조성...",jjan.kr,https://www.jjan.kr/article/20260913500154,제목,규칙기반 자동분류(제목·요약 낱말 대조)
2026-09-13,북한산,서울·경기,기타,미분류,복잡한 일상 잊고 쉼표 필요할 때 찾으면 좋을 경기도 ‘비움 여행지’...,mk.co.kr,https://www.mk.co.kr/article/12151220,요약,규칙기반 자동분류(제목·요약 낱말 대조)
2026-09-13,월악산,충북·경북,기타,미분류,"자연의 숨결이 살아있는 제천, 꼭 가볼 만한 곳",topstarnews.net,https://www.topstarnews.net/news/articleView.html?idxno=16182463,요약,규칙기반 자동분류(제목·요약 낱말 대조)
2026-09-13,소백산,충북·경북,자원보전,기타,"단양의 싱그러운 자연 속, 평화로운 가볼 만한 곳",joongangenews.com,https://www.joongangenews.com/news/articleView.html?idxno=545802,요약,규칙기반 자동분류(제목·요약 낱말 대조)
2026-09-13,변산반도,전북 부안,탐방시설,해설·교육,생태계의 다양한 모습을 선보이는 전시와 체험,ikoreanspirit.com,http://www.ikoreanspirit.com/news/articleView.html?idxno=87249,요약,규칙기반 자동분류(제목·요약 낱말 대조)
2026-09-13,무등산,광주·전남,행정,협약·협력,[패트롤] 전남광주북구-광산구,ekn.kr,https://www.ekn.kr/web/view.php?key=20260913023594050,요약,규칙기반 자동분류(제목·요약 낱말 대조)
2026-09-13,무등산,광주·전남,행정,협약·협력,북구 탄소중립 정책 '두각'…정부 우수사례 선정,namdonews.com,https://www.namdonews.com/news/articleView.html?idxno=923243,요약,규칙기반 자동분류(제목·요약 낱말 대조)
2026-09-13,무등산,광주·전남,행정,협약·협력,"북구, 탄소중립 우수 지자체…평두메습지 활용 호평",jndn.com,http://www.jndn.com/article.php?aid=1789286960439540005,요약,규칙기반 자동분류(제목·요약 낱말 대조)
2026-09-13,무등산,광주·전남,행정,협약·협력,"전남광주 북구, 탄소중립 성과로 호남권 지자체 유일 장관상",srtimes.kr,http://www.srtimes.kr/news/articleView.html?idxno=212248,요약,규칙기반 자동분류(제목·요약 낱말 대조)
2026-09-13,무등산,광주·전남,행정,협약·협력,"광주 북구, 탄소중립 정책 '우수'…호남 유일 장관상",jnilbo.com,https://www.jnilbo.com/news/articleView.html?idxno=90000064862,요약,규칙기반 자동분류(제목·요약 낱말 대조)
2026-09-13,무등산,광주·전남,행정,협약·협력,"전남광주 북구, 탄소중립 우수 지자체 선정… 장관상",kmib.co.kr,https://www.kmib.co.kr/article/view.asp?arcid=9000011451&cp=nv,요약,규칙기반 자동분류(제목·요약 낱말 대조)
2026-09-13,무등산,광주·전남,행정,인사·조직,"광주 북구, 탄소중립 정책 장관상…신재생에너지·습지보전 성과",betanews.net,https://www.betanews.net/article/view/beta202609130005,요약,규칙기반 자동분류(제목·요약 낱말 대조)
2026-09-13,무등산,광주·전남,행정,협약·협력,"광주 북구, 호남 유일 탄소중립 우수 지자체 선정…""환경부장관상"" 수상",jeollailbo.com,http://www.jeollailbo.com/news/articleView.html?idxno=810849,요약,규칙기반 자동분류(제목·요약 낱말 대조)
2026-09-13,치악산,강원 원주,기타,미분류,"""추석 장 미리 볼까"" 주문진 수산시장 북적…강원 명산 가을 손님 발길...",news1.kr,https://www.news1.kr/local/kangwon/6288845,요약,규칙기반 자동분류(제목·요약 낱말 대조)
2026-09-13,팔공산,대구·경북,행정,인사·조직,대구 동구 6국 체제로… 도시환경국 신설,hidomin.com,https://www.hidomin.com/news/articleView.html?idxno=720995,요약,규칙기반 자동분류(제목·요약 낱말 대조)
2026-09-13,금정산,부산·경남,재난안전,산불,"부산불교연합회, '2026 팔관회 명상걷기대회' 북항친수공원서 성료",beopbo.com,https://www.beopbo.com/news/articleView.html?idxno=337780,요약,규칙기반 자동분류(제목·요약 낱말 대조)
2026-09-12,계룡산,대전·충남,기타,미분류,늦더위 물러간 주 전국 관광지 '북적'…성큼 다가온 초가을(종합),news1.kr,https://www.news1.kr/local/gwangju-jeonnam/6288387,요약,규칙기반 자동분류(제목·요약 낱말 대조)
2026-09-12,계룡산,대전·충남,기타,미분류,초가을 선선해진 날씨…대전·충남 야외명소 나들이객들 '신바람',news1.kr,https://www.news1.kr/local/daejeon-chungnam/6288374,요약,규칙기반 자동분류(제목·요약 낱말 대조)
2026-09-12,한려해상,경남·전남,탐방시설,해설·교육,"푸른 바다와 역사 품은 남해, 추억 쌓을 가볼 만한 곳",topstarnews.net,https://www.topstarnews.net/news/articleView.html?idxno=16181161,요약,규칙기반 자동분류(제목·요약 낱말 대조)
2026-09-12,오대산,강원,자원보전,기타,"[지구한바퀴] ""내 땅을 보호지역으로""‥산주는 왜 목장도 개발도 포기했...",imnews.imbc.com,https://imnews.imbc.com/replay/2026/nwdesk/article/6851405_37004.html,요약,규칙기반 자동분류(제목·요약 낱말 대조)
2026-09-12,월악산,충북·경북,행정,지정·구역,"오늘 일출·일몰시간, ""13일(일) 전국 해돋이 명소, 해 뜨는 시간과 해 ...",lecturernews.com,https://www.lecturernews.com/news/articleView.html?idxno=210425,요약,규칙기반 자동분류(제목·요약 낱말 대조)
2026-09-12,속리산,충북·경북,탐방시설,탐방로,"""초가을 즐기자"" 제철 만난 나들이객들…공원묘지엔 벌초·성묘 행렬",news1.kr,https://www.news1.kr/local/sejong-chungbuk/6288329,요약,규칙기반 자동분류(제목·요약 낱말 대조)
2026-09-12,소백산,충북·경북,탐방시설,탐방로,"'영상앨범 산' 소백산국립공원 종주…등산코스, 소수서원·죽령탐방로...",lecturernews.com,https://www.lecturernews.com/news/articleView.html?idxno=210449,제목,규칙기반 자동분류(제목·요약 낱말 대조)
2026-09-12,무등산,광주·전남,자원보전,포유류,KIA가 3년째 챙기는 특별한 하루…'무등산데이'에 담긴 의미 [광주 현장...,xportsnews.com,https://www.xportsnews.com/article/2194897,제목,규칙기반 자동분류(제목·요약 낱말 대조)
2026-09-12,금정산,부산·경남,탐방시설,탐방로,"수어장대 ‘무망루’, 100년 소나무 숲… 남한산성에 오르면 비로소 보...",chosun.com,https://www.chosun.com/national/weekend/2026/09/12/7GGVRL5SGRGJVLUNBP6WUCVCHA/?utm_source=naver&utm_medium=referral&utm_campaign=naver-news,요약,규칙기반 자동분류(제목·요약 낱말 대조)
2026-09-11,지리산,전남·전북·경남,자원보전,포유류,"하동 화개면, 반달가슴곰 출현 대비 ‘공존 캠페인’",view.asiae.co.kr,https://view.asiae.co.kr/article/2026091114341371139,요약,규칙기반 자동분류(제목·요약 낱말 대조)
2026-09-11,경주,경북 경주,기타,미분류,[단독]국립공원 집어삼킨 '소나무 에이즈'…전담인력은 단 한 명도 없다,mt.co.kr,https://www.mt.co.kr/politics/2026/09/11/2026091014351464781,요약,규칙기반 자동분류(제목·요약 낱말 대조)
2026-09-11,한려해상,경남·전남,탐방시설,예약제·개방,한려해상국립공원 ‘해금강~우제봉~석개해변’ 탐방예약제,newsis.com,https://www.newsis.com/view/NISX20260911_0003786099,제목,규칙기반 자동분류(제목·요약 낱말 대조)
2026-09-11,한려해상,경남·전남,탐방시설,기타,"푸른 여수에서 즐기는 해양 여행, 가볼 만한 곳 탐방",joongangenews.com,https://www.joongangenews.com/news/articleView.html?idxno=545776,요약,규칙기반 자동분류(제목·요약 낱말 대조)
2026-09-11,설악산,강원,기타,미분류,추석 연휴엔 단풍보다 여행으로…올해 단풍 절정 평년보다 늦어 [여행&...,segye.com,https://www.segye.com/newsView/20260911508980?OutUrl=naver,요약,규칙기반 자동분류(제목·요약 낱말 대조)
2026-09-11,지리산,전남·전북·경남,자원보전,기타,호텔에서 즐기는 가을 감성···숙박 넘어 '계절 속으로',finomy.com,http://www.finomy.com/news/articleView.html?idxno=261392,요약,규칙기반 자동분류(제목·요약 낱말 대조)
2026-09-11,설악산,강원,구조활동,기타,지방공항 중심 5대 관광권 선정... 관광성장지도 새로 그린다,newsroad.co.kr,http://www.newsroad.co.kr/news/articleView.html?idxno=64177,요약,규칙기반 자동분류(제목·요약 낱말 대조)
2026-09-11,설악산,강원,탐방시설,해설·교육,"인제군, 한계산성 문화유산 바로알기 교육 프로그램 운영",cnbnews.com,https://www.cnbnews.com/news/articleView.html?idxno=1015349,요약,규칙기반 자동분류(제목·요약 낱말 대조)
2026-09-11,한라산,제주,기타,미분류,"길거리 '용변 테러' 해명한 중국인 ""급하게 야외배변하는 경우도…""",edaily.co.kr,https://www.edaily.co.kr/News/Read?newsId=03466966645579136&mediaCodeNo=257&utm_source=naver&utm_medium=referral&utm_campaign=news_syndication&utm_content=original_article,요약,규칙기반 자동분류(제목·요약 낱말 대조)
2026-09-11,내장산,전북·전남,기타,미분류,내장산국립공원 명칭 변경 또 불붙나,nocutnews.co.kr,https://www.nocutnews.co.kr/news/6576883?utm_source=naver&utm_medium=article&utm_campaign=20260911030720,제목,규칙기반 자동분류(제목·요약 낱말 대조)
2026-09-11,태안해안,충남 태안,기타,미분류,"5급 공채 신임사무관 313명, 공직에 첫걸음을 내딛다",lec.co.kr,http://www.lec.co.kr/news/articleView.html?idxno=752692,요약,규칙기반 자동분류(제목·요약 낱말 대조)
2026-09-11,태안해안,충남 태안,기타,미분류,"5급 신임사무관 313명, 16주 교육 마쳤다…14일부터 각 부처서 근무",gosiweek.com,https://www.gosiweek.com/article/1065582280794822,요약,규칙기반 자동분류(제목·요약 낱말 대조)
2026-09-11,다도해해상,전남,기타,미분류,왕이 숨겨둔 원시의 섬을 걷다 '금오도 비렁길',korea.kr,https://www.korea.kr/news/policyNewsView.do?newsId=148971245&call_from=naver_news,요약,규칙기반 자동분류(제목·요약 낱말 대조)
2026-09-11,북한산,서울·경기,기타,미분류,"""산행은 가볍게, 준비는 꼼꼼히""…강한 자외선·해 지면 기온 '뚝'",mbn.co.kr,http://www.mbn.co.kr/pages/news/newsView.php?news_seq_no=5218694,요약,규칙기반 자동분류(제목·요약 낱말 대조)
2026-09-11,북한산,서울·경기,구조활동,심정지·응급질환,북한산 의상능선 의식 잃은 등산객…국립공원구조대원들이 살렸다,mygoyang.com,http://www.mygoyang.com/news/articleView.html?idxno=90307,제목,규칙기반 자동분류(제목·요약 낱말 대조)
2026-09-11,북한산,서울·경기,탐방시설,탐방로,서울 정릉 골짜기의 작은 옹달샘 같은 청수도서관,newsverse.kr,https://www.newsverse.kr/news/articleView.html?idxno=11394,요약,규칙기반 자동분류(제목·요약 낱말 대조)
2026-09-11,소백산,충북·경북,기타,미분류,"'바람 품은 소백산 완주'…""오형구·신희경 부부, 백두대간 능선 따라 특...",ppss.kr,https://www.ppss.kr/news/articleView.html?idxno=310137,제목,규칙기반 자동분류(제목·요약 낱말 대조)
2026-09-11,지리산,전남·전북·경남,기타,미분류,"오형구♥신희경 부부, 끝없이 이어진 계단 뚫고 도달한 '그곳' ('영상앨...",mhnse.com,https://mhnse.com/news/articleView.html?idxno=1537135,요약,규칙기반 자동분류(제목·요약 낱말 대조)
2026-09-11,월출산,전남,행정,지정·구역,"영암군, 2027 영암방문의 해 앞두고 '위생업소 시설개선' 지원",newsworker.co.kr,https://www.newsworker.co.kr/news/articleView.html?idxno=503964,요약,규칙기반 자동분류(제목·요약 낱말 대조)
2026-09-11,변산반도,전북 부안,행정,지정·구역,"오늘 일출·일몰시간, ""12일(토) 전국 해돋이 명소, 해 뜨는 시간과 해 ...",lecturernews.com,https://www.lecturernews.com/news/articleView.html?idxno=210424,요약,규칙기반 자동분류(제목·요약 낱말 대조)
2026-09-11,무등산,광주·전남,자원보전,멸종위기종,"""허전하네요"" 김도영 빈자리 크게 느끼는 박재현…""새벽 1시까지 이야기...",xportsnews.com,https://www.xportsnews.com/article/2194599,요약,규칙기반 자동분류(제목·요약 낱말 대조)
2026-09-11,팔공산,대구·경북,행정,인사·조직,"대구 동구, 도시환경국 신설…팔공산국립공원 전담팀도 만든다",yna.co.kr,https://www.yna.co.kr/view/AKR20260911123800053?input=1195m,제목,규칙기반 자동분류(제목·요약 낱말 대조)
2026-09-11,팔공산,대구·경북,행정,지정·구역,"대구 동구 6국 체제로…""도시환경국·팔공산관리팀 신설""",newsis.com,https://www.newsis.com/view/NISX20260911_0003786272,제목,규칙기반 자동분류(제목·요약 낱말 대조)
2026-09-11,금정산,부산·경남,탐방시설,편의·무장애,"부산 동래구, 땅 주인과 협의 없이 주차장 추진…환경단체도 반발",nocutnews.co.kr,https://www.nocutnews.co.kr/news/6576801?utm_source=naver&utm_medium=article&utm_campaign=20260911020119,요약,규칙기반 자동분류(제목·요약 낱말 대조)
2026-09-11,금정산,부산·경남,탐방시설,편의·무장애,"동래구, 시유지에 협의 없이 버스주차장 추진…환경단체 반발(종합)",yna.co.kr,https://www.yna.co.kr/view/AKR20260911062751051?input=1195m,요약,규칙기반 자동분류(제목·요약 낱말 대조)
2026-09-11,(전체·공통),전국·공통,자원보전,복원·방사,멸종위기종 보호·대발생 곤충 방제…‘야생생물법’ 개정안 입법예고,lak.co.kr,http://www.lak.co.kr/news/boardview.php?id=23892,해당없음,규칙기반 자동분류(제목·요약 낱말 대조)
2026-09-10,지리산,전남·전북·경남,탐방시설,탐방객 동향,"남원시 주천면· 개그맨 김범준, 구룡계곡 안전수칙 영상 제작",gukjenews.com,https://www.gukjenews.com/news/articleView.html?idxno=3691007,요약,규칙기반 자동분류(제목·요약 낱말 대조)
2026-09-10,지리산,전남·전북·경남,탐방시설,야영장·대피소,"""짐 줄어드니 산행이 편안"" 지리산 대피소 '매트 무료 대여' 시범 도입",san.chosun.com,http://san.chosun.com/news/articleView.html?idxno=26133,제목,규칙기반 자동분류(제목·요약 낱말 대조)
2026-09-10,한려해상,경남·전남,재난안전,통제·입산금지,"단풍 물드는 계절, 경남으로 떠나는 가을여행",gndomin.com,http://www.gndomin.com/news/articleView.html?idxno=489010,요약,규칙기반 자동분류(제목·요약 낱말 대조)
2026-09-10,한려해상,경남·전남,기타,미분류,푸른 바다의 도시 통영에서 만나는 다채로운 가볼 만한 곳,joongangenews.com,https://www.joongangenews.com/news/articleView.html?idxno=545772,요약,규칙기반 자동분류(제목·요약 낱말 대조)
2026-09-10,설악산,강원,탐방시설,탐방로,“제발 가지 마세요”… ‘하지 말라는 것’ 꼭 하는 사람의 심리는?,kormedi.com,https://kormedi.com/?p=2863669,요약,규칙기반 자동분류(제목·요약 낱말 대조)
2026-09-10,설악산,강원,구조활동,실종·수색,[단독] SNS 보고 갔다 석 달째 실종…설악산 발칵 뒤집은 샛길,joongang.co.kr,https://www.joongang.co.kr/article/25460600,제목,규칙기반 자동분류(제목·요약 낱말 대조)
2026-09-10,설악산,강원,재난안전,통제·입산금지,설악산 출입금지구역 등산객 8명 고립⋯강원 산악사고 인제·속초 집중,kwnews.co.kr,https://www.kwnews.co.kr/article/20260909501040,제목,규칙기반 자동분류(제목·요약 낱말 대조)
2026-09-10,치악산,강원 원주,탐방시설,야영장·대피소,"치악산 국립공원사무소 ""함박골 야영장"" 조성 관련 주민반발",newstown.co.kr,http://www.newstown.co.kr/news/articleView.html?idxno=715401,제목,규칙기반 자동분류(제목·요약 낱말 대조)
2026-09-10,설악산,강원,구조활동,기타,외래객 '서울 쏠림' 깰 지방공항 관광권…핵심은 뻔한 여행 아닌 '특화...,ajunews.com,https://www.ajunews.com/view/20260910203327127,요약,규칙기반 자동분류(제목·요약 낱말 대조)
2026-09-10,설악산,강원,행정,예산·재정,지방공항 중심 5대 관광권 선정…2029년 '입국 3000만' 목표,korea.kr,https://www.korea.kr/news/policyNewsView.do?newsId=148971662&call_from=naver_news,요약,규칙기반 자동분류(제목·요약 낱말 대조)
2026-09-10,설악산,강원,구조활동,기타,공항공사 통합 목줄 쥔 ‘지방공항 활성화 방안’ 속속 윤곽,mk.co.kr,https://www.mk.co.kr/article/12149281,요약,규칙기반 자동분류(제목·요약 낱말 대조)
2026-09-10,설악산,강원,구조활동,기타,"문체부, 지방공항 중심 '5대 관광권' 확정…방한객 지방 분산 이끈다",ajunews.com,https://www.ajunews.com/view/20260910090658031,요약,규칙기반 자동분류(제목·요약 낱말 대조)
2026-09-10,속리산,충북·경북,행정,인사·조직,보은군 속리산면민 하나 된 '제18회 속리산면민의 날 한마당 큰잔치' 성...,ggilbo.com,https://www.ggilbo.com/news/articleView.html?idxno=1180963,제목,규칙기반 자동분류(제목·요약 낱말 대조)
2026-09-10,속리산,충북·경북,자원보전,불법·무질서 단속,가을 임산물 채취시기 도래 무단 채취 주의…집중단속,newsis.com,https://www.newsis.com/view/NISX20260910_0003784204,요약,규칙기반 자동분류(제목·요약 낱말 대조)
2026-09-10,속리산,충북·경북,행정,인사·조직,"보은군 속리산면, 18회 속리산면민의 날 한마당 큰잔치 열어",dynews.co.kr,https://www.dynews.co.kr/news/articleView.html?idxno=865243,제목,규칙기반 자동분류(제목·요약 낱말 대조)
2026-09-10,내장산,전북·전남,탐방시설,기타,"내장산탐방안내소, 국토부 '녹색건축물 전환' 인정",jeonmin.co.kr,http://www.jeonmin.co.kr/news/articleView.html?idxno=446801,제목,규칙기반 자동분류(제목·요약 낱말 대조)
2026-09-10,내장산,전북·전남,자원보전,기타,"산림 보호정책, '면적 확대' 넘어 '생태축 연결'로",newsfarm.co.kr,http://www.newsfarm.co.kr/news/articleView.html?idxno=102287,요약,규칙기반 자동분류(제목·요약 낱말 대조)
2026-09-10,내장산,전북·전남,자원보전,기타,"평창~홍천 9,300ha 산림생태축 연결…산림유전자원보호구역 170ha 확대",youngnong.co.kr,https://www.youngnong.co.kr/news/articleView.html?idxno=70183,요약,규칙기반 자동분류(제목·요약 낱말 대조)
2026-09-10,지리산,전남·전북·경남,재난안전,산불,[단독] 여의도 12배 산불 피해에도…국립공원 통제 기간 불법 입산 4배나...,dt.co.kr,https://www.dt.co.kr/article/12083010?ref=naver,요약,규칙기반 자동분류(제목·요약 낱말 대조)
2026-09-10,태안해안,충남 태안,자원보전,멸종위기종,태안 해안서 멸종위기종 포범장지뱀 서식정보 확인,news1.kr,https://www.news1.kr/local/daejeon-chungnam/6286376,요약,규칙기반 자동분류(제목·요약 낱말 대조)
2026-09-10,태안해안,충남 태안,자원보전,멸종위기종,"태안해안국립공원, 해안사구 지킬 '주니어 시민과학자' 키운다",chungnamilbo.co.kr,http://www.chungnamilbo.co.kr/news/articleView.html?idxno=908771,제목,규칙기반 자동분류(제목·요약 낱말 대조)
2026-09-10,태안해안,충남 태안,자원보전,멸종위기종,태안 해안사구서 멸종위기 표범장지뱀 79마리 서식지 정보 확보,yna.co.kr,https://www.yna.co.kr/view/AKR20260910052800063?input=1195m,요약,규칙기반 자동분류(제목·요약 낱말 대조)
2026-09-10,다도해해상,전남,기타,미분류,"자연·역사·인물을 품은 섬, 여수 거문도",jnilbo.com,https://www.jnilbo.com/news/articleView.html?idxno=90000064353,요약,규칙기반 자동분류(제목·요약 낱말 대조)
2026-09-10,다도해해상,전남,자원보전,기타,"해영순례단, 개막 닷새 만의 여수세계섬박람회를 가다",jnilbo.com,https://www.jnilbo.com/news/articleView.html?idxno=90000064354,요약,규칙기반 자동분류(제목·요약 낱말 대조)
2026-09-10,북한산,서울·경기,구조활동,심정지·응급질환,"국립공원공단 북한산 구조대, 탐방객 생명 구했다",biz.heraldcorp.com,https://biz.heraldcorp.com/article/10869799?ref=naver,제목,규칙기반 자동분류(제목·요약 낱말 대조)
2026-09-10,북한산,서울·경기,구조활동,출동·대응,북한산서 심정지 등산객 헬기 이송…소방·국립공원 합동 구조,dailian.co.kr,https://www.dailian.co.kr/news/view/1689053/?sc=Naver,제목,규칙기반 자동분류(제목·요약 낱말 대조)
2026-09-10,북한산,서울·경기,구조활동,출동·대응,"경기북부119특수대응단, 북한산에서 심정지 50대 남성 구조",newspim.com,https://www.newspim.com/news/view/20260910001097,제목,규칙기반 자동분류(제목·요약 낱말 대조)
2026-09-10,북한산,서울·경기,구조활동,심정지·응급질환,북한산서 심정지로 쓰러진 50대 남성…신속한 응급처치로 구조,kgnews.co.kr,https://www.kgnews.co.kr/news/article.html?no=911166,제목,규칙기반 자동분류(제목·요약 낱말 대조)
2026-09-10,북한산,서울·경기,구조활동,출동·대응,"경기북부소방 산악구조팀, 북한산 심정지 등산객 구조",edaily.co.kr,https://www.edaily.co.kr/News/Read?newsId=04838006645578808&mediaCodeNo=257&utm_source=naver&utm_medium=referral&utm_campaign=news_syndication&utm_content=original_article,제목,규칙기반 자동분류(제목·요약 낱말 대조)
2026-09-10,북한산,서울·경기,구조활동,심정지·응급질환,"북한산국립공원구조대, 탐방객 응급 환자 헬기 이송",yna.co.kr,https://www.yna.co.kr/view/PYH20260910193700013?input=1196m,제목,규칙기반 자동분류(제목·요약 낱말 대조)
2026-09-10,북한산,서울·경기,구조활동,출동·대응,북한산 산행 중 심정지로 쓰러진 50대 헬기로 합동 구조,newsis.com,https://www.newsis.com/view/NISX20260910_0003784822,제목,규칙기반 자동분류(제목·요약 낱말 대조)
2026-09-10,북한산,서울·경기,구조활동,출동·대응,북한산서 심정지 50대 헬기 구조…관계기관 합동 대응,news.sbs.co.kr,https://news.sbs.co.kr/news/endPage.do?news_id=N1008747456&plink=ORI&cooper=NAVER,제목,규칙기반 자동분류(제목·요약 낱말 대조)
2026-09-10,북한산,서울·경기,구조활동,출동·대응,"경기도북부119특수대응단, 북한산 심정지 사고 신속 대응",fpn119.co.kr,http://fpn119.co.kr/256438,제목,규칙기반 자동분류(제목·요약 낱말 대조)
2026-09-10,북한산,서울·경기,구조활동,출동·대응,북한산서 심정지 50대 남성 헬기 구조…관계기관 합동 대응,yna.co.kr,https://www.yna.co.kr/view/AKR20260910141300060?input=1195m,제목,규칙기반 자동분류(제목·요약 낱말 대조)
2026-09-10,북한산,서울·경기,구조활동,출동·대응,북한산 용출봉서 심정지 50대 구조…119산악구조팀 긴급 투입,view.asiae.co.kr,https://view.asiae.co.kr/article/2026091016292710562,제목,규칙기반 자동분류(제목·요약 낱말 대조)
2026-09-10,북한산,서울·경기,구조활동,심정지·응급질환,"북한산국립공원구조대, 심정지 탐방객 심폐소생술로 생명 살려",news1.kr,https://www.news1.kr/local/gyeonggi/6286588,제목,규칙기반 자동분류(제목·요약 낱말 대조)
2026-09-10,북한산,서울·경기,구조활동,심정지·응급질환,북한산국립공원구조대 신속한 심폐소생술로 심정지 탐방객 소생,kwnews.co.kr,https://www.kwnews.co.kr/article/20260910500974,제목,규칙기반 자동분류(제목·요약 낱말 대조)
2026-09-10,북한산,서울·경기,행정,지정·구역,[서울&] 이 산은 무엇으로 불리길 바랄까?,seouland.com,http://www.seouland.com/arti/society/society_general/24329.html,요약,규칙기반 자동분류(제목·요약 낱말 대조)
2026-09-10,북한산,서울·경기,탐방시설,탐방로,[2026 가을 JOY트레킹] 온가족 함께 단풍 둘레길 걸어요,joynews24.com,http://www.joynews24.com/view/2003548,요약,규칙기반 자동분류(제목·요약 낱말 대조)
2026-09-10,월출산,전남,재난안전,산불,추석 앞두고 산불 대응태세 강화…월출산서 실전 진화훈련,idsn.co.kr,https://idsn.co.kr/news/view/1065595518641577,제목,규칙기반 자동분류(제목·요약 낱말 대조)
2026-09-10,변산반도,전북 부안,행정,지정·구역,"산과 바다, 모두 보고 싶다면 여기로 가세요",ohmynews.com,https://www.ohmynews.com/NWS_Web/View/at_pg.aspx?CNTN_CD=A0003266088&CMPT_CD=P0010&utm_source=naver&utm_medium=newsearch&utm_campaign=naver_news,요약,규칙기반 자동분류(제목·요약 낱말 대조)
2026-09-10,금정산,부산·경남,탐방시설,케이블카·삭도,"금강공원에 버스 주차장… 노거수 훼손 우려, 절차도 뒷전",busan.com,https://www.busan.com/view/busan/view.php?code=2026091017324857911,요약,규칙기반 자동분류(제목·요약 낱말 대조)
2026-09-10,금정산,부산·경남,탐방시설,해설·교육,"[부산 브리핑 모음(9월10일)] 부산교육청, 교육가족과 함께 하는‘청렴...",dnews.co.kr,https://www.dnews.co.kr/uhtml/view.jsp?idxno=202609092144144970366,요약,규칙기반 자동분류(제목·요약 낱말 대조)
2026-09-10,금정산,부산·경남,탐방시설,기타,‘2026 금정산 국립공원 인증 챌린지’ 14일 개막,busan.com,https://www.busan.com/view/busan/view.php?code=2026091018235875255,제목,규칙기반 자동분류(제목·요약 낱말 대조)
2026-09-09,지리산,전남·전북·경남,기타,미분류,경남 국제관광 투자설명회 열려…20개국 투자자 남해안·지리산권 매력...,idomin.com,https://www.idomin.com/news/articleView.html?idxno=2014551,제목,규칙기반 자동분류(제목·요약 낱말 대조)
2026-09-09,지리산,전남·전북·경남,기타,미분류,2026년 단풍 여행지 어디로 갈까,gokorea.kr,https://www.gokorea.kr/news/articleView.html?idxno=877731,요약,규칙기반 자동분류(제목·요약 낱말 대조)
2026-09-09,지리산,전남·전북·경남,탐방시설,기타,"남원, 역사와 문화가 살아 숨 쉬는 가볼 만한 곳",topstarnews.net,https://www.topstarnews.net/news/articleView.html?idxno=16180922,요약,규칙기반 자동분류(제목·요약 낱말 대조)
2026-09-09,지리산,전남·전북·경남,재난안전,예방·훈련,"산청군, ‘자살예방의 날’ 맞아 온·오프라인 캠페인 진행",metroseoul.co.kr,http://www.metroseoul.co.kr/article/20260908500421,요약,규칙기반 자동분류(제목·요약 낱말 대조)
2026-09-09,설악산,강원,구조활동,출동·대응,설악산 토왕골 계곡서 8명 고립…1시간 반 만에 구조돼,news.lghellovision.net,http://news.lghellovision.net/news/articleView.html?idxno=554498,제목,규칙기반 자동분류(제목·요약 낱말 대조)
2026-09-09,설악산,강원,재난안전,통제·입산금지,"국립공원 통제구역 불법산행, 사망 위험 3.7배 높아",ekn.kr,https://www.ekn.kr/web/view.php?key=20260909023012537,요약,규칙기반 자동분류(제목·요약 낱말 대조)
2026-09-09,설악산,강원,구조활동,수난사고,설악산 토왕골서 등반객 8명 계곡물에 고립…1시간30분 만에 구조,idsn.co.kr,https://idsn.co.kr/news/view/1065574003597851,제목,규칙기반 자동분류(제목·요약 낱말 대조)
2026-09-09,설악산,강원,재난안전,호우·태풍,출입금지 설악산 토왕골서 등반객 8명 고립…일부 저체온증,mk.co.kr,https://www.mk.co.kr/article/12147822,제목,규칙기반 자동분류(제목·요약 낱말 대조)
2026-09-09,설악산,강원,자원보전,불법·무질서 단속,출입금지 구역 들어갔다가…설악산 등반객 8명 계곡물에 고립,wikitree.co.kr,https://www.wikitree.co.kr/articles/1158221,제목,규칙기반 자동분류(제목·요약 낱말 대조)
2026-09-09,설악산,강원,자원보전,식생·개화,"이랜드파크 켄싱턴호텔, '컬러풀 어텀' 전국 14곳 가을 패키지 출시",ttlnews.com,http://www.ttlnews.com/news/articleView.html?idxno=3141549,요약,규칙기반 자동분류(제목·요약 낱말 대조)
2026-09-09,(전체·공통),전국·공통,자원보전,기타,DMZ·백두대간·제주 바다...'끊어진 서식지' 연결 시급한 3곳,newspenguin.com,https://www.newspenguin.com/news/articleView.html?idxno=22162,해당없음,규칙기반 자동분류(제목·요약 낱말 대조)
2026-09-09,지리산,전남·전북·경남,자원보전,기타,"켄싱턴호텔앤리조트, 전국 14곳서 '컬러풀 어텀'…가을 명소 연계",newslock.co.kr,http://www.newslock.co.kr/news/articleView.html?idxno=135889,요약,규칙기반 자동분류(제목·요약 낱말 대조)
2026-09-09,지리산,전남·전북·경남,자원보전,기타,"켄싱턴호텔앤리조트, 전국 14개 지점서 가을 패키지 운영",megaeconomy.co.kr,https://www.megaeconomy.co.kr/news/newsview.php?ncode=1065594668720826,요약,규칙기반 자동분류(제목·요약 낱말 대조)
2026-09-09,설악산,강원,자원보전,기타,"[똑똑한여행] 코엑스 아쿠아리움, 하나투어, 메이필드호텔, 노보텔 앰배...",ekn.kr,https://www.ekn.kr/web/view.php?key=20260909024452548,요약,규칙기반 자동분류(제목·요약 낱말 대조)
2026-09-09,지리산,전남·전북·경남,자원보전,식생·개화,"단풍부터 억새까지…켄싱턴호텔앤리조트, '컬러풀 어텀' 기획전",ngetnews.com,https://www.ngetnews.com/news/articleView.html?idxno=553189,요약,규칙기반 자동분류(제목·요약 낱말 대조)
2026-09-09,설악산,강원,자원보전,기타,"설악산부터 제주 억새까지…켄싱턴호텔앤리조트, ‘컬러풀 어텀’ 선봬",thepowernews.co.kr,https://www.thepowernews.co.kr/view.php?ud=202609091458459287de3f0aa1be_7,제목,규칙기반 자동분류(제목·요약 낱말 대조)
2026-09-09,지리산,전남·전북·경남,자원보전,기타,"이랜드파크 켄싱턴호텔앤리조트, 전국 14곳서 가을 관광 연계 상품 운영",lawissue.co.kr,http://www.lawissue.co.kr/view.php?ud=202609091319287334204ead0791_12,요약,규칙기반 자동분류(제목·요약 낱말 대조)
2026-09-09,설악산,강원,탐방시설,예약제·개방,"[유통갤러리] 이마트, 추석 주류 선물세트 사전예약 매출 39%↑ 外",theviewers.co.kr,https://theviewers.co.kr/View.aspx?No=4219069,요약,규칙기반 자동분류(제목·요약 낱말 대조)
2026-09-09,설악산,강원,자원보전,식생·개화,"켄싱턴호텔앤리조트, 전국 14개 지점서 '컬러풀 어텀' 기획전",nextdaily.co.kr,https://www.nextdaily.co.kr/news/articleView.html?idxno=252907,요약,규칙기반 자동분류(제목·요약 낱말 대조)
2026-09-09,지리산,전남·전북·경남,자원보전,기타,"이랜드파크 켄싱턴호텔앤리조트, 전국 14곳서 '컬러풀 어텀' 기획전",m-i.kr,https://www.m-i.kr/news/articleView.html?idxno=1411678,요약,규칙기반 자동분류(제목·요약 낱말 대조)
2026-09-09,지리산,전남·전북·경남,자원보전,기타,"켄싱턴호텔앤리조트, 전국 14곳서 가을 여행 기획전",ngonews.kr,https://www.ngonews.kr/news/articleView.html?idxno=237613,요약,규칙기반 자동분류(제목·요약 낱말 대조)
2026-09-09,설악산,강원,구조활동,출동·대응,설악산 출입금지 구역 들어갔다가…등반객 8명 불어난 계곡물에 고립,hankyung.com,https://www.hankyung.com/article/2026090948577,제목,규칙기반 자동분류(제목·요약 낱말 대조)
2026-09-09,설악산,강원,구조활동,출동·대응,설악산 계곡물에 등반객 8명 고립됐다 구조,chmbc.co.kr,https://chmbc.co.kr/article/_oLf_ummlcfv,제목,규칙기반 자동분류(제목·요약 낱말 대조)
2026-09-09,설악산,강원,구조활동,출동·대응,설악산 출입금지 구역 갔다가…등반객 8명 '큰일날 뻔',wowtv.co.kr,http://www.wowtv.co.kr/NewsCenter/News/Read?articleId=A202609090413&t=NN,제목,규칙기반 자동분류(제목·요약 낱말 대조)
2026-09-09,설악산,강원,구조활동,출동·대응,설악산 등반객 8명 불어난 계곡물에 고립…구조 완료,news.kbs.co.kr,https://news.kbs.co.kr/news/pc/view/view.do?ncd=8658711&ref=A,제목,규칙기반 자동분류(제목·요약 낱말 대조)
2026-09-09,설악산,강원,재난안전,통제·입산금지,설악산 출입금지 구역서 암벽등반…8명 계곡물에 고립됐다 구조,biz.chosun.com,https://biz.chosun.com/topics/topics_social/2026/09/09/U4V4NUTIXBBLXMVJLZJSORWRWM/?utm_source=naver&utm_medium=original&utm_campaign=biz,제목,규칙기반 자동분류(제목·요약 낱말 대조)
2026-09-09,설악산,강원,재난안전,통제·입산금지,설악산 등반객 8명 고립…1시간여만에 구조(종합),newsis.com,https://www.newsis.com/view/NISX20260909_0003782381,제목,규칙기반 자동분류(제목·요약 낱말 대조)
2026-09-09,설악산,강원,재난안전,통제·입산금지,"설악산 출입금지 구역서 등반객 8명, 불어난 계곡물에 고립",biz.heraldcorp.com,https://biz.heraldcorp.com/article/10867512?ref=naver,제목,규칙기반 자동분류(제목·요약 낱말 대조)
2026-09-09,설악산,강원,재난안전,통제·입산금지,설악산 출입금지구역 들어간 등반객 8명…불어난 계곡물에 고립됐다가...,news.tvchosun.com,https://news.tvchosun.com/site/data/html_dir/2026/09/09/2026090990089.html,제목,규칙기반 자동분류(제목·요약 낱말 대조)
2026-09-09,설악산,강원,구조활동,수난사고,설악산 등반객 8명 불어난 계곡물에 고립됐다가 구조,newsis.com,https://www.newsis.com/view/NISX20260909_0003782121,제목,규칙기반 자동분류(제목·요약 낱말 대조)
2026-09-09,설악산,강원,재난안전,통제·입산금지,"설악산 출입금지 구역 들어선 등산객, 계곡물 불어 한때 고립",donga.com,https://www.donga.com/news/Society/article/all/20260909/134632471/2,제목,규칙기반 자동분류(제목·요약 낱말 대조)
2026-09-09,설악산,강원,구조활동,수난사고,설악산서 ‘출입 금지 구역 등반’ 등산객 8명 고립됐다 구조,news.kbs.co.kr,https://news.kbs.co.kr/news/pc/view/view.do?ncd=8658584&ref=A,제목,규칙기반 자동분류(제목·요약 낱말 대조)
2026-09-09,설악산,강원,구조활동,조난·고립,설악산 토왕골서 등산객 8명 고립…1시간 30분 만에 구조,ichannela.com,https://www.ichannela.com/news/main/news_detailPage.do?publishId=000000549425,제목,규칙기반 자동분류(제목·요약 낱말 대조)
2026-09-09,설악산,강원,재난안전,통제·입산금지,설악산 토왕골 출입금지 구역서 등산객 8명 고립…1시간 30분 만에 구조,ajunews.com,https://www.ajunews.com/view/20260909084223222,제목,규칙기반 자동분류(제목·요약 낱말 대조)
2026-09-09,덕유산,전북·경남,행정,기타,휠체어 장애인 관광 막은 무주리조트…인권위 “편의시설 개선해야”,segye.com,https://www.segye.com/newsView/20260909516013?OutUrl=naver,요약,규칙기반 자동분류(제목·요약 낱말 대조)
2026-09-09,오대산,강원,탐방시설,탐방객 동향,평창소방서-오대산사무소 합동 구조훈련,kwnews.co.kr,https://www.kwnews.co.kr/article/20260909500900,제목,규칙기반 자동분류(제목·요약 낱말 대조)
2026-09-09,주왕산,경북,탐방시설,해설·교육,"[기획특집] 청송군의 미래비전... '하나되는 청송, 그 이상의 도약!'",nbntv.co.kr,https://www.nbntv.co.kr/news/articleView.html?idxno=4024697,요약,규칙기반 자동분류(제목·요약 낱말 대조)
2026-09-09,다도해해상,전남,행정,지정·구역,섬의 미래 가치 조명하는 '거문도 해양영토 순례',jnilbo.com,https://www.jnilbo.com/news/articleView.html?idxno=90000063978,요약,규칙기반 자동분류(제목·요약 낱말 대조)
2026-09-09,북한산,서울·경기,기타,미분류,[열하일기 기행④] 심양을 떠나 요하를 건너 의무려산으로,kor.theasian.asia,http://kor.theasian.asia/archives/415013,요약,규칙기반 자동분류(제목·요약 낱말 대조)
2026-09-09,월악산,충북·경북,재난안전,폭설·한파,"청풍호반 배경으로 파크골프 겨룬다… 제천, 전국대회 개막",ccdn.co.kr,https://www.ccdn.co.kr/news/articleView.html?idxno=1098615,요약,규칙기반 자동분류(제목·요약 낱말 대조)
2026-09-09,월악산,충북·경북,기타,미분류,"2회 청풍호반배 전국파크골프대회 제천서 개최, 전국 파크골프 동호인 ...",inews365.com,https://www.inews365.com/news/article.html?no=935027,요약,규칙기반 자동분류(제목·요약 낱말 대조)
2026-09-09,월악산,충북·경북,기타,미분류,전국 파크골프 동호인 제천 집결…'청풍호반배' 10월 개최,shinailbo.co.kr,https://www.shinailbo.co.kr/news/articleView.html?idxno=5060265,요약,규칙기반 자동분류(제목·요약 낱말 대조)
2026-09-09,월악산,충북·경북,기타,미분류,충북 제천 청풍호반서 전국 파크골프 동호인 집결,jbnews.com,https://www.jbnews.com/news/articleView.html?idxno=1511159,요약,규칙기반 자동분류(제목·요약 낱말 대조)
2026-09-09,월악산,충북·경북,기타,미분류,"제천시파크골프협회, '제2회 청풍호반배 전국파크골프대회' 개최",ggilbo.com,https://www.ggilbo.com/news/articleView.html?idxno=1180648,요약,규칙기반 자동분류(제목·요약 낱말 대조)
2026-09-09,월악산,충북·경북,기타,미분류,"제2회 청풍호반배 전국파크골프대회, 결선 제천서 개최",gukjenews.com,https://www.gukjenews.com/news/articleView.html?idxno=3689019,요약,규칙기반 자동분류(제목·요약 낱말 대조)
2026-09-09,월악산,충북·경북,기타,미분류,제천 청풍호반에서 전국 파크골프 동호인 한자리에,cctimes.kr,http://www.cctimes.kr/news/articleView.html?idxno=926302,요약,규칙기반 자동분류(제목·요약 낱말 대조)
2026-09-09,월악산,충북·경북,기타,미분류,"제천시, '제2회 청풍호반배 전국파크골프대회' 내달 16일 '개막'",ccdailynews.com,https://www.ccdailynews.com/news/articleView.html?idxno=2439462,요약,규칙기반 자동분류(제목·요약 낱말 대조)
2026-09-09,월출산,전남,자원보전,복원·방사,"[금융계 8월 동향] 광주은행, 고객 접점 확대···포용금융 본격화",wsobi.com,http://www.wsobi.com/news/articleView.html?idxno=317870,요약,규칙기반 자동분류(제목·요약 낱말 대조)
2026-09-09,무등산,광주·전남,자원보전,멸종위기종,KIA 외인 3총사 야구만 잘하는 게 아니네…11일 SSG전 '청소년·어린이 ...,xportsnews.com,https://www.xportsnews.com/article/2193809,요약,규칙기반 자동분류(제목·요약 낱말 대조)
2026-09-09,무등산,광주·전남,행정,지정·구역,무등산 정상에 자유를! - 안보 전환과 생태 복원의 시급성을 중심으로,jndn.com,http://www.jndn.com/article.php?aid=1788940851439302042,제목,규칙기반 자동분류(제목·요약 낱말 대조)
2026-09-09,무등산,광주·전남,행정,예산·재정,전남대 스마트병원 ·AI 노화연구센터 등 핵심사업 예산 확보 성과,pinpointnews.co.kr,https://www.pinpointnews.co.kr/news/articleView.html?idxno=485236,요약,규칙기반 자동분류(제목·요약 낱말 대조)
2026-09-09,무등산,광주·전남,자원보전,멸종위기종,"KIA 오늘(9일)부터 11일까지 '희망과 감동' 시구 행사 연다 ""팬들에게 받...",starnewskorea.com,https://www.starnewskorea.com/sports/2026/09/09/2026090814330615560,요약,규칙기반 자동분류(제목·요약 낱말 대조)
2026-09-09,팔공산,대구·경북,행정,인사·조직,"국립공원 된 팔공산, 전담팀 생긴다…대구 동구 조직개편 시동",imaeil.com,https://www.imaeil.com/page/view/2026090914485979971,제목,규칙기반 자동분류(제목·요약 낱말 대조)
2026-09-09,팔공산,대구·경북,행정,인사·조직,이번엔 팔공산 전담팀 들어설까…조직개편 나선 대구 동구,imaeil.com,https://www.imaeil.com/page/view/2026090313465107473,제목,규칙기반 자동분류(제목·요약 낱말 대조)
2026-09-09,팔공산,대구·경북,탐방시설,케이블카·삭도,대구 동구의원들 교통 관광 복지 안전 개선 촉구,newsclaim.co.kr,https://www.newsclaim.co.kr/news/articleView.html?idxno=3074744,요약,규칙기반 자동분류(제목·요약 낱말 대조)
2026-09-09,팔공산,대구·경북,탐방시설,해설·교육,한때 철회한 대구 팔공산 구름다리…6년 만에 재추진 목소리,kyongbuk.co.kr,https://www.kyongbuk.co.kr/news/articleView.html?idxno=4083616,제목,규칙기반 자동분류(제목·요약 낱말 대조)
2026-09-09,금정산,부산·경남,탐방시설,편의·무장애,[위클리오늘] 금정구 소식 (9.9),weeklytoday.com,http://www.weeklytoday.com/news/articleView.html?idxno=793830,요약,규칙기반 자동분류(제목·요약 낱말 대조)
2026-09-09,금정산,부산·경남,재난안전,산불,"부산금정구청, '금정산국립공원내 불법 시설물 강제 철거' 나서",getnews.co.kr,https://www.getnews.co.kr/news/articleView.html?idxno=880209,제목,규칙기반 자동분류(제목·요약 낱말 대조)
2026-09-09,금정산,부산·경남,행정,인사·조직,부산 금정산국립공원 불법시설물 철거…14일부터 행정대집행,news1.kr,https://www.news1.kr/local/busan-gyeongnam/6284363,제목,규칙기반 자동분류(제목·요약 낱말 대조)
2026-09-09,금정산,부산·경남,탐방시설,편의·무장애,"부산 금정구, 금정산국립공원 내 불법시설물 4동 철거",pressian.com,https://www.pressian.com/pages/articles/2026090913360713919?utm_source=naver&utm_medium=search,제목,규칙기반 자동분류(제목·요약 낱말 대조)
2026-09-09,금정산,부산·경남,행정,법령·제도,"부산 금정구, 금정산 국립공원 내 불법시설물 행정대집행 실시",news.lghellovision.net,http://news.lghellovision.net/news/articleView.html?idxno=554403,제목,규칙기반 자동분류(제목·요약 낱말 대조)
2026-09-09,금정산,부산·경남,탐방시설,편의·무장애,"금정구, 금정산국립공원 불법시설물 강제 철거",newsis.com,https://www.newsis.com/view/NISX20260909_0003782614,제목,규칙기반 자동분류(제목·요약 낱말 대조)
2026-09-09,금정산,부산·경남,탐방시설,기타,"금정산국립공원 불법 시설물, 14일부터 강제 철거",busanmbc.co.kr,https://busanmbc.co.kr/01_new/new01_view.asp?idx=288827,제목,규칙기반 자동분류(제목·요약 낱말 대조)
2026-09-09,금정산,부산·경남,탐방시설,편의·무장애,"부산 금정구, 금정산국립공원 불법시설물 철거",news.knn.co.kr,https://news.knn.co.kr/news/article/192185,제목,규칙기반 자동분류(제목·요약 낱말 대조)
2026-09-09,금정산,부산·경남,행정,법령·제도,"금정산 국립공원 불법시설물 철거…금정구, 14일부터 행정대집행",mhns.co.kr,https://www.mhns.co.kr/news/articleView.html?idxno=759492,제목,규칙기반 자동분류(제목·요약 낱말 대조)
2026-09-09,(전체·공통),전국·공통,자원보전,멸종위기종,백두대간 야생생물 이동 돕는다...국립공원·도로관리청 맞손,kado.net,https://www.kado.net/news/articleView.html?idxno=2071610,해당없음,규칙기반 자동분류(제목·요약 낱말 대조)
2026-09-08,지리산,전남·전북·경남,재난안전,예방·훈련,"산청군 ""일상 속 안부 나눔이 소중한 생명을 살립니다""",gnnews.co.kr,https://www.gnnews.co.kr/news/articleView.html?idxno=645003,요약,규칙기반 자동분류(제목·요약 낱말 대조)
2026-09-08,지리산,전남·전북·경남,재난안전,예방·훈련,"산청군 ""일상 속 안부 나눔으로 생명 보호""",gndomin.com,http://www.gndomin.com/news/articleView.html?idxno=488459,요약,규칙기반 자동분류(제목·요약 낱말 대조)
2026-09-08,지리산,전남·전북·경남,기타,미분류,"구례군, ‘2026 구례 책 잔치’ 성황…500여 명 독서문화 만끽",sports.donga.com,https://sports.donga.com/region/article/all/20260908/134625367/1,요약,규칙기반 자동분류(제목·요약 낱말 대조)
2026-09-08,지리산,전남·전북·경남,재난안전,예방·훈련,"[산청소식] 군, 착한가격업소 산청사랑상품권 페이백 행사 등",newsis.com,https://www.newsis.com/view/NISX20260908_0003780368,요약,규칙기반 자동분류(제목·요약 낱말 대조)
2026-09-08,지리산,전남·전북·경남,재난안전,예방·훈련,"산청군, 세계자살예방의 날 기념 ‘온·오프라인 자살예방 캠페인’ 전...",viva100.com,https://www.viva100.com/article/20260908500284,요약,규칙기반 자동분류(제목·요약 낱말 대조)
2026-09-08,지리산,전남·전북·경남,탐방시설,해설·교육,'구례 모두의 책 잔치' 마무리…군민 500여명 모였다,jnilbo.com,https://www.jnilbo.com/news/articleView.html?idxno=90000063120,요약,규칙기반 자동분류(제목·요약 낱말 대조)
2026-09-08,경주,경북 경주,행정,인사·조직,"천도교에서 ""모시고 안녕하십니까?"" 인사하는 까닭",ohmynews.com,https://www.ohmynews.com/NWS_Web/View/at_pg.aspx?CNTN_CD=A0003265463&CMPT_CD=P0010&utm_source=naver&utm_medium=newsearch&utm_campaign=naver_news,요약,규칙기반 자동분류(제목·요약 낱말 대조)
2026-09-08,계룡산,대전·충남,기타,미분류,계룡-공주 잇는 시외버스 신설… 33㎞ 직통길 열려,chungnamilbo.co.kr,http://www.chungnamilbo.co.kr/news/articleView.html?idxno=908329,요약,규칙기반 자동분류(제목·요약 낱말 대조)
2026-09-08,계룡산,대전·충남,구조활동,출동·대응,"계룡산국립공원·동학사119안전센터, 산악구조 골든타임 확보 나선다",jbnews.com,https://www.jbnews.com/news/articleView.html?idxno=1511051,제목,규칙기반 자동분류(제목·요약 낱말 대조)
2026-09-08,한려해상,경남·전남,기타,미분류,"여수살이 6년 차가 발견한 보물, 안심산을 아시나요",ohmynews.com,https://www.ohmynews.com/NWS_Web/View/at_pg.aspx?CNTN_CD=A0003265654&CMPT_CD=P0010&utm_source=naver&utm_medium=newsearch&utm_campaign=naver_news,요약,규칙기반 자동분류(제목·요약 낱말 대조)
2026-09-08,한려해상,경남·전남,기타,미분류,"경남 고성에서 만나는 풍경, 놓치지 말아야 할 가볼 만한 곳",joongangenews.com,https://www.joongangenews.com/news/articleView.html?idxno=545751,요약,규칙기반 자동분류(제목·요약 낱말 대조)
2026-09-08,지리산,전남·전북·경남,기타,미분류,"밤하늘엔 별의 바다, 발아래엔 구름의 바다 [일본 북알프스]",san.chosun.com,http://san.chosun.com/news/articleView.html?idxno=26115,요약,규칙기반 자동분류(제목·요약 낱말 대조)
2026-09-08,설악산,강원,탐방시설,케이블카·삭도,"""문경새재 케이블카, 수백억 들여 환경 훼손하고 적자까지""",newspenguin.com,https://www.newspenguin.com/news/articleView.html?idxno=22156,요약,규칙기반 자동분류(제목·요약 낱말 대조)
2026-09-08,내장산,전북·전남,탐방시설,케이블카·삭도,"정읍에서 만나는 역사와 힐링, 한적한 여름 가볼 만한 곳",topstarnews.net,https://www.topstarnews.net/news/articleView.html?idxno=16180849,요약,규칙기반 자동분류(제목·요약 낱말 대조)
2026-09-08,덕유산,전북·경남,재난안전,산불,무주소방서 등산목 안전지킴이 운영,sjbnews.com,https://sjbnews.com/news/news.php?number=887011,요약,규칙기반 자동분류(제목·요약 낱말 대조)
2026-09-08,다도해해상,전남,탐방시설,기타,"한국어촌어항공단, '청정바다 조성·귀어 활성화' 총력 행보",cstimes.com,https://www.cstimes.com/news/articleView.html?idxno=719881,요약,규칙기반 자동분류(제목·요약 낱말 대조)
2026-09-08,다도해해상,전남,기타,미분류,"""폐어구 약 411.7t 수거""…어업인·공공기관·환경단체 힘 모았다",newsis.com,https://www.newsis.com/view/NISX20260908_0003781270,요약,규칙기반 자동분류(제목·요약 낱말 대조)
2026-09-08,다도해해상,전남,기타,미분류,"어촌어항공단, 폐어구 수거 협력 확대",pinpointnews.co.kr,https://www.pinpointnews.co.kr/news/articleView.html?idxno=485077,요약,규칙기반 자동분류(제목·요약 낱말 대조)
2026-09-08,북한산,서울·경기,탐방시설,예약제·개방,"경기관광공사, 쉼이 필요한 9월 '경기도 비움 여행지' 6곳 추천",metroseoul.co.kr,http://www.metroseoul.co.kr/article/20260907500606,요약,규칙기반 자동분류(제목·요약 낱말 대조)
2026-09-08,북한산,서울·경기,기타,미분류,[사람in] 산과 물 가꾸고 정을 나누다…문진주 산수회 회장의 '사람 냄새...,joongboo.com,https://www.joongboo.com/news/articleView.html?idxno=363736042,요약,규칙기반 자동분류(제목·요약 낱말 대조)
2026-09-08,경주,경북 경주,탐방시설,축제·행사,"영암군, 도농상생 직거래장터서 6080만원 매출… 업체당 평균 실적 15.7%...",greened.kr,https://www.greened.kr/news/articleView.html?idxno=349530,요약,규칙기반 자동분류(제목·요약 낱말 대조)
2026-09-08,변산반도,전북 부안,기타,미분류,"부안에서 만나는 자연과 문화, 휴식을 위한 가볼 만한 곳",topstarnews.net,https://www.topstarnews.net/news/articleView.html?idxno=16180852,요약,규칙기반 자동분류(제목·요약 낱말 대조)
2026-09-08,변산반도,전북 부안,자원보전,멸종위기종,이름이 곧 주소...세계에서 오직 부안에만 사는 '부안종개',newspenguin.com,https://www.newspenguin.com/news/articleView.html?idxno=22155,요약,규칙기반 자동분류(제목·요약 낱말 대조)
2026-09-08,무등산,광주·전남,자원보전,복원·방사,"안도걸 의원, 동구남구을 국비 2066억원 확보",kfenews.co.kr,https://www.kfenews.co.kr/news/articleView.html?idxno=664088,요약,규칙기반 자동분류(제목·요약 낱말 대조)
2026-09-08,무등산,광주·전남,탐방시설,해설·교육,기후위기에 꺼져가는 ‘반딧불이 빛’…생태 보존 가치 알린다,kwangju.co.kr,http://www.kwangju.co.kr/article.php?aid=1788864900803145023,요약,규칙기반 자동분류(제목·요약 낱말 대조)
2026-09-08,무등산,광주·전남,탐방시설,기타,"안도걸 의원, “광주 동남을 국비 2,066억 확보… 지난해 대비 15.2% 증가...",jndn.com,http://www.jndn.com/article.php?aid=1788852583439222093,요약,규칙기반 자동분류(제목·요약 낱말 대조)
2026-09-08,무등산,광주·전남,기타,미분류,"[VS 여행지] 여름과 가을, 그 사이를 잇는 진분홍 꽃나무 배롱나무 화순...",ktsketch.co.kr,http://www.ktsketch.co.kr/news/articleView.html?idxno=8797,요약,규칙기반 자동분류(제목·요약 낱말 대조)
2026-09-08,무등산,광주·전남,탐방시설,기타,"안도걸 ""내년 동남을 국비 2,066억 확보…전년보다 15.2% ↑""",ikbc.co.kr,https://www.ikbc.co.kr/article/view/kbc202609080038,요약,규칙기반 자동분류(제목·요약 낱말 대조)
2026-09-08,무등산,광주·전남,행정,연구·용역,"안도걸 의원, 내년 국비 2066억 확보…전년보다 15.2%↑",sentv.co.kr,https://www.sentv.co.kr/article/view/sentv202609080078,요약,규칙기반 자동분류(제목·요약 낱말 대조)
2026-09-08,무등산,광주·전남,탐방시설,해설·교육,'광주 도심서 반딧불이 만난다'…무등산 평촌마을서 11~13일 생태체험,jnilbo.com,https://www.jnilbo.com/news/articleView.html?idxno=90000063067,제목,규칙기반 자동분류(제목·요약 낱말 대조)
2026-09-08,무등산,광주·전남,탐방시설,기타,행정소송에 또다시 해 넘기는 무등산 원효사지구 이전,news1.kr,https://www.news1.kr/local/gwangju-jeonnam/6283118,제목,규칙기반 자동분류(제목·요약 낱말 대조)
2026-09-08,금정산,부산·경남,행정,지정·구역,[인물포커스]-이현태 금정산국립공원사무소장,news.knn.co.kr,https://news.knn.co.kr/news/article/192136,제목,규칙기반 자동분류(제목·요약 낱말 대조)
2026-09-08,팔공산,대구·경북,탐방시설,기타,"노남옥 동구의원 , 팔공산 구름다리 조성 사업 재추진 촉구",idaegu.co.kr,https://www.idaegu.co.kr/news/articleView.html?idxno=559072,제목,규칙기반 자동분류(제목·요약 낱말 대조)
2026-09-08,팔공산,대구·경북,탐방시설,야영장·대피소,[일하고 살고 즐기는 도시 경산①] 임당유니콘파크와 경산프리미엄아웃...,yeongnam.com,https://www.yeongnam.com/web/view.php?key=20260907022586284,요약,규칙기반 자동분류(제목·요약 낱말 대조)
2026-09-08,금정산,부산·경남,재난안전,산불,"금정구, 금정산국립공원 불법 시설물 강제 철거 나선다",busan.com,https://www.busan.com/view/busan/view.php?code=2026090816105080948,제목,규칙기반 자동분류(제목·요약 낱말 대조)
2026-09-08,금정산,부산·경남,탐방시설,해설·교육,"[부산 브리핑 모음(9월8일)] 부산항만공사, 해운항만 창업지원 플랫폼 ...",dnews.co.kr,https://www.dnews.co.kr/uhtml/view.jsp?idxno=202609071643299320003,요약,규칙기반 자동분류(제목·요약 낱말 대조)
2026-09-08,금정산,부산·경남,탐방시설,편의·무장애,"부산 금정구, 14일부터 금정산국립공원 불법 시설물 강제 철거",yna.co.kr,https://www.yna.co.kr/view/AKR20260908105900051?input=1195m,제목,규칙기반 자동분류(제목·요약 낱말 대조)
2026-09-07,지리산,전남·전북·경남,기타,미분류,“캐나다 생활 접고 구례 알리는 택시기사 됐죠”,kwangju.co.kr,http://www.kwangju.co.kr/article.php?aid=1788777600803089028,요약,규칙기반 자동분류(제목·요약 낱말 대조)
2026-09-07,지리산,전남·전북·경남,탐방시설,해설·교육,"구례군, ‘2026 책 잔치’ 개최…황석영 작가와 독서문화 확산",betanews.net,https://www.betanews.net/article/view/beta202609070103,요약,규칙기반 자동분류(제목·요약 낱말 대조)
2026-09-07,지리산,전남·전북·경남,탐방시설,축제·행사,[위클리오늘] 구례군(9.7),weeklytoday.com,http://www.weeklytoday.com/news/articleView.html?idxno=793429,요약,규칙기반 자동분류(제목·요약 낱말 대조)
2026-09-07,지리산,전남·전북·경남,탐방시설,축제·행사,구례 책 잔치 성료…황석영 작가와 문학 이야기,shinailbo.co.kr,https://www.shinailbo.co.kr/news/articleView.html?idxno=5059261,요약,규칙기반 자동분류(제목·요약 낱말 대조)
2026-09-07,지리산,전남·전북·경남,행정,기타,[남원소식] 지리산 뱀사골안내소에서 기상·기후 사진 전시회,yna.co.kr,https://www.yna.co.kr/view/AKR20260907062100055?input=1195m,제목,규칙기반 자동분류(제목·요약 낱말 대조)
2026-09-07,계룡산,대전·충남,구조활동,출동·대응,"계룡산국립공원, 소방헬기 인양지점 점검·구조훈련",m-i.kr,https://www.m-i.kr/news/articleView.html?idxno=1410987,제목,규칙기반 자동분류(제목·요약 낱말 대조)
2026-09-07,계룡산,대전·충남,자원보전,멸종위기종,20년 만에 계룡산에 다시 나타난 참매…무인카메라가 포착한 '생명의 귀...,tournews21.com,https://www.tournews21.com/news/articleView.html?idxno=142744,제목,규칙기반 자동분류(제목·요약 낱말 대조)
2026-09-07,속리산,충북·경북,기타,미분류,"""가을 단풍물결 언제쯤""… 충북 단풍·은행나무 절정 시기 언제?",inews365.com,https://www.inews365.com/news/article.html?no=934709,요약,규칙기반 자동분류(제목·요약 낱말 대조)
2026-09-07,한라산,제주,자원보전,기타,제주학 선구자 석주명 선생 연구 흔적이 남아 있는 길,samdailbo.com,http://www.samdailbo.com/news/articleView.html?idxno=269992,요약,규칙기반 자동분류(제목·요약 낱말 대조)
2026-09-07,한라산,제주,구조활동,심정지·응급질환,한라산서 배낭 꾸리기부터 응급처치까지…도민 산행학교 운영,newsis.com,https://www.newsis.com/view/NISX20260907_0003779047,제목,규칙기반 자동분류(제목·요약 낱말 대조)
2026-09-07,한라산,제주,기타,미분류,"한라산, 그냥 오르지 말고 제대로 배워볼까 ""슬기로운 산행학교""",mediajeju.com,https://www.mediajeju.com/news/articleView.html?idxno=366101,제목,규칙기반 자동분류(제목·요약 낱말 대조)
2026-09-07,내장산,전북·전남,자원보전,기타,평창~홍천 9300㏊ 산림생태축 연결…생물다양성과 생태계 건강성 높여,ekoreanews.co.kr,https://www.ekoreanews.co.kr/news/articleView.html?idxno=87932,요약,규칙기반 자동분류(제목·요약 낱말 대조)
2026-09-07,내장산,전북·전남,자원보전,기타,강원 평창~홍천 잇는 9300㏊ 생태축 연결됐다,edaily.co.kr,https://www.edaily.co.kr/News/Read?newsId=03099606645577824&mediaCodeNo=257&utm_source=naver&utm_medium=referral&utm_campaign=news_syndication&utm_content=original_article,요약,규칙기반 자동분류(제목·요약 낱말 대조)
2026-09-07,내장산,전북·전남,자원보전,식생·개화,"숲과 숲 사이 잇는다…평창~홍천 9,300ha '생태축' 연결",newswhoplus.com,https://www.newswhoplus.com/news/articleView.html?idxno=69030,요약,규칙기반 자동분류(제목·요약 낱말 대조)
2026-09-07,내장산,전북·전남,자원보전,식생·개화,"산림청, 평창서 홍천까지 '하나의 숲'…산림 9300ha 잇는 생태축 연결",etnews.com,https://www.etnews.com/20260904000083,요약,규칙기반 자동분류(제목·요약 낱말 대조)
2026-09-07,내장산,전북·전남,행정,지정·구역,"강원 평창에서 홍천까지, 산림유전자원보호구역 생태축 구축",imwood.co.kr,https://www.imwood.co.kr/news/articleView.html?idxno=41801,요약,규칙기반 자동분류(제목·요약 낱말 대조)
2026-09-07,내장산,전북·전남,자원보전,기타,"평창·홍천 산림유전자원보호구역 9,300ha 생태축으로 연결",woodkorea.co.kr,https://www.woodkorea.co.kr/news/articleView.html?idxno=91195,요약,규칙기반 자동분류(제목·요약 낱말 대조)
2026-09-07,내장산,전북·전남,자원보전,기타,"강원도 평창군 일대 170㏊, 산림유전자원보호구역 신규 지정",lak.co.kr,http://www.lak.co.kr/news/boardview.php?id=23850,요약,규칙기반 자동분류(제목·요약 낱말 대조)
2026-09-07,가야산,경북·경남,행정,협약·협력,"가야산국립공원-합천군, 지역농산물 소비 촉진 MOU",idaegu.co.kr,https://www.idaegu.co.kr/news/articleView.html?idxno=558927,제목,규칙기반 자동분류(제목·요약 낱말 대조)
2026-09-07,오대산,강원,자원보전,식생·개화,평생 번 돈으로 산 '숲'...보호구역 지정 자청한 주인 [자막뉴스],ytn.co.kr,https://www.ytn.co.kr/_ln/0134_202609071419509249,요약,규칙기반 자동분류(제목·요약 낱말 대조)
2026-09-07,태안해안,충남 태안,기타,미분류,"발길 닿는 구석구석, 서해의 가을을 품은 충청남도 태안 여행",suhyupnews.co.kr,https://www.suhyupnews.co.kr/news/articleView.html?idxno=40525,요약,규칙기반 자동분류(제목·요약 낱말 대조)
2026-09-07,북한산,서울·경기,기타,미분류,"쉼 필요한 순간, 경기도 비움 여행지에서 나를 채우는 시간 [경기도 가...",kyeonggi.com,https://www.kyeonggi.com/article/20260901580362,요약,규칙기반 자동분류(제목·요약 낱말 대조)
2026-09-07,북한산,서울·경기,기타,미분류,"""산은 자신과 싸워 이기는 법을 배우는 학교""",newsmaker.or.kr,http://www.newsmaker.or.kr/news/articleView.html?idxno=181975,요약,규칙기반 자동분류(제목·요약 낱말 대조)
2026-09-07,내장산,전북·전남,자원보전,기타,"산림청, 산림유전자원보호구역 신규 지정",amnews.co.kr,http://www.amnews.co.kr/news/articleView.html?idxno=74338,요약,규칙기반 자동분류(제목·요약 낱말 대조)
2026-09-07,북한산,서울·경기,탐방시설,예약제·개방,쉼이 필요한 9월…복잡한 일상 비워내는 경기도 여행지 6곳,segye.com,https://www.segye.com/newsView/20260906508913?OutUrl=naver,요약,규칙기반 자동분류(제목·요약 낱말 대조)
2026-09-07,월악산,충북·경북,기타,미분류,9월에 가장 많이 당한다…피해 없으려면?,news.sbs.co.kr,https://news.sbs.co.kr/news/endPage.do?news_id=N1008740345&plink=ORI&cooper=NAVER,요약,규칙기반 자동분류(제목·요약 낱말 대조)
2026-09-07,소백산,충북·경북,탐방시설,해설·교육,국립공원 생태탐방원 64개 객실 개선…침대 비율 90%,kyongbuk.co.kr,https://www.kyongbuk.co.kr/news/articleView.html?idxno=4083423,요약,규칙기반 자동분류(제목·요약 낱말 대조)
2026-09-07,무등산,광주·전남,탐방시설,해설·교육,"""반딧불이 만나러 가요""…전남광주 북구 평촌마을 생태여행",namdonews.com,https://www.namdonews.com/news/articleView.html?idxno=922595,요약,규칙기반 자동분류(제목·요약 낱말 대조)
2026-09-07,무등산,광주·전남,자원보전,포유류,"팬 사랑 지역사회로…KIA, 'TIGERS CSR 위크'",namdonews.com,https://www.namdonews.com/news/articleView.html?idxno=922523,요약,규칙기반 자동분류(제목·요약 낱말 대조)
2026-09-07,무등산,광주·전남,자원보전,포유류,"""팬들에게 받은 사랑, 의미 있는 방식으로 보답"" 네일·올러·카스트로...",sportalkorea.com,https://www.sportalkorea.com/news/articleView.html?idxno=2025052909553518924,요약,규칙기반 자동분류(제목·요약 낱말 대조)
2026-09-07,무등산,광주·전남,자원보전,기타,"전남광주 북구, 무등산 평촌마을서 반딧불이 생태체험",thefairnews.co.kr,https://www.thefairnews.co.kr/news/articleView.html?idxno=87284,제목,규칙기반 자동분류(제목·요약 낱말 대조)
2026-09-07,무등산,광주·전남,자원보전,포유류,"“팬들에게 받은 사랑 돌려드립니다”…KIA, 9~11일 ‘TIGERS CSR 위크’ ...",sportsseoul.com,https://www.sportsseoul.com/news/read/1633254?ref=naver,요약,규칙기반 자동분류(제목·요약 낱말 대조)
2026-09-07,팔공산,대구·경북,탐방시설,편의·무장애,월투R]70년 팔공산 기도터 정리‥ 담비·참매 돌아와,andongmbc.co.kr,http://andongmbc.co.kr/adboard/NewsView84611,제목,규칙기반 자동분류(제목·요약 낱말 대조)
2026-09-07,경주,경북 경주,자원보전,기타,대구·부산·경주 잇는 '영남권 관광' 힘 모은다...대구문예진흥원·부산...,idaegu.co.kr,https://www.idaegu.co.kr/news/articleView.html?idxno=558795,제목,규칙기반 자동분류(제목·요약 낱말 대조)
2026-09-07,금정산,부산·경남,탐방시설,편의·무장애,"화명동 대천천 보행 덱, 안전 관리 ‘구멍’",busan.com,https://www.busan.com/view/busan/view.php?code=2026083115201632014,요약,규칙기반 자동분류(제목·요약 낱말 대조)
2026-09-06,지리산,전남·전북·경남,기타,미분류,"""마천루 옆 암봉, 처음보는 풍경"" … 외국인들 K등산에 홀렸다",mk.co.kr,https://www.mk.co.kr/article/12145374,요약,규칙기반 자동분류(제목·요약 낱말 대조)
2026-09-06,경주,경북 경주,행정,예산·재정,[사설] 늦어도 한참 늦은 국가 주도 소나무재선충병 방제,kyongbuk.co.kr,https://www.kyongbuk.co.kr/news/articleView.html?idxno=4083239,요약,규칙기반 자동분류(제목·요약 낱말 대조)
2026-09-06,한려해상,경남·전남,행정,인사·조직,[경일춘추]산·바다·역사가 살아 숨쉬는 한려해상국립공원,gnnews.co.kr,https://www.gnnews.co.kr/news/articleView.html?idxno=644833,제목,규칙기반 자동분류(제목·요약 낱말 대조)
2026-09-06,설악산,강원,재난안전,예방·훈련,"강원 명산, 주말마다 산악 사고…가을철 안전 주의보",news1.kr,https://www.news1.kr/local/kangwon/6281489,요약,규칙기반 자동분류(제목·요약 낱말 대조)
2026-09-06,설악산,강원,행정,지정·구역,[썰물밀물] 강화 정족산 전등사 '명승' 지정의 의미,incheonilbo.com,https://www.incheonilbo.com/news/articleView.html?idxno=1331343,요약,규칙기반 자동분류(제목·요약 낱말 대조)
2026-09-06,설악산,강원,자원보전,포유류,산양 따라 설악산으로 들어간 사람,ohmynews.com,https://www.ohmynews.com/NWS_Web/View/at_pg.aspx?CNTN_CD=A0003214244&CMPT_CD=P0010&utm_source=naver&utm_medium=newsearch&utm_campaign=naver_news,제목,규칙기반 자동분류(제목·요약 낱말 대조)
2026-09-06,속리산,충북·경북,탐방시설,축제·행사,한 주 만에 가을 성큼…산·공원·축제로 나들이객 북적(종합),news1.kr,https://www.news1.kr/local/gyeonggi/6281381,요약,규칙기반 자동분류(제목·요약 낱말 대조)
2026-09-06,속리산,충북·경북,탐방시설,축제·행사,화창한 초가을 날씨 만끽…전국 공원·산 나들이객 '북적'(종합),news1.kr,https://www.news1.kr/society/incident-accident/6281352,요약,규칙기반 자동분류(제목·요약 낱말 대조)
2026-09-06,속리산,충북·경북,기타,미분류,"보은군, 속리산 진입도로 확·포장 절실… 국토부 건의",jbnews.com,https://www.jbnews.com/news/articleView.html?idxno=1510924,제목,규칙기반 자동분류(제목·요약 낱말 대조)
2026-09-06,속리산,충북·경북,탐방시설,축제·행사,"늦더위 물러나 가을, 산으로 축제로…바람 선선 걷기에 '딱'",news1.kr,https://www.news1.kr/local/sejong-chungbuk/6281326,요약,규칙기반 자동분류(제목·요약 낱말 대조)
2026-09-06,한라산,제주,탐방시설,탐방로,크로반 비껴간 제주 '휘청'…하늘·바닷길 마비,jemin.com,https://www.jemin.com/news/articleView.html?idxno=842544,요약,규칙기반 자동분류(제목·요약 낱말 대조)
2026-09-06,한라산,제주,재난안전,호우·태풍,제주 할퀸 태풍 '크로반' 동쪽으로 방향 전환…한반도서 더 멀어져 8일 ...,namdonews.com,https://www.namdonews.com/news/articleView.html?idxno=922346,요약,규칙기반 자동분류(제목·요약 낱말 대조)
2026-09-06,내장산,전북·전남,자원보전,식생·개화,축구장 1만3000개 크기 '생태축' 연결…숲이 숲을 잇다 [지금은 기후위...,inews24.com,http://www.inews24.com/view/2002439,요약,규칙기반 자동분류(제목·요약 낱말 대조)
2026-09-06,내장산,전북·전남,자원보전,기타,"강원 평창∼홍천, 산림유전자원보호구역 생태축 연결",kmib.co.kr,https://www.kmib.co.kr/article/view.asp?arcid=9000009485&cp=nv,요약,규칙기반 자동분류(제목·요약 낱말 대조)
2026-09-06,내장산,전북·전남,자원보전,기타,평창∼홍천 ‘산림유전자원보호구역’ 연결…‘산림생태계 축’으로 관...,dt.co.kr,https://www.dt.co.kr/article/12082309?ref=naver,요약,규칙기반 자동분류(제목·요약 낱말 대조)
2026-09-06,내장산,전북·전남,자원보전,식생·개화,"산림청, 평창과 홍천 9300㏊ 숲길로 하나가 되다",paxetv.com,http://www.paxetv.com/news/articleView.html?idxno=281119,요약,규칙기반 자동분류(제목·요약 낱말 대조)
2026-09-06,내장산,전북·전남,자원보전,기타,"산림청 ""평창~홍천 '산림유전자원보호구역' 생태축 연결""",view.asiae.co.kr,https://view.asiae.co.kr/article/2026090612170884038,요약,규칙기반 자동분류(제목·요약 낱말 대조)
2026-09-06,내장산,전북·전남,자원보전,기타,평창 170㏊ 산림유전자원보호구역 지정…9300㏊ 생태축 연결,kmib.co.kr,https://www.kmib.co.kr/article/view.asp?arcid=9000009397&cp=nv,요약,규칙기반 자동분류(제목·요약 낱말 대조)
2026-09-06,내장산,전북·전남,자원보전,기타,평창~홍천 9300㏊ 생태축 구축…야생동물 이동·서식처 보존,newsis.com,https://www.newsis.com/view/NISX20260904_0003776821,요약,규칙기반 자동분류(제목·요약 낱말 대조)
2026-09-06,내장산,전북·전남,자원보전,식생·개화,"산림청, 숲과 숲을 잇다…평창~홍천 유전자원보호구역 생태축",news1.kr,https://www.news1.kr/local/daejeon-chungnam/6279935,요약,규칙기반 자동분류(제목·요약 낱말 대조)
2026-09-06,내장산,전북·전남,자원보전,기타,"산림청, 평창∼홍천 9천300㏊ 산림유전자원보호구역 생태축 연결",yna.co.kr,https://www.yna.co.kr/view/AKR20260904076400063?input=1195m,요약,규칙기반 자동분류(제목·요약 낱말 대조)
2026-09-06,오대산,강원,자원보전,식생·개화,수십억 들인 '숲'...개발 대신 국가에 보호 요청,ytn.co.kr,https://www.ytn.co.kr/_ln/0115_202609061920036269,요약,규칙기반 자동분류(제목·요약 낱말 대조)
2026-09-06,오대산,강원,기타,미분류,'강원의 가을' 만나러 왔다…4대 국립공원 1만8000명 몰려,news1.kr,https://www.news1.kr/local/kangwon/6281376,요약,규칙기반 자동분류(제목·요약 낱말 대조)
2026-09-06,오대산,강원,자원보전,식생·개화,운두령 ‘숲 주인’ 먼저 요청…‘축구장 280개’ 면적 보호구역 돼,hani.co.kr,https://www.hani.co.kr/arti/society/environment/1276457.html,요약,규칙기반 자동분류(제목·요약 낱말 대조)
2026-09-06,주왕산,경북,탐방시설,기타,"박형수 ""의성·청송·영덕·울진 요청 국비 100% 수준 확보""",hidomin.com,https://www.hidomin.com/news/articleView.html?idxno=720006,요약,규칙기반 자동분류(제목·요약 낱말 대조)
2026-09-06,설악산,강원,기타,미분류,"소노인터내셔널, 13일까지 '얼리 어텀 브레이크' 패키지 선봬",bizwnews.com,http://www.bizwnews.com/news/articleView.html?idxno=145350,요약,규칙기반 자동분류(제목·요약 낱말 대조)
2026-09-06,주왕산,경북,재난안전,산불,"2027년도 정부 예산안, 의성·청송·영덕·울진군 사업 대부분 반영",dkilbo.com,https://www.dkilbo.com/news/articleView.html?idxno=553365,요약,규칙기반 자동분류(제목·요약 낱말 대조)
2026-09-06,경주,경북 경주,기타,미분류,"소노인터내셔널, 가을 여행 패키지 제안",hansbiz.co.kr,http://www.hansbiz.co.kr/news/articleView.html?idxno=862522,요약,규칙기반 자동분류(제목·요약 낱말 대조)
2026-09-06,설악산,강원,탐방시설,축제·행사,"소노인터내셔널, 가을 명소·축제와 함께 즐기는 '얼리 어텀 브레이크'...",job-post.co.kr,https://www.job-post.co.kr/news/articleView.html?idxno=226295,요약,규칙기반 자동분류(제목·요약 낱말 대조)
2026-09-06,(전체·공통),전국·공통,기타,미분류,"다채로운 매력 가득한 고흥, 자연과 문화가 어우러진 가볼 만한 곳",joongangenews.com,https://www.joongangenews.com/news/articleView.html?idxno=543472,해당없음,규칙기반 자동분류(제목·요약 낱말 대조)
2026-09-06,북한산,서울·경기,기타,미분류,"경기관광공사, 9월의 가볼만한 곳",enewstoday.co.kr,http://www.enewstoday.co.kr/news/articleView.html?idxno=2467162,요약,규칙기반 자동분류(제목·요약 낱말 대조)
2026-09-06,무등산,광주·전남,자원보전,포유류,"KIA, 9~11일 NC·SSG전서 ‘TIGERS CSR 위크’ 개최",mydaily.co.kr,https://www.mydaily.co.kr/page/view/2026090616034690351,요약,규칙기반 자동분류(제목·요약 낱말 대조)
2026-09-06,금정산,부산·경남,탐방시설,탐방로,금정산국립공원사무소 유치 놓고 “우리가 최적”…금정산권 지자체 잰...,busan.com,https://www.busan.com/view/busan/view.php?code=2026090616282123462,제목,규칙기반 자동분류(제목·요약 낱말 대조)
2026-09-06,금정산,부산·경남,행정,지정·구역,"범어사, '2026선명상축제' 성료… 1300년 선풍 현대적 재해석",ibulgyo.com,http://www.ibulgyo.com/news/articleView.html?idxno=441971,요약,규칙기반 자동분류(제목·요약 낱말 대조)
2026-09-05,한려해상,경남·전남,탐방시설,편의·무장애,"사천의 푸른 바다와 다채로운 매력, 놓치지 말아야 할 가볼 만한 곳",topstarnews.net,https://www.topstarnews.net/news/articleView.html?idxno=16178269,요약,규칙기반 자동분류(제목·요약 낱말 대조)
2026-09-05,(전체·공통),전국·공통,탐방시설,탐방로,‘출입금지’에도 산행…‘비법정탐방로’ 사고 속출,ichannela.com,https://www.ichannela.com/news/main/news_detailPage.do?publishId=000000548869,해당없음,규칙기반 자동분류(제목·요약 낱말 대조)
2026-09-05,설악산,강원,행정,지정·구역,이번 여행은 조금 느리게…걷고 쉬기 좋은 국내 여행지 4곳 [여행 PICK],econovill.com,https://www.econovill.com/news/articleView.html?idxno=748250,요약,규칙기반 자동분류(제목·요약 낱말 대조)
2026-09-05,설악산,강원,탐방시설,예약제·개방,"""이러다 방 못 잡겠네""…빨간날 몰리자 '예약 전쟁' 벌어진 곳 [신용현의...",hankyung.com,https://www.hankyung.com/article/202609044472g,요약,규칙기반 자동분류(제목·요약 낱말 대조)
2026-09-05,한라산,제주,행정,지정·구역,백록담은 어떻게 한라산의 '중심'이 되었나,jejusori.net,https://www.jejusori.net/news/articleView.html?idxno=506030,제목,규칙기반 자동분류(제목·요약 낱말 대조)
2026-09-05,한라산,제주,재난안전,호우·태풍,[태풍 경로] '크로반' 제주 코앞서 진로 급변…한반도행 우려 씻고 일본...,namdonews.com,https://www.namdonews.com/news/articleView.html?idxno=922328,요약,규칙기반 자동분류(제목·요약 낱말 대조)
2026-09-05,한라산,제주,재난안전,호우·태풍,제24호 태풍 '크로반' 심상찮다... 간접영향만으로 현재 제주도가 처한...,wikitree.co.kr,https://www.wikitree.co.kr/articles/1157410,요약,규칙기반 자동분류(제목·요약 낱말 대조)
2026-09-05,한라산,제주,재난안전,호우·태풍,크로반 약화해 제주서 멀어진다… 강풍 속 제주항 크레인 전도 1명 사망,fnnews.com,https://www.fnnews.com/news/202609050116099623,요약,규칙기반 자동분류(제목·요약 낱말 대조)
2026-09-05,한라산,제주,재난안전,호우·태풍,태풍 ‘크로반’ 예상 밖 위력…제주 강풍에 2명 사상,biz.heraldcorp.com,https://biz.heraldcorp.com/article/10863438?ref=naver,요약,규칙기반 자동분류(제목·요약 낱말 대조)
2026-09-05,설악산,강원,탐방시설,축제·행사,"""탁 트인 의암호 찰칵""…주말 맞은 춘천, 나들이·마을축제로 '시끌벅적...",news1.kr,https://www.news1.kr/local/kangwon/6281000,요약,규칙기반 자동분류(제목·요약 낱말 대조)
2026-09-05,태안해안,충남 태안,행정,인사·조직,"태안해안국립공원사무소, 추석 명절 맞아 전 직원 청렴 캠페인 전개",chungnamilbo.co.kr,http://www.chungnamilbo.co.kr/news/articleView.html?idxno=907837,제목,규칙기반 자동분류(제목·요약 낱말 대조)
2026-09-05,북한산,서울·경기,탐방시설,예약제·개방,"9월, 마음 비우러 떠나는 경기도 여행명소[경기톡톡]",sedaily.com,https://www.sedaily.com/article/20087165?ref=naver,요약,규칙기반 자동분류(제목·요약 낱말 대조)
2026-09-05,월악산,충북·경북,기타,미분류,"""9월이 가장 위험""…잘못하면 목숨 잃을 수도",news.sbs.co.kr,https://news.sbs.co.kr/news/endPage.do?news_id=N1008739312&plink=ORI&cooper=NAVER,요약,규칙기반 자동분류(제목·요약 낱말 대조)
2026-09-05,변산반도,전북 부안,탐방시설,해설·교육,"변산반도의 숨겨진 비경과 체험, 부안에서 가볼 만한 곳",joongangenews.com,https://www.joongangenews.com/news/articleView.html?idxno=543372,제목,규칙기반 자동분류(제목·요약 낱말 대조)
2026-09-05,변산반도,전북 부안,기타,미분류,[CAR 브리프]한국앤컴퍼니ㆍ한국타이어ㆍ한온시스템ㆍSK렌터카ㆍ벤츠ㆍ...,dnews.co.kr,https://www.dnews.co.kr/uhtml/view.jsp?idxno=202609050006006050759,요약,규칙기반 자동분류(제목·요약 낱말 대조)
2026-09-05,경주,경북 경주,탐방시설,해설·교육,"경계 넘고 체류 늘린다…부산관광공사, 광역·생태·해양 콘텐츠 확장",industrynews.co.kr,https://www.industrynews.co.kr/news/articleView.html?idxno=85559,요약,규칙기반 자동분류(제목·요약 낱말 대조)
2026-09-04,경주,경북 경주,기타,미분류,"부산관광공사, 부산·대구·경주 관광 연계…'3산3색' 트레킹 공동 추진",newstown.co.kr,http://www.newstown.co.kr/news/articleView.html?idxno=714757,제목,규칙기반 자동분류(제목·요약 낱말 대조)
2026-09-04,경주,경북 경주,기타,미분류,금정산·팔공산·경주 잇는다…영남권 산악관광 연계 확대,ziksir.com,https://www.ziksir.com/news/articleView.html?idxno=145419,제목,규칙기반 자동분류(제목·요약 낱말 대조)
2026-09-04,경주,경북 경주,기타,미분류,[진경수의 산행공부(山行工夫)] 신라 천년의 흥망성쇠 품은 '남산(금오...,bzeronews.com,https://www.bzeronews.com/news/articleView.html?idxno=822149,요약,규칙기반 자동분류(제목·요약 낱말 대조)
2026-09-04,설악산,강원,탐방시설,탐방로,"심장시술 네 번, 설악산 산행 7번 째 만에 공룡의 등을 타다",ohmynews.com,https://www.ohmynews.com/NWS_Web/View/at_pg.aspx?CNTN_CD=A0003264674&CMPT_CD=P0010&utm_source=naver&utm_medium=newsearch&utm_campaign=naver_news,제목,규칙기반 자동분류(제목·요약 낱말 대조)
2026-09-04,한라산,제주,재난안전,호우·태풍,태풍 ‘크로반’ 간접 영향...제주 강풍 피해 속출,chosun.com,https://www.chosun.com/national/incident/2026/09/04/DXUIZZTVGZD3ZH676B367SIZ5Q/?utm_source=naver&utm_medium=referral&utm_campaign=naver-news,요약,규칙기반 자동분류(제목·요약 낱말 대조)
2026-09-04,한라산,제주,탐방시설,탐방로,초속 27ｍ 강풍에 제주 하늘길 '비상'…항공편 84편 지연,hankyung.com,https://www.hankyung.com/article/2026090453907,요약,규칙기반 자동분류(제목·요약 낱말 대조)
2026-09-04,한라산,제주,재난안전,호우·태풍,태풍 ‘크로반’ 제주 덮쳤다…한라산 전면 통제·여객선 줄줄이 결항,kyeonggi.com,https://www.kyeonggi.com/article/20260904580313,제목,규칙기반 자동분류(제목·요약 낱말 대조)
2026-09-04,한라산,제주,재난안전,호우·태풍,제주 덮친 태풍 '크로반' 강풍…1명 사망·항공편 무더기 지연,ajunews.com,https://www.ajunews.com/view/20260904195757965,요약,규칙기반 자동분류(제목·요약 낱말 대조)
2026-09-04,한라산,제주,재난안전,호우·태풍,태풍 영향 제주 강풍 피해 속출…크레인 쓰러져 2명 사상(종합2보),yna.co.kr,https://www.yna.co.kr/view/AKR20260904066652056?input=1195m,요약,규칙기반 자동분류(제목·요약 낱말 대조)
2026-09-04,한라산,제주,재난안전,예방·훈련,"제주도 덮친 크로반發 강풍…""8일까지 주의보""",dailian.co.kr,https://www.dailian.co.kr/news/view/1686698/?sc=Naver,요약,규칙기반 자동분류(제목·요약 낱말 대조)
2026-09-04,한라산,제주,재난안전,호우·태풍,태풍 ‘크로반’ 영향에 제주 강풍…항공편 84편 지연·여객선 결항,sedaily.com,https://www.sedaily.com/article/20087377?ref=naver,요약,규칙기반 자동분류(제목·요약 낱말 대조)
2026-09-04,한라산,제주,재난안전,호우·태풍,태풍 크로반 영향에 제주 초속 26ｍ 강풍… 하늘길·뱃길 차질,pinpointnews.co.kr,https://www.pinpointnews.co.kr/news/articleView.html?idxno=484055,요약,규칙기반 자동분류(제목·요약 낱말 대조)
2026-09-04,한라산,제주,재난안전,호우·태풍,태풍 영향 제주 강풍 피해 잇따라…항공기 지연 운항(종합),yna.co.kr,https://www.yna.co.kr/view/AKR20260904066651056?input=1195m,요약,규칙기반 자동분류(제목·요약 낱말 대조)
2026-09-04,한라산,제주,재난안전,예방·훈련,"가로수 쓰러지고, 신호등 부러지고···제주 ‘태풍급’ 강풍에 피해 속...",khan.co.kr,https://www.khan.co.kr/article/202609041611001,요약,규칙기반 자동분류(제목·요약 낱말 대조)
2026-09-04,한라산,제주,재난안전,호우·태풍,24호 태풍도 한반도 앞에서 '유턴'...제주 '요란한 강풍',newstree.kr,https://www.newstree.kr/newsView/ntr202609040010,요약,규칙기반 자동분류(제목·요약 낱말 대조)
2026-09-04,한라산,제주,탐방시설,탐방로,"李대통령, 6∼9일 프랑스 국빈 방문… '뤼미에르 서밋' 공동 의장 참석...",sisunnews.co.kr,http://www.sisunnews.co.kr/news/articleView.html?idxno=245517,요약,규칙기반 자동분류(제목·요약 낱말 대조)
2026-09-04,한라산,제주,재난안전,호우·태풍,24호 태풍 ‘크로반’ 간접영향 제주에 강풍과 급변풍 경보,kwnews.co.kr,https://www.kwnews.co.kr/article/20260904500089,요약,규칙기반 자동분류(제목·요약 낱말 대조)
2026-09-04,한라산,제주,재난안전,호우·태풍,태풍 ‘크로반’ 영향…제주 강풍에 뱃길 통제·항공기 지연,news.kbs.co.kr,https://news.kbs.co.kr/news/pc/view/view.do?ncd=8654892&ref=A,요약,규칙기반 자동분류(제목·요약 낱말 대조)
2026-09-04,한라산,제주,재난안전,호우·태풍,태풍 '크로반' 간접영향 제주 강풍…한라산·뱃길 통제,jemin.com,https://www.jemin.com/news/articleView.html?idxno=842521,제목,규칙기반 자동분류(제목·요약 낱말 대조)
2026-09-04,한라산,제주,재난안전,호우·태풍,태풍 ‘크로반’ 영향 제주 강풍경보...한라산 전면 통제·여객선 결항,idsn.co.kr,https://idsn.co.kr/news/view/1065577851751048,제목,규칙기반 자동분류(제목·요약 낱말 대조)
2026-09-04,한라산,제주,재난안전,호우·태풍,태풍 간접영향 제주에 강풍 몰아쳐… 한라산 통제‧여객선 결항,hankookilbo.com,https://www.hankookilbo.com/news/article/A2026090410390000686?did=NA,제목,규칙기반 자동분류(제목·요약 낱말 대조)
2026-09-04,한라산,제주,재난안전,호우·태풍,태풍 '크로반' 간접영향 제주에 강풍·풍랑…여객선 일부 결항,yna.co.kr,https://www.yna.co.kr/view/AKR20260904047300056?input=1195m,요약,규칙기반 자동분류(제목·요약 낱말 대조)
2026-09-04,가야산,경북·경남,행정,인사·조직,"합천에서 만나는 자연과 휴식, 가볼 만한 곳",topstarnews.net,https://www.topstarnews.net/news/articleView.html?idxno=16178251,요약,규칙기반 자동분류(제목·요약 낱말 대조)
2026-09-04,설악산,강원,탐방시설,야영장·대피소,"소노인터내셔널, 숙박에 '가을 여행지도' 더했다... 전국 명소·축제 연...",thefirstmedia.net,http://www.thefirstmedia.net/news/articleView.html?idxno=207773,요약,규칙기반 자동분류(제목·요약 낱말 대조)
2026-09-04,경주,경북 경주,탐방시설,축제·행사,"소노인터내셔널, '얼리 어텀 브레이크' 패키지 출시…가을 명소·축제 지...",ngetnews.com,https://www.ngetnews.com/news/articleView.html?idxno=553052,요약,규칙기반 자동분류(제목·요약 낱말 대조)
2026-09-04,설악산,강원,탐방시설,축제·행사,"소노인터내셔널, 가을 명소·축제 즐기는 '얼리 어텀 브레이크' 패키지...",ftoday.co.kr,http://www.ftoday.co.kr/news/articleView.html?idxno=364834,요약,규칙기반 자동분류(제목·요약 낱말 대조)
2026-09-04,설악산,강원,기타,미분류,"객실에 조식 할인·사우나 반값…소노, 혜택 담은 가을 패키지 출시",biz.heraldcorp.com,https://biz.heraldcorp.com/article/10863146?ref=naver,요약,규칙기반 자동분류(제목·요약 낱말 대조)
2026-09-04,설악산,강원,기타,미분류,[오늘의 호텔] 소노인터내셔널·롯데호텔앤리조트·이랜드파크·호텔스...,financialreview.co.kr,http://www.financialreview.co.kr/news/articleView.html?idxno=44629,요약,규칙기반 자동분류(제목·요약 낱말 대조)
2026-09-04,설악산,강원,탐방시설,야영장·대피소,"소노인터내셔널, 가을 여행 패키지 출시…숙박부터 지역 축제까지",industrynews.co.kr,https://www.industrynews.co.kr/news/articleView.html?idxno=85517,요약,규칙기반 자동분류(제목·요약 낱말 대조)
2026-09-04,설악산,강원,기타,미분류,"소노인터내셔널, '얼리 어텀 브레이크' 패키지 출시…1박·조식 20% 할인...",gukjenews.com,https://www.gukjenews.com/news/articleView.html?idxno=3685038,요약,규칙기반 자동분류(제목·요약 낱말 대조)
2026-09-04,설악산,강원,탐방시설,축제·행사,"소노인터내셔널, 가을 여행 패키지 선봬",megaeconomy.co.kr,https://www.megaeconomy.co.kr/news/newsview.php?ncode=1065591284779708,요약,규칙기반 자동분류(제목·요약 낱말 대조)
2026-09-04,설악산,강원,탐방시설,축제·행사,단풍·축제 찾아 떠나는 가을 여행…소노인터내셔널의 '얼리 어텀 브레...,e-science.co.kr,https://www.e-science.co.kr/news/articleView.html?idxno=134788,요약,규칙기반 자동분류(제목·요약 낱말 대조)
2026-09-04,경주,경북 경주,기타,미분류,"소노인터내셔널, '얼리 어텀 브레이크' 패키지 선봬",srtimes.kr,http://www.srtimes.kr/news/articleView.html?idxno=211644,요약,규칙기반 자동분류(제목·요약 낱말 대조)
2026-09-04,설악산,강원,탐방시설,야영장·대피소,"소노인터내셔널, 가을 여행객 잡는다…숙박부터 지역 명소·축제까지 한...",wemakenews.co.kr,https://wemakenews.co.kr/news/view.php?no=26219,요약,규칙기반 자동분류(제목·요약 낱말 대조)
2026-09-04,설악산,강원,탐방시설,축제·행사,"소노인터내셔널, 가을 명소·축제 담은 '얼리 어텀 브레이크' 패키지 출...",cstimes.com,https://www.cstimes.com/news/articleView.html?idxno=719437,요약,규칙기반 자동분류(제목·요약 낱말 대조)
2026-09-04,설악산,강원,탐방시설,축제·행사,"""올해 단풍 어디서 보지?""…소노, 가을 여행 지도 공개",view.asiae.co.kr,https://view.asiae.co.kr/article/2026090409495221301,요약,규칙기반 자동분류(제목·요약 낱말 대조)
2026-09-04,경주,경북 경주,기타,미분류,"호텔업계, 가을 여행객 잡는다…단풍·골프·웰니스 상품 '풍성'",slist.kr,https://www.slist.kr/news/articleView.html?idxno=763654,요약,규칙기반 자동분류(제목·요약 낱말 대조)
2026-09-04,경주,경북 경주,탐방시설,축제·행사,[민주 라이프] 소노인터내셔널·골프존마켓·이랜드파크,iminju.net,http://www.iminju.net/news/articleView.html?idxno=169071,요약,규칙기반 자동분류(제목·요약 낱말 대조)
2026-09-04,경주,경북 경주,탐방시설,야영장·대피소,"소노인터내셔널, 가을 명소·축제 연계 숙박 패키지 운영",lawissue.co.kr,http://www.lawissue.co.kr/view.php?ud=202609041050381399204ead0791_12,요약,규칙기반 자동분류(제목·요약 낱말 대조)
2026-09-04,설악산,강원,탐방시설,야영장·대피소,"""숙박만으론 부족""···소노인터내셔널, 가을 명소·축제 묶어 체류형 ...",smartbizn.com,https://www.smartbizn.com/news/articleView.html?idxno=152912,요약,규칙기반 자동분류(제목·요약 낱말 대조)
2026-09-04,설악산,강원,탐방시설,축제·행사,"소노인터내셔널, 가을 명소·축제 연계 '얼리 어텀 브레이크' 패키지 출...",newsdream.kr,http://www.newsdream.kr/news/articleView.html?idxno=117517,요약,규칙기반 자동분류(제목·요약 낱말 대조)
2026-09-04,설악산,강원,탐방시설,축제·행사,"가을 명소·축제와 함께 즐긴다…소노, '얼리 어텀 브레이크' 패키지",newsis.com,https://www.newsis.com/view/NISX20260904_0003776161,요약,규칙기반 자동분류(제목·요약 낱말 대조)
2026-09-04,설악산,강원,기타,미분류,소노인터내셔널 “단풍 어디 갈까?” 리조트가 답했다,sports.donga.com,https://sports.donga.com/life/article/all/20260904/134604252/1,요약,규칙기반 자동분류(제목·요약 낱말 대조)
2026-09-04,주왕산,경북,기타,미분류,[기획][돌의 가치②] 카파도키아는 '돌'을 세계유산으로 만들었다…목포...,ajunews.com,https://www.ajunews.com/view/20260903142328159,요약,규칙기반 자동분류(제목·요약 낱말 대조)
2026-09-04,변산반도,전북 부안,기타,미분류,"휘슬, 부안군 주정차 단속 알림 서비스 시작",lawissue.co.kr,http://www.lawissue.co.kr/view.php?ud=202609041630099013204ead0791_12,요약,규칙기반 자동분류(제목·요약 낱말 대조)
2026-09-04,변산반도,전북 부안,기타,미분류,"""단속 전 알려드려요"" 휘슬, 부안군 주정차 알림 시작",econovill.com,https://www.econovill.com/news/articleView.html?idxno=749921,요약,규칙기반 자동분류(제목·요약 낱말 대조)
2026-09-04,변산반도,전북 부안,기타,미분류,"휘슬, 전북 부안군 주정차 단속 알림 서비스 돌입",daily.hankooki.com,https://daily.hankooki.com/news/articleView.html?idxno=1402752,요약,규칙기반 자동분류(제목·요약 낱말 대조)
2026-09-04,변산반도,전북 부안,기타,미분류,"휘슬, 전북 부안군 주정차 단속 알림 시작",zdnet.co.kr,https://zdnet.co.kr/view/?no=20260904095544,요약,규칙기반 자동분류(제목·요약 낱말 대조)
2026-09-04,변산반도,전북 부안,기타,미분류,"휘슬, 전북 7개 시·군으로 단속 알림 서비스 확대",digitaltoday.co.kr,https://www.digitaltoday.co.kr/news/articleView.html?idxno=698172,요약,규칙기반 자동분류(제목·요약 낱말 대조)
2026-09-04,변산반도,전북 부안,기타,미분류,"휘슬, 부안군 주정차 단속 알림 서비스 도입",hansbiz.co.kr,http://www.hansbiz.co.kr/news/articleView.html?idxno=862157,요약,규칙기반 자동분류(제목·요약 낱말 대조)
2026-09-04,무등산,광주·전남,행정,협약·협력,[전남광주교육 소식] '학교운영위원장 정기회' 현안 논의·능주고 '전국...,newsworks.co.kr,https://www.newsworks.co.kr/news/articleView.html?idxno=852686,요약,규칙기반 자동분류(제목·요약 낱말 대조)
2026-09-04,무등산,광주·전남,탐방시설,해설·교육,무등산 누비는 '대학생 구조대' 뜬다,gjdream.com,http://www.gjdream.com/news/articleView.html?idxno=672382,제목,규칙기반 자동분류(제목·요약 낱말 대조)
2026-09-04,태백산,강원·경북,행정,지정·구역,"코레일, 태백역서 태백산 10주년 사진전",kdpress.co.kr,https://www.kdpress.co.kr/news/articleView.html?idxno=208342,제목,규칙기반 자동분류(제목·요약 낱말 대조)
2026-09-04,팔공산,대구·경북,탐방시설,탐방객 동향,겉은 무뚝뚝 속은 꽉 찬 경상도 사내 같은 팔공산 [대구 야호!],san.chosun.com,http://san.chosun.com/news/articleView.html?idxno=26112,제목,규칙기반 자동분류(제목·요약 낱말 대조)
2026-09-04,금정산,부산·경남,행정,인사·조직,"윤일현 부산 금정구청장, '금정산 국립공원 주(主)사무소'는 품고...금샘...",news.bbsi.co.kr,https://news.bbsi.co.kr/news/articleView.html?idxno=4104601,제목,규칙기반 자동분류(제목·요약 낱말 대조)
