게시일자,공원명,소재지,분야_자동분류,세부분류_자동분류,뉴스제목,뉴스매체,url,공원판정근거,분류방법
2026-08-17,지리산,전남·전북·경남,행정,기타,[정책브리핑] 2026년 08월 17일 월요일 주요 정책,sisunnews.co.kr,http://www.sisunnews.co.kr/news/articleView.html?idxno=244346,요약,규칙기반 자동분류(제목·요약 낱말 대조)
2026-08-16,지리산,전남·전북·경남,행정,기타,지리산 천왕봉서 발견된 392자 바위글씨...내용은,edaily.co.kr,https://www.edaily.co.kr/news/newspath.asp?newsid=01682646645547976,제목,규칙기반 자동분류(제목·요약 낱말 대조)
2026-08-16,(전체·공통),전국·공통,행정,인사·조직,[포토] 국립공원 내 광복 의미가 담긴 역사 문화자원,womentimes.co.kr,https://www.womentimes.co.kr/news/articleView.html?idxno=105302,해당없음,규칙기반 자동분류(제목·요약 낱말 대조)
2026-08-16,(전체·공통),전국·공통,행정,지정·구역,7만3000호 신규택지 임박…서울 그린벨트 열릴까,kfenews.co.kr,https://www.kfenews.co.kr/news/articleView.html?idxno=662541,해당없음,규칙기반 자동분류(제목·요약 낱말 대조)
2026-08-16,(전체·공통),전국·공통,행정,기타,'7.3만호+α' 후보지 이르면 내달 공개… 서울 그린벨트 촉각,newscj.com,https://www.newscj.com/news/articleView.html?idxno=3425530,해당없음,규칙기반 자동분류(제목·요약 낱말 대조)
2026-08-16,(전체·공통),전국·공통,행정,연구·용역,‘7.3만호+α’ 신규택지 내달 발표…서울 그린벨트·용산공원 포함될까,viva100.com,https://www.viva100.com/article/20260816500052,해당없음,규칙기반 자동분류(제목·요약 낱말 대조)
2026-08-16,(전체·공통),전국·공통,행정,지정·구역,서울시 반대 속 그린벨트 해제될까…‘7.3만호+α’ 신규택지 발표에 관...,seoul.co.kr,https://www.seoul.co.kr/news/economy/estate/2026/08/16/20260816500015?wlog_tag3=naver,해당없음,규칙기반 자동분류(제목·요약 낱말 대조)
2026-08-16,(전체·공통),전국·공통,행정,협약·협력,'7.3만 가구+α' 신규택지 내달 윤곽… 서울 그린벨트 빗장 풀리나,etoday.co.kr,https://www.etoday.co.kr/news/view/2615014,해당없음,규칙기반 자동분류(제목·요약 낱말 대조)
2026-08-16,(전체·공통),전국·공통,행정,기타,"[월드 투데이] ""트럼프가 통치하는 미국에는 안 간다""…다른 여행지로 ...",wikileaks-kr.org,http://www.wikileaks-kr.org/news/articleView.html?idxno=191004,해당없음,규칙기반 자동분류(제목·요약 낱말 대조)
2026-08-15,지리산,전남·전북·경남,행정,지정·구역,"오늘 일출·일몰시간, ""16일(일) 전국 해돋이 명소, 해 뜨는 시간과 해 ...",lecturernews.com,https://www.lecturernews.com/news/articleView.html?idxno=208494,요약,규칙기반 자동분류(제목·요약 낱말 대조)
2026-08-15,설악산,강원,행정,기타,광복절 동해안 해수욕장에 35만명 '풍덩'…막바지 피서 절정(종합),news1.kr,https://www.news1.kr/local/kangwon/6260334,요약,규칙기반 자동분류(제목·요약 낱말 대조)
2026-08-15,(전체·공통),전국·공통,행정,기타,"""이름 없는 독립운동가의 재조명""…'국립공원'으로 거듭날 효창공원",korea.kr,https://www.korea.kr/news/reporterView.do?newsId=148969901&call_from=naver_news,해당없음,규칙기반 자동분류(제목·요약 낱말 대조)
2026-08-14,지리산,전남·전북·경남,행정,기타,지리산 천왕봉에 새긴 독립 염원…국립공원에 남은 선열의 흔적,yna.co.kr,https://www.yna.co.kr/view/PYH20260814004200530?input=1196m,제목,규칙기반 자동분류(제목·요약 낱말 대조)
2026-08-14,지리산,전남·전북·경남,행정,기타,국립공원에 새겨진 선열들의 독립염원...국립공원공단 3D자료 구축,news.bbsi.co.kr,https://news.bbsi.co.kr/news/articleView.html?idxno=4100827,요약,규칙기반 자동분류(제목·요약 낱말 대조)
2026-08-14,지리산,전남·전북·경남,행정,기타,"국립공원공단, 공원 내 독립운동 역사문화자원 재조명",viva100.com,https://www.viva100.com/article/20260814500141,요약,규칙기반 자동분류(제목·요약 낱말 대조)
2026-08-14,지리산,전남·전북·경남,행정,기타,"국립공원공단, 광복절 맞아 독립운동 '역사문화자원' 소개",electimes.com,https://www.electimes.com/news/articleView.html?idxno=371304,요약,규칙기반 자동분류(제목·요약 낱말 대조)
2026-08-14,북한산,서울·경기,행정,기타,북한산 백운대엔 3·1독립만세운동 알리려 새긴 글씨,yna.co.kr,https://www.yna.co.kr/view/PYH20260814003100530?input=1196m,제목,규칙기반 자동분류(제목·요약 낱말 대조)
2026-08-14,월악산,충북·경북,행정,지정·구역,'새들 쉬어 넘는 고개' 옛말…숲길 20리 '맨발족 성지' [山文기행],san.chosun.com,http://san.chosun.com/news/articleView.html?idxno=26038,요약,규칙기반 자동분류(제목·요약 낱말 대조)
2026-08-14,팔공산,대구·경북,행정,협약·협력,"대구시민안전테마파크-팔공산국립공원, 업무협약 체결",fpn119.co.kr,http://fpn119.co.kr/255305,제목,규칙기반 자동분류(제목·요약 낱말 대조)
2026-08-14,(전체·공통),전국·공통,행정,기타,"연휴 전국 많은 비... ""호우 땐 외출 삼가세요""",public25.com,https://www.public25.com/news/articleView.html?idxno=52760,해당없음,규칙기반 자동분류(제목·요약 낱말 대조)
2026-08-14,(전체·공통),전국·공통,행정,기타,하늘과 맞닿은 곳에 아로새긴 '광복의 염원',imnews.imbc.com,https://imnews.imbc.com/replay/2026/nwtoday/article/6844689_37012.html,해당없음,규칙기반 자동분류(제목·요약 낱말 대조)
2026-08-13,한려해상,경남·전남,행정,인사·조직,"태양광패널로 만든 변화, 한려해상국립공원 에너지자립마을 탄생",gndomin.com,http://www.gndomin.com/news/articleView.html?idxno=485448,제목,규칙기반 자동분류(제목·요약 낱말 대조)
2026-08-13,(전체·공통),전국·공통,행정,의회·국정감사,"민주당 당 대표 후보 3인, 마지막 TV토론회에서도 '과거사 공방'",wolyo.co.kr,https://www.wolyo.co.kr/news/articleView.html?idxno=316403,해당없음,규칙기반 자동분류(제목·요약 낱말 대조)
2026-08-13,(전체·공통),전국·공통,행정,기타,[심정우 칼럼] 용산은 '빽빽한 콘크리트'가 아닌 '무한한 백지'여야 한다,thepublic.kr,https://www.thepublic.kr/news/articleView.html?idxno=314797,해당없음,규칙기반 자동분류(제목·요약 낱말 대조)
2026-08-12,계룡산,대전·충남,행정,협약·협력,"[포토] 계룡산국립공원, 배재대 간호학과 '바이탈안전센터 운영 업무협...",chungnamilbo.co.kr,http://www.chungnamilbo.co.kr/news/articleView.html?idxno=903785,제목,규칙기반 자동분류(제목·요약 낱말 대조)
2026-08-12,계룡산,대전·충남,행정,협약·협력,"계룡산국립공원·배재대학교, '바이탈안전센터 운영 업무협약' 체결",m-i.kr,https://www.m-i.kr/news/articleView.html?idxno=1401337,제목,규칙기반 자동분류(제목·요약 낱말 대조)
2026-08-12,북한산,서울·경기,행정,기타,유니에스 '청년일경험' 6기 참여자 모집,newsprime.co.kr,http://www.newsprime.co.kr/news/article.html?no=743683,요약,규칙기반 자동분류(제목·요약 낱말 대조)
2026-08-12,(전체·공통),전국·공통,행정,기타,"""검룡소에서 두물머리까지 130㎞ 걷는다"" '우리강 도보 생명순례' 21일 ...",financialreview.co.kr,http://www.financialreview.co.kr/news/articleView.html?idxno=44174,해당없음,규칙기반 자동분류(제목·요약 낱말 대조)
2026-08-12,(전체·공통),전국·공통,행정,인사·조직,"[중화학노트] SGC그룹, 주거 환경 개선 ESG 활동 전개 外",news.dealsitetv.com,https://news.dealsitetv.com/articles/174596,해당없음,규칙기반 자동분류(제목·요약 낱말 대조)
2026-08-12,(전체·공통),전국·공통,행정,의회·국정감사,'李정부 뒷받침'은 어디로…'네거티브만' 남은 민주 당권경쟁[여의뷰],inews24.com,http://www.inews24.com/view/1994015,해당없음,규칙기반 자동분류(제목·요약 낱말 대조)
2026-08-11,설악산,강원,행정,지정·구역,설악산 불법·무질서 행위 특별단속.. 3건 적발,mbceg.co.kr,https://www.mbceg.co.kr/post/139092,제목,규칙기반 자동분류(제목·요약 낱말 대조)
2026-08-11,내장산,전북·전남,행정,인사·조직,"""단풍 명산의 자존심 지킨다"" 한경동 소장이 그리는 '내장산의 미래'",domin.co.kr,http://www.domin.co.kr/news/articleView.html?idxno=1564826,제목,규칙기반 자동분류(제목·요약 낱말 대조)
2026-08-11,다도해해상,전남,행정,인사·조직,선상해양평화캠프 인사말하는 정근식 교육감,news1.kr,https://www.news1.kr/photos/8051096,요약,규칙기반 자동분류(제목·요약 낱말 대조)
2026-08-11,(전체·공통),전국·공통,행정,의회·국정감사,"미추홀구의회, 개원 한 달 만에 2천만 원대 몽골 출장 강행…""지방외교...",ppss.kr,https://www.ppss.kr/news/articleView.html?idxno=305085,해당없음,규칙기반 자동분류(제목·요약 낱말 대조)
2026-08-10,경주,경북 경주,행정,지정·구역,[포토] 경주 남산 일대 곳곳 '붉은 소나무',kyongbuk.co.kr,https://www.kyongbuk.co.kr/news/articleView.html?idxno=4080800,제목,규칙기반 자동분류(제목·요약 낱말 대조)
2026-08-10,한려해상,경남·전남,행정,인사·조직,[정책브리핑] 2026년 08월 10일 월요일 주요 정책,sisunnews.co.kr,http://www.sisunnews.co.kr/news/articleView.html?idxno=243904,요약,규칙기반 자동분류(제목·요약 낱말 대조)
2026-08-10,오대산,강원,행정,기타,"포스코DX, 장애인 유튜브 콘텐츠 공모전 31일까지 접수",dt.co.kr,https://www.dt.co.kr/article/12077534?ref=naver,요약,규칙기반 자동분류(제목·요약 낱말 대조)
2026-08-10,월출산,전남,행정,예산·재정,"영암군, 군민발전소·송전선로 등 현안 7건 정부에 건의",thereport.co.kr,https://www.thereport.co.kr/news/articleView.html?idxno=90310,요약,규칙기반 자동분류(제목·요약 낱말 대조)
2026-08-10,금정산,부산·경남,행정,지정·구역,"부산관광공사, 광화문 21일 승부 방문객 7,785명 부산여행에 몰렸다",newstown.co.kr,http://www.newstown.co.kr/news/articleView.html?idxno=711920,요약,규칙기반 자동분류(제목·요약 낱말 대조)
2026-08-10,금정산,부산·경남,행정,지정·구역,"부산관광공사, 서울서 ‘부산 여행’ 홍보 팝업 부스 운영",metroseoul.co.kr,http://www.metroseoul.co.kr/article/20260810500537,요약,규칙기반 자동분류(제목·요약 낱말 대조)
2026-08-10,금정산,부산·경남,행정,지정·구역,"부산관광공사, 광화문서 부산여행 알렸다…21일간 7785명 방문",viva100.com,https://www.viva100.com/article/20260810501033,요약,규칙기반 자동분류(제목·요약 낱말 대조)
2026-08-10,금정산,부산·경남,행정,지정·구역,"부산관광공사, ‘서울썸머비치’ 부산여행 팝업 이벤트에 7천여 명 몰려",busan.com,https://www.busan.com/view/busan/view.php?code=2026081014234403734,요약,규칙기반 자동분류(제목·요약 낱말 대조)
2026-08-10,금정산,부산·경남,행정,지정·구역,'2026 서울썸머비치' 부산여행 팝업에 7천여 명 몰려,cnbnews.com,https://www.cnbnews.com/news/articleView.html?idxno=1010910,요약,규칙기반 자동분류(제목·요약 낱말 대조)
2026-08-10,(전체·공통),전국·공통,행정,기타,"""장애 아닌 나만의 개성을 영상으로""…포스코DX, 크리에이터 꿈 키운다",kyongbuk.co.kr,https://www.kyongbuk.co.kr/news/articleView.html?idxno=4080793,해당없음,규칙기반 자동분류(제목·요약 낱말 대조)
2026-08-10,(전체·공통),전국·공통,행정,인사·조직,"포스코DX, 장애인 유튜브 크리에이터 꿈 키운다",hidomin.com,https://www.hidomin.com/news/articleView.html?idxno=716704,해당없음,규칙기반 자동분류(제목·요약 낱말 대조)
2026-08-10,(전체·공통),전국·공통,행정,협약·협력,국립공원 문화유산지구의 새 시대를 열다,naeil.com,https://www.naeil.com/news/read/598252?ref=naver,해당없음,규칙기반 자동분류(제목·요약 낱말 대조)
2026-08-10,(전체·공통),전국·공통,행정,인사·조직,"포스코DX, 장애인 유튜브 크리에이터 지원 '꿈을Green다' 공모",fnnews.com,http://www.fnnews.com/news/202608101054140478,해당없음,규칙기반 자동분류(제목·요약 낱말 대조)
2026-08-10,(전체·공통),전국·공통,행정,기타,"포스코DX, 장애인 유튜브 공모전 '꿈을 Green다' 개최",inews24.com,http://www.inews24.com/view/1993383,해당없음,규칙기반 자동분류(제목·요약 낱말 대조)
2026-08-10,(전체·공통),전국·공통,행정,인사·조직,"""장애인 유튜브 크리에이터 꿈 키워요""…포스코DX 공모전 개최",ddaily.co.kr,https://www.ddaily.co.kr/page/view/2026081010270595988,해당없음,규칙기반 자동분류(제목·요약 낱말 대조)
2026-08-10,(전체·공통),전국·공통,행정,인사·조직,"포스코DX, ‘꿈을Green다’ 공모전 개최…“장애인 유튜브 크리에이터 ...",biz.chosun.com,https://biz.chosun.com/it-science/ict/2026/08/10/QOSRU4BQG5BNPBF546TWLMP7OU/?utm_source=naver&utm_medium=original&utm_campaign=biz,해당없음,규칙기반 자동분류(제목·요약 낱말 대조)
2026-08-10,(전체·공통),전국·공통,행정,인사·조직,"포스코DX, '꿈을Green다' 프로젝트 운영…장애인 유튜브 크리에이터 지...",etnews.com,https://www.etnews.com/20260810000093,해당없음,규칙기반 자동분류(제목·요약 낱말 대조)
2026-08-10,(전체·공통),전국·공통,행정,인사·조직,"포스코DX, '꿈을Green다' 개최…장애인 유튜버 키운다",daily.hankooki.com,https://daily.hankooki.com/news/articleView.html?idxno=1394098,해당없음,규칙기반 자동분류(제목·요약 낱말 대조)
2026-08-10,(전체·공통),전국·공통,행정,지정·구역,[경기도 소식] '경기인디뮤직페스티벌' 최종 출연진 공개 등,iminju.net,http://www.iminju.net/news/articleView.html?idxno=167843,해당없음,규칙기반 자동분류(제목·요약 낱말 대조)
2026-08-10,지리산,전남·전북·경남,행정,인사·조직,"야간경제로 살아나는 함양 원도심, 야시장이 마중물 됐다",ohmynews.com,https://www.ohmynews.com/NWS_Web/View/at_pg.aspx?CNTN_CD=A0003257828&CMPT_CD=P0010&utm_source=naver&utm_medium=newsearch&utm_campaign=naver_news,요약,규칙기반 자동분류(제목·요약 낱말 대조)
2026-08-10,(전체·공통),전국·공통,행정,지정·구역,[지구촌 이색 환경정책 리포트] “쓰레기장에 버리기 전에 가져가세요...,dailyt.co.kr,https://www.dailyt.co.kr/newsView/dlt202608100001,해당없음,규칙기반 자동분류(제목·요약 낱말 대조)
2026-08-10,(전체·공통),전국·공통,행정,기타,원정출산 과거 일이라 괜찮다?…앞으론 입국 거부될 수도,thescoop.co.kr,https://www.thescoop.co.kr/news/articleView.html?idxno=311192,해당없음,규칙기반 자동분류(제목·요약 낱말 대조)
2026-08-09,한려해상,경남·전남,행정,지정·구역,"기후부 국립공원공단, 해양쓰레기 주민자율수거사업 확대...주민이 수거...",econonews.co.kr,http://www.econonews.co.kr/news/articleView.html?idxno=442552,요약,규칙기반 자동분류(제목·요약 낱말 대조)
2026-08-09,가야산,경북·경남,행정,지정·구역,"합천의 여름, 물결 따라 역사 따라 가볼 만한 곳",joongangenews.com,https://www.joongangenews.com/news/articleView.html?idxno=536958,요약,규칙기반 자동분류(제목·요약 낱말 대조)
2026-08-09,소백산,충북·경북,행정,인사·조직,"주대영 국립공원공단 이사장, 물놀이 안전사고 예방 안전점검 실시",cctimes.kr,http://www.cctimes.kr/news/articleView.html?idxno=920820,요약,규칙기반 자동분류(제목·요약 낱말 대조)
2026-08-09,(전체·공통),전국·공통,행정,기타,“고기·김치까지 나왔다”…日 유명 관광지에 버려진 ‘한국 종량제봉...,sedaily.com,https://www.sedaily.com/article/20077310?ref=naver,해당없음,규칙기반 자동분류(제목·요약 낱말 대조)
2026-08-08,(전체·공통),전국·공통,행정,법령·제도,"트럼프 백악관 연회장 건설 법원이 또 제동…""대통령은 세입자""",mt.co.kr,https://www.mt.co.kr/world/2026/08/08/2026080808214451752,해당없음,규칙기반 자동분류(제목·요약 낱말 대조)
2026-08-08,(전체·공통),전국·공통,행정,기타,"6·25 전장의 신원미상 병사… 美, 800번째 이름 찾아줬다",chosun.com,https://www.chosun.com/international/international_general/2026/08/08/PDZHO3JRZZCB5HGKTZL3G6ZPS4/?utm_source=naver&utm_medium=referral&utm_campaign=naver-news,해당없음,규칙기반 자동분류(제목·요약 낱말 대조)
2026-08-07,지리산,전남·전북·경남,행정,연구·용역,국산 위성 활용해 지리산 산림 변화 확인,naeil.com,https://www.naeil.com/news/read/598043?ref=naver,제목,규칙기반 자동분류(제목·요약 낱말 대조)
2026-08-07,한려해상,경남·전남,행정,인사·조직,[정책브리핑] 2026년 08월 07일 금요일 주요 정책,sisunnews.co.kr,http://www.sisunnews.co.kr/news/articleView.html?idxno=243814,요약,규칙기반 자동분류(제목·요약 낱말 대조)
2026-08-07,소백산,충북·경북,행정,인사·조직,"주대영 국립공원공단 이사장, 소백산서 물놀이 안전실태 점검",news1.kr,https://www.news1.kr/local/kangwon/6252814,제목,규칙기반 자동분류(제목·요약 낱말 대조)
2026-08-07,경주,경북 경주,행정,지정·구역,"[여행 브리프] 관광공사, 한국관광 데이터 세미나 외",edaily.co.kr,https://www.edaily.co.kr/news/newspath.asp?newsid=03322646645545024,요약,규칙기반 자동분류(제목·요약 낱말 대조)
2026-08-07,(전체·공통),전국·공통,행정,인사·조직,"""보고·듣고·체험하는 불교""…부산국제불교박람회 개막",beopbo.com,https://www.beopbo.com/news/articleView.html?idxno=337008,해당없음,규칙기반 자동분류(제목·요약 낱말 대조)
2026-08-07,(전체·공통),전국·공통,행정,지정·구역,"코끼리가 사라졌다… 파괴자 따로, 견디는 자 따로 '기후 불평등'[초록...",pressian.com,https://www.pressian.com/pages/articles/2026080710501545299?utm_source=naver&utm_medium=search,해당없음,규칙기반 자동분류(제목·요약 낱말 대조)
2026-08-07,(전체·공통),전국·공통,행정,기타,경산시 대학생 22명 몽골 해외봉사로 글로벌 역량 키워,thepowernews.co.kr,https://www.thepowernews.co.kr/view.php?ud=202608062353566834c923548bdf_7,해당없음,규칙기반 자동분류(제목·요약 낱말 대조)
2026-08-06,한려해상,경남·전남,행정,협약·협력,"한려해상국립공원, 상괭이 생태관광 활성화",gnmaeil.com,http://www.gnmaeil.com/news/articleView.html?idxno=592322,제목,규칙기반 자동분류(제목·요약 낱말 대조)
2026-08-06,한려해상,경남·전남,행정,인사·조직,"한려해상국립공원사무소, 여름 성수기불법·무질서 행위 사전예고 집중...",newsgn.com,https://www.newsgn.com/news/articleView.html?idxno=566429,제목,규칙기반 자동분류(제목·요약 낱말 대조)
2026-08-06,한려해상,경남·전남,행정,인사·조직,상괭이 보전 가치 담은 지역 특화상품 개발 본격화,newsgn.com,https://www.newsgn.com/news/articleView.html?idxno=566430,요약,규칙기반 자동분류(제목·요약 낱말 대조)
2026-08-06,한려해상,경남·전남,행정,인사·조직,"국립공원공단, 해양쓰레기 주민자율수거사업 확대",todayenergy.kr,https://www.todayenergy.kr/news/articleView.html?idxno=301288,요약,규칙기반 자동분류(제목·요약 낱말 대조)
2026-08-06,한려해상,경남·전남,행정,지정·구역,해상국립공원 환경 주민이 지킨다…주민자율수거사업 확대,mt.co.kr,https://www.mt.co.kr/economy/2026/08/06/2026080611144686643,요약,규칙기반 자동분류(제목·요약 낱말 대조)
2026-08-06,한려해상,경남·전남,행정,지정·구역,"해양쓰레기 주민자율수거사업, 22개 섬·94곳으로 확대",newsis.com,https://www.newsis.com/view/NISX20260806_0003738488,요약,규칙기반 자동분류(제목·요약 낱말 대조)
2026-08-06,한려해상,경남·전남,행정,지정·구역,"여수섬엑스포 앞두고…국립공원공단, 섬 해양쓰레기 집중관리 확대",news1.kr,https://www.news1.kr/society/environment/6250934,요약,규칙기반 자동분류(제목·요약 낱말 대조)
2026-08-06,속리산,충북·경북,행정,예산·재정,보은군 '가로수 관리 엉망' …관광객들에게 지역 이미지 먹칠.,bzeronews.com,https://www.bzeronews.com/news/articleView.html?idxno=820949,요약,규칙기반 자동분류(제목·요약 낱말 대조)
2026-08-06,팔공산,대구·경북,행정,기타,[대구소식]팔공산국립공원 시민대학 수강생 모집 등,newsis.com,https://www.newsis.com/view/NISX20260806_0003739339,제목,규칙기반 자동분류(제목·요약 낱말 대조)
2026-08-06,금정산,부산·경남,행정,인사·조직,"'2026 부산국제불교박람회' 개막…""세계와 소통 '힙'한 문화로 도약""",news1.kr,https://www.news1.kr/local/busan-gyeongnam/6251525,요약,규칙기반 자동분류(제목·요약 낱말 대조)
2026-08-06,(전체·공통),전국·공통,행정,기타,[진희영의 일본 후지산 등반기] 밤하늘 바라보며 품은 새벽 등산의 설렘,iusm.co.kr,https://www.iusm.co.kr/news/articleView.html?idxno=1066385,해당없음,규칙기반 자동분류(제목·요약 낱말 대조)
2026-08-06,(전체·공통),전국·공통,행정,인사·조직,"진우 스님 ""불교문화, 일상에서 경험하고 공감하는 현장""",bulkyo21.com,http://www.bulkyo21.com/news/articleView.html?idxno=64712,해당없음,규칙기반 자동분류(제목·요약 낱말 대조)
2026-08-06,(전체·공통),전국·공통,행정,인사·조직,"""불교가 우리 삶에 한층 가까워지는 계기되길""…부산국제불교박람회 개...",ibulgyo.com,http://www.ibulgyo.com/news/articleView.html?idxno=440942,해당없음,규칙기반 자동분류(제목·요약 낱말 대조)
2026-08-06,(전체·공통),전국·공통,행정,인사·조직,"""불교박람회 오려고 연차냈다""...부산국제불교박람회 '오픈런'",ibulgyo.com,http://www.ibulgyo.com/news/articleView.html?idxno=440905,해당없음,규칙기반 자동분류(제목·요약 낱말 대조)
2026-08-05,팔공산,대구·경북,행정,지정·구역,[인터뷰] 이연미 대구 동구의회 의장 “말뿐인 선언 넘어 결과로…구민...,ksmnews.co.kr,https://www.ksmnews.co.kr/news/view.php?idx=616433,요약,규칙기반 자동분류(제목·요약 낱말 대조)
2026-08-05,팔공산,대구·경북,행정,기타,"팔공산국립공원동부사무소, '제3기 국립공원 시민대학' 수강생 모집",news.bbsi.co.kr,https://news.bbsi.co.kr/news/articleView.html?idxno=4099167,제목,규칙기반 자동분류(제목·요약 낱말 대조)
2026-08-05,팔공산,대구·경북,행정,인사·조직,[인터뷰] 우성진 대구 동구청장 “공항 후적지를 첨단산업 품은 미래 신...,ilyo.co.kr,https://ilyo.co.kr/?ac=article_view&entry_id=512149,요약,규칙기반 자동분류(제목·요약 낱말 대조)
2026-08-05,(전체·공통),전국·공통,행정,인사·조직,부산국제불교박람회 개막 D-1...'불도 부산'에서 펼쳐지는 불교 축제,ibulgyo.com,http://www.ibulgyo.com/news/articleView.html?idxno=440879,해당없음,규칙기반 자동분류(제목·요약 낱말 대조)
2026-08-05,(전체·공통),전국·공통,행정,연구·용역,"""준비 완료 단계""부터 ""섬 소멸 위기""까지…데이터로 짚은 섬의 현재와...",jnilbo.com,https://www.jnilbo.com/news/articleView.html?idxno=90000054748,해당없음,규칙기반 자동분류(제목·요약 낱말 대조)
2026-08-05,(전체·공통),전국·공통,행정,기타,"""섬 주민이 주인공""…교통·정주여건·레거시 준비 한목소리",jnilbo.com,https://www.jnilbo.com/news/articleView.html?idxno=90000054773,해당없음,규칙기반 자동분류(제목·요약 낱말 대조)
2026-08-05,(전체·공통),전국·공통,행정,인사·조직,이틀간 업무보고 재개···대통령의 행보는?,ktv.go.kr,https://www.ktv.go.kr/content/view?content_id=758950,해당없음,규칙기반 자동분류(제목·요약 낱말 대조)
2026-08-04,한려해상,경남·전남,행정,기타,[정책브리핑] 2026년 08월 04일 화요일 주요 정책,sisunnews.co.kr,http://www.sisunnews.co.kr/news/articleView.html?idxno=243574,요약,규칙기반 자동분류(제목·요약 낱말 대조)
2026-08-04,주왕산,경북,행정,지정·구역,"여름날의 활력, 청송에서 만나는 대자연의 가볼 만한 곳",topstarnews.net,https://www.topstarnews.net/news/articleView.html?idxno=16150974,요약,규칙기반 자동분류(제목·요약 낱말 대조)
2026-08-04,금정산,부산·경남,행정,협약·협력,"금정산 국립공원 지정 기념…부산관광공사, ‘3산3색 트레킹 챌린지’ ...",viva100.com,https://www.viva100.com/article/20260804501295,제목,규칙기반 자동분류(제목·요약 낱말 대조)
2026-08-04,경주,경북 경주,행정,지정·구역,부산관광공사 '오메가메 갱상도 3산3색 트래킹 챌린지 개최',news.lghellovision.net,http://news.lghellovision.net/news/articleView.html?idxno=550218,요약,규칙기반 자동분류(제목·요약 낱말 대조)
2026-08-04,경주,경북 경주,행정,기타,'금정산 국립공원 기념' 부산·대구·경주 트래킹 챌린지,newsis.com,https://www.newsis.com/view/NISX20260804_0003735942,제목,규칙기반 자동분류(제목·요약 낱말 대조)
2026-08-04,경주,경북 경주,행정,협약·협력,"부산관광공사, ‘오메가메 갱상도 3산3색 트래킹 챌린지’ 운영",busan.com,https://www.busan.com/view/busan/view.php?code=2026080410271450026,요약,규칙기반 자동분류(제목·요약 낱말 대조)
2026-08-04,금정산,부산·경남,행정,협약·협력,"부산관광공사, 금정산 국립공원 기념 '3산3색 트래킹 챌린지' 운영",cnbnews.com,https://www.cnbnews.com/news/articleView.html?idxno=1010236,제목,규칙기반 자동분류(제목·요약 낱말 대조)
2026-08-04,(전체·공통),전국·공통,행정,연구·용역,"한국수자원공사, 기후에너지환경부 공공기관 2026년 8월 브랜드평판 1위",energy-news.co.kr,https://www.energy-news.co.kr/news/articleView.html?idxno=227222,해당없음,규칙기반 자동분류(제목·요약 낱말 대조)
2026-08-04,(전체·공통),전국·공통,행정,연구·용역,"기후에너지환경부 공공기관 브랜드평판 8월, 한국수자원공사 1위…한국...",cbci.co.kr,https://www.cbci.co.kr/news/articleView.html?idxno=594372,해당없음,규칙기반 자동분류(제목·요약 낱말 대조)
2026-08-04,(전체·공통),전국·공통,행정,연구·용역,기후에너지환경부 공공기관 브랜드평판 8월 빅데이터 분석... 1위 한국수...,pinpointnews.co.kr,https://www.pinpointnews.co.kr/news/articleView.html?idxno=474042,해당없음,규칙기반 자동분류(제목·요약 낱말 대조)
2026-08-04,(전체·공통),전국·공통,행정,법령·제도,"총무원장 진우 스님, 민주당 의원들에게 '정책 제안'",bulkyo21.com,http://www.bulkyo21.com/news/articleView.html?idxno=64689,해당없음,규칙기반 자동분류(제목·요약 낱말 대조)
2026-08-04,(전체·공통),전국·공통,행정,기타,건축물 자체가 메시지… 대통령도서관에서 ‘미국의 정신’을 읽다[Glob...,munhwa.com,https://www.munhwa.com/article/11607022?ref=naver,해당없음,규칙기반 자동분류(제목·요약 낱말 대조)
2026-08-04,(전체·공통),전국·공통,행정,연구·용역,"트럼프, 스미스소니언 개혁 전면전…'깨어있는 역사' 논란부터 개혁 명...",fntoday.co.kr,https://www.fntoday.co.kr/news/articleView.html?idxno=389585,해당없음,규칙기반 자동분류(제목·요약 낱말 대조)
2026-08-03,한려해상,경남·전남,행정,지정·구역,국립공원 해제하고 3년…남해군 늑장 행정에 주민들 '분통’,newsis.com,https://www.newsis.com/view/NISX20260803_0003733664,요약,규칙기반 자동분류(제목·요약 낱말 대조)
2026-08-03,(전체·공통),전국·공통,행정,기타,"국립공원공단, 최초로 민간기업에 미활용 특허 기술 이전",seoul.co.kr,https://www.seoul.co.kr/news/society/enviroment/2026/08/03/20260803500242?wlog_tag3=naver,해당없음,규칙기반 자동분류(제목·요약 낱말 대조)
2026-08-03,(전체·공통),전국·공통,행정,기타,"깨끗해 보이던 동해 바다, 물 속 들어가니 펼쳐진 참담한 광경",ohmynews.com,https://www.ohmynews.com/NWS_Web/View/at_pg.aspx?CNTN_CD=A0003254027&CMPT_CD=P0010&utm_source=naver&utm_medium=newsearch&utm_campaign=naver_news,해당없음,규칙기반 자동분류(제목·요약 낱말 대조)
2026-08-03,(전체·공통),전국·공통,행정,기타,트럼프가 매일 전화 거는 여성…美 '어둠의 공주' 정체,hankyung.com,https://www.hankyung.com/article/202608030626i,해당없음,규칙기반 자동분류(제목·요약 낱말 대조)
2026-08-01,내장산,전북·전남,행정,의회·국정감사,'당론 위반'…민주당 정읍시의원들 내홍 격화,newsis.com,https://www.newsis.com/view/NISX20260801_0003732581,요약,규칙기반 자동분류(제목·요약 낱말 대조)
2026-07-31,주왕산,경북,행정,지정·구역,"[창간 80년, 격동 80년] 민주구국선언 울려 퍼진 해…경북에도 개발의 봄",imaeil.com,https://www.imaeil.com/page/view/2026072010325576900,요약,규칙기반 자동분류(제목·요약 낱말 대조)
2026-07-31,금정산,부산·경남,행정,인사·조직,[THE인터뷰] 정명희 부산 북구청장,news.skbroadband.com,https://news.skbroadband.com/news/articleView.html?idxno=233707,요약,규칙기반 자동분류(제목·요약 낱말 대조)
2026-07-31,(전체·공통),전국·공통,행정,기타,숨이 차오르는 깔딱고개 [등산사전 된비알],san.chosun.com,http://san.chosun.com/news/articleView.html?idxno=25918,해당없음,규칙기반 자동분류(제목·요약 낱말 대조)
2026-07-30,다도해해상,전남,행정,지정·구역,"흑산공항, 13년 기다림 끝낼 마지막 관문··· KDI 재조사 본격화",mdilbo.com,http://www.mdilbo.com/detail/0kIA7d/757579,요약,규칙기반 자동분류(제목·요약 낱말 대조)
2026-07-30,금정산,부산·경남,행정,인사·조직,"""동래의 역사와 미래는 사직벌에"" 장준용 동래구청장의 재선 구정 청사...",nocutnews.co.kr,https://www.nocutnews.co.kr/news/6556159?utm_source=naver&utm_medium=article&utm_campaign=20260730052923,요약,규칙기반 자동분류(제목·요약 낱말 대조)
2026-07-30,금정산,부산·경남,행정,지정·구역,금정산성에서 하룻밤…'별밤캠핑' 성황리 마무리,news1.kr,https://www.news1.kr/local/busan-gyeongnam/6244097,제목,규칙기반 자동분류(제목·요약 낱말 대조)
2026-07-30,(전체·공통),전국·공통,행정,법령·제도,"행안부, 8월 '하천·계곡 불법행위 특별단속'… 강력 대응한다",ikld.kr,http://www.ikld.kr/news/articleView.html?idxno=338315,해당없음,규칙기반 자동분류(제목·요약 낱말 대조)
2026-07-30,(전체·공통),전국·공통,행정,법령·제도,"행안부, 휴가철 맞아 하천·계곡 불법영업 집중 단속 나선다",idsn.co.kr,https://idsn.co.kr/news/view/1065600867189250,해당없음,규칙기반 자동분류(제목·요약 낱말 대조)
2026-07-30,(전체·공통),전국·공통,행정,법령·제도,"평상 다시 깔고 점심·주말만 장사…행안부 ""계곡 꼼수영업 집중 단속""",fnnews.com,http://www.fnnews.com/news/202607301523309430,해당없음,규칙기반 자동분류(제목·요약 낱말 대조)
2026-07-30,(전체·공통),전국·공통,행정,기타,평일·주말 변칙 영업 뿌리뽑는다…하천·계곡 8월 특별단속,edaily.co.kr,https://www.edaily.co.kr/news/newspath.asp?newsid=05047926645519768,해당없음,규칙기반 자동분류(제목·요약 낱말 대조)
2026-07-30,(전체·공통),전국·공통,행정,법령·제도,피서철 다시 고개드는 하천·계곡 불법·영업 점유…정부 특별단속 카드...,public25.com,https://www.public25.com/news/articleView.html?idxno=51782,해당없음,규칙기반 자동분류(제목·요약 낱말 대조)
2026-07-30,(전체·공통),전국·공통,행정,기타,"트립빌리지, 부산 출발 해외 여행 상품 '카자흐스탄 4박 6일 패키지’ 출...",beyondpost.co.kr,http://www.beyondpost.co.kr/view.php?ud=2026072918143074089aeda69934_30,해당없음,규칙기반 자동분류(제목·요약 낱말 대조)
2026-07-29,소백산,충북·경북,행정,협약·협력,소백산국립공원·단양구경시장 맞손…지역 특산물 판로 확대 나서,cctimes.kr,http://www.cctimes.kr/news/articleView.html?idxno=919137,제목,규칙기반 자동분류(제목·요약 낱말 대조)
2026-07-29,태백산,강원·경북,행정,인사·조직,태백산국립공원 외래식물 제거 10년… 화훼장식으로 새 가치 창출,sentv.co.kr,https://www.sentv.co.kr/article/view/sentv202607290055,제목,규칙기반 자동분류(제목·요약 낱말 대조)
2026-07-29,팔공산,대구·경북,행정,지정·구역,"""20년 묶인 3층 규제 풀어야""… 대구시의회, 팔공산 고도지구 해제 촉구",dkilbo.com,https://www.dkilbo.com/news/articleView.html?idxno=550020,제목,규칙기반 자동분류(제목·요약 낱말 대조)
2026-07-29,경주,경북 경주,행정,기타,대구·부산·경주 잇는 '3산3색 트래킹 챌린지',tbc.co.kr,https://www.tbc.co.kr/news/view?pno=20260729142849AE03104&id=209042,제목,규칙기반 자동분류(제목·요약 낱말 대조)
2026-07-29,경주,경북 경주,행정,기타,대구·부산·경주 대표 명산 연결하는 웰니스 트래킹 챌린지 열린다,dkilbo.com,https://www.dkilbo.com/news/articleView.html?idxno=549965,제목,규칙기반 자동분류(제목·요약 낱말 대조)
2026-07-29,금정산,부산·경남,행정,인사·조직,[본사 손님] 금정산국립공원사무소장 이현태 외,busan.com,https://www.busan.com/view/busan/view.php?code=2026072917594523331,제목,규칙기반 자동분류(제목·요약 낱말 대조)
2026-07-28,가야산,경북·경남,행정,인사·조직,유네스코 사로잡은 팔만대장경 반달이 정식 출시,seongjuro.co.kr,https://www.seongjuro.co.kr/news/view.php?idx=60601,요약,규칙기반 자동분류(제목·요약 낱말 대조)
2026-07-28,소백산,충북·경북,행정,협약·협력,"소백산국립공원북부사무소, 단양구경시장과 지역 농·특산물 활성화 업...",inews365.com,https://www.inews365.com/news/article.html?no=929659,제목,규칙기반 자동분류(제목·요약 낱말 대조)
2026-07-28,소백산,충북·경북,행정,협약·협력,"[단양소식]여성 예비군소대 창설, 26명으로 구성 등",newsis.com,https://www.newsis.com/view/NISX20260728_0003726759,요약,규칙기반 자동분류(제목·요약 낱말 대조)
2026-07-28,(전체·공통),전국·공통,행정,연구·용역,공공기관 물품·용역 공급 중기 제품 전시,jmbc.co.kr,http://www.jmbc.co.kr/news/view/66559,해당없음,규칙기반 자동분류(제목·요약 낱말 대조)
2026-07-28,(전체·공통),전국·공통,행정,연구·용역,"전북경진원, 공공구매 상담회 기업 모집",hansbiz.co.kr,http://www.hansbiz.co.kr/news/articleView.html?idxno=852893,해당없음,규칙기반 자동분류(제목·요약 낱말 대조)
2026-07-28,(전체·공통),전국·공통,행정,지정·구역,공공기관 유치전 '동부권 핵심거점도시 순천'의 선택은,newswhoplus.com,https://www.newswhoplus.com/news/articleView.html?idxno=65467,해당없음,규칙기반 자동분류(제목·요약 낱말 대조)
2026-07-28,(전체·공통),전국·공통,행정,기타,하와이보다 아름다운 안도해변… 화장실은 왜 잠겼나,ohmynews.com,https://www.ohmynews.com/NWS_Web/View/at_pg.aspx?CNTN_CD=A0003254701&CMPT_CD=P0010&utm_source=naver&utm_medium=newsearch&utm_campaign=naver_news,해당없음,규칙기반 자동분류(제목·요약 낱말 대조)
2026-07-28,(전체·공통),전국·공통,행정,연구·용역,"부산대 학술림, 시민 80여명과 3대 국가녹지브랜드 미래 논의",inthenews.co.kr,https://www.inthenews.co.kr/news/article.html?no=89851,해당없음,규칙기반 자동분류(제목·요약 낱말 대조)
2026-07-28,(전체·공통),전국·공통,행정,협약·협력,"[경남 브리핑 모음(7월28일)] 진주시, ‘우수학생 여름방학 해외선진문...",dnews.co.kr,https://www.dnews.co.kr/uhtml/view.jsp?idxno=202607271934479410730,해당없음,규칙기반 자동분류(제목·요약 낱말 대조)
2026-07-28,(전체·공통),전국·공통,행정,지정·구역,"부산대 학술림, 시민과 함께 부산 3대 국가녹지브랜드 가치 공유",lak.co.kr,http://www.lak.co.kr/news/boardview.php?id=23580,해당없음,규칙기반 자동분류(제목·요약 낱말 대조)
2026-07-27,내장산,전북·전남,행정,기타,■ 이룰 수 없는 사랑,sjbnews.com,https://sjbnews.com/news/news.php?number=883862,요약,규칙기반 자동분류(제목·요약 낱말 대조)
2026-07-27,금정산,부산·경남,행정,인사·조직,희귀종 ‘가는동자꽃’…촬영객 때문에 훼손,news.kbs.co.kr,https://news.kbs.co.kr/news/pc/view/view.do?ncd=8620697&ref=A,요약,규칙기반 자동분류(제목·요약 낱말 대조)
2026-07-27,(전체·공통),전국·공통,행정,연구·용역,"전북도, 경진원 “공공구매 전시상담회” 참여기업 추가 모집",sjbnews.com,https://sjbnews.com/news/news.php?number=883877,해당없음,규칙기반 자동분류(제목·요약 낱말 대조)
2026-07-27,(전체·공통),전국·공통,행정,연구·용역,"전북경진원, 공공구매 전시상담회 참여기업 추가 모집",domin.co.kr,http://www.domin.co.kr/news/articleView.html?idxno=1563161,해당없음,규칙기반 자동분류(제목·요약 낱말 대조)
2026-07-27,(전체·공통),전국·공통,행정,기타,이준영의 WE(45회),obsnews.co.kr,https://www.obsnews.co.kr/news/articleView.html?idxno=1531961,해당없음,규칙기반 자동분류(제목·요약 낱말 대조)
2026-07-27,(전체·공통),전국·공통,행정,기타,주차안내부터 다국어 도슨트까지…관광공사 'AI 전환' 박차,etnews.com,https://www.etnews.com/20260727000328,해당없음,규칙기반 자동분류(제목·요약 낱말 대조)
2026-07-27,(전체·공통),전국·공통,행정,기타,"""오해는 풀고 감성은 더한다""…강달러·고물가 속 미국관광청 로드맵 [...",traveltimes.co.kr,https://www.traveltimes.co.kr/news/articleView.html?idxno=500102,해당없음,규칙기반 자동분류(제목·요약 낱말 대조)
2026-07-26,지리산,전남·전북·경남,행정,인사·조직,지리산국립공원경남사무소 방화 관련 대형산불 후속조치 실무협의체 구...,gndomin.com,http://www.gndomin.com/news/articleView.html?idxno=483313,제목,규칙기반 자동분류(제목·요약 낱말 대조)
2026-07-26,북한산,서울·경기,행정,기타,"K등산·의료 찾는 외국인들… ""맞춤 관광 정책 시급""",fnnews.com,http://www.fnnews.com/news/202607261818110409,요약,규칙기반 자동분류(제목·요약 낱말 대조)
2026-07-26,속리산,충북·경북,행정,지정·구역,여름 휴가철 속리산·월악산·소백산 계곡 8곳 출입 통제,news.mbccb.co.kr,http://news.mbccb.co.kr/home/sub.php?menukey=61&mod=view&RECEIVE_DATE=20260726&SEQUENCE=0104,제목,규칙기반 자동분류(제목·요약 낱말 대조)
2026-07-26,금정산,부산·경남,행정,인사·조직,금정산에 핀 희귀종 ‘가는동자꽃’…훼손 수난,news.kbs.co.kr,https://news.kbs.co.kr/news/pc/view/view.do?ncd=8620405&ref=A,제목,규칙기반 자동분류(제목·요약 낱말 대조)
2026-07-26,(전체·공통),전국·공통,행정,의회·국정감사,제13대 도의원 44명 의정 각오 담긴 소식지,jjn.co.kr,http://www.jjn.co.kr/news/articleView.html?idxno=1047500,해당없음,규칙기반 자동분류(제목·요약 낱말 대조)
2026-07-26,(전체·공통),전국·공통,행정,기타,"계속되는 역사 전쟁… 트럼프 ""박물관 앞에 '부정확' 표지판 걸어라""",hankookilbo.com,https://www.hankookilbo.com/news/article/A2026072611490002610?did=NA,해당없음,규칙기반 자동분류(제목·요약 낱말 대조)
2026-07-25,금정산,부산·경남,행정,인사·조직,"고승유묵과 고려 청자발우, 범어사에서 만난다",ibulgyo.com,http://www.ibulgyo.com/news/articleView.html?idxno=440560,요약,규칙기반 자동분류(제목·요약 낱말 대조)
2026-07-25,(전체·공통),전국·공통,행정,기타,[패트롤] 구리시-남양주시-안양시-양평군-하남시,ekn.kr,https://www.ekn.kr/web/view.php?key=20260725029376131,해당없음,규칙기반 자동분류(제목·요약 낱말 대조)
2026-07-25,(전체·공통),전국·공통,행정,연구·용역,"트럼프, 스미소니언 미국사박물관 앞에 ""전시 오류"" 안내판 설치 지시",newsis.com,https://www.newsis.com/view/NISX20260725_0003722990,해당없음,규칙기반 자동분류(제목·요약 낱말 대조)
2026-07-24,주왕산,경북,행정,지정·구역,청송 자연 속에서 힐링과 여유를 만끽하는 가볼 만한 곳 추천,cbci.co.kr,https://www.cbci.co.kr/news/articleView.html?idxno=591612,요약,규칙기반 자동분류(제목·요약 낱말 대조)
2026-07-24,주왕산,경북,행정,인사·조직,[전문가 칼럼] 국립공원이 주는 축복과 혜택,edaily.co.kr,https://www.edaily.co.kr/news/newspath.asp?newsid=03975366645517800,요약,규칙기반 자동분류(제목·요약 낱말 대조)
2026-07-24,북한산,서울·경기,행정,인사·조직,"은평구 '갈현1구역' 재개발 정비계획변경 고시, 4467가구로",hankyung.com,https://www.hankyung.com/article/202607243956i,요약,규칙기반 자동분류(제목·요약 낱말 대조)
2026-07-24,(전체·공통),전국·공통,행정,인사·조직,"국립공원공단 이사장 만난 김주영 의원 ""조직 개편 멈춰 다행""",safetynews.co.kr,https://www.safetynews.co.kr/news/articleView.html?idxno=249717,해당없음,규칙기반 자동분류(제목·요약 낱말 대조)
2026-07-24,(전체·공통),전국·공통,행정,기타,"'전북자치도의회' 제95호 발간 ""13대 출범과 의정 비전 담아""",newsis.com,https://www.newsis.com/view/NISX20260724_0003722481,해당없음,규칙기반 자동분류(제목·요약 낱말 대조)
2026-07-24,(전체·공통),전국·공통,행정,기타,"익수사고 사망분율 30.5%…질병청, 어린이·고령층 안전관리 당부",idsn.co.kr,https://idsn.co.kr/news/view/1065576947312432,해당없음,규칙기반 자동분류(제목·요약 낱말 대조)
2026-07-24,(전체·공통),전국·공통,행정,기타,“서구 문명 수호” vs “철 지난 색깔론”… 트럼프의 이념-문화전쟁,donga.com,https://www.donga.com/news/Society/article/all/20260724/134354901/2,해당없음,규칙기반 자동분류(제목·요약 낱말 대조)
2026-07-23,한라산,제주,행정,의회·국정감사,백록담 들어가 물 떠먹고 SNS에 자랑...한라산 불법행위 특별 단속,chosun.com,https://www.chosun.com/national/regional/2026/07/23/53SLDPITUBCRPMZ3UK3XHQT3XM/?utm_source=naver&utm_medium=referral&utm_campaign=naver-news,제목,규칙기반 자동분류(제목·요약 낱말 대조)
2026-07-23,가야산,경북·경남,행정,인사·조직,팔만대장경 가치 '반달이'가 알린다,idaegu.co.kr,https://www.idaegu.co.kr/news/articleView.html?idxno=554748,요약,규칙기반 자동분류(제목·요약 낱말 대조)
2026-07-23,북한산,서울·경기,행정,인사·조직,북한산 삼천지구 정비·복원사업 진행 상황 점검하는 김성환 장관,newspim.com,https://www.newspim.com/news/view/20260723000670,제목,규칙기반 자동분류(제목·요약 낱말 대조)
2026-07-23,북한산,서울·경기,행정,인사·조직,북한산 삼천지구 정비·복원사업 현장 찾은 김성환 장관,newspim.com,https://www.newspim.com/news/view/20260723000673,제목,규칙기반 자동분류(제목·요약 낱말 대조)
2026-07-23,북한산,서울·경기,행정,인사·조직,북한산 삼천지구 정비·복원사업 현장 점검 나선 김성환 장관,newspim.com,https://www.newspim.com/news/view/20260723000675,제목,규칙기반 자동분류(제목·요약 낱말 대조)
2026-07-23,북한산,서울·경기,행정,인사·조직,"김성환 장관, 북한산 삼천지구 정비·복원사업 현장 점검",newspim.com,https://www.newspim.com/news/view/20260723000668,제목,규칙기반 자동분류(제목·요약 낱말 대조)
2026-07-23,북한산,서울·경기,행정,인사·조직,"김성환 장관, 북한산국립공원 삼천지구 정비·복원 사업 진행 상황 점검",newsis.com,https://www.newsis.com/view/NISI20260723_0021374348,제목,규칙기반 자동분류(제목·요약 낱말 대조)
2026-07-23,경주,경북 경주,행정,기타,국립공원공단 '여름철 맞춤 지질공원' 6곳 추천...의성 빙계계곡·경주...,idaegu.co.kr,https://www.idaegu.co.kr/news/articleView.html?idxno=554783,제목,규칙기반 자동분류(제목·요약 낱말 대조)
2026-07-23,(전체·공통),전국·공통,행정,인사·조직,"""고양이 꼬리에 저게 뭐지""…이탈리아 산불 현장서 포착된 섬뜩한 정황",mt.co.kr,https://www.mt.co.kr/world/2026/07/23/2026072309092357170,해당없음,규칙기반 자동분류(제목·요약 낱말 대조)
2026-07-23,(전체·공통),전국·공통,행정,기타,7월 23일 오늘의 안전 상황,fpn119.co.kr,http://fpn119.co.kr/254236,해당없음,규칙기반 자동분류(제목·요약 낱말 대조)
2026-07-22,가야산,경북·경남,행정,인사·조직,합천 해인사 '팔만대장경 반달이' 캐릭터 출시,idomin.com,https://www.idomin.com/news/articleView.html?idxno=2010660,요약,규칙기반 자동분류(제목·요약 낱말 대조)
2026-07-22,가야산,경북·경남,행정,인사·조직,UNESCO 세계유산위원회 사로잡을 '팔만대장경 반달이',newsgn.com,https://www.newsgn.com/news/articleView.html?idxno=563584,요약,규칙기반 자동분류(제목·요약 낱말 대조)
2026-07-22,가야산,경북·경남,행정,인사·조직,"가야산국립공원사무소와 해인사, 대장경·반달이 캐릭터 상품 출시",newsis.com,https://www.newsis.com/view/NISX20260722_0003718312,제목,규칙기반 자동분류(제목·요약 낱말 대조)
2026-07-22,주왕산,경북,행정,기타,"주왕산국립공원, '숲 속 피크닉 존' 운영 시작",dkilbo.com,https://www.dkilbo.com/news/articleView.html?idxno=549362,제목,규칙기반 자동분류(제목·요약 낱말 대조)
2026-07-22,소백산,충북·경북,행정,법령·제도,"소백산국립공원, 여름철 계곡 불법행위 집중단속 실시",dkilbo.com,https://www.dkilbo.com/news/articleView.html?idxno=549372,제목,규칙기반 자동분류(제목·요약 낱말 대조)
2026-07-22,소백산,충북·경북,행정,법령·제도,"소백산국립공원, 여름 계곡 불법행위 집중 단속 돌입",kyongbuk.co.kr,https://www.kyongbuk.co.kr/news/articleView.html?idxno=4078998,제목,규칙기반 자동분류(제목·요약 낱말 대조)
2026-07-22,소백산,충북·경북,행정,법령·제도,"소백산국립공원, 9월 6일까지 여름철 계곡 불법행위 집중단속",newsis.com,https://www.newsis.com/view/NISX20260722_0003718292,제목,규칙기반 자동분류(제목·요약 낱말 대조)
2026-07-22,속리산,충북·경북,행정,기타,"사찰림, 치유의 숲으로 거듭난다",hyunbulnews.com,https://www.hyunbulnews.com/news/articleView.html?idxno=504442,요약,규칙기반 자동분류(제목·요약 낱말 대조)
2026-07-22,(전체·공통),전국·공통,행정,기타,"국립공원공단, '여름철 맞춤형 지질공원' 6곳 추천",ikld.kr,http://www.ikld.kr/news/articleView.html?idxno=337943,해당없음,규칙기반 자동분류(제목·요약 낱말 대조)
2026-07-22,(전체·공통),전국·공통,행정,기타,"[포토뉴스]국립공원공단, 여름철 더위를 피할 '지질명소' 6곳 공개",news.bbsi.co.kr,https://news.bbsi.co.kr/news/articleView.html?idxno=4096476,해당없음,규칙기반 자동분류(제목·요약 낱말 대조)
2026-07-22,(전체·공통),전국·공통,행정,기타,공공기관의 배신…정부 지침 벗어나 주담대 실행,hansbiz.co.kr,http://www.hansbiz.co.kr/news/articleView.html?idxno=851795,해당없음,규칙기반 자동분류(제목·요약 낱말 대조)
2026-07-22,(전체·공통),전국·공통,행정,기타,국민엔 대출규제·공공기관엔 특혜 허용… 공공기관 22곳 사내대출 기준...,m.skyedaily.com,https://m.skyedaily.com/news_view.html?ID=308356,해당없음,규칙기반 자동분류(제목·요약 낱말 대조)
2026-07-22,(전체·공통),전국·공통,행정,의회·국정감사,"송언석 의원 ""공공기관 22곳, 주택대출 기준 위반…1020억원 운영 특혜 ...",pointdaily.co.kr,https://www.pointdaily.co.kr/news/articleView.html?idxno=312769,해당없음,규칙기반 자동분류(제목·요약 낱말 대조)
2026-07-22,(전체·공통),전국·공통,행정,기타,"국립공원공단, 지질명소 6곳 공개 … ""더위도 피하고 지구 역사도 배우...",metroseoul.co.kr,http://www.metroseoul.co.kr/article/20260722500319,해당없음,규칙기반 자동분류(제목·요약 낱말 대조)
2026-07-22,(전체·공통),전국·공통,행정,의회·국정감사,"송언석 의원, 공공기관 22곳 사내대출 정부 지침 위반 지적… 1인당 최대...",ilyoseoul.co.kr,https://www.ilyoseoul.co.kr/news/articleView.html?idxno=520146,해당없음,규칙기반 자동분류(제목·요약 낱말 대조)
2026-07-22,(전체·공통),전국·공통,행정,기타,공공기관 22곳 사내대출 기준 위반,hidomin.com,https://www.hidomin.com/news/articleView.html?idxno=714232,해당없음,규칙기반 자동분류(제목·요약 낱말 대조)
2026-07-22,(전체·공통),전국·공통,행정,인사·조직,"공공기관 22곳, 정부 지침 어기고 임직원에 과도한 사내 주택자금 대출",newscape.co.kr,http://www.newscape.co.kr/news/articleView.html?idxno=123469,해당없음,규칙기반 자동분류(제목·요약 낱말 대조)
2026-07-22,(전체·공통),전국·공통,행정,인사·조직,"피서도 하고, 지질 역사도 배울 수 있는 곳 추천",womentimes.co.kr,https://www.womentimes.co.kr/news/articleView.html?idxno=104571,해당없음,규칙기반 자동분류(제목·요약 낱말 대조)
2026-07-22,(전체·공통),전국·공통,행정,기타,화암동굴·만장굴·주상절리…휴가철 지질명소 6곳,nc.press,https://www.nc.press/news/articleView.html?idxno=621407,해당없음,규칙기반 자동분류(제목·요약 낱말 대조)
2026-07-22,(전체·공통),전국·공통,행정,기타,"얼음골부터 용암동굴까지…한여름에도 서늘한 자연, 지질 명소 6곳",hani.co.kr,https://www.hani.co.kr/arti/society/environment/1269389.html,해당없음,규칙기반 자동분류(제목·요약 낱말 대조)
2026-07-22,경주,경북 경주,행정,기타,찬 바람 부는 계곡부터 용암동굴까지…여름 지질명소 6곳 선정,dailian.co.kr,https://www.dailian.co.kr/news/view/1669374/?sc=Naver,요약,규칙기반 자동분류(제목·요약 낱말 대조)
2026-07-22,(전체·공통),전국·공통,행정,인사·조직,더위도 피하고 지구 역사도 배운다,bosa.co.kr,https://www.bosa.co.kr/news/articleView.html?idxno=3008753,해당없음,규칙기반 자동분류(제목·요약 낱말 대조)
2026-07-22,(전체·공통),전국·공통,행정,기타,환경·지질관광 동시에…'여름 맞춤형 지질공원' 6곳 추천,newsis.com,https://www.newsis.com/view/NISX20260722_0003717951,해당없음,규칙기반 자동분류(제목·요약 낱말 대조)
2026-07-22,(전체·공통),전국·공통,행정,기타,"DSR 비켜간 사내대출 671억...""공공기관 22곳 사내대출 기준 위반""",joseilbo.com,http://www.joseilbo.com/news/news_read.php?uid=572368&class=32&grp=,해당없음,규칙기반 자동분류(제목·요약 낱말 대조)
2026-07-22,(전체·공통),전국·공통,행정,기타,"정부 지침은 휴지조각? 공공기관 22곳, 사내대출 특혜 운영",dailyt.co.kr,https://www.dailyt.co.kr/newsView/dlt202607220006,해당없음,규칙기반 자동분류(제목·요약 낱말 대조)
2026-07-22,(전체·공통),전국·공통,행정,의회·국정감사,"[뉴스워커_송언석 의원] ""22개 공공기관, 사내 주택대출 정부 지침 위반...",newsworker.co.kr,http://www.newsworker.co.kr/news/articleView.html?idxno=437547,해당없음,규칙기반 자동분류(제목·요약 낱말 대조)
2026-07-22,(전체·공통),전국·공통,행정,연구·용역,"주담대 상단 7.5% 넘었는데…공공기관 22곳, 2%대 사내 주담대 운영",news1.kr,https://www.news1.kr/local/daegu-gyeongbuk/6235168,해당없음,규칙기반 자동분류(제목·요약 낱말 대조)
2026-07-22,(전체·공통),전국·공통,행정,기타,"공공기관 22곳, 정부 기준 초과 671억 대출 적발",sisafocus.co.kr,http://www.sisafocus.co.kr/news/articleView.html?idxno=362838,해당없음,규칙기반 자동분류(제목·요약 낱말 대조)
2026-07-22,(전체·공통),전국·공통,행정,기타,공공기관도 버젓이 사내 주택대출…초저리·무이자로 1천억 넘었다,nocutnews.co.kr,https://www.nocutnews.co.kr/news/6551460?utm_source=naver&utm_medium=article&utm_campaign=20260722105358,해당없음,규칙기반 자동분류(제목·요약 낱말 대조)
2026-07-22,(전체·공통),전국·공통,행정,의회·국정감사,"송언석 의원, 공공기관 22곳 사내대출 기준 위반 정부 지침 '있으나 마나...",intn.co.kr,http://www.intn.co.kr/news/articleView.html?idxno=2052090,해당없음,규칙기반 자동분류(제목·요약 낱말 대조)
2026-07-22,(전체·공통),전국·공통,행정,인사·조직,"서민 주거안정 위한 기관인 HUG·한국부동산원, 직원 사내대출 기준 위...",munhwa.com,https://www.munhwa.com/article/11604125?ref=naver,해당없음,규칙기반 자동분류(제목·요약 낱말 대조)
2026-07-22,(전체·공통),전국·공통,행정,의회·국정감사,"송언석 의원, ""공공기관 22곳, 사내 주택대출 정부지침 위반""…무이자·...",updownnews.co.kr,http://www.updownnews.co.kr/news/articleView.html?idxno=318061,해당없음,규칙기반 자동분류(제목·요약 낱말 대조)
2026-07-22,(전체·공통),전국·공통,행정,기타,"""무이자 대출도"" 2억원 대출에 이자는?…공공기관 사내대출 한도초과",edaily.co.kr,https://www.edaily.co.kr/news/newspath.asp?newsid=03099606645517144,해당없음,규칙기반 자동분류(제목·요약 낱말 대조)
2026-07-22,(전체·공통),전국·공통,행정,연구·용역,"공공기관 22곳 ‘사내 주택대출’, 정부지침 위반…송언석 “국민은 대...",biz.heraldcorp.com,https://biz.heraldcorp.com/article/10815774?ref=naver,해당없음,규칙기반 자동분류(제목·요약 낱말 대조)
2026-07-22,(전체·공통),전국·공통,행정,기타,공공기관 22곳 사내대출 기준 위반 정부 지침 '있으나 마나',pinpointnews.co.kr,https://www.pinpointnews.co.kr/news/articleView.html?idxno=470326,해당없음,규칙기반 자동분류(제목·요약 낱말 대조)
2026-07-22,(전체·공통),전국·공통,행정,기타,[단독] 信保 최대 2억1000만원·HUG 2억원… 공공기관 사내 대출 규제 ‘...,chosun.com,https://www.chosun.com/economy/economy_general/2026/07/22/XQLPGZWWIRBXLACRVQC5LCD6N4/?utm_source=naver&utm_medium=referral&utm_campaign=naver-news,해당없음,규칙기반 자동분류(제목·요약 낱말 대조)
2026-07-22,(전체·공통),전국·공통,행정,기타,"""미국 여행, 앞으로 10년이 황금기""…미국관광청, 월드컵부터 LA올림픽까...",tournews21.com,https://www.tournews21.com/news/articleView.html?idxno=139114,해당없음,규칙기반 자동분류(제목·요약 낱말 대조)
2026-07-22,북한산,서울·경기,행정,기타,7월 22일 오늘의 안전 상황,fpn119.co.kr,http://fpn119.co.kr/254167,요약,규칙기반 자동분류(제목·요약 낱말 대조)
2026-07-22,(전체·공통),전국·공통,행정,의회·국정감사,혐오가 빚은 외로운 늑대에… 방탄조끼 입는 ‘민주주의 고향’[글로벌...,seoul.co.kr,https://www.seoul.co.kr/news/international/insight-global/2026/07/22/20260722012001?wlog_tag3=naver,해당없음,규칙기반 자동분류(제목·요약 낱말 대조)
2026-07-21,가야산,경북·경남,행정,예산·재정,국비사업 했더니 유지비 폭탄…자립도 낮은 농촌지자체 딜레마,yeongnam.com,https://www.yeongnam.com/web/view.php?key=20260721025597316,요약,규칙기반 자동분류(제목·요약 낱말 대조)
2026-07-21,가야산,경북·경남,행정,인사·조직,"합천 가야산국립공원사무소와 법보종찰 해인사, '정대불사' 착안 캐릭터...",gndomin.com,http://www.gndomin.com/news/articleView.html?idxno=482754,제목,규칙기반 자동분류(제목·요약 낱말 대조)
2026-07-21,(전체·공통),전국·공통,행정,기타,[단독]신보 최대 2.1억원·HUG 2억원 사내대출…공공기관 22곳 정부 지침...,chosun.com,https://www.chosun.com/economy/economy_general/2026/07/21/AS2FETZTYBENHANP6NJWFGAP5Q/?utm_source=naver&utm_medium=referral&utm_campaign=naver-news,해당없음,규칙기반 자동분류(제목·요약 낱말 대조)
2026-07-21,(전체·공통),전국·공통,행정,인사·조직,"프레드 딕슨 미국관광청장 ""상반기 한국인 63만 명 방미·올해 154만 명""...",ttlnews.com,http://www.ttlnews.com/news/articleView.html?idxno=3127344,해당없음,규칙기반 자동분류(제목·요약 낱말 대조)
2026-07-21,(전체·공통),전국·공통,행정,기타,'쉼을 찾는 청년들' 전북 관광 새 트렌드로,jeollailbo.com,http://www.jeollailbo.com/news/articleView.html?idxno=805926,해당없음,규칙기반 자동분류(제목·요약 낱말 대조)
2026-07-20,계룡산,대전·충남,행정,지정·구역,"계룡시, 민선9기 기관·단체 방문 마무리...시민과 함께하는 소통행정 ...",jeonmae.co.kr,https://www.jeonmae.co.kr/news/articleView.html?idxno=1276039,요약,규칙기반 자동분류(제목·요약 낱말 대조)
2026-07-20,계룡산,대전·충남,행정,지정·구역,"""시민 곁에서 답을 찾다""… 이응우 계룡시장, 민선9기 '현장 소통행정'...",tournews21.com,https://www.tournews21.com/news/articleView.html?idxno=138860,요약,규칙기반 자동분류(제목·요약 낱말 대조)
2026-07-20,소백산,충북·경북,행정,협약·협력,구조요청조차 어렵던 영주 고치령 '이제 전파 터질 듯',news.lghellovision.net,http://news.lghellovision.net/news/articleView.html?idxno=548820,요약,규칙기반 자동분류(제목·요약 낱말 대조)
2026-07-20,금정산,부산·경남,행정,지정·구역,"부산관광공사, 서울썸머비치서 부산 여행 매력 알린다…8월 9일까지 팝...",newstown.co.kr,http://www.newstown.co.kr/news/articleView.html?idxno=709598,요약,규칙기반 자동분류(제목·요약 낱말 대조)
2026-07-20,금정산,부산·경남,행정,지정·구역,"부산관광공사, 서울썸머비치서 '비짓부산' 팝업 운영…""수도권 관광객 ...",gukjenews.com,https://www.gukjenews.com/news/articleView.html?idxno=3640259,요약,규칙기반 자동분류(제목·요약 낱말 대조)
2026-07-20,금정산,부산·경남,행정,지정·구역,"""부산의 매력을 느껴봐""…서울 광화문서 '비짓부산' 팝업 운영",news1.kr,https://www.news1.kr/local/busan-gyeongnam/6232534,요약,규칙기반 자동분류(제목·요약 낱말 대조)
2026-07-20,금정산,부산·경남,행정,지정·구역,광화문에 ‘광안리 해변’ 펼쳤다…서울 한복판서 부산 여행 유혹,munhwa.com,https://www.munhwa.com/article/11603535?ref=naver,요약,규칙기반 자동분류(제목·요약 낱말 대조)
2026-07-20,(전체·공통),전국·공통,행정,인사·조직,국립공원 '반달스님·반달동자스님 굿즈' 인정받았다,bulkyo21.com,http://www.bulkyo21.com/news/articleView.html?idxno=64609,해당없음,규칙기반 자동분류(제목·요약 낱말 대조)
2026-07-20,(전체·공통),전국·공통,행정,인사·조직,[인사] 부산시,jeonmae.co.kr,https://www.jeonmae.co.kr/news/articleView.html?idxno=1275744,해당없음,규칙기반 자동분류(제목·요약 낱말 대조)
2026-07-20,(전체·공통),전국·공통,행정,법령·제도,연준 잭슨홀 회의 내달 27~29일…워시 28일 연설,news.einfomax.co.kr,https://news.einfomax.co.kr/news/articleView.html?idxno=4425823,해당없음,규칙기반 자동분류(제목·요약 낱말 대조)
2026-07-20,(전체·공통),전국·공통,행정,법령·제도,각종 규제 완화로 국민 삶과 한결 가까워진 불교,ibulgyo.com,http://www.ibulgyo.com/news/articleView.html?idxno=440327,해당없음,규칙기반 자동분류(제목·요약 낱말 대조)
2026-07-20,(전체·공통),전국·공통,행정,연구·용역,"[김성재 칼럼] SK 하이닉스, 죽을 고비 넘기고 '저평가' 황금오리로",womaneconomy.co.kr,https://www.womaneconomy.co.kr/news/articleView.html?idxno=256307,해당없음,규칙기반 자동분류(제목·요약 낱말 대조)
2026-07-19,한라산,제주,행정,기타,한라산 산악박물관 새 이름 찾는다,kmib.co.kr,https://www.kmib.co.kr/article/view.asp?arcid=0030131082&code=61121111&cp=nv,제목,규칙기반 자동분류(제목·요약 낱말 대조)
2026-07-19,한라산,제주,행정,기타,“한라산 산악박물관 새 이름 찾아요”···새 명칭 공모,khan.co.kr,https://www.khan.co.kr/article/202607191011001,제목,규칙기반 자동분류(제목·요약 낱말 대조)
2026-07-19,(전체·공통),전국·공통,행정,협약·협력,"남동발전, 국립공원공단과 감사 전문성 높인다",gnnews.co.kr,https://www.gnnews.co.kr/news/articleView.html?idxno=641328,해당없음,규칙기반 자동분류(제목·요약 낱말 대조)
2026-07-19,(전체·공통),전국·공통,행정,협약·협력,"한국남동발전-국립공원공단, 감사 전문성 제고 및 내부통제 강화를 위한...",newsgn.com,https://www.newsgn.com/news/articleView.html?idxno=562877,해당없음,규칙기반 자동분류(제목·요약 낱말 대조)
2026-07-19,(전체·공통),전국·공통,행정,법령·제도,세븐틴도 다녀갔네…비행 시간 짧은 에메랄드빛 낙원,mk.co.kr,https://www.mk.co.kr/article/12101693,해당없음,규칙기반 자동분류(제목·요약 낱말 대조)
2026-07-18,태안해안,충남 태안,행정,지정·구역,"태안의 숨겨진 보석, 여름에 만끽하는 자연 명소 가볼 만한 곳",cbci.co.kr,https://www.cbci.co.kr/news/articleView.html?idxno=589758,요약,규칙기반 자동분류(제목·요약 낱말 대조)
2026-07-18,(전체·공통),전국·공통,행정,기타,국립공원공단 굿즈 '대한민국 토이어워드' 최우수상,news1.kr,https://www.news1.kr/local/kangwon/6231671,해당없음,규칙기반 자동분류(제목·요약 낱말 대조)
2026-07-17,계룡산,대전·충남,행정,지정·구역,"계룡시, 40개 기관 현장 목소리 청취... 시민 체감형 정책 전환",newsworker.co.kr,http://www.newsworker.co.kr/news/articleView.html?idxno=437032,요약,규칙기반 자동분류(제목·요약 낱말 대조)
2026-07-17,계룡산,대전·충남,행정,지정·구역,40개 기관·단체 누빈 이응우 시장…민선9기 소통행정 시동,ccdailynews.com,https://www.ccdailynews.com/news/articleView.html?idxno=2428588,요약,규칙기반 자동분류(제목·요약 낱말 대조)
2026-07-17,(전체·공통),전국·공통,행정,기타,"윤호중 장관, 연휴 기간 집중 호우 대비 관계기관 긴급회의 개최",public25.com,https://www.public25.com/news/articleView.html?idxno=50889,해당없음,규칙기반 자동분류(제목·요약 낱말 대조)
2026-07-17,(전체·공통),전국·공통,행정,기타,"중부, 주말 300㎜ 이상 퍼붓는다…""중대본 선제 가동""",news1.kr,https://www.news1.kr/local/moi/6231344,해당없음,규칙기반 자동분류(제목·요약 낱말 대조)
2026-07-17,(전체·공통),전국·공통,행정,인사·조직,[인사] 부산시 (5급),gukjenews.com,https://www.gukjenews.com/news/articleView.html?idxno=3638788,해당없음,규칙기반 자동분류(제목·요약 낱말 대조)
2026-07-17,(전체·공통),전국·공통,행정,협약·협력,[포토] '한국남동발전-국립공원공단 감사업무 협약식',newscj.com,https://www.newscj.com/news/articleView.html?idxno=3417767,해당없음,규칙기반 자동분류(제목·요약 낱말 대조)
2026-07-16,계룡산,대전·충남,행정,지정·구역,"계룡시, 시민과 함께하는 소통행정 본격 추진",gocj.net,http://www.gocj.net/news/articleView.html?idxno=150253,요약,규칙기반 자동분류(제목·요약 낱말 대조)
2026-07-16,계룡산,대전·충남,행정,지정·구역,"계룡시, 민선9기 기관·단체 40곳 방문...소통행정 본격 추진",goodmorningcc.com,https://www.goodmorningcc.com/news/articleView.html?idxno=449088,요약,규칙기반 자동분류(제목·요약 낱말 대조)
2026-07-16,계룡산,대전·충남,행정,인사·조직,"계룡산 동학사, 참된 나를 만나는 '명상의 숲' 개원",ibulgyo.com,http://www.ibulgyo.com/news/articleView.html?idxno=440208,제목,규칙기반 자동분류(제목·요약 낱말 대조)
2026-07-16,계룡산,대전·충남,행정,인사·조직,공주 동학사 '명상의 숲' 개원‥치유와 휴식처로,btnnews.tv,https://www.btnnews.tv/news/articleView.html?idxno=90878,요약,규칙기반 자동분류(제목·요약 낱말 대조)
2026-07-16,한라산,제주,행정,의회·국정감사,"“정상 올라가 용변, 백록담 물 떠 마시고 인증샷”…한라산 몸살",joongang.co.kr,https://www.joongang.co.kr/article/25445648,제목,규칙기반 자동분류(제목·요약 낱말 대조)
2026-07-16,한라산,제주,행정,기타,10월 재개관 한라산 산악박물관 새 이름 공모…22~24일 접수,news1.kr,https://www.news1.kr/local/jeju/6230167,제목,규칙기반 자동분류(제목·요약 낱말 대조)
2026-07-16,한라산,제주,행정,기타,한라산 산악박물관 '새 이름' 공모…1인당 1건씩 신청,news.bbsi.co.kr,https://news.bbsi.co.kr/news/articleView.html?idxno=4095449,제목,규칙기반 자동분류(제목·요약 낱말 대조)
2026-07-16,한라산,제주,행정,기타,한라산국립공원 산악박물관 새 명칭 공모,jejudomin.co.kr,https://www.jejudomin.co.kr/news/articleView.html?idxno=320678,제목,규칙기반 자동분류(제목·요약 낱말 대조)
2026-07-16,한라산,제주,행정,기타,한라산국립공원 산악박물관 이름 지어주세요…명칭공모,newsis.com,https://www.newsis.com/view/NISX20260716_0003711826,제목,규칙기반 자동분류(제목·요약 낱말 대조)
2026-07-16,한라산,제주,행정,기타,한라산국립공원 박물관 확장 코 앞 ... 새로운 명칭 공모 나선다,mediajeju.com,https://www.mediajeju.com/news/articleView.html?idxno=365232,제목,규칙기반 자동분류(제목·요약 낱말 대조)
2026-07-16,한라산,제주,행정,기타,제주 한라산 산악박물관 새 이름 찾는다…전 국민 공모,yna.co.kr,https://www.yna.co.kr/view/AKR20260716060300056?input=1195m,제목,규칙기반 자동분류(제목·요약 낱말 대조)
2026-07-16,내장산,전북·전남,행정,인사·조직,"한경동 정읍 내장산국립공원 관리소, 정읍시 프레스룸 기자간담회",joongdo.co.kr,https://www.joongdo.co.kr/web/view.php?key=20260716010004751,제목,규칙기반 자동분류(제목·요약 낱말 대조)
2026-07-16,내장산,전북·전남,행정,인사·조직,"한경동 내장산국립공원사무소장 ""내장산 가치, 보존에서 시작…지역사...",asiatoday.co.kr,https://www.asiatoday.co.kr/kn/view.php?key=20260716010006122,제목,규칙기반 자동분류(제목·요약 낱말 대조)
2026-07-16,소백산,충북·경북,행정,협약·협력,영주 고치령 '통신 사각지대' 없앤다,idaegu.co.kr,https://www.idaegu.co.kr/news/articleView.html?idxno=554119,요약,규칙기반 자동분류(제목·요약 낱말 대조)
2026-07-16,소백산,충북·경북,행정,협약·협력,"영주시, 고치령 통신망 구축·민원 3심제 도입… 안전과 책임행정 동시...",tk.newdaily.co.kr,https://tk.newdaily.co.kr/site/data/html/2026/07/16/2026071600077.html,요약,규칙기반 자동분류(제목·요약 낱말 대조)
2026-07-16,소백산,충북·경북,행정,협약·협력,"경북 영주시, 고치령 통신망 구축, 안전망 강화의 시작",viva100.com,https://www.viva100.com/article/20260716500116,요약,규칙기반 자동분류(제목·요약 낱말 대조)
2026-07-16,(전체·공통),전국·공통,행정,협약·협력,"한국남동발전-국립공원공단, ESG·안전·부패방지 고도화 나선다",breaknews.com,http://www.breaknews.com/1222389,해당없음,규칙기반 자동분류(제목·요약 낱말 대조)
2026-07-16,(전체·공통),전국·공통,행정,기타,"반달스님·반달동자스님, 대한민국 토이어워드 최우수상",btnnews.tv,https://www.btnnews.tv/news/articleView.html?idxno=90893,해당없음,규칙기반 자동분류(제목·요약 낱말 대조)
2026-07-16,(전체·공통),전국·공통,행정,인사·조직,[오늘의 인사 : 7월 16일] KBS·오늘경제·서울대병원·연세대학교 의료...,news2day.co.kr,https://www.news2day.co.kr/article/20260716500222,해당없음,규칙기반 자동분류(제목·요약 낱말 대조)
2026-07-16,(전체·공통),전국·공통,행정,인사·조직,"한국남동발전-국립공원공단, 감사 전문성 제고 및 내부통제 강화 위한 ...",viva100.com,https://www.viva100.com/article/20260716500812,해당없음,규칙기반 자동분류(제목·요약 낱말 대조)
2026-07-16,(전체·공통),전국·공통,행정,인사·조직,"[인사] 의정부시, 부산시, 충남 당진시 외",businesspost.co.kr,https://www.businesspost.co.kr/BP?command=article_view&num=442542,해당없음,규칙기반 자동분류(제목·요약 낱말 대조)
2026-07-16,(전체·공통),전국·공통,행정,인사·조직,"조계종·국립공원 콜라보 '반달스님', 토이어워드 최우수상 수상",ibulgyo.com,http://www.ibulgyo.com/news/articleView.html?idxno=440272,해당없음,규칙기반 자동분류(제목·요약 낱말 대조)
2026-07-16,(전체·공통),전국·공통,행정,협약·협력,"국립공원공단·한국남동발전, 감사 전문성 강화 '맞손'",yna.co.kr,https://www.yna.co.kr/view/AKR20260716170100062?input=1195m,해당없음,규칙기반 자동분류(제목·요약 낱말 대조)
2026-07-16,(전체·공통),전국·공통,행정,인사·조직,"'반달스님' 국립공원 굿즈, 토이어워드 최우수상",beopbo.com,https://www.beopbo.com/news/articleView.html?idxno=336632,해당없음,규칙기반 자동분류(제목·요약 낱말 대조)
2026-07-16,(전체·공통),전국·공통,행정,기타,다양한 국립공원공단 캐릭터 상품,news1.kr,https://www.news1.kr/photos/8012589,해당없음,규칙기반 자동분류(제목·요약 낱말 대조)
2026-07-16,(전체·공통),전국·공통,행정,인사·조직,"국립공원 '반달 스님', 토이어워드 최우수상 수상",hyunbulnews.com,https://www.hyunbulnews.com/news/articleView.html?idxno=504317,해당없음,규칙기반 자동분류(제목·요약 낱말 대조)
2026-07-16,(전체·공통),전국·공통,행정,법령·제도,"트럼프정부, 조지 워싱턴 생가 기념관서 노예제도 관련 전시물 ""야간 철...",newsis.com,https://www.newsis.com/view/NISX20260716_0003711636,해당없음,규칙기반 자동분류(제목·요약 낱말 대조)
2026-07-16,(전체·공통),전국·공통,행정,지정·구역,"[칼럼] 백운산 국립공원 지정, 박성현 시장·이기연 의장 역활 '시험대'",daily.hankooki.com,https://daily.hankooki.com/news/articleView.html?idxno=1386546,해당없음,규칙기반 자동분류(제목·요약 낱말 대조)
2026-07-16,(전체·공통),전국·공통,행정,지정·구역,"광양시민단체, 백운산 무상사용 종료 대응 촉구...1인 시위",newspim.com,https://www.newspim.com/news/view/20260715001321,해당없음,규칙기반 자동분류(제목·요약 낱말 대조)
2026-07-15,속리산,충북·경북,행정,협약·협력,"속리산국립공원사무소, 청소년수련마을 보람원 자원봉사 활성화를 위한...",dynews.co.kr,https://www.dynews.co.kr/news/articleView.html?idxno=858129,제목,규칙기반 자동분류(제목·요약 낱말 대조)
2026-07-15,금정산,부산·경남,행정,지정·구역,국립공원 산악 마라톤 제한 금정산 등 전국 확대…“과도한 규제” 비판...,busan.com,https://www.busan.com/view/busan/view.php?code=2026071211124911570,제목,규칙기반 자동분류(제목·요약 낱말 대조)
2026-07-15,소백산,충북·경북,행정,협약·협력,"[경북 브리핑 모음(7월 15일)] 경북도, 연구장비 공동활용 확대…지역기...",dnews.co.kr,https://www.dnews.co.kr/uhtml/view.jsp?idxno=202607150815510030197,요약,규칙기반 자동분류(제목·요약 낱말 대조)
2026-07-15,소백산,충북·경북,행정,협약·협력,영주 고치령 ‘통신 사각지대’ 없앤다…10월까지 기지국 2곳 설치,yeongnam.com,https://www.yeongnam.com/web/view.php?key=20260715024596215,요약,규칙기반 자동분류(제목·요약 낱말 대조)
2026-07-15,소백산,충북·경북,행정,협약·협력,'먹통' 소백산 고치령에 이동통신망 구축 시동,newsis.com,https://www.newsis.com/view/NISI20260715_0002187886,제목,규칙기반 자동분류(제목·요약 낱말 대조)
2026-07-15,소백산,충북·경북,행정,협약·협력,"영주시, 소백산 고치령 통신 사각지대 없앤다…이동통신 인프라 구축 협...",eroun.net,https://www.eroun.net/news/articleView.html?idxno=85457,제목,규칙기반 자동분류(제목·요약 낱말 대조)
2026-07-15,소백산,충북·경북,행정,협약·협력,"'전화 한 통 안 되던 고치령' 통신 사각지대 해소, 생명을 지키는 안전...",hidomin.com,https://www.hidomin.com/news/articleView.html?idxno=713414,요약,규칙기반 자동분류(제목·요약 낱말 대조)
2026-07-15,소백산,충북·경북,행정,협약·협력,"소백산 고치령, 통신 사각지대 벗는다…10월까지 재난안전망 구축",news.tf.co.kr,https://news.tf.co.kr/read/national/2343772.htm,제목,규칙기반 자동분류(제목·요약 낱말 대조)
2026-07-15,소백산,충북·경북,행정,협약·협력,"영주시, 고치령 통신 사각지대 없앤다…재난안전망 구축 본격 시동",imaeil.com,https://www.imaeil.com/page/view/2026071511194266534,요약,규칙기반 자동분류(제목·요약 낱말 대조)
2026-07-15,소백산,충북·경북,행정,예산·재정,"[영주 24시] 영주시, 의료·요양 통합돌봄 확대…생활밀착 서비스 신설",sisajournal.com,https://www.sisajournal.com/news/articleView.html?idxno=379902,요약,규칙기반 자동분류(제목·요약 낱말 대조)
2026-07-15,소백산,충북·경북,행정,협약·협력,"영주시, 고치령 통신 사각지대 없앤다…10월까지 기지국 2곳 설치",daily.hankooki.com,https://daily.hankooki.com/news/articleView.html?idxno=1386172,요약,규칙기반 자동분류(제목·요약 낱말 대조)
2026-07-15,소백산,충북·경북,행정,협약·협력,소백산 고치령 '통신 먹통' 사라진다…이동통신 기지국 구축,widedaily.com,https://www.widedaily.com/news/articleView.html?idxno=297591,제목,규칙기반 자동분류(제목·요약 낱말 대조)
2026-07-15,소백산,충북·경북,행정,협약·협력,"영주시, 고치령 이동통신 인프라 구축 나서",kbsm.net,https://www.kbsm.net/news/view.php?idx=526842,요약,규칙기반 자동분류(제목·요약 낱말 대조)
2026-07-15,무등산,광주·전남,행정,지정·구역,"""시민 품으로 돌려달라""…광양 백운산 국립공원 지정 요구 확산",namdonews.com,https://www.namdonews.com/news/articleView.html?idxno=917048,요약,규칙기반 자동분류(제목·요약 낱말 대조)
2026-07-15,(전체·공통),전국·공통,행정,연구·용역,전북도와 경진원“공공구매 전시상담회”참여기업 모집,sjbnews.com,https://sjbnews.com/news/news.php?number=883087,해당없음,규칙기반 자동분류(제목·요약 낱말 대조)
2026-07-15,(전체·공통),전국·공통,행정,연구·용역,"중소기업 공공판로 뚫는다…경진원, 공공구매 상담회 기업 모집",jeonmin.co.kr,http://www.jeonmin.co.kr/news/articleView.html?idxno=443437,해당없음,규칙기반 자동분류(제목·요약 낱말 대조)
2026-07-15,(전체·공통),전국·공통,행정,인사·조직,"가스공사 ""중대재해 재발 없다""…신임 사장 임명 앞두고 '위험관리' 강화",sisajournal.com,https://www.sisajournal.com/news/articleView.html?idxno=379941,해당없음,규칙기반 자동분류(제목·요약 낱말 대조)
2026-07-15,(전체·공통),전국·공통,행정,기타,"전북경진원, '공공구매 전시상담회' 참여 도내 중소기업 50개사 모집",pressian.com,https://www.pressian.com/pages/articles/2026071511320431153?utm_source=naver&utm_medium=search,해당없음,규칙기반 자동분류(제목·요약 낱말 대조)
2026-07-15,(전체·공통),전국·공통,행정,기타,‘세계 유산’ 한국 갯벌… 6곳으로 늘어날까,donga.com,https://www.donga.com/news/Culture/article/all/20260715/134299679/2,해당없음,규칙기반 자동분류(제목·요약 낱말 대조)
2026-07-14,지리산,전남·전북·경남,행정,지정·구역,지리산국립공원서 취사·야영은 불법…집중 단속해 과태료,news1.kr,https://www.news1.kr/local/busan-gyeongnam/6227891,제목,규칙기반 자동분류(제목·요약 낱말 대조)
2026-07-14,지리산,전남·전북·경남,행정,인사·조직,"국립공원공단, 휴가철 불법·무질서행위 집중 단속",idomin.com,https://www.idomin.com/news/articleView.html?idxno=2010045,요약,규칙기반 자동분류(제목·요약 낱말 대조)
2026-07-14,계룡산,대전·충남,행정,인사·조직,"계룡산 동학사, '명상의 숲' 개원… 미륵반가사유상 봉안",news.bbsi.co.kr,https://news.bbsi.co.kr/news/articleView.html?idxno=4095051,제목,규칙기반 자동분류(제목·요약 낱말 대조)
2026-07-14,속리산,충북·경북,행정,인사·조직,"속리산국립공원사무소, 여름철 계곡 안전관리 강화",dynews.co.kr,https://www.dynews.co.kr/news/articleView.html?idxno=857946,제목,규칙기반 자동분류(제목·요약 낱말 대조)
2026-07-14,내장산,전북·전남,행정,지정·구역,"""취사·오물투기 엄단""…내장산국립공원, 휴가철 특별단속",yna.co.kr,https://www.yna.co.kr/view/AKR20260714040100055?input=1195m,제목,규칙기반 자동분류(제목·요약 낱말 대조)
2026-07-14,변산반도,전북 부안,행정,인사·조직,"변산반도국립공원, 여름 성수기 야간 특별단속 실시",ibuan.com,https://www.ibuan.com/news/articleView.html?idxno=56240,제목,규칙기반 자동분류(제목·요약 낱말 대조)
2026-07-14,무등산,광주·전남,행정,지정·구역,서울대 백운산 80년 무상 사용 기간 '끝'…공공성 회복 목소리 높아,news.tf.co.kr,https://news.tf.co.kr/read/national/2343115.htm,요약,규칙기반 자동분류(제목·요약 낱말 대조)
2026-07-14,팔공산,대구·경북,행정,인사·조직,민선 9기 대구 기초지자체 첫 조직개편 시동…민원 대응·현안 전담 기능...,imaeil.com,https://www.imaeil.com/page/view/2026071415130158887,요약,규칙기반 자동분류(제목·요약 낱말 대조)
2026-07-14,금정산,부산·경남,행정,인사·조직,"""900년의 기다림, 마침내 마주하다""…범어사 성보박물관 특별전 개막",beopbo.com,https://www.beopbo.com/news/articleView.html?idxno=336606,요약,규칙기반 자동분류(제목·요약 낱말 대조)
2026-07-14,금정산,부산·경남,행정,연구·용역,[위클리오늘] 부산 주요 일정 7월 14일 (화요일),weeklytoday.com,http://www.weeklytoday.com/news/articleView.html?idxno=785221,요약,규칙기반 자동분류(제목·요약 낱말 대조)
2026-07-14,금정산,부산·경남,행정,연구·용역,[오늘의 주요일정]부산(7월14일 화요일),newsis.com,https://www.newsis.com/view/NISX20260713_0003707345,요약,규칙기반 자동분류(제목·요약 낱말 대조)
2026-07-14,(전체·공통),전국·공통,행정,협약·협력,생태 보전·일자리 창출·ESG 경영 협력,cctimes.kr,http://www.cctimes.kr/news/articleView.html?idxno=916706,해당없음,규칙기반 자동분류(제목·요약 낱말 대조)
2026-07-14,(전체·공통),전국·공통,행정,협약·협력,"국립공원공단 중부지역본부, 청주상공회의소와 공식 업무협약 체결",m-i.kr,https://www.m-i.kr/news/articleView.html?idxno=1391390,해당없음,규칙기반 자동분류(제목·요약 낱말 대조)
2026-07-14,(전체·공통),전국·공통,행정,기타,부산 세계유산위 19일 개막… ‘한국의 갯벌’ 6곳으로 늘어날까,donga.com,https://www.donga.com/news/Culture/article/all/20260714/134295759/1,해당없음,규칙기반 자동분류(제목·요약 낱말 대조)
2026-07-14,(전체·공통),전국·공통,행정,기타,"[월드 투데이] 포브스 ""러시모어에서 지적한 트럼프의 공산주의 경고는...",wikileaks-kr.org,http://www.wikileaks-kr.org/news/articleView.html?idxno=189713,해당없음,규칙기반 자동분류(제목·요약 낱말 대조)
2026-07-13,월악산,충북·경북,행정,인사·조직,"월악산국립공원사무소, 월악산 송계 양파축제에서 청렴 캠페인 및 홍보...",cctimes.kr,http://www.cctimes.kr/news/articleView.html?idxno=916337,제목,규칙기반 자동분류(제목·요약 낱말 대조)
2026-07-13,(전체·공통),전국·공통,행정,기타,"돈벌이용 산림훼손 잇따라…산림청, 무관용 원칙 적용·단속 강화",yonhapnewstv.co.kr,http://www.yonhapnewstv.co.kr/news/AKR20260713163926dKG,해당없음,규칙기반 자동분류(제목·요약 낱말 대조)
2026-07-13,(전체·공통),전국·공통,행정,인사·조직,[정책브리핑] 2026년 07월 13일 월요일 주요 정책,sisunnews.co.kr,http://www.sisunnews.co.kr/news/articleView.html?idxno=242273,해당없음,규칙기반 자동분류(제목·요약 낱말 대조)
2026-07-13,(전체·공통),전국·공통,행정,지정·구역,"국립공원 지정 때 인력까지 함께 검토…정부, 위원회 운영규정 개정 추...",energydaily.co.kr,https://www.energydaily.co.kr/news/articleView.html?idxno=201347,해당없음,규칙기반 자동분류(제목·요약 낱말 대조)
2026-07-12,속리산,충북·경북,행정,협약·협력,괴산소방서-속리산국립공원사무소 업무협약,cctimes.kr,http://www.cctimes.kr/news/articleView.html?idxno=915979,제목,규칙기반 자동분류(제목·요약 낱말 대조)
2026-07-12,변산반도,전북 부안,행정,법령·제도,"변산반도국립공원, 여름철 야간 특별단속",sjbnews.com,https://sjbnews.com/news/news.php?number=882718,제목,규칙기반 자동분류(제목·요약 낱말 대조)
2026-07-12,팔공산,대구·경북,행정,지정·구역,"대구 동구-문예진흥원, 스마트 관광환경 구축 협약",kbsm.net,https://www.kbsm.net/news/view.php?idx=526401,요약,규칙기반 자동분류(제목·요약 낱말 대조)
2026-07-12,(전체·공통),전국·공통,행정,지정·구역,소통·혁신으로 '사람 중심 행정' 이끈다,cctoday.co.kr,https://www.cctoday.co.kr/news/articleView.html?idxno=2233089,해당없음,규칙기반 자동분류(제목·요약 낱말 대조)
2026-07-12,(전체·공통),전국·공통,행정,법령·제도,우체국 집배원이 전국 곳곳 복지·행정·환경 챙긴다,zdnet.co.kr,https://zdnet.co.kr/view/?no=20260712130331,해당없음,규칙기반 자동분류(제목·요약 낱말 대조)
2026-07-12,(전체·공통),전국·공통,행정,연구·용역,통계조사부터 도시락 배달까지…'행정·복지' 배달하는 집배원,nocutnews.co.kr,https://www.nocutnews.co.kr/news/6546773?utm_source=naver&utm_medium=article&utm_campaign=20260712120058,해당없음,규칙기반 자동분류(제목·요약 낱말 대조)
2026-07-12,(전체·공통),전국·공통,행정,연구·용역,"우체국 집배원, 통계조사부터 도시락 배달까지 '행정-복지'도 배달한다",news.bbsi.co.kr,https://news.bbsi.co.kr/news/articleView.html?idxno=4094449,해당없음,규칙기반 자동분류(제목·요약 낱말 대조)
2026-07-12,(전체·공통),전국·공통,행정,법령·제도,29만 가구 안부 챙긴 우체국 '복지 우편'…고립·은둔 청년까지 품었다,newsis.com,https://www.newsis.com/view/NISX20260712_0003705540,해당없음,규칙기반 자동분류(제목·요약 낱말 대조)
2026-07-12,(전체·공통),전국·공통,행정,법령·제도,세븐틴 조슈아도 다녀갔네…비행 시간 짧고 에메랄드빛 중국 ‘이곳’,mk.co.kr,https://www.mk.co.kr/article/12096304,해당없음,규칙기반 자동분류(제목·요약 낱말 대조)
2026-07-11,가야산,경북·경남,행정,인사·조직,"합천의 여름, 역사와 자연이 깃든 가볼 만한 곳",joongangenews.com,https://www.joongangenews.com/news/articleView.html?idxno=529508,요약,규칙기반 자동분류(제목·요약 낱말 대조)
2026-07-10,경주,경북 경주,행정,기타,"관광공사, 국립공원공단과 '국립공원 활용 관광객 유치·지역관광 활성...",econonews.co.kr,http://www.econonews.co.kr/news/articleView.html?idxno=441021,요약,규칙기반 자동분류(제목·요약 낱말 대조)
2026-07-10,설악산,강원,행정,기타,"시민단체, 민선 9기 행정 향해 '설악산 케이블카 재검토' 압박",nocutnews.co.kr,https://www.nocutnews.co.kr/news/6546191?utm_source=naver&utm_medium=article&utm_campaign=20260710102032,제목,규칙기반 자동분류(제목·요약 낱말 대조)
2026-07-10,월악산,충북·경북,행정,기타,문경 한 봉사단체 아이디어로 경북 최초 ‘안전 반딧불’ 밝혀,kbmaeil.com,https://www.kbmaeil.com/article/20260710500085,요약,규칙기반 자동분류(제목·요약 낱말 대조)
2026-07-10,팔공산,대구·경북,행정,협약·협력,[공기업 센터] 캠코·한국가스공사·한국동서발전,iminju.net,http://www.iminju.net/news/articleView.html?idxno=166542,요약,규칙기반 자동분류(제목·요약 낱말 대조)
2026-07-10,(전체·공통),전국·공통,행정,협약·협력,한국관광공사·국립공원공단 업무협약,kado.net,https://www.kado.net/news/articleView.html?idxno=2060581,해당없음,규칙기반 자동분류(제목·요약 낱말 대조)
2026-07-10,(전체·공통),전국·공통,행정,기타,7월 10일 오늘의 안전 상황,fpn119.co.kr,http://fpn119.co.kr/253682,해당없음,규칙기반 자동분류(제목·요약 낱말 대조)
2026-07-09,경주,경북 경주,행정,협약·협력,"한국관광공사-국립공원공단, 지역관광 활성화를 위한 업무협약",kado.net,https://www.kado.net/news/articleView.html?idxno=2060416,요약,규칙기반 자동분류(제목·요약 낱말 대조)
2026-07-09,경주,경북 경주,행정,협약·협력,국립공원 외국인 탐방객 300만 명 목표…관광공사-공원공단 업무협약 체...,ttlnews.com,http://www.ttlnews.com/news/articleView.html?idxno=3124106,요약,규칙기반 자동분류(제목·요약 낱말 대조)
2026-07-09,경주,경북 경주,행정,협약·협력,"한국관광공사-국립공원공단, 국립공원 외국인 관광객 300만명 도전",s-journal.co.kr,https://www.s-journal.co.kr/news/articleView.html?idxno=42279,요약,규칙기반 자동분류(제목·요약 낱말 대조)
2026-07-09,경주,경북 경주,행정,협약·협력,"한국관광공사·국립공원공단, K트레킹 활성화 위한 업무협약 맺어",etoday.co.kr,https://www.etoday.co.kr/news/view/2601976,요약,규칙기반 자동분류(제목·요약 낱말 대조)
2026-07-09,경주,경북 경주,행정,협약·협력,"한국관광공사, 국립공원공단과 K트레킹 활성화 업무협약",sports.donga.com,https://sports.donga.com/life/article/all/20260709/134264313/1,요약,규칙기반 자동분류(제목·요약 낱말 대조)
2026-07-09,태안해안,충남 태안,행정,기타,"철도공단, 환경·철도 결합 충청권 ‘볼런투어’ 운영",amenews.kr,http://amenews.kr/news/view.php?idx=67358,요약,규칙기반 자동분류(제목·요약 낱말 대조)
2026-07-09,(전체·공통),전국·공통,행정,지정·구역,"국립공원공단 중부지역본부, 중소기업 공공판로 확대 본격 지원",kyongbuk.co.kr,https://www.kyongbuk.co.kr/news/articleView.html?idxno=4077957,해당없음,규칙기반 자동분류(제목·요약 낱말 대조)
2026-07-09,(전체·공통),전국·공통,행정,기타,"국립공원공단 중부지역본부, '중소기업 구매상담회 및 기술마켓 컨설팅...",chungnamilbo.co.kr,http://www.chungnamilbo.co.kr/news/articleView.html?idxno=897969,해당없음,규칙기반 자동분류(제목·요약 낱말 대조)
2026-07-09,(전체·공통),전국·공통,행정,기타,"국립공원공단 중부지역본부, '중소기업 구매상담회·기술마켓 컨설팅' ...",m-i.kr,https://www.m-i.kr/news/articleView.html?idxno=1389765,해당없음,규칙기반 자동분류(제목·요약 낱말 대조)
2026-07-09,(전체·공통),전국·공통,행정,협약·협력,"국립공원공단, 관광공사와 지역관광 활성화 업무협약 체결",zdnet.co.kr,https://zdnet.co.kr/view/?no=20260709092036,해당없음,규칙기반 자동분류(제목·요약 낱말 대조)
2026-07-09,(전체·공통),전국·공통,행정,협약·협력,"국립공원공단·관광공사, 외국인 관광객 유치 '맞손'",enewstoday.co.kr,http://www.enewstoday.co.kr/news/articleView.html?idxno=2446972,해당없음,규칙기반 자동분류(제목·요약 낱말 대조)
2026-07-09,(전체·공통),전국·공통,행정,협약·협력,"관광공사-공원공단, 관광객 유치 협약…""국립공원 방문 확대""",yna.co.kr,https://www.yna.co.kr/view/AKR20260709036200030?input=1195m,해당없음,규칙기반 자동분류(제목·요약 낱말 대조)
2026-07-09,(전체·공통),전국·공통,행정,기타,탄자니아 관광청 메가로드쇼 2026 부산 성료,gnmaeil.com,http://www.gnmaeil.com/news/articleView.html?idxno=590448,해당없음,규칙기반 자동분류(제목·요약 낱말 대조)
2026-07-09,(전체·공통),전국·공통,행정,인사·조직,"""사찰숲의 미래를 묻다""...조계종 환경위, 자연공존지역 정책 세미나 개...",news.bbsi.co.kr,https://news.bbsi.co.kr/news/articleView.html?idxno=4094150,해당없음,규칙기반 자동분류(제목·요약 낱말 대조)
2026-07-09,(전체·공통),전국·공통,행정,기타,"탄자니아 관광청, 부산서 ‘데스티네이션 로드쇼’ 개최...""기억해요 탄...",breaknews.com,http://www.breaknews.com/1220370,해당없음,규칙기반 자동분류(제목·요약 낱말 대조)
2026-07-08,지리산,전남·전북·경남,행정,지정·구역,경남 외국인 관광객 첫 월 100만 명 돌파…대형 쇼핑몰 매출 급증,idomin.com,https://www.idomin.com/news/articleView.html?idxno=2009714,요약,규칙기반 자동분류(제목·요약 낱말 대조)
2026-07-08,태안해안,충남 태안,행정,법령·제도,"국가철도공단, 환경과 철도를 잇는 충청권 '볼런투어' 시행",ccdn.co.kr,https://www.ccdn.co.kr/news/articleView.html?idxno=1087392,요약,규칙기반 자동분류(제목·요약 낱말 대조)
2026-07-08,태안해안,충남 태안,행정,인사·조직,"국가철도공단, 충청권서 아동들과 함께 볼런투어",mk.co.kr,https://www.mk.co.kr/article/12093161,요약,규칙기반 자동분류(제목·요약 낱말 대조)
2026-07-08,태안해안,충남 태안,행정,지정·구역,"국가철도공단, 충청권서 '볼런투어'…아동들과 해안 플로깅",gukjenews.com,https://www.gukjenews.com/news/articleView.html?idxno=3629643,요약,규칙기반 자동분류(제목·요약 낱말 대조)
2026-07-08,태안해안,충남 태안,행정,법령·제도,"철도공단, 환경-철도 잇는 충청권 '볼런투어' 시행",redaily.co.kr,https://www.redaily.co.kr/news/articleView.html?idxno=17055,요약,규칙기반 자동분류(제목·요약 낱말 대조)
2026-07-08,태안해안,충남 태안,행정,법령·제도,"국가철도공단, 충청권 ‘볼런투어’ 시행",sedaily.com,https://www.sedaily.com/article/20065102?ref=naver,요약,규칙기반 자동분류(제목·요약 낱말 대조)
2026-07-08,지리산,전남·전북·경남,행정,연구·용역,"신라 경주 곰, 지리산 반달곰 조상이었다",donga.com,https://www.donga.com/news/Culture/article/all/20260708/134258333/1,제목,규칙기반 자동분류(제목·요약 낱말 대조)
2026-07-08,팔공산,대구·경북,행정,지정·구역,[확 바뀐 팔공산] 갓바위·약사여래불 '스토리텔링' 꽃 피워야,imaeil.com,https://www.imaeil.com/page/view/2026070814505518940,제목,규칙기반 자동분류(제목·요약 낱말 대조)
2026-07-08,금정산,부산·경남,행정,인사·조직,[클릭자치현장]부산 금정구 범리단길 '골목형상점가' 지정,hankookilbo.com,https://www.hankookilbo.com/news/article/A2026070815170005441?did=NA,요약,규칙기반 자동분류(제목·요약 낱말 대조)
2026-07-08,금정산,부산·경남,행정,인사·조직,[부산 브리핑 모음(7월8일)] 부산항만공사 주최 ‘2026년 바다사랑 어린...,dnews.co.kr,https://www.dnews.co.kr/uhtml/view.jsp?idxno=202607071648056800312,요약,규칙기반 자동분류(제목·요약 낱말 대조)
2026-07-08,(전체·공통),전국·공통,행정,연구·용역,'신라 왕경' 유전자 분석으로 다시 읽다,ujeil.com,http://www.ujeil.com/news/articleView.html?idxno=388518,해당없음,규칙기반 자동분류(제목·요약 낱말 대조)
2026-07-08,(전체·공통),전국·공통,행정,연구·용역,"신라 왕경의 비밀, DNA가 푼다…월성·쪽샘 유전자 분석 성과 공개",nc.press,https://www.nc.press/news/articleView.html?idxno=620190,해당없음,규칙기반 자동분류(제목·요약 낱말 대조)
2026-07-08,(전체·공통),전국·공통,행정,연구·용역,"세계유산 월성과 쪽샘, 동물유체 유전자 분석 통해 신라 다시 읽는다",kbsm.net,https://www.kbsm.net/news/view.php?idx=525944,해당없음,규칙기반 자동분류(제목·요약 낱말 대조)
2026-07-08,(전체·공통),전국·공통,행정,인사·조직,"윤석열표 '가이드라인' 여파, 몸살 앓는 공공기관들",labortoday.co.kr,https://www.labortoday.co.kr/news/articleView.html?idxno=235563,해당없음,규칙기반 자동분류(제목·요약 낱말 대조)
2026-07-08,지리산,전남·전북·경남,행정,연구·용역,"""지리산 난개발 공약 전면 재검토해야""",gnmaeil.com,http://www.gnmaeil.com/news/articleView.html?idxno=590326,제목,규칙기반 자동분류(제목·요약 낱말 대조)
2026-07-08,지리산,전남·전북·경남,행정,기타,"지리산지키기연석회의 등 ""지리산 난개발 공약 철회하라""",newsis.com,https://www.newsis.com/view/NISX20260708_0003700880,제목,규칙기반 자동분류(제목·요약 낱말 대조)
2026-07-08,(전체·공통),전국·공통,행정,연구·용역,트럼프의 로마 황제 따라하기,koreatimes.com,http://www.koreatimes.com/article/1620525,해당없음,규칙기반 자동분류(제목·요약 낱말 대조)
2026-07-07,지리산,전남·전북·경남,행정,인사·조직,"양충모 남원시장, 유관기관 방문 소통행보",sjbnews.com,https://sjbnews.com/news/news.php?number=882441,요약,규칙기반 자동분류(제목·요약 낱말 대조)
2026-07-07,지리산,전남·전북·경남,행정,인사·조직,"양충모 남원시장, 유관기관 찾아 소통행정 본격화",newspim.com,https://www.newspim.com/news/view/20260707000877,요약,규칙기반 자동분류(제목·요약 낱말 대조)
2026-07-07,지리산,전남·전북·경남,행정,인사·조직,"양충모 남원시장, 민선9기 유관기관 소통 행보 본격화",jeonmae.co.kr,https://www.jeonmae.co.kr/news/articleView.html?idxno=1272281,요약,규칙기반 자동분류(제목·요약 낱말 대조)
2026-07-07,지리산,전남·전북·경남,행정,의회·국정감사,[오늘의 주요일정]전북(7월7일 화요일),newsis.com,https://www.newsis.com/view/NISX20260706_0003697929,요약,규칙기반 자동분류(제목·요약 낱말 대조)
2026-07-07,설악산,강원,행정,법령·제도,민선9기 전망과 과제 양양군,kwnews.co.kr,https://www.kwnews.co.kr/article/20260706500338,요약,규칙기반 자동분류(제목·요약 낱말 대조)
2026-07-07,가야산,경북·경남,행정,인사·조직,"[합천소식]군, 꿈 아카데미 찾아가는 토크콘서트 개최 등",newsis.com,https://www.newsis.com/view/NISX20260707_0003699029,요약,규칙기반 자동분류(제목·요약 낱말 대조)
2026-07-07,월출산,전남,행정,지정·구역,"영암군, 관광객 1,000만명 시대 도전…청년 정주·교육 혁신 속도",srtimes.kr,http://www.srtimes.kr/news/articleView.html?idxno=206939,요약,규칙기반 자동분류(제목·요약 낱말 대조)
2026-07-07,금정산,부산·경남,행정,지정·구역,금정구 청룡동 범리단길 골목형상점가 신규 지정,news.lghellovision.net,http://news.lghellovision.net/news/articleView.html?idxno=547687,요약,규칙기반 자동분류(제목·요약 낱말 대조)
2026-07-07,금정산,부산·경남,행정,인사·조직,금정구 범리단길 골목형상점가 지정…상권 활성화 기대,newsis.com,https://www.newsis.com/view/NISX20260707_0003699112,요약,규칙기반 자동분류(제목·요약 낱말 대조)
2026-07-07,금정산,부산·경남,행정,인사·조직,"[이슈플러스] 민선 9기, 금정의 새로운 지도 _ 윤일현 금정구청장",news.lghellovision.net,http://news.lghellovision.net/news/articleView.html?idxno=547668,요약,규칙기반 자동분류(제목·요약 낱말 대조)
2026-07-07,금정산,부산·경남,행정,지정·구역,"금정구, 범리단길 일원 골목형 상점가로 신규 지정",gukjenews.com,https://www.gukjenews.com/news/articleView.html?idxno=3628612,요약,규칙기반 자동분류(제목·요약 낱말 대조)
2026-07-07,금정산,부산·경남,행정,지정·구역,AI 입은 기후부…공무원이 직접 바꾸는 행정 혁신 시작,mstoday.co.kr,https://www.mstoday.co.kr/news/articleView.html?idxno=102060,요약,규칙기반 자동분류(제목·요약 낱말 대조)
2026-07-07,금정산,부산·경남,행정,지정·구역,"기후부, 특별성과 16명 포상…전기차 보급 확대·열에너지 혁신 등",ferrotimes.com,http://www.ferrotimes.com/news/articleView.html?idxno=48983,요약,규칙기반 자동분류(제목·요약 낱말 대조)
2026-07-07,(전체·공통),전국·공통,행정,기타,8~9일 '강하고 많은 비' 예보... 전국 관계기관 대책회의,public25.com,https://www.public25.com/news/articleView.html?idxno=50135,해당없음,규칙기반 자동분류(제목·요약 낱말 대조)
2026-07-07,(전체·공통),전국·공통,행정,인사·조직,원주 혁신도시 통근버스 중단…직원들 사비로 운행 나서,kado.net,https://www.kado.net/news/articleView.html?idxno=2059826,해당없음,규칙기반 자동분류(제목·요약 낱말 대조)
2026-07-07,(전체·공통),전국·공통,행정,협약·협력,“실용과 협치로 도봉 대전환… 거대한 ‘창동 엔진’ 돌린다”[민선 9...,seoul.co.kr,https://www.seoul.co.kr/news/publicnews/seoul_local/today_seoul/2026/07/07/20260707022001?wlog_tag3=naver,해당없음,규칙기반 자동분류(제목·요약 낱말 대조)
2026-07-06,월출산,전남,행정,지정·구역,"우승희, 관광객 1000만명 시대 연다…'영암방문의 해' 프로젝트 본격화",polinews.co.kr,https://www.polinews.co.kr/news/articleView.html?idxno=736227,요약,규칙기반 자동분류(제목·요약 낱말 대조)
2026-07-06,월출산,전남,행정,지정·구역,"우승희 군수 ""교육이 인구를 살린다""…정주혁신 청사진 제시",polinews.co.kr,https://www.polinews.co.kr/news/articleView.html?idxno=736225,요약,규칙기반 자동분류(제목·요약 낱말 대조)
2026-07-06,팔공산,대구·경북,행정,지정·구역,우성진 대구 동구청장 “공항 후적지를 대한민국 신경제 중심으로…현...,kbmaeil.com,https://www.kbmaeil.com/article/20260706500467,요약,규칙기반 자동분류(제목·요약 낱말 대조)
2026-07-06,금정산,부산·경남,행정,지정·구역,"""성과 내면 확실히 보상한다""… 기후부, 전기차·재생열·홍수대응 우수...",energydaily.co.kr,https://www.energydaily.co.kr/news/articleView.html?idxno=201124,요약,규칙기반 자동분류(제목·요약 낱말 대조)
2026-07-06,금정산,부산·경남,행정,예산·재정,전기차 2만9000대 추가 지원…내연차 전환 정책 ‘최우수’,news.tf.co.kr,https://news.tf.co.kr/read/economy/2339922.htm,요약,규칙기반 자동분류(제목·요약 낱말 대조)
2026-07-06,금정산,부산·경남,행정,예산·재정,"기후부, 전기차 보급·홍수대응 우수 공무원 16명 특별성과 포상",news.einfomax.co.kr,https://news.einfomax.co.kr/news/articleView.html?idxno=4423473,요약,규칙기반 자동분류(제목·요약 낱말 대조)
2026-07-06,금정산,부산·경남,행정,지정·구역,"기후부, 전기차 보급 확대 '최우수 성과'…내연차 전환지원금 신설·충...",etnews.com,https://www.etnews.com/20260706000002,요약,규칙기반 자동분류(제목·요약 낱말 대조)
2026-07-06,금정산,부산·경남,행정,예산·재정,"'전기차 보조금 확보·홍수 조절'…기후부, 특별성과 공무원 16명 포상",news1.kr,https://www.news1.kr/society/environment/6218394,요약,규칙기반 자동분류(제목·요약 낱말 대조)
2026-07-06,금정산,부산·경남,행정,지정·구역,"전기차 보급 확대 등 4개 정책 성과…기후부, 공무원 16명 포상",ajunews.com,https://www.ajunews.com/view/20260706084512100,요약,규칙기반 자동분류(제목·요약 낱말 대조)
2026-07-06,(전체·공통),전국·공통,행정,인사·조직,강원(원주) 혁신도시 통근버스 중단…직원들 사비로 통근버스 6대 운행,kado.net,https://www.kado.net/news/articleView.html?idxno=2059696,해당없음,규칙기반 자동분류(제목·요약 낱말 대조)
2026-07-06,(전체·공통),전국·공통,행정,기타,"국립공원공단, 국토안전관리원과 '합동 로프 전문교육' 실시",m-i.kr,https://www.m-i.kr/news/articleView.html?idxno=1388480,해당없음,규칙기반 자동분류(제목·요약 낱말 대조)
2026-07-06,(전체·공통),전국·공통,행정,기타,"국립공원공단-국토안전관리원, 로프 전문교육 실시",chungnamilbo.co.kr,http://www.chungnamilbo.co.kr/news/articleView.html?idxno=897292,해당없음,규칙기반 자동분류(제목·요약 낱말 대조)
2026-07-06,(전체·공통),전국·공통,행정,기타,"현직 대통령 최초…트럼프, 본인 서명 넣은 100달러 지폐 공개",seoul.co.kr,https://www.seoul.co.kr/news/international/USA-amrica/2026/07/06/20260706500094?wlog_tag3=naver,해당없음,규칙기반 자동분류(제목·요약 낱말 대조)
2026-07-05,지리산,전남·전북·경남,행정,지정·구역,[인터뷰] 쓰레기 줍기 트레킹 1000회 “아직 집게 놓을 생각 없습니다”...,busan.com,https://www.busan.com/view/busan/view.php?code=2026070517593279063,요약,규칙기반 자동분류(제목·요약 낱말 대조)
2026-07-05,(전체·공통),전국·공통,행정,협약·협력,남해군 2026년 모범이장 해외연수 실시,newsgn.com,https://www.newsgn.com/news/articleView.html?idxno=560490,해당없음,규칙기반 자동분류(제목·요약 낱말 대조)
2026-07-05,(전체·공통),전국·공통,행정,기타,트럼프 서명 새긴 '건국 250주년' 100달러 지폐 공개,sidae.com,https://www.sidae.com/article/2026070517314075652,해당없음,규칙기반 자동분류(제목·요약 낱말 대조)
2026-07-05,(전체·공통),전국·공통,행정,기타,"트럼프 서명 들어간 100달러 지폐 나온다…""반대 59%"" 여론은 싸늘",hankyung.com,https://www.hankyung.com/article/2026070563217,해당없음,규칙기반 자동분류(제목·요약 낱말 대조)
2026-07-05,(전체·공통),전국·공통,행정,기타,"트럼프, 본인 서명 넣은 100달러 지폐 공개…현직 대통령 첫 사례",news1.kr,https://www.news1.kr/world/usa-canada/6218162,해당없음,규칙기반 자동분류(제목·요약 낱말 대조)
2026-07-05,(전체·공통),전국·공통,행정,지정·구역,“그냥 여기서 하루 자고 갈게요”…외국인 숙박비 쓰게 하는 전주의 비...,mk.co.kr,https://www.mk.co.kr/article/12090430,해당없음,규칙기반 자동분류(제목·요약 낱말 대조)
2026-07-04,지리산,전남·전북·경남,행정,협약·협력,"[길따라] 자연의 심장부로 걸어 들어온 로봇, 설마 했던 국립공원까지",yna.co.kr,https://www.yna.co.kr/view/AKR20260703135600542?input=1195m,요약,규칙기반 자동분류(제목·요약 낱말 대조)
2026-07-04,월악산,충북·경북,행정,지정·구역,푸른 여름 속 단양에서 자연을 만끽할 가볼 만한 곳,topstarnews.net,https://www.topstarnews.net/news/articleView.html?idxno=16108412,요약,규칙기반 자동분류(제목·요약 낱말 대조)
2026-07-04,(전체·공통),전국·공통,행정,지정·구역,[걸어서 세계 속으로] 모든 로망을 한 나라 안에서 만날 수 있는 '남아프...,queen.co.kr,http://www.queen.co.kr/news/articleView.html?idxno=459750,해당없음,규칙기반 자동분류(제목·요약 낱말 대조)
2026-07-03,지리산,전남·전북·경남,행정,지정·구역,"오늘 일출·일몰시간, ""4일(토) 전국 해돋이 명소, 해 뜨는 시간과 해 지...",lecturernews.com,https://www.lecturernews.com/news/articleView.html?idxno=205539,요약,규칙기반 자동분류(제목·요약 낱말 대조)
2026-07-03,경주,경북 경주,행정,지정·구역,"[김세원의 '경주남산 愛'(7)]경주 불국토 남산, 카탈루냐 성산 몬세라트",ksilbo.co.kr,https://www.ksilbo.co.kr/news/articleView.html?idxno=1061092,제목,규칙기반 자동분류(제목·요약 낱말 대조)
2026-07-03,가야산,경북·경남,행정,인사·조직,"가야산국립공원사무소, 이의철 소장 부임",seongjuro.co.kr,https://www.seongjuro.co.kr/news/view.php?idx=60411,제목,규칙기반 자동분류(제목·요약 낱말 대조)
2026-07-03,주왕산,경북,행정,지정·구역,"여름의 청송, 자연이 선사하는 비경 속 가볼 만한 곳",stardailynews.co.kr,https://www.stardailynews.co.kr/news/articleView.html?idxno=540614,요약,규칙기반 자동분류(제목·요약 낱말 대조)
2026-07-03,소백산,충북·경북,행정,연구·용역,"한 종인 줄 알았던 운문산반딧불이, 지역마다 달랐다",imnews.imbc.com,https://imnews.imbc.com/replay/2026/nwdesk/article/6834897_37004.html,요약,규칙기반 자동분류(제목·요약 낱말 대조)
2026-07-03,(전체·공통),전국·공통,행정,기타,[위클립] 7월 1주,laborplus.co.kr,https://www.laborplus.co.kr/news/articleView.html?idxno=41094,해당없음,규칙기반 자동분류(제목·요약 낱말 대조)
2026-07-03,(전체·공통),전국·공통,행정,기타,"아이들 노는 도봉산 계곡서 줄담배 뻐끔뻐끔? 이 남성, 적발되면 '60만원...",lawtalknews.co.kr,https://lawtalknews.co.kr/article/KDY6H6ZFAEFY,해당없음,규칙기반 자동분류(제목·요약 낱말 대조)
2026-07-03,(전체·공통),전국·공통,행정,기타,"한국관광공사, 관광객 안전 지원부터 AI 관광까지 서비스 강화",s-journal.co.kr,https://www.s-journal.co.kr/news/articleView.html?idxno=42164,해당없음,규칙기반 자동분류(제목·요약 낱말 대조)
2026-07-03,(전체·공통),전국·공통,행정,법령·제도,"美항소법원, 트럼프 행정부 '노예제·기후변화 전시물 철거' 유지 허용",news1.kr,https://www.news1.kr/world/usa-canada/6216454,해당없음,규칙기반 자동분류(제목·요약 낱말 대조)
2026-07-02,지리산,전남·전북·경남,행정,인사·조직,지리산국립공원 전북사무소장에 강길영 부임,jjan.kr,https://www.jjan.kr/article/20260701500243,제목,규칙기반 자동분류(제목·요약 낱말 대조)
2026-07-02,설악산,강원,행정,법령·제도,"설악산 오색케이블카 사업 허가 취소소송, 항소심도 환경단체 패소",kwnews.co.kr,https://www.kwnews.co.kr/article/20260702500843,제목,규칙기반 자동분류(제목·요약 낱말 대조)
2026-07-02,설악산,강원,행정,법령·제도,"""오색케이블카 허가 취소"" 환경단체 집단소송 2심도 패소",nocutnews.co.kr,https://www.nocutnews.co.kr/news/6542228?utm_source=naver&utm_medium=article&utm_campaign=20260702034358,요약,규칙기반 자동분류(제목·요약 낱말 대조)
2026-07-02,설악산,강원,행정,법령·제도,설악산 오색케이블카 허가 적법…환경단체·주민 2심도 패소,yna.co.kr,https://www.yna.co.kr/view/AKR20260702068300062?input=1195m,제목,규칙기반 자동분류(제목·요약 낱말 대조)
2026-07-02,팔공산,대구·경북,행정,지정·구역,"[10대 대구시의원을 만나다] (7) 김정민 당선인 ""청년 떠나는 대구 바꿔...",idaegu.com,https://www.idaegu.com/news/articleView.html?idxno=664060,요약,규칙기반 자동분류(제목·요약 낱말 대조)
2026-07-02,금정산,부산·경남,행정,인사·조직,"[펜앤인터뷰] 장준용 동래구청장 ""교육·문화·체육·안전 모두 아우르...",pennmike.com,https://www.pennmike.com/news/articleView.html?idxno=123042,요약,규칙기반 자동분류(제목·요약 낱말 대조)
2026-07-02,금정산,부산·경남,행정,인사·조직,"[부산 브리핑 모음(7월2일)] 김영욱 부산진구청장, 취임식 대신 현장으...",dnews.co.kr,https://www.dnews.co.kr/uhtml/view.jsp?idxno=202607011846545980609,요약,규칙기반 자동분류(제목·요약 낱말 대조)
2026-07-02,(전체·공통),전국·공통,행정,기타,"하동 신흥마을 청년회, 물놀이 안전기원제 개최",gnnews.co.kr,https://www.gnnews.co.kr/news/articleView.html?idxno=640266,해당없음,규칙기반 자동분류(제목·요약 낱말 대조)
2026-07-02,(전체·공통),전국·공통,행정,기타,"하동 신흥마을 청년회, 화개천 물놀이 안전기원제",idomin.com,https://www.idomin.com/news/articleView.html?idxno=2009296,해당없음,규칙기반 자동분류(제목·요약 낱말 대조)
2026-07-02,(전체·공통),전국·공통,행정,인사·조직,"국립공원공단 노조, 정부 E등급 및 현장 축소 정책 규탄 집회",kado.net,https://www.kado.net/news/articleView.html?idxno=2059166,해당없음,규칙기반 자동분류(제목·요약 낱말 대조)
2026-07-02,(전체·공통),전국·공통,행정,기타,"'경평 낙제점' 국립공원공단, 분소 축소 강행에 안전 위협 지적 나와",safetynews.co.kr,https://www.safetynews.co.kr/news/articleView.html?idxno=249342,해당없음,규칙기반 자동분류(제목·요약 낱말 대조)
2026-07-02,(전체·공통),전국·공통,행정,인사·조직,"국립공원노조, 공단 본사 앞 규탄집회…""경영평가 E등급 책임, 현장에 떠...",sentv.co.kr,https://www.sentv.co.kr/article/view/sentv202607020155,해당없음,규칙기반 자동분류(제목·요약 낱말 대조)
2026-07-02,(전체·공통),전국·공통,행정,지정·구역,계도기간 끝났지만...사육곰 대다수는 여전히 농가에 남아,newspenguin.com,https://www.newspenguin.com/news/articleView.html?idxno=21816,해당없음,규칙기반 자동분류(제목·요약 낱말 대조)
2026-07-02,(전체·공통),전국·공통,행정,기타,"하동 신흥마을 청년회, 화개천 물놀이 안전기원제 개최",newsgn.com,https://www.newsgn.com/news/articleView.html?idxno=560139,해당없음,규칙기반 자동분류(제목·요약 낱말 대조)
2026-07-02,(전체·공통),전국·공통,행정,기타,"한국수자원공사, 기후에너지환경부 공공기관 브랜드평판 1위…한국환경...",pinpointnews.co.kr,https://www.pinpointnews.co.kr/news/articleView.html?idxno=464856,해당없음,규칙기반 자동분류(제목·요약 낱말 대조)
2026-07-02,(전체·공통),전국·공통,행정,기타,[시민기자가 간다] 오종민씨 '2026 AX 아이디어 경진대회'서 우수상,jeonmae.co.kr,https://www.jeonmae.co.kr/news/articleView.html?idxno=1271183,해당없음,규칙기반 자동분류(제목·요약 낱말 대조)
2026-07-02,(전체·공통),전국·공통,행정,기타,'걸어서 세계속으로' 남아공 특집...사파리·케이프타운·번지까지 아프...,ppss.kr,https://www.ppss.kr/news/articleView.html?idxno=300805,해당없음,규칙기반 자동분류(제목·요약 낱말 대조)
2026-07-01,한려해상,경남·전남,행정,인사·조직,[새얼굴] 박은희 한려해상국립공원사무소장,idomin.com,https://www.idomin.com/news/articleView.html?idxno=2009205,제목,규칙기반 자동분류(제목·요약 낱말 대조)
2026-07-01,한려해상,경남·전남,행정,지정·구역,사천교육지원청 초등돌봄전담사 실무역량 높인다,gndomin.com,http://www.gndomin.com/news/articleView.html?idxno=480576,요약,규칙기반 자동분류(제목·요약 낱말 대조)
2026-07-01,지리산,전남·전북·경남,행정,기타,"""최고 공원관리 전문기관 될 것""",gnmaeil.com,http://www.gnmaeil.com/news/articleView.html?idxno=589882,요약,규칙기반 자동분류(제목·요약 낱말 대조)
2026-07-01,금정산,부산·경남,행정,인사·조직,금정산국립공원사무소 이현태 신임 소장 취임,news1.kr,https://www.news1.kr/local/busan-gyeongnam/6213600,제목,규칙기반 자동분류(제목·요약 낱말 대조)
2026-07-01,팔공산,대구·경북,행정,인사·조직,우성진 대구 동구청장 취임… 공항 후적지 미래 신도시로 대전환,newsclaim.co.kr,https://www.newsclaim.co.kr/news/articleView.html?idxno=3068132,요약,규칙기반 자동분류(제목·요약 낱말 대조)
2026-07-01,금정산,부산·경남,행정,지정·구역,"양산 국도35호선 우회로, 구간 쪼개 추진",kookje.co.kr,http://www.kookje.co.kr/news2011/asp/newsbody.asp?code=0300&key=20260702.22008009307,요약,규칙기반 자동분류(제목·요약 낱말 대조)
2026-07-01,금정산,부산·경남,행정,인사·조직,금정산국립공원사무소 이현태 신임 소장 부임,yna.co.kr,https://www.yna.co.kr/view/AKR20260701057800051?input=1195m,제목,규칙기반 자동분류(제목·요약 낱말 대조)
2026-07-01,(전체·공통),전국·공통,행정,지정·구역,여름 휴가철 '야영·취사·흡연' 질서 위반행위 집중관리,newsis.com,https://www.newsis.com/view/NISX20260630_0003690314,해당없음,규칙기반 자동분류(제목·요약 낱말 대조)
2026-07-01,(전체·공통),전국·공통,행정,기타,"[여행 뉴스브리핑] 제주 드림타워, 2Q 매출 1926억원 '사상 최고'",asiatime.co.kr,https://www.asiatime.co.kr/article/20260701500362,해당없음,규칙기반 자동분류(제목·요약 낱말 대조)
2026-07-01,(전체·공통),전국·공통,행정,지정·구역,"[기자수첩] '복군의 아들' 윤희신, 이제 '경제의 복군'을 증명할 차례다",lawissue.co.kr,http://www.lawissue.co.kr/view.php?ud=2026070100493492783233fa3143_12,해당없음,규칙기반 자동분류(제목·요약 낱말 대조)
2026-06-30,한려해상,경남·전남,행정,인사·조직,한려해상국립공원사무소 박은희 신임 소장 취임,newsgn.com,https://www.newsgn.com/news/articleView.html?idxno=559756,제목,규칙기반 자동분류(제목·요약 낱말 대조)
2026-06-30,지리산,전남·전북·경남,행정,인사·조직,[인사] 국립공원공단,s-journal.co.kr,https://www.s-journal.co.kr/news/articleView.html?idxno=42071,요약,규칙기반 자동분류(제목·요약 낱말 대조)
2026-06-30,지리산,전남·전북·경남,행정,인사·조직,"""탄소중립 실현·생물다양성 증진""",gnmaeil.com,http://www.gnmaeil.com/news/articleView.html?idxno=589769,요약,규칙기반 자동분류(제목·요약 낱말 대조)
2026-06-30,한려해상,경남·전남,행정,인사·조직,박은희 국립공원공단 한려해상국립공원사무소장 취임,gnnews.co.kr,https://www.gnnews.co.kr/news/articleView.html?idxno=640059,제목,규칙기반 자동분류(제목·요약 낱말 대조)
2026-06-30,한려해상,경남·전남,행정,인사·조직,‘세계 등대의 날’ 맞아 오동도국립공원서 등대 사진전,biz.heraldcorp.com,https://biz.heraldcorp.com/article/10792698?ref=naver,요약,규칙기반 자동분류(제목·요약 낱말 대조)
2026-06-30,가야산,경북·경남,행정,인사·조직,이의철 가야산국립공원사무소 소장,idaegu.co.kr,https://www.idaegu.co.kr/news/articleView.html?idxno=552591,제목,규칙기반 자동분류(제목·요약 낱말 대조)
2026-06-30,가야산,경북·경남,행정,인사·조직,"가야산국립공원사무소 이의철 소장, 7월 1일자 부임",newsis.com,https://www.newsis.com/view/NISX20260630_0003689217,제목,규칙기반 자동분류(제목·요약 낱말 대조)
2026-06-30,주왕산,경북,행정,기타,설정욱 국립공원공단 동부지역본부 본부장 부임,gnnews.co.kr,https://www.gnnews.co.kr/news/articleView.html?idxno=640119,요약,규칙기반 자동분류(제목·요약 낱말 대조)
2026-06-30,지리산,전남·전북·경남,행정,인사·조직,[새얼굴] 설정욱 국립공원 동부지역본부장,idomin.com,https://www.idomin.com/news/articleView.html?idxno=2009059,요약,규칙기반 자동분류(제목·요약 낱말 대조)
2026-06-30,지리산,전남·전북·경남,행정,기타,국립공원공단 동부지역본부 설정욱 본부장 부임,gndomin.com,http://www.gndomin.com/news/articleView.html?idxno=480427,요약,규칙기반 자동분류(제목·요약 낱말 대조)
2026-06-30,지리산,전남·전북·경남,행정,기타,"설정욱 국립공원공단 동부본부장 부임…""자연 보전 앞장""",newsis.com,https://www.newsis.com/view/NISX20260630_0003689153,요약,규칙기반 자동분류(제목·요약 낱말 대조)
2026-06-30,금정산,부산·경남,행정,인사·조직,이현태 금정산국립공원사무소장 부임,busan.com,https://www.busan.com/view/busan/view.php?code=2026063017572304004,제목,규칙기반 자동분류(제목·요약 낱말 대조)
2026-06-30,소백산,충북·경북,행정,기타,"천태종, 제11회 천태예술·제8회 사진공모전 개최",hyunbulnews.com,https://www.hyunbulnews.com/news/articleView.html?idxno=504109,요약,규칙기반 자동분류(제목·요약 낱말 대조)
2026-06-30,금정산,부산·경남,행정,인사·조직,이현태 국립공원공단 금정산국립공원사무소장 부임,news.skbroadband.com,https://news.skbroadband.com/news/articleView.html?idxno=230681,제목,규칙기반 자동분류(제목·요약 낱말 대조)
2026-06-30,(전체·공통),전국·공통,행정,협약·협력,"서해해경청, 해양오염사고 초기 대응 협력체계 강화",yna.co.kr,https://www.yna.co.kr/view/AKR20260630134100054?input=1195m,해당없음,규칙기반 자동분류(제목·요약 낱말 대조)
2026-06-30,(전체·공통),전국·공통,행정,기타,"서해해경청, 해양 오염사고 대응 체계 강화 '만전'",thepowernews.co.kr,https://www.thepowernews.co.kr/view.php?ud=202606301321575581caa2b7671d_7,해당없음,규칙기반 자동분류(제목·요약 낱말 대조)
2026-06-30,(전체·공통),전국·공통,행정,법령·제도,"학교 주변 급경사지, 교육청·학교도 직접 관리…연 2회 점검 의무화",fnnews.com,http://www.fnnews.com/news/202606301236084506,해당없음,규칙기반 자동분류(제목·요약 낱말 대조)
2026-06-29,지리산,전남·전북·경남,행정,인사·조직,[6월 29일 인사종합] 대신증권 외,pinpointnews.co.kr,https://www.pinpointnews.co.kr/news/articleView.html?idxno=464040,요약,규칙기반 자동분류(제목·요약 낱말 대조)
2026-06-29,지리산,전남·전북·경남,행정,인사·조직,[6월29일 인사종합] 국세청 외,dt.co.kr,https://www.dt.co.kr/article/12070149?ref=naver,요약,규칙기반 자동분류(제목·요약 낱말 대조)
2026-06-29,지리산,전남·전북·경남,행정,인사·조직,6월30일 인사,hani.co.kr,https://www.hani.co.kr/arti/society/internalmove/1265895.html,요약,규칙기반 자동분류(제목·요약 낱말 대조)
2026-06-29,지리산,전남·전북·경남,행정,인사·조직,"[인사] 한국폴리텍대학, 부산시설공단, 지식재산처 외",businesspost.co.kr,https://www.businesspost.co.kr/BP?command=article_view&num=441113,요약,규칙기반 자동분류(제목·요약 낱말 대조)
2026-06-29,지리산,전남·전북·경남,행정,인사·조직,[오늘의 인사 : 6월 29일] 대신증권·두산그룹·외교부·지식재산처·질...,news2day.co.kr,https://www.news2day.co.kr/article/20260629500082,요약,규칙기반 자동분류(제목·요약 낱말 대조)
2026-06-29,지리산,전남·전북·경남,행정,인사·조직,[인사] 외교부 외,hankookilbo.com,https://www.hankookilbo.com/news/article/A2026062916460000770?did=NA,요약,규칙기반 자동분류(제목·요약 낱말 대조)
2026-06-29,지리산,전남·전북·경남,행정,인사·조직,[인사]국립공원공단 동북지역본부장 설정욱,news.bbsi.co.kr,https://news.bbsi.co.kr/news/articleView.html?idxno=4091998,요약,규칙기반 자동분류(제목·요약 낱말 대조)
2026-06-29,지리산,전남·전북·경남,행정,인사·조직,오늘의 인사-국무조정실 외,khan.co.kr,https://www.khan.co.kr/article/202606291505001,요약,규칙기반 자동분류(제목·요약 낱말 대조)
2026-06-29,소백산,충북·경북,행정,지정·구역,"믿을 수밖에 없었던, 소백산에서 처음 만난 사람의 말",ohmynews.com,https://www.ohmynews.com/NWS_Web/View/at_pg.aspx?CNTN_CD=A0003247232&CMPT_CD=P0010&utm_source=naver&utm_medium=newsearch&utm_campaign=naver_news,제목,규칙기반 자동분류(제목·요약 낱말 대조)
2026-06-29,(전체·공통),전국·공통,행정,인사·조직,김성환은 기후에너지산업부 장관인가? [왜냐면],hani.co.kr,https://www.hani.co.kr/arti/opinion/because/1265905.html,해당없음,규칙기반 자동분류(제목·요약 낱말 대조)
2026-06-29,(전체·공통),전국·공통,행정,기타,"[현장] 인도네시아관광부, 부산·광주서 '2026 세일즈 미션' 개최… 지역...",discoverynews.kr,https://www.discoverynews.kr/news/articleView.html?idxno=1094730,해당없음,규칙기반 자동분류(제목·요약 낱말 대조)
2026-06-29,(전체·공통),전국·공통,행정,기타,"인도네시아 관광부, 부산·광주 세일즈 미션 개최…지방 블루오션 정조...",gukjenews.com,https://www.gukjenews.com/news/articleView.html?idxno=3620873,해당없음,규칙기반 자동분류(제목·요약 낱말 대조)
2026-06-29,(전체·공통),전국·공통,행정,기타,[섬 이야기] 세계가 다도해를 배우러 온다,polinews.co.kr,https://www.polinews.co.kr/news/articleView.html?idxno=735392,해당없음,규칙기반 자동분류(제목·요약 낱말 대조)
2026-06-28,경주,경북 경주,행정,기타,"밀집도 분석, 다국어 안내 등…AI 기술로 관광 현장 문제 해결",edaily.co.kr,https://www.edaily.co.kr/news/newspath.asp?newsid=02095926645486312,요약,규칙기반 자동분류(제목·요약 낱말 대조)
2026-06-28,금정산,부산·경남,행정,예산·재정,[기자수첩]'덕산온천'은 예산군 혼자 풀 숙제가 아니다,greened.kr,https://www.greened.kr/news/articleView.html?idxno=343530,요약,규칙기반 자동분류(제목·요약 낱말 대조)
2026-06-27,지리산,전남·전북·경남,행정,법령·제도,[위클리오늘] ⓶주민 불편 외면하는 산청군...불법 소각 '방치' 행정,weeklytoday.com,http://www.weeklytoday.com/news/articleView.html?idxno=782191,요약,규칙기반 자동분류(제목·요약 낱말 대조)
2026-06-27,금정산,부산·경남,행정,지정·구역,"""부산, 세계 속 빛나는 도시 될 것"" 박형준 부산시장 퇴임...5년 소임 마...",breaknews.com,http://www.breaknews.com/1217298,요약,규칙기반 자동분류(제목·요약 낱말 대조)
2026-06-26,오대산,강원,행정,기타,"장애인 유튜버 42명, 오대산서 '디지털 화엄'",bulkyo21.com,http://www.bulkyo21.com/news/articleView.html?idxno=64447,제목,규칙기반 자동분류(제목·요약 낱말 대조)
2026-06-26,경주,경북 경주,행정,인사·조직,"한국관광공사, 전통시장 및 국립공원 현안 해결할 AI 기업 5개사 선정",discoverynews.kr,https://www.discoverynews.kr/news/articleView.html?idxno=1094488,요약,규칙기반 자동분류(제목·요약 낱말 대조)
2026-06-26,지리산,전남·전북·경남,행정,법령·제도,'보존에서 공존' 지향 자연공원법 개정 환영,beopbo.com,https://www.beopbo.com/news/articleView.html?idxno=336256,요약,규칙기반 자동분류(제목·요약 낱말 대조)
2026-06-26,(전체·공통),전국·공통,행정,기타,"헤럴드 스퀘어, 시드니 언론 사회공헌의 상징..그 옆 호주 익선동 ‘조...",biz.heraldcorp.com,https://biz.heraldcorp.com/article/10789599?ref=naver,해당없음,규칙기반 자동분류(제목·요약 낱말 대조)
2026-06-25,지리산,전남·전북·경남,행정,연구·용역,산청 생수공장 증설 환경영향조사서 '허위·부실' 정황…환경부 재심의...,dandinews.com,http://www.dandinews.com/news/articleView.html?idxno=17034,요약,규칙기반 자동분류(제목·요약 낱말 대조)
2026-06-25,덕유산,전북·경남,행정,지정·구역,신라·백제 얽히고설킨 전쟁 역사를 간직한 현장,ulsanpress.net,https://www.ulsanpress.net/news/articleView.html?idxno=577900,요약,규칙기반 자동분류(제목·요약 낱말 대조)
2026-06-25,(전체·공통),전국·공통,행정,연구·용역,"조계종 환경위, '사찰숲 자연공존지역 적용방안' 정책세미나 7월 9일 개...",beopbo.com,https://www.beopbo.com/news/articleView.html?idxno=336242,해당없음,규칙기반 자동분류(제목·요약 낱말 대조)
2026-06-25,(전체·공통),전국·공통,행정,연구·용역,"""사찰림, 세계에서 어떻게 평가될까?""...환경위원회 정책세미나 7월9일",ibulgyo.com,http://www.ibulgyo.com/news/articleView.html?idxno=439544,해당없음,규칙기반 자동분류(제목·요약 낱말 대조)
2026-06-24,지리산,전남·전북·경남,행정,지정·구역,[열린마당] 평화와 공존의 국립공원을 꿈꾸며,segye.com,https://www.segye.com/newsView/20260624515462?OutUrl=naver,요약,규칙기반 자동분류(제목·요약 낱말 대조)
2026-06-24,설악산,강원,행정,기타,"국립산악박물관, 설악산 사계 사진전 열어",jeonmae.co.kr,https://www.jeonmae.co.kr/news/articleView.html?idxno=1268377,제목,규칙기반 자동분류(제목·요약 낱말 대조)
2026-06-24,설악산,강원,행정,법령·제도,"국립산악박물관, ‘설악산 사계를 담은 사진전’ 개최",kwnews.co.kr,https://www.kwnews.co.kr/article/20260624500587,제목,규칙기반 자동분류(제목·요약 낱말 대조)
2026-06-24,북한산,서울·경기,행정,예산·재정,[오늘의 주요일정]경제(6월24일수요일),newsis.com,https://www.newsis.com/view/NISX20260623_0003679326,요약,규칙기반 자동분류(제목·요약 낱말 대조)
2026-06-24,(전체·공통),전국·공통,행정,협약·협력,"한미글로벌, 미국 SMR 시장 진출 박차…법인 설립·세미나 개최",newsmap.co.kr,https://www.newsmap.co.kr/news/articleView.html?idxno=893,해당없음,규칙기반 자동분류(제목·요약 낱말 대조)
2026-06-24,(전체·공통),전국·공통,행정,협약·협력,"한미글로벌, 美 SMR 시장 공략 본격화",wemakenews.co.kr,https://wemakenews.co.kr/news/view.php?no=25561,해당없음,규칙기반 자동분류(제목·요약 낱말 대조)
2026-06-24,(전체·공통),전국·공통,행정,협약·협력,"한미글로벌, 美 SMR 개발사업 진출 추진…데이터센터發 전력수요 공략",businessplus.kr,https://www.businessplus.kr/news/articleView.html?idxno=113244,해당없음,규칙기반 자동분류(제목·요약 낱말 대조)
2026-06-24,(전체·공통),전국·공통,행정,협약·협력,"한미글로벌, 미국 SMR 사업개발사 설립 추진⋯원전 시장 공략",etoday.co.kr,https://www.etoday.co.kr/news/view/2596621,해당없음,규칙기반 자동분류(제목·요약 낱말 대조)
2026-06-24,(전체·공통),전국·공통,행정,협약·협력,"한미글로벌, 美 SMR 시장 진출 본격화… 현지 세미나 열고 법인 설립 추...",ikld.kr,http://www.ikld.kr/news/articleView.html?idxno=336447,해당없음,규칙기반 자동분류(제목·요약 낱말 대조)
2026-06-24,(전체·공통),전국·공통,행정,협약·협력,"SMR 날개 단 한미글로벌, '글로벌 TOP 5 PM' 도약 속도 낸다",mediapen.com,https://www.mediapen.com/news/view/1106120,해당없음,규칙기반 자동분류(제목·요약 낱말 대조)
2026-06-23,한려해상,경남·전남,행정,지정·구역,내달 4일부터 국립공원 테마형 생태관광 운영,ikld.kr,http://www.ikld.kr/news/articleView.html?idxno=336382,요약,규칙기반 자동분류(제목·요약 낱말 대조)
2026-06-23,가야산,경북·경남,행정,지정·구역,"합천 여름 여행, 자연과 역사가 어우러진 가볼 만한 곳",joongangenews.com,https://www.joongangenews.com/news/articleView.html?idxno=526792,요약,규칙기반 자동분류(제목·요약 낱말 대조)
2026-06-23,(전체·공통),전국·공통,행정,법령·제도,"'문화유산이냐 숲이냐' 산사의 딜레마...자연공원법 개정, 해법 찾나",news.bbsi.co.kr,https://news.bbsi.co.kr/news/articleView.html?idxno=4090757,해당없음,규칙기반 자동분류(제목·요약 낱말 대조)
2026-06-22,지리산,전남·전북·경남,행정,기타,산청군 '2026 국민팜 엑스포' 참가…귀농·귀촌 정책 홍보,cnbnews.com,https://www.cnbnews.com/news/articleView.html?idxno=1005477,요약,규칙기반 자동분류(제목·요약 낱말 대조)
2026-06-22,경주,경북 경주,행정,기타,경주 명산 오악잇기 스탬프투어 참여하세요!,ujeil.com,http://www.ujeil.com/news/articleView.html?idxno=387640,제목,규칙기반 자동분류(제목·요약 낱말 대조)
2026-06-22,경주,경북 경주,행정,기타,"경주 명산 오악부터 전통시장까지, 경주를 스탬프 투어로 만나다",dkilbo.com,https://www.dkilbo.com/news/articleView.html?idxno=546719,제목,규칙기반 자동분류(제목·요약 낱말 대조)
2026-06-22,경주,경북 경주,행정,기타,"경주국립공원사무소, 경주 명산 오악잇기 스탬프 투어 실시",kbsm.net,https://www.kbsm.net/news/view.php?idx=523970,제목,규칙기반 자동분류(제목·요약 낱말 대조)
2026-06-22,한려해상,경남·전남,행정,지정·구역,[이순신 승전길을 걷다] (10) 통영 한산해전길 한산도 구간,knnews.co.kr,http://www.knnews.co.kr/news/articleView.php?idxno=1544608,요약,규칙기반 자동분류(제목·요약 낱말 대조)
2026-06-22,월출산,전남,행정,기타,"영암군, 4년 군정 성과 담은 '백서' 발간",namdonews.com,https://www.namdonews.com/news/articleView.html?idxno=914349,요약,규칙기반 자동분류(제목·요약 낱말 대조)
2026-06-22,월출산,전남,행정,기타,"영암군, 민선8기 군정백서 발간",etoday.co.kr,https://www.etoday.co.kr/news/view/2595769,요약,규칙기반 자동분류(제목·요약 낱말 대조)
2026-06-22,금정산,부산·경남,행정,지정·구역,"부산관광공사, 32개국 외국인 인플루언서와 부산 홍보",metroseoul.co.kr,http://www.metroseoul.co.kr/article/20260622500427,요약,규칙기반 자동분류(제목·요약 낱말 대조)
2026-06-22,금정산,부산·경남,행정,지정·구역,'환경의 날' 찾은 금정산 국립공원에서 참여한 '기후행동 실천 캠페인',korea.kr,https://www.korea.kr/news/reporterView.do?newsId=148966565&call_from=naver_news,제목,규칙기반 자동분류(제목·요약 낱말 대조)
2026-06-22,금정산,부산·경남,행정,지정·구역,"금정산국립공원 지정, 시민 '기념비' 만든다",news.skbroadband.com,https://news.skbroadband.com/news/articleView.html?idxno=230097,제목,규칙기반 자동분류(제목·요약 낱말 대조)
2026-06-22,금정산,부산·경남,행정,지정·구역,"금정산국립공원 지정 기념비 건립위, 창립총회 개최",btnnews.tv,https://www.btnnews.tv/news/articleView.html?idxno=90605,제목,규칙기반 자동분류(제목·요약 낱말 대조)
2026-06-22,금정산,부산·경남,행정,지정·구역,"전재수 ""당과 정부가 뒷받침할 것""…부산 현안 물꼬 기대감",nocutnews.co.kr,https://www.nocutnews.co.kr/news/6536372?utm_source=naver&utm_medium=article&utm_campaign=20260622110414,요약,규칙기반 자동분류(제목·요약 낱말 대조)
2026-06-22,금정산,부산·경남,행정,지정·구역,"부산관광공사, ‘글로벌하이킹메이트’ 부산 관광 홍보 미션 추진",busan.com,https://www.busan.com/view/busan/view.php?code=2026062210404256652,요약,규칙기반 자동분류(제목·요약 낱말 대조)
2026-06-22,(전체·공통),전국·공통,행정,법령·제도,"조계종, '자연공원법' 개정안 국회 통과 환영",bulkyo21.com,http://www.bulkyo21.com/news/articleView.html?idxno=64419,해당없음,규칙기반 자동분류(제목·요약 낱말 대조)
2026-06-22,(전체·공통),전국·공통,행정,기타,뿔쇠오리의 눈물은 계속된다... '불공정 생태계' 끝내자,ohmynews.com,https://www.ohmynews.com/NWS_Web/View/at_pg.aspx?CNTN_CD=A0003245284&CMPT_CD=P0010&utm_source=naver&utm_medium=newsearch&utm_campaign=naver_news,해당없음,규칙기반 자동분류(제목·요약 낱말 대조)
2026-06-22,(전체·공통),전국·공통,행정,법령·제도,"조계종 총무원, '자연공원법' 개정안 통과 환영",beopbo.com,https://www.beopbo.com/news/articleView.html?idxno=336187,해당없음,규칙기반 자동분류(제목·요약 낱말 대조)
2026-06-22,(전체·공통),전국·공통,행정,법령·제도,"조계종, '자연공원법' 개정 환영…""자연·문화유산 통합 관리""",hyunbulnews.com,https://www.hyunbulnews.com/news/articleView.html?idxno=503973,해당없음,규칙기반 자동분류(제목·요약 낱말 대조)
2026-06-22,(전체·공통),전국·공통,행정,법령·제도,"조계종 ""'사찰림 활용 가치 확대한 자연공원법' 개정안 국회 통과 환영...",btnnews.tv,https://www.btnnews.tv/news/articleView.html?idxno=90608,해당없음,규칙기반 자동분류(제목·요약 낱말 대조)
2026-06-22,(전체·공통),전국·공통,행정,법령·제도,‘자연공원법’ 개정안 통과…조계종 “국민 향유 공간 발전 계기”,biz.heraldcorp.com,https://biz.heraldcorp.com/article/10783970?ref=naver,해당없음,규칙기반 자동분류(제목·요약 낱말 대조)
2026-06-22,(전체·공통),전국·공통,행정,법령·제도,사찰림 활용 넓히는 '자연공원법' 개정안 통과…조계종 '환영',news1.kr,https://www.news1.kr/life-culture/religion/6204376,해당없음,규칙기반 자동분류(제목·요약 낱말 대조)
2026-06-22,(전체·공통),전국·공통,행정,법령·제도,"자연공원법 개정안 국회 통과…조계종 ""미래형 관리체계 전환점""",view.asiae.co.kr,https://view.asiae.co.kr/article/2026062211465549885,해당없음,규칙기반 자동분류(제목·요약 낱말 대조)
2026-06-22,(전체·공통),전국·공통,행정,법령·제도,"조계종 총무원, 자연공원법 개정 환영 논평...""미래지향적 정책 출발점...",ibulgyo.com,http://www.ibulgyo.com/news/articleView.html?idxno=439440,해당없음,규칙기반 자동분류(제목·요약 낱말 대조)
2026-06-22,(전체·공통),전국·공통,행정,기타,"람푼·치앙마이 지역 등 태국 북부 골프리조트 협회 ""가격 동결·상생으...",ttlnews.com,http://www.ttlnews.com/news/articleView.html?idxno=3118160,해당없음,규칙기반 자동분류(제목·요약 낱말 대조)
2026-06-22,(전체·공통),전국·공통,행정,기타,[2025년 공공기관 경영평가] 산재 배점 높였지만 중대재해 기관 87% C등급...,labortoday.co.kr,https://www.labortoday.co.kr/news/articleView.html?idxno=235229,해당없음,규칙기반 자동분류(제목·요약 낱말 대조)
2026-06-21,지리산,전남·전북·경남,행정,인사·조직,"지리산국립공원공단, 수액 채취용 폐호스 철거",gnnews.co.kr,https://www.gnnews.co.kr/news/articleView.html?idxno=639391,제목,규칙기반 자동분류(제목·요약 낱말 대조)
2026-06-21,월출산,전남,행정,기타,"영암군, 민선 8기 성과 담은 군정백서 발간",jndn.com,http://www.jndn.com/article.php?aid=1782024864434626109,요약,규칙기반 자동분류(제목·요약 낱말 대조)
2026-06-21,금정산,부산·경남,행정,지정·구역,"[세상읽기] 세계가 찾는 부산, 더욱 사랑해야 할 도시",kookje.co.kr,http://www.kookje.co.kr/news2011/asp/newsbody.asp?code=1700&key=20260622.22022003805,요약,규칙기반 자동분류(제목·요약 낱말 대조)
2026-06-21,금정산,부산·경남,행정,인사·조직,"[인터뷰]""금정산에서 금정의 미래를 본다""…윤일현 구청장의 민선 9기 구...",news1.kr,https://www.news1.kr/local/busan-gyeongnam/6203385,제목,규칙기반 자동분류(제목·요약 낱말 대조)
2026-06-21,(전체·공통),전국·공통,행정,지정·구역,"""예식비 2000만원 아꼈다""...예비부부 광클, 1분 만에 예약마감된 이곳",mt.co.kr,https://www.mt.co.kr/society/2026/06/22/2026062110053675593,해당없음,규칙기반 자동분류(제목·요약 낱말 대조)
2026-06-21,(전체·공통),전국·공통,행정,기타,[박준규의 이슈언박싱] '고양이를 죽일 수밖에 없다'는 영상에 왜 사람...,pennmike.com,https://www.pennmike.com/news/articleView.html?idxno=122471,해당없음,규칙기반 자동분류(제목·요약 낱말 대조)
2026-06-20,한려해상,경남·전남,행정,기타,"사천시, 민선9기 시정지표 ‘더 큰 사천, 더 밝은 미래’ 확정",kukinews.com,https://www.kukinews.com/article/view/kuk202606200021,요약,규칙기반 자동분류(제목·요약 낱말 대조)
2026-06-20,한려해상,경남·전남,행정,지정·구역,제주도 아니었다… 두 섬이 550m 모랫길 하나로 이어진 '국내 여행지',wikitree.co.kr,https://www.wikitree.co.kr/articles/1141586,요약,규칙기반 자동분류(제목·요약 낱말 대조)
2026-06-20,금정산,부산·경남,행정,지정·구역,"건보공단 부울경본부, 취약계층 어르신 낙상예방 기금 전달",sidae.com,https://www.sidae.com/article/2026062011380927766,요약,규칙기반 자동분류(제목·요약 낱말 대조)
2026-06-20,(전체·공통),전국·공통,행정,기타,"공무원연금·코이카 ‘아주 미흡’…정부, 기관장 해임 건의",joongang.co.kr,https://www.joongang.co.kr/article/25438337,해당없음,규칙기반 자동분류(제목·요약 낱말 대조)
2026-06-20,(전체·공통),전국·공통,행정,협약·협력,방송광고진흥공사 등 공공기관 16곳 경영 ‘낙제점’,chosun.com,https://www.chosun.com/economy/economy_general/2026/06/20/V45ZPILHU5AWZJWB4G3TC4IN2U/?utm_source=naver&utm_medium=referral&utm_campaign=naver-news,해당없음,규칙기반 자동분류(제목·요약 낱말 대조)
2026-06-20,(전체·공통),전국·공통,행정,기타,코바코 등 공공기관 16곳 경영평가 ‘낙제점’,kmib.co.kr,https://www.kmib.co.kr/article/view.asp?arcid=1781858284&code=11151100&cp=nv,해당없음,규칙기반 자동분류(제목·요약 낱말 대조)
2026-06-20,(전체·공통),전국·공통,행정,예산·재정,"'성과급은 받고, 예산은 깎이고'…공공기관 경영평가 희비 엇갈렸다",bzeronews.com,https://www.bzeronews.com/news/articleView.html?idxno=819027,해당없음,규칙기반 자동분류(제목·요약 낱말 대조)
2026-06-20,(전체·공통),전국·공통,행정,인사·조직,공무원연금·코이카 이사장 해임 건의…공공기관장 평가 부활,thepublic.kr,https://www.thepublic.kr/news/articleView.html?idxno=308440,해당없음,규칙기반 자동분류(제목·요약 낱말 대조)
2026-06-19,지리산,전남·전북·경남,행정,인사·조직,"지리산국립공원, 고로쇠 채취 폐호스 등 방치 시설물 철거",newsis.com,https://www.newsis.com/view/NISX20260619_0003676026,제목,규칙기반 자동분류(제목·요약 낱말 대조)
2026-06-19,월출산,전남,행정,기타,"우승희 영암군수 민선 8기 발자취, 군정백서로 발간",newspim.com,https://www.newspim.com/news/view/20260619000767,요약,규칙기반 자동분류(제목·요약 낱말 대조)
2026-06-19,월출산,전남,행정,기타,"영암군, 민선8기 4년 군정 성과 담은 '군정백서' 발간",pressian.com,https://www.pressian.com/pages/articles/2026061915165401639?utm_source=naver&utm_medium=search,요약,규칙기반 자동분류(제목·요약 낱말 대조)
2026-06-19,월출산,전남,행정,기타,"영암군, 민선8기 군정백서 발간과 일자리 우수 인증사업 기업 모집",newsfreezone.co.kr,https://www.newsfreezone.co.kr/news/articleView.html?idxno=695427,요약,규칙기반 자동분류(제목·요약 낱말 대조)
2026-06-19,월출산,전남,행정,기타,"영암군, 민선8기 4년 성과 담은 군정백서 발간",siminsori.com,http://www.siminsori.com/news/articleView.html?idxno=322060,요약,규칙기반 자동분류(제목·요약 낱말 대조)
2026-06-19,월출산,전남,행정,기타,"영암군, 민선 8기 군정백서 발간…핵심성과 70건 수록",news1.kr,https://www.news1.kr/local/gwangju-jeonnam/6202440,요약,규칙기반 자동분류(제목·요약 낱말 대조)
2026-06-19,월출산,전남,행정,기타,"영암군, '혁신으로 도약한 4년'... 민선8기 군정백서 공개",newsworker.co.kr,http://www.newsworker.co.kr/news/articleView.html?idxno=432158,요약,규칙기반 자동분류(제목·요약 낱말 대조)
2026-06-19,무등산,광주·전남,행정,법령·제도,"'온천 개발' 멈춘 무등산 자락, 자연학습장 되나",gjdream.com,http://www.gjdream.com/news/articleView.html?idxno=670328,제목,규칙기반 자동분류(제목·요약 낱말 대조)
2026-06-19,금정산,부산·경남,행정,지정·구역,금정산국립공원 지정 기념비 건립 추진위 창립,news.skbroadband.com,https://news.skbroadband.com/news/articleView.html?idxno=229990,제목,규칙기반 자동분류(제목·요약 낱말 대조)
2026-06-19,(전체·공통),전국·공통,행정,기타,SR·석유공사 등 16곳 경영평가 ‘낙제점’…공무원연금공단·코이카 기...,joongang.co.kr,https://www.joongang.co.kr/article/25438266,해당없음,규칙기반 자동분류(제목·요약 낱말 대조)
2026-06-19,(전체·공통),전국·공통,행정,협약·협력,"2025년 공공기관 경영평가 발표, 방송광고진흥공사·한국국제협력단 E등...",businesspost.co.kr,https://www.businesspost.co.kr/BP?command=article_view&num=440449,해당없음,규칙기반 자동분류(제목·요약 낱말 대조)
2026-06-19,(전체·공통),전국·공통,행정,예산·재정,한전·한수원·무보 등 ‘A학점’…AI·안전·재정관리가 성적 갈랐다,sedaily.com,https://www.sedaily.com/article/20057924?ref=naver,해당없음,규칙기반 자동분류(제목·요약 낱말 대조)
2026-06-19,(전체·공통),전국·공통,행정,기타,공무원연금공단·코이카 기관장 해임 건의,mk.co.kr,https://www.mk.co.kr/article/12078657,해당없음,규칙기반 자동분류(제목·요약 낱말 대조)
2026-06-19,(전체·공통),전국·공통,행정,기타,"경영평가, 예보 '사실상 최고' A등급…'중대재해' 캠코는 D등급 추락",newsworks.co.kr,https://www.newsworks.co.kr/news/articleView.html?idxno=844523,해당없음,규칙기반 자동분류(제목·요약 낱말 대조)
2026-06-19,(전체·공통),전국·공통,행정,인사·조직,"""KOICA 이사장 해임 건의""…공공기관 평가서 최하위",dongponews.net,https://www.dongponews.net/news/articleView.html?idxno=58825,해당없음,규칙기반 자동분류(제목·요약 낱말 대조)
2026-06-19,(전체·공통),전국·공통,행정,인사·조직,"""제도 첫 도입에 준비 부족""…기관장평가 미흡 이하 비율 높았다[문답]",news1.kr,https://www.news1.kr/economy/trend/6202830,해당없음,규칙기반 자동분류(제목·요약 낱말 대조)
2026-06-19,(전체·공통),전국·공통,행정,예산·재정,공무원연금공단·KOICA 기관장 해임 건의…미흡 기관 16곳 예산 삭감 [20...,dailian.co.kr,https://www.dailian.co.kr/news/view/1657847/?sc=Naver,해당없음,규칙기반 자동분류(제목·요약 낱말 대조)
2026-06-19,(전체·공통),전국·공통,행정,인사·조직,李정부 사실상 첫 公기관 경평…尹정부 기관장 2명 해임 건의,pinpointnews.co.kr,https://www.pinpointnews.co.kr/news/articleView.html?idxno=461580,해당없음,규칙기반 자동분류(제목·요약 낱말 대조)
2026-06-19,(전체·공통),전국·공통,행정,인사·조직,공공기관장 평가 부활…공무원연금·코이카 이사장 해임 건의,kbmaeil.com,https://www.kbmaeil.com/article/20260619500202,해당없음,규칙기반 자동분류(제목·요약 낱말 대조)
2026-06-19,(전체·공통),전국·공통,행정,예산·재정,생명 잃으면 기관장도 책임진다…'안전' 정조준한 공공기관 경영평가,newsinside.kr,https://www.newsinside.kr/news/articleView.html?idxno=4775889,해당없음,규칙기반 자동분류(제목·요약 낱말 대조)
2026-06-19,(전체·공통),전국·공통,행정,인사·조직,공공기관 경영평가 'D·E등급' 16곳…공무원연금·코이카 기관장 해임 건...,news1.kr,https://www.news1.kr/economy/trend/6202793,해당없음,규칙기반 자동분류(제목·요약 낱말 대조)
2026-06-19,(전체·공통),전국·공통,행정,협약·협력,[공공기관 경영평가] 4년째 탁월 등급 '전무'...'아주미흡' 기관장 2명 해...,newspim.com,https://www.newspim.com/news/view/20260619000757,해당없음,규칙기반 자동분류(제목·요약 낱말 대조)
2026-06-19,(전체·공통),전국·공통,행정,예산·재정,공공기관 평가서 16곳 미흡 이하…성과급 끊기고 경상경비 삭감,the-biz.co.kr,http://www.the-biz.co.kr/news/articleView.html?idxno=722934,해당없음,규칙기반 자동분류(제목·요약 낱말 대조)
2026-06-19,(전체·공통),전국·공통,행정,법령·제도,자연공원법 개정…전통사찰·사찰림 '규제대상'서 '공원자원'으로 전환,beopbo.com,https://www.beopbo.com/news/articleView.html?idxno=336150,해당없음,규칙기반 자동분류(제목·요약 낱말 대조)
2026-06-19,(전체·공통),전국·공통,행정,협약·협력,공무원연금공단·코이카기관장 해임건의…'미흡 이하' 16개[2026 공공기관...,etoday.co.kr,https://www.etoday.co.kr/news/view/2595421,해당없음,규칙기반 자동분류(제목·요약 낱말 대조)
2026-06-19,(전체·공통),전국·공통,행정,협약·협력,공공기관 경영평가...'공무원연금공단·코이카' 기관장 해임 건의,ytn.co.kr,https://www.ytn.co.kr/_ln/0102_202606191458195206,해당없음,규칙기반 자동분류(제목·요약 낱말 대조)
2026-06-19,(전체·공통),전국·공통,행정,협약·협력,한국방송광고진흥공사 등 공공기관 16곳 경영 ‘낙제점’,chosun.com,https://www.chosun.com/economy/economy_general/2026/06/19/NCSBCCABJJGLROP6YY3O54Z7RE/?utm_source=naver&utm_medium=referral&utm_campaign=naver-news,해당없음,규칙기반 자동분류(제목·요약 낱말 대조)
2026-06-19,(전체·공통),전국·공통,행정,인사·조직,SR·석유公 등 16곳 경영평가 ‘낙제점’… 공무원연금공단·KOICA 이사장...,biz.chosun.com,https://biz.chosun.com/policy/policy_sub/2026/06/19/I2NX66ZL2ZAJ5BGWLR4G4NWZPY/?utm_source=naver&utm_medium=original&utm_campaign=biz,해당없음,규칙기반 자동분류(제목·요약 낱말 대조)
2026-06-19,북한산,서울·경기,행정,지정·구역,"'한양성곽' 유네스코 지정, 협의가 우선",beopbo.com,https://www.beopbo.com/news/articleView.html?idxno=336114,요약,규칙기반 자동분류(제목·요약 낱말 대조)
2026-06-19,(전체·공통),전국·공통,행정,예산·재정,캠코 등 공공기관 16곳 경영 '낙제점',biz.sbs.co.kr,https://biz.sbs.co.kr/article_hub/20000317769?division=NAVER,해당없음,규칙기반 자동분류(제목·요약 낱말 대조)
2026-06-19,(전체·공통),전국·공통,행정,협약·협력,민영삼이 남긴 코바코 기관평가 '아주 미흡' 최하위,mediaus.co.kr,https://www.mediaus.co.kr/news/articleView.html?idxno=317368,해당없음,규칙기반 자동분류(제목·요약 낱말 대조)
2026-06-19,(전체·공통),전국·공통,행정,기타,16개 공공기관 '낙제점'…실적 부실 수장 '해임 직면',youthdaily.co.kr,https://www.youthdaily.co.kr/news/article.html?no=221323,해당없음,규칙기반 자동분류(제목·요약 낱말 대조)
2026-06-19,(전체·공통),전국·공통,행정,인사·조직,부활한 공공기관장 평가…공무원연금·코이카 이사장 해임 건의(종합2보...,yna.co.kr,https://www.yna.co.kr/view/AKR20260619102952002?input=1195m,해당없음,규칙기반 자동분류(제목·요약 낱말 대조)
2026-06-19,(전체·공통),전국·공통,행정,기타,코이카·코바코 등 16개 公기관 낙제점…기관장 2명 해임건의(종합),newsis.com,https://www.newsis.com/view/NISX20260619_0003676168,해당없음,규칙기반 자동분류(제목·요약 낱말 대조)
2026-06-19,(전체·공통),전국·공통,행정,기타,공공기관 성적표 공개… 성과 못 내면 자리도 흔들,newswhoplus.com,https://www.newswhoplus.com/news/articleView.html?idxno=62699,해당없음,규칙기반 자동분류(제목·요약 낱말 대조)
2026-06-19,(전체·공통),전국·공통,행정,기타,[공공기관 경영평가] 코바코·국립공원공단 최하위…미흡 이하 16곳으로...,ajunews.com,https://www.ajunews.com/view/20260619151805138,해당없음,규칙기반 자동분류(제목·요약 낱말 대조)
2026-06-19,(전체·공통),전국·공통,행정,기타,코이카·코바코 등 16개 公기관 낙제점…기관장 2명 해임건의,newsis.com,https://www.newsis.com/view/NISX20260619_0003675878,해당없음,규칙기반 자동분류(제목·요약 낱말 대조)
2026-06-19,(전체·공통),전국·공통,행정,협약·협력,"[2026 경영평가] 공공기관 15곳 '우수', 아주미흡 기관장 7명 '해임 건의...",srtimes.kr,http://www.srtimes.kr/news/articleView.html?idxno=205674,해당없음,규칙기반 자동분류(제목·요약 낱말 대조)
2026-06-19,(전체·공통),전국·공통,행정,인사·조직,"정부, 공무원연금공단·코이카 이사장 해임 건의…“경영 실적 아주미흡...",news.kbs.co.kr,https://news.kbs.co.kr/news/pc/view/view.do?ncd=8590444&ref=A,해당없음,규칙기반 자동분류(제목·요약 낱말 대조)
2026-06-19,(전체·공통),전국·공통,행정,인사·조직,캠코 등 공공기관 16곳 '낙제점'…공무원연금공단·코이카 이사장 해임...,biz.sbs.co.kr,https://biz.sbs.co.kr/article_hub/20000317698?division=NAVER,해당없음,규칙기반 자동분류(제목·요약 낱말 대조)
2026-06-19,(전체·공통),전국·공통,행정,기타,코바코·코이카·국립공원공단 공기관 평가 '최하 등급'..'부실' 기관장...,fnnews.com,http://www.fnnews.com/news/202606191422373541,해당없음,규칙기반 자동분류(제목·요약 낱말 대조)
2026-06-19,(전체·공통),전국·공통,행정,법령·제도,전력公·자원公 희비 교차…중대재해 사망사고시 경평 '낙제'(종합),newsis.com,https://www.newsis.com/view/NISX20260619_0003676393,해당없음,규칙기반 자동분류(제목·요약 낱말 대조)
2026-06-18,월악산,충북·경북,행정,협약·협력,"국립공원공단 월악산국립공원사무소, 지역 청년 사업가와 상생협력 업무...",inews365.com,https://www.inews365.com/news/article.html?no=923943,제목,규칙기반 자동분류(제목·요약 낱말 대조)
2026-06-18,월악산,충북·경북,행정,인사·조직,"월악산국립공원, '드론 순찰단' 모집…과학적 공원관리 체계 강화",tournews21.com,https://www.tournews21.com/news/articleView.html?idxno=136826,제목,규칙기반 자동분류(제목·요약 낱말 대조)
2026-06-18,월악산,충북·경북,행정,법령·제도,"월악산국립공원, '드론 순찰단' 모집…과학적 공원관리 본격화",inews365.com,https://www.inews365.com/news/article.html?no=923947,제목,규칙기반 자동분류(제목·요약 낱말 대조)
2026-06-18,월악산,충북·경북,행정,인사·조직,"월악산국립공원, 민간 '월악산 드론 순찰단' 모집",cctimes.kr,http://www.cctimes.kr/news/articleView.html?idxno=912162,제목,규칙기반 자동분류(제목·요약 낱말 대조)
2026-06-18,월악산,충북·경북,행정,협약·협력,"월악산국립공원, 청년들과 손잡고 고품격 '미식 탐방' 문 연다",cctimes.kr,http://www.cctimes.kr/news/articleView.html?idxno=912136,제목,규칙기반 자동분류(제목·요약 낱말 대조)
2026-06-18,무등산,광주·전남,행정,협약·협력,"[사회공헌 특집(160)] 중흥그룹, '지역 나눔→글로벌 ESG'…""정창선 창업...",economytalk.kr,http://www.economytalk.kr/news/articleView.html?idxno=422044,요약,규칙기반 자동분류(제목·요약 낱말 대조)
2026-06-18,태백산,강원·경북,행정,인사·조직,[포토뉴스]2026년 상반기 태백산국립공원 협치위원회,kwnews.co.kr,https://www.kwnews.co.kr/page/view/2026061850018400000,제목,규칙기반 자동분류(제목·요약 낱말 대조)
2026-06-18,태백산,강원·경북,행정,인사·조직,"태백산국립공원사무소, 협치위원회 개최…지역사회와 상생 협력 강화",sentv.co.kr,https://www.sentv.co.kr/article/view/sentv202606180053,제목,규칙기반 자동분류(제목·요약 낱말 대조)
2026-06-18,팔공산,대구·경북,행정,인사·조직,"국립공원공단 팔공산동부사무소, 대학생 대상 '유니버레인저' 모집",tournews21.com,https://www.tournews21.com/news/articleView.html?idxno=136831,제목,규칙기반 자동분류(제목·요약 낱말 대조)
2026-06-18,(전체·공통),전국·공통,행정,지정·구역,택배 포장 단속센터 만들고 의료폐기물 재활용 확대…환경법 9건 처리,news1.kr,https://www.news1.kr/society/environment/6201552,해당없음,규칙기반 자동분류(제목·요약 낱말 대조)
2026-06-18,(전체·공통),전국·공통,행정,법령·제도,자연공원법 개정안 국회 통과…‘공원자원’ 개념 도입,lak.co.kr,http://www.lak.co.kr/news/boardview.php?id=23324,해당없음,규칙기반 자동분류(제목·요약 낱말 대조)
2026-06-18,(전체·공통),전국·공통,행정,협약·협력,"한국산림복지진흥원, 국민 중심 혁신과 안전 강화로 '산림복지' 가치 높...",ccnnews.co.kr,http://www.ccnnews.co.kr/news/articleView.html?idxno=410915,해당없음,규칙기반 자동분류(제목·요약 낱말 대조)
2026-06-18,(전체·공통),전국·공통,행정,기타,"해수부, 19~20일 제주 차귀도 일대서 '무인도서 해양정화 캠페인' 실시",news1.kr,https://www.news1.kr/society/environment/6201137,해당없음,규칙기반 자동분류(제목·요약 낱말 대조)
2026-06-17,월악산,충북·경북,행정,기타,"월악산국립공원·청년사업가, '상생형 제철 한 끼 프로젝트'",ccdailynews.com,https://www.ccdailynews.com/news/articleView.html?idxno=2422593,제목,규칙기반 자동분류(제목·요약 낱말 대조)
2026-06-17,팔공산,대구·경북,행정,인사·조직,"[당선인에게 듣는다] 우성진 대구 동구청장 당선인 ""행정 공백 수습·주...",hidomin.com,https://www.hidomin.com/news/articleView.html?idxno=709762,요약,규칙기반 자동분류(제목·요약 낱말 대조)
2026-06-17,금정산,부산·경남,행정,인사·조직,윤일현 부산 금정구청장 당선인 “구서IC 일원 개발 등 성장동력 강화”,kookje.co.kr,http://www.kookje.co.kr/news2011/asp/newsbody.asp?code=0300&key=20260618.22008004958,요약,규칙기반 자동분류(제목·요약 낱말 대조)
2026-06-17,(전체·공통),전국·공통,행정,기타,"""관광객 몰리자 입장료 차등화...일본, '이중가격' 확산""",newspim.com,https://www.newspim.com/news/view/20260617000304,해당없음,규칙기반 자동분류(제목·요약 낱말 대조)
2026-06-17,(전체·공통),전국·공통,행정,기타,"""새 삶 향한 여정 시작""...철창 떠난 사육곰 6마리, 덴마크 숲으로",ngonews.kr,https://www.ngonews.kr/news/articleView.html?idxno=231279,해당없음,규칙기반 자동분류(제목·요약 낱말 대조)
2026-06-16,설악산,강원,행정,인사·조직,"설악산국립공원사무소, 설악산 공룡능선서 발목부상 외국여성 긴급구조",tournews21.com,https://www.tournews21.com/news/articleView.html?idxno=136697,제목,규칙기반 자동분류(제목·요약 낱말 대조)
2026-06-16,(전체·공통),전국·공통,행정,기타,"정부, 수상 안전관리 대책 한달 앞당겨 운영",safetynews.co.kr,https://www.safetynews.co.kr/news/articleView.html?idxno=249012,해당없음,규칙기반 자동분류(제목·요약 낱말 대조)
2026-06-16,(전체·공통),전국·공통,행정,기타,"행안부, 여름철 수상안전 특별대책 조기 가동…안전요원 339명 늘린다",mk.co.kr,https://www.mk.co.kr/article/12075454,해당없음,규칙기반 자동분류(제목·요약 낱말 대조)
2026-06-16,(전체·공통),전국·공통,행정,기타,이른 무더위에 수상사고 벌써 7명 사망…안전대책 한 달 앞당긴다,news1.kr,https://www.news1.kr/local/moi/6198782,해당없음,규칙기반 자동분류(제목·요약 낱말 대조)
2026-06-15,다도해해상,전남,행정,지정·구역,"관매 8경 넘치는 설화, 이제 전해줄 사람이 없네",kwangju.co.kr,http://www.kwangju.co.kr/article.php?aid=1781487000800119398,요약,규칙기반 자동분류(제목·요약 낱말 대조)
2026-06-15,북한산,서울·경기,행정,지정·구역,"산악 마라톤, 이제는 지정 구역서만…국립공원공단, 운영 구간 지정하기...",news.tvchosun.com,https://news.tvchosun.com/site/data/html_dir/2026/06/15/2026061590312.html,요약,규칙기반 자동분류(제목·요약 낱말 대조)
2026-06-15,소백산,충북·경북,행정,기타,소백산 고지대 초여름 야생화 만발…눈개승마·큰앵초·백당나무,hankookilbo.com,https://www.hankookilbo.com/news/article/A2026061510300005462?did=NA,제목,규칙기반 자동분류(제목·요약 낱말 대조)
2026-06-15,금정산,부산·경남,행정,인사·조직,"건보공단 부울경, 환경의 날 맞아 금정산 국립공원서 플로깅 전개",cnbnews.com,https://www.cnbnews.com/news/articleView.html?idxno=1004610,제목,규칙기반 자동분류(제목·요약 낱말 대조)
2026-06-15,(전체·공통),전국·공통,행정,연구·용역,[사설] 혁신도시 지향점 정하는 나침반 기대,kado.net,https://www.kado.net/news/articleView.html?idxno=2055677,해당없음,규칙기반 자동분류(제목·요약 낱말 대조)
2026-06-13,내장산,전북·전남,행정,기타,두 고개 너머로 이어진 숲과 불심의 길,hapt.co.kr,https://www.hapt.co.kr/news/articleView.html?idxno=168723,요약,규칙기반 자동분류(제목·요약 낱말 대조)
2026-06-13,월출산,전남,행정,기타,"강진의 여름, 다채로운 자연과 역사를 만나는 가볼 만한 곳",cbci.co.kr,https://www.cbci.co.kr/news/articleView.html?idxno=581647,요약,규칙기반 자동분류(제목·요약 낱말 대조)
2026-06-12,금정산,부산·경남,행정,인사·조직,"부산 금정구, 서울국제관광전 최우수 마케팅상 수상…금정산 가치 알렸...",news1.kr,https://www.news1.kr/local/busan-gyeongnam/6195615,제목,규칙기반 자동분류(제목·요약 낱말 대조)
2026-06-12,(전체·공통),전국·공통,행정,기타,별이 사라진 시대…세계가 'Dark Sky'를 다시 찾는 이유,e-science.co.kr,https://www.e-science.co.kr/news/articleView.html?idxno=129899,해당없음,규칙기반 자동분류(제목·요약 낱말 대조)
2026-06-11,지리산,전남·전북·경남,행정,협약·협력,구례소방서 '지리산 안심마을 안전지원 사업' 공동협력 맞손,jeonmae.co.kr,https://www.jeonmae.co.kr/news/articleView.html?idxno=1264273,제목,규칙기반 자동분류(제목·요약 낱말 대조)
2026-06-11,지리산,전남·전북·경남,행정,협약·협력,지리산권 안전망 강화…구례소방서·유관기관 공동 대응 나선다,m-i.kr,https://www.m-i.kr/news/articleView.html?idxno=1380558,제목,규칙기반 자동분류(제목·요약 낱말 대조)
2026-06-11,경주,경북 경주,행정,인사·조직,"박은식 산림청장, 경주 훈증더미 제거 현장점검···""국민 체감 성과 내...",paxetv.com,http://www.paxetv.com/news/articleView.html?idxno=274451,제목,규칙기반 자동분류(제목·요약 낱말 대조)
2026-06-11,한려해상,경남·전남,행정,기타,"한려해상국립공원·포스코엠텍, 환경정화 캠페인",gnmaeil.com,http://www.gnmaeil.com/news/articleView.html?idxno=588529,제목,규칙기반 자동분류(제목·요약 낱말 대조)
2026-06-11,한려해상,경남·전남,행정,기타,한려해상국립공원-포스코엠텍 환경정화 캠페인 실시,gndomin.com,http://www.gndomin.com/news/articleView.html?idxno=478402,제목,규칙기반 자동분류(제목·요약 낱말 대조)
2026-06-11,북한산,서울·경기,행정,인사·조직,"'무재해' 1000만 서명운동, 숏폼으로 부활",mk.co.kr,https://www.mk.co.kr/article/12071831,요약,규칙기반 자동분류(제목·요약 낱말 대조)
2026-06-11,팔공산,대구·경북,행정,인사·조직,"대구 동구, 관광지 모바일 스탬프 투어 운영",hidomin.com,https://www.hidomin.com/news/articleView.html?idxno=709056,요약,규칙기반 자동분류(제목·요약 낱말 대조)
2026-06-11,(전체·공통),전국·공통,행정,지정·구역,이재명 정부 1년…불교계 정책 어디까지 왔나,hyunbulnews.com,https://www.hyunbulnews.com/news/articleView.html?idxno=503778,해당없음,규칙기반 자동분류(제목·요약 낱말 대조)
2026-06-11,(전체·공통),전국·공통,행정,기타,"사천시, 환경교육주간 맞아 '환경이랑 놀자' 행사 진행",newsgn.com,https://www.newsgn.com/news/articleView.html?idxno=556276,해당없음,규칙기반 자동분류(제목·요약 낱말 대조)
2026-06-11,(전체·공통),전국·공통,행정,인사·조직,전년 부진했던 기관들 대약진…재무성과 도로교통공단 '최우수',edaily.co.kr,https://www.edaily.co.kr/news/newspath.asp?newsid=01653126645480736,해당없음,규칙기반 자동분류(제목·요약 낱말 대조)
2026-06-11,(전체·공통),전국·공통,행정,연구·용역,국민연금공단·전북도·나주시 '혁신도시 상생대상',kado.net,https://www.kado.net/news/articleView.html?idxno=2055144,해당없음,규칙기반 자동분류(제목·요약 낱말 대조)
2026-06-11,(전체·공통),전국·공통,행정,협약·협력,"동국제약, AI 활용한 브랜드 콘텐츠 공개",newspost.kr,https://www.newspost.kr/news/articleView.html?idxno=223502,해당없음,규칙기반 자동분류(제목·요약 낱말 대조)
2026-06-10,지리산,전남·전북·경남,행정,지정·구역,"국립공원 60년 희생, 더는 지역에만 떠넘길 수 없다",jeollailbo.com,http://www.jeollailbo.com/news/articleView.html?idxno=802331,요약,규칙기반 자동분류(제목·요약 낱말 대조)
2026-06-10,한려해상,경남·전남,행정,인사·조직,세계환경의 날 기념 '한려해상-포스코엠텍' 합동 환경정화 캠페인 실시,newsgn.com,https://www.newsgn.com/news/articleView.html?idxno=556193,제목,규칙기반 자동분류(제목·요약 낱말 대조)
2026-06-10,월악산,충북·경북,행정,인사·조직,"월악산국립공원사무소, 와우수풀링(월악산) 환경교육 프로그램 실시",cctimes.kr,http://www.cctimes.kr/news/articleView.html?idxno=910810,제목,규칙기반 자동분류(제목·요약 낱말 대조)
2026-06-10,팔공산,대구·경북,행정,지정·구역,[스토리로 만나는 경북의 문화유산] 팔공산 갓바위 여래좌상,idaegu.com,https://www.idaegu.com/news/articleView.html?idxno=663515,제목,규칙기반 자동분류(제목·요약 낱말 대조)
2026-06-10,팔공산,대구·경북,행정,기타,"국립공원공단, 대구 초·중학생 대상 '제2회 팔공산 그림대회' 개최",news.bbsi.co.kr,https://news.bbsi.co.kr/news/articleView.html?idxno=4088502,제목,규칙기반 자동분류(제목·요약 낱말 대조)
2026-06-10,금정산,부산·경남,행정,지정·구역,[사색의향기] 어쩌다 금정산행,g-enews.com,https://www.g-enews.com/view.php?ud=20260610101258156e250e8e188_1,제목,규칙기반 자동분류(제목·요약 낱말 대조)
2026-06-10,(전체·공통),전국·공통,행정,지정·구역,'전북 야생동물 구조인력 단 2명?'··· 턱없이 부족해,jjn.co.kr,http://www.jjn.co.kr/news/articleView.html?idxno=1043303,해당없음,규칙기반 자동분류(제목·요약 낱말 대조)
2026-06-10,(전체·공통),전국·공통,행정,기타,"[현장] ""중남미는 여행의 끝판왕""…교원투어 '트래블 이지쇼' 북적",daily.hankooki.com,https://daily.hankooki.com/news/articleView.html?idxno=1375342,해당없음,규칙기반 자동분류(제목·요약 낱말 대조)
2026-06-10,(전체·공통),전국·공통,행정,지정·구역,"필리핀 관광부, 서울국제관광전서 '디지털 노마드 비자' 전면 공식화",ttlnews.com,http://www.ttlnews.com/news/articleView.html?idxno=3115469,해당없음,규칙기반 자동분류(제목·요약 낱말 대조)
2026-06-10,(전체·공통),전국·공통,행정,연구·용역,2026 혁신도시 상생대상에 국민연금공단·전북특별자치도·전남 나주시...,kado.net,https://www.kado.net/news/articleView.html?idxno=2054970,해당없음,규칙기반 자동분류(제목·요약 낱말 대조)
2026-06-10,(전체·공통),전국·공통,행정,인사·조직,"강기윤 창원시장 당선인, 시정 밑그림 그릴 인수위 출범",gukjenews.com,https://www.gukjenews.com/news/articleView.html?idxno=3604614,해당없음,규칙기반 자동분류(제목·요약 낱말 대조)
2026-06-10,(전체·공통),전국·공통,행정,인사·조직,"강기윤 창원시장 당선인, 인수위 공식 출범… 민선 9기 시정 구상 본격...",viva100.com,https://www.viva100.com/article/20260610500495,해당없음,규칙기반 자동분류(제목·요약 낱말 대조)
2026-06-10,(전체·공통),전국·공통,행정,인사·조직,"창원시 강기윤 시장 당선인, 민선 9기 인수위 공식 출범",metroseoul.co.kr,http://www.metroseoul.co.kr/article/20260609500385,해당없음,규칙기반 자동분류(제목·요약 낱말 대조)
2026-06-09,지리산,전남·전북·경남,행정,연구·용역,"지리산·무등산 도로, 야생동물엔 ‘죽음의 덫’이었다",kwangju.co.kr,http://www.kwangju.co.kr/article.php?aid=1781004000799968006,제목,규칙기반 자동분류(제목·요약 낱말 대조)
2026-06-09,내장산,전북·전남,행정,협약·협력,"하얀양옥집에서 선보이는 ‘전북의 국립공원, 예술로 피어나다’",lak.co.kr,http://www.lak.co.kr/news/boardview.php?id=23252,요약,규칙기반 자동분류(제목·요약 낱말 대조)
2026-06-09,팔공산,대구·경북,행정,지정·구역,[이사람] ‘팔공산에 살어리랏다’ 출간한 산중식당 김태락 옹,kbmaeil.com,https://www.kbmaeil.com/article/20260609500075,제목,규칙기반 자동분류(제목·요약 낱말 대조)
2026-06-09,(전체·공통),전국·공통,행정,인사·조직,"강기윤, 공약 이행 로드맵 수립 시동",gnmaeil.com,http://www.gnmaeil.com/news/articleView.html?idxno=588279,해당없음,규칙기반 자동분류(제목·요약 낱말 대조)
2026-06-09,(전체·공통),전국·공통,행정,기타,"방관자적 태도, 한인 경기 못 살린다",koreatimes.com,http://www.koreatimes.com/article/1616585,해당없음,규칙기반 자동분류(제목·요약 낱말 대조)
2026-06-09,(전체·공통),전국·공통,행정,기타,"숙소 앞에 코끼리가…세계테마기행, 남아공 야생 한가운데로 들어가다",wikitree.co.kr,https://www.wikitree.co.kr/articles/1140314,해당없음,규칙기반 자동분류(제목·요약 낱말 대조)
2026-06-09,(전체·공통),전국·공통,행정,인사·조직,"강기윤 당선인, 창원시정 밑그림 그릴 인수위 출범",gndomin.com,http://www.gndomin.com/news/articleView.html?idxno=478074,해당없음,규칙기반 자동분류(제목·요약 낱말 대조)
2026-06-09,(전체·공통),전국·공통,행정,인사·조직,"강기윤 창원시장 당선인 인수위원회 출범, 민선9기 비전 설계",enewstoday.co.kr,http://www.enewstoday.co.kr/news/articleView.html?idxno=2437342,해당없음,규칙기반 자동분류(제목·요약 낱말 대조)
2026-06-09,(전체·공통),전국·공통,행정,기타,[세계테마기행] 남아프리카공화국 2부 - 소웨토,queen.co.kr,http://www.queen.co.kr/news/articleView.html?idxno=458238,해당없음,규칙기반 자동분류(제목·요약 낱말 대조)
2026-06-09,(전체·공통),전국·공통,행정,인사·조직,"강기윤 당선인, 시정 밑그림 그릴 인수위 출범, 오늘부터 공식 활동",newsfreezone.co.kr,https://www.newsfreezone.co.kr/news/articleView.html?idxno=693746,해당없음,규칙기반 자동분류(제목·요약 낱말 대조)
2026-06-09,(전체·공통),전국·공통,행정,인사·조직,강기윤 창원특례시장 당선인 시장직 인수위 출범,mt.co.kr,https://www.mt.co.kr/policy/2026/06/09/2026060916323588465,해당없음,규칙기반 자동분류(제목·요약 낱말 대조)
2026-06-09,(전체·공통),전국·공통,행정,인사·조직,"강기윤 창원시장 당선인 인수위 출범…""시정비전 설계""",nocutnews.co.kr,https://www.nocutnews.co.kr/news/6530348?utm_source=naver&utm_medium=article&utm_campaign=20260609044543,해당없음,규칙기반 자동분류(제목·요약 낱말 대조)
2026-06-09,(전체·공통),전국·공통,행정,인사·조직,"""시민 최우선"" 강기윤 창원시장 당선인, 시장직 인수위 공식 출범",cnbnews.com,https://www.cnbnews.com/news/articleView.html?idxno=1004064,해당없음,규칙기반 자동분류(제목·요약 낱말 대조)
2026-06-09,(전체·공통),전국·공통,행정,인사·조직,강기윤 창원시장직 인수위원장에 조청래 '캠프' 총괄기획단장,daily.hankooki.com,https://daily.hankooki.com/news/articleView.html?idxno=1374908,해당없음,규칙기반 자동분류(제목·요약 낱말 대조)
2026-06-09,(전체·공통),전국·공통,행정,인사·조직,"강기윤, 민선 9기 시정 인수위원회 출범…전문성 강화·시민 소통",newspim.com,https://www.newspim.com/news/view/20260609001016,해당없음,규칙기반 자동분류(제목·요약 낱말 대조)
2026-06-09,(전체·공통),전국·공통,행정,인사·조직,민선 9기 '강기윤 창원시장' 인수위 공식 출범,breaknews.com,http://www.breaknews.com/1212913,해당없음,규칙기반 자동분류(제목·요약 낱말 대조)
2026-06-09,(전체·공통),전국·공통,행정,기타,'이토록 우아한 남아프리카공화국' (EBS 세계테마기행),kstar.kbs.co.kr,https://kstar.kbs.co.kr/list_view.html?idx=403043,해당없음,규칙기반 자동분류(제목·요약 낱말 대조)
2026-06-09,(전체·공통),전국·공통,행정,기타,"넬슨 만델라의 발자취부터 크루거 사파리까지… 세계테마기행, 박다애 ...",lecturernews.com,https://www.lecturernews.com/news/articleView.html?idxno=203816,해당없음,규칙기반 자동분류(제목·요약 낱말 대조)
2026-06-08,한라산,제주,행정,연구·용역,멸종 직전에 몰린 제주 고유종 '한라솜다리' 특별전 마련,mediajeju.com,https://www.mediajeju.com/news/articleView.html?idxno=364623,요약,규칙기반 자동분류(제목·요약 낱말 대조)
2026-06-08,가야산,경북·경남,행정,인사·조직,"가야산국립공원, 민관협력 네트워크 활성화 교육",seongjuro.co.kr,https://www.seongjuro.co.kr/news/view.php?idx=60205,제목,규칙기반 자동분류(제목·요약 낱말 대조)
2026-06-08,월악산,충북·경북,행정,인사·조직,"월악산국립공원, 의림지서 자연·청렴 알렸다",ccdn.co.kr,https://www.ccdn.co.kr/news/articleView.html?idxno=1081972,제목,규칙기반 자동분류(제목·요약 낱말 대조)
2026-06-08,월악산,충북·경북,행정,인사·조직,"월악산국립공원사무소, 제1회 제천 숲푸드마켓 페스티벌서 사진전 및 청...",cctimes.kr,http://www.cctimes.kr/news/articleView.html?idxno=910318,제목,규칙기반 자동분류(제목·요약 낱말 대조)
2026-06-08,변산반도,전북 부안,행정,기타,"[고길섶의 변산면 이야기-2] 변산의 옛 실상사, 세종이 지은 '월인천강...",ibuan.com,https://www.ibuan.com/news/articleView.html?idxno=56008,요약,규칙기반 자동분류(제목·요약 낱말 대조)
2026-06-08,팔공산,대구·경북,행정,인사·조직,"김종술 대구보훈청장 ""우리의 삶을 지켜준 영웅들, 잊지 않고 기억하겠...",news.bbsi.co.kr,https://news.bbsi.co.kr/news/articleView.html?idxno=4087886,요약,규칙기반 자동분류(제목·요약 낱말 대조)
2026-06-08,(전체·공통),전국·공통,행정,인사·조직,강기윤 창원시장 당선인 인수위 9일 출범,gnnews.co.kr,https://www.gnnews.co.kr/news/articleView.html?idxno=638561,해당없음,규칙기반 자동분류(제목·요약 낱말 대조)
2026-06-08,(전체·공통),전국·공통,행정,기타,[여적] 병아리와 플라밍고,khan.co.kr,https://www.khan.co.kr/article/202606081817001,해당없음,규칙기반 자동분류(제목·요약 낱말 대조)
2026-06-08,(전체·공통),전국·공통,행정,인사·조직,"강기윤 창원시장 당선인, 창원시정 밑그림 그릴 인수위 구성 완료",view.asiae.co.kr,https://view.asiae.co.kr/article/2026060817401359065,해당없음,규칙기반 자동분류(제목·요약 낱말 대조)
2026-06-08,(전체·공통),전국·공통,행정,인사·조직,"국립공원공단, 노·사·감 청렴 공동선언식 개최",kado.net,https://www.kado.net/news/articleView.html?idxno=2054529,해당없음,규칙기반 자동분류(제목·요약 낱말 대조)
2026-06-08,(전체·공통),전국·공통,행정,지정·구역,"[청년뉴스] 성동구, 청년친화도시 지정 후 전국 지자체 벤치마킹 잇따라...",ibabynews.com,https://www.ibabynews.com/news/articleView.html?idxno=151873,해당없음,규칙기반 자동분류(제목·요약 낱말 대조)
2026-06-08,(전체·공통),전국·공통,행정,기타,[남성현의 산림르네상스(11)] 숲에서 찾는 국민 건강의 길: 산림치유와...,lecturernews.com,https://www.lecturernews.com/news/articleView.html?idxno=203841,해당없음,규칙기반 자동분류(제목·요약 낱말 대조)
2026-06-08,(전체·공통),전국·공통,행정,지정·구역,[지구촌 이색 환경정책 소개] “숲을 지키면 돈을 드립니다” ... 콜롬비...,dailyt.co.kr,https://www.dailyt.co.kr/newsView/dlt202606080002,해당없음,규칙기반 자동분류(제목·요약 낱말 대조)
2026-06-08,(전체·공통),전국·공통,행정,기타,[패트롤]원주시-횡성군,ekn.kr,https://www.ekn.kr/web/view.php?key=20260608025181340,해당없음,규칙기반 자동분류(제목·요약 낱말 대조)
2026-06-08,(전체·공통),전국·공통,행정,기타,[정책브리핑] 2026년 06월 08일 월요일 주요 정책,sisunnews.co.kr,http://www.sisunnews.co.kr/news/articleView.html?idxno=240006,해당없음,규칙기반 자동분류(제목·요약 낱말 대조)
2026-06-07,오대산,강원,행정,인사·조직,"솔바람 따라 걷고, 생명·평화·나눔 새기다…월정사·법보신문, 제21회...",beopbo.com,https://www.beopbo.com/news/articleView.html?idxno=335852,요약,규칙기반 자동분류(제목·요약 낱말 대조)
2026-06-07,내장산,전북·전남,행정,협약·협력,"'국립공원, 예술로 피어나다'··· 경관 인문학적 재해석",jjn.co.kr,http://www.jjn.co.kr/news/articleView.html?idxno=1042921,요약,규칙기반 자동분류(제목·요약 낱말 대조)
2026-06-07,(전체·공통),전국·공통,행정,인사·조직,"'제5회 세계관광산업컨퍼런스' 성료 ... 세계 관광 리더들, 수원서 '체류...",ttlnews.com,http://www.ttlnews.com/news/articleView.html?idxno=3114331,해당없음,규칙기반 자동분류(제목·요약 낱말 대조)
2026-06-06,설악산,강원,행정,인사·조직,전설을 품은… 그러나 그보다 더 그윽하고 친근한 바위들[여행스케치],donga.com,https://www.donga.com/news/Culture/article/all/20260605/134056653/1,요약,규칙기반 자동분류(제목·요약 낱말 대조)
2026-06-06,(전체·공통),전국·공통,행정,연구·용역,"[우주와 AI의 대융합, IPO 앞둔 스페이스X] 일론 머스크가 그리는 28조달...",economychosun.com,https://economychosun.com/site/data/html_dir/2026/06/01/2026060100014.html,해당없음,규칙기반 자동분류(제목·요약 낱말 대조)
2026-06-05,설악산,강원,행정,기타,"환경의 날 맞아 기후부 장관 고발한 환경단체들···“기후부, 개발 부...",khan.co.kr,https://www.khan.co.kr/article/202606051911001,요약,규칙기반 자동분류(제목·요약 낱말 대조)
2026-06-05,설악산,강원,행정,협약·협력,"최강 몽골군도 줄행랑, 인제 한계산성 개방 초읽기[함영훈의 멋·맛·쉼...",biz.heraldcorp.com,https://biz.heraldcorp.com/article/10764617?ref=naver,요약,규칙기반 자동분류(제목·요약 낱말 대조)
2026-06-05,태안해안,충남 태안,행정,기타,"태안해안국립공원사무소, '원예치유로 꽃피우는 청렴문화 캠페인' 성료",chungnamilbo.co.kr,http://www.chungnamilbo.co.kr/news/articleView.html?idxno=892096,제목,규칙기반 자동분류(제목·요약 낱말 대조)
2026-06-05,월악산,충북·경북,행정,기타,“첫째와 자주 찾은 월악산… 이란성 쌍둥이 선물 안겨줬죠”,chosun.com,https://www.chosun.com/national/welfare-medical/2026/06/05/CYSNETV4HFBTZDTRLSKPMSD5FM/?utm_source=naver&utm_medium=referral&utm_campaign=naver-news,제목,규칙기반 자동분류(제목·요약 낱말 대조)
2026-06-05,내장산,전북·전남,행정,협약·협력,옛 도지사 관사 '하얀양옥집'서 전북 국립공원 만나다,news.tf.co.kr,https://news.tf.co.kr/read/national/2330032.htm,요약,규칙기반 자동분류(제목·요약 낱말 대조)
2026-06-05,내장산,전북·전남,행정,협약·협력,전주 하얀양옥집에서 만나는 '국립공원'…8월 1일까지 기획전시,yna.co.kr,https://www.yna.co.kr/view/AKR20260605077800055?input=1195m,요약,규칙기반 자동분류(제목·요약 낱말 대조)
2026-06-05,태백산,강원·경북,행정,인사·조직,"태백산국립공원, 청년 일경험 인턴 모집",newsis.com,https://www.newsis.com/view/NISX20260605_0003657913,제목,규칙기반 자동분류(제목·요약 낱말 대조)
2026-06-05,금정산,부산·경남,행정,지정·구역,"[정책포커스] 새 정부 1년, 기후환경분야 성과",ikld.kr,http://www.ikld.kr/news/articleView.html?idxno=335568,요약,규칙기반 자동분류(제목·요약 낱말 대조)
2026-06-05,(전체·공통),전국·공통,행정,인사·조직,"지선 끝 '공단 특사경' 논의 언제?…법사위 ""피해자 수사 구조"" 우려 재...",doctorsnews.co.kr,http://www.doctorsnews.co.kr/news/articleView.html?idxno=164862,해당없음,규칙기반 자동분류(제목·요약 낱말 대조)
2026-06-05,(전체·공통),전국·공통,행정,기타,"[비즈 피플] 루완 라나싱헤 스리랑카 관광부 차관 ""한국 등 40개국 대상...",bizwnews.com,http://www.bizwnews.com/news/articleView.html?idxno=138120,해당없음,규칙기반 자동분류(제목·요약 낱말 대조)
2026-06-05,(전체·공통),전국·공통,행정,기타,[인터뷰] 루나 라나싱헤 스리랑카 관광차관,gukjenews.com,https://www.gukjenews.com/news/articleView.html?idxno=3601165,해당없음,규칙기반 자동분류(제목·요약 낱말 대조)
2026-06-05,(전체·공통),전국·공통,행정,인사·조직,"국립공원공단, 인플루언서 홍보단 'K-파크 굿즈 메이트' 모집",enewstoday.co.kr,http://www.enewstoday.co.kr/news/articleView.html?idxno=2436286,해당없음,규칙기반 자동분류(제목·요약 낱말 대조)
2026-06-05,(전체·공통),전국·공통,행정,기타,"[현장에서] ""술·세금 없는 청정 지상낙원 '브루나이'""…프리미엄 에코...",bizwnews.com,http://www.bizwnews.com/news/articleView.html?idxno=138061,해당없음,규칙기반 자동분류(제목·요약 낱말 대조)
2026-06-04,계룡산,대전·충남,행정,연구·용역,불교 향한 관심 속 산사 가치 재조명·'읽는 불교' 현상 대두,beopbo.com,https://www.beopbo.com/news/articleView.html?idxno=335843,요약,규칙기반 자동분류(제목·요약 낱말 대조)
2026-06-04,설악산,강원,행정,협약·협력,'대몽항전 승전지' 피맺힌 인제 한계산성 하반기 개방,enewstoday.co.kr,http://www.enewstoday.co.kr/news/articleView.html?idxno=2435683,요약,규칙기반 자동분류(제목·요약 낱말 대조)
2026-06-04,태안해안,충남 태안,행정,지정·구역,인생샷 명소됐다... 서해 파도가 수백만 년 깎아 만든 태안 ‘천연 동굴...,wikitree.co.kr,https://www.wikitree.co.kr/articles/1139706,요약,규칙기반 자동분류(제목·요약 낱말 대조)
2026-06-04,금정산,부산·경남,행정,지정·구역,'탈탄소 경제로의 전환' 토대 닦았다…기후부 출범 후 달라진 것,korea.kr,https://www.korea.kr/news/policyNewsView.do?newsId=148965895&call_from=naver_news,요약,규칙기반 자동분류(제목·요약 낱말 대조)
2026-06-04,(전체·공통),전국·공통,행정,지정·구역,검은 석탄화력의 은퇴…푸른 풍력의 첫출근[디깅에너지],view.asiae.co.kr,https://view.asiae.co.kr/article/2026052915523152148,해당없음,규칙기반 자동분류(제목·요약 낱말 대조)
2026-06-04,(전체·공통),전국·공통,행정,기타,조경가 강호철 교수의 지구촌 녹색환경과 정원기행[12]런던의 도시공원,gnnews.co.kr,https://www.gnnews.co.kr/news/articleView.html?idxno=638242,해당없음,규칙기반 자동분류(제목·요약 낱말 대조)
2026-06-03,다도해해상,전남,행정,지정·구역,"다도해의 정취를 만끽하는 완도, 자연 속 가볼 만한 곳",joongangenews.com,https://www.joongangenews.com/news/articleView.html?idxno=522767,요약,규칙기반 자동분류(제목·요약 낱말 대조)
2026-06-02,북한산,서울·경기,행정,연구·용역,전국 곳곳 너도나도 “케이블카 건설” 공약 남발,khan.co.kr,https://www.khan.co.kr/article/202606022125005,요약,규칙기반 자동분류(제목·요약 낱말 대조)
2026-06-02,북한산,서울·경기,행정,연구·용역,‘적자 케이블카’ 수두룩한데…국힘도 민주당도 또 ‘케이블카 개발 공...,khan.co.kr,https://www.khan.co.kr/article/202606021201001,요약,규칙기반 자동분류(제목·요약 낱말 대조)
2026-06-02,월악산,충북·경북,행정,기타,"충주상공회의소, '4기 미래내일 일경험' 청년 모집",ccdailynews.com,https://www.ccdailynews.com/news/articleView.html?idxno=2419771,요약,규칙기반 자동분류(제목·요약 낱말 대조)
2026-06-02,(전체·공통),전국·공통,행정,기타,"한국수자원공사, 공공기관 브랜드평판 1위… 한국환경공단·국립공원공...",pinpointnews.co.kr,https://www.pinpointnews.co.kr/news/articleView.html?idxno=456986,해당없음,규칙기반 자동분류(제목·요약 낱말 대조)
2026-06-01,태백산,강원·경북,행정,인사·조직,태백산국립공원 지정 10주년 기념 사진전 개최,tournews21.com,https://www.tournews21.com/news/articleView.html?idxno=135911,제목,규칙기반 자동분류(제목·요약 낱말 대조)
2026-06-01,팔공산,대구·경북,행정,지정·구역,"대구를 감싸 안은 거대한 품, 국립공원 팔공산 [두시기행문]",nownews.seoul.co.kr,https://nownews.seoul.co.kr/news/newsView.php?id=20260601601017&wlog_tag3=naver,제목,규칙기반 자동분류(제목·요약 낱말 대조)
2026-06-01,(전체·공통),전국·공통,행정,협약·협력,[이대근 칼럼]어느 날 공원에서,khan.co.kr,https://www.khan.co.kr/article/202606012007015,해당없음,규칙기반 자동분류(제목·요약 낱말 대조)
2026-06-01,(전체·공통),전국·공통,행정,연구·용역,"북미 투자 훈풍 한미글로벌, 공공 인프라·원전 '영토 확장'",newsway.co.kr,https://www.newsway.co.kr/news/view?ud=2026060115264760090,해당없음,규칙기반 자동분류(제목·요약 낱말 대조)
2026-05-31,금정산,부산·경남,행정,지정·구역,"보전 우선이냐, 사람과 적절한 공존이냐…“운영원칙 논의 시민도 참여...",kookje.co.kr,http://www.kookje.co.kr/news2011/asp/newsbody.asp?code=0300&key=20260601.22006008079,요약,규칙기반 자동분류(제목·요약 낱말 대조)
2026-05-31,(전체·공통),전국·공통,행정,인사·조직,[격전지를 가다] (끝) 문경시장…李 '여당 시너지' vs 金 '국힘 조직력'...,imaeil.com,https://www.imaeil.com/page/view/2026052500224872638,해당없음,규칙기반 자동분류(제목·요약 낱말 대조)
2026-05-30,주왕산,경북,행정,지정·구역,"청송 주왕산 가볼 만한 곳, 기암괴석과 푸른 숲이 어우러진 봄의 풍경",topstarnews.net,https://www.topstarnews.net/news/articleView.html?idxno=16069776,제목,규칙기반 자동분류(제목·요약 낱말 대조)
2026-05-30,북한산,서울·경기,행정,지정·구역,"‘떼러닝’ 무서워, 요즘 달리려면 ‘런티켓’ 필요하대…민폐러닝 아...",khan.co.kr,https://www.khan.co.kr/article/202605300816001,요약,규칙기반 자동분류(제목·요약 낱말 대조)
2026-05-29,오대산,강원,행정,인사·조직,"""삼보 대종사시여, 큰 원력으로 다시 오소서""",hyunbulnews.com,https://www.hyunbulnews.com/news/articleView.html?idxno=503623,요약,규칙기반 자동분류(제목·요약 낱말 대조)
2026-05-29,내장산,전북·전남,행정,기타,[정책브리핑] 2026년 05월 29일 금요일 주요 정책,sisunnews.co.kr,http://www.sisunnews.co.kr/news/articleView.html?idxno=239453,요약,규칙기반 자동분류(제목·요약 낱말 대조)
2026-05-29,가야산,경북·경남,행정,인사·조직,"[外人 관광 1번지, 한국] ① ‘관광 왕국’ 日도 제친 한국… 외국인 선...",dnews.co.kr,https://www.dnews.co.kr/uhtml/view.jsp?idxno=202605281044362350282,요약,규칙기반 자동분류(제목·요약 낱말 대조)
2026-05-29,(전체·공통),전국·공통,행정,연구·용역,유승광 충남 서천군수 후보 “서천군 군민소득 중심 지역 순환경제 시대...,dailian.co.kr,https://www.dailian.co.kr/news/view/1650092/?sc=Naver,해당없음,규칙기반 자동분류(제목·요약 낱말 대조)
2026-05-29,(전체·공통),전국·공통,행정,협약·협력,경북 북부권 곳곳서 지역발전 행보,ekn.kr,https://www.ekn.kr/web/view.php?key=20260529023468896,해당없음,규칙기반 자동분류(제목·요약 낱말 대조)
2026-05-29,(전체·공통),전국·공통,행정,인사·조직,"김종기 여수세계섬박람회 조직위 사무총장 ""세계 최초 섬박람회, D-100일...",news.bbsi.co.kr,https://news.bbsi.co.kr/news/articleView.html?idxno=4086235,해당없음,규칙기반 자동분류(제목·요약 낱말 대조)
2026-05-28,다도해해상,전남,행정,기타,전복 품은 치킨 브랜드 '복닭복닭' 확장…완도 지역상생 모델 주목,m-i.kr,https://www.m-i.kr/news/articleView.html?idxno=1376773,요약,규칙기반 자동분류(제목·요약 낱말 대조)
2026-05-28,북한산,서울·경기,행정,협약·협력,"월드컵 응원 ‘국가대표 반달이’ 출시…축구협회, 국립공원공단과 업...",hani.co.kr,https://www.hani.co.kr/arti/sports/soccer/1260914.html,요약,규칙기반 자동분류(제목·요약 낱말 대조)
2026-05-28,북한산,서울·경기,행정,협약·협력,"국립공원서 홍명보호 응원…축구협회, 국립공원공단과 업무협약",newsis.com,https://www.newsis.com/view/NISX20260528_0003647858,요약,규칙기반 자동분류(제목·요약 낱말 대조)
2026-05-28,북한산,서울·경기,행정,협약·협력,"대한축구협회, 국립공원공단 손 잡고 ‘축구 대표 반달이’ 출시",seoul.co.kr,https://www.seoul.co.kr/news/sport/worldcup2026/2026/05/28/20260528500196?wlog_tag3=naver,요약,규칙기반 자동분류(제목·요약 낱말 대조)
2026-05-28,북한산,서울·경기,행정,협약·협력,"대한축구협회, 국립공원공단과 ESG 상호협력 업무협약 체결",sedaily.com,https://www.sedaily.com/article/20049311?ref=naver,요약,규칙기반 자동분류(제목·요약 낱말 대조)
2026-05-28,북한산,서울·경기,행정,협약·협력,'축구 국가대표 반달이' 협업…환경 보전과 응원 문화 함께 추진,topstarnews.net,https://www.topstarnews.net/news/articleView.html?idxno=16073980,요약,규칙기반 자동분류(제목·요약 낱말 대조)
2026-05-28,북한산,서울·경기,행정,협약·협력,축구협회·국립공원공단 업무협약…'축구 국가대표 반달이' 출시,yna.co.kr,https://www.yna.co.kr/view/AKR20260528140700007?input=1195m,요약,규칙기반 자동분류(제목·요약 낱말 대조)
2026-05-28,북한산,서울·경기,행정,협약·협력,"축구협회·국립공원공단, 업무협약 체결…'축구 국가대표 반달이' 공동...",news1.kr,https://www.news1.kr/sports/soccer/6180473,요약,규칙기반 자동분류(제목·요약 낱말 대조)
2026-05-28,(전체·공통),전국·공통,행정,기타,"IPW 2026 | 미국 인바운드 '빨간불' 속 결속 다졌다…브랜드USA·업계, 반...",traveltimes.co.kr,https://www.traveltimes.co.kr/news/articleView.html?idxno=415893,해당없음,규칙기반 자동분류(제목·요약 낱말 대조)
2026-05-28,(전체·공통),전국·공통,행정,협약·협력,"대한축구협회·국립공원공단, ESG 상호협력 업무협약 체결...WC 맞아 한국...",fourfourtwo.co.kr,https://www.fourfourtwo.co.kr/news/articleView.html?idxno=92565,해당없음,규칙기반 자동분류(제목·요약 낱말 대조)
2026-05-27,지리산,전남·전북·경남,행정,인사·조직,"지리산국립공원 경남사무소, 생태나누리 프로그램 운영",gnnews.co.kr,https://www.gnnews.co.kr/news/articleView.html?idxno=637709,제목,규칙기반 자동분류(제목·요약 낱말 대조)
2026-05-27,지리산,전남·전북·경남,행정,인사·조직,"지리산국립공원-IBK기업은행, 생태나누리 프로그램 운영",newsis.com,https://www.newsis.com/view/NISX20260527_0003645689,제목,규칙기반 자동분류(제목·요약 낱말 대조)
2026-05-27,한라산,제주,행정,인사·조직,"김덕홍 후보 ""5년간 들은 주민 목소리 담았다""...'조천읍 6대 정책' 발표",headlinejeju.co.kr,https://www.headlinejeju.co.kr/news/articleView.html?idxno=593444,요약,규칙기반 자동분류(제목·요약 낱말 대조)
2026-05-27,내장산,전북·전남,행정,기타,"""국립공원 안전장비 무료로 빌려 가세요""",nocutnews.co.kr,https://www.nocutnews.co.kr/news/6523295?utm_source=naver&utm_medium=article&utm_campaign=20260527120019,요약,규칙기반 자동분류(제목·요약 낱말 대조)
2026-05-27,(전체·공통),전국·공통,행정,인사·조직,"[열전 현장] 문경시장 3파전...""무소속 수성 vs 여야 탈환""",tbc.co.kr,https://www.tbc.co.kr/news/view?pno=20260527093204AE00297&id=206811,해당없음,규칙기반 자동분류(제목·요약 낱말 대조)
2026-05-27,(전체·공통),전국·공통,행정,인사·조직,'백곰 미사일' 이경서·'벤처 신화' 故 이민화 등 4人···과기유공자 ...,hellodd.com,http://www.hellodd.com/news/articleView.html?idxno=111919,해당없음,규칙기반 자동분류(제목·요약 낱말 대조)
2026-05-27,계룡산,대전·충남,행정,연구·용역,"대전 송전선로 놓고 후보들 입장차… 주민들 ""눈치 보지 말고 반대 선언...",chungnamilbo.co.kr,http://www.chungnamilbo.co.kr/news/articleView.html?idxno=890681,요약,규칙기반 자동분류(제목·요약 낱말 대조)
2026-05-27,(전체·공통),전국·공통,행정,인사·조직,"""물리학 선구자부터 韓 벤처 대부까지""…정부, 과학기술유공자 4인 헌정",newsis.com,https://www.newsis.com/view/NISX20260527_0003645333,해당없음,규칙기반 자동분류(제목·요약 낱말 대조)
2026-05-27,(전체·공통),전국·공통,행정,기타,"임하수 산림청 신임 차장 ""건강한 산림관리로 민생경제 활성화 기여""",news1.kr,https://www.news1.kr/local/daejeon-chungnam/6178589,해당없음,규칙기반 자동분류(제목·요약 낱말 대조)
2026-05-27,(전체·공통),전국·공통,행정,기타,"트럼프, 27일 각료회의 캠프데이비드서 백악관으로 변경(종합)",newsis.com,https://www.newsis.com/view/NISX20260527_0003644928,해당없음,규칙기반 자동분류(제목·요약 낱말 대조)
2026-05-27,(전체·공통),전국·공통,행정,기타,"트럼프, 이란 협상 속 캠프 데이비드 각료회의 소집",newsis.com,https://www.newsis.com/view/NISX20260527_0003644903,해당없음,규칙기반 자동분류(제목·요약 낱말 대조)
2026-05-26,한려해상,경남·전남,행정,협약·협력,한려해상국립공원동부사무소-동서알앤이 '해양쓰레기 자원화' 협약,idomin.com,https://www.idomin.com/news/articleView.html?idxno=2006573,제목,규칙기반 자동분류(제목·요약 낱말 대조)
2026-05-26,설악산,강원,행정,법령·제도,설악산 불법·무질서 행위 29건 적발.. 과태료 처분,chmbc.co.kr,https://chmbc.co.kr/article/POHBG-uR3xYw,제목,규칙기반 자동분류(제목·요약 낱말 대조)
2026-05-26,북한산,서울·경기,행정,협약·협력,"북한산국립공원, 서울시티투어버스와 '외국인 탐방서비스' 업무협약",news1.kr,https://www.news1.kr/local/gyeonggi/6178183,제목,규칙기반 자동분류(제목·요약 낱말 대조)
2026-05-26,북한산,서울·경기,행정,협약·협력,북한산국립공원-서울시티투어버스 업무협약 체결,kwnews.co.kr,https://www.kwnews.co.kr/page/view/2026052650122300000,제목,규칙기반 자동분류(제목·요약 낱말 대조)
2026-05-26,금정산,부산·경남,행정,기타,[전대식의 디지털 광장] 어린이신문 16만 부를 찍는 이유,busan.com,https://www.busan.com/view/busan/view.php?code=2026052618010468933,요약,규칙기반 자동분류(제목·요약 낱말 대조)
2026-05-26,(전체·공통),전국·공통,행정,법령·제도,5급 공채 합격자 313명 입교…16주간 예비 사무관 교육,fnnews.com,http://www.fnnews.com/news/202605261647034897,해당없음,규칙기반 자동분류(제목·요약 낱말 대조)
2026-05-26,(전체·공통),전국·공통,행정,예산·재정,예비 5급 사무관 313명 입교…헌법·AI·정책실습까지 16주 교육 시작,gosiweek.com,https://www.gosiweek.com/article/1065582364248374,해당없음,규칙기반 자동분류(제목·요약 낱말 대조)
2026-05-26,(전체·공통),전국·공통,행정,예산·재정,"예비 사무관 313명 공직 첫걸음…국가인재원, 제71기 신임관리자과정 입...",newspim.com,https://www.newspim.com/news/view/20260526000171,해당없음,규칙기반 자동분류(제목·요약 낱말 대조)
2026-05-26,(전체·공통),전국·공통,행정,기타,신임 사무관 313명 입교…16주간 공직 기본교육 진행,newsis.com,https://www.newsis.com/view/NISX20260526_0003643445,해당없음,규칙기반 자동분류(제목·요약 낱말 대조)
2026-05-26,(전체·공통),전국·공통,행정,기타,"국가 공간정보 경쟁력 확보, 고품질 공간정보 구축이 우선돼야…",engjournal.co.kr,http://www.engjournal.co.kr/news/articleView.html?idxno=3805,해당없음,규칙기반 자동분류(제목·요약 낱말 대조)
2026-05-26,(전체·공통),전국·공통,행정,지정·구역,무소속 현직이 만든 문경 3파전…누가 지역 침체 해법 내놓나,news1.kr,https://www.news1.kr/local/daegu-gyeongbuk/6176837,해당없음,규칙기반 자동분류(제목·요약 낱말 대조)
2026-05-26,(전체·공통),전국·공통,행정,지정·구역,외국인-학생-공무원… 단양 교육관광 뜬다,donga.com,https://www.donga.com/news/Society/article/all/20260526/133988288/2,해당없음,규칙기반 자동분류(제목·요약 낱말 대조)
2026-05-25,계룡산,대전·충남,행정,인사·조직,"조원휘 후보, 수통골서 주말 유세…""정체된 유성 바꾸겠다"" 민심 공략",ccdn.co.kr,https://www.ccdn.co.kr/news/articleView.html?idxno=1079782,요약,규칙기반 자동분류(제목·요약 낱말 대조)
2026-05-25,금정산,부산·경남,행정,협약·협력,"해운대 걷고 금정산 오르고…외국인, 부산 자연에 빠졌다",kookje.co.kr,http://www.kookje.co.kr/news2011/asp/newsbody.asp?code=0200&key=20260526.22003006382,제목,규칙기반 자동분류(제목·요약 낱말 대조)
2026-05-25,금정산,부산·경남,행정,지정·구역,템플스테이·막걸리 주조체험…바다에 '내륙관광' 더한 부산,hankyung.com,https://www.hankyung.com/article/2026052573021,요약,규칙기반 자동분류(제목·요약 낱말 대조)
2026-05-25,금정산,부산·경남,행정,지정·구역,"[사설] 금정산, 상처 넘어 청정 도량으로",hyunbulnews.com,https://www.hyunbulnews.com/news/articleView.html?idxno=503549,제목,규칙기반 자동분류(제목·요약 낱말 대조)
2026-05-25,(전체·공통),전국·공통,행정,지정·구역,[R]최대 격전지 문경시장 선거..토론회 열띤 공방,andongmbc.co.kr,http://andongmbc.co.kr/adboard/NewsView82675,해당없음,규칙기반 자동분류(제목·요약 낱말 대조)
2026-05-25,(전체·공통),전국·공통,행정,지정·구역,단양 세계지질공원 국내외 지질 교육 거점 부상,donga.com,https://www.donga.com/news/Society/article/all/20260525/133985314/1,해당없음,규칙기반 자동분류(제목·요약 낱말 대조)
2026-05-24,계룡산,대전·충남,행정,인사·조직,"조원휘 유성구청장 후보, 수통골 유세에서 “정체된 유성, 행정과 사람...",breaknews.com,http://www.breaknews.com/1209480,요약,규칙기반 자동분류(제목·요약 낱말 대조)
2026-05-24,계룡산,대전·충남,행정,인사·조직,"조원휘, 첫 주말 수통골서 '표심 잡기'...""정체된 유성 바꾸겠다""",ccnnews.co.kr,http://www.ccnnews.co.kr/news/articleView.html?idxno=410014,요약,규칙기반 자동분류(제목·요약 낱말 대조)
2026-05-24,무등산,광주·전남,행정,인사·조직,"[오늘의 주요일정] 정치·정부 (24일, 일)",news1.kr,https://www.news1.kr/politics/assembly/6176146,요약,규칙기반 자동분류(제목·요약 낱말 대조)
2026-05-24,팔공산,대구·경북,행정,법령·제도,팔공산국립공원 내 불법 기도터 2곳 철거 완료,yna.co.kr,https://www.yna.co.kr/view/AKR20260524047400053?input=1195m,제목,규칙기반 자동분류(제목·요약 낱말 대조)
2026-05-23,지리산,전남·전북·경남,행정,지정·구역,"오늘 일출·일몰시간, ""24일(일) 해돋이 명소, 해 뜨는 시간과 해 지는 ...",lecturernews.com,https://www.lecturernews.com/news/articleView.html?idxno=202891,요약,규칙기반 자동분류(제목·요약 낱말 대조)
2026-05-23,계룡산,대전·충남,행정,인사·조직,"사람이 바뀌어야 유성이 바뀐다…조원휘, 변화론 전면에",ccdailynews.com,https://www.ccdailynews.com/news/articleView.html?idxno=2418024,요약,규칙기반 자동분류(제목·요약 낱말 대조)
2026-05-23,주왕산,경북,행정,지정·구역,"기암괴석과 고찰이 어우러진 청송, 역사와 풍경 속 가볼 만한 곳",cbci.co.kr,https://www.cbci.co.kr/news/articleView.html?idxno=576524,요약,규칙기반 자동분류(제목·요약 낱말 대조)
2026-05-23,금정산,부산·경남,행정,지정·구역,을숙도를 제1호 국가도시공원으로...지역 숙원 풀까?,news.knn.co.kr,https://news.knn.co.kr/news/article/188117,요약,규칙기반 자동분류(제목·요약 낱말 대조)
2026-05-22,팔공산,대구·경북,행정,법령·제도,"""무당 성지"" 대구 팔공산 기도터 철거 완료",imaeil.com,https://www.imaeil.com/page/view/2026052212070213316,제목,규칙기반 자동분류(제목·요약 낱말 대조)
2026-05-22,팔공산,대구·경북,행정,인사·조직,"국립공원공단, 팔공산 불법 기도터 철거 완료…""자연 보전 저해 무관용...",newsis.com,https://www.newsis.com/view/NISX20260522_0003640713,제목,규칙기반 자동분류(제목·요약 낱말 대조)
2026-05-22,팔공산,대구·경북,행정,기타,"김진열 군위군수 후보, '미래 100년 행복도시' 청사진 제시",sisafocus.co.kr,http://www.sisafocus.co.kr/news/articleView.html?idxno=360388,요약,규칙기반 자동분류(제목·요약 낱말 대조)
2026-05-22,금정산,부산·경남,행정,협약·협력,"부산관광공사, 日 최대 여행사 손잡고 '로컬 깊이 읽기' 시동",nocutnews.co.kr,https://www.nocutnews.co.kr/news/6521280?utm_source=naver&utm_medium=article&utm_campaign=20260522083608,요약,규칙기반 자동분류(제목·요약 낱말 대조)
2026-05-21,경주,경북 경주,행정,기타,"한미 장병들, 경주국립공원에서 신라 천년을 걷다",idaegu.com,https://www.idaegu.com/news/articleView.html?idxno=662650,제목,규칙기반 자동분류(제목·요약 낱말 대조)
2026-05-21,경주,경북 경주,행정,기타,"경주국립공원, 한미연합군사령부 대상 역사·문화 팸투어",dkilbo.com,https://www.dkilbo.com/news/articleView.html?idxno=544947,제목,규칙기반 자동분류(제목·요약 낱말 대조)
2026-05-21,경주,경북 경주,행정,협약·협력,"한미 장병들, 천년고도 경주서 문화 교감…석굴암·불국사 팸투어",kyongbuk.co.kr,https://www.kyongbuk.co.kr/news/articleView.html?idxno=4073501,제목,규칙기반 자동분류(제목·요약 낱말 대조)
2026-05-21,경주,경북 경주,행정,협약·협력,"한·미 장병, 천년고도 경주서 문화외교...국립공원 연계 교류 본격화",hidomin.com,https://www.hidomin.com/news/articleView.html?idxno=706346,제목,규칙기반 자동분류(제목·요약 낱말 대조)
2026-05-21,한라산,제주,행정,협약·협력,물장오리오름 정부 우수습지 주민 역량강화 대상 선정,samdailbo.com,http://www.samdailbo.com/news/articleView.html?idxno=264711,요약,규칙기반 자동분류(제목·요약 낱말 대조)
2026-05-21,소백산,충북·경북,행정,기타,"소백산국립공원사무소, 협치위원회 개최…주요 사업 공유",gukjenews.com,https://www.gukjenews.com/news/articleView.html?idxno=3589128,제목,규칙기반 자동분류(제목·요약 낱말 대조)
2026-05-21,소백산,충북·경북,행정,협약·협력,"'재난 대응부터 지역 상생까지'…소백산국립공원, 협력체계 강화",newsis.com,https://www.newsis.com/view/NISX20260521_0003640153,제목,규칙기반 자동분류(제목·요약 낱말 대조)
2026-05-21,변산반도,전북 부안,행정,인사·조직,변산반도 국립공원사무소 '감사패' 전달,breaknews.com,http://www.breaknews.com/1209121,제목,규칙기반 자동분류(제목·요약 낱말 대조)
2026-05-21,무등산,광주·전남,행정,기타,'빛돌이·빛나영' 결혼 1주년 집들이…광주·전남 캐릭터 총출동,jnilbo.com,https://www.jnilbo.com/news/articleView.html?idxno=90000036718,요약,규칙기반 자동분류(제목·요약 낱말 대조)
2026-05-21,무등산,광주·전남,행정,기타,광주 캐릭터 빛돌이·빛나영…전남광주특별시 축하 집들이,newsis.com,https://www.newsis.com/view/NISX20260521_0003639568,요약,규칙기반 자동분류(제목·요약 낱말 대조)
2026-05-21,팔공산,대구·경북,행정,기타,"국립공원 걷기 좋은 길 85선 선정, 팔공산 동화사 길을 걷다",korea.kr,https://www.korea.kr/news/reporterView.do?newsId=148964574&call_from=naver_news,제목,규칙기반 자동분류(제목·요약 낱말 대조)
2026-05-21,금정산,부산·경남,행정,지정·구역,"정부, ‘탈탄소 전기국가’ 실현 속도...에너지 대전환 기반 구축",m-economynews.com,https://www.m-economynews.com/news/article.html?no=67370,요약,규칙기반 자동분류(제목·요약 낱말 대조)
2026-05-20,지리산,전남·전북·경남,행정,기타,진주시 '청년자율방재단' 발대식,gndomin.com,http://www.gndomin.com/news/articleView.html?idxno=476305,요약,규칙기반 자동분류(제목·요약 낱말 대조)
2026-05-20,지리산,전남·전북·경남,행정,기타,진주시 청년자율방재단 발대,idomin.com,https://www.idomin.com/news/articleView.html?idxno=2006179,요약,규칙기반 자동분류(제목·요약 낱말 대조)
2026-05-20,지리산,전남·전북·경남,행정,기타,"진주시, 청년자율방재단 발대식 개최",newsgn.com,https://www.newsgn.com/news/articleView.html?idxno=553109,요약,규칙기반 자동분류(제목·요약 낱말 대조)
2026-05-20,팔공산,대구·경북,행정,협약·협력,"팔공산국립공원동부사무소, 대구시산악연맹과 탐방객 안전사고 예방 협...",imaeil.com,https://www.imaeil.com/page/view/2026052015084783640,제목,규칙기반 자동분류(제목·요약 낱말 대조)
2026-05-20,팔공산,대구·경북,행정,협약·협력,"팔공산국립공원서부사무소·은해사, 업무협약 체결",news.bbsi.co.kr,https://news.bbsi.co.kr/news/articleView.html?idxno=4084787,제목,규칙기반 자동분류(제목·요약 낱말 대조)
2026-05-20,금정산,부산·경남,행정,지정·구역,[팩트체크] 금정산 반려견 데리고 갈 수 있나…알아보니 ‘국립공원은 ...,kookje.co.kr,http://www.kookje.co.kr/news2011/asp/newsbody.asp?code=0300&key=20260521.22006005535,제목,규칙기반 자동분류(제목·요약 낱말 대조)
2026-05-20,금정산,부산·경남,행정,지정·구역,"탈탄소·원전·재생에너지 병행…기후부 ""에너지 대전환 기반 구축""",ajunews.com,https://www.ajunews.com/view/20260520161632905,요약,규칙기반 자동분류(제목·요약 낱말 대조)
2026-05-20,금정산,부산·경남,행정,지정·구역,"[이재명정부 1년] ""탈탄소 전기국가 실현""…기후부, 에너지 대전환 성과...",view.asiae.co.kr,https://view.asiae.co.kr/article/2026052016305572609,요약,규칙기반 자동분류(제목·요약 낱말 대조)
2026-05-20,금정산,부산·경남,행정,지정·구역,"[1년 성과보고] 기후부, 탈탄소 기반 구축…李 ""산업에 부담되지 않게""",news.einfomax.co.kr,https://news.einfomax.co.kr/news/articleView.html?idxno=4415949,요약,규칙기반 자동분류(제목·요약 낱말 대조)
2026-05-20,금정산,부산·경남,행정,지정·구역,"[부처님오신날 인터뷰] 범어사 정오 주지 스님, “세계는 하나의 큰 꽃...",busan.com,https://www.busan.com/view/busan/view.php?code=2026051812353030637,요약,규칙기반 자동분류(제목·요약 낱말 대조)
2026-05-20,금정산,부산·경남,행정,지정·구역,‘구걸’ ‘모욕’ ‘우롱’…부산시장 후보 난타전,naeil.com,https://www.naeil.com/news/read/589231?ref=naver,요약,규칙기반 자동분류(제목·요약 낱말 대조)
2026-05-20,금정산,부산·경남,행정,인사·조직,[인터뷰] 장준용 국민의힘 동래구청장 후보,iminju.net,http://www.iminju.net/news/articleView.html?idxno=164077,요약,규칙기반 자동분류(제목·요약 낱말 대조)
2026-05-19,북한산,서울·경기,행정,기타,"도시 시간과 공간 그린다…강북구, 일러스트 공모전 개최",seoul.co.kr,https://www.seoul.co.kr/news/publicnews/seoul_local/news_seoul/2026/05/19/20260519500183?wlog_tag3=naver,요약,규칙기반 자동분류(제목·요약 낱말 대조)
2026-05-19,북한산,서울·경기,행정,기타,"[단독] 바위에 래커칠, 등산객엔 “비켜!”…산길 달리는 러너에 민원 ...",joongang.co.kr,https://www.joongang.co.kr/article/25429479,요약,규칙기반 자동분류(제목·요약 낱말 대조)
2026-05-19,팔공산,대구·경북,행정,지정·구역,"[부처님 오신날] 대구 팔공산 도림사 종화 주지 스님 ""누구든 와서 쉬고...",ttlnews.com,http://www.ttlnews.com/news/articleView.html?idxno=3109302,제목,규칙기반 자동분류(제목·요약 낱말 대조)
2026-05-19,금정산,부산·경남,행정,기타,"""숫자에만 취해"" vs ""정책 베끼기""…전재수·박형준 3차 토론 '날 선 공...",nocutnews.co.kr,https://www.nocutnews.co.kr/news/6519810?utm_source=naver&utm_medium=article&utm_campaign=20260519111339,요약,규칙기반 자동분류(제목·요약 낱말 대조)
2026-05-19,금정산,부산·경남,행정,지정·구역,"전재수 ""숫자에 취해"" VS 박형준 ""10년동안 뭘 했나?""",news.knn.co.kr,https://news.knn.co.kr/news/article/187948,요약,규칙기반 자동분류(제목·요약 낱말 대조)
2026-05-19,금정산,부산·경남,행정,지정·구역,"""숫자에 취했다"" vs ""시정은 과학""…부산시장 후보 토론 난타전",news1.kr,https://www.news1.kr/local/busan-gyeongnam/6171920,요약,규칙기반 자동분류(제목·요약 낱말 대조)
2026-05-19,금정산,부산·경남,행정,지정·구역,“숫자에 취해 민심 몰라” vs “북구서 뭐 했나”…부산시장 토론 난타...,busan.com,https://www.busan.com/view/busan/view.php?code=2026051919473048811,요약,규칙기반 자동분류(제목·요약 낱말 대조)
2026-05-19,금정산,부산·경남,행정,기타,‘성과’ 강조한 박형준 vs ‘시민 불편’ 파고든 전재수…2차 TV토론서...,etoday.co.kr,https://www.etoday.co.kr/news/view/2586082,요약,규칙기반 자동분류(제목·요약 낱말 대조)
2026-05-19,금정산,부산·경남,행정,인사·조직,"낙동강청, 불법 행위로부터 국립공원 지키기",gndomin.com,http://www.gndomin.com/news/articleView.html?idxno=476061,요약,규칙기반 자동분류(제목·요약 낱말 대조)
2026-05-19,금정산,부산·경남,행정,인사·조직,금정산 마애불·미륵봉 짓누르던 '불법 기도터' 철거,hyunbulnews.com,https://www.hyunbulnews.com/news/articleView.html?idxno=503474,제목,규칙기반 자동분류(제목·요약 낱말 대조)
2026-05-18,지리산,전남·전북·경남,행정,인사·조직,"풀무원, 지리산서 '건강 먹거리, 건강 산행' 캠페인",foodnews.co.kr,http://www.foodnews.co.kr/news/articleView.html?idxno=118600,제목,규칙기반 자동분류(제목·요약 낱말 대조)
2026-05-18,북한산,서울·경기,행정,협약·협력,"롯데칠성음료, 거문도 해양 정화… 투명페트병 자원순환 확대",whitepaper.co.kr,http://www.whitepaper.co.kr/news/articleView.html?idxno=262667,요약,규칙기반 자동분류(제목·요약 낱말 대조)
2026-05-18,금정산,부산·경남,행정,지정·구역,[기고] 이제는 ‘부산수목원’이 필요하다,kookje.co.kr,http://www.kookje.co.kr/news2011/asp/newsbody.asp?code=1700&key=20260519.22018004845,요약,규칙기반 자동분류(제목·요약 낱말 대조)
2026-05-18,금정산,부산·경남,행정,지정·구역,"천태종 부산 광명사, 봉축 산사음악회 개최",btnnews.tv,https://www.btnnews.tv/news/articleView.html?idxno=90132,요약,규칙기반 자동분류(제목·요약 낱말 대조)
2026-05-17,북한산,서울·경기,행정,지정·구역,[기자의 시각] 독립운동 후손이 받은 ‘불법’ 딱지,chosun.com,https://www.chosun.com/opinion/journalist_view/2026/05/17/T6DRBJARYFG4HCQXAN4WLNQVCE/?utm_source=naver&utm_medium=referral&utm_campaign=naver-news,요약,규칙기반 자동분류(제목·요약 낱말 대조)
2026-05-17,팔공산,대구·경북,행정,지정·구역,동네 뒷산이었는데…산행 규제·재산권 충돌 협치 서둘러야,kookje.co.kr,http://www.kookje.co.kr/news2011/asp/newsbody.asp?code=0300&key=20260518.22008004445,요약,규칙기반 자동분류(제목·요약 낱말 대조)
2026-05-17,팔공산,대구·경북,행정,협약·협력,"팔공산국립공원 동부사무소–대구지방보훈청, '보훈 가족' 생태 복지 서...",dgmbc.com,https://dgmbc.com/NewsArticle/840361,제목,규칙기반 자동분류(제목·요약 낱말 대조)
2026-05-15,다도해해상,전남,행정,연구·용역,"여수시, 공공기관 유치에 행정력 집중",ysmbc.co.kr,https://ysmbc.co.kr/NewsArticle/1518938,요약,규칙기반 자동분류(제목·요약 낱말 대조)
2026-05-15,다도해해상,전남,행정,연구·용역,"여수시, 미래 성장동력 '공공기관 유치'에 행정력 집중",netongs.com,http://www.netongs.com/news/articleView.html?idxno=332952,요약,규칙기반 자동분류(제목·요약 낱말 대조)
2026-05-15,무등산,광주·전남,행정,지정·구역,"광주 가볼 만한 곳, 무등산의 기암괴석과 도심의 활기",cbci.co.kr,https://www.cbci.co.kr/news/articleView.html?idxno=574790,제목,규칙기반 자동분류(제목·요약 낱말 대조)
2026-05-15,팔공산,대구·경북,행정,협약·협력,팔공산국립공원서 국가유공자 부부 '행복한 웨딩 촬영',news.bbsi.co.kr,https://news.bbsi.co.kr/news/articleView.html?idxno=4084016,제목,규칙기반 자동분류(제목·요약 낱말 대조)
2026-05-15,팔공산,대구·경북,행정,지정·구역,"""걸어도 될 거리를""…대구DRT 운영 미숙에 시민단체 감사 요구",sisajournal.com,https://www.sisajournal.com/news/articleView.html?idxno=373050,요약,규칙기반 자동분류(제목·요약 낱말 대조)
2026-05-14,한려해상,경남·전남,행정,지정·구역,"고흥 가볼 만한 곳, 유자의 향기 가득한 산책과 해변의 여유",stardailynews.co.kr,https://www.stardailynews.co.kr/news/articleView.html?idxno=535436,요약,규칙기반 자동분류(제목·요약 낱말 대조)
2026-05-14,팔공산,대구·경북,행정,협약·협력,"팔공산국립공원-대구보훈청, 보훈가족 생태복지 확대 위해 손잡았다",news.bbsi.co.kr,https://news.bbsi.co.kr/news/articleView.html?idxno=4083579,제목,규칙기반 자동분류(제목·요약 낱말 대조)
2026-05-13,내장산,전북·전남,행정,인사·조직,"내장산국립공원, 국제표준 안전보건경영 'ISO45001' 인증 획득",jeonmin.co.kr,http://www.jeonmin.co.kr/news/articleView.html?idxno=439770,제목,규칙기반 자동분류(제목·요약 낱말 대조)
2026-05-13,내장산,전북·전남,행정,법령·제도,“내장산국립공원 32홀 파크골프 신설…철회해야”,news.kbs.co.kr,https://news.kbs.co.kr/news/pc/view/view.do?ncd=8560140&ref=A,제목,규칙기반 자동분류(제목·요약 낱말 대조)
2026-05-13,내장산,전북·전남,행정,법령·제도,[단독] 국립공원에 골프장 못짓는데…내장산 파크골프장 허가,joongang.co.kr,https://www.joongang.co.kr/article/25427863,제목,규칙기반 자동분류(제목·요약 낱말 대조)
2026-05-13,한려해상,경남·전남,행정,기타,"기후부 산하 공공기관 노조, ""국가 환경정책 위기"" 한목소리",energydaily.co.kr,http://www.energydaily.co.kr/news/articleView.html?idxno=167199,요약,규칙기반 자동분류(제목·요약 낱말 대조)
2026-05-13,팔공산,대구·경북,행정,협약·협력,"대구보훈청-팔공산동부사무소 ""보훈가족 복지 강화""",idaegu.co.kr,https://www.idaegu.co.kr/news/articleView.html?idxno=548036,제목,규칙기반 자동분류(제목·요약 낱말 대조)
2026-05-13,팔공산,대구·경북,행정,협약·협력,"대구보훈청, 팔공산국립공원동부사무소와 보훈가족 복지지원 협력",view.asiae.co.kr,https://view.asiae.co.kr/article/2026051314020186696,제목,규칙기반 자동분류(제목·요약 낱말 대조)
2026-05-13,팔공산,대구·경북,행정,인사·조직,6·3 지방선거 TK 최대 격전지 ⋯ (2)대구 동구청장,kbmaeil.com,https://www.kbmaeil.com/article/20260513500326,요약,규칙기반 자동분류(제목·요약 낱말 대조)
2026-05-13,금정산,부산·경남,행정,지정·구역,전재수 ‘통일교’ 박형준 ‘엘시티’ 정면충돌,naeil.com,https://www.naeil.com/news/read/588465?ref=naver,요약,규칙기반 자동분류(제목·요약 낱말 대조)
2026-05-13,금정산,부산·경남,행정,지정·구역,박형준·전재수 후보 TV토론 격돌...북항·산업은행 등 미래 비전부터 의...,breaknews.com,http://www.breaknews.com/1206755,요약,규칙기반 자동분류(제목·요약 낱말 대조)
2026-05-12,북한산,서울·경기,행정,기타,"우이~쌍문동 도로 전면 차단...강북구 우이동, 야간 비바람에 나무 쓰러...",gukjenews.com,https://www.gukjenews.com/news/articleView.html?idxno=3579372,요약,규칙기반 자동분류(제목·요약 낱말 대조)
2026-05-12,팔공산,대구·경북,행정,기타,견제 수위 높이는 대구시장 후보들…표심 경쟁 본격화(종합),yna.co.kr,https://www.yna.co.kr/view/AKR20260512059751053?input=1195m,요약,규칙기반 자동분류(제목·요약 낱말 대조)
2026-05-12,팔공산,대구·경북,행정,기타,견제 수위 높이는 대구시장 후보들…표심 경쟁 본격화,yna.co.kr,https://www.yna.co.kr/view/AKR20260512059700053?input=1195m,요약,규칙기반 자동분류(제목·요약 낱말 대조)
2026-05-12,금정산,부산·경남,행정,법령·제도,전재수·박형준 첫 TV토론…주요 현안 두고 격돌,wolyo.co.kr,https://www.wolyo.co.kr/news/articleView.html?idxno=312076,요약,규칙기반 자동분류(제목·요약 낱말 대조)
2026-05-12,금정산,부산·경남,행정,지정·구역,[영상] “엘시티 왜 안 파나” “까르띠에 시계 받았나”…전재수·박형...,busan.com,https://www.busan.com/view/busan/view.php?code=2026051220164050868,요약,규칙기반 자동분류(제목·요약 낱말 대조)
2026-05-12,금정산,부산·경남,행정,지정·구역,"전재수 ""엘시티 왜 안 파나"" vs 박형준 ""카르티에 받았나""",mbn.mk.co.kr,http://mbn.mk.co.kr/pages/news/newsView.php?category=mbn00006&news_seq_no=5193384,요약,규칙기반 자동분류(제목·요약 낱말 대조)
2026-05-12,금정산,부산·경남,행정,지정·구역,"전재수 ""엘시티 왜 안 팔았나""…박형준 ""카르티에 시계 받았나""",yna.co.kr,https://www.yna.co.kr/view/AKR20260512178400051?input=1195m,요약,규칙기반 자동분류(제목·요약 낱말 대조)
2026-05-12,금정산,부산·경남,행정,법령·제도,[6·3부산]전재수-박형준 첫 TV토론 격돌…산은·특별법 '네 탓' 공방,newsis.com,https://www.newsis.com/view/NISX20260512_0003626760,요약,규칙기반 자동분류(제목·요약 낱말 대조)
2026-05-12,금정산,부산·경남,행정,지정·구역,‘까르띠에’ 꺼낸 박형준 vs ‘엘시티’ 맞받은 전재수…첫 TV 토론 격...,etoday.co.kr,https://www.etoday.co.kr/news/view/2583841,요약,규칙기반 자동분류(제목·요약 낱말 대조)
2026-05-12,금정산,부산·경남,행정,지정·구역,“까르띠에 받았나” “엘시티 왜 안파나”…전재수·박형준 난타전,joongang.co.kr,https://www.joongang.co.kr/article/25427745,요약,규칙기반 자동분류(제목·요약 낱말 대조)
2026-05-11,지리산,전남·전북·경남,행정,협약·협력,[기획 리포트] 자비심이 닦는 지구… ‘탄소 중립’으로 환생한 부처님...,dailyt.co.kr,https://www.dailyt.co.kr/newsView/dlt202605100004,요약,규칙기반 자동분류(제목·요약 낱말 대조)
2026-05-11,팔공산,대구·경북,행정,기타,"김진열 국민의힘 군위군수 후보, 신공항 중심 군위 대변혁 선언",viva100.com,https://www.viva100.com/article/20260511500342,요약,규칙기반 자동분류(제목·요약 낱말 대조)
2026-05-10,한려해상,경남·전남,행정,인사·조직,"한려해상, 천년고찰 남해 용문사 '한글 백일장'연계 국립공원 환경, 체...",newsgn.com,https://www.newsgn.com/news/articleView.html?idxno=551181,제목,규칙기반 자동분류(제목·요약 낱말 대조)
2026-05-10,월악산,충북·경북,행정,기타,"단양군, 농어촌기본소득 시범사업 추가 공모 총력 대응",inews365.com,https://www.inews365.com/news/article.html?no=918529,요약,규칙기반 자동분류(제목·요약 낱말 대조)
2026-05-10,월악산,충북·경북,행정,기타,"단양군, 정부 농어촌기본소득 시범사업 추가 공모 선정에 총력 대응",dynews.co.kr,http://www.dynews.co.kr/news/articleView.html?idxno=849542,요약,규칙기반 자동분류(제목·요약 낱말 대조)
2026-05-09,계룡산,대전·충남,행정,협약·협력,국립공원 중부지역본부·CJB청주방송 업무협약 체결,jbnews.com,https://www.jbnews.com/news/articleView.html?idxno=1503728,요약,규칙기반 자동분류(제목·요약 낱말 대조)
2026-05-09,덕유산,전북·경남,행정,기타,‘봄맞이꽃·철쭉·복주머니란’…덕유산은 지금 ‘야생화 향연’,segye.com,https://www.segye.com/newsView/20260508511882?OutUrl=naver,제목,규칙기반 자동분류(제목·요약 낱말 대조)
2026-05-09,월악산,충북·경북,행정,기타,"단양군, 농어촌기본소득 시범사업 추가 공모 신청…TF팀 구성 대응 강화",gukjenews.com,https://www.gukjenews.com/news/articleView.html?idxno=3577418,요약,규칙기반 자동분류(제목·요약 낱말 대조)
2026-05-08,월악산,충북·경북,행정,기타,"단양군, 농어촌기본소득 시범사업 추가 공모 선정 위한 본격 대응",chungnamilbo.co.kr,http://www.chungnamilbo.co.kr/news/articleView.html?idxno=887368,요약,규칙기반 자동분류(제목·요약 낱말 대조)
2026-05-08,월악산,충북·경북,행정,기타,"단양군, 농어촌기본소득 시범사업 추가 공모 총력",gukjenews.com,https://www.gukjenews.com/news/articleView.html?idxno=3576494,요약,규칙기반 자동분류(제목·요약 낱말 대조)
2026-05-07,북한산,서울·경기,행정,인사·조직,"서울시농수산식품공사, '임직원 식재 봉사' 펼쳐",amnews.co.kr,http://www.amnews.co.kr/news/articleView.html?idxno=72443,요약,규칙기반 자동분류(제목·요약 낱말 대조)
2026-05-07,금정산,부산·경남,행정,연구·용역,'부산 금정산 산악마라톤대회' 개최 금지 검토,naeil.com,https://www.naeil.com/news/read/587849?ref=naver,제목,규칙기반 자동분류(제목·요약 낱말 대조)
2026-05-07,북한산,서울·경기,행정,인사·조직,"서울시농수산식품공사, 북한산 국립공원 '임직원 식재 봉사' 펼쳐",wonyesanup.co.kr,http://www.wonyesanup.co.kr/news/articleView.html?idxno=64547,제목,규칙기반 자동분류(제목·요약 낱말 대조)
2026-05-07,태백산,강원·경북,행정,인사·조직,태백산국립공원 승격 10주년…연평균 54만명 방문,newsis.com,https://www.newsis.com/view/NISX20260507_0003620356,제목,규칙기반 자동분류(제목·요약 낱말 대조)
2026-05-07,팔공산,대구·경북,행정,기타,5/7 (목) BBS TV 뉴스 전체 영상,news.bbsi.co.kr,https://news.bbsi.co.kr/news/articleView.html?idxno=4082204,요약,규칙기반 자동분류(제목·요약 낱말 대조)
2026-05-07,금정산,부산·경남,행정,지정·구역,"금정산, 국립공원 지정 두 달 만에 ‘산악마라톤’ 논란",dailian.co.kr,https://www.dailian.co.kr/news/view/1641479/?sc=Naver,제목,규칙기반 자동분류(제목·요약 낱말 대조)
2026-05-06,지리산,전남·전북·경남,행정,지정·구역,"붉은 꽃이 주렁주렁, 아카시아 나무였다니",ohmynews.com,https://www.ohmynews.com/NWS_Web/View/at_pg.aspx?CNTN_CD=A0003231549&CMPT_CD=P0010&utm_source=naver&utm_medium=newsearch&utm_campaign=naver_news,요약,규칙기반 자동분류(제목·요약 낱말 대조)
2026-05-06,월악산,충북·경북,행정,기타,"충주상의, 청년 인턴 3기 모집",inews365.com,https://www.inews365.com/news/article.html?no=918033,요약,규칙기반 자동분류(제목·요약 낱말 대조)
2026-05-06,팔공산,대구·경북,행정,지정·구역,[위클리오늘] 금정구 소식 (5.6),weeklytoday.com,http://www.weeklytoday.com/news/articleView.html?idxno=774412,요약,규칙기반 자동분류(제목·요약 낱말 대조)
2026-05-06,팔공산,대구·경북,행정,지정·구역,"부산 금정구, 금정산 국립공원 주사무소 유치 위해 팔공산 벤치마킹",news1.kr,https://www.news1.kr/local/busan-gyeongnam/6157723,제목,규칙기반 자동분류(제목·요약 낱말 대조)
2026-05-06,금정산,부산·경남,행정,인사·조직,"[나는 후보자다] 윤일현 국민의힘 금정구청장 후보 ""금정을 부산의 새로...",news.lghellovision.net,http://news.lghellovision.net/news/articleView.html?idxno=541968,요약,규칙기반 자동분류(제목·요약 낱말 대조)
2026-05-06,지리산,전남·전북·경남,행정,인사·조직,"총무원장 진우스님 ""국립공원은 선명상 최적지…국민 평안 가꾼다는 긍...",ibulgyo.com,http://www.ibulgyo.com/news/articleView.html?idxno=438002,요약,규칙기반 자동분류(제목·요약 낱말 대조)
2026-05-06,(전체·공통),전국·공통,행정,협약·협력,"㈜상림원, 경북신문과 '자연생태계 보존사업' 업무협약",kbsm.net,https://www.kbsm.net/news/view.php?idx=518558,해당없음,규칙기반 자동분류(제목·요약 낱말 대조)
2026-05-05,설악산,강원,행정,기타,5월엔 가족나들이 어디로 떠나나,ikoreanspirit.com,http://www.ikoreanspirit.com/news/articleView.html?idxno=85121,요약,규칙기반 자동분류(제목·요약 낱말 대조)
2026-05-05,월악산,충북·경북,행정,기타,"'실무 스펙 쌓고 수당도 받자!'… 충주상공회의소, 청년 인턴 13명 모집",ccdn.co.kr,https://www.ccdn.co.kr/news/articleView.html?idxno=1076483,요약,규칙기반 자동분류(제목·요약 낱말 대조)
2026-05-05,소백산,충북·경북,행정,예산·재정,"소백산국립공원북부사무소, 일회용 페트병 쓰레기 AI 무인회수기 도입",inews365.com,https://www.inews365.com/news/article.html?no=917774,제목,규칙기반 자동분류(제목·요약 낱말 대조)
2026-05-05,소백산,충북·경북,행정,기타,"소백산국립공원북부사무소, 일회용 페트병 저감 혁신제품 도입 운영",dynews.co.kr,http://www.dynews.co.kr/news/articleView.html?idxno=849005,제목,규칙기반 자동분류(제목·요약 낱말 대조)
2026-05-05,변산반도,전북 부안,행정,인사·조직,"변산의 푸른 숨결, 방심 이라는 불씨에 내줄 수 없다",domin.co.kr,http://www.domin.co.kr/news/articleView.html?idxno=1554384,요약,규칙기반 자동분류(제목·요약 낱말 대조)
2026-05-05,금정산,부산·경남,행정,지정·구역,"금정산 산악마라톤, 환경단체 우려",news.knn.co.kr,https://news.knn.co.kr/news/article/187386,제목,규칙기반 자동분류(제목·요약 낱말 대조)
2026-05-04,태안해안,충남 태안,행정,지정·구역,9일 만에 52만 명 몰렸다… 6만 평 대지가 통째로 꽃으로 뒤덮인 '이곳',wikitree.co.kr,https://www.wikitree.co.kr/articles/1134823,요약,규칙기반 자동분류(제목·요약 낱말 대조)
2026-05-04,무등산,광주·전남,행정,협약·협력,"무등산생태탐방원, 광주시광역치매센터와 업무협약 체결",mt.co.kr,https://www.mt.co.kr/policy/2026/05/04/2026050409013619322,제목,규칙기반 자동분류(제목·요약 낱말 대조)
2026-05-04,금정산,부산·경남,행정,기타,"국립공원 된 금정산서 산악마라톤…환경단체 ""훼손 우려""",yna.co.kr,https://www.yna.co.kr/view/AKR20260504042900051?input=1195m,제목,규칙기반 자동분류(제목·요약 낱말 대조)
2026-05-03,내장산,전북·전남,행정,지정·구역,이 맛 안본 사람 없다,sjbnews.com,https://sjbnews.com/news/news.php?number=877636,요약,규칙기반 자동분류(제목·요약 낱말 대조)
2026-05-02,설악산,강원,행정,기타,"가정의 달 5월, 국립공원 가족과 걷기 좋은 85개 길 소개",womentimes.co.kr,https://www.womentimes.co.kr/news/articleView.html?idxno=102732,요약,규칙기반 자동분류(제목·요약 낱말 대조)
2026-05-02,북한산,서울·경기,행정,인사·조직,"삼각산 도선사 산신대재 ""무형유산 지정·보존해야""…800여 대중 동참",beopbo.com,https://www.beopbo.com/news/articleView.html?idxno=335226,요약,규칙기반 자동분류(제목·요약 낱말 대조)
2026-05-02,북한산,서울·경기,행정,인사·조직,"“수도권 쉼터 북한산을 지키자”…서울시공사, 자생종 심어",nongmin.com,https://www.nongmin.com/article/20260430500529,제목,규칙기반 자동분류(제목·요약 낱말 대조)
2026-05-01,무등산,광주·전남,행정,협약·협력,"무등산생태탐방원, 광주시 광역치매센터 MOU",namdonews.com,https://www.namdonews.com/news/articleView.html?idxno=909309,제목,규칙기반 자동분류(제목·요약 낱말 대조)
2026-04-30,지리산,전남·전북·경남,행정,지정·구역,“마음이 곧 부처” 마조의 한마디…남악형산과 강호의 선사를 찾아서 ...,biz.heraldcorp.com,https://biz.heraldcorp.com/article/10729372?ref=naver,요약,규칙기반 자동분류(제목·요약 낱말 대조)
2026-04-30,북한산,서울·경기,행정,기타,북한산 순례길·월악산 악어봉길…국립공원 ‘걷기 좋은 길’ 85선,hani.co.kr,https://www.hani.co.kr/arti/society/environment/1256599.html,제목,규칙기반 자동분류(제목·요약 낱말 대조)
2026-04-30,설악산,강원,행정,기타,"""5월엔 국립공원 가볼까""…국립공원공단, 걷기 좋은 길 85곳 선정",newsis.com,https://www.newsis.com/view/NISX20260430_0003612467,요약,규칙기반 자동분류(제목·요약 낱말 대조)
2026-04-30,태안해안,충남 태안,행정,협약·협력,"서산시장애인보호작업장, 태안해안국립공원사무소와장애인의 복지 향상...",chungnamilbo.co.kr,http://www.chungnamilbo.co.kr/news/articleView.html?idxno=886324,제목,규칙기반 자동분류(제목·요약 낱말 대조)
2026-04-30,북한산,서울·경기,행정,기타,[게시판] 국립공원 걷기 좋은 길 85곳 선정,yna.co.kr,https://www.yna.co.kr/view/AKR20260430039500530?input=1195m,요약,규칙기반 자동분류(제목·요약 낱말 대조)
2026-04-30,무등산,광주·전남,행정,기타,"광주환경공단, 지방공기업 4곳과 무등산 에코플로깅",namdonews.com,https://www.namdonews.com/news/articleView.html?idxno=909171,제목,규칙기반 자동분류(제목·요약 낱말 대조)
2026-04-30,무등산,광주·전남,행정,인사·조직,"광주환경공단, 주니어보드 합동 에코플로깅 행사 진행",siminilbo.co.kr,https://www.siminilbo.co.kr/news/newsview.php?ncode=1160267566443025,요약,규칙기반 자동분류(제목·요약 낱말 대조)
2026-04-30,금정산,부산·경남,행정,인사·조직,"[나는 후보자다] 박용찬 조국혁신당 금정구청장 후보 ""금정구민 존엄한...",news.lghellovision.net,http://news.lghellovision.net/news/articleView.html?idxno=541971,요약,규칙기반 자동분류(제목·요약 낱말 대조)
2026-04-29,계룡산,대전·충남,행정,인사·조직,"정용래 대전 유성구청장, 3선 도전 공식 선언",munhwa.com,https://www.munhwa.com/article/11585999?ref=naver,요약,규칙기반 자동분류(제목·요약 낱말 대조)
2026-04-29,북한산,서울·경기,행정,인사·조직,"서울시농수산식품공사, 북한산 찾아 산철쭉·생강나무 심어",aflnews.co.kr,https://www.aflnews.co.kr/news/articleView.html?idxno=319682,제목,규칙기반 자동분류(제목·요약 낱말 대조)
2026-04-29,북한산,서울·경기,행정,인사·조직,"서울시농수산식품공사, 임직원 식재 봉사 활동",bokuennews.com,http://www.bokuennews.com/news/article.html?no=277463,요약,규칙기반 자동분류(제목·요약 낱말 대조)
2026-04-29,소백산,충북·경북,행정,예산·재정,"소백산국립공원 북부사무소, 일회용 페트병 무인회수기 도입…탐방로 쓰...",tournews21.com,https://www.tournews21.com/news/articleView.html?idxno=134434,제목,규칙기반 자동분류(제목·요약 낱말 대조)
2026-04-28,설악산,강원,행정,기타,[이통장이 간다] 9. 속초 대포동 13통 화채마을 신상구 통장,kado.net,https://www.kado.net/news/articleView.html?idxno=2047139,요약,규칙기반 자동분류(제목·요약 낱말 대조)
2026-04-28,북한산,서울·경기,행정,협약·협력,"[4월 28일 병원계 이모저모③]고려대안산, 서울성모, 상계백병원 등 소...",medicalworldnews.co.kr,https://medicalworldnews.co.kr/news/view.php?idx=1510974373,요약,규칙기반 자동분류(제목·요약 낱말 대조)
2026-04-28,북한산,서울·경기,행정,협약·협력,"상계백병원, 북한산국립공원사무소와 상생협력 업무협약 체결",bokuennews.com,http://www.bokuennews.com/news/article.html?no=277389,제목,규칙기반 자동분류(제목·요약 낱말 대조)
2026-04-27,주왕산,경북,행정,지정·구역,"청송 가볼 만한 곳, 신비로운 자연과 오랜 역사가 흐르는 곳",joongangenews.com,https://www.joongangenews.com/news/articleView.html?idxno=513269,요약,규칙기반 자동분류(제목·요약 낱말 대조)
2026-04-27,북한산,서울·경기,행정,기타,"롯데칠성음료 ""지난해 플라스틱 배출량 3천 톤 감축 성과""",sports.hankooki.com,https://sports.hankooki.com/news/articleView.html?idxno=6931922,요약,규칙기반 자동분류(제목·요약 낱말 대조)
2026-04-27,치악산,강원 원주,행정,지정·구역,"원주 가볼 만한 곳, 짜릿한 스릴과 고요한 사색이 공존하는 공간",joongangenews.com,https://www.joongangenews.com/news/articleView.html?idxno=515086,요약,규칙기반 자동분류(제목·요약 낱말 대조)
2026-04-27,무등산,광주·전남,행정,인사·조직,김성환 혁신당 동구청장 후보 “전·현직 구청장 ‘무제한 공개토론’ ...,mdilbo.com,http://www.mdilbo.com/detail/tohfpC/755078,요약,규칙기반 자동분류(제목·요약 낱말 대조)
2026-04-27,태백산,강원·경북,행정,인사·조직,[포토뉴스]산림안전보건 정책 홍보 캠페인 실시,kwnews.co.kr,https://www.kwnews.co.kr/page/view/2026042750039000000,요약,규칙기반 자동분류(제목·요약 낱말 대조)
2026-04-27,(전체·공통),전국·공통,행정,기타,[정책브리핑] 2026년 04월 27일 월요일 주요 정책,sisunnews.co.kr,http://www.sisunnews.co.kr/news/articleView.html?idxno=237413,해당없음,규칙기반 자동분류(제목·요약 낱말 대조)
2026-04-25,북한산,서울·경기,행정,인사·조직,"[2026 봄 JOY트레킹] 이순희 강북구청장 ""자연과 사람, 희망 잇는 멋진 ...",joynews24.com,http://www.joynews24.com/view/1963438,요약,규칙기반 자동분류(제목·요약 낱말 대조)
2026-04-25,북한산,서울·경기,행정,인사·조직,북한산 '안전 문자서비스' 시행,san.chosun.com,http://san.chosun.com/news/articleView.html?idxno=25767,제목,규칙기반 자동분류(제목·요약 낱말 대조)
2026-04-25,월출산,전남,행정,협약·협력,"월출산공원사무소, 외국인 탐방서비스 확대",namdonews.com,https://www.namdonews.com/news/articleView.html?idxno=908531,제목,규칙기반 자동분류(제목·요약 낱말 대조)
2026-04-24,북한산,서울·경기,행정,지정·구역,[주말 여기어때] 한 폭의 수채화 같은 풍경을 지닌 서울 도봉산,goodmorningcc.com,https://www.goodmorningcc.com/news/articleView.html?idxno=445157,요약,규칙기반 자동분류(제목·요약 낱말 대조)
2026-04-23,경주,경북 경주,행정,협약·협력,"'애기송이풀을 지켜라'…HD현대, 국립공원단과 생태계 복원 협약",m-i.kr,https://www.m-i.kr/news/articleView.html?idxno=1367057,요약,규칙기반 자동분류(제목·요약 낱말 대조)
2026-04-23,한려해상,경남·전남,행정,협약·협력,"하동케이블카, 대한민국 재향군인회와 업무협약 체결",gndomin.com,http://www.gndomin.com/news/articleView.html?idxno=473416,요약,규칙기반 자동분류(제목·요약 낱말 대조)
2026-04-23,한려해상,경남·전남,행정,협약·협력,"하동케이블카, 대한민국 재향군인회와 업무협약",newsgn.com,https://www.newsgn.com/news/articleView.html?idxno=548369,요약,규칙기반 자동분류(제목·요약 낱말 대조)
2026-04-23,무등산,광주·전남,행정,지정·구역,[박은식의 호남통신] ‘무등산 케이블카’ 반대하는 논리의 민낯,chosun.com,https://www.chosun.com/opinion/specialist_column/2026/04/23/EPKQCEVI3FDCPASXTJU6CLE3G4/?utm_source=naver&utm_medium=referral&utm_campaign=naver-news,제목,규칙기반 자동분류(제목·요약 낱말 대조)
2026-04-23,속리산,충북·경북,행정,협약·협력,"보은군, 속리산국립공원사무소와 상생협력 업무협약",dynews.co.kr,http://www.dynews.co.kr/news/articleView.html?idxno=847957,제목,규칙기반 자동분류(제목·요약 낱말 대조)
2026-04-23,속리산,충북·경북,행정,협약·협력,"속리산국립공원·보은군, 지역기업 키운다",ccdn.co.kr,https://www.ccdn.co.kr/news/articleView.html?idxno=1075096,제목,규칙기반 자동분류(제목·요약 낱말 대조)
2026-04-23,속리산,충북·경북,행정,협약·협력,속리산국립공원사무소와 상생협약,cctimes.kr,http://www.cctimes.kr/news/articleView.html?idxno=903538,제목,규칙기반 자동분류(제목·요약 낱말 대조)
2026-04-23,속리산,충북·경북,행정,협약·협력,보은군-속리산국립공원사무소 '상생협력' 맞손,ggilbo.com,https://www.ggilbo.com/news/articleView.html?idxno=1154433,제목,규칙기반 자동분류(제목·요약 낱말 대조)
2026-04-23,속리산,충북·경북,행정,협약·협력,보은군-속리산국립공원 상생협약…지역 제품 육성,newsis.com,https://www.newsis.com/view/NISX20260423_0003602771,제목,규칙기반 자동분류(제목·요약 낱말 대조)
2026-04-23,속리산,충북·경북,행정,협약·협력,"보은군-속리산국립공원사무소, 지역농산물 이용 신제품 개발 협약",joongdo.co.kr,https://www.joongdo.co.kr/web/view.php?key=20260423010007104,제목,규칙기반 자동분류(제목·요약 낱말 대조)
2026-04-23,속리산,충북·경북,행정,협약·협력,"보은군, 속리산국립공원 손잡고 로컬제품 키운다",news1.kr,https://www.news1.kr/local/sejong-chungbuk/6146085,제목,규칙기반 자동분류(제목·요약 낱말 대조)
2026-04-23,한라산,제주,행정,인사·조직,하늘길 오른 ‘올레길 대모’ 발자취를 따라… 치유의 오름·위안의 바...,munhwa.com,https://www.munhwa.com/article/11584366?ref=naver,요약,규칙기반 자동분류(제목·요약 낱말 대조)
2026-04-23,북한산,서울·경기,행정,법령·제도,‘北韓 오해’ 고양 북한동 새 이름 찾는다,donga.com,https://www.donga.com/news/Society/article/all/20260423/133793439/2,요약,규칙기반 자동분류(제목·요약 낱말 대조)
2026-04-23,북한산,서울·경기,행정,기타,서울동행맵·국립공원 차량 지원…교통약자 봄나들이 쉬워진다,mt.co.kr,https://www.mt.co.kr/policy/2026/04/23/2026042308134417524,요약,규칙기반 자동분류(제목·요약 낱말 대조)
2026-04-23,지리산,전남·전북·경남,행정,기타,'휠체어로 카누' '차타고 지리산'…장애인·고령자도 즐긴다,newsis.com,https://www.newsis.com/view/NISX20260423_0003602827,제목,규칙기반 자동분류(제목·요약 낱말 대조)
2026-04-22,계룡산,대전·충남,행정,인사·조직,"계룡산국립공원사무소, 유관기관 합동 산악구조훈련 실시",jbnews.com,https://www.jbnews.com/news/articleView.html?idxno=1502776,제목,규칙기반 자동분류(제목·요약 낱말 대조)
2026-04-22,북한산,서울·경기,행정,인사·조직,"학교안전공제중앙회, '지구의 날' 맞아 북한산국립공원서 탄소중립 나무...",nbntv.co.kr,https://www.nbntv.co.kr/news/articleView.html?idxno=4020995,제목,규칙기반 자동분류(제목·요약 낱말 대조)
2026-04-22,북한산,서울·경기,행정,인사·조직,"“연간 플라스틱 3000t 감축” 롯데칠성음료, ESG 경영 박차",munhwa.com,https://www.munhwa.com/article/11584258?ref=naver,요약,규칙기반 자동분류(제목·요약 낱말 대조)
2026-04-22,북한산,서울·경기,행정,법령·제도,"경기 고양시, ‘북한동’ 명칭 변경 추진",donga.com,https://www.donga.com/news/Society/article/all/20260422/133788036/1,요약,규칙기반 자동분류(제목·요약 낱말 대조)
2026-04-22,북한산,서울·경기,행정,지정·구역,북한산 소나무재선충병 재발…긴급 방제 착수,news.skbroadband.com,https://news.skbroadband.com/news/articleView.html?idxno=225064,제목,규칙기반 자동분류(제목·요약 낱말 대조)
2026-04-22,북한산,서울·경기,행정,기타,"롯데칠성음료, ‘2030 플라스틱 감축 로드맵’ 마련…3000톤 감축 달성",sportsseoul.com,https://www.sportsseoul.com/news/read/1604607?ref=naver,요약,규칙기반 자동분류(제목·요약 낱말 대조)
2026-04-22,북한산,서울·경기,행정,지정·구역,"“청정구역 8년 만에 뚫렸다”… 서울시, 북한산 재선충병에 1억원 긴급...",kyeonggi.com,https://www.kyeonggi.com/article/20260422580059,제목,규칙기반 자동분류(제목·요약 낱말 대조)
2026-04-22,북한산,서울·경기,행정,예산·재정,"서울시, 북한산 소나무재선충병 긴급방제…'청정 전환' 8년 만에 재발",nocutnews.co.kr,https://www.nocutnews.co.kr/news/6506037?utm_source=naver&utm_medium=article&utm_campaign=20260422081937,제목,규칙기반 자동분류(제목·요약 낱말 대조)
2026-04-22,북한산,서울·경기,행정,예산·재정,"북한산서 소나무재선충병 재발생…서울시, 긴급방제에 1억 투입",newspim.com,https://www.newspim.com/news/view/20260421001317,제목,규칙기반 자동분류(제목·요약 낱말 대조)
2026-04-22,무등산,광주·전남,행정,법령·제도,"무등산국립공원사무소, 원효사 상인들 무단점거 고발",biz.heraldcorp.com,https://biz.heraldcorp.com/article/10723442?ref=naver,제목,규칙기반 자동분류(제목·요약 낱말 대조)
2026-04-22,무등산,광주·전남,행정,법령·제도,"[사설]무등산 원효사 지구 이주 갈등, 양보와 타협으로 풀어야",namdonews.com,https://www.namdonews.com/news/articleView.html?idxno=908282,제목,규칙기반 자동분류(제목·요약 낱말 대조)
2026-04-22,무등산,광주·전남,행정,법령·제도,"무등산 원효사 상인들, '이주 보상' 받고도 무단 점거…경찰 수사",jnilbo.com,https://www.jnilbo.com/news/articleView.html?idxno=90000031552,제목,규칙기반 자동분류(제목·요약 낱말 대조)
2026-04-22,무등산,광주·전남,행정,법령·제도,"무등산국립공원사무소, 원효사 인근 상인들 부지 무단점거 고발",yna.co.kr,https://www.yna.co.kr/view/AKR20260422137300054?input=1195m,제목,규칙기반 자동분류(제목·요약 낱말 대조)
2026-04-22,금정산,부산·경남,행정,지정·구역,금정산 '쓰레기 40톤' 관리 실태는?,news.skbroadband.com,https://news.skbroadband.com/news/articleView.html?idxno=224715,제목,규칙기반 자동분류(제목·요약 낱말 대조)
2026-04-21,지리산,전남·전북·경남,행정,인사·조직,"지리산국립공원경남사무소, 찾아가는 세탁 서비스",gnnews.co.kr,https://www.gnnews.co.kr/news/articleView.html?idxno=635376,제목,규칙기반 자동분류(제목·요약 낱말 대조)
2026-04-21,지리산,전남·전북·경남,행정,인사·조직,지리산국립공원경남사무소 이불 빨래 서비스,idomin.com,https://www.idomin.com/news/articleView.html?idxno=2004068,제목,규칙기반 자동분류(제목·요약 낱말 대조)
2026-04-21,지리산,전남·전북·경남,행정,인사·조직,지리산국립공원사무소 '산골 침구류 세탁 서비스' 큰 호응,newsis.com,https://www.newsis.com/view/NISX20260421_0003599852,제목,규칙기반 자동분류(제목·요약 낱말 대조)
2026-04-21,경주,경북 경주,행정,협약·협력,"황호준 전국국립공원자원활동가 회장, 'K-자원봉사 핵심리더'로 선정",imaeil.com,https://www.imaeil.com/page/view/2026042111142918399,요약,규칙기반 자동분류(제목·요약 낱말 대조)
2026-04-21,주왕산,경북,행정,지정·구역,봄 나들이객 몰린다…청송 가볼 만한 곳 어디?,stardailynews.co.kr,https://www.stardailynews.co.kr/news/articleView.html?idxno=532574,요약,규칙기반 자동분류(제목·요약 낱말 대조)
2026-04-21,북한산,서울·경기,행정,인사·조직,"학교안전공제중앙회, '지구의 날' 맞아 탄소중립 나무심기 사회공헌 활...",webeconomy.co.kr,https://www.webeconomy.co.kr/news/articleView.html?idxno=2149070,요약,규칙기반 자동분류(제목·요약 낱말 대조)
2026-04-21,북한산,서울·경기,행정,인사·조직,"학교안전공제중앙회, '지구의 날' 맞아 북한산서 나무심기 사회공헌 활...",whitepaper.co.kr,http://www.whitepaper.co.kr/news/articleView.html?idxno=261378,제목,규칙기반 자동분류(제목·요약 낱말 대조)
2026-04-21,북한산,서울·경기,행정,기타,[KFE 유통로그]하이트진로·롯데칠성음료·동아오츠카,kfenews.co.kr,https://www.kfenews.co.kr/news/articleView.html?idxno=657149,요약,규칙기반 자동분류(제목·요약 낱말 대조)
2026-04-21,북한산,서울·경기,행정,법령·제도,북한산 아래 ‘북한동’ 이름 바뀌나…고양시 명칭변경 의견 수렴,kyeonggi.com,https://www.kyeonggi.com/article/20260421580414,제목,규칙기반 자동분류(제목·요약 낱말 대조)
2026-04-21,북한산,서울·경기,행정,인사·조직,"정훈 학교안전공제중앙회 이사장 “탄소중립은 선택 아닌 실천""…북한산...",g-enews.com,https://www.g-enews.com/view.php?ud=202604211625096630a9fc143920_1,제목,규칙기반 자동분류(제목·요약 낱말 대조)
2026-04-21,북한산,서울·경기,행정,법령·제도,"고양시, 북한산 아랫마을 ‘북한동’ 명칭 변경 의견수렴 나서",news.kbs.co.kr,https://news.kbs.co.kr/news/pc/view/view.do?ncd=8541620&ref=A,제목,규칙기반 자동분류(제목·요약 낱말 대조)
2026-04-21,북한산,서울·경기,행정,법령·제도,"고양특례시, 북한산 아래 ‘북한동’ 명칭 바꾼다",mk.co.kr,https://www.mk.co.kr/article/12022929,제목,규칙기반 자동분류(제목·요약 낱말 대조)
2026-04-21,북한산,서울·경기,행정,법령·제도,"[위클리오늘] 고양시, 북한산 아래 마을 '북한동' 명칭 변경 의견수렴 ...",weeklytoday.com,http://www.weeklytoday.com/news/articleView.html?idxno=772071,제목,규칙기반 자동분류(제목·요약 낱말 대조)
2026-04-21,북한산,서울·경기,행정,지정·구역,"롯데칠성, 플라스틱 3천톤 감축…""경량화∙재생원료 확대""",kdfnews.com,http://www.kdfnews.com/news/articleView.html?idxno=182334,요약,규칙기반 자동분류(제목·요약 낱말 대조)
2026-04-21,북한산,서울·경기,행정,기타,"[유통가 레이더] 롯데칠성음료, 패키징 기술로 플라스틱 3000톤 감축... '...",greened.kr,https://www.greened.kr/news/articleView.html?idxno=339565,요약,규칙기반 자동분류(제목·요약 낱말 대조)
2026-04-21,북한산,서울·경기,행정,지정·구역,롯데칠성음료 “지난해 플라스틱 3000톤 감축”,biz.heraldcorp.com,https://biz.heraldcorp.com/article/10721888?ref=naver,요약,규칙기반 자동분류(제목·요약 낱말 대조)
2026-04-21,북한산,서울·경기,행정,기타,"롯데칠성음료, 친환경 패키징 성과…플라스틱 3000톤 감축",socialvalue.kr,https://www.socialvalue.kr/news/view/1065577661192011,요약,규칙기반 자동분류(제목·요약 낱말 대조)
2026-04-21,북한산,서울·경기,행정,기타,"롯데칠성, 지난해 플라스틱 3000톤 감축…""패키징 기술 혁신""",ziksir.com,https://www.ziksir.com/news/articleView.html?idxno=131445,요약,규칙기반 자동분류(제목·요약 낱말 대조)
2026-04-21,무등산,광주·전남,행정,지정·구역,"광주 가볼 만한 곳, 자연과 역사가 공존하는 봄날의 여정",joongangenews.com,https://www.joongangenews.com/news/articleView.html?idxno=511641,요약,규칙기반 자동분류(제목·요약 낱말 대조)
2026-04-21,태백산,강원·경북,행정,인사·조직,"10주년 앞둔 태백산국립공원, 시민대학 수강생 모집",newsis.com,https://www.newsis.com/view/NISX20260421_0003600229,제목,규칙기반 자동분류(제목·요약 낱말 대조)
2026-04-21,태백산,강원·경북,행정,협약·협력,2026년 태백산국립공원 시민대학 제8기 수강생 모집,kwnews.co.kr,https://www.kwnews.co.kr/page/view/2026042150028300000,제목,규칙기반 자동분류(제목·요약 낱말 대조)
2026-04-21,금정산,부산·경남,행정,지정·구역,부산 북구갑 최대 격전지 급부상 … 하정우·한동훈·박민식 예상 속 셈...,queen.co.kr,http://www.queen.co.kr/news/articleView.html?idxno=455495,요약,규칙기반 자동분류(제목·요약 낱말 대조)
2026-04-20,설악산,강원,행정,법령·제도,"고시 좌절, 비만…인생 리셋하려 산에 매달리다 [산지컬 불수사도북 4회...",san.chosun.com,http://san.chosun.com/news/articleView.html?idxno=25677,요약,규칙기반 자동분류(제목·요약 낱말 대조)
2026-04-20,북한산,서울·경기,행정,기타,"출근길 ‘뚝’ 떨어진 기온…강풍에 체감 더 낮다, 황사까지[내일날씨]",edaily.co.kr,http://www.edaily.co.kr/news/newspath.asp?newsid=04487046645418088,요약,규칙기반 자동분류(제목·요약 낱말 대조)
2026-04-20,북한산,서울·경기,행정,지정·구역,북한산 '서울강산 챌린지' 나무 5천100그루 식재,yna.co.kr,https://www.yna.co.kr/view/AKR20260420045900004?input=1195m,제목,규칙기반 자동분류(제목·요약 낱말 대조)
2026-04-20,팔공산,대구·경북,행정,인사·조직,팔공산 하늘정원에 설치된 삼국유사 조형물,ohmynews.com,https://www.ohmynews.com/NWS_Web/View/at_pg.aspx?CNTN_CD=A0003226283&CMPT_CD=P0010&utm_source=naver&utm_medium=newsearch&utm_campaign=naver_news,제목,규칙기반 자동분류(제목·요약 낱말 대조)
2026-04-20,금정산,부산·경남,행정,기타,"""청소년 머물러야 부산 미래도 있다""... 6.3 지방선거 12대 정책 의제 제...",news.bbsi.co.kr,https://news.bbsi.co.kr/news/articleView.html?idxno=4079311,요약,규칙기반 자동분류(제목·요약 낱말 대조)
2026-04-19,한려해상,경남·전남,행정,인사·조직,"한려해상국립공원사무소, 불법행위 집중단속",idomin.com,https://www.idomin.com/news/articleView.html?idxno=2003875,제목,규칙기반 자동분류(제목·요약 낱말 대조)
2026-04-19,한려해상,경남·전남,행정,인사·조직,"한려해상국립공원사무소, 봄 성수기불법·무질서 행위 사전예고 집중단...",newsgn.com,https://www.newsgn.com/news/articleView.html?idxno=547503,제목,규칙기반 자동분류(제목·요약 낱말 대조)
2026-04-18,지리산,전남·전북·경남,행정,지정·구역,"오늘 일출·일몰시간, ""19일(일) 전국 해돋이 명소, 해 뜨는 시간과 해 ...",lecturernews.com,https://www.lecturernews.com/news/articleView.html?idxno=200663,요약,규칙기반 자동분류(제목·요약 낱말 대조)
2026-04-18,태안해안,충남 태안,행정,지정·구역,"태안 가볼 만한 곳, 서해의 푸른 파도가 반기는 풍경",cbci.co.kr,https://www.cbci.co.kr/news/articleView.html?idxno=568582,요약,규칙기반 자동분류(제목·요약 낱말 대조)
2026-04-18,태안해안,충남 태안,행정,인사·조직,"국립공원공단 이사장, 태안해안국립공원사무소 신축공사 현장 안전점검",chungnamilbo.co.kr,http://www.chungnamilbo.co.kr/news/articleView.html?idxno=884065,제목,규칙기반 자동분류(제목·요약 낱말 대조)
2026-04-17,한려해상,경남·전남,행정,법령·제도,"""취사·음주 안 돼요""…한려해상국립공원, 20일부터 무질서 단속",news1.kr,https://www.news1.kr/local/busan-gyeongnam/6139799,제목,규칙기반 자동분류(제목·요약 낱말 대조)
2026-04-17,덕유산,전북·경남,행정,기타,"덕유산국립공원, 교통약자 '전기셔틀버스' 무료 운행",newsis.com,https://www.newsis.com/view/NISX20260417_0003595776,제목,규칙기반 자동분류(제목·요약 낱말 대조)
2026-04-17,북한산,서울·경기,행정,기타,청계천서 인생 역전… 뉴욕 아닌 서울이 주인공된 '이곳',hankookilbo.com,https://www.hankookilbo.com/news/article/A2026041508480003060?did=NA,요약,규칙기반 자동분류(제목·요약 낱말 대조)
2026-04-17,팔공산,대구·경북,행정,기타,김진열 군위군수 예비후보 “군부대 이전 및 TK신공항 통해 군위 미래 ...,viva100.com,https://www.viva100.com/article/20260417500188,요약,규칙기반 자동분류(제목·요약 낱말 대조)
2026-04-16,설악산,강원,행정,협약·협력,님의침묵 속 ‘단풍나무 숲’ 실제로 조성한다,kwnews.co.kr,https://www.kwnews.co.kr/page/view/2026041550003700000,요약,규칙기반 자동분류(제목·요약 낱말 대조)
2026-04-16,북한산,서울·경기,행정,지정·구역,경기도체육대회 ‘지자체 홍보 열전’…특색·볼거리 풍부했던 선수단...,kyeonggi.com,https://www.kyeonggi.com/article/20260416580658,요약,규칙기반 자동분류(제목·요약 낱말 대조)
2026-04-16,태백산,강원·경북,행정,인사·조직,[포토뉴스]태백산국립공원 강원랜드 합동 식목행사,kwnews.co.kr,https://www.kwnews.co.kr/page/view/2026041650136500000,제목,규칙기반 자동분류(제목·요약 낱말 대조)
2026-04-16,금정산,부산·경남,행정,협약·협력,"금정산국립공원·부산자원봉사센터, 협력",gnmaeil.com,http://www.gnmaeil.com/news/articleView.html?idxno=584828,제목,규칙기반 자동분류(제목·요약 낱말 대조)
2026-04-16,금정산,부산·경남,행정,지정·구역,금정산 점령한 '기도터'…헬기로 40톤 치웠는데 아직도,mbn.co.kr,http://www.mbn.co.kr/pages/news/newsView.php?news_seq_no=5188454,제목,규칙기반 자동분류(제목·요약 낱말 대조)
2026-04-15,지리산,전남·전북·경남,행정,인사·조직,"지리산국립공원경남사무소, 지역상생 환경정화 활동 전개",gnnews.co.kr,https://www.gnnews.co.kr/news/articleView.html?idxno=634953,제목,규칙기반 자동분류(제목·요약 낱말 대조)
2026-04-15,금정산,부산·경남,행정,인사·조직,금정산국립공원 공식 지정,san.chosun.com,http://san.chosun.com/news/articleView.html?idxno=25706,제목,규칙기반 자동분류(제목·요약 낱말 대조)
2026-04-15,설악산,강원,행정,협약·협력,"인제군, 설악산 백담지구에 '님의 침묵' 단풍나무 숲길 조성",shinailbo.co.kr,https://www.shinailbo.co.kr/news/articleView.html?idxno=5011589,제목,규칙기반 자동분류(제목·요약 낱말 대조)
2026-04-15,설악산,강원,행정,협약·협력,님의침묵 ‘푸른 산빛 깨치고 단풍..’ 실제풍경 조성[함영훈의 멋·맛...,biz.heraldcorp.com,https://biz.heraldcorp.com/article/10717313?ref=naver,요약,규칙기반 자동분류(제목·요약 낱말 대조)
2026-04-15,설악산,강원,행정,기타,외국인들 목표는 '서울 산 도장깨기'… 필수 관광 코스 된 'K등산',hankookilbo.com,https://www.hankookilbo.com/news/article/A2026040815290003006?did=NA,요약,규칙기반 자동분류(제목·요약 낱말 대조)
2026-04-15,설악산,강원,행정,협약·협력,인제군·설악산국립공원·백담사 협약,kado.net,https://www.kado.net/news/articleView.html?idxno=2044704,제목,규칙기반 자동분류(제목·요약 낱말 대조)
2026-04-15,월악산,충북·경북,행정,예산·재정,"제천시, 2027년 정부 국가예산 확보 위해 직접 현장 대응",inews365.com,https://www.inews365.com/news/article.html?no=915370,요약,규칙기반 자동분류(제목·요약 낱말 대조)
2026-04-15,월악산,충북·경북,행정,예산·재정,"제천시, 월악산 생태탐방원 건립 등 국비 지원 건의",yna.co.kr,https://www.yna.co.kr/view/AKR20260415083900064?input=1195m,제목,규칙기반 자동분류(제목·요약 낱말 대조)
2026-04-15,팔공산,대구·경북,행정,인사·조직,[6·3 지선 격전지를 가다④] 국민의힘 5명 격돌 대구 동구청장 선거…...,yeongnam.com,https://www.yeongnam.com/web/view.php?key=20260415029378084,요약,규칙기반 자동분류(제목·요약 낱말 대조)
2026-04-15,금정산,부산·경남,행정,지정·구역,국립공원 금정산 ′불법 시설물 뿌리 뽑나?′,busanmbc.co.kr,https://busanmbc.co.kr/01_new/new01_view.asp?idx=284509,제목,규칙기반 자동분류(제목·요약 낱말 대조)
2026-04-15,금정산,부산·경남,행정,협약·협력,"금정산국립공원사무소·부산자원봉사센터, 지역 환경보전 맞손",news1.kr,https://www.news1.kr/local/busan-gyeongnam/6137947,제목,규칙기반 자동분류(제목·요약 낱말 대조)
2026-04-15,금정산,부산·경남,행정,협약·협력,[위클리오늘] 금정구 소식 (4.15),weeklytoday.com,http://www.weeklytoday.com/news/articleView.html?idxno=771246,요약,규칙기반 자동분류(제목·요약 낱말 대조)
2026-04-15,금정산,부산·경남,행정,지정·구역,금정산 불법 기도터 정비…폐기물 40t 철거,newsis.com,https://www.newsis.com/view/NISX20260415_0003592762,제목,규칙기반 자동분류(제목·요약 낱말 대조)
2026-04-15,금정산,부산·경남,행정,지정·구역,"""수십 년 묵은 문제 해결""…금정산국립공원 불법 기도터 철거",news1.kr,https://www.news1.kr/local/busan-gyeongnam/6137652,제목,규칙기반 자동분류(제목·요약 낱말 대조)
2026-04-15,금정산,부산·경남,행정,협약·협력,"[부산소식]금정산국립공원사무소, 부산시자원봉사센터 MOU 등",newsis.com,https://www.newsis.com/view/NISX20260415_0003592735,제목,규칙기반 자동분류(제목·요약 낱말 대조)
2026-04-15,금정산,부산·경남,행정,인사·조직,"금정구–범어사, 금정산 국립공원 연계 지역 상생 협력 '맞손'",news1.kr,https://www.news1.kr/local/busan-gyeongnam/6136600,제목,규칙기반 자동분류(제목·요약 낱말 대조)
2026-04-14,설악산,강원,행정,협약·협력,"인제 백담지구, 역사·문화 어우러진 생태 탐방 명소로 육성",news1.kr,https://www.news1.kr/local/kangwon/6136232,요약,규칙기반 자동분류(제목·요약 낱말 대조)
2026-04-14,설악산,강원,행정,협약·협력,"인제군·설악산국립공원·백담사, '설악산 백담지구 생태·문화 탐방자...",gw.newdaily.co.kr,https://gw.newdaily.co.kr/site/data/html/2026/04/14/2026041400304.html,제목,규칙기반 자동분류(제목·요약 낱말 대조)
2026-04-14,설악산,강원,행정,협약·협력,"[위클리오늘] 인제군-설악산국립공원-백담사, 생태·문화 탐방자원 조성...",weeklytoday.com,http://www.weeklytoday.com/news/articleView.html?idxno=770944,제목,규칙기반 자동분류(제목·요약 낱말 대조)
2026-04-14,설악산,강원,행정,협약·협력,인제군·설악산국립공원사무소·백담사 '설악산 백담지구 생태·문화 탐...,kado.net,https://www.kado.net/news/articleView.html?idxno=2044551,제목,규칙기반 자동분류(제목·요약 낱말 대조)
2026-04-14,설악산,강원,행정,협약·협력,"인제군, 백담지구 생태문화 탐방사업 추진",jeonmae.co.kr,https://www.jeonmae.co.kr/news/articleView.html?idxno=1248096,요약,규칙기반 자동분류(제목·요약 낱말 대조)
2026-04-14,설악산,강원,행정,협약·협력,"인제군·설악산국립공원·백담사, 생태 문화 자원 조성 협력",chmbc.co.kr,https://chmbc.co.kr/article/8mFszbiqiFpej4S,제목,규칙기반 자동분류(제목·요약 낱말 대조)
2026-04-14,설악산,강원,행정,기타,토왕성폭포가 하나로 만난 날 [토왕성 폭포 좌우벽 연결 등반],san.chosun.com,http://san.chosun.com/news/articleView.html?idxno=25736,요약,규칙기반 자동분류(제목·요약 낱말 대조)
2026-04-14,팔공산,대구·경북,행정,기타,"[6.3지방선거 이것이 정책] 서호영 ""언제든 두드리세요""…민생신문고 공...",idaegu.com,https://www.idaegu.com/news/articleView.html?idxno=660443,요약,규칙기반 자동분류(제목·요약 낱말 대조)
2026-04-13,금정산,부산·경남,행정,기타,암자에 토굴까지…뒷짐 행정에 멍든 금정산,news.kbs.co.kr,https://news.kbs.co.kr/news/pc/view/view.do?ncd=8534665&ref=A,제목,규칙기반 자동분류(제목·요약 낱말 대조)
2026-04-13,금정산,부산·경남,행정,지정·구역,[사설] 낙동강 최초 국가도시공원 지정 위해 치밀한 전략 수립하길,busan.com,https://www.busan.com/view/busan/view.php?code=2026041218151850800,요약,규칙기반 자동분류(제목·요약 낱말 대조)
2026-04-13,(전체·공통),전국·공통,행정,인사·조직,[정책브리핑] 2026년 04월 13일 월요일 주요 정책,sisunnews.co.kr,http://www.sisunnews.co.kr/news/articleView.html?idxno=236703,해당없음,규칙기반 자동분류(제목·요약 낱말 대조)
2026-04-12,금정산,부산·경남,행정,지정·구역,"을숙도·맥도 분리, 낙동강 국가도시공원 첫 지정 도전",busan.com,https://www.busan.com/view/busan/view.php?code=2026041218302481600,요약,규칙기반 자동분류(제목·요약 낱말 대조)
2026-04-12,금정산,부산·경남,행정,기타,[한 손 뉴스] 금정산국립공원 깃대종 선정…고리도롱뇽·가는동자꽃 유...,kookje.co.kr,http://www.kookje.co.kr/news2011/asp/newsbody.asp?code=0300&key=20260413.22004003313,제목,규칙기반 자동분류(제목·요약 낱말 대조)
2026-04-12,금정산,부산·경남,행정,지정·구역,"‘실행력’ 전재수의 창 vs ‘경륜’ 박형준의 방패…뚫을까, 막을까",busan.com,https://www.busan.com/view/busan/view.php?code=2026041213535478354,요약,규칙기반 자동분류(제목·요약 낱말 대조)
2026-04-11,설악산,강원,행정,지정·구역,"오늘 일출·일몰시간, ""12일(일) 전국 해돋이 명소, 해 뜨는 시간과 해 ...",lecturernews.com,https://www.lecturernews.com/news/articleView.html?idxno=200209,요약,규칙기반 자동분류(제목·요약 낱말 대조)
2026-04-11,소백산,충북·경북,행정,기타,소백산·단양 절경 사진 찍고 상금 1400만원,bulkyo21.com,http://www.bulkyo21.com/news/articleView.html?idxno=63911,제목,규칙기반 자동분류(제목·요약 낱말 대조)
2026-04-10,오대산,강원,행정,기타,"오대산국립공원, ‘세계 물의 날’ 맞아 계곡 환경정화",kwnews.co.kr,https://www.kwnews.co.kr/page/view/2026040813420860218,제목,규칙기반 자동분류(제목·요약 낱말 대조)
2026-04-10,팔공산,대구·경북,행정,법령·제도,"""명산에 불 때야 마음 안정돼""...팔공산국립공원 곳곳에 촛불이?",news.jtbc.co.kr,https://news.jtbc.co.kr/article/NB12293728?influxDiv=NAVER,제목,규칙기반 자동분류(제목·요약 낱말 대조)
2026-04-09,설악산,강원,행정,기타,"자연 속 특별한 결혼식, '2026년 국립공원 숲 결혼식 지원'",korea.kr,https://www.korea.kr/news/reporterView.do?newsId=148961283&call_from=naver_news,요약,규칙기반 자동분류(제목·요약 낱말 대조)
2026-04-09,가야산,경북·경남,행정,인사·조직,"성주 가볼 만한 곳, 고분군·서원·계곡까지 완벽 코스",topstarnews.net,https://www.topstarnews.net/news/articleView.html?idxno=16030019,요약,규칙기반 자동분류(제목·요약 낱말 대조)
2026-04-09,월악산,충북·경북,행정,기타,"[정책브리핑] 경기도, '기후위기 대응' 중소기업에 400억원 융자 지원",esgeconomy.com,https://www.esgeconomy.com/news/articleView.html?idxno=15151,요약,규칙기반 자동분류(제목·요약 낱말 대조)
2026-04-09,팔공산,대구·경북,행정,인사·조직,"재대구 군위군 향우회, 국민의힘 서호영 동구청장 예비후보 지지선언",kbmaeil.com,https://www.kbmaeil.com/article/20260409500639,요약,규칙기반 자동분류(제목·요약 낱말 대조)
2026-04-08,소백산,충북·경북,행정,기타,"천태종, 자연·불교문화 담긴 사진 공모",beopbo.com,https://www.beopbo.com/news/articleView.html?idxno=334815,요약,규칙기반 자동분류(제목·요약 낱말 대조)
2026-04-08,소백산,충북·경북,행정,기타,"천태종, 예술·사진 공모전 잇달아",hyunbulnews.com,https://www.hyunbulnews.com/news/articleView.html?idxno=502773,요약,규칙기반 자동분류(제목·요약 낱말 대조)
2026-04-08,소백산,충북·경북,행정,기타,"대한불교천태종, 천태예술공모대전·사진공모전 개최",news1.kr,https://www.news1.kr/life-culture/religion/6129532,요약,규칙기반 자동분류(제목·요약 낱말 대조)
2026-04-08,소백산,충북·경북,행정,기타,대한불교 천태종 제8회 천태사진공모전' 개최,inews365.com,https://www.inews365.com/news/article.html?no=914331,요약,규칙기반 자동분류(제목·요약 낱말 대조)
2026-04-08,소백산,충북·경북,행정,기타,"천태종, 제11회 천태예술공모대전·제8회 천태사진공모전 개최",btnnews.tv,https://www.btnnews.tv/news/articleView.html?idxno=89592,요약,규칙기반 자동분류(제목·요약 낱말 대조)
2026-04-08,팔공산,대구·경북,행정,법령·제도,"[밀착카메라] ""명당""이라며 명산 훼손…'철거' 버티는 불법 기도처들",news.jtbc.co.kr,https://news.jtbc.co.kr/article/NB12293333?influxDiv=NAVER,요약,규칙기반 자동분류(제목·요약 낱말 대조)
2026-04-07,설악산,강원,행정,기타,청남대서 만나는 '국립공원의 찰나' ··· 사진공모전 수상작 전시,ggilbo.com,https://www.ggilbo.com/news/articleView.html?idxno=1151218,요약,규칙기반 자동분류(제목·요약 낱말 대조)
2026-04-07,설악산,강원,행정,기타,"찰나에 담긴 국립공원의 아름다운 순간, 청남대에서 만나요!",joongdo.co.kr,https://www.joongdo.co.kr/web/view.php?key=20260407010001780,요약,규칙기반 자동분류(제목·요약 낱말 대조)
2026-04-07,팔공산,대구·경북,행정,인사·조직,"팔공산 향토사 권위자 이상국 박사, 서호영 동구청장 예비후보 지지 선...",kbmaeil.com,https://www.kbmaeil.com/article/20260407500310,제목,규칙기반 자동분류(제목·요약 낱말 대조)
2026-04-07,팔공산,대구·경북,행정,인사·조직,"향토사 권위자 이상국 박사, 서호영 동구청장 예비후보 지지 선언",idaegu.com,https://www.idaegu.com/news/articleView.html?idxno=660022,요약,규칙기반 자동분류(제목·요약 낱말 대조)
2026-04-07,팔공산,대구·경북,행정,기타,팔공산 국립공원의 가치 알린다… '제3기 시민대학' 수강생 모집,news.bbsi.co.kr,https://news.bbsi.co.kr/news/articleView.html?idxno=4076808,제목,규칙기반 자동분류(제목·요약 낱말 대조)
2026-04-07,금정산,부산·경남,행정,지정·구역,"부산 금강사, 제19회 부산차밭골문화제 개최",btnnews.tv,https://www.btnnews.tv/news/articleView.html?idxno=89562,요약,규칙기반 자동분류(제목·요약 낱말 대조)
2026-04-06,설악산,강원,행정,기타,찰나에 담긴 국립공원의 아름다운 순간을 청남대 에서...,chungnamilbo.co.kr,http://www.chungnamilbo.co.kr/news/articleView.html?idxno=881857,요약,규칙기반 자동분류(제목·요약 낱말 대조)
2026-04-06,설악산,강원,행정,기타,"국립공원공단 중부지역본부, '국립공원, 찰나의 순간' 사진전시회 개최",m-i.kr,https://www.m-i.kr/news/articleView.html?idxno=1361738,요약,규칙기반 자동분류(제목·요약 낱말 대조)
2026-04-06,지리산,전남·전북·경남,행정,연구·용역,침엽수 '집단 고사' 확산…지리산에서만 7만 그루,news.sbs.co.kr,https://news.sbs.co.kr/news/endPage.do?news_id=N1008506129&plink=ORI&cooper=NAVER,제목,규칙기반 자동분류(제목·요약 낱말 대조)
2026-04-06,한라산,제주,행정,지정·구역,"[테마스페셜] 한라산 표고버섯, 자연과 기술 속에서 다시 주목받는 가치",news.knn.co.kr,https://news.knn.co.kr/news/article_sns/1167,제목,규칙기반 자동분류(제목·요약 낱말 대조)
2026-04-06,(전체·공통),전국·공통,행정,예산·재정,"진도군, 박지원 의원과 함께 현안 간담회 개최… ‘바람연금’ 시대 연...",sports.donga.com,https://sports.donga.com/region/article/all/20260406/133681986/1,해당없음,규칙기반 자동분류(제목·요약 낱말 대조)
2026-04-06,무등산,광주·전남,행정,예산·재정,'중앙과 호남을 잇는 경제통' 광주 원도심을 AI 밸리로 [여의도 교차로...,news.mtn.co.kr,https://news.mtn.co.kr/news-detail/2026040611410223062,요약,규칙기반 자동분류(제목·요약 낱말 대조)
2026-04-06,금정산,부산·경남,행정,지정·구역,금정산 국립공원 지정기념 ‘금정산 사계 사진전 ’,busan.com,https://www.busan.com/view/busan/view.php?code=2026040218065099599,제목,규칙기반 자동분류(제목·요약 낱말 대조)
2026-04-05,지리산,전남·전북·경남,행정,연구·용역,껍질 까지고 하얗게 말라죽었다…지리산 떼죽음 '비상',news.sbs.co.kr,https://news.sbs.co.kr/news/endPage.do?news_id=N1008505991&plink=ORI&cooper=NAVER,제목,규칙기반 자동분류(제목·요약 낱말 대조)
2026-04-05,변산반도,전북 부안,행정,협약·협력,"부안 변산면, 느린우체통 운영 업무협약 체결",sjbnews.com,https://sjbnews.com/news/news.php?number=875516,요약,규칙기반 자동분류(제목·요약 낱말 대조)
2026-04-05,팔공산,대구·경북,행정,인사·조직,"동화사 팔공회, 서호영 동구청장 예비후보 지지 선언… ""지역 발전 적임...",news.bbsi.co.kr,https://news.bbsi.co.kr/news/articleView.html?idxno=4076372,요약,규칙기반 자동분류(제목·요약 낱말 대조)
2026-04-05,팔공산,대구·경북,행정,인사·조직,"동화사 팔공회, 서호영 대구 동구청장 예비후보 지지 선언",breaknews.com,http://www.breaknews.com/1197804,요약,규칙기반 자동분류(제목·요약 낱말 대조)
2026-04-05,팔공산,대구·경북,행정,인사·조직,권기일 동구청장 예비후보 '동네별 맞춤 설계도' 공약,idaegu.co.kr,https://www.idaegu.co.kr/news/articleView.html?idxno=543939,요약,규칙기반 자동분류(제목·요약 낱말 대조)
2026-04-05,금정산,부산·경남,행정,지정·구역,"""편백·벚나무 못 심어요""…'국립공원 승격' 금정산, 식목일 풍경 바뀐...",news1.kr,https://www.news1.kr/local/busan-gyeongnam/6125568,제목,규칙기반 자동분류(제목·요약 낱말 대조)
2026-04-03,설악산,강원,행정,인사·조직,'영래교' 교주에서 한국등산학교 교장으로 [한국등산학교 전영래 신임 ...,san.chosun.com,http://san.chosun.com/news/articleView.html?idxno=25683,요약,규칙기반 자동분류(제목·요약 낱말 대조)
2026-04-03,북한산,서울·경기,행정,지정·구역,"행정구역으론 만경대, 시민들 마음엔 백운대 [서울 최고봉은?]",san.chosun.com,http://san.chosun.com/news/articleView.html?idxno=25679,요약,규칙기반 자동분류(제목·요약 낱말 대조)
2026-04-03,금정산,부산·경남,행정,지정·구역,"금정산국립공원 지정 한 달… “계급장 추가했으니, 더 좋아질 것”",mk.co.kr,https://www.mk.co.kr/article/12007177,제목,규칙기반 자동분류(제목·요약 낱말 대조)
2026-04-03,금정산,부산·경남,행정,인사·조직,"[부산 브리핑 모음(4월3일)] 부산항만공사, 중동 전쟁 장기화 대비 부산...",dnews.co.kr,https://www.dnews.co.kr/uhtml/view.jsp?idxno=202604022140170100826,요약,규칙기반 자동분류(제목·요약 낱말 대조)
2026-04-02,오대산,강원,행정,협약·협력,"월정사, AI·디지털 기술로 문화유산 보존한다",hyunbulnews.com,https://www.hyunbulnews.com/news/articleView.html?idxno=502686,요약,규칙기반 자동분류(제목·요약 낱말 대조)
2026-04-02,북한산,서울·경기,행정,기타,서울에 '고려시대 사찰'이 있다?…멀리 갈 필요 없는 템플스테이·힐링...,wikitree.co.kr,https://www.wikitree.co.kr/articles/1129418,요약,규칙기반 자동분류(제목·요약 낱말 대조)
2026-04-02,무등산,광주·전남,행정,기타,'무등산사랑 환경대학' 제62기 입학식 열려,kjmbc.co.kr,https://kjmbc.co.kr/NewsArticle/1512186,제목,규칙기반 자동분류(제목·요약 낱말 대조)
2026-04-02,팔공산,대구·경북,행정,인사·조직,"이재혁 대구 동구청장 예비후보, 팔공산 국가숲길 유치해 체류형 관광으...",dkilbo.com,https://www.dkilbo.com/news/articleView.html?idxno=539624,제목,규칙기반 자동분류(제목·요약 낱말 대조)
2026-04-02,팔공산,대구·경북,행정,인사·조직,"""팔공산을 국가숲길로""... 이재혁 예비후보, '체류형 관광' 공약 발표",news.bbsi.co.kr,https://news.bbsi.co.kr/news/articleView.html?idxno=4075853,제목,규칙기반 자동분류(제목·요약 낱말 대조)
2026-04-02,팔공산,대구·경북,행정,기타,팔공산 국립공원 됐는데…주민들은 “더 힘들다”,kmib.co.kr,https://www.kmib.co.kr/article/view.asp?arcid=0029620873&code=61121111&cp=nv,제목,규칙기반 자동분류(제목·요약 낱말 대조)
2026-04-02,팔공산,대구·경북,행정,지정·구역,“팔공산 국립공원 승격 후 상가 휴폐업률 급증”,news.kbs.co.kr,https://news.kbs.co.kr/news/pc/view/view.do?ncd=8524941&ref=A,제목,규칙기반 자동분류(제목·요약 낱말 대조)
2026-04-02,금정산,부산·경남,행정,지정·구역,기후환경 사진전….'지구 앞에 서다-위태로운 경계에서',idaegu.com,https://www.idaegu.com/news/articleView.html?idxno=659707,요약,규칙기반 자동분류(제목·요약 낱말 대조)
2026-04-02,금정산,부산·경남,행정,지정·구역,금정산서 답 찾는 금정구…국립공원 지정 연계 발전 방향 모색,news1.kr,https://www.news1.kr/local/busan-gyeongnam/6122623,제목,규칙기반 자동분류(제목·요약 낱말 대조)
2026-04-02,금정산,부산·경남,행정,연구·용역,"[부산 브리핑 모음(4월2일)] 부산시설공단 이탁곤 사회복지처장, 건설기...",dnews.co.kr,https://www.dnews.co.kr/uhtml/view.jsp?idxno=202604011926247340639,요약,규칙기반 자동분류(제목·요약 낱말 대조)
2026-04-01,경주,경북 경주,행정,인사·조직,"경주교도소, 경주 국립공원과 손잡고 ‘천년남산’ 푸른 약속",lawissue.co.kr,http://www.lawissue.co.kr/view.php?ud=2026040117113298169a8c8bf58f_12,제목,규칙기반 자동분류(제목·요약 낱말 대조)
2026-04-01,한려해상,경남·전남,행정,인사·조직,직원 간 언쟁에 분리조치?...통영해경 잇단 내부 잡음,news.knn.co.kr,https://news.knn.co.kr/news/article/185836,요약,규칙기반 자동분류(제목·요약 낱말 대조)
2026-04-01,주왕산,경북,행정,인사·조직,"주왕산국립공원, 산불피해지역 도토리심기 행사 개최",hidomin.com,http://www.hidomin.com/news/articleView.html?idxno=614788,제목,규칙기반 자동분류(제목·요약 낱말 대조)
2026-04-01,팔공산,대구·경북,행정,인사·조직,"권기일 동구청장 예비후보, '동네별 맞춤 설계도' 발표",dkilbo.com,https://www.dkilbo.com/news/articleView.html?idxno=539529,요약,규칙기반 자동분류(제목·요약 낱말 대조)
2026-04-01,팔공산,대구·경북,행정,인사·조직,"권기일 동구청장 예비후보, '우리동네 맞춤형 설계도' 발표",news.bbsi.co.kr,https://news.bbsi.co.kr/news/articleView.html?idxno=4075590,요약,규칙기반 자동분류(제목·요약 낱말 대조)
2026-04-01,팔공산,대구·경북,행정,인사·조직,"권기일 대구 동구청장 예비후보, ‘동네별 맞춤 설계도’ 공개",breaknews.com,http://www.breaknews.com/1196831,요약,규칙기반 자동분류(제목·요약 낱말 대조)
2026-04-01,팔공산,대구·경북,행정,지정·구역,"대구시의회 권기훈 의원, 팔공산 주민 생존 위기 지적",enewstoday.co.kr,http://www.enewstoday.co.kr/news/articleView.html?idxno=2413340,제목,규칙기반 자동분류(제목·요약 낱말 대조)
2026-04-01,팔공산,대구·경북,행정,지정·구역,"권기훈 의원 ""팔공산 주민 생존 위기. . .대구시, 상생 해법 마련해야”",sentv.co.kr,https://www.sentv.co.kr/article/view/sentv202604010075,제목,규칙기반 자동분류(제목·요약 낱말 대조)
2026-04-01,팔공산,대구·경북,행정,지정·구역,[패트롤]대구시의회- 청도군- 칠곡군- 대구보건대- 대구도시개발공사 -...,ekn.kr,https://www.ekn.kr/web/view.php?key=20260401026402941,요약,규칙기반 자동분류(제목·요약 낱말 대조)
2026-04-01,금정산,부산·경남,행정,연구·용역,"금정산국립공원 주사무소 유치 본격화…부산 금정구, 타당성 조사",news1.kr,https://www.news1.kr/local/busan-gyeongnam/6121657,제목,규칙기반 자동분류(제목·요약 낱말 대조)
2026-04-01,금정산,부산·경남,행정,지정·구역,"금정산 국립공원 지정 기념, '18,845 금정산성 워킹페스타'",gukjenews.com,https://www.gukjenews.com/news/articleView.html?idxno=3545493,제목,규칙기반 자동분류(제목·요약 낱말 대조)
2026-04-01,금정산,부산·경남,행정,연구·용역,"부산 금정구, 타당성 조사 용역 본격 착수...""국립공원 주사무소 유치""",gukjenews.com,https://www.gukjenews.com/news/articleView.html?idxno=3545479,요약,규칙기반 자동분류(제목·요약 낱말 대조)
2026-03-31,오대산,강원,행정,협약·협력,“전통사찰 AI 에이전트 도입… 천년 고찰에 첨단 IT 기술 접목”,kwnews.co.kr,https://www.kwnews.co.kr/page/view/2026033117243219072,요약,규칙기반 자동분류(제목·요약 낱말 대조)
2026-03-31,팔공산,대구·경북,행정,지정·구역,권기일 대구 동구청장 예비후보 “팔공산·금호강 엮어 세계적 보물로 ...,biz.heraldcorp.com,https://biz.heraldcorp.com/article/10707027?ref=naver,제목,규칙기반 자동분류(제목·요약 낱말 대조)
2026-03-31,팔공산,대구·경북,행정,지정·구역,권기훈 대구시의원 “팔공산 상권 붕괴 심각”,ksmnews.co.kr,https://www.ksmnews.co.kr/news/view.php?idx=597889,제목,규칙기반 자동분류(제목·요약 낱말 대조)
2026-03-31,팔공산,대구·경북,행정,지정·구역,"권기훈 대구시의원, 팔공산 주민 생존 위기…""대구시, 상생 대책 마련해...",pennmike.com,https://www.pennmike.com/news/articleView.html?idxno=117844,제목,규칙기반 자동분류(제목·요약 낱말 대조)
2026-03-31,팔공산,대구·경북,행정,지정·구역,"대구시의회 권기훈 의원, 팔공산 주민 생존 위기 지적… ""대구시, 상생 ...",dkilbo.com,https://www.dkilbo.com/news/articleView.html?idxno=539279,제목,규칙기반 자동분류(제목·요약 낱말 대조)
2026-03-31,팔공산,대구·경북,행정,기타,팔공산 '갓바위퍽정명품마을' 본격 육성… 경산시·주민 맞손,news.bbsi.co.kr,https://news.bbsi.co.kr/news/articleView.html?idxno=4075384,제목,규칙기반 자동분류(제목·요약 낱말 대조)
2026-03-31,팔공산,대구·경북,행정,지정·구역,"권기훈 시의원 ""팔공산 상권 휴·페업률 높아져…실질적인 대책 세워야...",dgmbc.com,https://dgmbc.com/NewsArticle/832502,제목,규칙기반 자동분류(제목·요약 낱말 대조)
2026-03-31,팔공산,대구·경북,행정,지정·구역,"권기일 대구 동구청장 예비후보 ""팔공산·금호강 엮어 세계적 보물로 만...",hidomin.com,http://www.hidomin.com/news/articleView.html?idxno=614673,제목,규칙기반 자동분류(제목·요약 낱말 대조)
2026-03-31,팔공산,대구·경북,행정,예산·재정,"권기훈 대구시의원, 팔공산 주민 생계 위기 지적…“상생 대책 시급”",cnbnews.com,https://www.cnbnews.com/news/article.html?no=786814,제목,규칙기반 자동분류(제목·요약 낱말 대조)
2026-03-31,팔공산,대구·경북,행정,지정·구역,"권기훈 대구시의원, 팔공산 생계 위기 해법 촉구…대구시 역할 시험대",kyongbuk.co.kr,https://www.kyongbuk.co.kr/news/articleView.html?idxno=4068561,제목,규칙기반 자동분류(제목·요약 낱말 대조)
2026-03-31,팔공산,대구·경북,행정,지정·구역,"권기훈 대구시의원(동구 3), 팔공산 일대 주민 간 장기간 갈등, 대구시의...",pressian.com,https://www.pressian.com/pages/articles/2026033115272349142?utm_source=naver&utm_medium=search,제목,규칙기반 자동분류(제목·요약 낱말 대조)
2026-03-31,팔공산,대구·경북,행정,지정·구역,"권기훈 대구시의원, 팔공산 주민 생존 위기 지적",kbsm.net,https://www.kbsm.net/news/view.php?idx=514041,제목,규칙기반 자동분류(제목·요약 낱말 대조)
2026-03-31,팔공산,대구·경북,행정,지정·구역,"대구시의원 ""팔공산 상가 휴·폐업률 67%…생계 대책 필요""",yna.co.kr,https://www.yna.co.kr/view/AKR20260331130500053?input=1195m,제목,규칙기반 자동분류(제목·요약 낱말 대조)
2026-03-31,팔공산,대구·경북,행정,지정·구역,"권기훈 대구시의원, “팔공산 갈등 방치 안 된다”…주민 생존 위기 직...",inews24.com,http://www.inews24.com/view/1955358,제목,규칙기반 자동분류(제목·요약 낱말 대조)
2026-03-31,팔공산,대구·경북,행정,지정·구역,"권기훈 대구시의원 ""팔공산 주민 생존 위기, 대책 마련을""",newsis.com,https://www.newsis.com/view/NISX20260331_0003571469,제목,규칙기반 자동분류(제목·요약 낱말 대조)
2026-03-31,팔공산,대구·경북,행정,지정·구역,"권기일 대구 동구청장 예비후보, “팔공산·금호강 연계해 세계적 관광...",breaknews.com,http://www.breaknews.com/1196434,제목,규칙기반 자동분류(제목·요약 낱말 대조)
2026-03-31,금정산,부산·경남,행정,지정·구역,"박형준, 합리적 사고·유려한 화법으로 보수·중도 아우르는 정치인 [부...",busan.com,https://www.busan.com/view/busan/view.php?code=2026033118474116885,요약,규칙기반 자동분류(제목·요약 낱말 대조)
2026-03-31,금정산,부산·경남,행정,인사·조직,"[부산소식]부산진구, 4월부터 '커피박 공공수거' 등",newsis.com,https://www.newsis.com/view/NISX20260331_0003571025,요약,규칙기반 자동분류(제목·요약 낱말 대조)
2026-03-31,금정산,부산·경남,행정,인사·조직,"[부산 브리핑 모음(3월31일)] 부산도시공사, ‘서부산 행정복합타운’ ...",dnews.co.kr,https://www.dnews.co.kr/uhtml/view.jsp?idxno=202603301914524360256,요약,규칙기반 자동분류(제목·요약 낱말 대조)
2026-03-30,한려해상,경남·전남,행정,인사·조직,"한려해상국립공원, 연대도 갯바위 생태휴식제 운영구간 변경",newsis.com,https://www.newsis.com/view/NISX20260330_0003570284,제목,규칙기반 자동분류(제목·요약 낱말 대조)
2026-03-30,북한산,서울·경기,행정,협약·협력,"북한산 품에 '주민 나눔터'…성북구, 민·관·공단 협력모델 구축",fntoday.co.kr,https://www.fntoday.co.kr/news/articleView.html?idxno=380988,제목,규칙기반 자동분류(제목·요약 낱말 대조)
2026-03-30,팔공산,대구·경북,행정,인사·조직,"사)한국산림보호협회,팔공산에서 봄철 산불 조심 캠페인",imaeil.com,https://www.imaeil.com/page/view/2026033013394541854,제목,규칙기반 자동분류(제목·요약 낱말 대조)
2026-03-30,금정산,부산·경남,행정,인사·조직,금정구 이어 동래구도 금정산 국립공원 TF,kookje.co.kr,http://www.kookje.co.kr/news2011/asp/newsbody.asp?code=0300&key=20260331.22006009449,제목,규칙기반 자동분류(제목·요약 낱말 대조)
2026-03-30,금정산,부산·경남,행정,인사·조직,"동래구, 금정산 국립공원 연계 지역경제 활성화 TF 본격 발족",ikld.kr,http://www.ikld.kr/news/articleView.html?idxno=331855,제목,규칙기반 자동분류(제목·요약 낱말 대조)
2026-03-30,금정산,부산·경남,행정,지정·구역,"금정산국립공원 효과 극대화…부산 동래구, 지역경제 TF 발족",news1.kr,https://www.news1.kr/local/busan-gyeongnam/6118601,제목,규칙기반 자동분류(제목·요약 낱말 대조)
2026-03-30,금정산,부산·경남,행정,지정·구역,"대불련 부산지부, 청년 불자 삼보일배 수행 진행",beopbo.com,https://www.beopbo.com/news/articleView.html?idxno=334614,요약,규칙기반 자동분류(제목·요약 낱말 대조)
2026-03-29,주왕산,경북,행정,지정·구역,산불 상처 딛고 주왕산 복원 시동… 도토리로 숲 되살린다,kyongbuk.co.kr,https://www.kyongbuk.co.kr/news/articleView.html?idxno=4068389,제목,규칙기반 자동분류(제목·요약 낱말 대조)
2026-03-29,주왕산,경북,행정,인사·조직,"주왕산국립공원, 산불피해지 도토리 심기 행사 개최",kbmaeil.com,https://www.kbmaeil.com/article/20260329500432,제목,규칙기반 자동분류(제목·요약 낱말 대조)
2026-03-29,무등산,광주·전남,행정,지정·구역,"[사람&스토리]백진선 광주 5·18 청소년 오케스트라 예술감독 ""청소년·...",namdonews.com,https://www.namdonews.com/news/articleView.html?idxno=905663,요약,규칙기반 자동분류(제목·요약 낱말 대조)
2026-03-29,팔공산,대구·경북,행정,인사·조직,"권기일 동구청장 예비후보, 동구 발전 교수자문단 발족…정책 행보 가속",tk.newdaily.co.kr,https://tk.newdaily.co.kr/site/data/html/2026/03/29/2026032900122.html,요약,규칙기반 자동분류(제목·요약 낱말 대조)
2026-03-29,팔공산,대구·경북,행정,인사·조직,"권기일 대구 동구청장 예비후보, 각 전문분야 교수 중심 정책자문단 발...",kbmaeil.com,https://www.kbmaeil.com/article/20260329500512,요약,규칙기반 자동분류(제목·요약 낱말 대조)
2026-03-29,금정산,부산·경남,행정,지정·구역,대불련 부산지부 '청춘 전법 서원 삼보일배' 봉행,ibulgyo.com,http://www.ibulgyo.com/news/articleView.html?idxno=436738,요약,규칙기반 자동분류(제목·요약 낱말 대조)
2026-03-28,금정산,부산·경남,행정,지정·구역,대불련 부산지부 '청년 전법 원력' 삼보일배,hyunbulnews.com,https://www.hyunbulnews.com/news/articleView.html?idxno=502624,요약,규칙기반 자동분류(제목·요약 낱말 대조)
2026-03-27,변산반도,전북 부안,행정,기타,"백제의 恨, 억겁의 결…노을빛 '시간여행'에 물들다 [여행]",edaily.co.kr,http://www.edaily.co.kr/news/newspath.asp?newsid=02010646645387584,요약,규칙기반 자동분류(제목·요약 낱말 대조)
2026-03-27,팔공산,대구·경북,행정,인사·조직,"권기일 대구 동구청장 예비후보, 교수자문단 공식 출범…“정책은 실행...",breaknews.com,http://www.breaknews.com/1195712,요약,규칙기반 자동분류(제목·요약 낱말 대조)
2026-03-27,팔공산,대구·경북,행정,인사·조직,"권기일 대구 동구청장 예비후보, 교수자문단 출범…“정책으로 승부”",inews24.com,http://www.inews24.com/view/1954312,요약,규칙기반 자동분류(제목·요약 낱말 대조)
2026-03-26,지리산,전남·전북·경남,행정,기타,백두대간이 잠시 숨 고르는 '고원의 요람' [나홀로 우리 땅 걷기],san.chosun.com,http://san.chosun.com/news/articleView.html?idxno=25646,요약,규칙기반 자동분류(제목·요약 낱말 대조)
2026-03-26,덕유산,전북·경남,행정,기타,덕유산국립공원 지역사회와 합동 환경정화 캠페인,sjbnews.com,http://sjbnews.com/news/news.php?number=874748,제목,규칙기반 자동분류(제목·요약 낱말 대조)
2026-03-26,북한산,서울·경기,행정,인사·조직,"성북구·북한산국립공원, 주민편의 협력공간 ‘나눔터’ 조성",weekly.cnbnews.com,https://weekly.cnbnews.com/news/article.html?no=210118,제목,규칙기반 자동분류(제목·요약 낱말 대조)
2026-03-26,무등산,광주·전남,행정,기타,"“올 봄엔 무등산으로 떠나요” 여기어때, ‘무등포레스트’ 프로모션",sports.khan.co.kr,https://sports.khan.co.kr/article/202603261049003?pt=nv,제목,규칙기반 자동분류(제목·요약 낱말 대조)
2026-03-26,팔공산,대구·경북,행정,인사·조직,"권기일 동구청장 예비후보, '교수 자문단' 발족... 정책 행보 가속",news.bbsi.co.kr,https://news.bbsi.co.kr/news/articleView.html?idxno=4074514,요약,규칙기반 자동분류(제목·요약 낱말 대조)
2026-03-26,팔공산,대구·경북,행정,인사·조직,"정해용 동구청장 예비후보, '팔공산을 체류형 명소로 대전환' 선언",enewstoday.co.kr,http://www.enewstoday.co.kr/news/articleView.html?idxno=2410819,제목,규칙기반 자동분류(제목·요약 낱말 대조)
2026-03-25,지리산,전남·전북·경남,행정,지정·구역,"장수 가볼 만한 곳, 자연 속 휴식과 문화가 어우러진 공간",joongangenews.com,https://www.joongangenews.com/news/articleView.html?idxno=504325,요약,규칙기반 자동분류(제목·요약 낱말 대조)
2026-03-25,경주,경북 경주,행정,기타,"대구지방환경청, 식목일 맞아 경주서 나무심기 행사 개최",metroseoul.co.kr,http://www.metroseoul.co.kr/article/20260325500043,제목,규칙기반 자동분류(제목·요약 낱말 대조)
2026-03-25,경주,경북 경주,행정,기타,"대구지방환경청, 탄소 흡수원 '푸른 숨' 불어넣다",ilyoseoul.co.kr,https://www.ilyoseoul.co.kr/news/articleView.html?idxno=514660,요약,규칙기반 자동분류(제목·요약 낱말 대조)
2026-03-25,경주,경북 경주,행정,기타,[패트롤] 영천시-영천시의회-청도군-칠곡군-수성구-대구지방환경청,ekn.kr,https://www.ekn.kr/web/view.php?key=20260325027000818,요약,규칙기반 자동분류(제목·요약 낱말 대조)
2026-03-25,한려해상,경남·전남,행정,지정·구역,“원더풀! 뷰티풀!”…외국인 눈으로 본 ‘한국 최고 절경’은,nongmin.com,https://www.nongmin.com/article/20260325500332,요약,규칙기반 자동분류(제목·요약 낱말 대조)
2026-03-25,한려해상,경남·전남,행정,협약·협력,"한려해상국립공원-한화오션, 해양생태계 보호 협력",news1.kr,https://www.news1.kr/local/busan-gyeongnam/6113562,제목,규칙기반 자동분류(제목·요약 낱말 대조)
2026-03-25,내장산,전북·전남,행정,인사·조직,'4대 매화' 장성 백양사 '고불매(古佛梅)' 개화,notepet.co.kr,http://www.notepet.co.kr/news/article/article_view/?idx=34802&groupCode=AB110AD110,요약,규칙기반 자동분류(제목·요약 낱말 대조)
2026-03-25,가야산,경북·경남,행정,인사·조직,"성주 가볼 만한 곳, 봄에 떠나기 좋은 고즈넉한 여행",topstarnews.net,https://www.topstarnews.net/news/articleView.html?idxno=16015963,요약,규칙기반 자동분류(제목·요약 낱말 대조)
2026-03-25,오대산,강원,행정,지정·구역,대한민국 '명승 1호'의 이름값…금강산을 통째로 옮긴 '트레킹 명소',wikitree.co.kr,https://www.wikitree.co.kr/articles/1127579,요약,규칙기반 자동분류(제목·요약 낱말 대조)
2026-03-25,(전체·공통),전국·공통,행정,지정·구역,다도해의 매력을 담은 고흥 가볼 만한 곳,stardailynews.co.kr,https://www.stardailynews.co.kr/news/articleView.html?idxno=529039,해당없음,규칙기반 자동분류(제목·요약 낱말 대조)
2026-03-25,팔공산,대구·경북,행정,인사·조직,정해용 동구청장 예비후보 “팔공산 케이블카 재추진”,kukinews.com,https://www.kukinews.com/article/view/kuk202603250059,제목,규칙기반 자동분류(제목·요약 낱말 대조)
2026-03-25,금정산,부산·경남,행정,지정·구역,"범어사 '비오마인드', 2026 우수웰니스관광지 신규 선정… 'K-치유' 허브...",news.bbsi.co.kr,https://news.bbsi.co.kr/news/articleView.html?idxno=4074262,요약,규칙기반 자동분류(제목·요약 낱말 대조)
2026-03-25,금정산,부산·경남,행정,지정·구역,"금정산 국립공원 품은 범어사 '비오마인드', K-웰니스 허브로 우뚝",ibulgyo.com,http://www.ibulgyo.com/news/articleView.html?idxno=436658,제목,규칙기반 자동분류(제목·요약 낱말 대조)
2026-03-25,금정산,부산·경남,행정,지정·구역,금정산 범어사 '비오마인드' 국가대표 웰니스 관광지 도약,beopbo.com,https://www.beopbo.com/news/articleView.html?idxno=334522,제목,규칙기반 자동분류(제목·요약 낱말 대조)
2026-03-25,금정산,부산·경남,행정,지정·구역,주오돈의 일상스케치 - 금정산 노랑제비꽃,newsgn.com,https://www.newsgn.com/news/articleView.html?idxno=542248,제목,규칙기반 자동분류(제목·요약 낱말 대조)
2026-03-25,금정산,부산·경남,행정,지정·구역,"부산관광공사, 서울서 사업설명회…수도권 관광업계와 협력 강화",news1.kr,https://www.news1.kr/local/busan-gyeongnam/6112834,요약,규칙기반 자동분류(제목·요약 낱말 대조)
2026-03-24,경주,경북 경주,행정,기타,"대구환경청, 식목일 기념 경주서 나무심기",ksmnews.co.kr,https://www.ksmnews.co.kr/news/view.php?idx=596641,제목,규칙기반 자동분류(제목·요약 낱말 대조)
2026-03-24,경주,경북 경주,행정,기타,"대구지방환경청, 탄소 흡수원 ‘푸른 숨’ 불어넣다. . .‘제81회 식목일...",sentv.co.kr,https://www.sentv.co.kr/article/view/sentv202603240180,요약,규칙기반 자동분류(제목·요약 낱말 대조)
2026-03-24,경주,경북 경주,행정,기타,"대구지방환경청, 경주에 '600그루' 식재, 탄소 숨 틔웠다",dkilbo.com,https://www.dkilbo.com/news/articleView.html?idxno=538324,제목,규칙기반 자동분류(제목·요약 낱말 대조)
2026-03-24,경주,경북 경주,행정,지정·구역,"대구환경청, 탄소 흡수원 확대… 나무심기 행사 개최",todayenergy.kr,https://www.todayenergy.kr/news/articleView.html?idxno=295626,요약,규칙기반 자동분류(제목·요약 낱말 대조)
2026-03-24,경주,경북 경주,행정,지정·구역,"대구환경청, 경주서 식목일 행사…탄소흡수원 확대",newsis.com,https://www.newsis.com/view/NISX20260324_0003561559,제목,규칙기반 자동분류(제목·요약 낱말 대조)
2026-03-24,경주,경북 경주,행정,기타,"대구환경청, 경주서 식목일 기념 나무심기 행사",kbsm.net,https://www.kbsm.net/news/view.php?idx=513018,제목,규칙기반 자동분류(제목·요약 낱말 대조)
2026-03-24,북한산,서울·경기,행정,기타,북한산 트레일러닝 전면 금지? 사실 반 거짓 반 [오마이팩트],ohmynews.com,https://www.ohmynews.com/NWS_Web/View/at_pg.aspx?CNTN_CD=A0003217786&CMPT_CD=P0010&utm_source=naver&utm_medium=newsearch&utm_campaign=naver_news,제목,규칙기반 자동분류(제목·요약 낱말 대조)
2026-03-24,속리산,충북·경북,행정,협약·협력,국립공원 봄철 안전 사전점검…교량·낙석 위험 집중 관리,kyongbuk.co.kr,https://www.kyongbuk.co.kr/news/articleView.html?idxno=4067898,요약,규칙기반 자동분류(제목·요약 낱말 대조)
2026-03-24,팔공산,대구·경북,행정,인사·조직,"정해용 대구 동구청장 예비후보 ""팔공산, 명품 복합 리조트 건립""",ajunews.com,https://www.ajunews.com/view/20260324123613321,제목,규칙기반 자동분류(제목·요약 낱말 대조)
2026-03-24,팔공산,대구·경북,행정,인사·조직,"정해용 대구 동구청장 예비후보, 팔공산 케이블카·구름다리 재추진",newspim.com,https://www.newspim.com/news/view/20260324000719,제목,규칙기반 자동분류(제목·요약 낱말 대조)
2026-03-24,팔공산,대구·경북,행정,지정·구역,"정해용 예비후보, 팔공산 ‘사계절 체류형 관광지’ 대전환 공약 발표",tk.newdaily.co.kr,https://tk.newdaily.co.kr/site/data/html/2026/03/24/2026032400151.html,제목,규칙기반 자동분류(제목·요약 낱말 대조)
2026-03-24,금정산,부산·경남,행정,지정·구역,"범어사 주지 정오스님, '국민포장' 수상..'금정산 국립공원' 승격 공로",btnnews.tv,https://www.btnnews.tv/news/articleView.html?idxno=89373,제목,규칙기반 자동분류(제목·요약 낱말 대조)
2026-03-23,지리산,전남·전북·경남,행정,기타,"[산청소식]군, 생활인구 늘릴 아이디어 공모 등",newsis.com,https://www.newsis.com/view/NISX20260323_0003560107,요약,규칙기반 자동분류(제목·요약 낱말 대조)
2026-03-23,지리산,전남·전북·경남,행정,지정·구역,"생활인구 유입 확대 방안은?…군, 아이디어 공모 추진 등[산청소식]",newsis.com,https://www.newsis.com/view/NISX20260323_0003559709,요약,규칙기반 자동분류(제목·요약 낱말 대조)
2026-03-23,경주,경북 경주,행정,인사·조직,"경주국립공원, 대만 양명산 국가공원과 '사진 교류전'",newsis.com,https://www.newsis.com/view/NISX20260323_0003560178,제목,규칙기반 자동분류(제목·요약 낱말 대조)
2026-03-23,경주,경북 경주,행정,인사·조직,경주 남산 삼릉숲길서 한·대만 자연 만난다…양명산 화산경관 사진전 ...,kyongbuk.co.kr,https://www.kyongbuk.co.kr/news/articleView.html?idxno=4067740,제목,규칙기반 자동분류(제목·요약 낱말 대조)
2026-03-23,다도해해상,전남,행정,지정·구역,"요즘 뜨는 완도 가볼 만한 곳, 지금 가야 할 이유",stardailynews.co.kr,https://www.stardailynews.co.kr/news/articleView.html?idxno=528653,요약,규칙기반 자동분류(제목·요약 낱말 대조)
2026-03-23,팔공산,대구·경북,행정,인사·조직,"권기일 대구 동구청장 예비후보, “멈춰버린 동구 행정, 5대 혁신으로 다...",ksmnews.co.kr,https://www.ksmnews.co.kr/news/view.php?idx=596484,요약,규칙기반 자동분류(제목·요약 낱말 대조)
2026-03-23,팔공산,대구·경북,행정,인사·조직,"정해용 동구청장 예비후보 '팔공산, 체류형 명소 대전환'",fnnews.com,http://www.fnnews.com/news/202603231852137576,제목,규칙기반 자동분류(제목·요약 낱말 대조)
2026-03-23,팔공산,대구·경북,행정,인사·조직,"정해용 동구청장 예비후보, ""팔공산 케이블카·구름다리 재추진""",news.bbsi.co.kr,https://news.bbsi.co.kr/news/articleView.html?idxno=4073713,제목,규칙기반 자동분류(제목·요약 낱말 대조)
2026-03-23,금정산,부산·경남,행정,협약·협력,"콜핑·국립공원공단, 금정산국립공원 보전 업무협약",busan.com,https://www.busan.com/view/busan/view.php?code=2026032314531893015,제목,규칙기반 자동분류(제목·요약 낱말 대조)
2026-03-23,금정산,부산·경남,행정,지정·구역,금정산 국립공원 지정 기념식 개최,mbcgn.kr,https://mbcgn.kr/01_new/new01_view.asp?idx=406499,제목,규칙기반 자동분류(제목·요약 낱말 대조)
2026-03-23,금정산,부산·경남,행정,지정·구역,"[포토] 부산 금정산 국립공원 지정, 강종인 시민추진본부 상임대표 이재...",getnews.co.kr,https://www.getnews.co.kr/news/articleView.html?idxno=865382,제목,규칙기반 자동분류(제목·요약 낱말 대조)
2026-03-23,금정산,부산·경남,행정,지정·구역,[기획]정체된 양주동과 커지는 동면…엇갈린 시간표,yangsanilbo.com,http://www.yangsanilbo.com/news/articleView.html?idxno=123625,요약,규칙기반 자동분류(제목·요약 낱말 대조)
2026-03-23,금정산,부산·경남,행정,지정·구역,‘자연의 가치가 국민 혜택으로 이어지는 국립공원’,zdnet.co.kr,https://zdnet.co.kr/view/?no=20260323002624,요약,규칙기반 자동분류(제목·요약 낱말 대조)
2026-03-22,팔공산,대구·경북,행정,인사·조직,"이재혁 동구청장 예비후보, 선거사무소 개소… ""실행 없는 행정 직격""",news.bbsi.co.kr,https://news.bbsi.co.kr/news/articleView.html?idxno=4073479,요약,규칙기반 자동분류(제목·요약 낱말 대조)
2026-03-22,팔공산,대구·경북,행정,예산·재정,[인터뷰] 권기훈 “결과로 증명한 4년…대구의 숨은 가치 살렸다”,cnbnews.com,https://www.cnbnews.com/news/article.html?no=784934,요약,규칙기반 자동분류(제목·요약 낱말 대조)
2026-03-22,팔공산,대구·경북,행정,인사·조직,"이재혁 대구 동구청장 예비후보, 선거사무소 개소…“멈춘 행정서 움직...",segye.com,https://www.segye.com/newsView/20260322509437?OutUrl=naver,요약,규칙기반 자동분류(제목·요약 낱말 대조)
2026-03-22,팔공산,대구·경북,행정,지정·구역,"이재혁, ""왜 동구만 멈추어있나?""",dkilbo.com,https://www.dkilbo.com/news/articleView.html?idxno=538014,요약,규칙기반 자동분류(제목·요약 낱말 대조)
2026-03-22,팔공산,대구·경북,행정,인사·조직,"[지선 레이더] 이재혁 대구 동구청장 예비후보, 선거사무소 개소",imaeil.com,https://www.imaeil.com/page/view/2026032216454887879,요약,규칙기반 자동분류(제목·요약 낱말 대조)
2026-03-22,팔공산,대구·경북,행정,인사·조직,"이재혁 대구 동구청장 예비후보, 선거사무소 개소⋯지역 현안 비판",kbmaeil.com,https://www.kbmaeil.com/article/20260322500634,요약,규칙기반 자동분류(제목·요약 낱말 대조)
2026-03-22,금정산,부산·경남,행정,지정·구역,"기후에너지환경부, 부산 벡스코서 '금정산 국립공원 지정 및 국립공원의...",econonews.co.kr,http://www.econonews.co.kr/news/articleView.html?idxno=432103,제목,규칙기반 자동분류(제목·요약 낱말 대조)
2026-03-22,금정산,부산·경남,행정,지정·구역,“금정산국립공원 지정 축하합니다”,kookje.co.kr,http://www.kookje.co.kr/news2011/asp/newsbody.asp?code=0900&key=20260323.22011006704,제목,규칙기반 자동분류(제목·요약 낱말 대조)
2026-03-22,금정산,부산·경남,행정,협약·협력,"콜핑, 금정산국립공원 보전 협약",idomin.com,https://www.idomin.com/news/articleView.html?idxno=2001721,제목,규칙기반 자동분류(제목·요약 낱말 대조)
2026-03-22,금정산,부산·경남,행정,지정·구역,[포토] 금정산 국립공원 지정 기여… 강종인 국민포장,thepowernews.co.kr,https://www.thepowernews.co.kr/view.php?ud=202603221039272910433530906c_7,제목,규칙기반 자동분류(제목·요약 낱말 대조)
2026-03-21,지리산,전남·전북·경남,행정,협약·협력,"현대위아-서울시, 서울숲에 '도담정원' 조성 업무협약...""도심 속 자연공...",econonews.co.kr,http://www.econonews.co.kr/news/articleView.html?idxno=431982,요약,규칙기반 자동분류(제목·요약 낱말 대조)
2026-03-21,설악산,강원,행정,지정·구역,"오늘 일출·일몰시간, ""22일(일) 전국 해돋이 명소, 해 뜨는 시간과 해 ...",lecturernews.com,https://www.lecturernews.com/news/articleView.html?idxno=198940,요약,규칙기반 자동분류(제목·요약 낱말 대조)
2026-03-21,팔공산,대구·경북,행정,인사·조직,3/21 (토) BBS TV 뉴스 전체 영상,news.bbsi.co.kr,https://news.bbsi.co.kr/news/articleView.html?idxno=4073353,요약,규칙기반 자동분류(제목·요약 낱말 대조)
2026-03-21,금정산,부산·경남,행정,지정·구역,"금정산, 최초 '도심 속 국립공원'으로 선포..세계적 '마음 치유' 성지로",btnnews.tv,https://www.btnnews.tv/news/articleView.html?idxno=89347,제목,규칙기반 자동분류(제목·요약 낱말 대조)
2026-03-20,금정산,부산·경남,행정,지정·구역,부산 '금정산' 24번째 대한민국 국립공원 지정,beopbo.com,https://www.beopbo.com/news/articleView.html?idxno=334464,제목,규칙기반 자동분류(제목·요약 낱말 대조)
2026-03-20,한려해상,경남·전남,행정,지정·구역,"[땅이름 산책] (26) 여수 오동도: 섬 전체를 수놓은 붉은 동백, '동백섬...",newscj.com,https://www.newscj.com/news/articleView.html?idxno=3386565,요약,규칙기반 자동분류(제목·요약 낱말 대조)
2026-03-20,주왕산,경북,행정,지정·구역,절경의 자연을 품은 경북 청송 가볼 만한 곳 추천,topstarnews.net,https://www.topstarnews.net/news/articleView.html?idxno=16010387,요약,규칙기반 자동분류(제목·요약 낱말 대조)
2026-03-20,소백산,충북·경북,행정,인사·조직,"봄에 가볼 만한 곳, 단양 온달관광지에서 만나는 고구려의 숨결",joongangenews.com,https://www.joongangenews.com/news/articleView.html?idxno=502013,요약,규칙기반 자동분류(제목·요약 낱말 대조)
2026-03-20,무등산,광주·전남,행정,기타,"무등산국립공원, ‘세계 물의 날’ 기념 행사 개최",seoul.co.kr,https://www.seoul.co.kr/news/society/2026/03/20/20260320500283?wlog_tag3=naver,제목,규칙기반 자동분류(제목·요약 낱말 대조)
2026-03-20,태백산,강원·경북,행정,협약·협력,"고용노동부 태백지청, '임업 안전 문화 확산' 관계기관 협약 체결",news1.kr,https://www.news1.kr/local/kangwon/6108617,요약,규칙기반 자동분류(제목·요약 낱말 대조)
2026-03-20,팔공산,대구·경북,행정,인사·조직,권기일 동구청장 예비후보 “멈춰버린 행정 5대 혁신으로 다시 뛰게 하...,biz.heraldcorp.com,https://biz.heraldcorp.com/article/10699413?ref=naver,요약,규칙기반 자동분류(제목·요약 낱말 대조)
2026-03-20,팔공산,대구·경북,행정,인사·조직,"“산이 국가가 되다”…팔공산, 국립공원 승격을 고하는 산신제 봉행",view.asiae.co.kr,https://view.asiae.co.kr/article/2026032019284886063,제목,규칙기반 자동분류(제목·요약 낱말 대조)
2026-03-20,금정산,부산·경남,행정,지정·구역,"금정산, 제24호 국립공원 공식 지정… 부산 시민의 품으로",ibulgyo.com,http://www.ibulgyo.com/news/articleView.html?idxno=436537,제목,규칙기반 자동분류(제목·요약 낱말 대조)
2026-03-20,금정산,부산·경남,행정,지정·구역,"금정산국립공원 선포 ""사찰·자연 어우러진 동체대비 도량""",hyunbulnews.com,https://www.hyunbulnews.com/news/articleView.html?idxno=502511,제목,규칙기반 자동분류(제목·요약 낱말 대조)
2026-03-20,금정산,부산·경남,행정,지정·구역,"""금정산을 불교문화 품은 도심형 국립공원으로""",news.bbsi.co.kr,https://news.bbsi.co.kr/news/articleView.html?idxno=4073326,제목,규칙기반 자동분류(제목·요약 낱말 대조)
2026-03-20,금정산,부산·경남,행정,지정·구역,‘부산 경남의 허파’ 금정산국립공원 지정 기념 행사…“자연의 가치...,kookje.co.kr,http://www.kookje.co.kr/news2011/asp/newsbody.asp?code=0300&key=20260320.99099006269,제목,규칙기반 자동분류(제목·요약 낱말 대조)
2026-03-20,금정산,부산·경남,행정,지정·구역,금정산국립공원 지정.제6회 국립공원의 날 기념식...부산에서 개최,news.bbsi.co.kr,https://news.bbsi.co.kr/news/articleView.html?idxno=4073288,제목,규칙기반 자동분류(제목·요약 낱말 대조)
2026-03-20,금정산,부산·경남,행정,지정·구역,제6회 국립공원의 날 기념식,yna.co.kr,https://www.yna.co.kr/view/PYH20260320086100013?input=1196m,요약,규칙기반 자동분류(제목·요약 낱말 대조)
2026-03-20,금정산,부산·경남,행정,지정·구역,"금정산 국립공원 지정 기념식 개최…""대한민국 대표 명산으로 도약""",news1.kr,https://www.news1.kr/local/busan-gyeongnam/6108282,제목,규칙기반 자동분류(제목·요약 낱말 대조)
2026-03-20,금정산,부산·경남,행정,지정·구역,금정산국립공원 지정 퍼포먼스,newspim.com,https://www.newspim.com/news/view/20260320000805,제목,규칙기반 자동분류(제목·요약 낱말 대조)
2026-03-20,금정산,부산·경남,행정,지정·구역,"제6회 국립공원의 날, 금정산국립공원 지정 기념식",newspim.com,https://www.newspim.com/news/view/20260320000808,제목,규칙기반 자동분류(제목·요약 낱말 대조)
2026-03-20,금정산,부산·경남,행정,지정·구역,금정산국립공원 지정 퍼포먼스하는 김성환 장관,newspim.com,https://www.newspim.com/news/view/20260320000807,제목,규칙기반 자동분류(제목·요약 낱말 대조)
2026-03-20,금정산,부산·경남,행정,지정·구역,기념촬영하는 김성환 장관,news1.kr,https://www.news1.kr/photos/7807700,요약,규칙기반 자동분류(제목·요약 낱말 대조)
2026-03-20,금정산,부산·경남,행정,지정·구역,기념사하는 김성환 기후부 장관,news1.kr,https://www.news1.kr/photos/7807698,요약,규칙기반 자동분류(제목·요약 낱말 대조)
2026-03-20,금정산,부산·경남,행정,지정·구역,"김성환 장관, 금정산국립공원 지정 기념식 참석",news1.kr,https://www.news1.kr/photos/7807699,제목,규칙기반 자동분류(제목·요약 낱말 대조)
2026-03-20,금정산,부산·경남,행정,지정·구역,금정산국립공원 지정 기념식에서 환영사하는 김성환 장관,news1.kr,https://www.news1.kr/photos/7807546,제목,규칙기반 자동분류(제목·요약 낱말 대조)
2026-03-20,금정산,부산·경남,행정,인사·조직,금정산국립공원 지정 기념식에서 환영사를 전하는 주대영 국립공원공단...,news1.kr,https://www.news1.kr/photos/7807519,제목,규칙기반 자동분류(제목·요약 낱말 대조)
2026-03-20,금정산,부산·경남,행정,지정·구역,금정산국립공원 지정 기념식 참석한 하정우 AI미래기획수석,news1.kr,https://www.news1.kr/photos/7807477,제목,규칙기반 자동분류(제목·요약 낱말 대조)
2026-03-20,금정산,부산·경남,행정,의회·국정감사,금정산국립공원 지정 기념식 참석한 주진우 국회의원,news1.kr,https://www.news1.kr/photos/7807458,제목,규칙기반 자동분류(제목·요약 낱말 대조)
2026-03-20,금정산,부산·경남,행정,지정·구역,이재명 대통령 기념사를 대독하는 하정우 AI미래기획수석비서관,news1.kr,https://www.news1.kr/photos/7807507,요약,규칙기반 자동분류(제목·요약 낱말 대조)
2026-03-20,금정산,부산·경남,행정,인사·조직,[위클리오늘] 부산 주요일정 3월 20일 (금요일),weeklytoday.com,http://www.weeklytoday.com/news/articleView.html?idxno=766287,요약,규칙기반 자동분류(제목·요약 낱말 대조)
2026-03-20,금정산,부산·경남,행정,지정·구역,부산서 '국립공원의 날' 기념식…금정산국립공원 지정 기념,nocutnews.co.kr,https://www.nocutnews.co.kr/news/6488201?utm_source=naver&utm_medium=article&utm_campaign=20260320110926,제목,규칙기반 자동분류(제목·요약 낱말 대조)
2026-03-20,금정산,부산·경남,행정,지정·구역,제6회 국립공원의 날 및 금정상 국립공원 지정식 동시 개최,ikld.kr,http://www.ikld.kr/news/articleView.html?idxno=331231,요약,규칙기반 자동분류(제목·요약 낱말 대조)
2026-03-20,금정산,부산·경남,행정,인사·조직,[오늘의 주요일정]부산(3월20일 금요일),newsis.com,https://www.newsis.com/view/NISX20260318_0003553641,요약,규칙기반 자동분류(제목·요약 낱말 대조)
2026-03-19,태안해안,충남 태안,행정,인사·조직,"태안해안국립공원사무소·한서대·태안군UV랜드, 드론·AI기반 해안쓰레...",joongdo.co.kr,https://www.joongdo.co.kr/web/view.php?key=20260319010006441,제목,규칙기반 자동분류(제목·요약 낱말 대조)
2026-03-19,다도해해상,전남,행정,지정·구역,"한국기행 조도군도 4부 매화도 반한 섬, 관매도",wikitree.co.kr,https://www.wikitree.co.kr/articles/1125993,요약,규칙기반 자동분류(제목·요약 낱말 대조)
2026-03-19,다도해해상,전남,행정,지정·구역,"[한국기행] 관매도 쏨뱅이찜, 쑥 막걸리",queen.co.kr,http://www.queen.co.kr/news/articleView.html?idxno=453314,요약,규칙기반 자동분류(제목·요약 낱말 대조)
2026-03-19,다도해해상,전남,행정,지정·구역,'한국기행' 관매도 쏨뱅이찜·쑥막거리 어우러진 정겨운 밥상,enter.etoday.co.kr,https://enter.etoday.co.kr/news/view/294587,요약,규칙기반 자동분류(제목·요약 낱말 대조)
2026-03-19,금정산,부산·경남,행정,지정·구역,'베이글' 닮은 금정산 국립공원…실용 택하니 사찰도 품었다 [르포],news1.kr,https://www.news1.kr/society/environment/6106520,제목,규칙기반 자동분류(제목·요약 낱말 대조)
2026-03-19,금정산,부산·경남,행정,인사·조직,[르포] ‘도심 속 국립공원’ 금정산…부산 랜드마크로 ‘우뚝’,ekn.kr,https://www.ekn.kr/web/view.php?key=20260319022379058,제목,규칙기반 자동분류(제목·요약 낱말 대조)
2026-03-19,무등산,광주·전남,행정,연구·용역,무등산 2000억 소비효과,gjdream.com,http://www.gjdream.com/news/articleView.html?idxno=667976,제목,규칙기반 자동분류(제목·요약 낱말 대조)
2026-03-19,금정산,부산·경남,행정,지정·구역,"[헬로이슈토크] '금정산 국립공원' 24번째 지정, 변화와 과제는? _정호근...",news.lghellovision.net,http://news.lghellovision.net/news/articleView.html?idxno=537952,제목,규칙기반 자동분류(제목·요약 낱말 대조)
2026-03-19,팔공산,대구·경북,행정,지정·구역,"[류병수의 강펀치] 주호영 ""고성국, 이진숙에 서울시장감?…대구시민 무...",news.tvchosun.com,https://news.tvchosun.com/site/data/html_dir/2026/03/19/2026031990136.html,요약,규칙기반 자동분류(제목·요약 낱말 대조)
2026-03-19,금정산,부산·경남,행정,협약·협력,금정산국립공원 가치 널리 알리다,gnmaeil.com,http://www.gnmaeil.com/news/articleView.html?idxno=582840,제목,규칙기반 자동분류(제목·요약 낱말 대조)
2026-03-19,금정산,부산·경남,행정,협약·협력,"콜핑·국립공원공단, 금정산 국립공원 보전 업무협약식",ulsanpress.net,https://www.ulsanpress.net/news/articleView.html?idxno=571346,제목,규칙기반 자동분류(제목·요약 낱말 대조)
2026-03-19,북한산,서울·경기,행정,기타,"""국립공원 금정산, 부산의 북한산 만들겠다""",ohmynews.com,https://www.ohmynews.com/NWS_Web/View/at_pg.aspx?CNTN_CD=A0003216316&CMPT_CD=P0010&utm_source=naver&utm_medium=newsearch&utm_campaign=naver_news,제목,규칙기반 자동분류(제목·요약 낱말 대조)
2026-03-19,금정산,부산·경남,행정,지정·구역,3월20일 알림,hani.co.kr,https://www.hani.co.kr/arti/society/ngo/1250178.html,요약,규칙기반 자동분류(제목·요약 낱말 대조)
2026-03-19,금정산,부산·경남,행정,협약·협력,"국립공원공단, 콜핑과 금정산국립공원 보전 업무협약",news.knn.co.kr,https://news.knn.co.kr/news/article/185233,제목,규칙기반 자동분류(제목·요약 낱말 대조)
2026-03-19,금정산,부산·경남,행정,지정·구역,제6회 국립공원의 날 기념식…20일 벡스코서 개최,mediapen.com,https://www.mediapen.com/news/view/1087975,요약,규칙기반 자동분류(제목·요약 낱말 대조)
2026-03-19,금정산,부산·경남,행정,지정·구역,20일 부산 벡스코서 '국립공원의 날' 기념식…'금정산 국립공원 지정' 기...,bizwork.co.kr,https://www.bizwork.co.kr/news/articleView.html?idxno=413556,제목,규칙기반 자동분류(제목·요약 낱말 대조)
2026-03-19,금정산,부산·경남,행정,지정·구역,"기후부, ""자연의 가치가 국민의 혜택으로 이어지는 국립공원""...국립공원...",news.bbsi.co.kr,https://news.bbsi.co.kr/news/articleView.html?idxno=4073071,요약,규칙기반 자동분류(제목·요약 낱말 대조)
2026-03-19,금정산,부산·경남,행정,지정·구역,"제6회 국립공원의 날 기념식, 20일 부산 벡스코서 개최",news.tvchosun.com,https://news.tvchosun.com/site/data/html_dir/2026/03/19/2026031990132.html,요약,규칙기반 자동분류(제목·요약 낱말 대조)
2026-03-19,금정산,부산·경남,행정,지정·구역,‘국내 첫 도심형 국립공원’ 금정산국립공원 지정 기념식 열린다,busan.com,https://www.busan.com/view/busan/view.php?code=2026031913351260196,제목,규칙기반 자동분류(제목·요약 낱말 대조)
2026-03-19,금정산,부산·경남,행정,지정·구역,"금정산, 국립공원으로 새출발…벡스코서 지정 기념식 개최",news1.kr,https://www.news1.kr/local/busan-gyeongnam/6106986,제목,규칙기반 자동분류(제목·요약 낱말 대조)
2026-03-19,금정산,부산·경남,행정,지정·구역,[생각공유] 한참 지난 법정기념일 행사 왜 하는지?,womentimes.co.kr,https://www.womentimes.co.kr/news/articleView.html?idxno=101400,요약,규칙기반 자동분류(제목·요약 낱말 대조)
2026-03-19,금정산,부산·경남,행정,인사·조직,"[르포]부산 도심 품은 첫 국립공원 '금정산'…천년 고찰 '범어사' 연계,...",etnews.com,https://www.etnews.com/20260319000159,제목,규칙기반 자동분류(제목·요약 낱말 대조)
2026-03-19,금정산,부산·경남,행정,지정·구역,"금정산 24번째 국립공원 지정…기후부, 부산서 기념식",dailian.co.kr,https://www.dailian.co.kr/news/view/1622758/?sc=Naver,제목,규칙기반 자동분류(제목·요약 낱말 대조)
2026-03-19,금정산,부산·경남,행정,지정·구역,국립공원의 날 행사 다채롭다,bosa.co.kr,https://www.bosa.co.kr/news/articleView.html?idxno=3001009,요약,규칙기반 자동분류(제목·요약 낱말 대조)
2026-03-19,금정산,부산·경남,행정,지정·구역,"[게시판] 제6회 국립공원의 날 기념식, 20일 부산 벡스코서 개최",yna.co.kr,https://www.yna.co.kr/view/AKR20260319043700530?input=1195m,요약,규칙기반 자동분류(제목·요약 낱말 대조)
2026-03-19,금정산,부산·경남,행정,지정·구역,고리도롱뇽·범어사 품은 금정산…24번째 국립공원 지정 기념식,news1.kr,https://www.news1.kr/society/environment/6106552,제목,규칙기반 자동분류(제목·요약 낱말 대조)
2026-03-19,금정산,부산·경남,행정,지정·구역,"국립공원의 날…기후부, '금정산 국립공원 지정' 기념식",newsis.com,https://www.newsis.com/view/NISX20260319_0003554661,제목,규칙기반 자동분류(제목·요약 낱말 대조)
2026-03-19,금정산,부산·경남,행정,협약·협력,"[포토] 국립공원공단-콜핑, 금정산국립공원 보전 맞손",news.skbroadband.com,https://news.skbroadband.com/news/articleView.html?idxno=221307,제목,규칙기반 자동분류(제목·요약 낱말 대조)
2026-03-18,다도해해상,전남,행정,지정·구역,TV하이라이트-3월19일,kwnews.co.kr,https://www.kwnews.co.kr/page/view/2026031810550214552,요약,규칙기반 자동분류(제목·요약 낱말 대조)
2026-03-18,소백산,충북·경북,행정,인사·조직,"소백산국립공원북부사무소, 국립공원 날 기념 직거래장터 운영",dynews.co.kr,http://www.dynews.co.kr/news/articleView.html?idxno=842864,제목,규칙기반 자동분류(제목·요약 낱말 대조)
2026-03-18,무등산,광주·전남,행정,지정·구역,지난해 방문객들 ‘국립공원’서 1인당 8만원 썼다…총 3.5조,hani.co.kr,https://www.hani.co.kr/arti/society/environment/1249885.html,요약,규칙기반 자동분류(제목·요약 낱말 대조)
2026-03-18,태백산,강원·경북,행정,인사·조직,"""겨울 끝 봄이 왔어요"" 태백산국립공원 복수초 방긋",newsis.com,https://www.newsis.com/view/NISX20260318_0003553162,제목,규칙기반 자동분류(제목·요약 낱말 대조)
2026-03-18,금정산,부산·경남,행정,협약·협력,"금정산국립공원 보전, 콜핑·공원공단 ‘맞손’",kookje.co.kr,http://www.kookje.co.kr/news2011/asp/newsbody.asp?code=0200&key=20260319.22009005771,제목,규칙기반 자동분류(제목·요약 낱말 대조)
2026-03-18,금정산,부산·경남,행정,협약·협력,"콜핑, 국립공원공단과 금정산국립공원 보전·이용 협력 협약",yna.co.kr,https://www.yna.co.kr/view/AKR20260318157900052?input=1195m,제목,규칙기반 자동분류(제목·요약 낱말 대조)
2026-03-18,금정산,부산·경남,행정,협약·협력,"국립공원공단, 콜핑과 금정산국립공원 보전·활용 위한 업무협약 체결",news1.kr,https://www.news1.kr/local/busan-gyeongnam/6105924,제목,규칙기반 자동분류(제목·요약 낱말 대조)
2026-03-17,한려해상,경남·전남,행정,지정·구역,"거제 가볼 만한 곳 BEST, 봄에 떠나기 좋은 섬 여행",topstarnews.net,https://www.topstarnews.net/news/articleView.html?idxno=16007382,요약,규칙기반 자동분류(제목·요약 낱말 대조)
2026-03-17,오대산,강원,행정,인사·조직,"""깨어있는 수행자의 참모습""…원행스님 마지막 길 배웅",kado.net,https://www.kado.net/news/articleView.html?idxno=2039155,요약,규칙기반 자동분류(제목·요약 낱말 대조)
2026-03-17,북한산,서울·경기,행정,인사·조직,"“해빙기 조심하세요~” 국립공원공단, 북한산 암벽장 제한",biz.heraldcorp.com,https://biz.heraldcorp.com/article/10695909?ref=naver,제목,규칙기반 자동분류(제목·요약 낱말 대조)
2026-03-17,월악산,충북·경북,행정,기타,쌓인 낙엽 비집고 고개 든 봄꽃 노루귀,news.sbs.co.kr,https://news.sbs.co.kr/news/endPage.do?news_id=N1008479639&plink=ORI&cooper=NAVER,요약,규칙기반 자동분류(제목·요약 낱말 대조)
2026-03-16,지리산,전남·전북·경남,행정,인사·조직,"[인터뷰｜주대영 국립공원공단 이사장] “시대가 바뀌었다, 국립공원도...",naeil.com,https://www.naeil.com/news/read/581378?ref=naver,요약,규칙기반 자동분류(제목·요약 낱말 대조)
2026-03-16,한려해상,경남·전남,행정,인사·조직,"한려해상국립공원, '봄 야생화 관찰 프로그램' 본격 운영",newsgn.com,https://www.newsgn.com/news/articleView.html?idxno=540184,제목,규칙기반 자동분류(제목·요약 낱말 대조)
2026-03-16,내장산,전북·전남,행정,지정·구역,"김재선 예비후보, ""수의계약 한도 확대 지역경제 활성화""",news.lghellovision.net,http://news.lghellovision.net/news/articleView.html?idxno=537535,요약,규칙기반 자동분류(제목·요약 낱말 대조)
2026-03-16,오대산,강원,행정,인사·조직,"""님 계신 그곳에도 누런 해 돋고 흰 달 뜨고 있습니까""",bulkyo21.com,http://www.bulkyo21.com/news/articleView.html?idxno=63759,요약,규칙기반 자동분류(제목·요약 낱말 대조)
2026-03-16,오대산,강원,행정,인사·조직,"""아픔마저 깨어있는 수행자의 참모습""… 자광당 원행 대종사 영결식 봉...",kado.net,https://www.kado.net/news/articleView.html?idxno=2038979,요약,규칙기반 자동분류(제목·요약 낱말 대조)
2026-03-16,태안해안,충남 태안,행정,지정·구역,알고 보면 더 아름다운 태안 가볼 만한 곳,stardailynews.co.kr,https://www.stardailynews.co.kr/news/articleView.html?idxno=527744,요약,규칙기반 자동분류(제목·요약 낱말 대조)
2026-03-16,다도해해상,전남,행정,지정·구역,"[EBS 한국기행] 하조도·상조도·접도·관매도 모금섬… 조도군도, 섬과...",lecturernews.com,https://www.lecturernews.com/news/articleView.html?idxno=198715,요약,규칙기반 자동분류(제목·요약 낱말 대조)
2026-03-16,월악산,충북·경북,행정,기타,[풍경] '노루의 귀' 닮은 작은 꽃…월악산에 봄이 피었다,news1.kr,https://www.news1.kr/local/sejong-chungbuk/6103052,제목,규칙기반 자동분류(제목·요약 낱말 대조)
2026-03-16,월악산,충북·경북,행정,기타,월악산에 봄 전령 노루귀 꽃망울,ccdn.co.kr,https://www.ccdn.co.kr/news/articleView.html?idxno=1067845,제목,규칙기반 자동분류(제목·요약 낱말 대조)
2026-03-16,월악산,충북·경북,행정,기타,[픽! 제천] 쌓인 낙엽 비집고 고개 든 봄꽃 노루귀,yna.co.kr,https://www.yna.co.kr/view/AKR20260316101800064?input=1195m,요약,규칙기반 자동분류(제목·요약 낱말 대조)
2026-03-16,팔공산,대구·경북,행정,법령·제도,"정부, 하천·계곡 불법 점용시설 전면 재조사…윤호중 행안부 장관 현장...",newspim.com,https://www.newspim.com/news/view/20260316000290,요약,규칙기반 자동분류(제목·요약 낱말 대조)
2026-03-16,금정산,부산·경남,행정,지정·구역,"착공 코앞 부산대 예술 특수학교, ‘금정산 센터’ 논란",busan.com,https://www.busan.com/view/busan/view.php?code=2026031618291836570,제목,규칙기반 자동분류(제목·요약 낱말 대조)
2026-03-16,금정산,부산·경남,행정,인사·조직,"“쉼이 있는 사찰, 국제 템플스테이관 조성 추진”",kookje.co.kr,http://www.kookje.co.kr/news2011/asp/newsbody.asp?code=0300&key=20260317.22017004570,요약,규칙기반 자동분류(제목·요약 낱말 대조)
2026-03-16,금정산,부산·경남,행정,지정·구역,"[인터뷰] 박형준 “전재수, 혐의 털고 나와야…지난 5년, 부산 클래스 달...",busan.com,https://www.busan.com/view/busan/view.php?code=2026031611183365228,요약,규칙기반 자동분류(제목·요약 낱말 대조)
2026-03-16,금정산,부산·경남,행정,지정·구역,“지금은 내가 뛸 수밖에···” 부산 멧돼지 출몰 느는데 사냥개 ‘금...,khan.co.kr,https://www.khan.co.kr/article/202603160600091,요약,규칙기반 자동분류(제목·요약 낱말 대조)
2026-03-15,지리산,전남·전북·경남,행정,인사·조직,"지리산국립공원경남사무소, 생태관광 시범사업 추진",gnnews.co.kr,https://www.gnnews.co.kr/news/articleView.html?idxno=632488,제목,규칙기반 자동분류(제목·요약 낱말 대조)
2026-03-15,가야산,경북·경남,행정,인사·조직,[인터뷰] 이재욱 국민의 힘 합천군수 예비후보에게 합천의 비전과 미래...,thebk.co.kr,https://www.thebk.co.kr/news/articleView.html?idxno=308427,요약,규칙기반 자동분류(제목·요약 낱말 대조)
2026-03-15,팔공산,대구·경북,행정,인사·조직,"신효철 더불어민주당 중앙당 부대변인, 대구 동구청장 예비후보 출마 선...",imaeil.com,https://www.imaeil.com/page/view/2026031518390992037,요약,규칙기반 자동분류(제목·요약 낱말 대조)
2026-03-14,치악산,강원 원주,행정,기타,"봄에 가볼 만한 곳, 원주 치악산의 웅장한 자연이 선사하는 감동",joongangenews.com,https://www.joongangenews.com/news/articleView.html?idxno=500241,제목,규칙기반 자동분류(제목·요약 낱말 대조)
2026-03-14,팔공산,대구·경북,행정,인사·조직,"권기일 대구 동구청장 예비후보, '소통 방문의 날' 행사 열어",kbmaeil.com,https://www.kbmaeil.com/article/20260314500131,요약,규칙기반 자동분류(제목·요약 낱말 대조)
2026-03-13,지리산,전남·전북·경남,행정,지정·구역,"오늘 일출·일몰시간, ""14일(토) 전국 해돋이 명소, 해 뜨는 시간과 해 ...",lecturernews.com,https://www.lecturernews.com/news/articleView.html?idxno=198466,요약,규칙기반 자동분류(제목·요약 낱말 대조)
2026-03-13,팔공산,대구·경북,행정,인사·조직,"[위클리오늘] 권기일 동구청장 예비후보 ""혁신도시 중심 AI 스마트 단지...",weeklytoday.com,http://www.weeklytoday.com/news/articleView.html?idxno=765062,요약,규칙기반 자동분류(제목·요약 낱말 대조)
2026-03-13,팔공산,대구·경북,행정,인사·조직,"권기일 동구청장 예비후보, ‘소통 방문의 날’ 통해 주민 중심 정책 행...",tk.newdaily.co.kr,https://tk.newdaily.co.kr/site/data/html/2026/03/13/2026031300173.html,요약,규칙기반 자동분류(제목·요약 낱말 대조)
2026-03-13,금정산,부산·경남,행정,지정·구역,"롯데百 센텀시티점, 금정산 국립공원 지정 축하 '반달이＆꼬미' 팝업스...",getnews.co.kr,https://www.getnews.co.kr/news/articleView.html?idxno=864261,제목,규칙기반 자동분류(제목·요약 낱말 대조)
2026-03-13,금정산,부산·경남,행정,지정·구역,"""불교문화 찬연한 '금정산 국립공원'은 인류의 보물""",ibulgyo.com,http://www.ibulgyo.com/news/articleView.html?idxno=436257,제목,규칙기반 자동분류(제목·요약 낱말 대조)
2026-03-13,금정산,부산·경남,행정,지정·구역,"롯데百 센텀시티점, '금정산 국립공원 지정 기념' 캐릭터 팝업 운영",seoulfn.com,https://www.seoulfn.com/news/articleView.html?idxno=623477,제목,규칙기반 자동분류(제목·요약 낱말 대조)
2026-03-13,금정산,부산·경남,행정,인사·조직,전국 광역단체장 3월13일 일정,newspim.com,https://www.newspim.com/news/view/20260313000029,요약,규칙기반 자동분류(제목·요약 낱말 대조)
2026-03-13,금정산,부산·경남,행정,인사·조직,[오늘의 주요일정·13일] 10·29 이태원 참사 진상규명 청문회,safetimes.co.kr,https://www.safetimes.co.kr/news/articleView.html?idxno=240614,요약,규칙기반 자동분류(제목·요약 낱말 대조)
2026-03-13,금정산,부산·경남,행정,기타,"[오늘의 주요일정] 부산·경남(13일, 금)",news1.kr,https://www.news1.kr/local/busan-gyeongnam/6099623,요약,규칙기반 자동분류(제목·요약 낱말 대조)
2026-03-13,금정산,부산·경남,행정,지정·구역,"롯데백화점 센텀시티점, 반달이&꼬미 팝업스토어 오픈",ilyo.co.kr,https://ilyo.co.kr/?ac=article_view&entry_id=509541,요약,규칙기반 자동분류(제목·요약 낱말 대조)
2026-03-13,(전체·공통),전국·공통,행정,인사·조직,"정부, 산불 집중되는 3~4월에 범부처 협력으로 총력 대응",kookje.co.kr,http://www.kookje.co.kr/news2011/asp/newsbody.asp?code=0200&key=20260313.99099004127,해당없음,규칙기반 자동분류(제목·요약 낱말 대조)
2026-03-12,설악산,강원,행정,지정·구역,“설악산에서 자연과 함께 결혼하세요”…국립공원 결혼식 ‘주목’,kwnews.co.kr,https://www.kwnews.co.kr/page/view/2026031216062487206,제목,규칙기반 자동분류(제목·요약 낱말 대조)
2026-03-12,내장산,전북·전남,행정,지정·구역,"디플리, 'SECON 2026' 참가…음향 AI 기반 공공안전 솔루션 공개",ezyeconomy.com,https://www.ezyeconomy.com/news/articleView.html?idxno=233309,요약,규칙기반 자동분류(제목·요약 낱말 대조)
2026-03-12,내장산,전북·전남,행정,지정·구역,"디플리, SECON 2026서 사각지대 위험 감지하는 음향 AI 솔루션 공개",ddaily.co.kr,https://www.ddaily.co.kr/page/view/2026031210254705613,요약,규칙기반 자동분류(제목·요약 낱말 대조)
2026-03-12,금정산,부산·경남,행정,예산·재정,"[인터뷰] 문창규 국립공원공단 차장 “금정산국립공원, 첫 관문부터 개...",busan.com,https://www.busan.com/view/busan/view.php?code=2026031217504181487,제목,규칙기반 자동분류(제목·요약 낱말 대조)
2026-03-12,금정산,부산·경남,행정,지정·구역,"""금정산 국립공원 지정 축하""... 반달이와 꼬미,롯데百 온다",fnnews.com,http://www.fnnews.com/news/202603121859498239,제목,규칙기반 자동분류(제목·요약 낱말 대조)
2026-03-12,금정산,부산·경남,행정,지정·구역,"롯데百 센텀시티점, 반달이&꼬미 팝업스토어 오픈",kukinews.com,https://www.kukinews.com/article/view/kuk202603120070,요약,규칙기반 자동분류(제목·요약 낱말 대조)
2026-03-12,금정산,부산·경남,행정,지정·구역,금정산 국립공원 지정 축하… 롯데百 센텀시티 ‘반달이＆꼬미’ 팝업...,view.asiae.co.kr,https://view.asiae.co.kr/article/2026031211351331106,제목,규칙기반 자동분류(제목·요약 낱말 대조)
2026-03-12,금정산,부산·경남,행정,지정·구역,"롯데백화점 센텀시티점, 금정산 국립공원 지정 기념 팝업스토어",smartbizn.com,https://www.smartbizn.com/news/articleView.html?idxno=138732,제목,규칙기반 자동분류(제목·요약 낱말 대조)
2026-03-12,금정산,부산·경남,행정,지정·구역,"롯데百 센텀시티점, 국립공원 캐릭터 팝업 스토어 선보여",nocutnews.co.kr,https://www.nocutnews.co.kr/news/6483550?utm_source=naver&utm_medium=article&utm_campaign=20260312100247,요약,규칙기반 자동분류(제목·요약 낱말 대조)
2026-03-12,금정산,부산·경남,행정,지정·구역,"롯데百센텀시티점, 금정산 국립공원 지정 기념 팝업스토어 운영",newsis.com,https://www.newsis.com/view/NISX20260312_0003545118,제목,규칙기반 자동분류(제목·요약 낱말 대조)
2026-03-12,금정산,부산·경남,행정,지정·구역,"“금정산 국립공원 지정 축하” 롯데百 센텀시티점, 반달이&꼬미 팝업스...",fnnews.com,http://www.fnnews.com/news/202603120929242534,제목,규칙기반 자동분류(제목·요약 낱말 대조)
2026-03-12,금정산,부산·경남,행정,지정·구역,롯데백화점 센텀시티에 금정산국립공원 지정기념 팝업 매장,yna.co.kr,https://www.yna.co.kr/view/AKR20260312045700051?input=1195m,제목,규칙기반 자동분류(제목·요약 낱말 대조)
2026-03-11,지리산,전남·전북·경남,행정,기타,[ESG] 자연이 증인이 되는 순간: 국립공원공단의 '숲 결혼식',joongangenews.com,https://www.joongangenews.com/news/articleView.html?idxno=501499,요약,규칙기반 자동분류(제목·요약 낱말 대조)
2026-03-11,설악산,강원,행정,협약·협력,"설악산국립공원·고성문화재단, 생태·평화문화 커뮤니티 활성화 맞손",newspim.com,https://www.newspim.com/news/view/20260311000584,제목,규칙기반 자동분류(제목·요약 낱말 대조)
2026-03-11,설악산,강원,행정,협약·협력,"강원특별자치도 고성문화재단-설악산국립공원사무소, 지역 생태·평화문...",cfnews.kr,http://www.cfnews.kr/news/view.php?no=105864,제목,규칙기반 자동분류(제목·요약 낱말 대조)
2026-03-11,가야산,경북·경남,행정,인사·조직,가야산국립공원사무소 임산부 힐링 프로그램 참여자 모집,newsgn.com,https://www.newsgn.com/news/articleView.html?idxno=539414,제목,규칙기반 자동분류(제목·요약 낱말 대조)
2026-03-11,팔공산,대구·경북,행정,지정·구역,"주호영 ""대구 살릴 열쇠는 '경제' 아닌 '정치'..판 바꿀 '거목' 필요""",newsfreezone.co.kr,https://www.newsfreezone.co.kr/news/articleView.html?idxno=679125,요약,규칙기반 자동분류(제목·요약 낱말 대조)
2026-03-11,팔공산,대구·경북,행정,지정·구역,"주호영 “대구 위기, 경제가 아닌 정치가 답이다”",kukinews.com,https://www.kukinews.com/article/view/kuk202603110061,요약,규칙기반 자동분류(제목·요약 낱말 대조)
2026-03-11,팔공산,대구·경북,행정,기타,"봄에 가볼 만한 곳, 경산 팔공산 갓바위에서 만나는 염원의 풍경",joongangenews.com,https://www.joongangenews.com/news/articleView.html?idxno=499137,제목,규칙기반 자동분류(제목·요약 낱말 대조)
2026-03-10,설악산,강원,행정,협약·협력,설악산...생태·평화 잇는 새로운 관광 프로젝트 시작,newscj.com,https://www.newscj.com/news/articleView.html?idxno=3383055,제목,규칙기반 자동분류(제목·요약 낱말 대조)
2026-03-10,설악산,강원,행정,협약·협력,"설악산국립공원·강원 고성문화재단, 생태·평화문화 협력 맞손",yna.co.kr,https://www.yna.co.kr/view/AKR20260310152000062?input=1195m,제목,규칙기반 자동분류(제목·요약 낱말 대조)
2026-03-10,설악산,강원,행정,협약·협력,[동정] 함명준 고성군수,kwnews.co.kr,https://www.kwnews.co.kr/page/view/2026030911030845048,요약,규칙기반 자동분류(제목·요약 낱말 대조)
2026-03-10,설악산,강원,행정,협약·협력,[동정] 함명준 고성군수 외,kado.net,https://www.kado.net/news/articleView.html?idxno=2037784,요약,규칙기반 자동분류(제목·요약 낱말 대조)
2026-03-10,덕유산,전북·경남,행정,인사·조직,"국립공원공단 덕유산국립공원사무소, 환경.사회.경제 등 관광 실천 가이...",chungnamilbo.co.kr,http://www.chungnamilbo.co.kr/news/articleView.html?idxno=877087,제목,규칙기반 자동분류(제목·요약 낱말 대조)
2026-03-10,팔공산,대구·경북,행정,지정·구역,주호영 “대구 살릴 열쇠는 경제 아닌 정치”,ksmnews.co.kr,https://www.ksmnews.co.kr/news/view.php?idx=594167,요약,규칙기반 자동분류(제목·요약 낱말 대조)
2026-03-10,팔공산,대구·경북,행정,인사·조직,"권기일 대구 동구청장 예비후보, ‘소통 방문의 날’ 개최…“찾고 싶은...",inews24.com,http://www.inews24.com/view/1947257,요약,규칙기반 자동분류(제목·요약 낱말 대조)
2026-03-10,팔공산,대구·경북,행정,인사·조직,"권기일 동구청장 예비후보, ‘소통 방문의 날’ 행사 열어…주민과 지역...",breaknews.com,http://www.breaknews.com/1190500,요약,규칙기반 자동분류(제목·요약 낱말 대조)
2026-03-10,팔공산,대구·경북,행정,지정·구역,"주호영 ""대구 경제 살릴 '정치 거목' 필요…김부겸 출마 긍정적""",newspim.com,https://www.newspim.com/news/view/20260310000598,요약,규칙기반 자동분류(제목·요약 낱말 대조)
2026-03-10,팔공산,대구·경북,행정,지정·구역,주호영 “대구 살릴 열쇠는 경제 아닌 정치…판 바꿀 ‘거목 정치’ 필...,inews24.com,http://www.inews24.com/view/1947103,요약,규칙기반 자동분류(제목·요약 낱말 대조)
2026-03-10,팔공산,대구·경북,행정,법령·제도,"주호영 ""차기 대구시장, 정치권 움직여 제도 개편 이끌 '정치 거물'이어...",ilyo.co.kr,https://ilyo.co.kr/?ac=article_view&entry_id=509445,요약,규칙기반 자동분류(제목·요약 낱말 대조)
2026-03-10,팔공산,대구·경북,행정,지정·구역,"주호영 부의장 ""전남·광주만 앞세우는 행정통합은 나쁜 정치""",sidae.com,https://www.sidae.com/article/2026031009115815533,요약,규칙기반 자동분류(제목·요약 낱말 대조)
2026-03-10,팔공산,대구·경북,행정,지정·구역,"주호영 대구시장 출마예정자 ""대구 살릴 열쇠는 '경제' 아닌 '정치'... 판...",wikitree.co.kr,https://www.wikitree.co.kr/articles/1123547,요약,규칙기반 자동분류(제목·요약 낱말 대조)
2026-03-10,금정산,부산·경남,행정,인사·조직,"김경지, 금정구청장 재도전 선언…윤일현과 '리턴매치' 성사될까",nocutnews.co.kr,https://www.nocutnews.co.kr/news/6482555?utm_source=naver&utm_medium=article&utm_campaign=20260310045226,요약,규칙기반 자동분류(제목·요약 낱말 대조)
2026-03-10,금정산,부산·경남,행정,인사·조직,"김경지, 금정구청장 재도전 선언…""금정 대전환 이루겠다""",news1.kr,https://www.news1.kr/local/busan-gyeongnam/6096544,요약,규칙기반 자동분류(제목·요약 낱말 대조)
2026-03-10,금정산,부산·경남,행정,지정·구역,"박형준 부산시장 출마 선언… ""반드시 승리해 대한민국 지키겠다""",sidae.com,https://www.sidae.com/article/2026031009143579185,요약,규칙기반 자동분류(제목·요약 낱말 대조)
2026-03-10,금정산,부산·경남,행정,지정·구역,"국내 첫 장애 학생 예술 중·고교, 부산에 설립한다",joongang.co.kr,https://www.joongang.co.kr/article/25410432,요약,규칙기반 자동분류(제목·요약 낱말 대조)
2026-03-09,설악산,강원,행정,인사·조직,[출마합니다]권덕수(57·속초시의원 나) “접경지역 예산 노학·조양동에...,kwnews.co.kr,https://www.kwnews.co.kr/page/view/2026030412283274665,요약,규칙기반 자동분류(제목·요약 낱말 대조)
2026-03-09,태안해안,충남 태안,행정,지정·구역,"태안의 바다와 꽃, 자연이 선사하는 다채로운 감동의 순간들",joongangenews.com,https://www.joongangenews.com/news/articleView.html?idxno=500575,요약,규칙기반 자동분류(제목·요약 낱말 대조)
2026-03-09,월출산,전남,행정,기타,월출산에 핀 봄의 전령 ‘복수초’,kukinews.com,https://www.kukinews.com/article/view/kuk202603090037,제목,규칙기반 자동분류(제목·요약 낱말 대조)
2026-03-09,팔공산,대구·경북,행정,인사·조직,"서호영 동구청장 예비후보, “국립공원 팔공산답게… 관광경제·주민권...",breaknews.com,http://www.breaknews.com/1190128,제목,규칙기반 자동분류(제목·요약 낱말 대조)
2026-03-09,금정산,부산·경남,행정,지정·구역,"박형준 부산시장, 3선 도전 공식화...""낙동강 전선 지키겠다""",ajunews.com,https://www.ajunews.com/view/20260306201922736,요약,규칙기반 자동분류(제목·요약 낱말 대조)
2026-03-09,금정산,부산·경남,행정,예산·재정,"박형준 부산시장, 차기 지방선거 3선 도전",gnnews.co.kr,https://www.gnnews.co.kr/news/articleView.html?idxno=632024,요약,규칙기반 자동분류(제목·요약 낱말 대조)
2026-03-09,금정산,부산·경남,행정,지정·구역,부산시장 선거 앞두고 비전 경쟁 시작,ziksir.com,https://www.ziksir.com/news/articleView.html?idxno=126461,요약,규칙기반 자동분류(제목·요약 낱말 대조)
2026-03-09,금정산,부산·경남,행정,지정·구역,도시철도 범어사역에 ′금정산국립공원′ 병기 추진,busanmbc.co.kr,https://busanmbc.co.kr/01_new/new01_view.asp?idx=283349,제목,규칙기반 자동분류(제목·요약 낱말 대조)
2026-03-09,금정산,부산·경남,행정,지정·구역,금정산국립공원 지정 기념 백양산 주민 안녕 기원 시산제 성료,ikld.kr,http://www.ikld.kr/news/articleView.html?idxno=330500,제목,규칙기반 자동분류(제목·요약 낱말 대조)
2026-03-09,금정산,부산·경남,행정,지정·구역,박형준 부산시장 “낙동강 전선을 지키겠습니다”,ilyo.co.kr,https://ilyo.co.kr/?ac=article_view&entry_id=509427,요약,규칙기반 자동분류(제목·요약 낱말 대조)
2026-03-09,금정산,부산·경남,행정,지정·구역,"'3선 도전' 박형준 부산시장 ""보수위기감, 분열 안 돼""",ohmynews.com,https://www.ohmynews.com/NWS_Web/View/at_pg.aspx?CNTN_CD=A0003213188&CMPT_CD=P0010&utm_source=naver&utm_medium=newsearch&utm_campaign=naver_news,요약,규칙기반 자동분류(제목·요약 낱말 대조)
2026-03-09,금정산,부산·경남,행정,지정·구역,[종합] 부산시장 놓고 박형준·주진우 '보수 빅매치' 예고…레이스 개막,newspim.com,https://www.newspim.com/news/view/20260309000506,요약,규칙기반 자동분류(제목·요약 낱말 대조)
2026-03-09,금정산,부산·경남,행정,지정·구역,"박형준 ""낙동강 전선은 보수의 배수진, 승리해 지켜내겠다"" 출사표",nocutnews.co.kr,https://www.nocutnews.co.kr/news/6481489?utm_source=naver&utm_medium=article&utm_campaign=20260309111111,요약,규칙기반 자동분류(제목·요약 낱말 대조)
2026-03-09,금정산,부산·경남,행정,지정·구역,6·3 지방선거 D-85 앞두고 박형준 부산시장 공천 신청…본격적인 선거...,getnews.co.kr,https://www.getnews.co.kr/news/articleView.html?idxno=863672,요약,규칙기반 자동분류(제목·요약 낱말 대조)
2026-03-09,금정산,부산·경남,행정,지정·구역,"박형준 부산시장 ""부산 승리로 법치·민주주의 지키겠다""…3선 출마 공식...",newspim.com,https://www.newspim.com/news/view/20260309000419,요약,규칙기반 자동분류(제목·요약 낱말 대조)
2026-03-09,금정산,부산·경남,행정,지정·구역,박형준 부산시장 “낙동강 전선 지키겠다”...글로벌 허브도시 완성 3선...,breaknews.com,http://www.breaknews.com/1190037,요약,규칙기반 자동분류(제목·요약 낱말 대조)
2026-03-09,금정산,부산·경남,행정,지정·구역,국내 첫 장애 학생 예술 중·고교 17일 착공...2029년 개교 예정,joongang.co.kr,https://www.joongang.co.kr/article/25410195,요약,규칙기반 자동분류(제목·요약 낱말 대조)
2026-03-09,금정산,부산·경남,행정,지정·구역,"3선 도전 나선 박형준 ""부산 승리는 보수 살리는 승리가 될 것""",news.tf.co.kr,https://news.tf.co.kr/read/national/2299854.htm,요약,규칙기반 자동분류(제목·요약 낱말 대조)
2026-03-09,금정산,부산·경남,행정,예산·재정,3선 도전 박형준 부산시장 “낙동강 전선 지켜 보수 승리 이끌겠다”,ekn.kr,https://www.ekn.kr/web/view.php?key=20260309022206154,요약,규칙기반 자동분류(제목·요약 낱말 대조)
2026-03-09,금정산,부산·경남,행정,지정·구역,"박형준 부산시장, 6·3 지방선거 3선 도전 선언",thepowernews.co.kr,https://www.thepowernews.co.kr/view.php?ud=202603090921348391433530906c_7,요약,규칙기반 자동분류(제목·요약 낱말 대조)
2026-03-09,금정산,부산·경남,행정,지정·구역,"박형준 부산시장 공천 신청…""낙동강 전선 지켜 보수 살릴 것""",news1.kr,https://www.news1.kr/local/busan-gyeongnam/6094337,요약,규칙기반 자동분류(제목·요약 낱말 대조)
2026-03-09,금정산,부산·경남,행정,지정·구역,"박형준 부산시장, 지방선거 출마 선언… ""부산 지켜 대한민국 바로 세우...",view.asiae.co.kr,https://view.asiae.co.kr/article/2026030909233686905,요약,규칙기반 자동분류(제목·요약 낱말 대조)
2026-03-09,금정산,부산·경남,행정,인사·조직,"[부산 브리핑 모음(3월9일)] 부산항만공사, 국가 물류 심장 부산항 ‘한...",dnews.co.kr,https://www.dnews.co.kr/uhtml/view.jsp?idxno=202603081346237940274,요약,규칙기반 자동분류(제목·요약 낱말 대조)
2026-03-08,팔공산,대구·경북,행정,인사·조직,"서호영, ‘국립공원 팔공산 정책 TF’ 신설 공약⋯팔공산 관광경제↑, ...",kbmaeil.com,https://www.kbmaeil.com/article/20260308500486,제목,규칙기반 자동분류(제목·요약 낱말 대조)
2026-03-08,팔공산,대구·경북,행정,지정·구역,"[6·3 지방선거 이것이 정책] 서호영 ""팔공산 500만 관광시대 열겠다""",idaegu.com,https://www.idaegu.com/news/articleView.html?idxno=658205,제목,규칙기반 자동분류(제목·요약 낱말 대조)
2026-03-08,팔공산,대구·경북,행정,인사·조직,"서호영 예비후보, '팔공산 관광 경제' 활성화 공약 발표",news.bbsi.co.kr,https://news.bbsi.co.kr/news/articleView.html?idxno=4070704,제목,규칙기반 자동분류(제목·요약 낱말 대조)
2026-03-08,금정산,부산·경남,행정,지정·구역,국내 첫 '장애인 예술 특수학교' 8년 만에 부산서 첫 삽,busan.com,https://www.busan.com/view/busan/view.php?code=2026030818162034998,요약,규칙기반 자동분류(제목·요약 낱말 대조)
2026-03-08,금정산,부산·경남,행정,지정·구역,"금정산 국립공원 백양산 지구 주민 시산제...""불교 문화 품은 도심형 국...",news.bbsi.co.kr,https://news.bbsi.co.kr/news/articleView.html?idxno=4070720,제목,규칙기반 자동분류(제목·요약 낱말 대조)
2026-03-07,금정산,부산·경남,행정,인사·조직,"민주당 금정구청장 출마 이재용, 한동훈 부산행 비판 “금정 끌어들이지...",ekn.kr,https://www.ekn.kr/web/view.php?key=20260307022385828,요약,규칙기반 자동분류(제목·요약 낱말 대조)
2026-03-07,금정산,부산·경남,행정,인사·조직,"부산 금정구, 금정산 국립공원 지정 대응 TF 본격 가동",joongdo.co.kr,https://www.joongdo.co.kr/web/view.php?key=20260306010001881,제목,규칙기반 자동분류(제목·요약 낱말 대조)
2026-03-06,금정산,부산·경남,행정,인사·조직,[위클리오늘] 부산시 구정 소식(3.6),weeklytoday.com,http://www.weeklytoday.com/news/articleView.html?idxno=763637,요약,규칙기반 자동분류(제목·요약 낱말 대조)
2026-03-06,금정산,부산·경남,행정,지정·구역,금정산 국립공원 지정 기념 '국립공원 캐릭터 팝업스토어' 운영,news1.kr,https://www.news1.kr/local/busan-gyeongnam/6092990,제목,규칙기반 자동분류(제목·요약 낱말 대조)
2026-03-06,금정산,부산·경남,행정,지정·구역,금정산국립공원 지정 기념 '캐릭터숍' 팝업…200종 판매,newsis.com,https://www.newsis.com/view/NISX20260306_0003537405,제목,규칙기반 자동분류(제목·요약 낱말 대조)
2026-03-05,계룡산,대전·충남,행정,협약·협력,"계룡산국립공원사무소·국립공주박물관, 역사·문화자원 공동 연구 및 ...",m-i.kr,https://www.m-i.kr/news/articleView.html?idxno=1343015,제목,규칙기반 자동분류(제목·요약 낱말 대조)
2026-03-05,계룡산,대전·충남,행정,협약·협력,"국립공주박물관, 계룡산국립공원사무소와 업무협약 체결",m-i.kr,https://www.m-i.kr/news/articleView.html?idxno=1343018,제목,규칙기반 자동분류(제목·요약 낱말 대조)
2026-03-05,지리산,전남·전북·경남,행정,기타,"국립공원 ‘숲 결혼식’, 야외 결혼식장에 스드메까지 지원",chosun.com,https://www.chosun.com/national/transport-environment/2026/03/05/RGBIE5DMVBEDTI5HCIHQB27DTU/?utm_source=naver&utm_medium=referral&utm_campaign=naver-news,요약,규칙기반 자동분류(제목·요약 낱말 대조)
2026-03-05,설악산,강원,행정,기타,설악산 등 전국 국립공원서 결혼할 50쌍을 모집합니다,kado.net,https://www.kado.net/news/articleView.html?idxno=2037143,제목,규칙기반 자동분류(제목·요약 낱말 대조)
2026-03-05,무등산,광주·전남,행정,기타,무등산 무상 결혼식 누구나 됩니다,kwangju.co.kr,http://www.kwangju.co.kr/article.php?aid=1772707800796319006,제목,규칙기반 자동분류(제목·요약 낱말 대조)
2026-03-05,금정산,부산·경남,행정,지정·구역,국립공원 지정된 '금정산'…뭐가 달라질까?,news.skbroadband.com,https://news.skbroadband.com/news/articleView.html?idxno=219774,제목,규칙기반 자동분류(제목·요약 낱말 대조)
2026-03-05,태백산,강원·경북,행정,인사·조직,동풍의 변덕… 강원 영동에 2월 눈가뭄·3월 눈폭탄,chosun.com,https://www.chosun.com/national/transport-environment/2026/03/05/Y5XPA3JFWFDDXPQEMS6AXPJ72M/?utm_source=naver&utm_medium=referral&utm_campaign=naver-news,요약,규칙기반 자동분류(제목·요약 낱말 대조)
2026-03-05,금정산,부산·경남,행정,지정·구역,"동래구, 수영주택건설과 '공영주차장 무상사용' 업무 협약 체결",ikld.kr,http://www.ikld.kr/news/articleView.html?idxno=330395,요약,규칙기반 자동분류(제목·요약 낱말 대조)
2026-03-05,금정산,부산·경남,행정,지정·구역,"[사진] 한쪽은 국립, 한쪽은 125m 전망대... 부산시 환경정책의 민낯",ohmynews.com,https://www.ohmynews.com/NWS_Web/View/at_pg.aspx?CNTN_CD=A0003212079&CMPT_CD=P0010&utm_source=naver&utm_medium=newsearch&utm_campaign=naver_news,요약,규칙기반 자동분류(제목·요약 낱말 대조)
2026-03-04,지리산,전남·전북·경남,행정,인사·조직,"지리산국립공원경남사무소, 자유학기제 환경교육 운영",gnnews.co.kr,https://www.gnnews.co.kr/news/articleView.html?idxno=631712,제목,규칙기반 자동분류(제목·요약 낱말 대조)
2026-03-04,경주,경북 경주,행정,인사·조직,"봄이 오는 경주국립공원, 야생화 노루귀·변산바람꽃 방긋",newsis.com,https://www.newsis.com/view/NISX20260304_0003535093,제목,규칙기반 자동분류(제목·요약 낱말 대조)
2026-03-04,설악산,강원,행정,법령·제도,"""개발권한자가 환경평가까지?"" 생태·기후 파괴 고속도로 될 행정통합법",pressian.com,https://www.pressian.com/pages/articles/2026030318191980738?utm_source=naver&utm_medium=search,요약,규칙기반 자동분류(제목·요약 낱말 대조)
2026-03-04,속리산,충북·경북,행정,인사·조직,"속리산에 봄 전령 '복수초' 활짝…""야생화는 눈으로만 감상하세요""",ccdn.co.kr,https://www.ccdn.co.kr/news/articleView.html?idxno=1065930,제목,규칙기반 자동분류(제목·요약 낱말 대조)
2026-03-04,속리산,충북·경북,행정,인사·조직,"속리산국립공원, 봄 소식 전하는 복수초 개화",dynews.co.kr,http://www.dynews.co.kr/news/articleView.html?idxno=840814,제목,규칙기반 자동분류(제목·요약 낱말 대조)
2026-03-04,속리산,충북·경북,행정,기타,900m 속리산 천왕봉에도 찾아온 봄…노란 복수초 '활짝',newsis.com,https://www.newsis.com/view/NISX20260304_0003534104,제목,규칙기반 자동분류(제목·요약 낱말 대조)
2026-03-04,금정산,부산·경남,행정,지정·구역,‘동부경남 명산’ 금정산 국립공원 됐다,knnews.co.kr,http://www.knnews.co.kr/news/articleView.php?idxno=1483318,제목,규칙기반 자동분류(제목·요약 낱말 대조)
2026-03-04,금정산,부산·경남,행정,지정·구역,[인터뷰] 부산 모모스커피 전주연 대표·정주은 이사 “커피에 부산 바...,busan.com,https://www.busan.com/view/busan/view.php?code=2026030417475241283,요약,규칙기반 자동분류(제목·요약 낱말 대조)
2026-03-04,금정산,부산·경남,행정,지정·구역,"부산, 드디어 해냈다… 금정산 전국 첫 도심형 국립공원 ‘아잉교!’",segye.com,https://www.segye.com/newsView/20260303515337?OutUrl=naver,제목,규칙기반 자동분류(제목·요약 낱말 대조)
2026-03-03,지리산,전남·전북·경남,행정,인사·조직,"""지역과 상생하는 국립공원 만들 것""",gnmaeil.com,http://www.gnmaeil.com/news/articleView.html?idxno=581615,요약,규칙기반 자동분류(제목·요약 낱말 대조)
2026-03-03,금정산,부산·경남,행정,지정·구역,시가지가 한 눈에··· 부산 '금정산' 국립공원 됐다,kidshankook.kr,https://www.kidshankook.kr/news/articleView.html?idxno=16468,제목,규칙기반 자동분류(제목·요약 낱말 대조)
2026-03-03,금정산,부산·경남,행정,인사·조직,금정산국립공원사무소 초대 소장에 송동주 씨 부임,news1.kr,https://www.news1.kr/local/busan-gyeongnam/6087694,제목,규칙기반 자동분류(제목·요약 낱말 대조)
2026-03-03,내장산,전북·전남,행정,기타,■ 봄의 전령 '변산바람꽃' 활짝,sjbnews.com,http://sjbnews.com/news/news.php?number=872898,요약,규칙기반 자동분류(제목·요약 낱말 대조)
2026-03-03,금정산,부산·경남,행정,지정·구역,부산 금정산 ‘도심형 국립공원’ 지정··· 20년 시민사회 요구 결실 ...,khan.co.kr,https://www.khan.co.kr/article/202603031722011,제목,규칙기반 자동분류(제목·요약 낱말 대조)
2026-03-03,계룡산,대전·충남,행정,지정·구역,"부산 품은 金井山, ‘24번째 국립공원’으로 개장",biz.heraldcorp.com,https://biz.heraldcorp.com/article/10685555?ref=naver,요약,규칙기반 자동분류(제목·요약 낱말 대조)
2026-03-03,팔공산,대구·경북,행정,인사·조직,"이재혁 국민의힘 대구시당 부위원장, 대구 동구청장 출마",nocutnews.co.kr,https://www.nocutnews.co.kr/news/6478753?utm_source=naver&utm_medium=article&utm_campaign=20260303033001,요약,규칙기반 자동분류(제목·요약 낱말 대조)
2026-03-03,금정산,부산·경남,행정,인사·조직,이재용 예비후보 “1호선 범어사역에 금정산국립공원을 병기해야”,kookje.co.kr,http://www.kookje.co.kr/news2011/asp/newsbody.asp?code=0100&key=20260303.99099000636,제목,규칙기반 자동분류(제목·요약 낱말 대조)
2026-03-03,금정산,부산·경남,행정,예산·재정,"활력 넘치는 도시, 행복한 시민! 부산시, 제1회 추경 예산 2813억원 편성",siminilbo.co.kr,https://www.siminilbo.co.kr/news/newsview.php?ncode=1160271778834960,요약,규칙기반 자동분류(제목·요약 낱말 대조)
2026-03-03,금정산,부산·경남,행정,지정·구역,"'도심형 국립공원' 금정산, 무엇이 달라지나…취사·반려동물 금지",news.lghellovision.net,http://news.lghellovision.net/news/articleView.html?idxno=536214,제목,규칙기반 자동분류(제목·요약 낱말 대조)
2026-03-03,금정산,부산·경남,행정,인사·조직,금정산 국립공원 시대 개막…변화와 과제는,nocutnews.co.kr,https://www.nocutnews.co.kr/news/6478597?utm_source=naver&utm_medium=article&utm_campaign=20260303012359,제목,규칙기반 자동분류(제목·요약 낱말 대조)
2026-03-03,금정산,부산·경남,행정,인사·조직,[위클리오늘] 부산 주요일정 3월 3일 (화요일),weeklytoday.com,http://www.weeklytoday.com/news/articleView.html?idxno=762362,요약,규칙기반 자동분류(제목·요약 낱말 대조)
2026-03-03,금정산,부산·경남,행정,인사·조직,오늘부터 금정산 국립공원 공식 지정,news.knn.co.kr,https://news.knn.co.kr/news/article/184471,제목,규칙기반 자동분류(제목·요약 낱말 대조)
2026-03-03,금정산,부산·경남,행정,예산·재정,"부산시, 제1회 추경 예산 2,813억 원 편성",enewstoday.co.kr,http://www.enewstoday.co.kr/news/articleView.html?idxno=2400413,요약,규칙기반 자동분류(제목·요약 낱말 대조)
2026-03-03,금정산,부산·경남,행정,인사·조직,"이재용 금정구청장 예비후보 ""금정산국립공원 주사무소 우리구에 둬야""",news1.kr,https://www.news1.kr/local/busan-gyeongnam/6088130,제목,규칙기반 자동분류(제목·요약 낱말 대조)
2026-03-03,금정산,부산·경남,행정,예산·재정,"부산시, 제1회 추경 예산 2813억 원 편성…민생 안정·삶의 질 증진",kukinews.com,https://www.kukinews.com/article/view/kuk202603030071,요약,규칙기반 자동분류(제목·요약 낱말 대조)
2026-03-03,금정산,부산·경남,행정,인사·조직,[오늘의 주요 사회 일정] 부산(3월3일 화요일),econonews.co.kr,http://www.econonews.co.kr/news/articleView.html?idxno=429511,요약,규칙기반 자동분류(제목·요약 낱말 대조)
2026-03-03,금정산,부산·경남,행정,예산·재정,"부산시, 제1회 추경 예산 2813억 편성",newsfreezone.co.kr,https://www.newsfreezone.co.kr/news/articleView.html?idxno=677479,요약,규칙기반 자동분류(제목·요약 낱말 대조)
2026-03-03,금정산,부산·경남,행정,예산·재정,"부산시, 본예산 17조 9,311억 원 →2,813억 원 증가 시의회 제출",hansbiz.co.kr,http://www.hansbiz.co.kr/news/articleView.html?idxno=820750,요약,규칙기반 자동분류(제목·요약 낱말 대조)
2026-03-03,금정산,부산·경남,행정,지정·구역,금정산 국립공원 오늘부터 정식 지정,busanmbc.co.kr,https://busanmbc.co.kr/01_new/new01_view.asp?idx=283171,제목,규칙기반 자동분류(제목·요약 낱말 대조)
2026-03-03,금정산,부산·경남,행정,인사·조직,[오늘의 주요일정]부산(3월3일 화요일),newsis.com,https://www.newsis.com/view/NISX20260302_0003531620,요약,규칙기반 자동분류(제목·요약 낱말 대조)
2026-03-02,금정산,부산·경남,행정,인사·조직,금정산 국립공원 시대 열렸다,kookje.co.kr,http://www.kookje.co.kr/news2011/asp/newsbody.asp?code=0300&key=20260303.22001000536,제목,규칙기반 자동분류(제목·요약 낱말 대조)
2026-03-02,금정산,부산·경남,행정,기타,인증샷 찍는 데만 20분 “여긴 금정산 고당봉입니다”,busan.com,https://www.busan.com/view/busan/view.php?code=2026030218174033694,제목,규칙기반 자동분류(제목·요약 낱말 대조)
2026-03-02,금정산,부산·경남,행정,예산·재정,"13명 인력, 33억 예산…시설관리 숙제",kookje.co.kr,http://www.kookje.co.kr/news2011/asp/newsbody.asp?code=0300&key=20260303.22003000517,요약,규칙기반 자동분류(제목·요약 낱말 대조)
2026-03-02,금정산,부산·경남,행정,의회·국정감사,"'8년간 교통봉사' 김태식 부산 북구의원…""생활정치 새 기준 세워""",news1.kr,https://www.news1.kr/local/busan-gyeongnam/6087179,요약,규칙기반 자동분류(제목·요약 낱말 대조)
2026-03-02,금정산,부산·경남,행정,예산·재정,[금정산 국립공원] ③ 운영 첫해 예산·인력 부족…관리 공백 우려,yna.co.kr,https://www.yna.co.kr/view/AKR20260227047700051?input=1195m,제목,규칙기반 자동분류(제목·요약 낱말 대조)
2026-03-01,무등산,광주·전남,행정,지정·구역,"광주 가볼 만한 곳, 자연의 숨결과 현대의 만남이 어우러진 풍경",topstarnews.net,https://www.topstarnews.net/news/articleView.html?idxno=15981081,요약,규칙기반 자동분류(제목·요약 낱말 대조)
2026-02-28,월악산,충북·경북,행정,지정·구역,"오늘 일출·일몰시간, ""1일(일) 전국 해돋이 명소, 해 뜨는 시간과 해 지...",lecturernews.com,https://www.lecturernews.com/news/articleView.html?idxno=197623,요약,규칙기반 자동분류(제목·요약 낱말 대조)
2026-02-27,다도해해상,전남,행정,지정·구역,"경계의 섬에서 세계의 무대로, 거문도가 그리는 푸른 이정표",donga.com,https://www.donga.com/news/Culture/article/all/20260227/133438750/1,요약,규칙기반 자동분류(제목·요약 낱말 대조)
2026-02-27,변산반도,전북 부안,행정,지정·구역,"오늘 일출·일몰시간, ""28일(토) 전국 해돋이 명소, 해 뜨는 시간과 해 ...",lecturernews.com,https://www.lecturernews.com/news/articleView.html?idxno=197622,요약,규칙기반 자동분류(제목·요약 낱말 대조)
2026-02-27,팔공산,대구·경북,행정,지정·구역,[24교구본사를 가다] 수행공동체 바로 세우는 '비정상의 정상화',hyunbulnews.com,https://www.hyunbulnews.com/news/articleView.html?idxno=502193,요약,규칙기반 자동분류(제목·요약 낱말 대조)
2026-02-26,계룡산,대전·충남,행정,인사·조직,"계룡산의 자연이 건네는 첫 인사, 복수초 개화",m-i.kr,https://www.m-i.kr/news/articleView.html?idxno=1340705,제목,규칙기반 자동분류(제목·요약 낱말 대조)
2026-02-26,계룡산,대전·충남,행정,인사·조직,계룡산국립공원에 봄 알리는 '복수초' 활짝,jbnews.com,https://www.jbnews.com/news/articleView.html?idxno=1499477,제목,규칙기반 자동분류(제목·요약 낱말 대조)
2026-02-26,금정산,부산·경남,행정,지정·구역,“부산의 현재와 미래를 논하다”…제15회 미래도시혁신포럼 성황,inews24.com,http://www.inews24.com/view/1943352,요약,규칙기반 자동분류(제목·요약 낱말 대조)
2026-02-26,금정산,부산·경남,행정,지정·구역,박형준 부산시장 “산업·인프라·인재 3개 축 중심 지역 혁신”,busan.com,https://www.busan.com/view/busan/view.php?code=2026022618382321037,요약,규칙기반 자동분류(제목·요약 낱말 대조)
2026-02-26,금정산,부산·경남,행정,지정·구역,3월 3일 부산 곳곳서 정월대보름 달집태우기 행사…36년 만에 '블러드문...,news.lghellovision.net,http://news.lghellovision.net/news/articleView.html?idxno=535894,요약,규칙기반 자동분류(제목·요약 낱말 대조)
2026-02-25,금정산,부산·경남,행정,지정·구역,금정산 국립공원 지정 앞두고 막바지 준비 박차,news.kbs.co.kr,https://news.kbs.co.kr/news/pc/view/view.do?ncd=8493025&ref=A,제목,규칙기반 자동분류(제목·요약 낱말 대조)
2026-02-24,내장산,전북·전남,행정,의회·국정감사,"정읍시, 내장호 일원 사계절 복합 관광지 육성",news.lghellovision.net,http://news.lghellovision.net/news/articleView.html?idxno=535590,요약,규칙기반 자동분류(제목·요약 낱말 대조)
2026-02-24,내장산,전북·전남,행정,의회·국정감사,"윤준병 국회의원 “정읍의 미래, 말이 아닌 실행으로 앞당길 것”",joongdo.co.kr,https://www.joongdo.co.kr/web/view.php?key=20260224010007239,요약,규칙기반 자동분류(제목·요약 낱말 대조)
2026-02-24,월출산,전남,행정,협약·협력,"영암군, '2027·2028 영암방문의해' 추진 본격화",newsmaker.or.kr,http://www.newsmaker.or.kr/news/articleView.html?idxno=174558,요약,규칙기반 자동분류(제목·요약 낱말 대조)
2026-02-24,팔공산,대구·경북,행정,의회·국정감사,<기획 6·3지방선거> 대구시장 출마 선언한 주호영 의원,btnnews.tv,https://www.btnnews.tv/news/articleView.html?idxno=89026,요약,규칙기반 자동분류(제목·요약 낱말 대조)
2026-02-24,금정산,부산·경남,행정,지정·구역,"금정산 흉물 '불법 건축물', 관리는 사각지대",news.knn.co.kr,https://news.knn.co.kr/news/article/184190,제목,규칙기반 자동분류(제목·요약 낱말 대조)
2026-02-24,금정산,부산·경남,행정,지정·구역,동래온천 투어하는 '온천 여권' 나온다,busan.com,https://www.busan.com/view/busan/view.php?code=2026021421362345744,요약,규칙기반 자동분류(제목·요약 낱말 대조)
2026-02-24,금정산,부산·경남,행정,지정·구역,금정산 3월3일 국립공원 지정 앞두고 현장관리체계 마무리,news1.kr,https://www.news1.kr/local/busan-gyeongnam/6080411,제목,규칙기반 자동분류(제목·요약 낱말 대조)
2026-02-23,금정산,부산·경남,행정,인사·조직,"금정산~백양산 27km를 400번 ""스틱 잡기 전, 근력부터 키우세요"" [산지컬...",san.chosun.com,http://san.chosun.com/news/articleView.html?idxno=25515,제목,규칙기반 자동분류(제목·요약 낱말 대조)
2026-02-23,내장산,전북·전남,행정,의회·국정감사,"정읍시 ""내장호가 정읍을 바꾼다"" 사계절 복합관광지 대전환 선언",domin.co.kr,http://www.domin.co.kr/news/articleView.html?idxno=1546329,요약,규칙기반 자동분류(제목·요약 낱말 대조)
2026-02-23,내장산,전북·전남,행정,의회·국정감사,"정읍시, 내장호 일원 사계절 복합 관광지로 육성…6개 핵심 기관 한자리...",sjbnews.com,http://sjbnews.com/news/news.php?number=872237,요약,규칙기반 자동분류(제목·요약 낱말 대조)
2026-02-23,내장산,전북·전남,행정,의회·국정감사,"정읍시, 내장호 일원 사계절 복합 관광지로 육성",view.asiae.co.kr,https://view.asiae.co.kr/article/2026022311403112415,요약,규칙기반 자동분류(제목·요약 낱말 대조)
2026-02-23,내장산,전북·전남,행정,의회·국정감사,"전북 정읍시, 내장호 일원 사계절 복합 관광지로 육성",iminju.net,http://www.iminju.net/news/articleView.html?idxno=158581,요약,규칙기반 자동분류(제목·요약 낱말 대조)
2026-02-23,내장산,전북·전남,행정,의회·국정감사,"""단풍 의존 관광 끝낸다""… 내장호, 정읍 미래 100년 먹거리 육성",jeollailbo.com,http://www.jeollailbo.com/news/articleView.html?idxno=792861,요약,규칙기반 자동분류(제목·요약 낱말 대조)
2026-02-23,내장산,전북·전남,행정,의회·국정감사,"정읍시, 내장호 일원 사계절 복합 관광지로 육성... ""6개 핵심 기관 한자...",eroun.net,https://www.eroun.net/news/articleView.html?idxno=73850,요약,규칙기반 자동분류(제목·요약 낱말 대조)
2026-02-23,내장산,전북·전남,행정,의회·국정감사,"정읍시, 내장호 일원 사계절 복합 관광지로 만든다",inews24.com,http://www.inews24.com/view/1941408,요약,규칙기반 자동분류(제목·요약 낱말 대조)
2026-02-23,오대산,강원,행정,인사·조직,"""채움 향해 달리는 세상, 종교가 비움의 역할 바르게 이끌어야""",kwnews.co.kr,https://www.kwnews.co.kr/page/view/2026022209523291161,요약,규칙기반 자동분류(제목·요약 낱말 대조)
2026-02-23,(전체·공통),전국·공통,행정,예산·재정,[AI 10년 전 오늘] '섬의 무법자' 서해 염소 떼 포획 작전,sisunnews.co.kr,http://www.sisunnews.co.kr/news/articleView.html?idxno=234476,해당없음,규칙기반 자동분류(제목·요약 낱말 대조)
2026-02-23,월출산,전남,행정,협약·협력,"영암군, '2027-2028년 방문의 해' 시동",view.asiae.co.kr,https://view.asiae.co.kr/article/2026022316321978796,요약,규칙기반 자동분류(제목·요약 낱말 대조)
2026-02-23,월출산,전남,행정,지정·구역,"영암군, 남도풍경연구소 협약 체결...영암방문의해 홍보 강화",jeonmae.co.kr,https://www.jeonmae.co.kr/news/articleView.html?idxno=1232518,요약,규칙기반 자동분류(제목·요약 낱말 대조)
2026-02-23,월출산,전남,행정,협약·협력,"영암군, '2027·2028 영암방문의 해' 시동… 관광 홍보 네트워크 강화",pointdaily.co.kr,https://www.pointdaily.co.kr/news/articleView.html?idxno=293770,요약,규칙기반 자동분류(제목·요약 낱말 대조)
2026-02-23,월출산,전남,행정,협약·협력,"영암군-남도풍경연구소, ‘2027·2028 영암 방문의 해’ 홍보 협약",breaknews.com,http://www.breaknews.com/1186502,요약,규칙기반 자동분류(제목·요약 낱말 대조)
2026-02-23,월출산,전남,행정,협약·협력,"영암군-남도풍경연구소, '영암방문의 해' 성공 개최 맞손",dnews.co.kr,https://www.dnews.co.kr/uhtml/view.jsp?idxno=202602221929311660481,요약,규칙기반 자동분류(제목·요약 낱말 대조)
2026-02-23,변산반도,전북 부안,행정,법령·제도,"변산반도국립공원사무소, 해안도로 불법·무질서 행위 집중 단속",sjbnews.com,http://sjbnews.com/news/news.php?number=872256,제목,규칙기반 자동분류(제목·요약 낱말 대조)
2026-02-23,변산반도,전북 부안,행정,지정·구역,"국립공원공단, 변산반도국립공원 해안가 불법행위 집중단속",newsis.com,https://www.newsis.com/view/NISX20260223_0003522329,제목,규칙기반 자동분류(제목·요약 낱말 대조)
2026-02-23,금정산,부산·경남,행정,지정·구역,"[헬로이슈토크] ""동부경남 중심"" 2026년 양산시는?",news.lghellovision.net,http://news.lghellovision.net/news/articleView.html?idxno=534201,요약,규칙기반 자동분류(제목·요약 낱말 대조)
2026-02-23,(전체·공통),전국·공통,행정,기타,해빙기 취약시설 안전점검 '47일 작전',public25.com,https://www.public25.com/news/articleView.html?idxno=40795,해당없음,규칙기반 자동분류(제목·요약 낱말 대조)
2026-02-22,지리산,전남·전북·경남,행정,지정·구역,지리산 천왕봉 아래 봄 소식…'복수초 개화',idomin.com,https://www.idomin.com/news/articleView.html?idxno=956715,제목,규칙기반 자동분류(제목·요약 낱말 대조)
2026-02-22,오대산,강원,행정,인사·조직,오대산국립공원에 봄의 전령 복수초 개화,kado.net,https://www.kado.net/news/articleView.html?idxno=2035040,제목,규칙기반 자동분류(제목·요약 낱말 대조)
2026-02-22,다도해해상,전남,행정,인사·조직,"다도해해상국립공원, 봄소식 왔어요",kwangju.co.kr,http://www.kwangju.co.kr/article.php?aid=1771746481795850154,제목,규칙기반 자동분류(제목·요약 낱말 대조)
2026-02-22,월출산,전남,행정,협약·협력,영암군 남도풍경연구소 손잡고 2027·2028 방문의 해 홍보 시동,betanews.net,https://www.betanews.net/article/view/beta202602220006,요약,규칙기반 자동분류(제목·요약 낱말 대조)
2026-02-22,월출산,전남,행정,협약·협력,"영암군, ‘2027·2028 영암방문의해’ 홍보 본격화…남도풍경연구소와 ...",geconomy.co.kr,https://www.geconomy.co.kr/news/article.html?no=316135,요약,규칙기반 자동분류(제목·요약 낱말 대조)
2026-02-22,월출산,전남,행정,협약·협력,"영암군, '2027·2028 영암 방문의 해' 시동…남도풍경연구소와 협약",getnews.co.kr,https://www.getnews.co.kr/news/articleView.html?idxno=862020,요약,규칙기반 자동분류(제목·요약 낱말 대조)
2026-02-22,월출산,전남,행정,협약·협력,"영암군-남도풍경硏, '영암방문의해' 홍보 맞손",siminilbo.co.kr,https://www.siminilbo.co.kr/news/newsview.php?ncode=1160273716299054,요약,규칙기반 자동분류(제목·요약 낱말 대조)
2026-02-22,월출산,전남,행정,협약·협력,"영암군, 남도풍경연구소와 손잡고 '27·28 영암방문의 해' 홍보 박차",kpinews.kr,https://www.kpinews.kr/newsView/1065587329509287,요약,규칙기반 자동분류(제목·요약 낱말 대조)
2026-02-22,월출산,전남,행정,협약·협력,"영암군, '2027·2028 영암방문의 해' 시동",siminsori.com,http://www.siminsori.com/news/articleView.html?idxno=311922,요약,규칙기반 자동분류(제목·요약 낱말 대조)
2026-02-22,월출산,전남,행정,협약·협력,"영암군, 남도풍경연구소와 업무협약 체결",enewstoday.co.kr,http://www.enewstoday.co.kr/news/articleView.html?idxno=2396709,요약,규칙기반 자동분류(제목·요약 낱말 대조)
2026-02-21,오대산,강원,행정,인사·조직,월정사 2026 신년하례법회 개최 … “지혜와 덕성 갖춘 한 해 되길”,kwnews.co.kr,https://www.kwnews.co.kr/page/view/2026022116442073280,요약,규칙기반 자동분류(제목·요약 낱말 대조)
2026-02-20,계룡산,대전·충남,행정,인사·조직,"계룡산국립공원, 유관기관 합동 불법엽구 수거 '온힘'",tournews21.com,https://www.tournews21.com/news/articleView.html?idxno=129990,제목,규칙기반 자동분류(제목·요약 낱말 대조)
2026-02-20,(전체·공통),전국·공통,행정,지정·구역,"고흥의 겨울 풍경, 고즈넉한 사찰에서 찾는 평온한 시간",e-science.co.kr,https://www.e-science.co.kr/news/articleView.html?idxno=126438,해당없음,규칙기반 자동분류(제목·요약 낱말 대조)
2026-02-20,북한산,서울·경기,행정,지정·구역,거인의 근육 사이를 걷다 [초보기자의 거침없이 하이킹 도봉산을 알려줘...,san.chosun.com,http://san.chosun.com/news/articleView.html?idxno=25531,요약,규칙기반 자동분류(제목·요약 낱말 대조)
2026-02-20,소백산,충북·경북,행정,인사·조직,소백산국립공원서 봄의 알림 '복수초' 개화,dkilbo.com,https://www.dkilbo.com/news/articleView.html?idxno=534397,제목,규칙기반 자동분류(제목·요약 낱말 대조)
2026-02-20,설악산,강원,행정,지정·구역,아름다운 대자연 ‘세계의 국립공원’ | 푸르렀던 별 지구에 마지막 남...,monthly.chosun.com,http://monthly.chosun.com/client/news/viw.asp?ctcd=J&nNewsNumb=202603100001,요약,규칙기반 자동분류(제목·요약 낱말 대조)
2026-02-19,소백산,충북·경북,행정,기타,'봄이 오네요'…소백산국립공원에 '봄의 전령' 복수초 활짝,newsis.com,https://www.newsis.com/view/NISX20260219_0003518849,제목,규칙기반 자동분류(제목·요약 낱말 대조)
2026-02-19,변산반도,전북 부안,행정,인사·조직,김민석 총리 잦은 전북 방문 '설왕설래'…도민들 속내 편치 않은 까닭은...,jbsori.com,http://www.jbsori.com/news/articleView.html?idxno=16902,요약,규칙기반 자동분류(제목·요약 낱말 대조)
2026-02-19,무등산,광주·전남,행정,법령·제도,매년 18t 쓰레기…무등산국립공원 '몸살',namdonews.com,https://www.namdonews.com/news/articleView.html?idxno=901840,제목,규칙기반 자동분류(제목·요약 낱말 대조)
2026-02-19,무등산,광주·전남,행정,법령·제도,연 18톤 쌓이는 쓰레기…200만명 찾는 무등산의 그늘,jnilbo.com,https://www.jnilbo.com/news/articleView.html?idxno=90000023785,제목,규칙기반 자동분류(제목·요약 낱말 대조)
2026-02-19,금정산,부산·경남,행정,인사·조직,내달 3일 금정산 국립공원 지정 기념 정월대보름 달집 태우기 행사,busan.com,https://www.busan.com/view/busan/view.php?code=2026021918264751701,제목,규칙기반 자동분류(제목·요약 낱말 대조)
2026-02-19,금정산,부산·경남,행정,지정·구역,"나동연 양산시장 ""부울경 행정통합 예의주시...중심엔 양산시 있다""",news.bbsi.co.kr,https://news.bbsi.co.kr/news/articleView.html?idxno=4067633,요약,규칙기반 자동분류(제목·요약 낱말 대조)
2026-02-18,지리산,전남·전북·경남,행정,기타,[정책브리핑] 2026년 02월 18일 수요일 주요 정책,sisunnews.co.kr,http://www.sisunnews.co.kr/news/articleView.html?idxno=234630,요약,규칙기반 자동분류(제목·요약 낱말 대조)
2026-02-18,금정산,부산·경남,행정,지정·구역,[시론] 금정산국립공원 지정 의미와 관리 방향,busan.com,https://www.busan.com/view/busan/view.php?code=2026021818115421039,제목,규칙기반 자동분류(제목·요약 낱말 대조)
2026-02-18,소백산,충북·경북,행정,예산·재정,"대구, 경북대와 손잡고 'AI 혁신' 속도 낸다",hankyung.com,https://www.hankyung.com/article/2026021896171,요약,규칙기반 자동분류(제목·요약 낱말 대조)
2026-02-18,(전체·공통),전국·공통,행정,법령·제도,하천 불법점용 재발 막는다…'하천환경 개선사업' 100억 원 공모,factin.co.kr,https://www.factin.co.kr/news/articleView.html?idxno=5777,해당없음,규칙기반 자동분류(제목·요약 낱말 대조)
2026-02-17,지리산,전남·전북·경남,행정,인사·조직,긴 겨울 끝 알리는 복수초… 지리산서 개화,hansbiz.co.kr,http://www.hansbiz.co.kr/news/articleView.html?idxno=817684,제목,규칙기반 자동분류(제목·요약 낱말 대조)
2026-02-17,가야산,경북·경남,행정,인사·조직,합천 대장경테마파크 '사계절 체류 거점' 변신... AI·AR 접목한 실감형...,newscj.com,https://www.newscj.com/news/articleView.html?idxno=3375919,요약,규칙기반 자동분류(제목·요약 낱말 대조)
2026-02-16,지리산,전남·전북·경남,행정,기타,[정책브리핑] 2026년 02월 16일 월요일 주요 정책,sisunnews.co.kr,http://www.sisunnews.co.kr/news/articleView.html?idxno=234625,요약,규칙기반 자동분류(제목·요약 낱말 대조)
2026-02-16,팔공산,대구·경북,행정,예산·재정,"[뉴스+] 대구시장 누가 될까? 주호영 ""내가 존재감이 없으면 누가 존재...",dgmbc.com,https://dgmbc.com/NewsArticle/824944,요약,규칙기반 자동분류(제목·요약 낱말 대조)
2026-02-15,지리산,전남·전북·경남,행정,기타,"2026년 02월 셋째 주 생태계 관련 정책 CHECK! [정책브리핑, 네이처]",sisunnews.co.kr,http://www.sisunnews.co.kr/news/articleView.html?idxno=234634,요약,규칙기반 자동분류(제목·요약 낱말 대조)
2026-02-14,주왕산,경북,행정,기타,설 명절 가족과 함께 즐기는 국가지질명소 5곳 추천,pressian.com,https://www.pressian.com/pages/articles/2026021410080509341?utm_source=naver&utm_medium=search,요약,규칙기반 자동분류(제목·요약 낱말 대조)
2026-02-13,지리산,전남·전북·경남,행정,인사·조직,수컷 노루들의 격렬한 박치기…설 연휴에도 팔도강산은 바쁘다,hani.co.kr,https://www.hani.co.kr/arti/animalpeople/wild_animal/1244921.html,요약,규칙기반 자동분류(제목·요약 낱말 대조)
2026-02-13,주왕산,경북,행정,기타,[위클리오늘] 설 연휴 가족과 떠나는 전국 대표 지질명소 5선 추천,weeklytoday.com,http://www.weeklytoday.com/news/articleView.html?idxno=759253,요약,규칙기반 자동분류(제목·요약 낱말 대조)
2026-02-13,주왕산,경북,행정,기타,설 명절 가족과 함께 즐기는 지질명소 5곳,kwnews.co.kr,https://www.kwnews.co.kr/page/view/2026021215142620177,요약,규칙기반 자동분류(제목·요약 낱말 대조)
2026-02-13,소백산,충북·경북,행정,기타,'소백산 국립공원지킴이' 4명 뽑는다…경비·청소 담당 인력 2차 모집,public25.com,https://www.public25.com/news/articleView.html?idxno=40257,제목,규칙기반 자동분류(제목·요약 낱말 대조)
2026-02-13,팔공산,대구·경북,행정,인사·조직,"[인터뷰] 김재우 대구 동구청장 출마 예정자 ""동구 발전 위해 필요한 것...",ilyo.co.kr,https://ilyo.co.kr/?ac=article_view&entry_id=508280,요약,규칙기반 자동분류(제목·요약 낱말 대조)
2026-02-12,덕유산,전북·경남,행정,인사·조직,"덕유산국립공원, 유관기관 합동 불법엽구 수거 행사 진행",newsgn.com,https://www.newsgn.com/news/articleView.html?idxno=535057,제목,규칙기반 자동분류(제목·요약 낱말 대조)
2026-02-12,주왕산,경북,행정,기타,설 명절 가볼만한 지질명소 5곳은?,cctimes.kr,http://www.cctimes.kr/news/articleView.html?idxno=891891,요약,규칙기반 자동분류(제목·요약 낱말 대조)
2026-02-12,주왕산,경북,행정,기타,"국립공원공단 국가지질공원사무국, 설 명절 가족과 함께 즐기는 지질명...",cctimes.kr,http://www.cctimes.kr/news/articleView.html?idxno=891797,요약,규칙기반 자동분류(제목·요약 낱말 대조)
2026-02-12,다도해해상,전남,행정,인사·조직,'다도해해상 국립공원지킴이' 2명 모집…서류·면접 거쳐 3월 12일 근무...,public25.com,https://www.public25.com/news/articleView.html?idxno=40183,제목,규칙기반 자동분류(제목·요약 낱말 대조)
2026-02-12,소백산,충북·경북,행정,기타,'소백산 국립공원지킴이' 2차 모집…경비·환경 안전 담당 4명 선발,public25.com,https://www.public25.com/news/articleView.html?idxno=40220,제목,규칙기반 자동분류(제목·요약 낱말 대조)
2026-02-12,무등산,광주·전남,행정,지정·구역,"[6·3 지선 주자] 주호영 ""대구·경북 통합, 이번 아니면 8년 더 늦어진...",newspim.com,https://www.newspim.com/news/view/20260210000845,요약,규칙기반 자동분류(제목·요약 낱말 대조)
2026-02-12,팔공산,대구·경북,행정,지정·구역,"영천 가볼 만한 곳, 자연과 역사가 숨 쉬는 겨울 산책의 길",e-science.co.kr,https://www.e-science.co.kr/news/articleView.html?idxno=125975,요약,규칙기반 자동분류(제목·요약 낱말 대조)
2026-02-12,팔공산,대구·경북,행정,인사·조직,"[위클리오늘] 차수환 전 동구의장 ""동구 100년 성장동력 확보""…동구청...",weeklytoday.com,http://www.weeklytoday.com/news/articleView.html?idxno=759071,요약,규칙기반 자동분류(제목·요약 낱말 대조)
2026-02-12,팔공산,대구·경북,행정,지정·구역,"칠곡군, 팔공산 국립공원‘한티재’ 불법 간판 난립... ‘흉물 전시장’...",ekn.kr,https://www.ekn.kr/web/view.php?key=20260212026348862,제목,규칙기반 자동분류(제목·요약 낱말 대조)
2026-02-11,한라산,제주,행정,인사·조직,한라산 백록담 암벽 붕괴 위험...분화구 변화 가능성,jejunews.com,http://www.jejunews.com/news/articleView.html?idxno=2223541,제목,규칙기반 자동분류(제목·요약 낱말 대조)
2026-02-11,팔공산,대구·경북,행정,지정·구역,[근교산&그너머] <특집> 설 연휴 추천 산행 4선,kookje.co.kr,http://www.kookje.co.kr/news2011/asp/newsbody.asp?code=2200&key=20260212.22012001714,요약,규칙기반 자동분류(제목·요약 낱말 대조)
2026-02-10,한려해상,경남·전남,행정,지정·구역,사설-사천공항 국제공항 승격 시급하다,gndomin.com,http://www.gndomin.com/news/articleView.html?idxno=465087,요약,규칙기반 자동분류(제목·요약 낱말 대조)
2026-02-10,다도해해상,전남,행정,지정·구역,전남광주특별시 출범 땐 월동장 구하기 쉬워질 듯,kwangju.co.kr,http://www.kwangju.co.kr/article.php?aid=1770725100795567277,요약,규칙기반 자동분류(제목·요약 낱말 대조)
2026-02-10,금정산,부산·경남,행정,지정·구역,"정부, 지역별 전기요금 '수도권 눈치'?…제도 도입은 급물살 전망",kookje.co.kr,http://www.kookje.co.kr/news2011/asp/newsbody.asp?code=0200&key=20260210.99099003256,요약,규칙기반 자동분류(제목·요약 낱말 대조)
2026-02-10,금정산,부산·경남,행정,법령·제도,김성환 기후부장관 “낙동강 ‘녹조 계절관리제’ 첫 시행…녹조 심각...,busan.com,https://www.busan.com/view/busan/view.php?code=2026021010364456780,요약,규칙기반 자동분류(제목·요약 낱말 대조)
2026-02-10,금정산,부산·경남,행정,지정·구역,"김성환 ""발전사 통폐합, 12차 전기본과 함께 공론화""",view.asiae.co.kr,https://view.asiae.co.kr/article/2026021008471702902,요약,규칙기반 자동분류(제목·요약 낱말 대조)
2026-02-09,한려해상,경남·전남,행정,지정·구역,"참돌고래 50여 마리, 통영 홍도 인근 해상서 발견",gnnews.co.kr,https://www.gnnews.co.kr/news/articleView.html?idxno=630188,요약,규칙기반 자동분류(제목·요약 낱말 대조)
2026-02-09,한려해상,경남·전남,행정,예산·재정,사천 부속 섬 늑도~신도 해상연도교 착공,kookje.co.kr,http://www.kookje.co.kr/news2011/asp/newsbody.asp?code=0300&key=20260209.99099002619,요약,규칙기반 자동분류(제목·요약 낱말 대조)
2026-02-09,덕유산,전북·경남,행정,기타,"무주군, 한국 최초 국제 트레일러닝 대회 유치",news.skbroadband.com,https://news.skbroadband.com/news/articleView.html?idxno=217667,요약,규칙기반 자동분류(제목·요약 낱말 대조)
2026-02-09,소백산,충북·경북,행정,기타,"'소백산북부 지킴이 추가 모집'…국립공원공단, 2026년 녹색순찰대 3명...",public25.com,https://www.public25.com/news/articleView.html?idxno=39841,제목,규칙기반 자동분류(제목·요약 낱말 대조)
2026-02-09,무등산,광주·전남,행정,기타,광주 무등산서 복수초·개구리 산란,namdonews.com,https://www.namdonews.com/news/articleView.html?idxno=900957,제목,규칙기반 자동분류(제목·요약 낱말 대조)
2026-02-09,팔공산,대구·경북,행정,지정·구역,주호영 “내 자녀가 떠나지 않는 대구 만들 것”… 관리형’ 벗고 ‘게...,breaknews.com,http://www.breaknews.com/1183622,요약,규칙기반 자동분류(제목·요약 낱말 대조)
2026-02-09,팔공산,대구·경북,행정,지정·구역,"주호영,""자녀 떠나지 않는 대구 만들 것""… 6선 관록 걸고 '구원투수' 자...",eroun.net,https://www.eroun.net/news/articleView.html?idxno=72929,요약,규칙기반 자동분류(제목·요약 낱말 대조)
2026-02-09,팔공산,대구·경북,행정,지정·구역,"주호영 ""자녀 떠나지 않는 '대구' 만들겠다""",ilyo.co.kr,https://ilyo.co.kr/?ac=article_view&entry_id=507976,요약,규칙기반 자동분류(제목·요약 낱말 대조)
2026-02-09,팔공산,대구·경북,행정,지정·구역,"주호영, 6선 관록 걸고 ""자녀 떠나지 않는 대구 만들 것""",pointe.co.kr,https://www.pointe.co.kr/news/articleView.html?idxno=71248,요약,규칙기반 자동분류(제목·요약 낱말 대조)
2026-02-09,금정산,부산·경남,행정,지정·구역,"“금정산 국립공원, 도심형 맞춤 관리 계획 세워야”",busan.com,https://www.busan.com/view/busan/view.php?code=2026020916573931725,제목,규칙기반 자동분류(제목·요약 낱말 대조)
2026-02-09,금정산,부산·경남,행정,인사·조직,"부산광역시 금정구, 2026 대한민국을 빛낼 혁신인물·브랜드 대상 수상",ksilbo.co.kr,https://www.ksilbo.co.kr/news/articleView.html?idxno=1048778,요약,규칙기반 자동분류(제목·요약 낱말 대조)
2026-02-08,경주,경북 경주,행정,기타,"위기의 석굴암, '북서풍'이 살렸다",tbc.co.kr,https://www.tbc.co.kr/news/view?pno=20260208181725AE05872&id=203358,요약,규칙기반 자동분류(제목·요약 낱말 대조)
2026-02-08,속리산,충북·경북,행정,기타,'속리산 국립공원 지킴이' 6명 뽑는다,public25.com,https://www.public25.com/news/articleView.html?idxno=39576,제목,규칙기반 자동분류(제목·요약 낱말 대조)
2026-02-08,팔공산,대구·경북,행정,의회·국정감사,주호영 “내 자녀가 떠나지 않는 대구”…6선 관록 걸고 ‘판 뒤집기’...,inews24.com,http://www.inews24.com/view/1937024,요약,규칙기반 자동분류(제목·요약 낱말 대조)
2026-02-07,금정산,부산·경남,행정,지정·구역,백양산 국립공원 승격 기념 '시산제' 3월 8일 개최… 민·관·종교 한뜻,ikld.kr,http://www.ikld.kr/news/articleView.html?idxno=329131,요약,규칙기반 자동분류(제목·요약 낱말 대조)
2026-02-06,지리산,전남·전북·경남,행정,기타,'지리산 국립공원 지킴이' 2차 모집…경남에서 3명 선발,public25.com,https://www.public25.com/news/articleView.html?idxno=39614,제목,규칙기반 자동분류(제목·요약 낱말 대조)
2026-02-06,팔공산,대구·경북,행정,지정·구역,"대구 군위군 가볼 만한 곳, 삼국유사의 숨결이 깃든 테마파크의 즐거움",joongangenews.com,https://www.joongangenews.com/news/articleView.html?idxno=493767,요약,규칙기반 자동분류(제목·요약 낱말 대조)
2026-02-06,금정산,부산·경남,행정,지정·구역,"호텔농심, '2026 설 프로모션' 선보여",daily.hankooki.com,https://daily.hankooki.com/news/articleView.html?idxno=1333027,요약,규칙기반 자동분류(제목·요약 낱말 대조)
2026-02-05,지리산,전남·전북·경남,행정,기타,'지리산국립공원 지킴이' 추가 모집…경남서 3명 선발,public25.com,https://www.public25.com/news/articleView.html?idxno=39583,제목,규칙기반 자동분류(제목·요약 낱말 대조)
2026-02-05,지리산,전남·전북·경남,행정,인사·조직,떡국 나누며 구례 지역민에 따뜻한 기운 나눔,bulkyo21.com,http://www.bulkyo21.com/news/articleView.html?idxno=63557,요약,규칙기반 자동분류(제목·요약 낱말 대조)
2026-02-05,속리산,충북·경북,행정,인사·조직,"속리산국립공원, 유관기관 합동 불법엽구 수거 행사",dynews.co.kr,http://www.dynews.co.kr/news/articleView.html?idxno=838086,제목,규칙기반 자동분류(제목·요약 낱말 대조)
2026-02-05,북한산,서울·경기,행정,기타,'북한산 국립공원지킴이' 2명 뽑는다…서류·면접 종합 고득점자 선발,public25.com,https://www.public25.com/news/articleView.html?idxno=39532,제목,규칙기반 자동분류(제목·요약 낱말 대조)
2026-02-05,북한산,서울·경기,행정,인사·조직,'북한산국립공원 환경관리' 기간제 6명 뽑는다,public25.com,https://www.public25.com/news/articleView.html?idxno=39513,제목,규칙기반 자동분류(제목·요약 낱말 대조)
2026-02-05,월출산,전남,행정,기타,"영암군, 달맞이공원에 ‘뷰·가치 맛집 은가비카페’ 오픈",betanews.net,https://www.betanews.net/article/view/beta202602050053,요약,규칙기반 자동분류(제목·요약 낱말 대조)
2026-02-05,변산반도,전북 부안,행정,인사·조직,'변산반도 해양환경 지킴이' 9명 공모,public25.com,https://www.public25.com/news/articleView.html?idxno=39527,제목,규칙기반 자동분류(제목·요약 낱말 대조)
2026-02-05,금정산,부산·경남,행정,인사·조직,"[부산 브리핑 모음(2월5일)] 부산시, 김경덕 신임 행정부시장 취임 등",dnews.co.kr,https://www.dnews.co.kr/uhtml/view.jsp?idxno=202602041832267640711,요약,규칙기반 자동분류(제목·요약 낱말 대조)
2026-02-04,한려해상,경남·전남,행정,기타,남해군 상주면 기관단체장협의회 2월 정례회의 개최,newsgn.com,https://www.newsgn.com/news/articleView.html?idxno=532927,요약,규칙기반 자동분류(제목·요약 낱말 대조)
2026-02-04,한려해상,경남·전남,행정,지정·구역,해양쓰레기 천국될라…통영 해양폐기물 순환센터 반입물 확대 제동,busan.com,https://www.busan.com/view/busan/view.php?code=2026020317362077708,요약,규칙기반 자동분류(제목·요약 낱말 대조)
2026-02-04,북한산,서울·경기,행정,기타,"의정부 가볼 만한 곳, 예술과 자연이 공존하는 문화 여행",joongangenews.com,https://www.joongangenews.com/news/articleView.html?idxno=492906,요약,규칙기반 자동분류(제목·요약 낱말 대조)
2026-02-04,금정산,부산·경남,행정,연구·용역,국립공원공단·부산대 ‘연계 학위과정’ 논의 본격화되나,busan.com,https://www.busan.com/view/busan/view.php?code=2026020320480431452,요약,규칙기반 자동분류(제목·요약 낱말 대조)
2026-02-04,금정산,부산·경남,행정,인사·조직,"금정산성축제, 가을로 옮겨 더 깊어진다",thepowernews.co.kr,https://www.thepowernews.co.kr/view.php?ud=202602041456122880433530906c_7,제목,규칙기반 자동분류(제목·요약 낱말 대조)
2026-02-04,금정산,부산·경남,행정,지정·구역,“금정산 국립공원 본부는 당연히 금정구로”… 이준호 시의원 본사무소...,sports.donga.com,https://sports.donga.com/region/article/all/20260204/133292836/1,제목,규칙기반 자동분류(제목·요약 낱말 대조)
2026-02-04,금정산,부산·경남,행정,인사·조직,"올해 부산 금정산성축제, 봄에서 가을로…10월16~18일 개최",news1.kr,https://www.news1.kr/local/busan-gyeongnam/6061136,제목,규칙기반 자동분류(제목·요약 낱말 대조)
2026-02-03,가야산,경북·경남,행정,지정·구역,"합천 가볼 만한 곳, 자연과 역사가 어우러진 다채로운 매력의 여정",e-science.co.kr,https://www.e-science.co.kr/news/articleView.html?idxno=124647,요약,규칙기반 자동분류(제목·요약 낱말 대조)
2026-02-03,치악산,강원 원주,행정,기타,'치악산 국립공원지킴이' 추가 모집…비정규직 4명 선발,public25.com,https://www.public25.com/news/articleView.html?idxno=39294,제목,규칙기반 자동분류(제목·요약 낱말 대조)
2026-02-03,월악산,충북·경북,행정,기타,'월악산 국립공원 지킴이' 5명 뽑는다,public25.com,https://www.public25.com/news/articleView.html?idxno=39269,제목,규칙기반 자동분류(제목·요약 낱말 대조)
2026-02-03,무등산,광주·전남,행정,지정·구역,‘마음은 이미…’ 행정통합 전제 잇단 출사표,kookje.co.kr,http://www.kookje.co.kr/news2011/asp/newsbody.asp?code=0100&key=20260204.22002000957,요약,규칙기반 자동분류(제목·요약 낱말 대조)
2026-02-03,무등산,광주·전남,행정,지정·구역,"“33년 꼴찌 대구, 판을 갈아엎겠다”…주호영의 ‘통합 배수진’",kukinews.com,https://www.kukinews.com/article/view/kuk202602030261,요약,규칙기반 자동분류(제목·요약 낱말 대조)
2026-02-03,무등산,광주·전남,행정,지정·구역,"주호영 부의장, ""대구·경북이 발전 더딘 것은 경쟁이 없었기 때문""",pointe.co.kr,https://www.pointe.co.kr/news/articleView.html?idxno=70522,요약,규칙기반 자동분류(제목·요약 낱말 대조)
2026-02-03,무등산,광주·전남,행정,지정·구역,"주호영 ""행정통합 골든타임 놓치면 TK 고립만 심화""",sidae.com,https://www.sidae.com/article/2026020314425876632,요약,규칙기반 자동분류(제목·요약 낱말 대조)
2026-02-03,무등산,광주·전남,행정,지정·구역,"주호영, TK통합 완수·규제혁파 공약... ""대구 GRDP 33년째 꼴찌""",meconomynews.com,https://www.meconomynews.com/news/articleView.html?idxno=127121,요약,규칙기반 자동분류(제목·요약 낱말 대조)
2026-02-03,무등산,광주·전남,행정,지정·구역,"주호영 ""대구 GRDP 33년째 꼴찌""…TK통합 완수·규제혁파 공약",yna.co.kr,https://www.yna.co.kr/view/AKR20260203049100053?input=1195m,요약,규칙기반 자동분류(제목·요약 낱말 대조)
2026-02-03,무등산,광주·전남,행정,인사·조직,[정책브리핑] 2026년 02월 03일 화요일 주요 정책,sisunnews.co.kr,http://www.sisunnews.co.kr/news/articleView.html?idxno=234141,요약,규칙기반 자동분류(제목·요약 낱말 대조)
2026-02-03,태백산,강원·경북,행정,협약·협력,태백시·태백산국립공원 업무협약,kado.net,https://www.kado.net/news/articleView.html?idxno=2031726,제목,규칙기반 자동분류(제목·요약 낱말 대조)
2026-02-03,팔공산,대구·경북,행정,지정·구역,대구시민안전테마파크→'2.18기념공원' 명칭 변경 또 '무산',pn.or.kr,https://www.pn.or.kr/news/articleView.html?idxno=33185,요약,규칙기반 자동분류(제목·요약 낱말 대조)
2026-02-03,팔공산,대구·경북,행정,인사·조직,"[6·3 지선 누가 뛰나-대구 동구청장] 권기일 국힘 대구시당 부위원장, ...",kbsm.net,https://www.kbsm.net/news/view.php?idx=507297,요약,규칙기반 자동분류(제목·요약 낱말 대조)
2026-02-03,팔공산,대구·경북,행정,인사·조직,"권기일 “동구의 잠재력, 더는 묵혀둘 수 없다”…동구청장 출마 공식 ...",inews24.com,http://www.inews24.com/view/1935097,요약,규칙기반 자동분류(제목·요약 낱말 대조)
2026-02-03,팔공산,대구·경북,행정,인사·조직,"권기일 국민의힘 대구시당 부위원장, 대구 동구청장 출마",nocutnews.co.kr,https://www.nocutnews.co.kr/news/6466059?utm_source=naver&utm_medium=article&utm_campaign=20260203014859,요약,규칙기반 자동분류(제목·요약 낱말 대조)
2026-02-03,금정산,부산·경남,행정,지정·구역,"이준호 부산시의원, 금정산 국립공원 본사무소 금정구 유치 촉구",viva100.com,https://www.viva100.com/article/20260203501247,제목,규칙기반 자동분류(제목·요약 낱말 대조)
2026-02-03,금정산,부산·경남,행정,의회·국정감사,"이준호 부산시의원 ""금정산 국립공원 본사무소 금정구 유치해야"" 촉구",nbntv.co.kr,https://www.nbntv.co.kr/news/articleView.html?idxno=4018000,제목,규칙기반 자동분류(제목·요약 낱말 대조)
2026-02-02,설악산,강원,행정,기타,"강원특별자치도, 특별한 강원도의 특별한 꿈 이야기",kado.net,https://www.kado.net/news/articleView.html?idxno=2031697,요약,규칙기반 자동분류(제목·요약 낱말 대조)
2026-02-02,다도해해상,전남,행정,기타,"'다도해 국립공원 지킨다'…국립공원공단, 서부사무소 지킴이 2명 뽑는...",public25.com,https://www.public25.com/news/articleView.html?idxno=39125,요약,규칙기반 자동분류(제목·요약 낱말 대조)
2026-02-02,변산반도,전북 부안,행정,지정·구역,"[기고] 변산 해안길과 전나무 숲길, '관광 동선' 고민할 때",ibuan.com,https://www.ibuan.com/news/articleView.html?idxno=55537,요약,규칙기반 자동분류(제목·요약 낱말 대조)
2026-02-02,금정산,부산·경남,행정,예산·재정,내달 새 문 여는 금정산국립공원 ‘반의 반토막’ 인력으로 개문발차,busan.com,https://www.busan.com/view/busan/view.php?code=2026020218351679727,제목,규칙기반 자동분류(제목·요약 낱말 대조)
2026-02-02,태백산,강원·경북,행정,협약·협력,[포토뉴스]태백시-태백산국립공원사무소 협동 제설 업무협약,kwnews.co.kr,https://www.kwnews.co.kr/page/view/2026020210424748146,제목,규칙기반 자동분류(제목·요약 낱말 대조)
2026-02-02,금정산,부산·경남,행정,지정·구역,"이준호 시의원, 금정산 국립공원 본사무소 금정구 유치 촉구",kukinews.com,https://www.kukinews.com/article/view/kuk202602020296,제목,규칙기반 자동분류(제목·요약 낱말 대조)
2026-02-02,금정산,부산·경남,행정,의회·국정감사,"이준호 시의원, 금정산 본사무소 금정구 촉구",thepowernews.co.kr,https://www.thepowernews.co.kr/view.php?ud=202602021651508317433530906c_7,제목,규칙기반 자동분류(제목·요약 낱말 대조)
2026-02-02,금정산,부산·경남,행정,지정·구역,'국립공원 지정' 금정산…사유지 내년부터 본격 매입,news.sbs.co.kr,https://news.sbs.co.kr/news/endPage.do?news_id=N1008427693&plink=ORI&cooper=NAVER,제목,규칙기반 자동분류(제목·요약 낱말 대조)
2026-02-02,금정산,부산·경남,행정,지정·구역,"""똘똘한 한 채 쏠림 여전""... 신고가 경신하는 초고층 랜드마크 부산 온...",fnnews.com,http://www.fnnews.com/news/202602021038075887,요약,규칙기반 자동분류(제목·요약 낱말 대조)
2026-02-01,다도해해상,전남,행정,지정·구역,"해수부, 여수 거문도 '올해의 섬' 지정",ikbc.co.kr,https://www.ikbc.co.kr/article/view/kbc202602010038,요약,규칙기반 자동분류(제목·요약 낱말 대조)
2026-02-01,무등산,광주·전남,행정,예산·재정,주호영 “선통합 후보완…연방제 준하는 권한이양 해줘야”,ksmnews.co.kr,https://www.ksmnews.co.kr/news/view.php?idx=588324,요약,규칙기반 자동분류(제목·요약 낱말 대조)
2026-02-01,태백산,강원·경북,행정,협약·협력,"태백시·국립공원공단, 태백산 눈축제 '협동제설' MOU 체결",newspim.com,https://www.newspim.com/news/view/20260201000084,제목,규칙기반 자동분류(제목·요약 낱말 대조)
2026-02-01,태백산,강원·경북,행정,협약·협력,"태백시·태백산국립공원사무소, 태백산 눈축제 협동제설 업무협약 체결",gw.newdaily.co.kr,https://gw.newdaily.co.kr/site/data/html/2026/01/31/2026013100042.html,제목,규칙기반 자동분류(제목·요약 낱말 대조)
2026-02-01,팔공산,대구·경북,행정,예산·재정,"대구문화예술진흥원, 관광분야 국비 공모 ‘2년 연속 선정’ 쾌거",ksmnews.co.kr,https://www.ksmnews.co.kr/news/view.php?idx=588236,요약,규칙기반 자동분류(제목·요약 낱말 대조)
2026-02-01,팔공산,대구·경북,행정,의회·국정감사,"주호영 “김부겸 전 총리, 대구시장 출마해야”",ksmnews.co.kr,https://www.ksmnews.co.kr/news/view.php?idx=588347,요약,규칙기반 자동분류(제목·요약 낱말 대조)
2026-02-01,팔공산,대구·경북,행정,예산·재정,주호영 “김부겸 출마가 대구 발전에 바람직”,cnbnews.com,https://www.cnbnews.com/news/article.html?no=776268,요약,규칙기반 자동분류(제목·요약 낱말 대조)
2026-02-01,금정산,부산·경남,행정,지정·구역,"문나영 금정구의원 ""금정산 국립공원 본사무소 금정구에 유치해야""",pointe.co.kr,https://www.pointe.co.kr/news/articleView.html?idxno=70251,제목,규칙기반 자동분류(제목·요약 낱말 대조)
2026-02-01,금정산,부산·경남,행정,지정·구역,"내달 국립공원 지정 부산 금정산, 무엇이 달라지나",yna.co.kr,https://www.yna.co.kr/view/AKR20260130105600051?input=1195m,제목,규칙기반 자동분류(제목·요약 낱말 대조)
2026-01-31,설악산,강원,행정,지정·구역,"​​​​​​​[진경수의 山行工夫] 마음공부에 잘 어울리는 산, '태백...",bzeronews.com,https://www.bzeronews.com/news/articleView.html?idxno=810168,요약,규칙기반 자동분류(제목·요약 낱말 대조)
2026-01-31,금정산,부산·경남,행정,지정·구역,금정산 국립공원 79%가 사유지…30% 매수 대상,news.kbs.co.kr,https://news.kbs.co.kr/news/pc/view/view.do?ncd=8474250&ref=A,제목,규칙기반 자동분류(제목·요약 낱말 대조)
2026-01-31,금정산,부산·경남,행정,지정·구역,"금정산 국립공원, 사유지 매입 내년부터 본격화",busanmbc.co.kr,https://busanmbc.co.kr/01_new/new01_view.asp?idx=282359,제목,규칙기반 자동분류(제목·요약 낱말 대조)
2026-01-31,금정산,부산·경남,행정,의회·국정감사,"문나영 “금정산 국립공원 본사무소, 금정구가 적지”",thepowernews.co.kr,https://www.thepowernews.co.kr/view.php?ud=202601310825149291433530906c_7,제목,규칙기반 자동분류(제목·요약 낱말 대조)
2026-01-31,금정산,부산·경남,행정,기타,"금정산 국립공원, 사유지 비중 79%…매입 비용 3천억 원 추산",kookje.co.kr,http://www.kookje.co.kr/news2011/asp/newsbody.asp?code=0300&key=20260131.99099008938,제목,규칙기반 자동분류(제목·요약 낱말 대조)
2026-01-31,금정산,부산·경남,행정,기타,금정산 국립공원 79%가 사유지…가격 3천억원 규모 추정,yna.co.kr,https://www.yna.co.kr/view/AKR20260130109400051?input=1195m,제목,규칙기반 자동분류(제목·요약 낱말 대조)
2026-01-30,지리산,전남·전북·경남,행정,지정·구역,"오늘 일출·일몰시간, ""31일(토) 전국 해돋이 명소, 해 뜨는 시간과 해 ...",lecturernews.com,https://www.lecturernews.com/news/articleView.html?idxno=195740,요약,규칙기반 자동분류(제목·요약 낱말 대조)
2026-01-30,팔공산,대구·경북,행정,지정·구역,[최영식교수 아침칼럼] 팔공산(八公山),news.bbsi.co.kr,https://news.bbsi.co.kr/news/articleView.html?idxno=4064640,제목,규칙기반 자동분류(제목·요약 낱말 대조)
2026-01-30,태백산,강원·경북,행정,기타,[동정] 심규언 동해시장 외,kado.net,https://www.kado.net/news/articleView.html?idxno=2031144,요약,규칙기반 자동분류(제목·요약 낱말 대조)
2026-01-30,팔공산,대구·경북,행정,예산·재정,"6선 주호영, 여야 유력주자 대구시장 경쟁…김부겸 출마해야 큰 경쟁 있...",ajunews.com,https://www.ajunews.com/view/20260130150123400,요약,규칙기반 자동분류(제목·요약 낱말 대조)
2026-01-30,팔공산,대구·경북,행정,지정·구역,"영천 가볼 만한 곳, 역사와 자연이 어우러진 겨울 풍경",stardailynews.co.kr,https://www.stardailynews.co.kr/news/articleView.html?idxno=521711,요약,규칙기반 자동분류(제목·요약 낱말 대조)
2026-01-30,팔공산,대구·경북,행정,의회·국정감사,"주호영 ""김부겸 출마해야... 큰 경쟁 있어야 대구 판도 바뀐다""",newspim.com,https://www.newspim.com/news/view/20260130000646,요약,규칙기반 자동분류(제목·요약 낱말 대조)
2026-01-30,팔공산,대구·경북,행정,지정·구역,주호영 “김부겸 나와라!…대구 발전엔 큰 경쟁 필요”,kukinews.com,https://www.kukinews.com/article/view/kuk202601300030,요약,규칙기반 자동분류(제목·요약 낱말 대조)
2026-01-30,팔공산,대구·경북,행정,지정·구역,"주호영 “김부겸 나와야 대구가 산다”…대구시장 선거, 여야 정면충돌...",inews24.com,http://www.inews24.com/view/1933682,요약,규칙기반 자동분류(제목·요약 낱말 대조)
2026-01-30,금정산,부산·경남,행정,의회·국정감사,"[위클리오늘] ""금정산 국립공원 본사무소, 관리 효율성 높은 금정구 유...",weeklytoday.com,http://www.weeklytoday.com/news/articleView.html?idxno=755809,제목,규칙기반 자동분류(제목·요약 낱말 대조)
2026-01-30,금정산,부산·경남,행정,의회·국정감사,"부산금정구의회 문나영 의원, 금정산 국립공원 본사무소 금정구 유치 본...",lawissue.co.kr,http://www.lawissue.co.kr/view.php?ud=2026013015121715329a8c8bf58f_12,제목,규칙기반 자동분류(제목·요약 낱말 대조)
2026-01-29,무등산,광주·전남,행정,예산·재정,"[6.3 대구시장 선거] (4) 주호영 ""TK행정통합 차려진 밥상 뺏기면 안돼…...",idaegu.com,https://www.idaegu.com/news/articleView.html?idxno=656287,요약,규칙기반 자동분류(제목·요약 낱말 대조)
2026-01-29,무등산,광주·전남,행정,예산·재정,"주호영 ""TK 행정통합 통해 연방제 준하는 권한 이양 이뤄져야""",news1.kr,https://www.news1.kr/local/daegu-gyeongbuk/6055255,요약,규칙기반 자동분류(제목·요약 낱말 대조)
2026-01-29,무등산,광주·전남,행정,지정·구역,"광주시, ‘대한민국 제1호 국가도시공원’ 사냥 나선다… 중앙공원 지정...",breaknews.com,http://www.breaknews.com/1180697,요약,규칙기반 자동분류(제목·요약 낱말 대조)
2026-01-29,무등산,광주·전남,행정,법령·제도,"광주 중앙근린공원, 대한민국 '1호 국가도시공원' 노린다",pointdaily.co.kr,https://www.pointdaily.co.kr/news/articleView.html?idxno=290632,요약,규칙기반 자동분류(제목·요약 낱말 대조)
2026-01-29,팔공산,대구·경북,행정,예산·재정,"'대구시장 출마' 주호영 ""대구의 재산업화 이루겠다""",dgmbc.com,https://dgmbc.com/NewsArticle/821783,요약,규칙기반 자동분류(제목·요약 낱말 대조)
2026-01-28,내장산,전북·전남,행정,협약·협력,"내장산국립공원·정읍시니어클럽, 자연자원 보호 업무협약 체결",jeonmin.co.kr,http://www.jeonmin.co.kr/news/articleView.html?idxno=433016,제목,규칙기반 자동분류(제목·요약 낱말 대조)
2026-01-28,내장산,전북·전남,행정,협약·협력,내장산국립공원·정읍시니어클럽 '노인층 공공일자리' 협약,newsis.com,https://www.newsis.com/view/NISX20260128_0003493539,제목,규칙기반 자동분류(제목·요약 낱말 대조)
2026-01-28,다도해해상,전남,행정,지정·구역,"남해 최외곽에서 빛나다…거문도, '올해의 섬' 선정",newskr.kr,http://www.newskr.kr/news/articleView.html?idxno=102709,요약,규칙기반 자동분류(제목·요약 낱말 대조)
2026-01-28,다도해해상,전남,행정,지정·구역,올해의 섬에 '거문도' 지정,kidshankook.kr,https://www.kidshankook.kr/news/articleView.html?idxno=16181,요약,규칙기반 자동분류(제목·요약 낱말 대조)
2026-01-28,팔공산,대구·경북,행정,지정·구역,[말·글·물길 이야기] 낙동정맥 보현지맥이 4개 댐에 물길을 내주다,ujeil.com,http://www.ujeil.com/news/articleView.html?idxno=380394,요약,규칙기반 자동분류(제목·요약 낱말 대조)
2026-01-28,금정산,부산·경남,행정,지정·구역,"[파워토크] 박형준 부산시장, “2026년 부산, 글로벌 허브 도시로 도약”",news.knn.co.kr,https://news.knn.co.kr/news/article_sns/897,요약,규칙기반 자동분류(제목·요약 낱말 대조)
2026-01-28,금정산,부산·경남,행정,기타,'금정산 지킴이' 6명 찾습니다,public25.com,https://www.public25.com/news/articleView.html?idxno=38559,제목,규칙기반 자동분류(제목·요약 낱말 대조)
2026-01-27,지리산,전남·전북·경남,행정,협약·협력,"국립공원에 버려진 투명페트병, 수거부터 재생산까지 한 번에 잇는다",lak.co.kr,http://www.lak.co.kr/news/boardview.php?id=22354,요약,규칙기반 자동분류(제목·요약 낱말 대조)
2026-01-27,태안해안,충남 태안,행정,협약·협력,"고종남 태안문화원장, 제17대 충청남도문화원연합회장 당선",joongdo.co.kr,https://www.joongdo.co.kr/web/view.php?key=20260127010008740,요약,규칙기반 자동분류(제목·요약 낱말 대조)
2026-01-27,다도해해상,전남,행정,지정·구역,"여수시의회, 거문도 '올해의 섬' 지정 환영",netongs.com,http://www.netongs.com/news/articleView.html?idxno=330710,요약,규칙기반 자동분류(제목·요약 낱말 대조)
2026-01-27,다도해해상,전남,행정,지정·구역,"여수시의회, 올해의 섬 '거문도' 지정 환영",jeonmae.co.kr,https://www.jeonmae.co.kr/news/articleView.html?idxno=1225414,요약,규칙기반 자동분류(제목·요약 낱말 대조)
2026-01-27,다도해해상,전남,행정,지정·구역,2026년 올해의 섬으로 남해안 영해기점 유인섬 '거문도' 지정,suhyupnews.co.kr,http://www.suhyupnews.co.kr/news/articleView.html?idxno=34107,요약,규칙기반 자동분류(제목·요약 낱말 대조)
2026-01-27,다도해해상,전남,행정,지정·구역,남해 최외곽 영해기점 거문도 ‘올해의 섬’ 지정됐다,biz.heraldcorp.com,https://biz.heraldcorp.com/article/10663470?ref=naver,요약,규칙기반 자동분류(제목·요약 낱말 대조)
2026-01-27,다도해해상,전남,행정,지정·구역,"여수시의회, 남해 최외곽 영해기점 유인섬 거문도 '올해의 섬' 지정 환영",newsworker.co.kr,http://www.newsworker.co.kr/news/articleView.html?idxno=411933,요약,규칙기반 자동분류(제목·요약 낱말 대조)
2026-01-27,다도해해상,전남,행정,기타,[정책브리핑] 2026년 01월 27일 화요일 주요 정책,sisunnews.co.kr,http://www.sisunnews.co.kr/news/articleView.html?idxno=233856,요약,규칙기반 자동분류(제목·요약 낱말 대조)
2026-01-27,북한산,서울·경기,행정,협약·협력,"도봉구, 큐싱 사기 예방 활동 공로 감사장 수여",lawissue.co.kr,http://www.lawissue.co.kr/view.php?ud=202601270806497587edd30pn2gj_12,요약,규칙기반 자동분류(제목·요약 낱말 대조)
2026-01-27,북한산,서울·경기,행정,협약·협력,"도봉구, 큐싱 사기 예방 공로로 감사장 수상… 선제적 대응 체계 구축",job-post.co.kr,https://www.job-post.co.kr/news/articleView.html?idxno=204251,요약,규칙기반 자동분류(제목·요약 낱말 대조)
2026-01-27,북한산,서울·경기,행정,협약·협력,"도봉구, 큐싱사기 예방 공로 도봉경찰서로부터 감사장",weekly.cnbnews.com,https://weekly.cnbnews.com/news/article.html?no=204079,요약,규칙기반 자동분류(제목·요약 낱말 대조)
2026-01-27,북한산,서울·경기,행정,협약·협력,도봉구 '큐싱사기 예방' 경찰서 감사장 받아,jeonmae.co.kr,https://www.jeonmae.co.kr/news/articleView.html?idxno=1225127,요약,규칙기반 자동분류(제목·요약 낱말 대조)
2026-01-27,무등산,광주·전남,행정,지정·구역,"주호영 ""이번에 대구경북 반드시 통합해야, 4년뒤? 누가 책임지나…선통...",polinews.co.kr,https://www.polinews.co.kr/news/articleView.html?idxno=721050,요약,규칙기반 자동분류(제목·요약 낱말 대조)
2026-01-27,금정산,부산·경남,행정,기타,3월 개원 앞둔 '금정산 국립공원지킴이 18명 선발'…부산서 비정규직 신...,public25.com,https://www.public25.com/news/articleView.html?idxno=38555,제목,규칙기반 자동분류(제목·요약 낱말 대조)
2026-01-26,속리산,충북·경북,행정,기타,어린이 대상 교육의 장 다채롭게 펼쳐진다,ikoreanspirit.com,http://www.ikoreanspirit.com/news/articleView.html?idxno=83654,요약,규칙기반 자동분류(제목·요약 낱말 대조)
2026-01-26,다도해해상,전남,행정,지정·구역,남해안 영해 기점 거문도 ‘올해의 섬’ 지정,segye.com,https://www.segye.com/newsView/20260126515250?OutUrl=naver,요약,규칙기반 자동분류(제목·요약 낱말 대조)
2026-01-26,다도해해상,전남,행정,지정·구역,"행정안전부-해양수산부, 올해의 섬 '거문도' 지정…""육지와 같은 생활 ...",econonews.co.kr,http://www.econonews.co.kr/news/articleView.html?idxno=424691,요약,규칙기반 자동분류(제목·요약 낱말 대조)
2026-01-26,(전체·공통),전국·공통,행정,지정·구역,선박들의 피항처 ‘거문도’ 올해의 섬 지정,ksg.co.kr,https://www.ksg.co.kr/news/main_newsView.jsp?pNum=146435,해당없음,규칙기반 자동분류(제목·요약 낱말 대조)
2026-01-26,다도해해상,전남,행정,지정·구역,올해의 섬으로 남해안 영해기점 유인섬 '거문도' 지정,aflnews.co.kr,http://www.aflnews.co.kr/news/articleView.html?idxno=313018,요약,규칙기반 자동분류(제목·요약 낱말 대조)
2026-01-26,다도해해상,전남,행정,지정·구역,"해수부, ‘2026 올해의 섬’에 전남 여수시 거문도 지정",fnnews.com,http://www.fnnews.com/news/202601261455525364,요약,규칙기반 자동분류(제목·요약 낱말 대조)
2026-01-26,다도해해상,전남,행정,지정·구역,2026년 '올해의 섬'에 여수 거문도 선정… 영해기점 가치 알린다,factin.co.kr,https://www.factin.co.kr/news/articleView.html?idxno=5637,요약,규칙기반 자동분류(제목·요약 낱말 대조)
2026-01-26,다도해해상,전남,행정,지정·구역,'2026년 올해의 섬' 남해안 영해기점 유인섬 '거문도' 지정,ikld.kr,http://www.ikld.kr/news/articleView.html?idxno=328342,요약,규칙기반 자동분류(제목·요약 낱말 대조)
2026-01-26,다도해해상,전남,행정,지정·구역,2026년 올해의 섬에 거문도 선정,thepowernews.co.kr,https://www.thepowernews.co.kr/view.php?ud=202601261214404939433530906c_7,요약,규칙기반 자동분류(제목·요약 낱말 대조)
2026-01-26,다도해해상,전남,행정,지정·구역,"정부, 올해의 섬에 여수 거문도 지정",dailian.co.kr,https://www.dailian.co.kr/news/view/1602403/?sc=Naver,요약,규칙기반 자동분류(제목·요약 낱말 대조)
2026-01-26,다도해해상,전남,행정,지정·구역,'올해의 섬'에 여수 거문도 지정…해양영토 중요성 알린다,ajunews.com,https://www.ajunews.com/view/20260126092904894,요약,규칙기반 자동분류(제목·요약 낱말 대조)
2026-01-26,다도해해상,전남,행정,지정·구역,'영해기점' 거문도' 올해의 섬 지정,wowtv.co.kr,http://www.wowtv.co.kr/NewsCenter/News/Read?articleId=A202601260131&t=NN,요약,규칙기반 자동분류(제목·요약 낱말 대조)
2026-01-26,다도해해상,전남,행정,지정·구역,'거문도' 올해의 섬으로 지정... 영해기점 등 해양영토 중요성 높아,fnnews.com,http://www.fnnews.com/news/202601261034045290,요약,규칙기반 자동분류(제목·요약 낱말 대조)
2026-01-26,다도해해상,전남,행정,지정·구역,2026년 올해의 섬에 남해안 영해기점 '거문도',nocutnews.co.kr,https://www.nocutnews.co.kr/news/6461693?utm_source=naver&utm_medium=article&utm_campaign=20260126120058,요약,규칙기반 자동분류(제목·요약 낱말 대조)
2026-01-26,다도해해상,전남,행정,지정·구역,"해수부-행안부, ‘올해의 섬’ 거문도 지정…먼섬 정주여건 개선 지원",dailian.co.kr,https://www.dailian.co.kr/news/view/1602512/?sc=Naver,요약,규칙기반 자동분류(제목·요약 낱말 대조)
2026-01-26,다도해해상,전남,행정,지정·구역,"올해의 섬 '거문도' 지정…""영해 기점 국방·경제 중요 가치""",newsis.com,https://www.newsis.com/view/NISX20260126_0003489709,요약,규칙기반 자동분류(제목·요약 낱말 대조)
2026-01-26,다도해해상,전남,행정,지정·구역,2026년 올해의 섬으로 ‘거문도’ 지정,mediapen.com,https://www.mediapen.com/news/view/1077084,요약,규칙기반 자동분류(제목·요약 낱말 대조)
2026-01-26,치악산,강원 원주,행정,지정·구역,"""이웃 동네, 다른 생각""…원주·횡성, 행정 통합 두고 또 논박(종합)",news1.kr,https://www.news1.kr/local/kangwon/6051615,요약,규칙기반 자동분류(제목·요약 낱말 대조)
2026-01-26,속리산,충북·경북,행정,지정·구역,TK통합발전 구상…신공항권 등 5개 권역별 특화성장 추진,kbsm.net,https://www.kbsm.net/news/view.php?idx=506230,요약,규칙기반 자동분류(제목·요약 낱말 대조)
2026-01-26,팔공산,대구·경북,행정,지정·구역,"주호영 ""TK 행정통합은 생존의 열차...'선통합 후보완'으로 대구 재도약...",enewstoday.co.kr,http://www.enewstoday.co.kr/news/articleView.html?idxno=2386012,요약,규칙기반 자동분류(제목·요약 낱말 대조)
2026-01-26,금정산,부산·경남,행정,연구·용역,"[기자수첩] 금샘로 개통, 더는 미룰 명분 없다",thepowernews.co.kr,https://www.thepowernews.co.kr/view.php?ud=202601261253286205433530906c_7,요약,규칙기반 자동분류(제목·요약 낱말 대조)
2026-01-25,무등산,광주·전남,행정,예산·재정,"주호영 국회부의장, 대구시장 선거 공식 출마 선언 “대경 행정통합은 ...",biz.heraldcorp.com,https://biz.heraldcorp.com/article/10662283?ref=naver,요약,규칙기반 자동분류(제목·요약 낱말 대조)
2026-01-25,무등산,광주·전남,행정,지정·구역,"주호영 국회부의장, “대구·경북 행정통합, 생존의 문제”",breaknews.com,http://www.breaknews.com/1179433,요약,규칙기반 자동분류(제목·요약 낱말 대조)
2026-01-25,무등산,광주·전남,행정,의회·국정감사,"주호영 국회부의장, 대구시장 출마 선언…행정통합·재산업화 강조",kyongbuk.co.kr,https://www.kyongbuk.co.kr/news/articleView.html?idxno=4062610,요약,규칙기반 자동분류(제목·요약 낱말 대조)
2026-01-25,무등산,광주·전남,행정,예산·재정,"주호영 ""대구경북 행정통합은 '선통합 후보완'으로 해야""",newsis.com,https://www.newsis.com/view/NISX20260125_0003489148,요약,규칙기반 자동분류(제목·요약 낱말 대조)
2026-01-25,팔공산,대구·경북,행정,지정·구역,"‘6선’ 주호영 국회 부의장, 대구시장 출마 선언 “재산업화·행정통합...",kbmaeil.com,https://www.kbmaeil.com/article/20260125500639,요약,규칙기반 자동분류(제목·요약 낱말 대조)
2026-01-25,팔공산,대구·경북,행정,법령·제도,"[출마합니다] 주호영 의원 ""박정희의 길 위에서 대구 재도약""… 대구시...",idaegu.com,https://www.idaegu.com/news/articleView.html?idxno=656009,요약,규칙기반 자동분류(제목·요약 낱말 대조)
2026-01-25,금정산,부산·경남,행정,지정·구역,[독자의 눈] 금강공원에서 향파의 작품을 볼 수 있길,busan.com,https://www.busan.com/view/busan/view.php?code=2026011817315592930,요약,규칙기반 자동분류(제목·요약 낱말 대조)
2026-01-25,금정산,부산·경남,행정,지정·구역,3월 국립공원 시대 여는 금정산…'상향식 거버넌스' 전환 시급,news1.kr,https://www.news1.kr/local/busan-gyeongnam/6049873,제목,규칙기반 자동분류(제목·요약 낱말 대조)
2026-01-25,금정산,부산·경남,행정,지정·구역,부산 동래구 '온천도시' 지정 추진…중장기 계획 수립,yna.co.kr,https://www.yna.co.kr/view/AKR20260123070700051?input=1195m,요약,규칙기반 자동분류(제목·요약 낱말 대조)
2026-01-23,경주,경북 경주,행정,법령·제도,"열암곡 1000일기도 회향, 끝 아닌 시작",ibulgyo.com,http://www.ibulgyo.com/news/articleView.html?idxno=434964,요약,규칙기반 자동분류(제목·요약 낱말 대조)
2026-01-23,금정산,부산·경남,행정,지정·구역,"[부산 브리핑 모음(1월23일)] 부산진구, 퇴원환자 지역사회 연계사업 업...",dnews.co.kr,https://www.dnews.co.kr/uhtml/view.jsp?idxno=202601222300277820898,요약,규칙기반 자동분류(제목·요약 낱말 대조)
2026-01-22,금정산,부산·경남,행정,지정·구역,"[위클리오늘] 부산 금정구, 2026년 첫 번째 지역현안사업 공론화위원회...",weeklytoday.com,http://www.weeklytoday.com/news/articleView.html?idxno=753832,요약,규칙기반 자동분류(제목·요약 낱말 대조)
2026-01-22,금정산,부산·경남,행정,지정·구역,기후위기 해법은 '자연'…탄소흡수원 확충·야생동물 공존 추진,edaily.co.kr,http://www.edaily.co.kr/news/newspath.asp?newsid=03421046645320344,요약,규칙기반 자동분류(제목·요약 낱말 대조)
2026-01-22,금정산,부산·경남,행정,지정·구역,"금정구, 공론화로 지역 미래 설계 본격화",thepowernews.co.kr,https://www.thepowernews.co.kr/view.php?ud=202601221019496278433530906c_7,요약,규칙기반 자동분류(제목·요약 낱말 대조)
2026-01-22,금정산,부산·경남,행정,지정·구역,"부산 금정구, '지역현안사업 공론화위원회 회의' 올해 첫 개최",gukjenews.com,https://www.gukjenews.com/news/articleView.html?idxno=3486883,요약,규칙기반 자동분류(제목·요약 낱말 대조)
2026-01-21,태안해안,충남 태안,행정,지정·구역,"태안 가볼 만한 곳, 서해의 겨울 풍경을 만나는 시간",joongangenews.com,https://www.joongangenews.com/news/articleView.html?idxno=488357,요약,규칙기반 자동분류(제목·요약 낱말 대조)
2026-01-21,태안해안,충남 태안,행정,기타,"'태안해안국립공원 지킨다'…국립공원공단, 국립공원지킴이 13명 뽑는다",public25.com,https://www.public25.com/news/articleView.html?idxno=37910,제목,규칙기반 자동분류(제목·요약 낱말 대조)
2026-01-21,월악산,충북·경북,행정,지정·구역,"겨울 단양 가볼 만한 곳, 강과 산이 어우러진 비경 속으로",joongangenews.com,https://www.joongangenews.com/news/articleView.html?idxno=488251,요약,규칙기반 자동분류(제목·요약 낱말 대조)
2026-01-21,금정산,부산·경남,행정,지정·구역,"[인터뷰] 이준경 생명그물 대표 “금정산 국립공원 민관 거버넌스, 해법...",busan.com,https://www.busan.com/view/busan/view.php?code=2026012118100810772,제목,규칙기반 자동분류(제목·요약 낱말 대조)
2026-01-21,금정산,부산·경남,행정,지정·구역,국내 첫 산악자전거 ‘킥백방지장치’ 개발···유럽 독점에 출사표,magazine.hankyung.com,https://magazine.hankyung.com/job-joy/article/202601214731d,요약,규칙기반 자동분류(제목·요약 낱말 대조)
2026-01-20,덕유산,전북·경남,행정,기타,"거창 가볼 만한 곳, 고원 위의 별바람과 도심 속 사이더리 기행",joongangenews.com,https://www.joongangenews.com/news/articleView.html?idxno=487970,요약,규칙기반 자동분류(제목·요약 낱말 대조)
2026-01-20,북한산,서울·경기,행정,인사·조직,[오늘의 주요 사회 일정] 경기북부(1월20일 화요일),econonews.co.kr,http://www.econonews.co.kr/news/articleView.html?idxno=423769,요약,규칙기반 자동분류(제목·요약 낱말 대조)
2026-01-20,북한산,서울·경기,행정,인사·조직,[오늘의 주요일정]경기북부(1월20일 화요일),newsis.com,https://www.newsis.com/view/NISX20260119_0003481448,요약,규칙기반 자동분류(제목·요약 낱말 대조)
2026-01-20,팔공산,대구·경북,행정,지정·구역,"[TK행정통합] 정부 인센티브 연계 TK 통합 발전 구상, 경북 북부권 설득...",idaegu.com,https://www.idaegu.com/news/articleView.html?idxno=655781,요약,규칙기반 자동분류(제목·요약 낱말 대조)
2026-01-20,금정산,부산·경남,행정,지정·구역,‘온천도시’ 지정 노리는 동래구… 금정산국립공원 연계 활성화 방안 ...,busan.com,https://www.busan.com/view/busan/view.php?code=2026011915194471835,제목,규칙기반 자동분류(제목·요약 낱말 대조)
2026-01-19,오대산,강원,행정,인사·조직,"주대영 국립공원공단이사장, 오대산국립공원 안전관리 현장 점검",kwnews.co.kr,https://www.kwnews.co.kr/page/view/2026011614320800067,제목,규칙기반 자동분류(제목·요약 낱말 대조)
2026-01-18,월출산,전남,행정,지정·구역,"우승희 영암군수, 출판기념회서 대전환 선언…""K-문화 원류는 영암""",view.asiae.co.kr,https://view.asiae.co.kr/article/2026011721491346218,요약,규칙기반 자동분류(제목·요약 낱말 대조)
2026-01-18,무등산,광주·전남,행정,예산·재정,TK통합 논의 급물살… TK통합특별시장 선거 치르나,hidomin.com,http://www.hidomin.com/news/articleView.html?idxno=605507,요약,규칙기반 자동분류(제목·요약 낱말 대조)
2026-01-18,무등산,광주·전남,행정,지정·구역,"주호영 “대구·경북 행정통합, 이번에 놓치면 끝⋯6월 통합 단체장 선...",kbmaeil.com,https://www.kbmaeil.com/article/20260118500442,요약,규칙기반 자동분류(제목·요약 낱말 대조)
2026-01-18,무등산,광주·전남,행정,예산·재정,"국힘 ‘6선’ 주호영, “대구·경북 행정통합, 더 이상 지체해선 안돼”",segye.com,https://www.segye.com/newsView/20260118503869?OutUrl=naver,요약,규칙기반 자동분류(제목·요약 낱말 대조)
2026-01-18,금정산,부산·경남,행정,지정·구역,"""금정산 터줏대감 찾습니다""…국립공원 승격 앞두고 '깃대종' 선정",news.tvchosun.com,https://news.tvchosun.com/site/data/html_dir/2026/01/18/2026011890151.html,제목,규칙기반 자동분류(제목·요약 낱말 대조)
2026-01-18,금정산,부산·경남,행정,지정·구역,"국립공원공단, 금정산국립공원 관리용역 착수",busanmbc.co.kr,https://busanmbc.co.kr/01_new/new01_view.asp?idx=281974,제목,규칙기반 자동분류(제목·요약 낱말 대조)
2026-01-17,한라산,제주,행정,인사·조직,[인사] 제주도,econonews.co.kr,http://www.econonews.co.kr/news/articleView.html?idxno=423382,요약,규칙기반 자동분류(제목·요약 낱말 대조)
2026-01-17,월악산,충북·경북,행정,지정·구역,"오늘 일출·일몰시간, ""18일(일) 전국 해돋이 명소, 해 뜨는 시간과 해 ...",lecturernews.com,https://www.lecturernews.com/news/articleView.html?idxno=194889,요약,규칙기반 자동분류(제목·요약 낱말 대조)
2026-01-17,무등산,광주·전남,행정,예산·재정,"주호영 “TK 통합, 지체해선 안돼…지금이 마지막 골든타임”",yeongnam.com,https://www.yeongnam.com/web/view.php?key=20260117029021047,요약,규칙기반 자동분류(제목·요약 낱말 대조)
2026-01-17,무등산,광주·전남,행정,예산·재정,"주호영 ""대구·경북 행정통합, 지금이 마지막 골든타임""",kyongbuk.co.kr,https://www.kyongbuk.co.kr/news/articleView.html?idxno=4061982,요약,규칙기반 자동분류(제목·요약 낱말 대조)
2026-01-17,무등산,광주·전남,행정,예산·재정,"주호영 “대구·경북 행정통합, 이번이 마지막 기회…골든타임 놓치면 ...",news2day.co.kr,https://www.news2day.co.kr/article/20260117500026,요약,규칙기반 자동분류(제목·요약 낱말 대조)
2026-01-16,오대산,강원,행정,인사·조직,"주대영 국립공원공단 이사장, 오대산 제설·안전관리 점검",idsn.co.kr,https://idsn.co.kr/news/view/1065596695347177,제목,규칙기반 자동분류(제목·요약 낱말 대조)
2026-01-16,오대산,강원,행정,인사·조직,"주대영 국립공원공단 이사장, 오대산공원 진입도로 점검",newsis.com,https://www.newsis.com/view/NISX20260116_0003479907,제목,규칙기반 자동분류(제목·요약 낱말 대조)
2026-01-16,오대산,강원,행정,인사·조직,"주대영 국립공원공단 이사장 오대산국립공원 방문, 진입도로 제설·안전...",kado.net,https://www.kado.net/news/articleView.html?idxno=2028633,제목,규칙기반 자동분류(제목·요약 낱말 대조)
2026-01-15,설악산,강원,행정,지정·구역,설악 대청봉 눈 녹여 떡국 끓여 먹었다 [산악인의 밥상 50년 전 산요리],san.chosun.com,http://san.chosun.com/news/articleView.html?idxno=25414,요약,규칙기반 자동분류(제목·요약 낱말 대조)
2026-01-15,한라산,제주,행정,인사·조직,"[인사] 제주도, 중앙그룹, 제주도의회",businesspost.co.kr,https://www.businesspost.co.kr/BP?command=article_view&num=426998,요약,규칙기반 자동분류(제목·요약 낱말 대조)
2026-01-15,한라산,제주,행정,인사·조직,[오늘의 인사 : 1월 15일] KBS·주간한국·iM증권·국토교통부·LG글로벌...,news2day.co.kr,https://www.news2day.co.kr/article/20260115500310,요약,규칙기반 자동분류(제목·요약 낱말 대조)
2026-01-15,한라산,제주,행정,인사·조직,[인사] 제주도청,public25.com,https://www.public25.com/news/articleView.html?idxno=37427,요약,규칙기반 자동분류(제목·요약 낱말 대조)
2026-01-15,한라산,제주,행정,인사·조직,제주도 민선 8기 마지막 인사...의회처장 조상범.안전실장 양제윤,headlinejeju.co.kr,http://www.headlinejeju.co.kr/news/articleView.html?idxno=585149,요약,규칙기반 자동분류(제목·요약 낱말 대조)
2026-01-15,팔공산,대구·경북,행정,지정·구역,오랜 교통난·미완의 공항 후적지…대구 동구 민심의 분기점,yna.co.kr,https://www.yna.co.kr/view/AKR20260114112700053?input=1195m,요약,규칙기반 자동분류(제목·요약 낱말 대조)
2026-01-15,금정산,부산·경남,행정,인사·조직,[위클리오늘] 부산 주요일정 1월 15일 (목요일),weeklytoday.com,http://www.weeklytoday.com/news/articleView.html?idxno=752199,요약,규칙기반 자동분류(제목·요약 낱말 대조)
2026-01-15,금정산,부산·경남,행정,인사·조직,[오늘의 주요일정]부산(1월15일 목요일),newsis.com,https://www.newsis.com/view/NISX20260112_0003474144,요약,규칙기반 자동분류(제목·요약 낱말 대조)
2026-01-14,경주,경북 경주,행정,법령·제도,"진우 스님 ""AI시대, '마음 문명 불교' 토대 만들 것""",hyunbulnews.com,https://www.hyunbulnews.com/news/articleView.html?idxno=501661,요약,규칙기반 자동분류(제목·요약 낱말 대조)
2026-01-14,오대산,강원,행정,인사·조직,국립조선왕조실록박물관 디지털 외사고 건립부지 살펴보는 허민 국가유...,news1.kr,https://www.news1.kr/photos/7698142,요약,규칙기반 자동분류(제목·요약 낱말 대조)
2026-01-14,오대산,강원,행정,인사·조직,"허민 국가유산청장, 국립조선왕조실록박물관 디지털 외사고 건립 부지 ...",newsis.com,https://www.newsis.com/view/NISI20260114_0021126996,요약,규칙기반 자동분류(제목·요약 낱말 대조)
2026-01-14,무등산,광주·전남,행정,지정·구역,풍암호 품은 광주 중앙공원 ‘1호 국가도시공원’ 꿈 잡는다,seoul.co.kr,https://www.seoul.co.kr/news/publicnews/local_govern/news_local/2026/01/14/20260114029001?wlog_tag3=naver,요약,규칙기반 자동분류(제목·요약 낱말 대조)
2026-01-14,금정산,부산·경남,행정,지정·구역,"김성환 기후 장관, 공기관 역할론…“집중 재검토” 강조",mediapen.com,https://www.mediapen.com/news/view/1074207,요약,규칙기반 자동분류(제목·요약 낱말 대조)
2026-01-14,금정산,부산·경남,행정,법령·제도,"김성환 기후장관 ""환경정책 실현하는 공공기관 역할 중요""",electimes.com,https://www.electimes.com/news/articleView.html?idxno=364073,요약,규칙기반 자동분류(제목·요약 낱말 대조)
2026-01-14,금정산,부산·경남,행정,지정·구역,“신령님이 벌 줘” 명산 점령한 무속인들,ichannela.com,https://www.ichannela.com/news/main/news_detailPage.do?publishId=000000509840,요약,규칙기반 자동분류(제목·요약 낱말 대조)
2026-01-13,지리산,전남·전북·경남,행정,지정·구역,"[경남신문·경상남도기록원 공동기획- 기록으로 보는 경남] (13) 경남, 산...",knnews.co.kr,https://www.knnews.co.kr/news/articleView.php?idxno=1479547,요약,규칙기반 자동분류(제목·요약 낱말 대조)
2026-01-13,팔공산,대구·경북,행정,지정·구역,[어떻게 생각하십니까] 팔공산 해제지 90% ‘보전녹지’ 지정…주민들 ...,yeongnam.com,https://www.yeongnam.com/web/view.php?key=20260113027280276,제목,규칙기반 자동분류(제목·요약 낱말 대조)
2026-01-13,금정산,부산·경남,행정,지정·구역,[현장 카메라]“신령님이 벌 준다”…명산 점령한 무속인들,ichannela.com,https://www.ichannela.com/news/main/news_detailPage.do?publishId=000000509734,요약,규칙기반 자동분류(제목·요약 낱말 대조)
2026-01-13,금정산,부산·경남,행정,지정·구역,"[여행한컷] 롯데렌터카, 車 법정검사 대행 서비스 개시 外",news.dealsitetv.com,https://news.dealsitetv.com/articles/163931,요약,규칙기반 자동분류(제목·요약 낱말 대조)
2026-01-13,금정산,부산·경남,행정,지정·구역,"김태식 북구의원 “금정산 국립공원, 북구가 중심돼야”… 힐링숲·어린...",sports.donga.com,https://sports.donga.com/region/article/all/20260113/133143225/1,제목,규칙기반 자동분류(제목·요약 낱말 대조)
2026-01-12,월출산,전남,행정,기타,[여기는 전남] “광주·전남 행정통합 시도민과 소통 강화해야” 외,news.kbs.co.kr,https://news.kbs.co.kr/news/pc/view/view.do?ncd=8456704&ref=A,요약,규칙기반 자동분류(제목·요약 낱말 대조)
2026-01-12,금정산,부산·경남,행정,지정·구역,"진에어, 에어부산·에어서울과 '안전 기원' 합동 등반 대회 진행",enewstoday.co.kr,http://www.enewstoday.co.kr/news/articleView.html?idxno=2380573,요약,규칙기반 자동분류(제목·요약 낱말 대조)
2026-01-12,금정산,부산·경남,행정,인사·조직,"진에어·에어부산·에어서울, 금정산서 합동 등반대회 개최",pinpointnews.co.kr,https://www.pinpointnews.co.kr/news/articleView.html?idxno=416613,제목,규칙기반 자동분류(제목·요약 낱말 대조)
2026-01-12,금정산,부산·경남,행정,지정·구역,"""금정산 국립공원 분소유치 부산 북구가 적극 나서라""",moneys.co.kr,https://www.moneys.co.kr/article/2026011216000631737,제목,규칙기반 자동분류(제목·요약 낱말 대조)
2026-01-12,금정산,부산·경남,행정,인사·조직,진에어·에어부산·에어서울 임직원 안전 운항 기원 합동 등반 대회 진...,autodaily.co.kr,https://www.autodaily.co.kr/news/articleView.html?idxno=540679,요약,규칙기반 자동분류(제목·요약 낱말 대조)
2026-01-12,금정산,부산·경남,행정,지정·구역,"김태식 구의원 “금정산 국립공원, 북구가 중심”",thepowernews.co.kr,https://www.thepowernews.co.kr/view.php?ud=202601121557514680433530906c_7,제목,규칙기반 자동분류(제목·요약 낱말 대조)
2026-01-12,금정산,부산·경남,행정,지정·구역,"에어프레미아, '프로미스' 아시아노선 판매 오픈…티웨이항공, A330 경력...",sisaon.co.kr,http://www.sisaon.co.kr/news/articleView.html?idxno=179425,요약,규칙기반 자동분류(제목·요약 낱말 대조)
2026-01-12,금정산,부산·경남,행정,지정·구역,"진에어(LJ), 에어부산·에어서울과 '안전 기원' 합동 등반 대회 진행",discoverynews.kr,https://www.discoverynews.kr/news/articleView.html?idxno=1082589,요약,규칙기반 자동분류(제목·요약 낱말 대조)
2026-01-12,금정산,부산·경남,행정,지정·구역,"진에어, 에어부산·에어서울과 '안전 기원' 합동 등반 대회",m-i.kr,http://www.m-i.kr/news/articleView.html?idxno=1324439,요약,규칙기반 자동분류(제목·요약 낱말 대조)
2026-01-12,금정산,부산·경남,행정,지정·구역,"진에어·에어부산·에어서울, '안전 기원' 합동 등반",ebn.co.kr,https://www.ebn.co.kr/news/articleView.html?idxno=1694796,요약,규칙기반 자동분류(제목·요약 낱말 대조)
2026-01-12,금정산,부산·경남,행정,지정·구역,[M 항공 News]에어프레미아·티웨이항공·진에어·제주항공,metroseoul.co.kr,http://www.metroseoul.co.kr/article/20260112500283,요약,규칙기반 자동분류(제목·요약 낱말 대조)
2026-01-12,금정산,부산·경남,행정,인사·조직,진에어·에어부산 임직원 금정산 합동 등반,busan.com,https://www.busan.com/view/busan/view.php?code=2026011210542844250,제목,규칙기반 자동분류(제목·요약 낱말 대조)
2026-01-12,금정산,부산·경남,행정,지정·구역,"진에어·에어부산·에어서울, '안전 기원' 합동 등반 대회 실시",lcnews.co.kr,https://www.lcnews.co.kr/news/articleView.html?idxno=121026,요약,규칙기반 자동분류(제목·요약 낱말 대조)
2026-01-12,금정산,부산·경남,행정,지정·구역,"진에어·에어부산·에어서울, 금정산 합동 등반…‘원팀’ 통합 행보",mediapen.com,https://www.mediapen.com/news/view/1073375,제목,규칙기반 자동분류(제목·요약 낱말 대조)
2026-01-12,금정산,부산·경남,행정,지정·구역,"진에어·에어부산·에어서울 원팀의 금정산 동행 ""안전 운항 기원""",ppss.kr,https://www.ppss.kr/news/articleView.html?idxno=282135,제목,규칙기반 자동분류(제목·요약 낱말 대조)
2026-01-12,금정산,부산·경남,행정,인사·조직,"진에어·에어부산·에어서울, 금정산서 '안전 운항 기원' 합동 등반",onews.tv,https://www.onews.tv/news/articleView.html?idxno=270573,제목,규칙기반 자동분류(제목·요약 낱말 대조)
2026-01-12,금정산,부산·경남,행정,인사·조직,"진에어·에어부산·에어서울, 등반으로 뭉쳤다",fnnews.com,http://www.fnnews.com/news/202601120910277905,요약,규칙기반 자동분류(제목·요약 낱말 대조)
2026-01-12,금정산,부산·경남,행정,인사·조직,진에어·에어부산·에어서울 임직원 금정산 합동 등반,inews24.com,http://www.inews24.com/view/1926576,제목,규칙기반 자동분류(제목·요약 낱말 대조)
2026-01-08,지리산,전남·전북·경남,행정,협약·협력,"화엄사, 신년하례·화엄법회 봉행… 새해 힘찬 출발",namdonews.com,http://www.namdonews.com/news/articleView.html?idxno=844780,요약,규칙기반 자동분류(제목·요약 낱말 대조)
2026-01-08,지리산,전남·전북·경남,행정,협약·협력,"제19교구본사 화엄사, 신년하례 및 화엄법회 봉행",ibulgyo.com,http://www.ibulgyo.com/news/articleView.html?idxno=434460,요약,규칙기반 자동분류(제목·요약 낱말 대조)
2026-01-08,금정산,부산·경남,행정,지정·구역,"[파워토크] ‘부산의 진산’ 금정산, 20년 염원 끝 국립공원 지정…‘도...",news.knn.co.kr,https://news.knn.co.kr/news/article_sns/737,제목,규칙기반 자동분류(제목·요약 낱말 대조)
2026-01-08,속리산,충북·경북,행정,인사·조직,[새인물] 김철도 속리산국립공원사무소장,dynews.co.kr,http://www.dynews.co.kr/news/articleView.html?idxno=834226,제목,규칙기반 자동분류(제목·요약 낱말 대조)
2026-01-07,지리산,전남·전북·경남,행정,협약·협력,"지리산 화엄사, 신년하례·화엄법회 봉행…선재불교대학 졸업식도",beopbo.com,https://www.beopbo.com/news/articleView.html?idxno=333347,제목,규칙기반 자동분류(제목·요약 낱말 대조)
2026-01-06,한려해상,경남·전남,행정,지정·구역,"남해 가볼 만한 곳, 겨울 바다 풍경과 짜릿한 경험",joongangenews.com,https://www.joongangenews.com/news/articleView.html?idxno=483088,요약,규칙기반 자동분류(제목·요약 낱말 대조)
2026-01-06,다도해해상,전남,행정,인사·조직,"'다도해해상국립공원 환경관리 인력'…국립공원공단, 전남서 기간제 2명...",public25.com,https://www.public25.com/news/articleView.html?idxno=36090,제목,규칙기반 자동분류(제목·요약 낱말 대조)
2026-01-06,치악산,강원 원주,행정,기타,"'치악산 국립공원지킴이 12명 선발'…국립공원공단, 2026년도 기간제 채...",public25.com,https://www.public25.com/news/articleView.html?idxno=36230,제목,규칙기반 자동분류(제목·요약 낱말 대조)
2026-01-06,월출산,전남,행정,기타,'월출산 국립공원지킴이 8명 뽑는다'…학력·나이 제한 없이 신입·경력...,public25.com,https://www.public25.com/news/articleView.html?idxno=36223,제목,규칙기반 자동분류(제목·요약 낱말 대조)
2026-01-06,무등산,광주·전남,행정,지정·구역,1000원씩 모아… 무등산 57만㎡ 지켰다,donga.com,https://www.donga.com/news/Society/article/all/20260105/133096859/2,제목,규칙기반 자동분류(제목·요약 낱말 대조)
2026-01-06,팔공산,대구·경북,행정,인사·조직,[AI로 분석한 대구 동구청장 일꾼] 13명 후보 치열한 경쟁 예고,yeongnam.com,https://www.yeongnam.com/web/view.php?key=20260106029378846,요약,규칙기반 자동분류(제목·요약 낱말 대조)
2026-01-05,한라산,제주,행정,지정·구역,[사설] 문제투성이 어리목계곡 국가유산 지정,jemin.com,https://www.jemin.com/news/articleView.html?idxno=831927,요약,규칙기반 자동분류(제목·요약 낱말 대조)
2026-01-05,북한산,서울·경기,행정,인사·조직,"'북한산 녹색순찰대 20명 모집'…국립공원공단, 학력·전공·나이 제한 ...",public25.com,https://www.public25.com/news/articleView.html?idxno=35823,제목,규칙기반 자동분류(제목·요약 낱말 대조)
2026-01-05,무등산,광주·전남,행정,지정·구역,무등산 공유화운동 35년…시민 5만여명 참여 성과,donga.com,https://www.donga.com/news/Society/article/all/20260105/133092591/1,제목,규칙기반 자동분류(제목·요약 낱말 대조)
2026-01-05,금정산,부산·경남,행정,지정·구역,"부산시, 병오년 시무식 개최… '글로벌 허브도시 도약' 강조",wikitree.co.kr,https://www.wikitree.co.kr/articles/1107579,요약,규칙기반 자동분류(제목·요약 낱말 대조)
2026-01-04,팔공산,대구·경북,행정,인사·조직,설정욱 팔공산국립공원동부사무소장,idaegu.co.kr,https://www.idaegu.co.kr/news/articleView.html?idxno=534734,제목,규칙기반 자동분류(제목·요약 낱말 대조)
2026-01-04,금정산,부산·경남,행정,지정·구역,"박형준 ""민주당, 거짓프레임으로 표 구걸""",nocutnews.co.kr,https://www.nocutnews.co.kr/news/6451229?utm_source=naver&utm_medium=article&utm_campaign=20260104080827,요약,규칙기반 자동분류(제목·요약 낱말 대조)
2026-01-03,무등산,광주·전남,행정,지정·구역,"위기의 놀이터-3〉""민간에만?"" 행정 한계 넘는 '공공화 실험' 부상",jnilbo.com,https://www.jnilbo.com/news/articleView.html?idxno=90000017870,요약,규칙기반 자동분류(제목·요약 낱말 대조)
2026-01-03,금정산,부산·경남,행정,지정·구역,[부산시] 병오년 시무식 개최…‘글로벌 허브도시 도약’ 강조 외,ilyo.co.kr,https://ilyo.co.kr/?ac=article_view&entry_id=505764,요약,규칙기반 자동분류(제목·요약 낱말 대조)
2026-01-02,지리산,전남·전북·경남,행정,협약·협력,"구례군, 관광객 배려한 조치... 화엄사 주차장 '0원 시대' 돌입",siminsori.com,http://www.siminsori.com/news/articleView.html?idxno=308119,요약,규칙기반 자동분류(제목·요약 낱말 대조)
2026-01-02,팔공산,대구·경북,행정,인사·조직,"'팔공산 국립공원지킴이 모집'…국립공원공단, 비정규직 13명 선발",public25.com,https://www.public25.com/news/articleView.html?idxno=35790,제목,규칙기반 자동분류(제목·요약 낱말 대조)
2026-01-02,금정산,부산·경남,행정,지정·구역,"부산시, 2026년 시무식 '글로벌 허브도시 도약' 강조",businesskorea.co.kr,https://www.businesskorea.co.kr/news/articleView.html?idxno=260102,요약,규칙기반 자동분류(제목·요약 낱말 대조)
2026-01-02,금정산,부산·경남,행정,협약·협력,"부산시, 2026년 시무식 개최…“다시 태어나도 살고 싶은 부산 완성할 것...",cnbnews.com,https://www.cnbnews.com/news/article.html?no=770940,요약,규칙기반 자동분류(제목·요약 낱말 대조)
2026-01-02,금정산,부산·경남,행정,지정·구역,"박형준 부산시장 ""붉은 말의 해, 부산이 주도적으로 미래 설계해야""",thepublic.kr,https://www.thepublic.kr/news/articleView.html?idxno=289384,요약,규칙기반 자동분류(제목·요약 낱말 대조)
2026-01-02,금정산,부산·경남,행정,지정·구역,"부산시, 병오년 시무식 갖고 업무 시작",gukjenews.com,https://www.gukjenews.com/news/articleView.html?idxno=3472026,요약,규칙기반 자동분류(제목·요약 낱말 대조)
2026-01-02,금정산,부산·경남,행정,지정·구역,"부산시, 병오년 시무식∙∙∙'글로벌 허브도시 도약' 강조",newsfreezone.co.kr,https://www.newsfreezone.co.kr/news/articleView.html?idxno=667291,요약,규칙기반 자동분류(제목·요약 낱말 대조)
2026-01-02,금정산,부산·경남,행정,지정·구역,"박형준 부산시장 ""다시 태어나도 살고 싶은 부산 완성할 것""",hansbiz.co.kr,http://www.hansbiz.co.kr/news/articleView.html?idxno=805364,요약,규칙기반 자동분류(제목·요약 낱말 대조)
2026-01-01,월악산,충북·경북,행정,인사·조직,"김한수 월악산국립공원 소장 부임…""현장 중심 공원관리 강화""",newspim.com,https://www.newspim.com/news/view/20260101000077,제목,규칙기반 자동분류(제목·요약 낱말 대조)
2026-01-01,월출산,전남,행정,기타,우승희 영암군수 “주민의 삶이 기준이 되는 ‘영암형 행정’으로 승부...,dailian.co.kr,https://www.dailian.co.kr/news/view/1592890/?sc=Naver,요약,규칙기반 자동분류(제목·요약 낱말 대조)
2026-01-01,금정산,부산·경남,행정,지정·구역,"""붉은 말처럼 힘차게 달리는 한 해 되길"" 부산 주요 기관장 신년사",nocutnews.co.kr,https://www.nocutnews.co.kr/news/6449607?utm_source=naver&utm_medium=article&utm_campaign=20260101050015,요약,규칙기반 자동분류(제목·요약 낱말 대조)
2026-01-01,금정산,부산·경남,행정,지정·구역,‘희망 가득하길’ 부산 곳곳 새해맞이 행사 열려,busan.com,https://www.busan.com/view/busan/view.php?code=2025123119041237712,요약,규칙기반 자동분류(제목·요약 낱말 대조)
2025-12-31,계룡산,대전·충남,행정,지정·구역,"공주 일출 감상 포인트, 산과 저수지 따라 새벽 걷기",joongangenews.com,https://www.joongangenews.com/news/articleView.html?idxno=481836,요약,규칙기반 자동분류(제목·요약 낱말 대조)
2025-12-31,설악산,강원,행정,인사·조직,[새얼굴]노윤경 설악산국립공원사무소장,kwnews.co.kr,https://www.kwnews.co.kr/page/view/2025122917180294262,제목,규칙기반 자동분류(제목·요약 낱말 대조)
2025-12-31,오대산,강원,행정,인사·조직,[새의자] 김태 오대산국립공원사무소장,kado.net,https://www.kado.net/news/articleView.html?idxno=2025680,제목,규칙기반 자동분류(제목·요약 낱말 대조)
2025-12-31,태안해안,충남 태안,행정,인사·조직,"태안해안국립공원사무소, 한창준 소장 취임",chungnamilbo.co.kr,http://www.chungnamilbo.co.kr/news/articleView.html?idxno=866900,제목,규칙기반 자동분류(제목·요약 낱말 대조)
2025-12-31,태안해안,충남 태안,행정,인사·조직,"한창준 태안해안국립공원사무소장 취임…""안전하고 품격있는 탐방환경...",asiatoday.co.kr,https://www.asiatoday.co.kr/view.php?key=20251231010015874,제목,규칙기반 자동분류(제목·요약 낱말 대조)
2025-12-31,소백산,충북·경북,행정,인사·조직,정정권 신임 소백산국립공원 소장 내달 1일 부임,news.tf.co.kr,https://news.tf.co.kr/read/national/2277811.htm,제목,규칙기반 자동분류(제목·요약 낱말 대조)
2025-12-31,소백산,충북·경북,행정,인사·조직,"정정권 소백산국립공원사무소장 취임…""생태계 환경 최선""",newsis.com,https://www.newsis.com/view/NISX20251231_0003460726,제목,규칙기반 자동분류(제목·요약 낱말 대조)
2025-12-31,월출산,전남,행정,인사·조직,남태한 월출산국립공원사무소장 취임,jndn.com,http://www.jndn.com/article.php?aid=1767174942424603011,제목,규칙기반 자동분류(제목·요약 낱말 대조)
2025-12-31,금정산,부산·경남,행정,지정·구역,"939일의 외침, ‘금정산 지킴이’ 1인 시위 내려놓다",busan.com,https://www.busan.com/view/busan/view.php?code=2025123117591509626,제목,규칙기반 자동분류(제목·요약 낱말 대조)
2025-12-30,지리산,전남·전북·경남,행정,인사·조직,[인사] 국립공원관리공단,enewstoday.co.kr,http://www.enewstoday.co.kr/news/articleView.html?idxno=2375417,요약,규칙기반 자동분류(제목·요약 낱말 대조)
2025-12-30,지리산,전남·전북·경남,행정,인사·조직,[인사] 농림축산식품부 외,chosun.com,https://www.chosun.com/national/obituary-personnel/2025/12/30/UER6WLMCSVFF7LSUKQFVHMQDSA/?utm_source=naver&utm_medium=referral&utm_campaign=naver-news,요약,규칙기반 자동분류(제목·요약 낱말 대조)
2025-12-30,설악산,강원,행정,인사·조직,국립공원공단 북부지역본부장에 강동익,kado.net,https://www.kado.net/news/articleView.html?idxno=2025443,요약,규칙기반 자동분류(제목·요약 낱말 대조)
2025-12-30,월악산,충북·경북,행정,인사·조직,월악산국립공원사무소 새 수장에 김한수 소장 부임,kyongbuk.co.kr,https://www.kyongbuk.co.kr/news/articleView.html?idxno=4060715,제목,규칙기반 자동분류(제목·요약 낱말 대조)
2025-12-30,월악산,충북·경북,행정,인사·조직,"월악산국립공원사무소, 김한수 신임 소장 부임",inews365.com,https://www.inews365.com/news/article.html?no=900944,제목,규칙기반 자동분류(제목·요약 낱말 대조)
2025-12-30,오대산,강원,행정,인사·조직,오대산국립공원사무소 김태 소장 부임,newsis.com,https://www.newsis.com/view/NISX20251230_0003459699,제목,규칙기반 자동분류(제목·요약 낱말 대조)
2025-12-30,오대산,강원,행정,인사·조직,[새얼굴]김태 오대산국립공원사무소장,kwnews.co.kr,https://www.kwnews.co.kr/page/view/2025122917353047305,제목,규칙기반 자동분류(제목·요약 낱말 대조)
2025-12-30,팔공산,대구·경북,행정,인사·조직,팔공산국립공원 동부사무소장에 설정욱 신임 소장 부임,news.bbsi.co.kr,https://news.bbsi.co.kr/news/articleView.html?idxno=4060126,제목,규칙기반 자동분류(제목·요약 낱말 대조)
2025-12-30,다도해해상,전남,행정,지정·구역,"완도 가볼 만한 곳, 겨울 바다가 선사하는 고요한 풍경",stardailynews.co.kr,https://www.stardailynews.co.kr/news/articleView.html?idxno=516732,요약,규칙기반 자동분류(제목·요약 낱말 대조)
2025-12-30,무등산,광주·전남,행정,기타,"무등산국립공원사무소, 국민참여 정책제안 공모전 종료",mt.co.kr,https://www.mt.co.kr/policy/2025/12/30/2025123010134918821,제목,규칙기반 자동분류(제목·요약 낱말 대조)
2025-12-30,(전체·공통),전국·공통,행정,기타,"국립공원공단, 해맞이 안전관리 비상…전국 57곳 일출 명소 관리 강화",thebk.co.kr,https://www.thebk.co.kr/news/articleView.html?idxno=305777,해당없음,규칙기반 자동분류(제목·요약 낱말 대조)
2025-12-29,지리산,전남·전북·경남,행정,인사·조직,[12월29일 인사종합] 국무조정실·국무총리비서실 외,dt.co.kr,https://www.dt.co.kr/article/12037824?ref=naver,요약,규칙기반 자동분류(제목·요약 낱말 대조)
2025-12-29,지리산,전남·전북·경남,행정,인사·조직,[인사] 통일부 外,kmib.co.kr,https://www.kmib.co.kr/article/view.asp?arcid=1766994990&code=11111100&cp=nv,요약,규칙기반 자동분류(제목·요약 낱말 대조)
2025-12-29,지리산,전남·전북·경남,행정,인사·조직,[인사] 국무조정실·국무총리비서실 외,hankookilbo.com,https://www.hankookilbo.com/News/Read/A2025122917060001005?did=NA,요약,규칙기반 자동분류(제목·요약 낱말 대조)
2025-12-29,지리산,전남·전북·경남,행정,인사·조직,"[인사] 국립공원관리공단, 한국교육과정평가원, 인천시선거관리위원회",businesspost.co.kr,https://www.businesspost.co.kr/BP?command=article_view&num=425190,요약,규칙기반 자동분류(제목·요약 낱말 대조)
2025-12-29,지리산,전남·전북·경남,행정,인사·조직,오늘의 인사 종합,edaily.co.kr,http://www.edaily.co.kr/news/newspath.asp?newsid=03988486642403440,요약,규칙기반 자동분류(제목·요약 낱말 대조)
2025-12-29,지리산,전남·전북·경남,행정,인사·조직,[국립공원관리공단 人事] 서영교 중부지역본부장 外,biz.newdaily.co.kr,https://biz.newdaily.co.kr/site/data/html/2025/12/29/2025122900169.html,요약,규칙기반 자동분류(제목·요약 낱말 대조)
2025-12-29,지리산,전남·전북·경남,행정,인사·조직,"오늘의 인사-국무조정실, 통일부, 기후에너지환경부, 국립공원관리공단...",khan.co.kr,https://www.khan.co.kr/article/202512291501001,요약,규칙기반 자동분류(제목·요약 낱말 대조)
2025-12-29,금정산,부산·경남,행정,지정·구역,[다시 보는 2025년 부산] ② 금정산 국립공원 지정,news.lghellovision.net,http://news.lghellovision.net/news/articleView.html?idxno=529408,제목,규칙기반 자동분류(제목·요약 낱말 대조)
2025-12-29,설악산,강원,행정,인사·조직,국립공원관리공단 강동익 북부지역본부장 임명,kwnews.co.kr,https://www.kwnews.co.kr/page/view/2025122920105867671,요약,규칙기반 자동분류(제목·요약 낱말 대조)
2025-12-29,설악산,강원,행정,인사·조직,국립공원공단 강동익 북부지역본부장 발령,kado.net,https://www.kado.net/news/articleView.html?idxno=2025335,요약,규칙기반 자동분류(제목·요약 낱말 대조)
2025-12-29,치악산,강원 원주,행정,지정·구역,"원주 가볼 만한 곳, 겨울 숲의 정취와 미식의 향연",e-science.co.kr,https://www.e-science.co.kr/news/articleView.html?idxno=120460,요약,규칙기반 자동분류(제목·요약 낱말 대조)
2025-12-29,금정산,부산·경남,행정,지정·구역,부산 서부산권 복합산업단지 GB 해제 고시…8년 숙원 풀렸다,cnbnews.com,https://www.cnbnews.com/news/article.html?no=770104,요약,규칙기반 자동분류(제목·요약 낱말 대조)
2025-12-28,지리산,전남·전북·경남,행정,지정·구역,[역사속 오늘·12.29] 축구황제 펠레 별세(2022)·지리산 첫 국립공원 지...,kor.theasian.asia,http://kor.theasian.asia/archives/392919,제목,규칙기반 자동분류(제목·요약 낱말 대조)
2025-12-28,변산반도,전북 부안,행정,지정·구역,"마산항, 남해권 새 크루즈 거점으로 뜬다",knnews.co.kr,https://www.knnews.co.kr/news/articleView.php?idxno=1478327,요약,규칙기반 자동분류(제목·요약 낱말 대조)
2025-12-28,변산반도,전북 부안,행정,지정·구역,새만금신항·마산항에 크루즈 기항한다,viva100.com,https://www.viva100.com/article/20251228500471,요약,규칙기반 자동분류(제목·요약 낱말 대조)
2025-12-27,태백산,강원·경북,행정,의회·국정감사,"임종득 의원, 국정감사 ‘국리민복상’ 2년 연속 수상…청송·영양·군위...",ekn.kr,https://www.ekn.kr/web/view.php?key=20251227022152310,요약,규칙기반 자동분류(제목·요약 낱말 대조)
2025-12-26,계룡산,대전·충남,행정,지정·구역,"QR코드로 '척'…""여긴 멧돼지 위험 지역"" AI가 알려준다",news.sbs.co.kr,https://news.sbs.co.kr/news/endPage.do?news_id=N1008382126&plink=ORI&cooper=NAVER,요약,규칙기반 자동분류(제목·요약 낱말 대조)
2025-12-26,계룡산,대전·충남,행정,지정·구역,"""여기가 멧돼지 위험 지역""…AI가 알려준다",news.sbs.co.kr,https://news.sbs.co.kr/news/endPage.do?news_id=N1008382023&plink=ORI&cooper=NAVER,요약,규칙기반 자동분류(제목·요약 낱말 대조)
2025-12-24,금정산,부산·경남,행정,지정·구역,출범 앞둔 금정산국립공원 '부산·양산 공동자산' 명심해야,yangsanilbo.com,http://www.yangsanilbo.com/news/articleView.html?idxno=121741,제목,규칙기반 자동분류(제목·요약 낱말 대조)
2025-12-23,설악산,강원,행정,협약·협력,"국립공원공단, 한미연합사와 업무협약… 장병 생태관광 지원",s-journal.co.kr,https://www.s-journal.co.kr/news/articleView.html?idxno=37049,요약,규칙기반 자동분류(제목·요약 낱말 대조)
2025-12-23,한라산,제주,행정,기타,"제주도 공영관광지 평가, 서귀포감귤박물관 '최우수'",headlinejeju.co.kr,http://www.headlinejeju.co.kr/news/articleView.html?idxno=584017,요약,규칙기반 자동분류(제목·요약 낱말 대조)
2025-12-23,한라산,제주,행정,기타,제주 공영관광지 평가해보니... 서귀포감귤박물관 최우수,newsjeju.net,https://www.newsjeju.net/news/articleView.html?idxno=415129,요약,규칙기반 자동분류(제목·요약 낱말 대조)
2025-12-23,한라산,제주,행정,기타,"재주도 공영관광지 평가, 서귀포감귤박물관 최우수 선정",gukjenews.com,https://www.gukjenews.com/news/articleView.html?idxno=3464706,요약,규칙기반 자동분류(제목·요약 낱말 대조)
2025-12-23,다도해해상,전남,행정,지정·구역,"[르포: 신설 공항 8곳은 지금] 10년간 '계획중' 흑산공항, 짓자니 '위험...",ilyo.co.kr,https://ilyo.co.kr/?ac=article_view&entry_id=505206,요약,규칙기반 자동분류(제목·요약 낱말 대조)
2025-12-23,무등산,광주·전남,행정,인사·조직,"남구, 새해 첫날 월산근린공원서 해맞이 행사",namdonews.com,http://www.namdonews.com/news/articleView.html?idxno=843430,요약,규칙기반 자동분류(제목·요약 낱말 대조)
2025-12-23,금정산,부산·경남,행정,예산·재정,"박성훈 의원, 화명수목원 확장부지 활성화 모색",news.skbroadband.com,https://news.skbroadband.com/news/articleView.html?idxno=213834,요약,규칙기반 자동분류(제목·요약 낱말 대조)
2025-12-23,금정산,부산·경남,행정,인사·조직,"""단속이 아니라 설계다""…장준용 동래구청장, '위반을 만들지 않는 행정...",ikld.kr,http://www.ikld.kr/news/articleView.html?idxno=326738,요약,규칙기반 자동분류(제목·요약 낱말 대조)
2025-12-22,금정산,부산·경남,행정,인사·조직,"[부산 브리핑 모음(12월22일)] 부산항만공사, 교육기부 우수기관 재인증...",dnews.co.kr,https://www.dnews.co.kr/uhtml/view.jsp?idxno=202512212022548040644,요약,규칙기반 자동분류(제목·요약 낱말 대조)
2025-12-21,한려해상,경남·전남,행정,기타,"경남도-연안시군-유관기관, 해양쓰레기 저감 실무협의회 개최",gndomin.com,http://www.gndomin.com/news/articleView.html?idxno=459218,요약,규칙기반 자동분류(제목·요약 낱말 대조)
2025-12-21,무등산,광주·전남,행정,지정·구역,‘모두의 무등산’ 30년…12만여㎡ ‘공유화’ 기증,kwangju.co.kr,http://www.kwangju.co.kr/article.php?aid=1766315100793557006,제목,규칙기반 자동분류(제목·요약 낱말 대조)
2025-12-20,지리산,전남·전북·경남,행정,지정·구역,"오늘 일출·일몰시간, ""21일(일) 전국 해돋이 명소, 해 뜨는 시간과 해 ...",lecturernews.com,https://www.lecturernews.com/news/articleView.html?idxno=193028,요약,규칙기반 자동분류(제목·요약 낱말 대조)
2025-12-19,북한산,서울·경기,행정,인사·조직,"한국산지보전협회, 제2회 산림 ESG 우수사례 공모전 시상식 및 워크숍 개...",ekn.kr,https://www.ekn.kr/web/view.php?key=20251219020109835,요약,규칙기반 자동분류(제목·요약 낱말 대조)
2025-12-19,무등산,광주·전남,행정,협약·협력,"KIA 김도영 윤영철, 연고지 무등산 보호에 3년째 동참",joongangenews.com,https://www.joongangenews.com/news/articleView.html?idxno=477693,제목,규칙기반 자동분류(제목·요약 낱말 대조)
2025-12-19,팔공산,대구·경북,행정,지정·구역,"대구시, 군위군 편입따라 대구관광 로드맵 다시 짠다",asiatoday.co.kr,https://www.asiatoday.co.kr/view.php?key=20251219010010657,요약,규칙기반 자동분류(제목·요약 낱말 대조)
2025-12-18,지리산,전남·전북·경남,행정,협약·협력,"하동군, 지역·장애인 복지 성과 공유회 개최… 郡 최초",metroseoul.co.kr,http://www.metroseoul.co.kr/article/20251217500554,요약,규칙기반 자동분류(제목·요약 낱말 대조)
2025-12-18,북한산,서울·경기,행정,인사·조직,"산림청, '제2회 ESG 우수사례 공모전' 시상식 개최",imwood.co.kr,https://www.imwood.co.kr/news/articleView.html?idxno=40120,요약,규칙기반 자동분류(제목·요약 낱말 대조)
2025-12-18,북한산,서울·경기,행정,인사·조직,"한국산지보전협회·산림청, ‘제2회 산림 ESG 우수사례 공모전’ 시상식...",siminilbo.co.kr,https://www.siminilbo.co.kr/news/newsview.php?ncode=1160290408783770,요약,규칙기반 자동분류(제목·요약 낱말 대조)
2025-12-18,북한산,서울·경기,행정,인사·조직,"한국산지보전협회, 제2회 산림 ESG 우수사례 공모전 시상식·워크숍 개최",sentv.co.kr,https://www.sentv.co.kr/article/view/sentv202512180145,요약,규칙기반 자동분류(제목·요약 낱말 대조)
2025-12-18,북한산,서울·경기,행정,인사·조직,'제2회 산림 ESG 우수사례 공모전' 시상식 열려,amnews.co.kr,http://www.amnews.co.kr/news/articleView.html?idxno=70245,요약,규칙기반 자동분류(제목·요약 낱말 대조)
2025-12-18,북한산,서울·경기,행정,인사·조직,"국내 기업·공공기관, 산림경영 참여 확대…ESG 실천 성과 가시화",woodkorea.co.kr,https://www.woodkorea.co.kr/news/articleView.html?idxno=87631,요약,규칙기반 자동분류(제목·요약 낱말 대조)
2025-12-18,월출산,전남,행정,인사·조직,"최문작 이사장, '월출산 도갑사' 표지석 기증",news.bbsi.co.kr,https://news.bbsi.co.kr/news/articleView.html?idxno=4058854,제목,규칙기반 자동분류(제목·요약 낱말 대조)
2025-12-18,팔공산,대구·경북,행정,협약·협력,"팔공산국립공원 서부사무소, 겨울철 야생동물 밀렵·밀거래 특별단속",news.bbsi.co.kr,https://news.bbsi.co.kr/news/articleView.html?idxno=4058909,제목,규칙기반 자동분류(제목·요약 낱말 대조)
2025-12-17,지리산,전남·전북·경남,행정,협약·협력,하동군 지역사회보장협의체·장애인종합지원센터 공동 성과공유회 개최,gndomin.com,http://www.gndomin.com/news/articleView.html?idxno=458819,요약,규칙기반 자동분류(제목·요약 낱말 대조)
2025-12-17,지리산,전남·전북·경남,행정,협약·협력,"하동군, 복지·세정·산림·나눔까지…연말 민생 성과 잇따라",bzeronews.com,https://www.bzeronews.com/news/articleView.html?idxno=807190,요약,규칙기반 자동분류(제목·요약 낱말 대조)
2025-12-17,지리산,전남·전북·경남,행정,인사·조직,"구례군, 국립공원공단 지리산국립공원전남사무소 - 구례군에 쌀(10kg) 20...",paxetv.com,http://www.paxetv.com/news/articleView.html?idxno=255739,제목,규칙기반 자동분류(제목·요약 낱말 대조)
2025-12-17,지리산,전남·전북·경남,행정,협약·협력,"하동군, 민·관 협력으로 '연결되는 복지' 성과 공유",enewstoday.co.kr,http://www.enewstoday.co.kr/news/articleView.html?idxno=2370223,요약,규칙기반 자동분류(제목·요약 낱말 대조)
2025-12-17,지리산,전남·전북·경남,행정,협약·협력,하동군 지역사회보장협의체·장애인종합지원센터 공동 성과공유회 열어,newsgn.com,https://www.newsgn.com/news/articleView.html?idxno=523913,요약,규칙기반 자동분류(제목·요약 낱말 대조)
2025-12-17,지리산,전남·전북·경남,행정,협약·협력,"하동군 '장애인 자립, 지역 복지' 공동 성과공유회 열었다",newsis.com,https://www.newsis.com/view/NISX20251217_0003444325,요약,규칙기반 자동분류(제목·요약 낱말 대조)
2025-12-17,북한산,서울·경기,행정,인사·조직,"산림청, ESG 우수사례 5건 선정 시상",businesskorea.co.kr,https://www.businesskorea.co.kr/news/articleView.html?idxno=259091,요약,규칙기반 자동분류(제목·요약 낱말 대조)
2025-12-17,북한산,서울·경기,행정,인사·조직,제2회 산림 ESG 우수사례 공모전···23건 중 5건 최종 선정,paxetv.com,http://www.paxetv.com/news/articleView.html?idxno=255789,요약,규칙기반 자동분류(제목·요약 낱말 대조)
2025-12-17,북한산,서울·경기,행정,인사·조직,"산림청, 산림 환경·사회공헌·ESG 우수사례 시상식 개최",news1.kr,https://www.news1.kr/local/daejeon-chungnam/6012008,요약,규칙기반 자동분류(제목·요약 낱말 대조)
2025-12-17,태백산,강원·경북,행정,협약·협력,"2025 태백산배 바둑 오픈 토너먼트, 20일부터 사흘간 개최",kukinews.com,https://www.kukinews.com/article/view/kuk202512170144,제목,규칙기반 자동분류(제목·요약 낱말 대조)
2025-12-17,태백산,강원·경북,행정,협약·협력,"태백 고원도시에서 펼쳐지는 수담의 향연, 태백산배 바둑 오픈 토너먼트...",dailysportshankook.co.kr,https://www.dailysportshankook.co.kr/news/articleView.html?idxno=420691,제목,규칙기반 자동분류(제목·요약 낱말 대조)
2025-12-17,금정산,부산·경남,행정,법령·제도,"""2030년까지 온실가스 2억 톤 추가 감축""…기후부, '녹색대전환' 10대 목...",nocutnews.co.kr,https://www.nocutnews.co.kr/news/6444580?utm_source=naver&utm_medium=article&utm_campaign=20251217040104,요약,규칙기반 자동분류(제목·요약 낱말 대조)
2025-12-16,지리산,전남·전북·경남,행정,지정·구역,구례문화원 ‘구례 의정신 정립 포럼’ 성료,jndn.com,http://www.jndn.com/article.php?aid=1765874398423650107,요약,규칙기반 자동분류(제목·요약 낱말 대조)
2025-12-16,태안해안,충남 태안,행정,지정·구역,"태안해안국립공원 해제 후 더 강한 규제... ""47년 희생 후 이중 부담""",ohmynews.com,https://www.ohmynews.com/NWS_Web/View/at_pg.aspx?CNTN_CD=A0003191360&CMPT_CD=P0010&utm_source=naver&utm_medium=newsearch&utm_campaign=naver_news,제목,규칙기반 자동분류(제목·요약 낱말 대조)
2025-12-16,태백산,강원·경북,행정,협약·협력,'프로·아마 격돌' 2025 태백산배 바둑 오픈 토너먼트 오는 20일 개막,newsis.com,https://www.newsis.com/view/NISX20251216_0003442960,제목,규칙기반 자동분류(제목·요약 낱말 대조)
2025-12-16,태백산,강원·경북,행정,협약·협력,"프로&아마 기사 뒤섞이는 오픈 토너먼트… 2025 태백산배, 20일부터 사흘...",sportsworldi.com,https://www.sportsworldi.com/newsView/20251216512558,제목,규칙기반 자동분류(제목·요약 낱말 대조)
2025-12-15,지리산,전남·전북·경남,행정,인사·조직,지방선거 오세훈·김동연의 대항마로 누가 나올까,chosun.com,https://www.chosun.com/special/announcement/2025/12/15/U624UVOMXRHH7NNE7KYQEI2DSI/?utm_source=naver&utm_medium=referral&utm_campaign=naver-news,요약,규칙기반 자동분류(제목·요약 낱말 대조)
2025-12-15,오대산,강원,행정,연구·용역,강원 오대산서 미확인 절터 10곳 새로 확인,beopbo.com,https://www.beopbo.com/news/articleView.html?idxno=332975,제목,규칙기반 자동분류(제목·요약 낱말 대조)
2025-12-15,무등산,광주·전남,행정,협약·협력,"KIA, 3년째 ‘무등산 보호’ 앞장",kwangju.co.kr,http://www.kwangju.co.kr/article.php?aid=1765796400793328011,제목,규칙기반 자동분류(제목·요약 낱말 대조)
2025-12-15,무등산,광주·전남,행정,협약·협력,"'윤영철·김도영 참석' KIA, 무등산 보호기금 616만 원 전달",stoo.com,http://www.stoo.com/article.php?aid=104140393397,제목,규칙기반 자동분류(제목·요약 낱말 대조)
2025-12-15,무등산,광주·전남,행정,협약·협력,"'오랜만에 인사합니다' KIA 김도영·윤영철 ""광주의 상징 무등산, 아름답...",starnewskorea.com,https://www.starnewskorea.com/sports/2025/12/15/2025121515024851959,제목,규칙기반 자동분류(제목·요약 낱말 대조)
2025-12-15,무등산,광주·전남,행정,협약·협력,"김도영·윤영철이 직접 전했다…KIA, 무등산 보호기금 616만원 전달",spotvnews.co.kr,https://www.spotvnews.co.kr/news/articleView.html?idxno=787530,제목,규칙기반 자동분류(제목·요약 낱말 대조)
2025-12-15,무등산,광주·전남,행정,협약·협력,"프로야구 KIA, 무등산 보호기금 616만원 전달",newsis.com,https://www.newsis.com/view/NISX20251215_0003441481,제목,규칙기반 자동분류(제목·요약 낱말 대조)
2025-12-15,무등산,광주·전남,행정,협약·협력,"김도영·윤영철 함께했다...프로야구 KIA, 무등산 보호 기금 616만 원 전...",ikbc.co.kr,https://www.ikbc.co.kr/article/view/kbc202512150037,제목,규칙기반 자동분류(제목·요약 낱말 대조)
2025-12-15,무등산,광주·전남,행정,협약·협력,"KIA, 무등산 보호기금 616만원 전달…""선수단 힘 보탤 수 있어 뿌듯해""",xportsnews.com,https://www.xportsnews.com/article/2089520,제목,규칙기반 자동분류(제목·요약 낱말 대조)
2025-12-15,무등산,광주·전남,행정,협약·협력,"KIA 타이거즈, 무등산 보호 위한 기금 전달",jnilbo.com,https://www.jnilbo.com/news/articleView.html?idxno=90000016720,제목,규칙기반 자동분류(제목·요약 낱말 대조)
2025-12-15,무등산,광주·전남,행정,협약·협력,"KIA, 무등산 보호기금 전달",mydaily.co.kr,https://www.mydaily.co.kr/page/view/2025121514005075408,제목,규칙기반 자동분류(제목·요약 낱말 대조)
2025-12-15,금정산,부산·경남,행정,지정·구역,"민주당 부산시당, 금정산 국립공원 지정 환영",thepowernews.co.kr,https://www.thepowernews.co.kr/view.php?ud=20251215112651543625c5caa7b2_7,제목,규칙기반 자동분류(제목·요약 낱말 대조)
2025-12-12,월악산,충북·경북,행정,지정·구역,"오늘 일출·일몰시간, ""13일(토) 전국 해돋이 명소, 해 뜨는 시간과 해 ...",lecturernews.com,https://www.lecturernews.com/news/articleView.html?idxno=192294,요약,규칙기반 자동분류(제목·요약 낱말 대조)
2025-12-11,지리산,전남·전북·경남,행정,인사·조직,“지리산 접근 더 편리해졌네”,knnews.co.kr,https://www.knnews.co.kr/news/articleView.php?idxno=1477130,제목,규칙기반 자동분류(제목·요약 낱말 대조)
2025-12-11,덕유산,전북·경남,행정,지정·구역,"[사설]정부, 관광도로 지정 확대해야",sjbnews.com,http://sjbnews.com/news/news.php?number=866960,요약,규칙기반 자동분류(제목·요약 낱말 대조)
2025-12-11,주왕산,경북,행정,법령·제도,"경북자치경찰위, 교통안전 위한 현장방문 간담회 개최",kbsm.net,https://www.kbsm.net/news/view.php?idx=500913,요약,규칙기반 자동분류(제목·요약 낱말 대조)
2025-12-11,태안해안,충남 태안,행정,지정·구역,"태안 가볼 만한 곳, 겨울 바다가 펼쳐진 만리포 해변의 풍경",joongangenews.com,https://www.joongangenews.com/news/articleView.html?idxno=474680,요약,규칙기반 자동분류(제목·요약 낱말 대조)
2025-12-11,팔공산,대구·경북,행정,지정·구역,'탁본으로 만나는 팔공산 역사문화' 어떤 모습일까?,news.skbroadband.com,https://news.skbroadband.com/news/articleView.html?idxno=213139,제목,규칙기반 자동분류(제목·요약 낱말 대조)
2025-12-11,금정산,부산·경남,행정,지정·구역,한국불교 발전 위해 마음 모은 범어사 스님들...1억원 쾌척,ibulgyo.com,http://www.ibulgyo.com/news/articleView.html?idxno=433816,요약,규칙기반 자동분류(제목·요약 낱말 대조)
2025-12-10,지리산,전남·전북·경남,행정,인사·조직,"부산국토청, 산청군 남사~사월리 구간 개통",m.skyedaily.com,https://m.skyedaily.com/news_view.html?ID=292793,요약,규칙기반 자동분류(제목·요약 낱말 대조)
2025-12-10,지리산,전남·전북·경남,행정,인사·조직,"""지리산 접근 수월해졌다""…산청 단성 남사리~사월리 구간 개통",imaeil.com,https://www.imaeil.com/page/view/2025121012045129426,제목,규칙기반 자동분류(제목·요약 낱말 대조)
2025-12-10,지리산,전남·전북·경남,행정,인사·조직,"부산국토청, 지리산 접근성 대폭 개선…국도20호선 단성–시천 2.9km 신설...",ikld.kr,http://www.ikld.kr/news/articleView.html?idxno=325908,제목,규칙기반 자동분류(제목·요약 낱말 대조)
2025-12-10,지리산,전남·전북·경남,행정,인사·조직,"""지리산 접근 편리해진다""..경남 단성면 남사리~사월리 구간 개통",fnnews.com,http://www.fnnews.com/news/202512101030218010,제목,규칙기반 자동분류(제목·요약 낱말 대조)
2025-12-10,한려해상,경남·전남,행정,기타,"거제 지심도, 국립공원공단 중요문화자원 선정",knnews.co.kr,https://www.knnews.co.kr/news/articleView.php?idxno=1477042,요약,규칙기반 자동분류(제목·요약 낱말 대조)
2025-12-10,덕유산,전북·경남,행정,지정·구역,대한민국 2호 관광도로 어디…전북 후보군 풍성,sjbnews.com,http://sjbnews.com/news/news.php?number=866854,요약,규칙기반 자동분류(제목·요약 낱말 대조)
2025-12-10,태안해안,충남 태안,행정,지정·구역,내년까지 연장된다… 올해 들어 관광객 '1700만 명' 몰린 뜻밖의 여행지,wikitree.co.kr,https://www.wikitree.co.kr/articles/1101220,요약,규칙기반 자동분류(제목·요약 낱말 대조)
2025-12-10,금정산,부산·경남,행정,예산·재정,[사설] 금정산 국립공원 관리 공백기 메울 대책이 필요하다,busan.com,https://www.busan.com/view/busan/view.php?code=2025120917580693715,제목,규칙기반 자동분류(제목·요약 낱말 대조)
2025-12-09,무등산,광주·전남,행정,인사·조직,"광주 중앙공원, 국내 1호 ‘국가도시공원’ 지정 속도",kwangju.co.kr,http://www.kwangju.co.kr/article.php?aid=1765281000793094277,요약,규칙기반 자동분류(제목·요약 낱말 대조)
2025-12-09,팔공산,대구·경북,행정,지정·구역,탁본으로 만나는 팔공산 역사문화,ksmnews.co.kr,https://www.ksmnews.co.kr/news/view.php?idx=579107,제목,규칙기반 자동분류(제목·요약 낱말 대조)
2025-12-09,금정산,부산·경남,행정,예산·재정,"금정산 국립공원 지정은 됐는데…국립공원 예산 부족, ‘국립공원 공백...",busan.com,https://www.busan.com/view/busan/view.php?code=2025120711140425609,제목,규칙기반 자동분류(제목·요약 낱말 대조)
2025-12-08,지리산,전남·전북·경남,행정,인사·조직,"케데헌, SKT 유심, 김건희 특검...올해 핫했던 이슈는?",chosun.com,https://www.chosun.com/special/announcement/2025/12/08/KWR3OW6CDZBYFL2H4TE7APJT6Y/?utm_source=naver&utm_medium=referral&utm_campaign=naver-news,요약,규칙기반 자동분류(제목·요약 낱말 대조)
2025-12-08,한려해상,경남·전남,행정,기타,"'일제강점기 군사 유적' 거제 지심도, 국립공원 중요문화자원 선정",idomin.com,https://www.idomin.com/news/articleView.html?idxno=952003,요약,규칙기반 자동분류(제목·요약 낱말 대조)
2025-12-08,가야산,경북·경남,행정,인사·조직,"가야산국립공원사무소, 문화자원·자연자원 겨울 특별 전시회 개최",newsgn.com,https://www.newsgn.com/news/articleView.html?idxno=521782,제목,규칙기반 자동분류(제목·요약 낱말 대조)
2025-12-08,가야산,경북·경남,행정,인사·조직,가야산국립공원 문화·자연자원 겨울 특별전 13일 개막,newsis.com,https://www.newsis.com/view/NISX20251208_0003431946,제목,규칙기반 자동분류(제목·요약 낱말 대조)
2025-12-08,오대산,강원,행정,인사·조직,"오대산국립공원, 자원봉사 우수사례 발표대회 ‘대상’",kwnews.co.kr,https://www.kwnews.co.kr/page/view/2025120604344169170,제목,규칙기반 자동분류(제목·요약 낱말 대조)
2025-12-07,가야산,경북·경남,행정,인사·조직,"합천 가야산국립공원사무소, 문화자원·자연자원 겨울 특별 전시회 개최",gndomin.com,http://www.gndomin.com/news/articleView.html?idxno=457370,제목,규칙기반 자동분류(제목·요약 낱말 대조)
2025-12-07,태안해안,충남 태안,행정,지정·구역,"""태안해안국립공원 해제지역 이중 규제 끝내야""",goodmorningcc.com,https://www.goodmorningcc.com/news/articleView.html?idxno=436113,제목,규칙기반 자동분류(제목·요약 낱말 대조)
2025-12-07,태안해안,충남 태안,행정,지정·구역,태안해안국립공원 해제지역 합리적 용도지역 지정 위한 첫 공개 포럼 15...,chungnamilbo.co.kr,http://www.chungnamilbo.co.kr/news/articleView.html?idxno=862811,제목,규칙기반 자동분류(제목·요약 낱말 대조)
2025-12-07,태안해안,충남 태안,행정,지정·구역,태안해안국립공원 해제지역 합리적 활용방안 찾는다,newsis.com,https://www.newsis.com/view/NISX20251207_0003431191,제목,규칙기반 자동분류(제목·요약 낱말 대조)
2025-12-07,북한산,서울·경기,행정,연구·용역,"[로컬거버넌스] 경기 의정부시, 호원2동 정책로드맵 발표",siminilbo.co.kr,https://www.siminilbo.co.kr/news/newsview.php?ncode=1160274639826781,요약,규칙기반 자동분류(제목·요약 낱말 대조)
2025-12-07,무등산,광주·전남,행정,예산·재정,"안도걸, 광주 동남을 국비 1793억 확보…AI·의료 등 신규사업 17개 '싹쓸...",jnilbo.com,https://www.jnilbo.com/news/articleView.html?idxno=90000015868,요약,규칙기반 자동분류(제목·요약 낱말 대조)
2025-12-07,팔공산,대구·경북,행정,지정·구역,"팔공산국립공원 동부사무소, 겨울철 밀렵·밀거래 집중 단속",idaegu.co.kr,https://www.idaegu.co.kr/news/articleView.html?idxno=531965,제목,규칙기반 자동분류(제목·요약 낱말 대조)
2025-12-06,지리산,전남·전북·경남,행정,인사·조직,"“민주당이 잡으면 급등, 국힘이 잡으면 안정” 부동산 공식, 이번에도...",chosun.com,https://www.chosun.com/special/announcement/2025/12/06/WQS4QI5FEJFK3E34LK2PN3TBQE/?utm_source=naver&utm_medium=referral&utm_campaign=naver-news,요약,규칙기반 자동분류(제목·요약 낱말 대조)
2025-12-06,금정산,부산·경남,행정,지정·구역,정원으로 그리는 부산의 미래…‘2025 정원도시 부산 국제 컨퍼런스’,lak.co.kr,http://www.lak.co.kr/news/boardview.php?id=21973,요약,규칙기반 자동분류(제목·요약 낱말 대조)
2025-12-05,계룡산,대전·충남,행정,인사·조직,전국 10번째 생태탐방원…계룡산에 둥지,news.kbs.co.kr,https://news.kbs.co.kr/news/pc/view/view.do?ncd=8426294&ref=A,제목,규칙기반 자동분류(제목·요약 낱말 대조)
2025-12-05,팔공산,대구·경북,행정,지정·구역,"대구방짜유기박물관, 특별기획전 '탁본으로 만나는 팔공산 역사문화' 9...",polinews.co.kr,https://www.polinews.co.kr/news/articleView.html?idxno=716028,제목,규칙기반 자동분류(제목·요약 낱말 대조)
2025-12-05,팔공산,대구·경북,행정,지정·구역,"대구방짜유기박물관, '탁본으로 만나는 팔공산 역사문화' 특별기획전",dkilbo.com,https://www.dkilbo.com/news/articleView.html?idxno=525143,제목,규칙기반 자동분류(제목·요약 낱말 대조)
2025-12-05,금정산,부산·경남,행정,예산·재정,"김대식 의원, “국회 예산결산특별위원회 부산 유일 대표로서 부산 국비...",dnews.co.kr,https://www.dnews.co.kr/uhtml/view.jsp?idxno=202512042103165380511,요약,규칙기반 자동분류(제목·요약 낱말 대조)
2025-12-04,지리산,전남·전북·경남,행정,인사·조직,“외압 굴복할 거면 보따리 싸라” 검찰 향한 선배 검사의 쓴소리,chosun.com,https://www.chosun.com/special/announcement/2025/12/04/VKH4C4PZW5A6BKSHGINIP3CLNU/?utm_source=naver&utm_medium=referral&utm_campaign=naver-news,요약,규칙기반 자동분류(제목·요약 낱말 대조)
2025-12-04,태백산,강원·경북,행정,기타,"강원도, 소상공인 숨통 틔우기 정책 추진…체감경기 상승폭 키워",ekn.kr,https://www.ekn.kr/web/view.php?key=20251203024534281,요약,규칙기반 자동분류(제목·요약 낱말 대조)
2025-12-04,팔공산,대구·경북,행정,지정·구역,"탁본으로 만나는 팔공산 역사문화’는?...팔공산 대구방짜유기박물관, ...",weekly.cnbnews.com,https://weekly.cnbnews.com/news/article.html?no=199091,제목,규칙기반 자동분류(제목·요약 낱말 대조)
2025-12-04,금정산,부산·경남,행정,예산·재정,"[친절한 경제] ""내년에 전기차로 바꿔볼까?"" 보조금 얼마나 받나 보니",news.sbs.co.kr,https://news.sbs.co.kr/news/endPage.do?news_id=N1008355515&plink=ORI&cooper=NAVER,요약,규칙기반 자동분류(제목·요약 낱말 대조)
2025-12-03,내장산,전북·전남,행정,지정·구역,[여행honey] '조선 팔경' 백암산 백양사,yna.co.kr,https://www.yna.co.kr/view/AKR20251107029700542?input=1195m,요약,규칙기반 자동분류(제목·요약 낱말 대조)
2025-12-03,태백산,강원·경북,행정,기타,"[위클리오늘] 강원도, 소상공인 숨통 틔우기 정책 추진...소상공인 체감...",weeklytoday.com,http://www.weeklytoday.com/news/articleView.html?idxno=742914,요약,규칙기반 자동분류(제목·요약 낱말 대조)
2025-12-03,금정산,부산·경남,행정,예산·재정,"""예산전쟁의 중심에 선 김대식… 가덕신공항 원안 지켜내고 부산 미래예...",etoday.co.kr,https://www.etoday.co.kr/news/view/2532354,요약,규칙기반 자동분류(제목·요약 낱말 대조)
2025-12-02,지리산,전남·전북·경남,행정,인사·조직,이재명 이름 400번 등장한 대장동 판결문 집중 분석...월간조선 최신호...,chosun.com,https://www.chosun.com/special/announcement/2025/12/02/QIGTFYKOYRGYVIM2SJEUTSEBIU/?utm_source=naver&utm_medium=referral&utm_campaign=naver-news,요약,규칙기반 자동분류(제목·요약 낱말 대조)
2025-12-01,오대산,강원,행정,인사·조직,"오대산국립공원, 야생동물 밀렵 집중단속",kwnews.co.kr,https://www.kwnews.co.kr/page/view/2025112821541439574,제목,규칙기반 자동분류(제목·요약 낱말 대조)
2025-11-30,한려해상,경남·전남,행정,인사·조직,"한려해상국립공원동부사무소, 자원순환 활동 전개",newsgn.com,https://www.newsgn.com/news/articleView.html?idxno=519844,제목,규칙기반 자동분류(제목·요약 낱말 대조)
2025-11-29,금정산,부산·경남,행정,법령·제도,"기후에너지환경부, 부산 금정산 국립공원 지정 공식 고시해",getnews.co.kr,https://www.getnews.co.kr/news/articleView.html?idxno=851303,제목,규칙기반 자동분류(제목·요약 낱말 대조)
2025-11-28,오대산,강원,행정,인사·조직,"오대산국립공원, 밀렵·밀거래 집중단속…내년 3월까지",newsis.com,https://www.newsis.com/view/NISX20251128_0003421617,제목,규칙기반 자동분류(제목·요약 낱말 대조)
2025-11-28,금정산,부산·경남,행정,지정·구역,"금정산국립공원사무소 임시청사, 부산 동래구로 결정",nocutnews.co.kr,https://www.nocutnews.co.kr/news/6435401?utm_source=naver&utm_medium=article&utm_campaign=20251128111013,제목,규칙기반 자동분류(제목·요약 낱말 대조)
2025-11-27,지리산,전남·전북·경남,행정,기타,"지리산 구룡계곡 '용호구곡', 국립공원 중요문화자원 선정",sentv.co.kr,https://www.sentv.co.kr/article/view/sentv202511270209,제목,규칙기반 자동분류(제목·요약 낱말 대조)
2025-11-27,계룡산,대전·충남,행정,인사·조직,"국립공원공단사무소, 환경부 산하 계룡산생태탐방원 개원",chungnamilbo.co.kr,http://www.chungnamilbo.co.kr/news/articleView.html?idxno=861226,제목,규칙기반 자동분류(제목·요약 낱말 대조)
2025-11-27,변산반도,전북 부안,행정,기타,[오늘의 주요 사회 일정] 전북(11월27일 목요일),econonews.co.kr,http://www.econonews.co.kr/news/articleView.html?idxno=415812,요약,규칙기반 자동분류(제목·요약 낱말 대조)
2025-11-27,변산반도,전북 부안,행정,기타,[오늘의 주요일정]전북(11월27일 목요일),newsis.com,https://www.newsis.com/view/NISX20251126_0003418371,요약,규칙기반 자동분류(제목·요약 낱말 대조)
2025-11-26,지리산,전남·전북·경남,행정,인사·조직,"지리산국립공원 동편제 득음명소 용호구곡, 국립공원 중요문화자원 선...",jjn.co.kr,http://www.jjn.co.kr/news/articleView.html?idxno=1024292,제목,규칙기반 자동분류(제목·요약 낱말 대조)
2025-11-26,지리산,전남·전북·경남,행정,기타,"지리산 용호구곡, ‘국립공원 중요문화자원’ 선정… 숨은 역사·문화 ...",jjan.kr,https://www.jjan.kr/article/20251126500210,제목,규칙기반 자동분류(제목·요약 낱말 대조)
2025-11-26,지리산,전남·전북·경남,행정,인사·조직,"지리산 동편제 득음 명소 '용호구곡', 국립공원 중요문화자원 선정",news1.kr,https://www.news1.kr/local/jeonbuk/5988641,제목,규칙기반 자동분류(제목·요약 낱말 대조)
2025-11-26,한려해상,경남·전남,행정,지정·구역,"거제시 수뇌부의 빅딜 의혹, 그 결말은",gnmaeil.com,http://www.gnmaeil.com/news/articleView.html?idxno=575598,요약,규칙기반 자동분류(제목·요약 낱말 대조)
2025-11-26,한라산,제주,행정,지정·구역,제주도 '한라산 식생에 피해' 꽃사슴...유해동물 지정된다,etoday.co.kr,https://www.etoday.co.kr/news/view/2529472,제목,규칙기반 자동분류(제목·요약 낱말 대조)
2025-11-26,월출산,전남,행정,기타,"월출산국립공원, 청렴 다짐 캠페인 전개",namdonews.com,http://www.namdonews.com/news/articleView.html?idxno=840440,제목,규칙기반 자동분류(제목·요약 낱말 대조)
2025-11-26,무등산,광주·전남,행정,지정·구역,"광주 가볼 만한 곳, 가을 정취 속 자연과 미식의 조화",stardailynews.co.kr,https://www.stardailynews.co.kr/news/articleView.html?idxno=511066,요약,규칙기반 자동분류(제목·요약 낱말 대조)
2025-11-25,지리산,전남·전북·경남,행정,지정·구역,‘COP33 남해안남중권 유치’ 이재명 정부 의지 보여라,kjdaily.com,http://www.kjdaily.com/article.php?aid=1764070462668339002,요약,규칙기반 자동분류(제목·요약 낱말 대조)
2025-11-25,지리산,전남·전북·경남,행정,인사·조직,"지리산전북사무소, 지역 상생협력을 통한 동반성장 강화",jjn.co.kr,http://www.jjn.co.kr/news/articleView.html?idxno=1024142,제목,규칙기반 자동분류(제목·요약 낱말 대조)
2025-11-25,지리산,전남·전북·경남,행정,협약·협력,"지리산전북사무소, 사회적기업과 탄소중립·일자리 상생 추진",sentv.co.kr,https://www.sentv.co.kr/article/view/sentv202511250140,제목,규칙기반 자동분류(제목·요약 낱말 대조)
2025-11-25,계룡산,대전·충남,행정,인사·조직,"곰, 여우에 얽힌 이야기와 전시까지…국립공원공단박물관엔 뭔가 특별한...",hankyung.com,https://www.hankyung.com/article/2025112535581,요약,규칙기반 자동분류(제목·요약 낱말 대조)
2025-11-25,한려해상,경남·전남,행정,기타,"한려해상국립공원 거제분소, 녹색건축물 전환",gnnews.co.kr,https://www.gnnews.co.kr/news/articleView.html?idxno=624308,제목,규칙기반 자동분류(제목·요약 낱말 대조)
2025-11-25,한려해상,경남·전남,행정,인사·조직,"한려해상국립공원동부사무소-국토안전관리원, 노후 건축물 자발적 에너...",newsgn.com,https://www.newsgn.com/news/articleView.html?idxno=518761,제목,규칙기반 자동분류(제목·요약 낱말 대조)
2025-11-25,한라산,제주,행정,지정·구역,"'한라산 식생에 피해' 꽃사슴, 제주도 유해동물 지정된다",headlinejeju.co.kr,http://www.headlinejeju.co.kr/news/articleView.html?idxno=582058,제목,규칙기반 자동분류(제목·요약 낱말 대조)
2025-11-25,한라산,제주,행정,지정·구역,"제주, 꽃사슴 갑작스런 유해동물 지정에 의문...""그리 시급한가?""",headlinejeju.co.kr,http://www.headlinejeju.co.kr/news/articleView.html?idxno=582053,요약,규칙기반 자동분류(제목·요약 낱말 대조)
2025-11-25,소백산,충북·경북,행정,기타,소백산국립공원 연화봉 눈꽃 장관,cctimes.kr,http://www.cctimes.kr/news/articleView.html?idxno=878059,제목,규칙기반 자동분류(제목·요약 낱말 대조)
2025-11-25,소백산,충북·경북,행정,기타,[뉴시스 앵글]첫눈 내린 단양 소백산 연화봉,newsis.com,https://www.newsis.com/view/NISX20251125_0003416430,제목,규칙기반 자동분류(제목·요약 낱말 대조)
2025-11-25,소백산,충북·경북,행정,기타,소백산에 올 겨울 첫눈,ccdn.co.kr,https://www.ccdn.co.kr/news/articleView.html?idxno=1050410,제목,규칙기반 자동분류(제목·요약 낱말 대조)
2025-11-25,소백산,충북·경북,행정,기타,소백산 연화봉에 올해 첫눈... 해발 1383m에 '순백의 설경' 펼쳐졌다,insight.co.kr,https://www.insight.co.kr/news/530590,제목,규칙기반 자동분류(제목·요약 낱말 대조)
2025-11-25,소백산,충북·경북,행정,기타,'해발 1천383m' 소백산 연화봉에 첫눈,news.sbs.co.kr,https://news.sbs.co.kr/news/endPage.do?news_id=N1008344168&plink=ORI&cooper=NAVER,제목,규칙기반 자동분류(제목·요약 낱말 대조)
2025-11-25,소백산,충북·경북,행정,기타,소백산 연화봉에 첫눈…정상에 3cm 적설,daejonilbo.com,https://www.daejonilbo.com/news/articleView.html?idxno=2241070,제목,규칙기반 자동분류(제목·요약 낱말 대조)
2025-11-25,소백산,충북·경북,행정,기타,[풍경] 눈으로 뒤덮인 소백산 연화봉,news1.kr,https://www.news1.kr/local/sejong-chungbuk/5987290,제목,규칙기반 자동분류(제목·요약 낱말 대조)
2025-11-25,소백산,충북·경북,행정,기타,[픽! 단양] '해발 1천383m' 소백산 연화봉에 첫눈,yna.co.kr,https://www.yna.co.kr/view/AKR20251125084100064?input=1195m,제목,규칙기반 자동분류(제목·요약 낱말 대조)
2025-11-25,태백산,강원·경북,행정,기타,태백산국립공원 산령각 보부상 계문서 '중요 문화 자원' 선정,mbceg.co.kr,https://www.mbceg.co.kr/post/131153,제목,규칙기반 자동분류(제목·요약 낱말 대조)
2025-11-25,태백산,강원·경북,행정,인사·조직,"태백산국립공원, '사길령 산령각·보부상 계문서' 국립공원 중요문화자...",kukinews.com,https://www.kukinews.com/article/view/kuk202511250165,제목,규칙기반 자동분류(제목·요약 낱말 대조)
2025-11-25,태백산,강원·경북,행정,인사·조직,"태백산 사길령 산령각 등, 국립공원 ‘중요문화자원’ 선정",newsis.com,https://www.newsis.com/view/NISX20251125_0003416136,제목,규칙기반 자동분류(제목·요약 낱말 대조)
2025-11-25,금정산,부산·경남,행정,지정·구역,"""국내 최초 도심형 국립공원"" 부산 금정산국립공원 지정 축하 행사 개최",nocutnews.co.kr,https://www.nocutnews.co.kr/news/6433211?utm_source=naver&utm_medium=article&utm_campaign=20251125083906,제목,규칙기반 자동분류(제목·요약 낱말 대조)
2025-11-25,금정산,부산·경남,행정,지정·구역,"[2025년 11월 25일 시·도지사 주요 일정]오세훈 서울시장, AX혁신센터 출...",mediapen.com,https://www.mediapen.com/news/view/1060963,요약,규칙기반 자동분류(제목·요약 낱말 대조)
2025-11-25,금정산,부산·경남,행정,지정·구역,전국 광역단체장 11월25일 일정,newspim.com,https://www.newspim.com/news/view/20251125000030,요약,규칙기반 자동분류(제목·요약 낱말 대조)
2025-11-25,금정산,부산·경남,행정,지정·구역,내년 3월 3일 공식 지정…금정산국립공원 시민 축하행사 열려,news.lghellovision.net,http://news.lghellovision.net/news/articleView.html?idxno=527017,제목,규칙기반 자동분류(제목·요약 낱말 대조)
2025-11-25,금정산,부산·경남,행정,지정·구역,"부산시, ‘금정산 국립공원 지정 기념 축하 행사’ 개최",biz.heraldcorp.com,https://biz.heraldcorp.com/article/10622872?ref=naver,제목,규칙기반 자동분류(제목·요약 낱말 대조)
2025-11-25,금정산,부산·경남,행정,지정·구역,부산 금정산국립공원 지정 330만 부산시민과 함께 축하한다,imaeil.com,https://www.imaeil.com/page/view/2025112510185155111,제목,규칙기반 자동분류(제목·요약 낱말 대조)
2025-11-25,금정산,부산·경남,행정,지정·구역,"도심 속 국립공원 탄생… 부산시, 금정산국립공원 지정 기념 시민행사 ...",pennmike.com,https://www.pennmike.com/news/articleView.html?idxno=111173,제목,규칙기반 자동분류(제목·요약 낱말 대조)
2025-11-25,금정산,부산·경남,행정,지정·구역,"부산 시민 330만 염원, 금정산 도심형 국립공원 지정 축하행사",joongdo.co.kr,https://www.joongdo.co.kr/web/view.php?key=20251125010009116,제목,규칙기반 자동분류(제목·요약 낱말 대조)
2025-11-25,금정산,부산·경남,행정,지정·구역,부산 금정산국립공원 지정 축하행사…시민 일상·생태 변화 공유,yna.co.kr,https://www.yna.co.kr/view/AKR20251125021300051?input=1195m,제목,규칙기반 자동분류(제목·요약 낱말 대조)
2025-11-24,내장산,전북·전남,행정,협약·협력,"SKC 투자사 SK넥실리스, 정읍시와 지역 환경교육 새 모델 구축",joongangenews.com,https://www.joongangenews.com/news/articleView.html?idxno=468335,요약,규칙기반 자동분류(제목·요약 낱말 대조)
2025-11-24,덕유산,전북·경남,행정,예산·재정,"전북자치도, 국회단계 증액 심사 총력 대응",jjan.kr,https://www.jjan.kr/article/20251124500265,요약,규칙기반 자동분류(제목·요약 낱말 대조)
2025-11-24,변산반도,전북 부안,행정,협약·협력,"변산반도국립공원사무소, 해양쓰레기 새활용 위해 지역 자원순환 전문업...",ibuan.com,https://www.ibuan.com/news/articleView.html?idxno=55201,제목,규칙기반 자동분류(제목·요약 낱말 대조)
2025-11-24,금정산,부산·경남,행정,지정·구역,"[남부권 혁신 거점 부산·거제] 금정산, 국내 첫 도심형 국립공원으로 ...",joongang.co.kr,https://www.joongang.co.kr/article/25384439,제목,규칙기반 자동분류(제목·요약 낱말 대조)
2025-11-23,지리산,전남·전북·경남,행정,기타,"지리산 용호구곡, 더 쉽게 만난다… 국립공원공단 ‘보이스아이’ 적용...",jjan.kr,https://www.jjan.kr/article/20251123500128,제목,규칙기반 자동분류(제목·요약 낱말 대조)
2025-11-21,지리산,전남·전북·경남,행정,기타,"지리산 용호구곡, '보이는 안내서'로 새롭게 만난다",sentv.co.kr,https://www.sentv.co.kr/article/view/sentv202511210136,제목,규칙기반 자동분류(제목·요약 낱말 대조)
2025-11-21,한려해상,경남·전남,행정,지정·구역,"거제시의회 민주당 소속 시의원, 신금자 의장 사퇴촉구 회견",newsis.com,https://www.newsis.com/view/NISX20251121_0003412118,요약,규칙기반 자동분류(제목·요약 낱말 대조)
2025-11-21,한려해상,경남·전남,행정,연구·용역,"""똑똑, 계세요?""... 무인카메라 포착된 '이 동물', 한국서 최초 발견",insight.co.kr,https://www.insight.co.kr/news/529987,요약,규칙기반 자동분류(제목·요약 낱말 대조)
2025-11-21,내장산,전북·전남,행정,협약·협력,SK넥실리스가 '정읍시'와 손잡은 이유… 협약의 핵심은?,economytalk.kr,http://www.economytalk.kr/news/articleView.html?idxno=414407,요약,규칙기반 자동분류(제목·요약 낱말 대조)
2025-11-21,북한산,서울·경기,행정,지정·구역,44. 도봉산 천축사(天竺寺) - 상,beopbo.com,https://www.beopbo.com/news/articleView.html?idxno=332551,요약,규칙기반 자동분류(제목·요약 낱말 대조)
2025-11-21,북한산,서울·경기,행정,기타,"의정부시 공공기관 사회공헌 협의체, 사랑릴레이 배턴잇기 동참",newstown.co.kr,http://www.newstown.co.kr/news/articleView.html?idxno=672830,요약,규칙기반 자동분류(제목·요약 낱말 대조)
2025-11-21,무등산,광주·전남,행정,지정·구역,"무등산뮤즈콘텐츠, 2025 광주 관광 일자리 페스타 참가... ""지역 인적 자...",kr.aving.net,https://kr.aving.net/news/articleView.html?idxno=1806371,제목,규칙기반 자동분류(제목·요약 낱말 대조)
2025-11-20,지리산,전남·전북·경남,행정,연구·용역,"[2025 K-스포노믹스] 한국스포츠관광마케팅협회, 국회 문체위원장상 수...",hansbiz.co.kr,http://www.hansbiz.co.kr/news/articleView.html?idxno=792934,요약,규칙기반 자동분류(제목·요약 낱말 대조)
2025-11-20,한려해상,경남·전남,행정,인사·조직,"낙동강청, 민·관 합동으로 특정도서 환경정화 활동 실시",ksmnews.co.kr,https://www.ksmnews.co.kr/news/view.php?idx=576006,요약,규칙기반 자동분류(제목·요약 낱말 대조)
2025-11-20,한려해상,경남·전남,행정,인사·조직,"낙동강유역환경청, 특정도서 환경정화 활동",todayenergy.kr,https://www.todayenergy.kr/news/articleView.html?idxno=291271,요약,규칙기반 자동분류(제목·요약 낱말 대조)
2025-11-20,오대산,강원,행정,지정·구역,“석탑 향해 공양하는 보살좌상”…광명 밝히는 오대산 월정사 [정용식...,biz.heraldcorp.com,https://biz.heraldcorp.com/article/10620466?ref=naver,제목,규칙기반 자동분류(제목·요약 낱말 대조)
2025-11-20,내장산,전북·전남,행정,협약·협력,"SK넥실리스, 정읍시와 환경교육 활성화 MOU 체결",weekly.hankooki.com,https://weekly.hankooki.com/news/articleView.html?idxno=7137942,요약,규칙기반 자동분류(제목·요약 낱말 대조)
2025-11-20,무등산,광주·전남,행정,기타,"무등산국립공원사무소, 국민 참여 정책 제안 공모전 개최",namdonews.com,http://www.namdonews.com/news/articleView.html?idxno=839855,제목,규칙기반 자동분류(제목·요약 낱말 대조)
2025-11-19,한려해상,경남·전남,행정,협약·협력,"남해군, 겨울철 야생동물 밀렵·밀거래 특별단속 실시",gndomin.com,http://www.gndomin.com/news/articleView.html?idxno=455160,요약,규칙기반 자동분류(제목·요약 낱말 대조)
2025-11-19,한려해상,경남·전남,행정,협약·협력,"남해군, 겨울철 야생동물 밀렵·밀거래 특별단속",jeonmae.co.kr,https://www.jeonmae.co.kr/news/articleView.html?idxno=1204061,요약,규칙기반 자동분류(제목·요약 낱말 대조)
2025-11-19,내장산,전북·전남,행정,협약·협력,정읍체육관서 '제21회 한국 환경교육 한마당' 개막,jeonmin.co.kr,http://www.jeonmin.co.kr/news/articleView.html?idxno=428895,요약,규칙기반 자동분류(제목·요약 낱말 대조)
2025-11-19,내장산,전북·전남,행정,협약·협력,"정읍시, '제21회 한국 환경교육 한마당' 성료. “환경교육 도시 도약”",sjbnews.com,http://sjbnews.com/news/news.php?number=864935,요약,규칙기반 자동분류(제목·요약 낱말 대조)
2025-11-19,내장산,전북·전남,행정,협약·협력,"SK넥실리스, '정읍형 환경교육 활성화를 위한 업무협약' 체결",seoulwire.com,http://www.seoulwire.com/news/articleView.html?idxno=681397,요약,규칙기반 자동분류(제목·요약 낱말 대조)
2025-11-19,내장산,전북·전남,행정,협약·협력,"에쓰오일, 취약계층 난방비 3억 지원…SK넥실리스, 정읍시와 환경교육 ...",sisaon.co.kr,http://www.sisaon.co.kr/news/articleView.html?idxno=177648,요약,규칙기반 자동분류(제목·요약 낱말 대조)
2025-11-19,내장산,전북·전남,행정,인사·조직,"SK넥실리스, 정읍시와 환경 교육 활성화…“미래 세대 환경 의식 향상 ...",ceoscoredaily.com,https://www.ceoscoredaily.com/page/view/2025111913252509796,요약,규칙기반 자동분류(제목·요약 낱말 대조)
2025-11-19,내장산,전북·전남,행정,협약·협력,"정읍, 전국 환경교육의 심장으로… '제21회 환경교육 한마당' 개막",jeollailbo.com,http://www.jeollailbo.com/news/articleView.html?idxno=784269,요약,규칙기반 자동분류(제목·요약 낱말 대조)
2025-11-19,내장산,전북·전남,행정,협약·협력,"SK넥실리스, 정읍시와 환경교육 활성화 맞손",mt.co.kr,https://www.mt.co.kr/industry/2025/11/19/2025111913230247544,요약,규칙기반 자동분류(제목·요약 낱말 대조)
2025-11-19,내장산,전북·전남,행정,인사·조직,"SK넥실리스, 정읍시와 초등생 체험형 환경교육",etoday.co.kr,https://www.etoday.co.kr/news/view/2527217,요약,규칙기반 자동분류(제목·요약 낱말 대조)
2025-11-19,덕유산,전북·경남,행정,협약·협력,"덕유산국립공원, '사라져가는 생명' 특별전 개최",namdonews.com,http://www.namdonews.com/news/articleView.html?idxno=839523,제목,규칙기반 자동분류(제목·요약 낱말 대조)
2025-11-19,무등산,광주·전남,행정,기타,"광주 무등산·전남 목포, 올 가을 이른 '첫눈'",namdonews.com,http://www.namdonews.com/news/articleView.html?idxno=839773,제목,규칙기반 자동분류(제목·요약 낱말 대조)
2025-11-19,설악산,강원,행정,기타,기후위기 속 강원도내 4개 명산 단풍 인기 ‘시들’,kwnews.co.kr,https://www.kwnews.co.kr/page/view/2025111915533050960,요약,규칙기반 자동분류(제목·요약 낱말 대조)
2025-11-18,지리산,전남·전북·경남,행정,인사·조직,지리산 올가을 첫눈,kukinews.com,https://www.kukinews.com/article/view/kuk202511180284,제목,규칙기반 자동분류(제목·요약 낱말 대조)
2025-11-18,지리산,전남·전북·경남,행정,기타,"지리산국립공원, 첫눈 왔어요",gnnews.co.kr,https://www.gnnews.co.kr/news/articleView.html?idxno=623790,제목,규칙기반 자동분류(제목·요약 낱말 대조)
2025-11-18,지리산,전남·전북·경남,행정,기타,지리산 올해 1~5㎝ 첫 눈…지난해보다 열흘 빨라,news1.kr,https://www.news1.kr/local/busan-gyeongnam/5980291,제목,규칙기반 자동분류(제목·요약 낱말 대조)
2025-11-18,지리산,전남·전북·경남,행정,인사·조직,"지리산, 1~5cm 가량 첫 눈…작년보다 열흘 앞당겨",newsis.com,https://www.newsis.com/view/NISX20251118_0003407779,제목,규칙기반 자동분류(제목·요약 낱말 대조)
2025-11-18,변산반도,전북 부안,행정,인사·조직,"변산반도국립공원, 개암마을지구 경관 개선 나서",ibuan.com,https://www.ibuan.com/news/articleView.html?idxno=55165,제목,규칙기반 자동분류(제목·요약 낱말 대조)
2025-11-17,북한산,서울·경기,행정,협약·협력,"“생활 속 안전문화 확산”…안전보건공단 서울동부지사, ‘추락사고 예...",beyondpost.co.kr,http://www.beyondpost.co.kr/view.php?ud=202511171045253904be44c0aacd_30,요약,규칙기반 자동분류(제목·요약 낱말 대조)
2025-11-17,변산반도,전북 부안,행정,인사·조직,변산반도국립공원 개암마을 일원서 경관개선행사 실시,domin.co.kr,http://www.domin.co.kr/news/articleView.html?idxno=1535757,제목,규칙기반 자동분류(제목·요약 낱말 대조)
2025-11-17,태백산,강원·경북,행정,지정·구역,"태백시, 인구 감소세 지속…""출산율 제고 정책 확대 필요""",yna.co.kr,https://www.yna.co.kr/view/AKR20251117129000062?input=1195m,요약,규칙기반 자동분류(제목·요약 낱말 대조)
2025-11-17,팔공산,대구·경북,행정,지정·구역,[서울시의사산악회 기고] 대구 팔공산 산행기,doctorstimes.com,http://www.doctorstimes.com/news/articleView.html?idxno=235366,제목,규칙기반 자동분류(제목·요약 낱말 대조)
2025-11-16,계룡산,대전·충남,행정,인사·조직,"계룡산국립공원, 계룡산성 문화자원 '모니터링'",tournews21.com,https://www.tournews21.com/news/articleView.html?idxno=120721,제목,규칙기반 자동분류(제목·요약 낱말 대조)
2025-11-15,금정산,부산·경남,행정,지정·구역,여도 야도 “금정산 생큐”인데…산 한가운데 ‘구멍’난 이유,joongang.co.kr,https://www.joongang.co.kr/article/25382334,제목,규칙기반 자동분류(제목·요약 낱말 대조)
2025-11-14,계룡산,대전·충남,행정,기타,계룡산성 문화자원 모니터링해보니…미세훼손 징후 확인,newsis.com,https://www.newsis.com/view/NISX20251114_0003402621,제목,규칙기반 자동분류(제목·요약 낱말 대조)
2025-11-14,설악산,강원,행정,협약·협력,"설악산생태탐방원, 지역사회 파트너쉽 강화 위한 업무협약",kado.net,https://www.kado.net/news/articleView.html?idxno=2016601,제목,규칙기반 자동분류(제목·요약 낱말 대조)
2025-11-14,변산반도,전북 부안,행정,지정·구역,"오늘 일출·일몰시간, ""15일(토) 전국 해돋이 명소, 해 뜨는 시간과 해 ...",lecturernews.com,https://www.lecturernews.com/news/articleView.html?idxno=190550,요약,규칙기반 자동분류(제목·요약 낱말 대조)
2025-11-13,지리산,전남·전북·경남,행정,지정·구역,"경남 함양 ‘지리산 풍경길’, 대한민국 1호 관광도로 지정",lak.co.kr,http://www.lak.co.kr/news/boardview.php?id=21779,제목,규칙기반 자동분류(제목·요약 낱말 대조)
2025-11-13,지리산,전남·전북·경남,행정,지정·구역,경남도 함양 '지리산 풍경길' 대한민국 관광도로 첫 지정,newspim.com,https://www.newspim.com/news/view/20251113000909,제목,규칙기반 자동분류(제목·요약 낱말 대조)
2025-11-13,지리산,전남·전북·경남,행정,지정·구역,[오늘 경남] 함양 지리산 풍경길 '대한민국 관광도로' 첫 지정,moneys.co.kr,https://www.moneys.co.kr/article/2025111312113688695,제목,규칙기반 자동분류(제목·요약 낱말 대조)
2025-11-13,지리산,전남·전북·경남,행정,지정·구역,"경남 '함양 지리산 풍경길', 대한민국 최초 관광도로 지정",onews.tv,https://www.onews.tv/news/articleView.html?idxno=264311,제목,규칙기반 자동분류(제목·요약 낱말 대조)
2025-11-13,설악산,강원,행정,기타,국립공원 사진공모전 '성인대에서 바라본 울산바위' 대상,discoverynews.kr,https://www.discoverynews.kr/news/articleView.html?idxno=1078098,요약,규칙기반 자동분류(제목·요약 낱말 대조)
2025-11-13,덕유산,전북·경남,행정,지정·구역,무주구천동 자연품길 대한민국 관광도로 지정,sjbnews.com,http://sjbnews.com/news/news.php?number=864506,요약,규칙기반 자동분류(제목·요약 낱말 대조)
2025-11-13,덕유산,전북·경남,행정,지정·구역,"무주구천동 자연품길, '2025 대한민국 관광도로' 지정",jeonmin.co.kr,http://www.jeonmin.co.kr/news/articleView.html?idxno=428549,요약,규칙기반 자동분류(제목·요약 낱말 대조)
2025-11-13,덕유산,전북·경남,행정,지정·구역,무주 '자연품길' 한국 관광도로 지정,jjn.co.kr,http://www.jjn.co.kr/news/articleView.html?idxno=1022937,요약,규칙기반 자동분류(제목·요약 낱말 대조)
2025-11-13,덕유산,전북·경남,행정,지정·구역,"무주군, 구천동 자연품길 관광도로 지정",jeonmae.co.kr,https://www.jeonmae.co.kr/news/articleView.html?idxno=1202136,요약,규칙기반 자동분류(제목·요약 낱말 대조)
2025-11-13,덕유산,전북·경남,행정,지정·구역,"무주 구천동 자연품길, '2025 대한민국 관광도로' 최종 지정",thefairnews.co.kr,https://www.thefairnews.co.kr/news/articleView.html?idxno=60486,요약,규칙기반 자동분류(제목·요약 낱말 대조)
2025-11-13,덕유산,전북·경남,행정,지정·구역,"무주구천동, '2025 대한민국 관광도로' 지정… 국토부 지역관광 활성화...",ttlnews.com,http://www.ttlnews.com/news/articleView.html?idxno=3049170,요약,규칙기반 자동분류(제목·요약 낱말 대조)
2025-11-13,덕유산,전북·경남,행정,지정·구역,"무주 '구천동 자연품길', 관광도로 선정…국토부 국내 6곳 지정",newspim.com,https://www.newspim.com/news/view/20251113000437,요약,규칙기반 자동분류(제목·요약 낱말 대조)
2025-11-13,북한산,서울·경기,행정,기타,"[기획] 의정부시, 우리동네 정책로드맵 ‘호원2동편’",dnews.co.kr,https://www.dnews.co.kr/uhtml/view.jsp?idxno=202511131053244070616,요약,규칙기반 자동분류(제목·요약 낱말 대조)
2025-11-13,무등산,광주·전남,행정,기타,"남쪽 단풍은 이번 주말이 피크, 일박이일 여행으로 좋은 단풍 스팟 추천...",gqkorea.co.kr,https://www.gqkorea.co.kr/2025/11/13/%eb%82%a8%ec%aa%bd-%eb%8b%a8%ed%92%8d%ec%9d%80-%ec%9d%b4%eb%b2%88-%ec%a3%bc%eb%a7%90%ec%9d%b4-%ed%94%bc%ed%81%ac-%ec%9d%bc%eb%b0%95%ec%9d%b4%ec%9d%bc-%ec%97%ac%ed%96%89%ec%9c%bc%eb%a1%9c-%ec%a2%8b/?utm_source=naver&utm_medium=partnership,요약,규칙기반 자동분류(제목·요약 낱말 대조)
2025-11-12,북한산,서울·경기,행정,연구·용역,"의정부시, 우리동네 정책로드맵 '호원2동편' 발표",enewstoday.co.kr,http://www.enewstoday.co.kr/news/articleView.html?idxno=2353693,요약,규칙기반 자동분류(제목·요약 낱말 대조)
2025-11-12,북한산,서울·경기,행정,기타,"의정부시, 우리동네 정책로드맵 '호원2동편'",m-i.kr,http://www.m-i.kr/news/articleView.html?idxno=1302289,요약,규칙기반 자동분류(제목·요약 낱말 대조)
2025-11-12,북한산,서울·경기,행정,기타,"[위클리오늘] (기획) 의정부시, 우리동네 정책로드맵 '호원2동편'",weeklytoday.com,http://www.weeklytoday.com/news/articleView.html?idxno=737899,요약,규칙기반 자동분류(제목·요약 낱말 대조)
2025-11-12,치악산,강원 원주,행정,법령·제도,"""국가사업 중복 피해 금지""…엄태영, 전원법 개정안 발의",newsis.com,https://www.newsis.com/view/NISX20251112_0003399706,요약,규칙기반 자동분류(제목·요약 낱말 대조)
2025-11-12,무등산,광주·전남,행정,예산·재정,"광주시 19개 건립 예산 이월…""영산강익사이팅존은 수사 대상""",newsis.com,https://www.newsis.com/view/NISX20251111_0003398906,요약,규칙기반 자동분류(제목·요약 낱말 대조)
2025-11-12,팔공산,대구·경북,행정,기타,"대구시의회 경제환경위원회, 환경수자원국 감사서 “대구 환경정책 총체...",inews24.com,http://www.inews24.com/view/1906292,요약,규칙기반 자동분류(제목·요약 낱말 대조)
2025-11-12,금정산,부산·경남,행정,예산·재정,"내년 본예산안 부산시 17조원, 부산교육청 5조원",ohmynews.com,https://www.ohmynews.com/NWS_Web/View/at_pg.aspx?CNTN_CD=A0003182211&CMPT_CD=P0010&utm_source=naver&utm_medium=newsearch&utm_campaign=naver_news,요약,규칙기반 자동분류(제목·요약 낱말 대조)
2025-11-12,금정산,부산·경남,행정,예산·재정,"부산시, 2026년 예산안 17조9330억 편성···시의회 제출",newsfreezone.co.kr,https://www.newsfreezone.co.kr/news/articleView.html?idxno=657269,요약,규칙기반 자동분류(제목·요약 낱말 대조)
2025-11-11,속리산,충북·경북,행정,기타,"충북 괴산, 고요한 물결과 단풍이 물든 가을날의 명소 기행",tournews21.com,https://www.tournews21.com/news/articleView.html?idxno=120182,요약,규칙기반 자동분류(제목·요약 낱말 대조)
2025-11-11,다도해해상,전남,행정,지정·구역,[신공항 잔혹사] (4) 늘어난 공사비에…백령공항·흑산공항 ‘감감무소...,dnews.co.kr,https://www.dnews.co.kr/uhtml/view.jsp?idxno=202511101040162230087,요약,규칙기반 자동분류(제목·요약 낱말 대조)
2025-11-11,금정산,부산·경남,행정,인사·조직,금정산 국립공원 지정... K-등산 성지 기대,news.knn.co.kr,https://news.knn.co.kr/news/article/179859,제목,규칙기반 자동분류(제목·요약 낱말 대조)
2025-11-11,변산반도,전북 부안,행정,기타,"변산반도국립공원사무소, 변산반도 붉은 노을 최절정 홍보",sjbnews.com,http://sjbnews.com/news/news.php?number=864293,제목,규칙기반 자동분류(제목·요약 낱말 대조)
2025-11-11,금정산,부산·경남,행정,예산·재정,"부산시 내년도 예산안 17조 9330억 원 편성…""민선 8기 성과 체감""",nocutnews.co.kr,https://www.nocutnews.co.kr/news/6426694?utm_source=naver&utm_medium=article&utm_campaign=20251111032848,요약,규칙기반 자동분류(제목·요약 낱말 대조)
2025-11-11,금정산,부산·경남,행정,예산·재정,"부산시, 2026년 본예산 17조9,330억 원 시의회 제출...전년 대비 7.5% 증가",breaknews.com,http://www.breaknews.com/1160825,요약,규칙기반 자동분류(제목·요약 낱말 대조)
2025-11-11,금정산,부산·경남,행정,예산·재정,"부산시, 내년도 예산안 17조 9330억 편성…올해보다 7.5%↑",inews24.com,http://www.inews24.com/view/1905888,요약,규칙기반 자동분류(제목·요약 낱말 대조)
2025-11-11,금정산,부산·경남,행정,지정·구역,조계종 공원위 제4차 상임위원 회의...'자연공원법 정책 세미나' 등 논의,ibulgyo.com,http://www.ibulgyo.com/news/articleView.html?idxno=432767,요약,규칙기반 자동분류(제목·요약 낱말 대조)
2025-11-11,금정산,부산·경남,행정,예산·재정,"부산시, 2026년 예산 17조 9330억 원 규모 편성...시의회 제출",joongdo.co.kr,https://www.joongdo.co.kr/web/view.php?key=20251111010004013,요약,규칙기반 자동분류(제목·요약 낱말 대조)
2025-11-10,지리산,전남·전북·경남,행정,기타,"지리산 단풍, 이번 주 ‘절정’",jjan.kr,https://www.jjan.kr/article/20251110500192,제목,규칙기반 자동분류(제목·요약 낱말 대조)
2025-11-09,내장산,전북·전남,행정,기타,내장산 단풍보러 오셨나요?…'광집사'를 불러주세요,mk.co.kr,https://www.mk.co.kr/article/11463393,제목,규칙기반 자동분류(제목·요약 낱말 대조)
2025-11-08,지리산,전남·전북·경남,행정,지정·구역,"오늘 일출·일몰시간, ""9일(일) 전국 해돋이 명소, 해 뜨는 시간과 해 지...",lecturernews.com,https://www.lecturernews.com/news/articleView.html?idxno=190197,요약,규칙기반 자동분류(제목·요약 낱말 대조)
2025-11-07,지리산,전남·전북·경남,행정,기타,[방석순 칼럼] 국립공원 목표는 '자연과 인간의 격리'?,nongaek.com,http://www.nongaek.com/news/articleView.html?idxno=93152,요약,규칙기반 자동분류(제목·요약 낱말 대조)
2025-11-07,변산반도,전북 부안,행정,지정·구역,"오늘 일출·일몰시간, ""8일(토) 전국 해돋이 명소, 해 뜨는 시간과 해 지...",lecturernews.com,https://www.lecturernews.com/news/articleView.html?idxno=190196,요약,규칙기반 자동분류(제목·요약 낱말 대조)
2025-11-07,금정산,부산·경남,행정,법령·제도,"부산시, '국가도시공원법 개정 기념 시민어울림 행사' 연다",sentv.co.kr,https://www.sentv.co.kr/article/view/sentv202511070051,요약,규칙기반 자동분류(제목·요약 낱말 대조)
2025-11-06,한라산,제주,행정,협약·협력,"제주도·국립공원공단, 한라산 관리협력 강화… 내년 인사교류 추진",newscj.com,https://www.newscj.com/news/articleView.html?idxno=3336922,제목,규칙기반 자동분류(제목·요약 낱말 대조)
2025-11-06,가야산,경북·경남,행정,인사·조직,"알록달록 스며드는 가을, 11월에는 어디로 떠나볼까",news.bbsi.co.kr,https://news.bbsi.co.kr/news/articleView.html?idxno=4053735,요약,규칙기반 자동분류(제목·요약 낱말 대조)
2025-11-06,덕유산,전북·경남,행정,의회·국정감사,안호영 위원장·국립공원공단 '덕유산국립공원 지정 50주년 기념 사진전...,gj.newdaily.co.kr,https://gj.newdaily.co.kr/site/data/html/2025/11/06/2025110600098.html,제목,규칙기반 자동분류(제목·요약 낱말 대조)
2025-11-05,덕유산,전북·경남,행정,의회·국정감사,"""덕유산의 50년, 대한민국 생태보전 자부심, 다음 50년도 함께 지키겠다...",jeollailbo.com,http://www.jeollailbo.com/news/articleView.html?idxno=783035,제목,규칙기반 자동분류(제목·요약 낱말 대조)
2025-11-05,덕유산,전북·경남,행정,의회·국정감사,"안호영 위원장·국립공원공단 공동 주최, 덕유산국립공원 지정 50주년 기...",ttlnews.com,http://www.ttlnews.com/news/articleView.html?idxno=3045967,제목,규칙기반 자동분류(제목·요약 낱말 대조)
2025-11-05,덕유산,전북·경남,행정,의회·국정감사,"덕유산국립공원 지정 50주년 기념 사진전, 국회 눈길을 사로잡았다",pressian.com,https://www.pressian.com/pages/articles/2025110513174956739?utm_source=naver&utm_medium=search,제목,규칙기반 자동분류(제목·요약 낱말 대조)
2025-11-05,덕유산,전북·경남,행정,의회·국정감사,'자연과 인간 공존' 덕유산국립공원 50주년 사진전 국회서 열려,yna.co.kr,https://www.yna.co.kr/view/AKR20251105056400055?input=1195m,제목,규칙기반 자동분류(제목·요약 낱말 대조)
2025-11-05,다도해해상,전남,행정,지정·구역,[기고] 아름다운 다도해국립공원을 소개합니다.,mt.co.kr,https://www.mt.co.kr/policy/2025/11/05/2025110513525445247,요약,규칙기반 자동분류(제목·요약 낱말 대조)
2025-11-05,변산반도,전북 부안,행정,협약·협력,"국립공원공단 서부본부, '자연공원 시설물 안전관리 협력 강화' 협약 체...",mt.co.kr,https://www.mt.co.kr/policy/2025/11/05/2025110509463511315,요약,규칙기반 자동분류(제목·요약 낱말 대조)
2025-11-04,지리산,전남·전북·경남,행정,기타,낡은 개발 버리고 정의로운 전환으로…'개발 중단' 요구한 시민단체,nocutnews.co.kr,https://www.nocutnews.co.kr/news/6423299?utm_source=naver&utm_medium=article&utm_campaign=20251104034503,요약,규칙기반 자동분류(제목·요약 낱말 대조)
2025-11-04,북한산,서울·경기,행정,인사·조직,[조이TV] '제12회 희망찾기 등산·트레킹 교실' 이현아 이현아피트니스...,joynews24.com,http://www.joynews24.com/view/1903010,요약,규칙기반 자동분류(제목·요약 낱말 대조)
2025-11-03,금정산,부산·경남,행정,지정·구역,"금정산, 대한민국 24번째 국립공원됐다",yangsanilbo.com,http://www.yangsanilbo.com/news/articleView.html?idxno=120311,제목,규칙기반 자동분류(제목·요약 낱말 대조)
2025-11-03,오대산,강원,행정,인사·조직,"오대산국립공원, ‘기상청 달콤기후 공모전 수상작 전시회’ 개최",kwnews.co.kr,https://www.kwnews.co.kr/page/view/2025110313141988036,제목,규칙기반 자동분류(제목·요약 낱말 대조)
2025-11-03,북한산,서울·경기,행정,인사·조직,[조이TV] '제12회 희망찾기 등산·트레킹 교실' 이순희 강북구청장 축사,joynews24.com,http://www.joynews24.com/view/1902594,요약,규칙기반 자동분류(제목·요약 낱말 대조)
2025-11-03,변산반도,전북 부안,행정,인사·조직,"변산반도국립공원, 반려해변 입양단체 모집, ""우리가 지키는 바다, 내가...",jeollailbo.com,http://www.jeollailbo.com/news/articleView.html?idxno=782688,제목,규칙기반 자동분류(제목·요약 낱말 대조)
2025-11-02,내장산,전북·전남,행정,기타,"한국관광공사, AI로 내장산 교통·주차·안전·언어불편 해결",gukjenews.com,https://www.gukjenews.com/news/articleView.html?idxno=3416589,제목,규칙기반 자동분류(제목·요약 낱말 대조)
2025-11-01,금정산,부산·경남,행정,지정·구역,부산 금정산… 국내 24번째 국립공원으로 승격,womentimes.co.kr,http://www.womentimes.co.kr/news/articleView.html?idxno=91941,제목,규칙기반 자동분류(제목·요약 낱말 대조)
2025-11-01,내장산,전북·전남,행정,기타,내장산 자연사랑길·변산반도 내소사 전나무숲길 가을 명품길 선정,jmbc.co.kr,http://www.jmbc.co.kr/news/view/59217,제목,규칙기반 자동분류(제목·요약 낱말 대조)
2025-11-01,금정산,부산·경남,행정,지정·구역,24번째 국립공원은 부산 금정산...최초 도심형 국립공원,ytn.co.kr,https://www.ytn.co.kr/_ln/0115_202511012313417802,제목,규칙기반 자동분류(제목·요약 낱말 대조)
2025-10-31,계룡산,대전·충남,행정,기타,"""플라스틱 줄이자"" 계룡산 '먹는물 충전소'…국립공원 최초",yonhapnewstv.co.kr,http://www.yonhapnewstv.co.kr/AKR20251031160354rPJ,제목,규칙기반 자동분류(제목·요약 낱말 대조)
2025-10-31,금정산,부산·경남,행정,지정·구역,"금정산, 24번째 국립공원으로 지정",naeil.com,https://www.naeil.com/news/read/566007?ref=naver,제목,규칙기반 자동분류(제목·요약 낱말 대조)
2025-10-31,금정산,부산·경남,행정,지정·구역,"[기획①] 20년의 기다림, 금정산 국립공원 지정까지",news.lghellovision.net,http://news.lghellovision.net/news/articleView.html?idxno=524552,제목,규칙기반 자동분류(제목·요약 낱말 대조)
2025-10-31,내장산,전북·전남,행정,기타,"'내장산 단풍절정', 'AI 광집사'로 '혼잡' 피해 똑똑하게 즐긴다",tournews21.com,https://www.tournews21.com/news/articleView.html?idxno=119099,제목,규칙기반 자동분류(제목·요약 낱말 대조)
2025-10-31,내장산,전북·전남,행정,기타,"내장산 단풍, AI로 똑똑하게 즐긴다…관광공사 '광집사'",newspim.com,https://www.newspim.com/news/view/20251031000109,제목,규칙기반 자동분류(제목·요약 낱말 대조)
2025-10-31,금정산,부산·경남,행정,지정·구역,"금정산, 24번째 국립공원 된다…“도심 속 명품 공원으로”",etoday.co.kr,https://www.etoday.co.kr/news/view/2520909,제목,규칙기반 자동분류(제목·요약 낱말 대조)
2025-10-31,금정산,부산·경남,행정,지정·구역,"부산의 진산 금정산, 24번째 국립공원 지정",san.chosun.com,http://san.chosun.com/news/articleView.html?idxno=25280,제목,규칙기반 자동분류(제목·요약 낱말 대조)
2025-10-31,금정산,부산·경남,행정,지정·구역,"부산의 영산 금정산, 국립공원 지정···시민단체 등 20년 노력 '결실'",smartfn.co.kr,https://www.smartfn.co.kr/news/articleView.html?idxno=124527,제목,규칙기반 자동분류(제목·요약 낱말 대조)
2025-10-31,금정산,부산·경남,행정,지정·구역,부산 금정산 국립공원 지정 확정…20년 시민 염원 결실,seoul.co.kr,https://www.seoul.co.kr/news/society/2025/10/31/20251031500199?wlog_tag3=naver,제목,규칙기반 자동분류(제목·요약 낱말 대조)
2025-10-31,금정산,부산·경남,행정,지정·구역,부산 상징 ‘금정산’ 국립공원 지정됐다...국내 유일 도심 속 자리잡아,mk.co.kr,https://www.mk.co.kr/article/11456754,제목,규칙기반 자동분류(제목·요약 낱말 대조)
2025-10-31,금정산,부산·경남,행정,지정·구역,"""시민들의 20년 염원 결실"" 금정산, 우리나라 첫 '도심형 국립공원' 지정",nocutnews.co.kr,https://www.nocutnews.co.kr/news/6421493?utm_source=naver&utm_medium=article&utm_campaign=20251031033035,제목,규칙기반 자동분류(제목·요약 낱말 대조)
2025-10-31,금정산,부산·경남,행정,지정·구역,부산 금정산 국립공원 지정 확정···최초 도심형 국립공원,khan.co.kr,https://www.khan.co.kr/article/202510311530001,제목,규칙기반 자동분류(제목·요약 낱말 대조)
2025-10-31,금정산,부산·경남,행정,지정·구역,"부산 금정산, 24번째 국립공원으로 지정",imnews.imbc.com,https://imnews.imbc.com/news/2025/society/article/6771045_36718.html,제목,규칙기반 자동분류(제목·요약 낱말 대조)
2025-10-31,금정산,부산·경남,행정,예산·재정,"예결위 앞두고 여의도 총출동…부산시·국힘, '국비 전쟁' 본격화",nocutnews.co.kr,https://www.nocutnews.co.kr/news/6421645?utm_source=naver&utm_medium=article&utm_campaign=20251031032135,요약,규칙기반 자동분류(제목·요약 낱말 대조)
2025-10-29,다도해해상,전남,행정,의회·국정감사,"여수시의회, '다도해해상국립공원 관련 제2차 간담회' 개최",netongs.com,http://www.netongs.com/news/articleView.html?idxno=328986,제목,규칙기반 자동분류(제목·요약 낱말 대조)
2025-10-28,한라산,제주,행정,인사·조직,"국립공원공단·한라산국립공원관리소, 한라산에서 불법·무질서행위 근...",gw.newdaily.co.kr,https://gw.newdaily.co.kr/site/data/html/2025/10/28/2025102800196.html,제목,규칙기반 자동분류(제목·요약 낱말 대조)
2025-10-28,한라산,제주,행정,기타,[뉴스1 PICK] 제주 한라산·덕유산서 올해 첫 '상고대',news1.kr,https://www.news1.kr/society/weather-disaster/5956091,제목,규칙기반 자동분류(제목·요약 낱말 대조)
2025-10-28,내장산,전북·전남,행정,기타,"내장산·내소사, ‘가을철 단풍 산책로’ 선정",news.kbs.co.kr,https://news.kbs.co.kr/news/pc/view/view.do?ncd=8393344&ref=A,제목,규칙기반 자동분류(제목·요약 낱말 대조)
2025-10-28,금정산,부산·경남,행정,협약·협력,"[부산 브리핑 모음(10월28일)] 부산항만공사, 부산동부경찰서와 대테러...",dnews.co.kr,https://www.dnews.co.kr/uhtml/view.jsp?idxno=202510272211127210290,요약,규칙기반 자동분류(제목·요약 낱말 대조)
2025-10-27,덕유산,전북·경남,행정,기타,덕유산의 이른 겨울,news1.kr,https://www.news1.kr/photos/7566325,제목,규칙기반 자동분류(제목·요약 낱말 대조)
2025-10-27,덕유산,전북·경남,행정,기타,덕유산 향적봉에 핀 상고대,news1.kr,https://www.news1.kr/photos/7566322,제목,규칙기반 자동분류(제목·요약 낱말 대조)
2025-10-27,덕유산,전북·경남,행정,기타,단풍보다 먼저 찾아온 상고대,news1.kr,https://www.news1.kr/photos/7566323,요약,규칙기반 자동분류(제목·요약 낱말 대조)
2025-10-27,덕유산,전북·경남,행정,기타,"덕유산 향적봉, 단풍보다 먼저 찾아온 상고대",news1.kr,https://www.news1.kr/photos/7566326,제목,규칙기반 자동분류(제목·요약 낱말 대조)
2025-10-27,덕유산,전북·경남,행정,기타,"덕유산, 단풍 대신 얼음꽃",sjbnews.com,http://sjbnews.com/news/news.php?number=863038,제목,규칙기반 자동분류(제목·요약 낱말 대조)
2025-10-27,덕유산,전북·경남,행정,기타,"덕유산 국립공원 향적봉, 올해 첫 '상고대' 관측",jmbc.co.kr,http://www.jmbc.co.kr/news/view/59045,제목,규칙기반 자동분류(제목·요약 낱말 대조)
2025-10-27,북한산,서울·경기,행정,협약·협력,"한전·국립공원공단, 가을철 산불예방 캠페인 전개",metroseoul.co.kr,http://www.metroseoul.co.kr/article/20251027500449,요약,규칙기반 자동분류(제목·요약 낱말 대조)
2025-10-27,북한산,서울·경기,행정,협약·협력,"한전-국립공원공단, 가을철 산불 예방 '맞손'",etoday.co.kr,https://www.etoday.co.kr/news/view/2518627,요약,규칙기반 자동분류(제목·요약 낱말 대조)
2025-10-27,북한산,서울·경기,행정,협약·협력,"한전·국립공원공단, 산불예방 캠페인 합동 전개",cbci.co.kr,https://www.cbci.co.kr/news/articleView.html?idxno=537620,요약,규칙기반 자동분류(제목·요약 낱말 대조)
2025-10-26,설악산,강원,행정,인사·조직,"켄싱턴호텔앤리조트, 강원 속초·고성 잇는 '강원 플렉스' 패키지 출시",ziksir.com,https://www.ziksir.com/news/articleView.html?idxno=109256,요약,규칙기반 자동분류(제목·요약 낱말 대조)
2025-10-26,내장산,전북·전남,행정,지정·구역,"장수군, 농어촌 기본소득 대상지 확대 촉구",jtv.co.kr,https://jtv.co.kr/2021/?c=3/45&uid=2197714,요약,규칙기반 자동분류(제목·요약 낱말 대조)
2025-10-26,치악산,강원 원주,행정,지정·구역,"제천 '고압 송전선로 저지' 한목소리…김창규 시장· 전직 시장들 ""결사...",inews365.com,https://www.inews365.com/news/article.html?no=891203,요약,규칙기반 자동분류(제목·요약 낱말 대조)
2025-10-24,북한산,서울·경기,행정,인사·조직,북한산에 첫 단풍…다음 주 추위 지나고 단풍 절정,mbn.co.kr,http://www.mbn.co.kr/pages/news/newsView.php?news_seq_no=5149372,제목,규칙기반 자동분류(제목·요약 낱말 대조)
2025-10-23,태안해안,충남 태안,행정,협약·협력,"태안군, 6개 관계기관과 연안 안전사고 예방 MOU",ggilbo.com,https://www.ggilbo.com/news/articleView.html?idxno=1119696,요약,규칙기반 자동분류(제목·요약 낱말 대조)
2025-10-22,태안해안,충남 태안,행정,협약·협력,"태안군, 연안 안전사고 예방 '총력전'...5개 기관과 '업무협약'",dtnews24.com,http://www.dtnews24.com/news/articleView.html?idxno=799931,요약,규칙기반 자동분류(제목·요약 낱말 대조)
2025-10-22,오대산,강원,행정,지정·구역,"[Dear My Walking] 강원도 평창 오대산 선재길, 크게 호흡하면 느껴지는...",mk.co.kr,https://www.mk.co.kr/article/11448275,제목,규칙기반 자동분류(제목·요약 낱말 대조)
2025-10-22,무등산,광주·전남,행정,협약·협력,"국립공원공단 서부본부-건설기술호남교육원, 공원시설 관리 업무협약",namdonews.com,http://www.namdonews.com/news/articleView.html?idxno=836652,요약,규칙기반 자동분류(제목·요약 낱말 대조)
2025-10-21,경주,경북 경주,행정,인사·조직,"경주국립공원사무소, APEC 맞아 세계유산 투어·국립공원 사진전 연다",kyongbuk.co.kr,https://www.kyongbuk.co.kr/news/articleView.html?idxno=4054593,제목,규칙기반 자동분류(제목·요약 낱말 대조)
2025-10-20,오대산,강원,행정,의회·국정감사,"""모든 생명은 연결돼 함께 빛났다""…오대산문화축전 성료",hyunbulnews.com,https://www.hyunbulnews.com/news/articleView.html?idxno=500307,제목,규칙기반 자동분류(제목·요약 낱말 대조)
2025-10-20,오대산,강원,행정,인사·조직,"[포토뉴스]오대산국립공원사무소, 월정사서 ‘청렴·윤리 문화 확산 캠...",kwnews.co.kr,https://www.kwnews.co.kr/page/view/2025102015445660833,제목,규칙기반 자동분류(제목·요약 낱말 대조)
2025-10-20,변산반도,전북 부안,행정,인사·조직,"변산반도국립공원, 가을성수기 기획단속 추진",ibuan.com,https://www.ibuan.com/news/articleView.html?idxno=55018,제목,규칙기반 자동분류(제목·요약 낱말 대조)
2025-10-19,속리산,충북·경북,행정,기타,"속리산국립공원, 기마순찰대 마필 이름 공모",ggilbo.com,https://www.ggilbo.com/news/articleView.html?idxno=1118565,제목,규칙기반 자동분류(제목·요약 낱말 대조)
2025-10-17,지리산,전남·전북·경남,행정,기타,핫플 대신 산: K-하이킹이 세계의 피드를 점령하다 [김희선의 글로벌 K컬...,dailian.co.kr,https://www.dailian.co.kr/news/view/1560650/?sc=Naver,요약,규칙기반 자동분류(제목·요약 낱말 대조)
2025-10-17,속리산,충북·경북,행정,기타,"""기마순찰대 말 이름 지어 주세요""…속리산국립공원사무소 공모전",news1.kr,https://www.news1.kr/local/sejong-chungbuk/5944255,제목,규칙기반 자동분류(제목·요약 낱말 대조)
2025-10-16,변산반도,전북 부안,행정,법령·제도,"변산반도국립공원사무소, 가을 성수기 기획단속 진행",sjbnews.com,http://sjbnews.com/news/news.php?number=862087,제목,규칙기반 자동분류(제목·요약 낱말 대조)
2025-10-16,변산반도,전북 부안,행정,인사·조직,"변산반도국립공원, ""불법 차박·캠핑카 더는 안 봐준다""",jeollailbo.com,http://www.jeollailbo.com/news/articleView.html?idxno=781009,제목,규칙기반 자동분류(제목·요약 낱말 대조)
2025-10-16,변산반도,전북 부안,행정,지정·구역,"""변산반도국립공원, 지정된 장소 외 차박 안 됩니다""",news1.kr,https://www.news1.kr/local/jeonbuk/5942928,제목,규칙기반 자동분류(제목·요약 낱말 대조)
2025-10-16,변산반도,전북 부안,행정,법령·제도,"캠핑·차박 늘자, 국립공원 불법·무질서도 쑥쑥…집중단속",newsis.com,https://www.newsis.com/view/NISX20251016_0003364745,요약,규칙기반 자동분류(제목·요약 낱말 대조)
2025-10-15,금정산,부산·경남,행정,지정·구역,"김성환 장관, 금정산국립공원 예정지 현장 방문",todayenergy.kr,https://www.todayenergy.kr/news/articleView.html?idxno=289843,제목,규칙기반 자동분류(제목·요약 낱말 대조)
2025-10-15,금정산,부산·경남,행정,지정·구역,부산시·정부 남문습지서 맞손 금정산 국립공원 지정 ‘눈앞’,busan.com,https://www.busan.com/view/busan/view.php?code=2025101518282383292,제목,규칙기반 자동분류(제목·요약 낱말 대조)
2025-10-15,금정산,부산·경남,행정,지정·구역,"박형준 시장, 기후부 장관과 금정산국립공원 예정지 점검",newscj.com,https://www.newscj.com/news/articleView.html?idxno=3328176,제목,규칙기반 자동분류(제목·요약 낱말 대조)
2025-10-15,금정산,부산·경남,행정,지정·구역,"부산 금정산, 국립공원 지정 눈앞…김성환 환경부 장관 현장방문",kpinews.kr,https://www.kpinews.kr/newsView/1065593788077938,제목,규칙기반 자동분류(제목·요약 낱말 대조)
2025-10-15,금정산,부산·경남,행정,기타,"기후에너지환경부 장관, 국립공원 최종심의 앞둔 부산 금정산 현장 점검",srtimes.kr,http://www.srtimes.kr/news/articleView.html?idxno=187469,제목,규칙기반 자동분류(제목·요약 낱말 대조)
2025-10-15,금정산,부산·경남,행정,지정·구역,"국내 최초 도심형 국립공원 탄생 임박…""금정산 국립공원 연내 확정""",news.lghellovision.net,http://news.lghellovision.net/news/articleView.html?idxno=522625,제목,규칙기반 자동분류(제목·요약 낱말 대조)
2025-10-15,금정산,부산·경남,행정,지정·구역,"부산 금정산 국립공원 지정되나...기후부 장관, 금정산 현장 방문",segye.com,https://www.segye.com/newsView/20251015505775?OutUrl=naver,제목,규칙기반 자동분류(제목·요약 낱말 대조)
2025-10-09,설악산,강원,행정,지정·구역,"국립공원공단, 가을 단풍철 특별단속팀 운영",news.kbs.co.kr,https://news.kbs.co.kr/news/pc/view/view.do?ncd=8376922&ref=A,요약,규칙기반 자동분류(제목·요약 낱말 대조)
2025-10-09,금정산,부산·경남,행정,지정·구역,"금정산 국립공원 지정, 이달 중 최종 판가름",busan.com,https://www.busan.com/view/busan/view.php?code=2025100918424350518,제목,규칙기반 자동분류(제목·요약 낱말 대조)
2025-10-02,지리산,전남·전북·경남,행정,인사·조직,"지리산국립공원, 임산물 채취·불법 샛길 산행 집중단속",kpinews.kr,https://www.kpinews.kr/newsView/1065603486771015,제목,규칙기반 자동분류(제목·요약 낱말 대조)
2025-10-01,속리산,충북·경북,행정,인사·조직,"속리산국립공원, 체험학습관 내 청년 공예가 작품 전시",dynews.co.kr,http://www.dynews.co.kr/news/articleView.html?idxno=822441,제목,규칙기반 자동분류(제목·요약 낱말 대조)
2025-09-30,속리산,충북·경북,행정,인사·조직,"속리산국립공원, 청년 공예가 이수연 작가 전시 개최",ccdn.co.kr,https://www.ccdn.co.kr/news/articleView.html?idxno=1042603,제목,규칙기반 자동분류(제목·요약 낱말 대조)
2025-09-28,오대산,강원,행정,협약·협력,"월정사·포스코DX·국립공원공단, ‘ESG 협력’으로 오대산 안내체계 선...",kwnews.co.kr,https://www.kwnews.co.kr/page/view/2025092801284765759,제목,규칙기반 자동분류(제목·요약 낱말 대조)
2025-09-28,태안해안,충남 태안,행정,인사·조직,"태안해안국립공원, 유관기관 합동 '연안정화' 실시",chungnamilbo.co.kr,http://www.chungnamilbo.co.kr/news/articleView.html?idxno=851804,제목,규칙기반 자동분류(제목·요약 낱말 대조)
2025-09-26,덕유산,전북·경남,행정,기타,"안산시 공직자, 세계 4대 사진 공모전 ‘PX3’ 4관왕 쾌거",news.tf.co.kr,https://news.tf.co.kr/read/national/2248172.htm,요약,규칙기반 자동분류(제목·요약 낱말 대조)
2025-09-24,금정산,부산·경남,행정,지정·구역,"금정산, 국립공원 지정 ‘눈앞’",knnews.co.kr,https://www.knnews.co.kr/news/articleView.php?idxno=1471108,제목,규칙기반 자동분류(제목·요약 낱말 대조)
2025-09-23,한려해상,경남·전남,행정,인사·조직,[정책브리핑] 2025년 09월 23일 화요일 주요 정책,sisunnews.co.kr,http://www.sisunnews.co.kr/news/articleView.html?idxno=229383,요약,규칙기반 자동분류(제목·요약 낱말 대조)
2025-09-23,오대산,강원,행정,인사·조직,오대산국립공원 지정 50주년 기념 학술포럼 열려,kado.net,https://www.kado.net/news/articleView.html?idxno=2007144,제목,규칙기반 자동분류(제목·요약 낱말 대조)
2025-09-23,내장산,전북·전남,행정,기타,"국립공원공단 서부지역본부, '호남권 자연공원 협의회의' 발족",mt.co.kr,https://www.mt.co.kr/policy/2025/09/23/2025092309291489078,요약,규칙기반 자동분류(제목·요약 낱말 대조)
2025-09-23,무등산,광주·전남,행정,협약·협력,"무등산국립공원·광주관광공사, 외국인 특화 탐방 프로그램 MOU",namdonews.com,https://www.namdonews.com/news/articleView.html?idxno=833979,제목,규칙기반 자동분류(제목·요약 낱말 대조)
2025-09-22,경주,경북 경주,행정,인사·조직,"경주국립공원, 야생동물 거리두기 캠페인…ASF·진드기 감염병 예방 총...",kyongbuk.co.kr,https://www.kyongbuk.co.kr/news/articleView.html?idxno=4052586,제목,규칙기반 자동분류(제목·요약 낱말 대조)
2025-09-22,오대산,강원,행정,인사·조직,"오대산국립공원, 국립공원 지정 50주년 기념 학술포럼 개최",newspim.com,https://www.newspim.com/news/view/20250922000915,제목,규칙기반 자동분류(제목·요약 낱말 대조)
2025-09-21,한려해상,경남·전남,행정,인사·조직,해상·해안 국립공원서 플로깅 해볼까,nocutnews.co.kr,https://www.nocutnews.co.kr/news/6403101?utm_source=naver&utm_medium=article&utm_campaign=20250921120105,요약,규칙기반 자동분류(제목·요약 낱말 대조)
2025-09-21,오대산,강원,행정,인사·조직,[포토뉴스] 2025 오대산 전나무 숲길 맨발 힐링 트래킹,kwnews.co.kr,https://www.kwnews.co.kr/page/view/2025092015055858683,제목,규칙기반 자동분류(제목·요약 낱말 대조)
2025-09-21,주왕산,경북,행정,기타,유네스코 세계지질공원 총회 참가…국제 교류 강화,jndn.com,http://www.jndn.com/article.php?aid=1758441681418022107,요약,규칙기반 자동분류(제목·요약 낱말 대조)
2025-09-21,월악산,충북·경북,행정,협약·협력,"월악산국립공원, 제천·충주 청년센터와 업무협약",news.mbccb.co.kr,http://news.mbccb.co.kr/home/sub.php?menukey=61&mod=view&RECEIVE_DATE=20250921&SEQUENCE=0055,제목,규칙기반 자동분류(제목·요약 낱말 대조)
2025-09-21,월악산,충북·경북,행정,협약·협력,"월악산국립공원, 제천시·충주시·문경시 청년센터와 업무협약 체결",asiatoday.co.kr,https://www.asiatoday.co.kr/view.php?key=20250921010011081,제목,규칙기반 자동분류(제목·요약 낱말 대조)
2025-09-20,오대산,강원,행정,인사·조직,맨발의 자유로 천년 전나무 숲길을 … ‘2025 오대산 맨발 힐링 트레킹...,kwnews.co.kr,https://www.kwnews.co.kr/page/view/2025092001060172114,제목,규칙기반 자동분류(제목·요약 낱말 대조)
2025-09-20,월악산,충북·경북,행정,협약·협력,"월악산국립공원, 제천·충주·문경 청년센터와 업무협약",kyongbuk.co.kr,https://www.kyongbuk.co.kr/news/articleView.html?idxno=4052458,제목,규칙기반 자동분류(제목·요약 낱말 대조)
2025-09-20,월악산,충북·경북,행정,인사·조직,"월악산국립공원, 충주·제천·문경 청년센터와 손잡고 청년 지원 강화",jbnews.com,https://www.jbnews.com/news/articleView.html?idxno=1490488,제목,규칙기반 자동분류(제목·요약 낱말 대조)
2025-09-19,경주,경북 경주,행정,지정·구역,백주현 작가의 '경주 송대말' 시리즈 1,digitalbizon.com,http://www.digitalbizon.com/news/articleView.html?idxno=2340963,제목,규칙기반 자동분류(제목·요약 낱말 대조)
2025-09-19,다도해해상,전남,행정,기타,"전남 고흥군, 다도해해상국립공원 협치위원회와 지역 현안·상생발전 논...",paxetv.com,http://www.paxetv.com/news/articleView.html?idxno=246662,제목,규칙기반 자동분류(제목·요약 낱말 대조)
2025-09-16,경주,경북 경주,행정,지정·구역,"경주국립공원, 비지정 문화유산 디지털 분석",ksmnews.co.kr,https://www.ksmnews.co.kr/news/view.php?idx=563778,제목,규칙기반 자동분류(제목·요약 낱말 대조)
2025-09-16,경주,경북 경주,행정,인사·조직,"경주국립공원, 디지털 기술로 마애불 3건 정밀 조사…새 도상 확인",kyongbuk.co.kr,https://www.kyongbuk.co.kr/news/articleView.html?idxno=4052104,제목,규칙기반 자동분류(제목·요약 낱말 대조)
2025-09-16,경주,경북 경주,행정,지정·구역,"경주국립공원, 디지털 기술 이용해 미확인 불상 조사",kbsm.net,https://www.kbsm.net/news/view.php?idx=490157,제목,규칙기반 자동분류(제목·요약 낱말 대조)
2025-09-16,경주,경북 경주,행정,인사·조직,"경주국립공원, 디지털 문화유산 조사로 불상 조성 시기·특징 규명",gukjenews.com,https://www.gukjenews.com/news/articleView.html?idxno=3377806,제목,규칙기반 자동분류(제목·요약 낱말 대조)
2025-09-16,금정산,부산·경남,행정,지정·구역,금정산국립공원 연내 지정 가능성 높아져,news.skbroadband.com,https://news.skbroadband.com/news/articleView.html?idxno=208810,제목,규칙기반 자동분류(제목·요약 낱말 대조)
2025-09-15,경주,경북 경주,행정,지정·구역,"경주국립공원 , 디지털 기술을 활용 비지정 문화유산의 가치 분석",dkilbo.com,https://www.dkilbo.com/news/articleView.html?idxno=514051,제목,규칙기반 자동분류(제목·요약 낱말 대조)
2025-09-15,다도해해상,전남,행정,법령·제도,[사설]새만금공항 취소 후폭풍 흑산공항 건설도 영향권,kjdaily.com,http://www.kjdaily.com/article.php?aid=1757928851663838018,요약,규칙기반 자동분류(제목·요약 낱말 대조)
2025-09-15,소백산,충북·경북,행정,연구·용역,"소백산국립공원 숏폼 영상 공모전, '사계의 매력' 담은 12편 수상작 탄생",kyongbuk.co.kr,https://www.kyongbuk.co.kr/news/articleView.html?idxno=4052021,제목,규칙기반 자동분류(제목·요약 낱말 대조)
2025-09-15,소백산,충북·경북,행정,기타,"소백산생태탐방원, ‘생태관광 숏폼 영상 공모전’ 대상… ‘전 객실, ...",biz.heraldcorp.com,https://biz.heraldcorp.com/article/10575540?ref=naver,제목,규칙기반 자동분류(제목·요약 낱말 대조)
2025-09-15,소백산,충북·경북,행정,법령·제도,"소백산생태탐방원, 생태관광 숏폼 영상 공모전 결과 발표",dkilbo.com,https://www.dkilbo.com/news/articleView.html?idxno=513892,제목,규칙기반 자동분류(제목·요약 낱말 대조)
2025-09-15,변산반도,전북 부안,행정,기타,"부안군, 1군민 1후원계좌 갖기 장학기금 모금 캠페인",joongdo.co.kr,https://www.joongdo.co.kr/web/view.php?key=20250915010005368,요약,규칙기반 자동분류(제목·요약 낱말 대조)
2025-09-14,한려해상,경남·전남,행정,지정·구역,한려해상생태탐방원 2025년 사회환경교육기관 지정,gndomin.com,http://www.gndomin.com/news/articleView.html?idxno=447696,제목,규칙기반 자동분류(제목·요약 낱말 대조)
2025-09-14,변산반도,전북 부안,행정,협약·협력,"변산반도국립공원사무소-한국농어촌공사 부안지사, 개암저수지 관리 업...",sjbnews.com,http://sjbnews.com/news/news.php?number=859769,제목,규칙기반 자동분류(제목·요약 낱말 대조)
2025-09-14,금정산,부산·경남,행정,지정·구역,금정산국립공원 중앙도시계획위원회 심의 통과 ...연내 지정 가능성 높...,breaknews.com,http://www.breaknews.com/1147481,제목,규칙기반 자동분류(제목·요약 낱말 대조)
2025-09-12,경주,경북 경주,행정,예산·재정,"[단독]60년 가꾼 국내 최대 조림지, 한국제지 손 떠난다",edaily.co.kr,http://www.edaily.co.kr/news/newspath.asp?newsid=01098806642299464,요약,규칙기반 자동분류(제목·요약 낱말 대조)
2025-09-12,변산반도,전북 부안,행정,기타,"부안군 새만금도시과·환경과, 부안군민 1후원계좌 갖기 모금 캠페인 동...",domin.co.kr,http://www.domin.co.kr/news/articleView.html?idxno=1528760,요약,규칙기반 자동분류(제목·요약 낱말 대조)
2025-09-12,변산반도,전북 부안,행정,협약·협력,"변산반도국립공원사무소·한국농어촌공사 부안지사, 개암저수지 수질개...",domin.co.kr,http://www.domin.co.kr/news/articleView.html?idxno=1528747,제목,규칙기반 자동분류(제목·요약 낱말 대조)
2025-09-12,금정산,부산·경남,행정,지정·구역,"[부산시] 박형준 시장, 세계디자인총회서 ‘시민과 함께 만드는 도시 디...",ilyo.co.kr,https://ilyo.co.kr/?ac=article_view&entry_id=499528,요약,규칙기반 자동분류(제목·요약 낱말 대조)
2025-09-12,금정산,부산·경남,행정,지정·구역,"부산 금정산, 첫 도심형 국립공원 될까",segye.com,https://www.segye.com/newsView/20250911515450?OutUrl=naver,제목,규칙기반 자동분류(제목·요약 낱말 대조)
2025-09-12,금정산,부산·경남,행정,지정·구역,"부산시, 금정산국립공원 연내 지정 추진",onews.tv,https://www.onews.tv/news/articleView.html?idxno=258038,제목,규칙기반 자동분류(제목·요약 낱말 대조)
2025-09-11,지리산,전남·전북·경남,행정,지정·구역,"설악산, 지리산과 어깨 나란히…부산 금정산, 국립공원 지정 초읽기",pinpointnews.co.kr,https://www.pinpointnews.co.kr/news/articleView.html?idxno=375796,제목,규칙기반 자동분류(제목·요약 낱말 대조)
2025-09-11,소백산,충북·경북,행정,인사·조직,'가을의 전령들'…소백산 수놓은 야생화 향연,kyongbuk.co.kr,https://www.kyongbuk.co.kr/news/articleView.html?idxno=4051828,제목,규칙기반 자동분류(제목·요약 낱말 대조)
2025-09-11,금정산,부산·경남,행정,예산·재정,도심 한복판인데… 대한민국 최초 도심형 국립공원 승격 앞둔 '가을 명...,wikitree.co.kr,https://www.wikitree.co.kr/articles/1080156,요약,규칙기반 자동분류(제목·요약 낱말 대조)
2025-09-11,금정산,부산·경남,행정,지정·구역,부산 금정산 연내 국립공원 지정 전망…국토부 심의 통과,nocutnews.co.kr,https://www.nocutnews.co.kr/news/6398354?utm_source=naver&utm_medium=article&utm_campaign=20250911082303,제목,규칙기반 자동분류(제목·요약 낱말 대조)
2025-09-11,금정산,부산·경남,행정,지정·구역,‘금정산국립공원’ 국토부 심의도 통과…연내 지정 가능성,kookje.co.kr,http://www.kookje.co.kr/news2011/asp/newsbody.asp?code=0300&key=20250912.22002003892,제목,규칙기반 자동분류(제목·요약 낱말 대조)
2025-09-11,금정산,부산·경남,행정,지정·구역,"부산 금정산, 첫 도심형 국립공원 눈앞",kmib.co.kr,https://www.kmib.co.kr/article/view.asp?arcid=1757573521&code=11131418&cp=nv,제목,규칙기반 자동분류(제목·요약 낱말 대조)
2025-09-11,금정산,부산·경남,행정,지정·구역,부산 금정산 국립공원 눈앞…내달 최종결정,sedaily.com,https://www.sedaily.com/NewsView/2GXV1772R3,제목,규칙기반 자동분류(제목·요약 낱말 대조)
2025-09-11,금정산,부산·경남,행정,지정·구역,부산 금정산국립공원 중앙도시계획위원회 심의 통과,shinailbo.co.kr,http://www.shinailbo.co.kr/news/articleView.html?idxno=2115287,제목,규칙기반 자동분류(제목·요약 낱말 대조)
2025-09-11,금정산,부산·경남,행정,지정·구역,"부산시, '금정산 국립공원' 중앙도시계획위원회 심의 통과",jeonmae.co.kr,https://www.jeonmae.co.kr/news/articleView.html?idxno=1184192,제목,규칙기반 자동분류(제목·요약 낱말 대조)
2025-09-11,금정산,부산·경남,행정,지정·구역,[부산] '금정산 국립공원 지정' 다음 달 최종 결정,ytn.co.kr,https://www.ytn.co.kr/_ln/0115_202509111416299042,제목,규칙기반 자동분류(제목·요약 낱말 대조)
2025-09-11,금정산,부산·경남,행정,지정·구역,부산 금정산 '국립공원' 연내 지정…국토부 심의 통과,gukjenews.com,https://www.gukjenews.com/news/articleView.html?idxno=3373885,제목,규칙기반 자동분류(제목·요약 낱말 대조)
2025-09-11,금정산,부산·경남,행정,협약·협력,"[보도국 지금] ""금정산 국립공원 9부 능선 넘었다""",news.lghellovision.net,http://news.lghellovision.net/news/articleView.html?idxno=519507,제목,규칙기반 자동분류(제목·요약 낱말 대조)
2025-09-11,금정산,부산·경남,행정,지정·구역,"부산 금정산, 이르면 내달 국립공원 지정",pressian.com,https://www.pressian.com/pages/articles/2025091110113599732?utm_source=naver&utm_medium=search,제목,규칙기반 자동분류(제목·요약 낱말 대조)
2025-09-11,금정산,부산·경남,행정,지정·구역,금정산 국립공원 지정 눈앞… 중앙도시계획위원회 심의 통과,hansbiz.co.kr,http://www.hansbiz.co.kr/news/articleView.html?idxno=775589,제목,규칙기반 자동분류(제목·요약 낱말 대조)
2025-09-11,금정산,부산·경남,행정,지정·구역,금정산 국립공원 지정 10월 중 최종 결정될 듯,biz.heraldcorp.com,https://biz.heraldcorp.com/article/10573408?ref=naver,제목,규칙기반 자동분류(제목·요약 낱말 대조)
2025-09-11,금정산,부산·경남,행정,지정·구역,부산 금정산 국립공원 지정 청신호…내달 최종 결정,news.tf.co.kr,https://news.tf.co.kr/read/national/2242757.htm,제목,규칙기반 자동분류(제목·요약 낱말 대조)
2025-09-11,금정산,부산·경남,행정,지정·구역,"금정산 국립공원 지정, 국토부 중앙도시계획위원회 심의 원안 통과",newspim.com,https://www.newspim.com/news/view/20250911000352,제목,규칙기반 자동분류(제목·요약 낱말 대조)
2025-09-11,금정산,부산·경남,행정,지정·구역,금정산 국립공원 연내 지정 전망…내달 환경부 최종 심의,inews24.com,http://www.inews24.com/view/1885930,제목,규칙기반 자동분류(제목·요약 낱말 대조)
2025-09-11,금정산,부산·경남,행정,예산·재정,부산 대표 명산 금정산 24번째 국립공원 지정 9부 능선 넘어,joongang.co.kr,https://www.joongang.co.kr/article/25366095,제목,규칙기반 자동분류(제목·요약 낱말 대조)
2025-09-11,금정산,부산·경남,행정,지정·구역,"부산 금정산, 대한민국 첫 도심형 국립공원 눈앞",kmib.co.kr,https://www.kmib.co.kr/article/view.asp?arcid=0028674014&code=61122019&cp=nv,제목,규칙기반 자동분류(제목·요약 낱말 대조)
2025-09-11,금정산,부산·경남,행정,지정·구역,'금정산국립공원' 중앙도시계획위원회 심의 통과,daily.hankooki.com,https://daily.hankooki.com/news/articleView.html?idxno=1269463,제목,규칙기반 자동분류(제목·요약 낱말 대조)
2025-09-11,금정산,부산·경남,행정,지정·구역,부산 금정산 국립공원 지정 가능성 높아져…중앙도시계획위원회 심의 통...,khan.co.kr,https://www.khan.co.kr/article/202509110950001,제목,규칙기반 자동분류(제목·요약 낱말 대조)
2025-09-11,금정산,부산·경남,행정,지정·구역,부산 금정산 국립공원 지정 임박...내달 환경부 최종 심의,fnnews.com,http://www.fnnews.com/news/202509110917179491,제목,규칙기반 자동분류(제목·요약 낱말 대조)
2025-09-11,금정산,부산·경남,행정,지정·구역,'20년 숙원' 부산 금정산 국립공원 지정 내달 판가름,kukinews.com,https://www.kukinews.com/article/view/kuk202509110024,제목,규칙기반 자동분류(제목·요약 낱말 대조)
2025-09-11,금정산,부산·경남,행정,지정·구역,금정산국립공원 연내 지정 눈앞…내달 환경부 최종 심의,newsis.com,https://www.newsis.com/view/NISX20250911_0003324490,제목,규칙기반 자동분류(제목·요약 낱말 대조)
2025-09-11,금정산,부산·경남,행정,지정·구역,"부산 금정산, 국립공원 지정 눈앞…10월 최종 심의 앞둬",lak.co.kr,http://www.lak.co.kr/news/boardview.php?id=21231,제목,규칙기반 자동분류(제목·요약 낱말 대조)
2025-09-11,금정산,부산·경남,행정,지정·구역,부산 금정산 도심형 국립공원 지정 눈앞…중앙도시계획委 심의 통과,kpinews.kr,https://www.kpinews.kr/newsView/1065567990913590,제목,규칙기반 자동분류(제목·요약 낱말 대조)
2025-09-11,금정산,부산·경남,행정,지정·구역,부산 금정산 국립공원 지정 임박…내달 최종 결정,yna.co.kr,https://www.yna.co.kr/view/AKR20250911021000051?input=1195m,제목,규칙기반 자동분류(제목·요약 낱말 대조)
2025-09-11,금정산,부산·경남,행정,지정·구역,"부산시, 금정산국립공원 지정·공원계획안 국토부 심의 통과",news1.kr,https://www.news1.kr/local/busan-gyeongnam/5908372,제목,규칙기반 자동분류(제목·요약 낱말 대조)
2025-09-10,태안해안,충남 태안,행정,인사·조직,"안면도노인복지관, (주)슈가에코, 태안해안국립공원 반려해변 입양",joongdo.co.kr,https://www.joongdo.co.kr/web/view.php?key=20250910010003798,제목,규칙기반 자동분류(제목·요약 낱말 대조)
2025-09-09,지리산,전남·전북·경남,행정,인사·조직,"지리산전북사무소, 시각장애인 위한 보이스아이 코드(Voiceye Code) 서비스...",domin.co.kr,http://www.domin.co.kr/news/articleView.html?idxno=1528256,제목,규칙기반 자동분류(제목·요약 낱말 대조)
2025-09-09,속리산,충북·경북,행정,인사·조직,"속리산국립공원, 와우수풀링 속리산 환경교육 큰 호응",dynews.co.kr,http://www.dynews.co.kr/news/articleView.html?idxno=819515,제목,규칙기반 자동분류(제목·요약 낱말 대조)
2025-09-09,속리산,충북·경북,행정,인사·조직,"속리산국립공원, '와우수풀링 속리산' 환경교육 운영",ccdn.co.kr,https://www.ccdn.co.kr/news/articleView.html?idxno=1039055,제목,규칙기반 자동분류(제목·요약 낱말 대조)
2025-09-09,무등산,광주·전남,행정,지정·구역,“광주 무등산 평촌마을에서 반딧불이와 생태체험하자”,nongmin.com,https://www.nongmin.com/article/20250909500426,제목,규칙기반 자동분류(제목·요약 낱말 대조)
2025-09-08,팔공산,대구·경북,행정,지정·구역,"팔공산 주민들 ""대구시, 국립공원 승격 보상 약속 안 지켜""",nocutnews.co.kr,https://www.nocutnews.co.kr/news/6396540?utm_source=naver&utm_medium=article&utm_campaign=20250908120630,제목,규칙기반 자동분류(제목·요약 낱말 대조)
2025-09-07,가야산,경북·경남,행정,기타,벌초 시기 ‘벌 쏘임 사고’ 주의하세요,knnews.co.kr,http://www.knnews.co.kr/news/articleView.php?idxno=1469728,요약,규칙기반 자동분류(제목·요약 낱말 대조)
2025-09-06,설악산,강원,행정,기타,"[주말 픽!] '마음' 만나는 길, 인제 내설악·봉정암·대청봉",kado.net,https://www.kado.net/news/articleView.html?idxno=2003760,요약,규칙기반 자동분류(제목·요약 낱말 대조)
2025-09-06,가야산,경북·경남,행정,기타,경남 벌 쏘임 사고 절반 8·9월 집중…“벌초객 등 각별히 주의해야”,seoul.co.kr,https://www.seoul.co.kr/news/society/accident/2025/09/05/20250905500242?wlog_tag3=naver,요약,규칙기반 자동분류(제목·요약 낱말 대조)
2025-09-05,덕유산,전북·경남,행정,협약·협력,최훈식 장수군수 '장수트레일레이스' 100마일 코스 현장 점검,hansbiz.co.kr,http://www.hansbiz.co.kr/news/articleView.html?idxno=774058,요약,규칙기반 자동분류(제목·요약 낱말 대조)
2025-09-05,덕유산,전북·경남,행정,협약·협력,"장수군, 트레일레이스 준비 총력…남덕유산 신규 탐방로 첫 선",onews.tv,https://www.onews.tv/news/articleView.html?idxno=257201,제목,규칙기반 자동분류(제목·요약 낱말 대조)
2025-09-04,경주,경북 경주,행정,지정·구역,"[imazine] APEC이 기억할 경주, 한류의 원천 ① 신라 천년·미래 천년",yna.co.kr,https://www.yna.co.kr/view/AKR20250806103600542?input=1195m,제목,규칙기반 자동분류(제목·요약 낱말 대조)
2025-09-04,덕유산,전북·경남,행정,협약·협력,"장수군, 장수트레일레이스 100마일 코스 현장점검",newscj.com,https://www.newscj.com/news/articleView.html?idxno=3314021,요약,규칙기반 자동분류(제목·요약 낱말 대조)
2025-09-04,덕유산,전북·경남,행정,협약·협력,"최훈식 장수군수, ‘제6회 장수트레일레이스’ 100마일 코스 현장점검",sjbnews.com,http://sjbnews.com/news/news.php?number=859065,요약,규칙기반 자동분류(제목·요약 낱말 대조)
2025-09-04,덕유산,전북·경남,행정,협약·협력,안전한 '장수 트레일레이스' 만들기 분주,jjn.co.kr,http://www.jjn.co.kr/news/articleView.html?idxno=1016367,요약,규칙기반 자동분류(제목·요약 낱말 대조)
2025-09-04,덕유산,전북·경남,행정,협약·협력,"최훈식 장수군수, 트레일레이스 100마일 코스 현장점검",nspna.com,https://www.nspna.com/news/?mode=view&newsid=775372,요약,규칙기반 자동분류(제목·요약 낱말 대조)
2025-09-04,덕유산,전북·경남,행정,협약·협력,국내 최초·최장 남덕유산 '100마일 트레일레이스' 첫 선…최훈식 군수...,pressian.com,https://www.pressian.com/pages/articles/2025090414542183696?utm_source=naver&utm_medium=search,제목,규칙기반 자동분류(제목·요약 낱말 대조)
2025-09-04,덕유산,전북·경남,행정,협약·협력,"최훈식 전북 장수군수, 트레일레이스 대회 100마일 코스 현장점검",iminju.net,http://www.iminju.net/news/articleView.html?idxno=140531,요약,규칙기반 자동분류(제목·요약 낱말 대조)
2025-09-04,덕유산,전북·경남,행정,협약·협력,"최훈식 장수군수, 제6회 트레일레이스 메인코스 현장 점검",joongdo.co.kr,https://www.joongdo.co.kr/web/view.php?key=20250904010001842,요약,규칙기반 자동분류(제목·요약 낱말 대조)
2025-09-04,덕유산,전북·경남,행정,협약·협력,장수군 ‘6회 장수트레일레이스’ 100마일 코스 현장 점검,news1.kr,https://www.news1.kr/local/jeonbuk/5901412,요약,규칙기반 자동분류(제목·요약 낱말 대조)
2025-09-04,덕유산,전북·경남,행정,협약·협력,"최훈식 장수군수, 국내 최초·최장 트레일레이스 코스 현장점검",smartfn.co.kr,https://www.smartfn.co.kr/news/articleView.html?idxno=119302,요약,규칙기반 자동분류(제목·요약 낱말 대조)
2025-09-04,덕유산,전북·경남,행정,지정·구역,"장수군, 제6회 트레일레이스 100마일 코스 현장 점검",sentv.co.kr,https://www.sentv.co.kr/article/view/sentv202509040088,요약,규칙기반 자동분류(제목·요약 낱말 대조)
2025-09-04,금정산,부산·경남,행정,예산·재정,"""원팀으로 현안 해결"" 부산시·국민의힘 부산시당, 예산정책협의회 개최",nocutnews.co.kr,https://www.nocutnews.co.kr/news/6395054?utm_source=naver&utm_medium=article&utm_campaign=20250904013342,요약,규칙기반 자동분류(제목·요약 낱말 대조)
2025-09-03,오대산,강원,행정,지정·구역,오로지 대중교통만 이용해 다녀온 오대산 두로령 트레일,ohmynews.com,https://www.ohmynews.com/NWS_Web/View/at_pg.aspx?CNTN_CD=A0003161481&CMPT_CD=P0010&utm_source=naver&utm_medium=newsearch&utm_campaign=naver_news,제목,규칙기반 자동분류(제목·요약 낱말 대조)
2025-09-02,계룡산,대전·충남,행정,예산·재정,서울 광화문서 충남방문의해 알리는 '와우! 씨엔 페스타',asiatoday.co.kr,https://www.asiatoday.co.kr/view.php?key=20250902010000916,요약,규칙기반 자동분류(제목·요약 낱말 대조)
2025-09-02,덕유산,전북·경남,행정,예산·재정,"환경부 간 국힘 신성범, 양천·덕천강 국가하천 승격 건의",newsis.com,https://www.newsis.com/view/NISX20250902_0003312180,요약,규칙기반 자동분류(제목·요약 낱말 대조)
2025-08-26,경주,경북 경주,행정,기타,"국립공원공단, '경주 명산 오악잇기' 스탬프투어",phmbc.co.kr,http://www.phmbc.co.kr/www/news/desk_news?idx=197521&mode=view,제목,규칙기반 자동분류(제목·요약 낱말 대조)
2025-08-26,경주,경북 경주,행정,인사·조직,"경주국립공원, APEC 연계 '경주 명산 오악잇기' 스탬프 투어",newsis.com,https://www.newsis.com/view/NISX20250826_0003304209,제목,규칙기반 자동분류(제목·요약 낱말 대조)
2025-08-26,경주,경북 경주,행정,기타,"경주 명산 '오악잇기', 스탬프투어 시즌Ⅲ 운영",dkilbo.com,https://www.dkilbo.com/news/articleView.html?idxno=511066,제목,규칙기반 자동분류(제목·요약 낱말 대조)
2025-08-26,지리산,전남·전북·경남,행정,기타,[숲샘의 지리산 초록걸음] 옥빛 칠선계곡에 흠뻑 물들다,dandinews.com,http://www.dandinews.com/news/articleView.html?idxno=15408,제목,규칙기반 자동분류(제목·요약 낱말 대조)
2025-08-25,덕유산,전북·경남,행정,협약·협력,"장수군-덕유산국립공원, 지역 산악 관광 활성화 업무협약 [글로컬소식]",jmbc.co.kr,http://www.jmbc.co.kr/news/view/57206,제목,규칙기반 자동분류(제목·요약 낱말 대조)
2025-08-25,덕유산,전북·경남,행정,협약·협력,[전북의 창] 군산서 대학생 자작자동차대회 열려,news.kbs.co.kr,https://news.kbs.co.kr/news/pc/view/view.do?ncd=8338608&ref=A,요약,규칙기반 자동분류(제목·요약 낱말 대조)
2025-08-25,무등산,광주·전남,행정,지정·구역,“‘소비쿠폰 주홍글씨’ 큰 반향…좋은 보도 이어지길”,kjdaily.com,http://www.kjdaily.com/article.php?aid=1756120598662494036,요약,규칙기반 자동분류(제목·요약 낱말 대조)
2025-08-24,덕유산,전북·경남,행정,협약·협력,"장수군- 덕유산국립공원, 탐방객 안전관리 협조체계 구축 위한 업무협약...",sportsseoul.com,https://www.sportsseoul.com/news/read/1540464?ref=naver,제목,규칙기반 자동분류(제목·요약 낱말 대조)
2025-08-24,덕유산,전북·경남,행정,협약·협력,"장수군-덕유산국립공원, 지역 산악 관광 활성화 위한 업무협약",sjbnews.com,http://sjbnews.com/news/news.php?number=858055,제목,규칙기반 자동분류(제목·요약 낱말 대조)
2025-08-24,덕유산,전북·경남,행정,협약·협력,"장수군, 산악관광 활성화 나서",jjn.co.kr,http://www.jjn.co.kr/news/articleView.html?idxno=1015233,요약,규칙기반 자동분류(제목·요약 낱말 대조)
2025-08-24,덕유산,전북·경남,행정,협약·협력,"장수군-덕유산국립공원, 지역 산악 관광 활성화를 위한 업무협약 체결",jeonmin.co.kr,http://www.jeonmin.co.kr/news/articleView.html?idxno=424042,제목,규칙기반 자동분류(제목·요약 낱말 대조)
2025-08-24,덕유산,전북·경남,행정,협약·협력,"장수군-덕유산국립공원, 산악 관광 활성화 '맞손'",hansbiz.co.kr,http://www.hansbiz.co.kr/news/articleView.html?idxno=770887,제목,규칙기반 자동분류(제목·요약 낱말 대조)
2025-08-24,무등산,광주·전남,행정,협약·협력,지방소멸 위기 '국가유산'으로 돌파구 찾는다,namdonews.com,http://www.namdonews.com/news/articleView.html?idxno=830590,요약,규칙기반 자동분류(제목·요약 낱말 대조)
2025-08-23,덕유산,전북·경남,행정,협약·협력,"장수군-덕유산국립공원, 산악관광·안전관리 협력 MOU 체결",onews.tv,https://www.onews.tv/news/articleView.html?idxno=255813,제목,규칙기반 자동분류(제목·요약 낱말 대조)
2025-08-23,무등산,광주·전남,행정,법령·제도,"광주, 대한민국 제1호 국가도시공원 도전장",koreareport.co.kr,http://www.koreareport.co.kr/news/articleView.html?idxno=40078,요약,규칙기반 자동분류(제목·요약 낱말 대조)
2025-08-22,덕유산,전북·경남,행정,협약·협력,"장수군-덕유산국립공원, 지역 산악 관광 활성화 업무협약",newscj.com,https://www.newscj.com/news/articleView.html?idxno=3308921,제목,규칙기반 자동분류(제목·요약 낱말 대조)
2025-08-22,덕유산,전북·경남,행정,협약·협력,"장수군-덕유산국립공원, 산악 관광 혁신 나선다",sentv.co.kr,https://www.sentv.co.kr/article/view/sentv202508220158,제목,규칙기반 자동분류(제목·요약 낱말 대조)
2025-08-22,덕유산,전북·경남,행정,협약·협력,"장수군-덕유산국립공원, 지역 산악 관광 활성화 ‘맞손’",nspna.com,https://www.nspna.com/news/?mode=view&newsid=773002,제목,규칙기반 자동분류(제목·요약 낱말 대조)
2025-08-22,덕유산,전북·경남,행정,협약·협력,산악관광 중심지 '장수군'…국립공원공단과 손잡고 '신규 탐방로' 개설,pressian.com,https://www.pressian.com/pages/articles/2025082212410562944?utm_source=naver&utm_medium=search,요약,규칙기반 자동분류(제목·요약 낱말 대조)
2025-08-22,덕유산,전북·경남,행정,협약·협력,"전북 장수군-덕유산국립공원, 지역 산악 관광 활성화 위한 업무협약 체...",iminju.net,http://www.iminju.net/news/articleView.html?idxno=138928,제목,규칙기반 자동분류(제목·요약 낱말 대조)
2025-08-22,덕유산,전북·경남,행정,협약·협력,"장수군-덕유산국립공원, 탐방객 안전관리 협조체계 구축",smartfn.co.kr,https://www.smartfn.co.kr/news/articleView.html?idxno=118071,제목,규칙기반 자동분류(제목·요약 낱말 대조)
2025-08-22,무등산,광주·전남,행정,지정·구역,"광주 풍암호수, '대한민국 제1호 국가도시공원' 도전",nocutnews.co.kr,https://www.nocutnews.co.kr/news/6388961?utm_source=naver&utm_medium=article&utm_campaign=20250822015232,요약,규칙기반 자동분류(제목·요약 낱말 대조)
2025-08-20,지리산,전남·전북·경남,행정,지정·구역,[경남일보 톺아보기]1971년 그해 남일대 해수욕장 10만 인파,gnnews.co.kr,https://www.gnnews.co.kr/news/articleView.html?idxno=616900,요약,규칙기반 자동분류(제목·요약 낱말 대조)
2025-08-20,덕유산,전북·경남,행정,협약·협력,[오늘의 주요 사회 일정] 전북(8월20일 수요일),econonews.co.kr,http://www.econonews.co.kr/news/articleView.html?idxno=401109,요약,규칙기반 자동분류(제목·요약 낱말 대조)
2025-08-20,덕유산,전북·경남,행정,협약·협력,[오늘의 주요일정]전북(8월20일 수요일),newsis.com,https://www.newsis.com/view/NISX20250819_0003295730,요약,규칙기반 자동분류(제목·요약 낱말 대조)
2025-08-19,한려해상,경남·전남,행정,인사·조직,"섬 잇고, 바다 뚫어… ‘남해안 관광지도’ 새로 그린다[로컬인사이드]",munhwa.com,https://www.munhwa.com/article/11526668?ref=naver,요약,규칙기반 자동분류(제목·요약 낱말 대조)
2025-08-18,(전체·공통),전국·공통,행정,지정·구역,섬여행 취재기/ ‘섬의 도시’ 완도와 슬로시티 청산도,ksg.co.kr,https://www.ksg.co.kr/news/main_newsView.jsp?pNum=145195,해당없음,규칙기반 자동분류(제목·요약 낱말 대조)
2025-08-18,월출산,전남,행정,협약·협력,"월출산국립공원사무소, AI 기반 문화유산 보존체계 구축",namdonews.com,http://www.namdonews.com/news/articleView.html?idxno=829930,제목,규칙기반 자동분류(제목·요약 낱말 대조)
2025-08-18,월출산,전남,행정,협약·협력,"월출산 문화유산, AI기반 통합보존‧활용체계 구축",kukinews.com,https://www.kukinews.com/article/view/kuk202508180069,제목,규칙기반 자동분류(제목·요약 낱말 대조)
2025-08-18,월출산,전남,행정,협약·협력,월출산 문화유산 관리 보존에 AI 기반 VR·AR기술 활용,news.mt.co.kr,http://news.mt.co.kr/mtview.php?no=2025081810361874431,제목,규칙기반 자동분류(제목·요약 낱말 대조)
2025-08-17,경주,경북 경주,행정,지정·구역,[동서남북] 지역사회와 함께 만들어가는 지속가능한 경주국립공원,kyongbuk.co.kr,https://www.kyongbuk.co.kr/news/articleView.html?idxno=4049497,제목,규칙기반 자동분류(제목·요약 낱말 대조)
2025-08-17,무등산,광주·전남,행정,지정·구역,광주 풍암호수 '국가도시공원 1호' 도전,nocutnews.co.kr,https://www.nocutnews.co.kr/news/6386051?utm_source=naver&utm_medium=article&utm_campaign=20250817044531,요약,규칙기반 자동분류(제목·요약 낱말 대조)
2025-08-15,금정산,부산·경남,행정,지정·구역,금정산국립공원 지정..산청 산사태가 변수?,news.knn.co.kr,https://news.knn.co.kr/news/article/176466,제목,규칙기반 자동분류(제목·요약 낱말 대조)
2025-08-14,가야산,경북·경남,행정,인사·조직,"영자, 자연인이었다? “27살 때 산속에 들어가 살아” 고백 (나는 솔로)...",newsen.com,https://www.newsen.com/news_view.php?uid=202508140559081710,요약,규칙기반 자동분류(제목·요약 낱말 대조)
2025-08-14,덕유산,전북·경남,행정,예산·재정,"황인홍 무주군수, 국회 예산결산특별위원회 찾아… ""정부예산 국회 심의...",ttlnews.com,http://www.ttlnews.com/news/articleView.html?idxno=3021732,요약,규칙기반 자동분류(제목·요약 낱말 대조)
2025-08-13,계룡산,대전·충남,행정,협약·협력,"평택시의회, 평택시·공주시 자매결연 협약식 참석",inews24.com,http://www.inews24.com/view/1876183,요약,규칙기반 자동분류(제목·요약 낱말 대조)
2025-08-13,계룡산,대전·충남,행정,협약·협력,"평택시의회, 공주시와 자매결연 협약 참석…""시민 체감형 상생 협력 나...",hansbiz.co.kr,http://www.hansbiz.co.kr/news/articleView.html?idxno=768557,요약,규칙기반 자동분류(제목·요약 낱말 대조)
2025-08-13,계룡산,대전·충남,행정,협약·협력,"평택시-공주시 자매결연 협약식에 참석한 평택시의회, 상생 발전 다짐",news2day.co.kr,https://www.news2day.co.kr/article/20250813500112,요약,규칙기반 자동분류(제목·요약 낱말 대조)
2025-08-13,치악산,강원 원주,행정,협약·협력,"치악산국립공원, 환경교육 관련 9개 기관과 업무협약 체결",newspim.com,https://www.newspim.com/news/view/20250813000913,제목,규칙기반 자동분류(제목·요약 낱말 대조)
2025-08-13,월악산,충북·경북,행정,협약·협력,"월악산국립공원, 탄소중립 실천 '넷제로 캠핑' 시작",kyongbuk.co.kr,https://www.kyongbuk.co.kr/news/articleView.html?idxno=4049354,제목,규칙기반 자동분류(제목·요약 낱말 대조)
2025-08-12,계룡산,대전·충남,행정,협약·협력,"평택시, 공주시와 자매결연 협약",ttlnews.com,http://www.ttlnews.com/news/articleView.html?idxno=3021012,요약,규칙기반 자동분류(제목·요약 낱말 대조)
2025-08-12,계룡산,대전·충남,행정,협약·협력,경제도시 평택시와 천년역사 공주시 상생교류 활성화 협약,newsfreezone.co.kr,https://www.newsfreezone.co.kr/news/articleView.html?idxno=641134,요약,규칙기반 자동분류(제목·요약 낱말 대조)
2025-08-12,계룡산,대전·충남,행정,협약·협력,"평택시의회, 평택시-공주시 자매결연 협약식 참석…상생 발전 다짐",m-i.kr,http://www.m-i.kr/news/articleView.html?idxno=1270296,요약,규칙기반 자동분류(제목·요약 낱말 대조)
2025-08-12,속리산,충북·경북,행정,인사·조직,"속리산국립공원, 교육기부 진로체험 인증기관 선정",dynews.co.kr,http://www.dynews.co.kr/news/articleView.html?idxno=815688,제목,규칙기반 자동분류(제목·요약 낱말 대조)
2025-08-12,내장산,전북·전남,행정,기타,■ 이룰 수 없는 사랑의 꽃,sjbnews.com,http://sjbnews.com/news/news.php?number=857339,요약,규칙기반 자동분류(제목·요약 낱말 대조)
2025-08-12,오대산,강원,행정,인사·조직,국립공원공단 보호지역 아카데미 개최,kado.net,https://www.kado.net/news/articleView.html?idxno=1327780,요약,규칙기반 자동분류(제목·요약 낱말 대조)
2025-08-12,월악산,충북·경북,행정,협약·협력,"국립공원공단, 탄소중립 캠핑문화 확산…월악산서 첫 시행",newspim.com,https://www.newspim.com/news/view/20250812001193,제목,규칙기반 자동분류(제목·요약 낱말 대조)
2025-08-11,오대산,강원,행정,인사·조직,국립공원공단 제22차 보호지역 아카데미 개최,kado.net,https://www.kado.net/news/articleView.html?idxno=1327656,요약,규칙기반 자동분류(제목·요약 낱말 대조)
2025-08-11,다도해해상,전남,행정,법령·제도,"'과태료 200만 원' 경고에도 불법낚시…""안 걸리면 그만""",mbn.co.kr,http://www.mbn.co.kr/pages/news/newsView.php?news_seq_no=5133040,요약,규칙기반 자동분류(제목·요약 낱말 대조)
2025-08-11,치악산,강원 원주,행정,법령·제도,"원주시, 수요자 중심 관광정책 추진...원강수 시장 ""도심 품격 높여 나가...",newspim.com,https://www.newspim.com/news/view/20250811001168,요약,규칙기반 자동분류(제목·요약 낱말 대조)
2025-08-11,치악산,강원 원주,행정,기타,"원주시, 수요자 중심 문화·교육·관광·체육 인프라 구축에 만전",kwnews.co.kr,https://www.kwnews.co.kr/page/view/2025081113432234342,요약,규칙기반 자동분류(제목·요약 낱말 대조)
2025-08-08,태안해안,충남 태안,행정,협약·협력,"환경공단 충청권본부, 시니어 녹색일자리 창출사업 공동 추진",ikld.kr,http://www.ikld.kr/news/articleView.html?idxno=318163,요약,규칙기반 자동분류(제목·요약 낱말 대조)
2025-08-07,다도해해상,전남,행정,협약·협력,"전남도, 올해의 섬 ‘여서도’ 해양영토 순례",bigtanews.co.kr,https://www.bigtanews.co.kr/article/view/big202508020001,요약,규칙기반 자동분류(제목·요약 낱말 대조)
2025-08-07,북한산,서울·경기,행정,지정·구역,‘한양의 수도성곽’ 세계유산 등재 국내 심의 통과,seoul.co.kr,https://www.seoul.co.kr/news/life/2025/08/07/20250807500141?wlog_tag3=naver,요약,규칙기반 자동분류(제목·요약 낱말 대조)
2025-08-06,무등산,광주·전남,행정,지정·구역,광주 '1호 국가도시공원' 속도…인천·부산·대구도 도전장 낸다,hankyung.com,https://www.hankyung.com/article/2025080654081,요약,규칙기반 자동분류(제목·요약 낱말 대조)
2025-08-05,변산반도,전북 부안,행정,인사·조직,[정책브리핑] 2025년 08월 05일 화요일 주요 정책,sisunnews.co.kr,http://www.sisunnews.co.kr/news/articleView.html?idxno=227465,요약,규칙기반 자동분류(제목·요약 낱말 대조)
2025-08-04,다도해해상,전남,행정,협약·협력,"전남도, 7~8일 올해의 섬 '여서도' 해양영토 순례",m-i.kr,http://www.m-i.kr/news/articleView.html?idxno=1267287,요약,규칙기반 자동분류(제목·요약 낱말 대조)
2025-08-04,변산반도,전북 부안,행정,인사·조직,"여름휴가, 국립공원에서 숲길 따라 ‘시원한 걷기’ 어때요",lak.co.kr,http://www.lak.co.kr/news/boardview.php?id=20864,요약,규칙기반 자동분류(제목·요약 낱말 대조)
2025-08-03,다도해해상,전남,행정,협약·협력,"전남도, '올해의 섬' 완도 '여서도’서 해양 영토 순례",view.asiae.co.kr,https://view.asiae.co.kr/article/2025080311214341777,요약,규칙기반 자동분류(제목·요약 낱말 대조)
2025-08-03,변산반도,전북 부안,행정,기타,"“가족과 여름을 걷다”…국립공원공단, 시원한 국립공원길 7선 추천",metroseoul.co.kr,http://www.metroseoul.co.kr/article/20250803500049,요약,규칙기반 자동분류(제목·요약 낱말 대조)
2025-08-02,지리산,전남·전북·경남,행정,인사·조직,"[관가 인사이드] 지리산서 퇴근하다가 직원 사망… 국립공원공단, 중대...",chosun.com,https://www.chosun.com/national/transport-environment/2025/08/02/OW6M56O4WNDF5BFR4HNN5ODVMM/?utm_source=naver&utm_medium=referral&utm_campaign=naver-news,제목,규칙기반 자동분류(제목·요약 낱말 대조)
2025-08-02,다도해해상,전남,행정,협약·협력,"전라남도, 7~8일 올해의 섬 '여서도' 해양영토 순례에 나선다",dailysportshankook.co.kr,https://www.dailysportshankook.co.kr/news/articleView.html?idxno=411279,요약,규칙기반 자동분류(제목·요약 낱말 대조)
2025-08-02,다도해해상,전남,행정,협약·협력,"전남도, 7~8일 올해의 섬 ‘청산 여서도’ 해양영토 순례",breaknews.com,http://www.breaknews.com/1137664,요약,규칙기반 자동분류(제목·요약 낱말 대조)
2025-08-02,다도해해상,전남,행정,협약·협력,"전라남도, 7~8일 올해의 섬 '여서도' 해양영토 순례",ikbc.co.kr,https://www.ikbc.co.kr/article/view/kbc202508020009,요약,규칙기반 자동분류(제목·요약 낱말 대조)
2025-08-02,다도해해상,전남,행정,협약·협력,"전남도, 올해의 섬 '완도 여서도' 해양영토 순례",hansbiz.co.kr,http://www.hansbiz.co.kr/news/articleView.html?idxno=765919,요약,규칙기반 자동분류(제목·요약 낱말 대조)
2025-08-02,변산반도,전북 부안,행정,지정·구역,"오늘 일출·일몰시간, ""3일(일) 전국 해돋이 명소, 해 뜨는 시간과 해 지...",lecturernews.com,https://www.lecturernews.com/news/articleView.html?idxno=183769,요약,규칙기반 자동분류(제목·요약 낱말 대조)
2025-08-01,가야산,경북·경남,행정,지정·구역,"성주 법전리사지, 경상북도 기념물 지정",btnnews.tv,https://www.btnnews.tv/news/articleView.html?idxno=86744,요약,규칙기반 자동분류(제목·요약 낱말 대조)
2025-07-31,소백산,충북·경북,행정,인사·조직,"단양 청정계곡, 무더위 탈출 '휴캉스 명소' 각광",ccdailynews.com,https://www.ccdailynews.com/news/articleView.html?idxno=2358955,요약,규칙기반 자동분류(제목·요약 낱말 대조)
2025-07-30,가야산,경북·경남,행정,지정·구역,법전리사지 경북도 기념물 중 첫 사지寺址,bulkyo21.com,http://www.bulkyo21.com/news/articleView.html?idxno=62095,요약,규칙기반 자동분류(제목·요약 낱말 대조)
2025-07-30,다도해해상,전남,행정,기타,"한국해양교통안전공단, MTIS 우리선박관리 이용자 우수사례 8건 선정",econonews.co.kr,http://www.econonews.co.kr/news/articleView.html?idxno=398428,요약,규칙기반 자동분류(제목·요약 낱말 대조)
2025-07-30,한려해상,경남·전남,행정,기타,"경남도 ""통영에 1조 원대 해양레저 정부공모 선정됐다""",gnnews.co.kr,https://www.gnnews.co.kr/news/articleView.html?idxno=615456,요약,규칙기반 자동분류(제목·요약 낱말 대조)
2025-07-30,다도해해상,전남,행정,연구·용역,"KOMSA, MTIS 활용 우수사례 공모전 결과 발표",klnews.co.kr,https://www.klnews.co.kr/news/articleView.html?idxno=317555,요약,규칙기반 자동분류(제목·요약 낱말 대조)
2025-07-30,한려해상,경남·전남,행정,기타,"""통영을 한국의 칸쿤으로""…경남도, 1조원대 해양레저 공모 선정",cnbnews.com,https://www.cnbnews.com/news/article.html?no=741442,요약,규칙기반 자동분류(제목·요약 낱말 대조)
2025-07-30,한려해상,경남·전남,행정,기타,"경남도, '한국의 칸쿤' 1조원대 해양레저 정부공모 선정 쾌거!",imaeil.com,https://www.imaeil.com/page/view/2025073013060403925,요약,규칙기반 자동분류(제목·요약 낱말 대조)
2025-07-30,한려해상,경남·전남,행정,기타,"통영시, 1조 원대 공모 선정…세계적인 해양레저관광도시 도약 발판 마...",news.tf.co.kr,https://news.tf.co.kr/read/national/2229134.htm,요약,규칙기반 자동분류(제목·요약 낱말 대조)
2025-07-30,한려해상,경남·전남,행정,기타,1조원대 복합해양레저관광도시 공모에 통영시 선정,daily.hankooki.com,https://daily.hankooki.com/news/articleView.html?idxno=1250599,요약,규칙기반 자동분류(제목·요약 낱말 대조)
2025-07-30,한려해상,경남·전남,행정,기타,"통영을 해양레저관광 거점으로…경남도, 1조 규모 공모 선정",news1.kr,https://www.news1.kr/local/busan-gyeongnam/5863321,요약,규칙기반 자동분류(제목·요약 낱말 대조)
2025-07-30,한려해상,경남·전남,행정,기타,경남도 1조 원대 해양레저 공모 최종 선정!,newsgn.com,https://www.newsgn.com/news/articleView.html?idxno=496126,요약,규칙기반 자동분류(제목·요약 낱말 대조)
2025-07-30,다도해해상,전남,행정,기타,"해양교통안전공단, 'MTIS 활용 우수사례 공모전'서 총 8건 우수사례 선정",cstimes.com,https://www.cstimes.com/news/articleView.html?idxno=659283,요약,규칙기반 자동분류(제목·요약 낱말 대조)
2025-07-29,다도해해상,전남,행정,기타,MTIS로 선박 자율 안전관리 확산 … 운항 정보 활용부터 사고 신속 대응...,biz.newdaily.co.kr,https://biz.newdaily.co.kr/site/data/html/2025/07/29/2025072900125.html,요약,규칙기반 자동분류(제목·요약 낱말 대조)
2025-07-29,다도해해상,전남,행정,기타,"KOMSA, 선박관리 서비스 우수사례 공모전 ‘신아해운’ 최우수상",dailian.co.kr,https://www.dailian.co.kr/news/view/1528983/?sc=Naver,요약,규칙기반 자동분류(제목·요약 낱말 대조)
2025-07-29,다도해해상,전남,행정,기타,"해양교통안전공단, MTIS 우리선박관리 이용자 우수사례 8건 선정",newsis.com,https://www.newsis.com/view/NISX20250729_0003269778,요약,규칙기반 자동분류(제목·요약 낱말 대조)
2025-07-28,덕유산,전북·경남,행정,협약·협력,"세무사들 휴가, 무주로 갈까...제주도로 갈까?",intn.co.kr,http://www.intn.co.kr/news/articleView.html?idxno=2045025,요약,규칙기반 자동분류(제목·요약 낱말 대조)
2025-07-28,월출산,전남,행정,법령·제도,"영암군, 올해 말까지 '여행 원플러스원' 사업 시행",news.mt.co.kr,http://news.mt.co.kr/mtview.php?no=2025072811431761482,요약,규칙기반 자동분류(제목·요약 낱말 대조)
2025-07-26,북한산,서울·경기,행정,협약·협력,"안전보건공단 서울동부지사, 북한산국립공원사무소와 ‘폭염안전 5대 기...",beyondpost.co.kr,http://www.beyondpost.co.kr/view.php?ud=20250726174047898be44c0aacd_30,제목,규칙기반 자동분류(제목·요약 낱말 대조)
2025-07-26,소백산,충북·경북,행정,법령·제도,소백산국립공원 주요 계곡서 '불법.무질서' 행위 단속,tbc.co.kr,https://www.tbc.co.kr/news/view?pno=20250722155657AE08011&id=197689,제목,규칙기반 자동분류(제목·요약 낱말 대조)
2025-07-26,변산반도,전북 부안,행정,지정·구역,"[진경수 山 이야기] 다채로운 풍광을 맛볼 수 있는, ‘내변산’",cc.newdaily.co.kr,https://cc.newdaily.co.kr/site/data/html/2025/07/26/2025072600027.html,요약,규칙기반 자동분류(제목·요약 낱말 대조)
2025-07-26,무등산,광주·전남,행정,기타,이런 곳이 있었어?… 극립공원공단이 추천한 국내 여름 ‘명소’ 6곳,wikitree.co.kr,https://www.wikitree.co.kr/articles/1068466,요약,규칙기반 자동분류(제목·요약 낱말 대조)
2025-07-25,변산반도,전북 부안,행정,지정·구역,"오늘 일출·일몰시간, ""26일(토) 전국 해돋이 명소, 해 뜨는 시간과 해 ...",lecturernews.com,https://www.lecturernews.com/news/articleView.html?idxno=183122,요약,규칙기반 자동분류(제목·요약 낱말 대조)
2025-07-24,변산반도,전북 부안,행정,지정·구역,[호남民心] 부안 김양원-前 전라북도의회 사무처장,geconomy.co.kr,https://www.geconomy.co.kr/news/article.html?no=303716,요약,규칙기반 자동분류(제목·요약 낱말 대조)
2025-07-24,금정산,부산·경남,행정,기타,"[데일리 헬스] '워터밤 여신' 권은비, 빠니보틀과 금정산 등반…여름철...",dailian.co.kr,https://www.dailian.co.kr/news/view/1526974/?sc=Naver,제목,규칙기반 자동분류(제목·요약 낱말 대조)
2025-07-23,한려해상,경남·전남,행정,협약·협력,"수과원, 사천시·국립공원공단과 상괭이 보전 ‘한 뜻’",biz.heraldcorp.com,https://biz.heraldcorp.com/article/10538203?ref=naver,요약,규칙기반 자동분류(제목·요약 낱말 대조)
2025-07-23,덕유산,전북·경남,행정,기타,'피서는 계곡에서' 무주 구천동에 관광안내 상황실 운영,yna.co.kr,https://www.yna.co.kr/view/AKR20250723070200055?input=1195m,요약,규칙기반 자동분류(제목·요약 낱말 대조)
2025-07-23,소백산,충북·경북,행정,법령·제도,"소백산국립공원, 피서객 불법행위 현장 단속",kbmaeil.com,https://www.kbmaeil.com/article/20250723500125,제목,규칙기반 자동분류(제목·요약 낱말 대조)
2025-07-23,금정산,부산·경남,행정,기타,약수 긷던 힘으로 부산에서 파주까지 한 번에 뛰다 [산지컬100],san.chosun.com,http://san.chosun.com/news/articleView.html?idxno=24846,요약,규칙기반 자동분류(제목·요약 낱말 대조)
2025-07-22,속리산,충북·경북,행정,인사·조직,"속리산국립공원, 여름철 불법행위 '사전예고 집중단속' 실시",ggilbo.com,https://www.ggilbo.com/news/articleView.html?idxno=1102222,제목,규칙기반 자동분류(제목·요약 낱말 대조)
2025-07-22,소백산,충북·경북,행정,인사·조직,"소백산국립공원, 여름철 불법·무질서행위 집중 단속",kyongbuk.co.kr,https://www.kyongbuk.co.kr/news/articleView.html?idxno=4047583,제목,규칙기반 자동분류(제목·요약 낱말 대조)
2025-07-22,소백산,충북·경북,행정,법령·제도,"소백산국립공원, 여름철 계곡서 취사·오물투기 집중단속",newsis.com,https://www.newsis.com/view/NISX20250722_0003261760,제목,규칙기반 자동분류(제목·요약 낱말 대조)
2025-07-21,속리산,충북·경북,행정,인사·조직,"속리산국립공원, 여름성수기 불법행위 '사전예고 집중단속'실시",dynews.co.kr,http://www.dynews.co.kr/news/articleView.html?idxno=812442,제목,규칙기반 자동분류(제목·요약 낱말 대조)
2025-07-21,속리산,충북·경북,행정,법령·제도,속리산국립공원 피서객 불법·무질서 행위 집중 단속,news1.kr,https://www.news1.kr/local/sejong-chungbuk/5852948,제목,규칙기반 자동분류(제목·요약 낱말 대조)
2025-07-21,속리산,충북·경북,행정,법령·제도,"속리산국립공원, 피서객 취사·흡연·야영 집중 단속",yna.co.kr,https://www.yna.co.kr/view/AKR20250721043300064?input=1195m,제목,규칙기반 자동분류(제목·요약 낱말 대조)
2025-07-20,변산반도,전북 부안,행정,지정·구역,변산반도 국립공원 내 무단 차박·야영 단속,jtv.co.kr,https://jtv.co.kr/2021/?c=3/10&uid=2195059,제목,규칙기반 자동분류(제목·요약 낱말 대조)
2025-07-20,변산반도,전북 부안,행정,인사·조직,변산반도국립공원사무소 여름 성수기 불법행위 야간 특별단속,domin.co.kr,http://www.domin.co.kr/news/articleView.html?idxno=1522604,제목,규칙기반 자동분류(제목·요약 낱말 대조)
2025-07-18,경주,경북 경주,행정,지정·구역,백주현 작가의 '주상절리' 시리즈 2,digitalbizon.com,http://www.digitalbizon.com/news/articleView.html?idxno=2340464,요약,규칙기반 자동분류(제목·요약 낱말 대조)
2025-07-18,계룡산,대전·충남,행정,인사·조직,"계룡산국립공원사무소, 여름철 불법 및 무질서행위 집중 단속 나서",chungnamilbo.co.kr,http://www.chungnamilbo.co.kr/news/articleView.html?idxno=839883,제목,규칙기반 자동분류(제목·요약 낱말 대조)
2025-07-18,가야산,경북·경남,행정,지정·구역,"가야산국립공원사무소, 여름성수기 불법·무질서 행위 집중단속",seongjuro.co.kr,http://www.seongjuro.co.kr/news/view.php?idx=57825,제목,규칙기반 자동분류(제목·요약 낱말 대조)
2025-07-18,(전체·공통),전국·공통,행정,기타,"여수시도시관리공단, 봉황산자연휴양림 성수기 운영한다",netongs.com,http://www.netongs.com/news/articleView.html?idxno=327096,해당없음,규칙기반 자동분류(제목·요약 낱말 대조)
2025-07-17,팔공산,대구·경북,행정,기타,"[기획] 대구 군위군, 지방행정의 새 모델…전방위 변화로 '미래도시' 도...",news.tf.co.kr,https://news.tf.co.kr/read/national/2224987.htm,요약,규칙기반 자동분류(제목·요약 낱말 대조)
2025-07-16,변산반도,전북 부안,행정,법령·제도,"변산반도국립공원사무소, 여름 성수기 야간 특별단속 진행",sjbnews.com,http://sjbnews.com/news/news.php?number=855240,제목,규칙기반 자동분류(제목·요약 낱말 대조)
2025-07-16,변산반도,전북 부안,행정,인사·조직,"""국립공원 불법 차박-취사 행위 꼼짝마""",jjn.co.kr,http://www.jjn.co.kr/news/articleView.html?idxno=1011797,요약,규칙기반 자동분류(제목·요약 낱말 대조)
2025-07-16,변산반도,전북 부안,행정,법령·제도,부안 변산반도국립공원 여름성수기 야간 특별단속,newsis.com,https://www.newsis.com/view/NISX20250716_0003253698,제목,규칙기반 자동분류(제목·요약 낱말 대조)
2025-07-16,변산반도,전북 부안,행정,지정·구역,"변산반도국립공원, 휴가철 야간 불법 야영 등 특별단속",yna.co.kr,https://www.yna.co.kr/view/AKR20250716047500055?input=1195m,제목,규칙기반 자동분류(제목·요약 낱말 대조)
2025-07-15,내장산,전북·전남,행정,지정·구역,"이복형 의원, ‘단풍의 도시… 정읍다운 정읍을 위해 단풍나무 지속 관...",sjbnews.com,http://sjbnews.com/news/news.php?number=855106,요약,규칙기반 자동분류(제목·요약 낱말 대조)
2025-07-15,내장산,전북·전남,행정,의회·국정감사,정읍시의회 제305회 임시회 개회…23일까지 조례안 등 심의,jjan.kr,https://www.jjan.kr/article/20250715580085,요약,규칙기반 자동분류(제목·요약 낱말 대조)
2025-07-15,내장산,전북·전남,행정,지정·구역,"이복형 의원 ""단풍의 도시, 정읍다운 정읍 만들자""",newscj.com,https://www.newscj.com/news/articleView.html?idxno=3293449,요약,규칙기반 자동분류(제목·요약 낱말 대조)
2025-07-14,가야산,경북·경남,행정,인사·조직,"국립공원공단 주대영 이사장, 합천 가야산국립공원서 현장점검",gndomin.com,http://www.gndomin.com/news/articleView.html?idxno=441171,제목,규칙기반 자동분류(제목·요약 낱말 대조)
2025-07-14,덕유산,전북·경남,행정,인사·조직,'대한민국 국제 관광박람회'에 단독 부스로 참가한 무주 반딧불축제,pressian.com,https://www.pressian.com/pages/articles/2025071410462524599?utm_source=naver&utm_medium=search,요약,규칙기반 자동분류(제목·요약 낱말 대조)
2025-07-14,오대산,강원,행정,지정·구역,"홍천 가볼 만한 곳, 숲, 동물, 워터파크를 즐기는 알찬 코스",topstarnews.net,https://www.topstarnews.net/news/articleView.html?idxno=15731590,요약,규칙기반 자동분류(제목·요약 낱말 대조)
2025-07-14,무등산,광주·전남,행정,예산·재정,"""무등산 화장실 엉터리""…강기정 광주시장, 국립공원공단에 항의",news.tvchosun.com,https://news.tvchosun.com/site/data/html_dir/2025/07/14/2025071490164.html,제목,규칙기반 자동분류(제목·요약 낱말 대조)
2025-07-14,무등산,광주·전남,행정,기타,[광주소식] 남구 민생회복 소비쿠폰 행정력 집중 등,newsis.com,https://www.newsis.com/view/NISX20250714_0003250714,요약,규칙기반 자동분류(제목·요약 낱말 대조)
2025-07-13,속리산,충북·경북,행정,인사·조직,"속리산국립공원사무소, 보은군 노인·장애인 복지관에 쌀 기부",dynews.co.kr,http://www.dynews.co.kr/news/articleView.html?idxno=811175,제목,규칙기반 자동분류(제목·요약 낱말 대조)
2025-07-11,속리산,충북·경북,행정,인사·조직,"속리산국립공원사무소, 보은군 노인·장애인 복지관에 120만 원 상당 쌀...",ccdailynews.com,https://www.ccdailynews.com/news/articleView.html?idxno=2354836,제목,규칙기반 자동분류(제목·요약 낱말 대조)
2025-07-11,가야산,경북·경남,행정,인사·조직,합천 맑고 무더운 날씨에 적합한 실내외 여행지 추천,topstarnews.net,https://www.topstarnews.net/news/articleView.html?idxno=15728812,요약,규칙기반 자동분류(제목·요약 낱말 대조)
2025-07-11,변산반도,전북 부안,행정,지정·구역,"김두례 부안군의원 ""군민이 체감할 수 있는 변화 이끌겠다""",asiatoday.co.kr,https://www.asiatoday.co.kr/view.php?key=20250711010006914,요약,규칙기반 자동분류(제목·요약 낱말 대조)
2025-07-10,지리산,전남·전북·경남,행정,인사·조직,지리산 '한반도의 곰' 전시회,san.chosun.com,http://san.chosun.com/news/articleView.html?idxno=24833,제목,규칙기반 자동분류(제목·요약 낱말 대조)
2025-07-10,소백산,충북·경북,행정,협약·협력,"소백산생태탐방원, 문화유산활용진흥회와 업무협약 체결",ksmnews.co.kr,https://www.ksmnews.co.kr/news/view.php?idx=550925,제목,규칙기반 자동분류(제목·요약 낱말 대조)
2025-07-10,소백산,충북·경북,행정,협약·협력,"소백산생태탐방원, 문화유산 연계 문화유산활용진흥회와 업무 협약",kbmaeil.com,https://www.kbmaeil.com/article/20250710500129,제목,규칙기반 자동분류(제목·요약 낱말 대조)
2025-07-10,소백산,충북·경북,행정,협약·협력,소백산생태탐방원-문화유산활용진흥회 업무협약,dkilbo.com,https://www.dkilbo.com/news/articleView.html?idxno=504723,제목,규칙기반 자동분류(제목·요약 낱말 대조)
2025-07-10,무등산,광주·전남,행정,지정·구역,우정과 만남으로 이룬 영호남 합동포럼 35년 - 이성수 포럼신사고 대표...,kwangju.co.kr,http://www.kwangju.co.kr/article.php?aid=1752073200786409131,요약,규칙기반 자동분류(제목·요약 낱말 대조)
2025-07-09,속리산,충북·경북,행정,협약·협력,[브리프] 현대차기아 LG올레드 KT 한솔 한컴 KGM 한국타이어 넥센타이어...,biztribune.co.kr,http://www.biztribune.co.kr/news/articleView.html?idxno=336734,요약,규칙기반 자동분류(제목·요약 낱말 대조)
2025-07-09,속리산,충북·경북,행정,협약·협력,"[중화학 ON] LIG넥스원, '1회 방위산업의 날' 기념식 동탑산업훈장 外",dealsite.co.kr,https://dealsite.co.kr/articles/144345,요약,규칙기반 자동분류(제목·요약 낱말 대조)
2025-07-09,속리산,충북·경북,행정,협약·협력,"에코프로, 국립공원공단 중부지역본부와 업무협약",businesskorea.co.kr,https://www.businesskorea.co.kr/news/articleView.html?idxno=246650,요약,규칙기반 자동분류(제목·요약 낱말 대조)
2025-07-09,속리산,충북·경북,행정,협약·협력,"에코프로, 국립공원 생물 다양성 보전 모색…ESG 경영 일환",zdnet.co.kr,https://zdnet.co.kr/view/?no=20250709095252,요약,규칙기반 자동분류(제목·요약 낱말 대조)
2025-07-09,속리산,충북·경북,행정,협약·협력,"에코프로, 국립공원 생물다양성 보전 위해 국립공원공단과 맞손",daily.hankooki.com,https://daily.hankooki.com/news/articleView.html?idxno=1240751,요약,규칙기반 자동분류(제목·요약 낱말 대조)
2025-07-09,속리산,충북·경북,행정,협약·협력,"에코프로, 국립공원공단과 맞손…국립공원 생물다양성 보전 나선다",biz.heraldcorp.com,https://biz.heraldcorp.com/article/10527369?ref=naver,요약,규칙기반 자동분류(제목·요약 낱말 대조)
2025-07-08,지리산,전남·전북·경남,행정,지정·구역,큰별산악人[1] 김평진 산악대장···'100대 명산' 뽑은 지리산 블랙야크,globale.co.kr,https://www.globale.co.kr/news/articleView.html?idxno=33868,제목,규칙기반 자동분류(제목·요약 낱말 대조)
2025-07-08,속리산,충북·경북,행정,협약·협력,"국립공원공단 중부지역본부-에코프로, 생물다양성 증진 위해 손잡다",kyongbuk.co.kr,https://www.kyongbuk.co.kr/news/articleView.html?idxno=4046444,요약,규칙기반 자동분류(제목·요약 낱말 대조)
2025-07-08,가야산,경북·경남,행정,예산·재정,남부내륙철도 예산 500억 삭감,seongjuro.co.kr,http://www.seongjuro.co.kr/news/view.php?idx=57711,요약,규칙기반 자동분류(제목·요약 낱말 대조)
2025-07-08,소백산,충북·경북,행정,인사·조직,<포토> 소백산국립공원 형형색색 여름야생화 활짝,ksmnews.co.kr,https://www.ksmnews.co.kr/news/view.php?idx=550335,제목,규칙기반 자동분류(제목·요약 낱말 대조)
2025-07-08,소백산,충북·경북,행정,인사·조직,"""여름 능선에 물든 야생화""…소백산, 지금이 절정입니다",kyongbuk.co.kr,https://www.kyongbuk.co.kr/news/articleView.html?idxno=4046372,제목,규칙기반 자동분류(제목·요약 낱말 대조)
2025-07-08,소백산,충북·경북,행정,기타,‘천상의 화원’ 소백산국립공원 여름 야생화 활짝,biz.heraldcorp.com,https://biz.heraldcorp.com/article/10526775?ref=naver,제목,규칙기반 자동분류(제목·요약 낱말 대조)
2025-07-08,월출산,전남,행정,기타,"영암 독천낙지거리, 전남 남도음식거리 공모 선정…도비 5억 확보",betanews.net,https://www.betanews.net/article/view/beta202507080076,요약,규칙기반 자동분류(제목·요약 낱말 대조)
2025-07-06,한려해상,경남·전남,행정,기타,행정안전부 '2026년 섬의 날' 행사는 전남 여수에서,hankookilbo.com,https://www.hankookilbo.com/News/Read/A2025070614430000637?did=NA,요약,규칙기반 자동분류(제목·요약 낱말 대조)
2025-07-05,경주,경북 경주,행정,지정·구역,백주현 작가의 '주상절리' 시리즈 1,digitalbizon.com,http://www.digitalbizon.com/news/articleView.html?idxno=2340357,요약,규칙기반 자동분류(제목·요약 낱말 대조)
2025-07-04,태안해안,충남 태안,행정,지정·구역,격렬비열도등대 ‘등대유산’ 1호 지정…이틀간 기념행사,news1.kr,https://www.news1.kr/local/daejeon-chungnam/5835458,요약,규칙기반 자동분류(제목·요약 낱말 대조)
2025-07-03,덕유산,전북·경남,행정,지정·구역,지속가능한 국립공원 지정 50년 덕유산에서 그 길을 묻다.,sjbnews.com,http://sjbnews.com/news/news.php?number=854164,제목,규칙기반 자동분류(제목·요약 낱말 대조)
2025-07-03,오대산,강원,행정,인사·조직,국도 6호선 평창~강릉~양양 잇는 진고개 구간 터널 신설…9분 단축,enewstoday.co.kr,http://www.enewstoday.co.kr/news/articleView.html?idxno=2298778,요약,규칙기반 자동분류(제목·요약 낱말 대조)
2025-07-03,오대산,강원,행정,인사·조직,평창∼강릉∼양양 진고개 터널 신설…불편 해소·균형발전 기대,yna.co.kr,https://www.yna.co.kr/view/AKR20250703098600062?input=1195m,요약,규칙기반 자동분류(제목·요약 낱말 대조)
2025-07-03,다도해해상,전남,행정,협약·협력,"목포상공회의소, 청년 일경험 지원 위한 직무교육 개강",pressian.com,https://www.pressian.com/pages/articles/2025070309292457175?utm_source=naver&utm_medium=search,요약,규칙기반 자동분류(제목·요약 낱말 대조)
2025-07-03,치악산,강원 원주,행정,지정·구역,치악산면·청라구·에코델타동?…행정구역 명칭변경 놓고 ‘개명 전쟁’,hani.co.kr,https://www.hani.co.kr/arti/area/gangwon/1205997.html,제목,규칙기반 자동분류(제목·요약 낱말 대조)
2025-07-02,지리산,전남·전북·경남,행정,협약·협력,"지리산전북사무소-에프파인더, 업무협약 체결",jjn.co.kr,http://www.jjn.co.kr/news/articleView.html?idxno=1010503,제목,규칙기반 자동분류(제목·요약 낱말 대조)
2025-07-02,한려해상,경남·전남,행정,연구·용역,"용인특례시의회 '컬처노믹스 연구회', 통영·무주 문화정책 벤치마킹…...",hansbiz.co.kr,http://www.hansbiz.co.kr/news/articleView.html?idxno=758992,요약,규칙기반 자동분류(제목·요약 낱말 대조)
2025-07-02,다도해해상,전남,행정,협약·협력,"목포상공회의소, '미래내일 일경험 지원사업' 직무교육",newsfreezone.co.kr,https://www.newsfreezone.co.kr/news/articleView.html?idxno=634316,요약,규칙기반 자동분류(제목·요약 낱말 대조)
2025-07-02,한려해상,경남·전남,행정,인사·조직,"'2025 K-메가아일랜드 페스티벌', 'K-문화강국' 여수에서 꿈의 라인업 만...",hankyung.com,https://www.hankyung.com/article/202507010546O,요약,규칙기반 자동분류(제목·요약 낱말 대조)
2025-07-01,지리산,전남·전북·경남,행정,협약·협력,지리산국립공원전북사무소·에프파인더 업무협약 체결,domin.co.kr,http://www.domin.co.kr/news/articleView.html?idxno=1520439,제목,규칙기반 자동분류(제목·요약 낱말 대조)
2025-07-01,지리산,전남·전북·경남,행정,인사·조직,[인사] 국립공원공단 본사 간부 및 사무소장 전보,ikld.kr,http://www.ikld.kr/news/articleView.html?idxno=315861,요약,규칙기반 자동분류(제목·요약 낱말 대조)
2025-07-01,무등산,광주·전남,행정,인사·조직,무등산국립공원사무소 노회동 소장 취임,news.bbsi.co.kr,https://news.bbsi.co.kr/news/articleView.html?idxno=4036880,제목,규칙기반 자동분류(제목·요약 낱말 대조)
2025-07-01,가야산,경북·경남,행정,기타,<기획> 성주 가야산 정체성 회복 콘텐츠 제작,seongjuro.co.kr,http://www.seongjuro.co.kr/news/view.php?idx=57658,제목,규칙기반 자동분류(제목·요약 낱말 대조)
2025-07-01,월악산,충북·경북,행정,인사·조직,"박용선 월악산국립공원사무소장 부임 ""자연 속에서 쉼과 행복함을 누릴...",asiatoday.co.kr,https://www.asiatoday.co.kr/view.php?key=20250701010000033,제목,규칙기반 자동분류(제목·요약 낱말 대조)
2025-07-01,태백산,강원·경북,행정,인사·조직,"태백산국립공원, 사무소 개소 9년 만에 첫 여성 소장",newsis.com,https://www.newsis.com/view/NISX20250701_0003235078,제목,규칙기반 자동분류(제목·요약 낱말 대조)
2025-06-30,지리산,전남·전북·경남,행정,인사·조직,지리산국립공원 경남사무소 홍성광 소장 7월1일 부임,newsis.com,https://www.newsis.com/view/NISX20250630_0003233083,제목,규칙기반 자동분류(제목·요약 낱말 대조)
2025-06-30,속리산,충북·경북,행정,인사·조직,"속리산국립공원사무소, 상반기 협치위원회",dynews.co.kr,http://www.dynews.co.kr/news/articleView.html?idxno=809098,제목,규칙기반 자동분류(제목·요약 낱말 대조)
2025-06-30,속리산,충북·경북,행정,기타,"속리산국립공원사무소, 상반기 협치위원회 개최",ccdailynews.com,https://www.ccdailynews.com/news/articleView.html?idxno=2352285,제목,규칙기반 자동분류(제목·요약 낱말 대조)
2025-06-30,다도해해상,전남,행정,인사·조직,"다도해해상국립공원서부사무소, 박관하 소장 부임",siminilbo.co.kr,https://www.siminilbo.co.kr/news/newsview.php?ncode=1160273864481536,제목,규칙기반 자동분류(제목·요약 낱말 대조)
2025-06-30,다도해해상,전남,행정,지정·구역,"진도군의회 ""진도항~창유항 연결 '신조도대교' 건설을""",namdonews.com,http://www.namdonews.com/news/articleView.html?idxno=824833,요약,규칙기반 자동분류(제목·요약 낱말 대조)
2025-06-30,태백산,강원·경북,행정,인사·조직,정성자 태백산국립공원사무소 신임 소장 부임,kwnews.co.kr,https://www.kwnews.co.kr/page/view/2025063014064938601,제목,규칙기반 자동분류(제목·요약 낱말 대조)
2025-06-29,가야산,경북·경남,행정,인사·조직,합천 가야산국립공원사무소 서인교 소장 부임,gndomin.com,http://www.gndomin.com/news/articleView.html?idxno=439406,제목,규칙기반 자동분류(제목·요약 낱말 대조)
2025-06-29,가야산,경북·경남,행정,인사·조직,"가야산국립공원사무소, 서인교 소장 부임",idaegu.co.kr,https://www.idaegu.co.kr/news/articleView.html?idxno=514681,제목,규칙기반 자동분류(제목·요약 낱말 대조)
2025-06-29,태안해안,충남 태안,행정,인사·조직,"충남문화관광재단, 항공관광 활성화 위한 전략 논의",shinailbo.co.kr,http://www.shinailbo.co.kr/news/articleView.html?idxno=2075211,요약,규칙기반 자동분류(제목·요약 낱말 대조)
2025-06-28,내장산,전북·전남,행정,인사·조직,"국립공원공단 주대영 이사장, 내장산국립공원 현장 방문",jjan.kr,https://www.jjan.kr/article/20250627580120,제목,규칙기반 자동분류(제목·요약 낱말 대조)
2025-06-28,월출산,전남,행정,인사·조직,영암군 7월1일자 하반기 정기 인사,siminilbo.co.kr,https://www.siminilbo.co.kr/news/newsview.php?ncode=1160270430194164,요약,규칙기반 자동분류(제목·요약 낱말 대조)
2025-06-27,지리산,전남·전북·경남,행정,인사·조직,[오늘의 인사] 광주광역시·HD현대·한국환경공단 外,mediapen.com,https://www.mediapen.com/news/view/1026574,요약,규칙기반 자동분류(제목·요약 낱말 대조)
2025-06-27,지리산,전남·전북·경남,행정,인사·조직,[오늘의 인사 : 6월 27일] DB그룹·교육부·공정거래위원회·언론중재위...,news2day.co.kr,https://www.news2day.co.kr/article/20250627500110,요약,규칙기반 자동분류(제목·요약 낱말 대조)
2025-06-27,지리산,전남·전북·경남,행정,인사·조직,"[인사] 국립공원공단, 공정거래위원회, 한국경제TV",businesspost.co.kr,https://www.businesspost.co.kr/BP?command=article_view&num=400959,요약,규칙기반 자동분류(제목·요약 낱말 대조)
2025-06-27,지리산,전남·전북·경남,행정,인사·조직,[인사]한국환경공단·국립공원공단,biz.heraldcorp.com,https://biz.heraldcorp.com/article/10519317?ref=naver,요약,규칙기반 자동분류(제목·요약 낱말 대조)
2025-06-27,내장산,전북·전남,행정,인사·조직,"정읍署 청렴선도그룹 청솔회, 겸손과 배려 위한 산상 간담회 개최",jeonmin.co.kr,http://www.jeonmin.co.kr/news/articleView.html?idxno=420601,요약,규칙기반 자동분류(제목·요약 낱말 대조)
2025-06-27,내장산,전북·전남,행정,인사·조직,"정읍경찰서 청솔회, 소통 배려 산상간담회 개최",joongdo.co.kr,https://www.joongdo.co.kr/web/view.php?key=20250627010008370,요약,규칙기반 자동분류(제목·요약 낱말 대조)
2025-06-27,지리산,전남·전북·경남,행정,인사·조직,전두환이 만든 '88지옥도로'를 기억하나요?... 88올림픽고속도로 40년의...,insight.co.kr,https://www.insight.co.kr/news/508932,요약,규칙기반 자동분류(제목·요약 낱말 대조)
2025-06-27,다도해해상,전남,행정,지정·구역,진도군의회 '신조도대교 건설' 촉구 건의안 채택,news1.kr,https://www.news1.kr/local/gwangju-jeonnam/5828409,요약,규칙기반 자동분류(제목·요약 낱말 대조)
2025-06-27,다도해해상,전남,행정,지정·구역,"진도 관매도, 27일 전국 시청자들 찾아간다",hansbiz.co.kr,http://www.hansbiz.co.kr/news/articleView.html?idxno=757733,요약,규칙기반 자동분류(제목·요약 낱말 대조)
2025-06-26,내장산,전북·전남,행정,기타,"정읍경찰서, 청렴선도그룹 청솔회와 산상간담회 열어",domin.co.kr,http://www.domin.co.kr/news/articleView.html?idxno=1519845,요약,규칙기반 자동분류(제목·요약 낱말 대조)
2025-06-26,덕유산,전북·경남,행정,인사·조직,"한국순환자원유통지원센터, 덕유산국립공원사무소와 폐자원 순환체계 ...",etnews.com,https://www.etnews.com/20250626000352,제목,규칙기반 자동분류(제목·요약 낱말 대조)
2025-06-26,덕유산,전북·경남,행정,협약·협력,"덕유산국립공원, 폐비닐 자원순환 시범사업 착수",lak.co.kr,http://www.lak.co.kr/news/boardview.php?id=20496,제목,규칙기반 자동분류(제목·요약 낱말 대조)
2025-06-26,덕유산,전북·경남,행정,협약·협력,"유통지원센터, 덕유산 폐자원 순환체계 구축 위한 업무협약",srtimes.kr,http://www.srtimes.kr/news/articleView.html?idxno=179665,제목,규칙기반 자동분류(제목·요약 낱말 대조)
2025-06-26,덕유산,전북·경남,행정,인사·조직,덕유산 발생 폐자원 순환체계 구축,bosa.co.kr,http://www.bosa.co.kr/news/articleView.html?idxno=2251811,제목,규칙기반 자동분류(제목·요약 낱말 대조)
2025-06-26,다도해해상,전남,행정,지정·구역,"진도 관매도, 27일 전국의 시청자들 찾아간다",siminsori.com,http://www.siminsori.com/news/articleView.html?idxno=293631,요약,규칙기반 자동분류(제목·요약 낱말 대조)
2025-06-26,다도해해상,전남,행정,지정·구역,"진도 관매도, 27일(금) 전국의 시청자들 찾아간다",newswhoplus.com,https://www.newswhoplus.com/news/articleView.html?idxno=31138,요약,규칙기반 자동분류(제목·요약 낱말 대조)
2025-06-26,다도해해상,전남,행정,지정·구역,"진도 관매도, 전국의 시청자들 찾아간다",shinailbo.co.kr,http://www.shinailbo.co.kr/news/articleView.html?idxno=2074083,요약,규칙기반 자동분류(제목·요약 낱말 대조)
2025-06-26,다도해해상,전남,행정,지정·구역,"진도군, '진도 관매도, 27일(금) 전국의 시청자들 찾아가'",queen.co.kr,http://www.queen.co.kr/news/articleView.html?idxno=436837,요약,규칙기반 자동분류(제목·요약 낱말 대조)
2025-06-26,다도해해상,전남,행정,지정·구역,"진도 관매도, 예능 방송으로 전국 시청자들 찾아간다",enewstoday.co.kr,http://www.enewstoday.co.kr/news/articleView.html?idxno=2295285,요약,규칙기반 자동분류(제목·요약 낱말 대조)
2025-06-26,한려해상,경남·전남,행정,인사·조직,"기아, 이동약자 지원 위한 MOU 체결…변산반도·한려해상 국립공원 체험...",autodaily.co.kr,https://www.autodaily.co.kr/news/articleView.html?idxno=532691,제목,규칙기반 자동분류(제목·요약 낱말 대조)
2025-06-26,변산반도,전북 부안,행정,인사·조직,"기아, 이동약자 섬·바다 여행 지원",hankyung.com,https://www.hankyung.com/article/2025062625681,요약,규칙기반 자동분류(제목·요약 낱말 대조)
2025-06-26,변산반도,전북 부안,행정,협약·협력,"기아, 국립공원공단과 협약 맺고 장애인의 섬·바다 여행 지원하는 프로...",wikitree.co.kr,https://www.wikitree.co.kr/articles/1060485,요약,규칙기반 자동분류(제목·요약 낱말 대조)
2025-06-26,변산반도,전북 부안,행정,인사·조직,"기아 초록여행, 이동약자 섬·바다 여행 지원한다",ebn.co.kr,https://www.ebn.co.kr/news/articleView.html?idxno=1668275,요약,규칙기반 자동분류(제목·요약 낱말 대조)
2025-06-26,변산반도,전북 부안,행정,인사·조직,"기아 초록여행, 장애인 섬·바다 여행 프로그램 신설‥8월 참여자 모집",ablenews.co.kr,https://www.ablenews.co.kr/news/articleView.html?idxno=222702,요약,규칙기반 자동분류(제목·요약 낱말 대조)
2025-06-26,변산반도,전북 부안,행정,협약·협력,[M CAR News] 제네시스·기아,metroseoul.co.kr,http://www.metroseoul.co.kr/article/20250626500478,요약,규칙기반 자동분류(제목·요약 낱말 대조)
2025-06-26,변산반도,전북 부안,행정,협약·협력,"기아, 국립공원공단과 이동약자 섬·바다 여행 지원 협력",smarttimes.co.kr,http://www.smarttimes.co.kr/news/articleView.html?idxno=34728,요약,규칙기반 자동분류(제목·요약 낱말 대조)
2025-06-26,변산반도,전북 부안,행정,협약·협력,"기아, 장애인과 섬·바다 여행 떠난다…""이동권 향상 지원""",sedaily.com,https://www.sedaily.com/NewsView/2GU8375PCS,요약,규칙기반 자동분류(제목·요약 낱말 대조)
2025-06-26,변산반도,전북 부안,행정,협약·협력,"[함께가자 우리ESG] 기아, 국립공원과 손잡고 이동약자 '섬 여행' 지원 ...",newslock.co.kr,http://www.newslock.co.kr/news/articleView.html?idxno=111014,요약,규칙기반 자동분류(제목·요약 낱말 대조)
2025-06-26,변산반도,전북 부안,행정,협약·협력,"기아 초록여행, 이동약자 및 장애인 위해 섬·바다 여행 프로그램 신설",dailycar.co.kr,https://www.dailycar.co.kr/content/news.html?type=view&autoId=57809,요약,규칙기반 자동분류(제목·요약 낱말 대조)
2025-06-26,변산반도,전북 부안,행정,인사·조직,"기아, 이동약자 섬·바다 여행 지원..국립공원공단과 협약",4th.kr,http://www.4th.kr/news/articleView.html?idxno=2089086,요약,규칙기반 자동분류(제목·요약 낱말 대조)
2025-06-26,변산반도,전북 부안,행정,인사·조직,"기아, 장애인 섬-바다 여행 지원",choicenews.co.kr,http://www.choicenews.co.kr/news/articleView.html?idxno=149530,요약,규칙기반 자동분류(제목·요약 낱말 대조)
2025-06-26,변산반도,전북 부안,행정,인사·조직,"기아 초록여행, 이동약자 섬·바다 여행 지원 프로그램 신설",sisaon.co.kr,http://www.sisaon.co.kr/news/articleView.html?idxno=172530,요약,규칙기반 자동분류(제목·요약 낱말 대조)
2025-06-26,변산반도,전북 부안,행정,인사·조직,"기아 초록여행, 이동약자 섬·바다 여행 지원",dt.co.kr,https://www.dt.co.kr/contents.html?article_no=2025062602109932091003&ref=naver,요약,규칙기반 자동분류(제목·요약 낱말 대조)
2025-06-26,한려해상,경남·전남,행정,협약·협력,기아 “이동약자와 변산반도·한려해상 국립공원 달려요”,kwangju.co.kr,http://www.kwangju.co.kr/article.php?aid=1750903800785835279,제목,규칙기반 자동분류(제목·요약 낱말 대조)
2025-06-26,변산반도,전북 부안,행정,협약·협력,기아는 '초록여행' 섬·바다 여행 프로그램을 어떻게 확대하나?,newsworker.co.kr,http://www.newsworker.co.kr/news/articleView.html?idxno=384428,요약,규칙기반 자동분류(제목·요약 낱말 대조)
2025-06-26,변산반도,전북 부안,행정,인사·조직,"기아, '초록여행'에 장애인 섬·바다 여행 프로그램 신설",newsdream.kr,http://www.newsdream.kr/news/articleView.html?idxno=87880,요약,규칙기반 자동분류(제목·요약 낱말 대조)
2025-06-26,변산반도,전북 부안,행정,협약·협력,"국립공원공단, 이동약자 탐방 지원 강화…1박2일 프로그램 마련",newspim.com,https://www.newspim.com/news/view/20250626000215,요약,규칙기반 자동분류(제목·요약 낱말 대조)
2025-06-26,변산반도,전북 부안,행정,협약·협력,장애인 이동권 넓히는 기아…'섬·바다 여행 지원' MOU 체결,news.tf.co.kr,https://news.tf.co.kr/read/economy/2218329.htm,요약,규칙기반 자동분류(제목·요약 낱말 대조)
2025-06-26,변산반도,전북 부안,행정,협약·협력,"기아, 국립공원공단과 이동약자 섬·바다 여행 지원",etoday.co.kr,https://www.etoday.co.kr/news/view/2482249,요약,규칙기반 자동분류(제목·요약 낱말 대조)
2025-06-26,변산반도,전북 부안,행정,협약·협력,"기아 초록여행, 섬·바다 여행 추가…장애인 여행 경험 지원 확대",m-i.kr,http://www.m-i.kr/news/articleView.html?idxno=1253553,요약,규칙기반 자동분류(제목·요약 낱말 대조)
2025-06-25,경주,경북 경주,행정,인사·조직,"포스코엠텍, 국립공원공단 시각장애인 위한 ESG 협력사업 지원",ksmnews.co.kr,https://www.ksmnews.co.kr/news/view.php?idx=547993,요약,규칙기반 자동분류(제목·요약 낱말 대조)
2025-06-25,경주,경북 경주,행정,지정·구역,‘불교 노천 박물관’ 경주국립공원의 남산을 걷다 [두시기행문],nownews.seoul.co.kr,https://nownews.seoul.co.kr/news/newsView.php?id=20250625601017&wlog_tag3=naver,제목,규칙기반 자동분류(제목·요약 낱말 대조)
2025-06-25,한려해상,경남·전남,행정,협약·협력,"한려해상생태탐방원, 통영관광개발공사 지역 생태관광 활성화를 위한 업...",newsgn.com,https://www.newsgn.com/news/articleView.html?idxno=489743,제목,규칙기반 자동분류(제목·요약 낱말 대조)
2025-06-25,덕유산,전북·경남,행정,협약·협력,"야영장 폐비닐만 6톤… 순환자원유통지원센터, 국립공원 자원순환 나서",greenpostkorea.co.kr,https://www.greenpostkorea.co.kr/news/articleView.html?idxno=302433,요약,규칙기반 자동분류(제목·요약 낱말 대조)
2025-06-25,덕유산,전북·경남,행정,인사·조직,"순환자원유통센터, 덕유산국립공원에 폐자원 순환체계 구축",womentimes.co.kr,http://www.womentimes.co.kr/news/articleView.html?idxno=88613,제목,규칙기반 자동분류(제목·요약 낱말 대조)
2025-06-25,덕유산,전북·경남,행정,인사·조직,"한국순환자원유통지원센터-덕유산국립공원, 폐비닐 순환경제 업무협약...",onews.tv,https://www.onews.tv/news/articleView.html?idxno=249280,제목,규칙기반 자동분류(제목·요약 낱말 대조)
2025-06-25,덕유산,전북·경남,행정,인사·조직,국립공원에서 자원순환의 모범 사례 만든다! 유통지원센터-덕유산국립...,ekn.kr,https://www.ekn.kr/web/view.php?key=20250625023380326,제목,규칙기반 자동분류(제목·요약 낱말 대조)
2025-06-25,덕유산,전북·경남,행정,인사·조직,"순환자원유통지원센터–덕유산국립공원사무소, 폐자원 순환체계 구축 업...",ikld.kr,http://www.ikld.kr/news/articleView.html?idxno=315479,제목,규칙기반 자동분류(제목·요약 낱말 대조)
2025-06-25,덕유산,전북·경남,행정,협약·협력,"한국순환자원유통지원센터, 폐자원 순환체계 구축 나선다.",weekly.hankooki.com,https://weekly.hankooki.com/news/articleView.html?idxno=7116977,요약,규칙기반 자동분류(제목·요약 낱말 대조)
2025-06-25,다도해해상,전남,행정,법령·제도,"목포해양경찰서, 목포지역방제대책협의회 정기회의 개최",shinailbo.co.kr,http://www.shinailbo.co.kr/news/articleView.html?idxno=2073645,요약,규칙기반 자동분류(제목·요약 낱말 대조)
2025-06-24,가야산,경북·경남,행정,인사·조직,가야산국립공원 등 공공기관 사칭 사기 기승 주의,seongjuro.co.kr,http://www.seongjuro.co.kr/news/view.php?idx=57579,제목,규칙기반 자동분류(제목·요약 낱말 대조)
2025-06-24,다도해해상,전남,행정,지정·구역,대통령 공약 '신조도대교' 건설 촉구 잇따라,news1.kr,https://www.news1.kr/local/gwangju-jeonnam/5823840,요약,규칙기반 자동분류(제목·요약 낱말 대조)
2025-06-22,경주,경북 경주,행정,기타,'2025 금장대 사생백일장 대회' 성황리 마쳐... 1000여명 몰려,kbsm.net,https://www.kbsm.net/news/view.php?idx=479658,요약,규칙기반 자동분류(제목·요약 낱말 대조)
2025-06-22,한려해상,경남·전남,행정,인사·조직,"한려해상국립공원, AI 기반 해양생물 모니터링 시스템 구축!",newsgn.com,https://www.newsgn.com/news/articleView.html?idxno=489020,제목,규칙기반 자동분류(제목·요약 낱말 대조)
2025-06-22,내장산,전북·전남,행정,인사·조직,"정읍시, 내장산 협치위원회서 '인구 늘리기' 동참 당부",jeonmin.co.kr,http://www.jeonmin.co.kr/news/articleView.html?idxno=420199,제목,규칙기반 자동분류(제목·요약 낱말 대조)
2025-06-22,내장산,전북·전남,행정,협약·협력,"“인구 늘리기, 모두의 과제”정읍시, 내장산 국립공원 협치 협조 요청",sjbnews.com,http://sjbnews.com/news/news.php?number=853064,제목,규칙기반 자동분류(제목·요약 낱말 대조)
2025-06-22,내장산,전북·전남,행정,인사·조직,정읍 내장산서 ‘조선왕조실록 이안’ 기념행사…문화유산 수호 정신 되...,segye.com,http://www.segye.com/newsView/20250622509805?OutUrl=naver,제목,규칙기반 자동분류(제목·요약 낱말 대조)
2025-06-22,내장산,전북·전남,행정,협약·협력,"한경동 정읍 내장산국립공원사무소장 ""인구 늘리기, 모두의 과제""",asiatoday.co.kr,https://www.asiatoday.co.kr/view.php?key=20250622010010571,제목,규칙기반 자동분류(제목·요약 낱말 대조)
2025-06-22,금정산,부산·경남,행정,지정·구역,부산시민 모여 ‘금정산 국립공원 지정’ 요청,fnnews.com,http://www.fnnews.com/news/202506221921006167,제목,규칙기반 자동분류(제목·요약 낱말 대조)
2025-06-21,오대산,강원,행정,인사·조직,<주간 법보신문 브리핑>,btnnews.tv,https://www.btnnews.tv/news/articleView.html?idxno=86300,요약,규칙기반 자동분류(제목·요약 낱말 대조)
2025-06-21,치악산,강원 원주,행정,협약·협력,"치악산 국립공원, 대한불교 조계종 구룡사와 업무협약",kado.net,https://www.kado.net/news/articleView.html?idxno=1317865,제목,규칙기반 자동분류(제목·요약 낱말 대조)
2025-06-20,내장산,전북·전남,행정,협약·협력,"정읍시, 내장산국립공원 협치위서 협조 요청",goodnews1.com,https://www.goodnews1.com/news/articleView.html?idxno=448789,제목,규칙기반 자동분류(제목·요약 낱말 대조)
2025-06-20,내장산,전북·전남,행정,기타,"정읍시 ""인구감소, 함께 극복하자""… 내장산국립공원 협치위원회서 공감...",newscj.com,https://www.newscj.com/news/articleView.html?idxno=3284028,제목,규칙기반 자동분류(제목·요약 낱말 대조)
2025-06-20,내장산,전북·전남,행정,기타,"정읍시-내장산국립공원 협치위원회, 인구늘리기 모색",jeollailbo.com,http://www.jeollailbo.com/news/articleView.html?idxno=770501,제목,규칙기반 자동분류(제목·요약 낱말 대조)
2025-06-20,치악산,강원 원주,행정,협약·협력,[포토뉴스]치악산국립공원사무소·구룡사 MOU,kwnews.co.kr,https://www.kwnews.co.kr/page/view/2025062016275618636,제목,규칙기반 자동분류(제목·요약 낱말 대조)
2025-06-20,치악산,강원 원주,행정,협약·협력,"치악산국립공원사무소, 구룡사와 전통문화 체험 협력 강화",newspim.com,https://www.newspim.com/news/view/20250620000828,제목,규칙기반 자동분류(제목·요약 낱말 대조)
2025-06-20,월출산,전남,행정,기타,"[위클리오늘] 영암군, 민선8기 4계절 녹색도시 영암···숲에서 삶을 잇...",weeklytoday.com,http://www.weeklytoday.com/news/articleView.html?idxno=704445,요약,규칙기반 자동분류(제목·요약 낱말 대조)
2025-06-20,금정산,부산·경남,행정,지정·구역,부산 금정산국립공원 지정 코앞…시민사회 관심 결집,biz.heraldcorp.com,https://biz.heraldcorp.com/article/10514287?ref=naver,제목,규칙기반 자동분류(제목·요약 낱말 대조)
2025-06-20,금정산,부산·경남,행정,지정·구역,“금정산을 국립공원으로”…시민포럼서 행정절차 촉구,inews24.com,http://www.inews24.com/view/1856700,제목,규칙기반 자동분류(제목·요약 낱말 대조)
2025-06-20,금정산,부산·경남,행정,지정·구역,“금정산을 국립공원으로”…부산 시민 포럼서 행정절차 촉구,seoul.co.kr,https://www.seoul.co.kr/news/society/2025/06/20/20250620500149?wlog_tag3=naver,제목,규칙기반 자동분류(제목·요약 낱말 대조)
2025-06-20,금정산,부산·경남,행정,지정·구역,금정산 국립공원 지정 촉구…부산시·시민사회 한목소리,cnbnews.com,https://www.cnbnews.com/news/article.html?no=732958,제목,규칙기반 자동분류(제목·요약 낱말 대조)
2025-06-20,금정산,부산·경남,행정,지정·구역,"부산시, '금정산 국립공원 지정' 앞두고 시민포럼 개최",pennmike.com,https://www.pennmike.com/news/articleView.html?idxno=103372,제목,규칙기반 자동분류(제목·요약 낱말 대조)
2025-06-20,금정산,부산·경남,행정,지정·구역,'부산 금정산을 국립공원으로'...행정절차 촉구 시민포럼,fnnews.com,http://www.fnnews.com/news/202506200910098198,제목,규칙기반 자동분류(제목·요약 낱말 대조)
2025-06-20,금정산,부산·경남,행정,연구·용역,"""금정산을 국립공원으로"" 오늘 행정절차 촉구 시민포럼",newsis.com,https://www.newsis.com/view/NISX20250620_0003220617,제목,규칙기반 자동분류(제목·요약 낱말 대조)
2025-06-20,금정산,부산·경남,행정,지정·구역,금정산국립공원 지정 앞당기자…부산 시민사회 관심 결집,news1.kr,https://www.news1.kr/local/busan-gyeongnam/5819824,제목,규칙기반 자동분류(제목·요약 낱말 대조)
2025-06-20,금정산,부산·경남,행정,지정·구역,금정산국립공원 지정 절차 막바지…시민사회 의지 결집,sedaily.com,https://www.sedaily.com/NewsView/2GU5A7SNM9,제목,규칙기반 자동분류(제목·요약 낱말 대조)
2025-06-19,지리산,전남·전북·경남,행정,협약·협력,"국립순천대, 외국인 유학생 대상 '글로컬 탐방 프로그램' 업무협약 체결",news.tf.co.kr,https://news.tf.co.kr/read/national/2216249.htm,요약,규칙기반 자동분류(제목·요약 낱말 대조)
2025-06-19,가야산,경북·경남,행정,인사·조직,합천 가야산국립공원사무소 사칭한 물품 납품 사기 '각별한 주의 당부',gndomin.com,http://www.gndomin.com/news/articleView.html?idxno=438344,제목,규칙기반 자동분류(제목·요약 낱말 대조)
2025-06-19,오대산,강원,행정,인사·조직,[포토뉴스] 오대산국립공원 협치위원회,kwnews.co.kr,https://www.kwnews.co.kr/page/view/2025061911461934866,제목,규칙기반 자동분류(제목·요약 낱말 대조)
2025-06-19,주왕산,경북,행정,인사·조직,"격렬비열도 사랑운동본부, 주왕산 산불 피해 복구 기부금 전달",kyongbuk.co.kr,https://www.kyongbuk.co.kr/news/articleView.html?idxno=4044814,제목,규칙기반 자동분류(제목·요약 낱말 대조)
2025-06-19,변산반도,전북 부안,행정,협약·협력,"변산반도국립공원사무소, 부안서해로타리클럽과 ESG 경영협력·국립공원...",domin.co.kr,http://www.domin.co.kr/news/articleView.html?idxno=1518943,제목,규칙기반 자동분류(제목·요약 낱말 대조)
2025-06-18,속리산,충북·경북,행정,인사·조직,"속리산국립공원사무소 본소 및 분소 대상, 이동상담·스트레스 상담실 ...",dynews.co.kr,http://www.dynews.co.kr/news/articleView.html?idxno=807372,제목,규칙기반 자동분류(제목·요약 낱말 대조)
2025-06-18,속리산,충북·경북,행정,인사·조직,"보은군정신건강복지센터, 국립공원사무소 직원 대상 정신건강 캠페인",inews365.com,https://www.inews365.com/news/article.html?no=871552,요약,규칙기반 자동분류(제목·요약 낱말 대조)
2025-06-18,덕유산,전북·경남,행정,인사·조직,국립공원공단 사칭 물품 납품 사기 각별한 주의 당부,sjbnews.com,http://sjbnews.com/news/news.php?number=852896,요약,규칙기반 자동분류(제목·요약 낱말 대조)
2025-06-18,소백산,충북·경북,행정,협약·협력,"소백산국립공원, 협치위원회 개최…""협력체계 강화""",newsis.com,https://www.newsis.com/view/NISX20250618_0003217511,제목,규칙기반 자동분류(제목·요약 낱말 대조)
2025-06-18,소백산,충북·경북,행정,기타,소백산국립공원 상반기 협치위원회 개최,dkilbo.com,https://www.dkilbo.com/news/articleView.html?idxno=501428,제목,규칙기반 자동분류(제목·요약 낱말 대조)
2025-06-18,북한산,서울·경기,행정,기타,"국립공원공단 사칭 납품사기 잇따라…""계약 진위 확인 필요""",news.sbs.co.kr,https://news.sbs.co.kr/news/endPage.do?news_id=N1008142158&plink=ORI&cooper=NAVER,요약,규칙기반 자동분류(제목·요약 낱말 대조)
2025-06-17,지리산,전남·전북·경남,행정,인사·조직,지리산서 문화·생태 공존 메시지 ‘한반도의 곰’ 특별전,newsis.com,https://www.newsis.com/view/NISX20250617_0003216221,제목,규칙기반 자동분류(제목·요약 낱말 대조)
2025-06-17,경주,경북 경주,행정,기타,국립공원공단 사칭 납품 사기 발생…실제 대금 송금 피해도,gukjenews.com,https://www.gukjenews.com/news/articleView.html?idxno=3301261,요약,규칙기반 자동분류(제목·요약 낱말 대조)
2025-06-17,경주,경북 경주,행정,인사·조직,"국립공원공단 사칭한 물품 납품 사기 발생, '각별한 주의 당부'",dkilbo.com,https://www.dkilbo.com/news/articleView.html?idxno=501366,요약,규칙기반 자동분류(제목·요약 낱말 대조)
2025-06-17,경주,경북 경주,행정,인사·조직,"경주서 공공기관 납품 사칭 기승... 경찰 ""선납금 요구, 반드시 의심해...",kbsm.net,https://www.kbsm.net/news/view.php?idx=479089,제목,규칙기반 자동분류(제목·요약 낱말 대조)
2025-06-17,경주,경북 경주,행정,인사·조직,국립공원공단 사칭한 물품 납품 사기 발생,news.lghellovision.net,http://news.lghellovision.net/news/articleView.html?idxno=509906,요약,규칙기반 자동분류(제목·요약 낱말 대조)
2025-06-17,내장산,전북·전남,행정,인사·조직,"내장산국립공원사무소, 공단 직원 사칭 납품사기 주의 당부",jeonmin.co.kr,http://www.jeonmin.co.kr/news/articleView.html?idxno=419912,제목,규칙기반 자동분류(제목·요약 낱말 대조)
2025-06-17,가야산,경북·경남,행정,인사·조직,공무원 사칭 물품 납품 사기 '주의' 당부,idaegu.co.kr,https://www.idaegu.co.kr/news/articleView.html?idxno=513415,요약,규칙기반 자동분류(제목·요약 낱말 대조)
2025-06-17,태안해안,충남 태안,행정,인사·조직,"태안국립공원공단 공무원 사칭 사기 발생… ""주의 당부""",jbnews.com,https://www.jbnews.com/news/articleView.html?idxno=1479873,요약,규칙기반 자동분류(제목·요약 낱말 대조)
2025-06-17,태안해안,충남 태안,행정,인사·조직,"""국립공원으로 보내주세요""...공단 사칭 물품사기 발생",newspim.com,https://www.newspim.com/news/view/20250617000484,요약,규칙기반 자동분류(제목·요약 낱말 대조)
2025-06-17,태안해안,충남 태안,행정,인사·조직,"국립공원공단, 공단직원 사칭한 물품 납품 사기 주의 당부",joongdo.co.kr,https://www.joongdo.co.kr/web/view.php?key=20250617010004781,요약,규칙기반 자동분류(제목·요약 낱말 대조)
2025-06-17,다도해해상,전남,행정,협약·협력,진도 갯벌 뒤덮은 생태계교란종 ‘갯줄풀’ 제거 착수,view.asiae.co.kr,https://view.asiae.co.kr/article/2025061709103185359,요약,규칙기반 자동분류(제목·요약 낱말 대조)
2025-06-17,북한산,서울·경기,행정,인사·조직,공공기관 사칭 납품사기 확산…국립공원공단도 표적,newspim.com,https://www.newspim.com/news/view/20250617000364,요약,규칙기반 자동분류(제목·요약 낱말 대조)
2025-06-17,북한산,서울·경기,행정,인사·조직,공무원 이어 국립공원공단 직원 사칭 사기 기승…주의 당부,nocutnews.co.kr,https://www.nocutnews.co.kr/news/6356154?utm_source=naver&utm_medium=article&utm_campaign=20250617040443,요약,규칙기반 자동분류(제목·요약 낱말 대조)
2025-06-17,북한산,서울·경기,행정,인사·조직,"""공단 직원인데요"" 국립공원사무소에 납품 사기, 실제 피해",newsis.com,https://www.newsis.com/view/NISX20250617_0003216549,요약,규칙기반 자동분류(제목·요약 낱말 대조)
2025-06-16,설악산,강원,행정,기타,[구례소식]'아이언맨 구례 코리아' 자원봉사 700명 모집 등,newsis.com,https://www.newsis.com/view/NISX20250616_0003214642,요약,규칙기반 자동분류(제목·요약 낱말 대조)
2025-06-16,소백산,충북·경북,행정,협약·협력,"소백산국립공원북부사무소, 문화자원협력위원회 개최",inews365.com,https://www.inews365.com/news/article.html?no=871093,제목,규칙기반 자동분류(제목·요약 낱말 대조)
2025-06-15,태안해안,충남 태안,행정,협약·협력,"도미니카공화국 환경부 차관, 태안군 주요 현장 방문",cctimes.kr,http://www.cctimes.kr/news/articleView.html?idxno=850677,요약,규칙기반 자동분류(제목·요약 낱말 대조)
2025-06-14,속리산,충북·경북,행정,인사·조직,‘뛰어야 산다’ 이봉주 출격→율희 탈수→이장준 질주(ft.차은우)…OTT ...,enter.etoday.co.kr,http://enter.etoday.co.kr/news/view/278939,요약,규칙기반 자동분류(제목·요약 낱말 대조)
2025-06-14,속리산,충북·경북,행정,지정·구역,"""산은 사람을 떠나지 않건만, 사람이 산을 떠나는구나""",hapt.co.kr,https://www.hapt.co.kr/news/articleView.html?idxno=165592,요약,규칙기반 자동분류(제목·요약 낱말 대조)
2025-06-13,속리산,충북·경북,행정,기타,'탄소 줄이는 도시락' 속리산서 시범운영,news.bbsi.co.kr,https://news.bbsi.co.kr/news/articleView.html?idxno=4034427,제목,규칙기반 자동분류(제목·요약 낱말 대조)
2025-06-13,태안해안,충남 태안,행정,협약·협력,"도미니카공화국, 태안군 '첨단 안전망' 벤치마킹",newstnt.com,http://www.newstnt.com/news/articleView.html?idxno=499072,요약,규칙기반 자동분류(제목·요약 낱말 대조)
2025-06-13,태안해안,충남 태안,행정,협약·협력,태안군 방문한 도미니카공화국 환경부 차관,shinailbo.co.kr,http://www.shinailbo.co.kr/news/articleView.html?idxno=2067038,요약,규칙기반 자동분류(제목·요약 낱말 대조)
2025-06-13,무등산,광주·전남,행정,지정·구역,"광주경총, 강운태 전 시장 초청 금요조찬 포럼 '성료'",nocutnews.co.kr,https://www.nocutnews.co.kr/news/6354290?utm_source=naver&utm_medium=article&utm_campaign=20250613100152,요약,규칙기반 자동분류(제목·요약 낱말 대조)
2025-06-12,지리산,전남·전북·경남,행정,인사·조직,'야생동물 공존' 위해 지리산서 한국·태국 손잡다,gnmaeil.com,http://www.gnmaeil.com/news/articleView.html?idxno=565081,제목,규칙기반 자동분류(제목·요약 낱말 대조)
2025-06-12,한려해상,경남·전남,행정,인사·조직,"한려해상 동부사무소, 거제 학동탐방안내소 개소",gnnews.co.kr,https://www.gnnews.co.kr/news/articleView.html?idxno=611264,제목,규칙기반 자동분류(제목·요약 낱말 대조)
2025-06-12,한려해상,경남·전남,행정,인사·조직,한려해상국립공원동부사무소 학동탐방안내소 개소식 개최,newsgn.com,https://www.newsgn.com/news/articleView.html?idxno=487549,제목,규칙기반 자동분류(제목·요약 낱말 대조)
2025-06-12,지리산,전남·전북·경남,행정,지정·구역,지리산보다 15배 넓은 파타고니아 대표 국립공원,san.chosun.com,http://san.chosun.com/news/articleView.html?idxno=24793,제목,규칙기반 자동분류(제목·요약 낱말 대조)
2025-06-11,경주,경북 경주,행정,기타,"경주국립공원, 지역 예술가들과 사진전…""과거와 현재, 문화유산을 잇다...",gukjenews.com,https://www.gukjenews.com/news/articleView.html?idxno=3296396,제목,규칙기반 자동분류(제목·요약 낱말 대조)
2025-06-11,경주,경북 경주,행정,기타,"경주국립공원, 지역 예술가와 함께하는 문화유산 사진전시회",ksmnews.co.kr,https://www.ksmnews.co.kr/news/view.php?idx=545036,제목,규칙기반 자동분류(제목·요약 낱말 대조)
2025-06-11,경주,경북 경주,행정,기타,"경주국립공원, 지역 예술가와 함께하는 문화유산 사진전시회 개최",dkilbo.com,https://www.dkilbo.com/news/articleView.html?idxno=500310,제목,규칙기반 자동분류(제목·요약 낱말 대조)
2025-06-11,속리산,충북·경북,행정,인사·조직,"속리산국립공원, 저탄소 바우처 도시락 시범사업 운영",dynews.co.kr,http://www.dynews.co.kr/news/articleView.html?idxno=806290,제목,규칙기반 자동분류(제목·요약 낱말 대조)
2025-06-11,다도해해상,전남,행정,인사·조직,주민조직연대 “항일의 섬” 소안도(所安島),jndn.com,http://www.jndn.com/article.php?aid=1749620940411280008,요약,규칙기반 자동분류(제목·요약 낱말 대조)
2025-06-10,경주,경북 경주,행정,협약·협력,"경주국립공원사무소, APEC 맞아 '경주의 자연과 문화' 사진전 순회 개최",kyongbuk.co.kr,https://www.kyongbuk.co.kr/news/articleView.html?idxno=4043985,제목,규칙기반 자동분류(제목·요약 낱말 대조)
2025-06-09,오대산,강원,행정,지정·구역,오대산국립공원 지정 50주년 '함께 희망의 길을 걷다',bulkyo21.com,http://www.bulkyo21.com/news/articleView.html?idxno=61705,제목,규칙기반 자동분류(제목·요약 낱말 대조)
2025-06-09,오대산,강원,행정,지정·구역,"오대산국립공원 지정 50주년..월정사, '천년 숲을 걷다'",btnnews.tv,https://www.btnnews.tv/news/articleView.html?idxno=86159,제목,규칙기반 자동분류(제목·요약 낱말 대조)
2025-06-09,오대산,강원,행정,지정·구역,함께 희망의 길을 걷다…오대산 천년숲 선재길 걷기 행사 '성료',news1.kr,https://www.news1.kr/life-culture/religion/5807175,제목,규칙기반 자동분류(제목·요약 낱말 대조)
2025-06-09,한려해상,경남·전남,행정,의회·국정감사,"이광일 도의원, 2026여수세계섬박람회 성공 개최를 위한 특별위원회 구...",netongs.com,http://www.netongs.com/news/articleView.html?idxno=326262,요약,규칙기반 자동분류(제목·요약 낱말 대조)
2025-06-09,한려해상,경남·전남,행정,의회·국정감사,"이광일 전남도의원, 2026여수세계섬박람회 지원 특별위원회 구성 결의안...",newstnt.com,http://www.newstnt.com/news/articleView.html?idxno=496911,요약,규칙기반 자동분류(제목·요약 낱말 대조)
2025-06-09,한려해상,경남·전남,행정,의회·국정감사,"이광일 전남도의원, 2026여수세계섬박람회 성공 개최 특별위원회 구성",cnbnews.com,https://www.cnbnews.com/news/article.html?no=730282,요약,규칙기반 자동분류(제목·요약 낱말 대조)
2025-06-09,한려해상,경남·전남,행정,예산·재정,"""예산지원·정부협력 절실""… 전남도의회, 여수섬박람회 특위 추진",hansbiz.co.kr,http://www.hansbiz.co.kr/news/articleView.html?idxno=753928,요약,규칙기반 자동분류(제목·요약 낱말 대조)
2025-06-09,한려해상,경남·전남,행정,의회·국정감사,"이광일 전남도의원, 2026여수세계섬박람회 특별위원회 구성",newspim.com,https://www.newspim.com/news/view/20250609000287,요약,규칙기반 자동분류(제목·요약 낱말 대조)
2025-06-09,한려해상,경남·전남,행정,의회·국정감사,"이광일 도의원, 2026여수세계섬박람회 성공 개최 위한 '특별위원회' 구...",newsworker.co.kr,http://www.newsworker.co.kr/news/articleView.html?idxno=381879,요약,규칙기반 자동분류(제목·요약 낱말 대조)
2025-06-09,한려해상,경남·전남,행정,의회·국정감사,"이광일 전남도의원, ‘2026여수세계섬박람회’ 지원 특별위원회 구성 결...",geconomy.co.kr,https://www.geconomy.co.kr/news/article.html?no=300660,요약,규칙기반 자동분류(제목·요약 낱말 대조)
2025-06-09,소백산,충북·경북,행정,협약·협력,"단양군, 지질공원 단양형 과학체험 교육 본격 추진",breaknews.com,http://www.breaknews.com/1123136,요약,규칙기반 자동분류(제목·요약 낱말 대조)
2025-06-09,소백산,충북·경북,행정,협약·협력,"단양군, 유네스코 지질공원 기반 환경·과학 교육 본격 추진",topstarnews.net,https://www.topstarnews.net/news/articleView.html?idxno=15690871,요약,규칙기반 자동분류(제목·요약 낱말 대조)
2025-06-09,소백산,충북·경북,행정,협약·협력,"단양군, 세계지질공원 기반 환경·과학 교육 중심지로 도약",enewstoday.co.kr,http://www.enewstoday.co.kr/news/articleView.html?idxno=2286740,요약,규칙기반 자동분류(제목·요약 낱말 대조)
2025-06-08,덕유산,전북·경남,행정,지정·구역,"[진경수의 山 이야기] 德이 많아 넉넉하고 香氣 가득한, ‘덕유산’",cc.newdaily.co.kr,https://cc.newdaily.co.kr/site/data/html/2025/06/08/2025060800097.html,제목,규칙기반 자동분류(제목·요약 낱말 대조)
2025-06-08,오대산,강원,행정,지정·구역,"""걸음마다 평화·연대 깃들길""…월정사·법보신문, '제20회 선재길 걷기...",beopbo.com,https://www.beopbo.com/news/articleView.html?idxno=329512,요약,규칙기반 자동분류(제목·요약 낱말 대조)
2025-06-08,소백산,충북·경북,행정,협약·협력,단양군 유네스코 세계지질공원 기반 환경·과학 교육 본격화,dynews.co.kr,http://www.dynews.co.kr/news/articleView.html?idxno=805561,요약,규칙기반 자동분류(제목·요약 낱말 대조)
2025-06-08,소백산,충북·경북,행정,협약·협력,"단양군, 유네스코 세계지질공원 기반 환경·과학 교육 도약",thepublic.kr,https://www.thepublic.kr/news/articleView.html?idxno=265801,요약,규칙기반 자동분류(제목·요약 낱말 대조)
2025-06-08,소백산,충북·경북,행정,협약·협력,단양군 유네스코 세계지질공원 교육 콘텐츠로 전환,daejonilbo.com,https://www.daejonilbo.com/news/articleView.html?idxno=2207210,요약,규칙기반 자동분류(제목·요약 낱말 대조)
2025-06-08,소백산,충북·경북,행정,협약·협력,"소백산국립공원북부사무소-단양군청-단양교육지원청, 업무협약 체결",inews365.com,https://www.inews365.com/news/article.html?no=869558,제목,규칙기반 자동분류(제목·요약 낱말 대조)
2025-06-08,소백산,충북·경북,행정,협약·협력,"‘유네스코 세계지질공원’ 충북 단양군, 지질·생태 교육 중심지로",khan.co.kr,https://www.khan.co.kr/article/202506081357011,요약,규칙기반 자동분류(제목·요약 낱말 대조)
2025-06-08,소백산,충북·경북,행정,협약·협력,세계지질공원 단양군 지질·생태교육 중심지 만든다,seoul.co.kr,https://www.seoul.co.kr/news/society/2025/06/08/20250608500035?wlog_tag3=naver,요약,규칙기반 자동분류(제목·요약 낱말 대조)
2025-06-08,소백산,충북·경북,행정,협약·협력,"단양군, 교육지원청·소백산국립공원과 지질·생태·천문 교육 협력",ggilbo.com,https://www.ggilbo.com/news/articleView.html?idxno=1093831,제목,규칙기반 자동분류(제목·요약 낱말 대조)
2025-06-08,소백산,충북·경북,행정,협약·협력,"단양군·교육청·소백산국립공원, '지질·생태·천문교육 활성화'",ccdailynews.com,https://www.ccdailynews.com/news/articleView.html?idxno=2347581,제목,규칙기반 자동분류(제목·요약 낱말 대조)
2025-06-08,소백산,충북·경북,행정,협약·협력,"세계지질공원 단양 3개 기관, 청소년 교육활성화 맞손",newsis.com,https://www.newsis.com/view/NISX20250608_0003204436,요약,규칙기반 자동분류(제목·요약 낱말 대조)
2025-06-08,변산반도,전북 부안,행정,기타,"부안군, 제30회 바다의 날 기념 민관 합동 해양정화활동 추진",sjbnews.com,http://sjbnews.com/news/news.php?number=851836,요약,규칙기반 자동분류(제목·요약 낱말 대조)
2025-06-07,소백산,충북·경북,행정,협약·협력,지질공원서 배우는 지구 이야기… 단양형 과학체험 교육 본격 도약,gukjenews.com,https://www.gukjenews.com/news/articleView.html?idxno=3292673,요약,규칙기반 자동분류(제목·요약 낱말 대조)
2025-06-05,변산반도,전북 부안,행정,인사·조직,"부안군자원봉사센터, 찾아가는 자원봉사 박람회 개최",ibuan.com,https://www.ibuan.com/news/articleView.html?idxno=54414,요약,규칙기반 자동분류(제목·요약 낱말 대조)
2025-06-04,경주,경북 경주,행정,기타,경주국립공원 시민대학 16기 수료식 성료,shinailbo.co.kr,http://www.shinailbo.co.kr/news/articleView.html?idxno=2062818,제목,규칙기반 자동분류(제목·요약 낱말 대조)
2025-06-04,경주,경북 경주,행정,인사·조직,"경주국립공원, APEC 대비 시민대학서 외국어 해설 자원봉사자 양성",newsis.com,https://www.newsis.com/view/NISX20250604_0003201433,제목,규칙기반 자동분류(제목·요약 낱말 대조)
2025-06-04,경주,경북 경주,행정,기타,경주국립공원사무소 ‘시민대학 제16기’ 수료식 개최,kbmaeil.com,https://www.kbmaeil.com/article/20250604500089,제목,규칙기반 자동분류(제목·요약 낱말 대조)
2025-06-04,설악산,강원,행정,연구·용역,등산은 탄소 배출 공범이 아니다 [산악 칼럼],san.chosun.com,http://san.chosun.com/news/articleView.html?idxno=24766,요약,규칙기반 자동분류(제목·요약 낱말 대조)
2025-06-03,오대산,강원,행정,지정·구역,"분열사회 속, 천년의 숲에서 지혜를 얻다",kado.net,https://www.kado.net/news/articleView.html?idxno=1314537,요약,규칙기반 자동분류(제목·요약 낱말 대조)
2025-06-02,내장산,전북·전남,행정,기타,"정읍시, 지역 브랜드 '보물 369' 확정… 시민 참여로 3味·6品·9景 선정",ttlnews.com,http://www.ttlnews.com/news/articleView.html?idxno=3000664,요약,규칙기반 자동분류(제목·요약 낱말 대조)
2025-06-02,내장산,전북·전남,행정,기타,"정읍시, 시민 참여 '정읍보물 369' 브랜드 최종 확정",smartfn.co.kr,https://www.smartfn.co.kr/news/articleView.html?idxno=111317,요약,규칙기반 자동분류(제목·요약 낱말 대조)
2025-06-02,내장산,전북·전남,행정,기타,정읍시 ‘정읍보물 369’에 ‘3미·6품·9경’ 선정,segye.com,http://www.segye.com/newsView/20250602509139?OutUrl=naver,요약,규칙기반 자동분류(제목·요약 낱말 대조)
2025-06-02,내장산,전북·전남,행정,기타,'정읍 보물 369' 선정,jemin.com,https://www.jemin.com/news/articleView.html?idxno=807753,요약,규칙기반 자동분류(제목·요약 낱말 대조)
2025-06-02,내장산,전북·전남,행정,기타,정읍 매력 담은 '3미·6품·9경' 최종 선정…정읍보물 369 브랜드 활용,news1.kr,https://www.news1.kr/local/jeonbuk/5801827,요약,규칙기반 자동분류(제목·요약 낱말 대조)
2025-06-02,팔공산,대구·경북,행정,협약·협력,대구문예진흥원-팔공산국립공원동부사무소 업무협약,kbmaeil.com,https://www.kbmaeil.com/article/20250602500026,제목,규칙기반 자동분류(제목·요약 낱말 대조)
2025-06-02,팔공산,대구·경북,행정,협약·협력,"경북문화관광공사-국립공원공단 팔공산국립공원 서부사무소, 업무협약...",cnbnews.com,https://www.cnbnews.com/news/article.html?no=729405,제목,규칙기반 자동분류(제목·요약 낱말 대조)
2025-05-31,월악산,충북·경북,행정,기타,월악산 국립공원관리공단 '노부부 리마인드 웨딩촬영' 제공,news1.kr,https://www.news1.kr/local/sejong-chungbuk/5800204,제목,규칙기반 자동분류(제목·요약 낱말 대조)
2025-05-30,오대산,강원,행정,지정·구역,"""초록빛 오대산 숲길 걷다 보면 우리 모두 선재동자가 됩니다""",beopbo.com,https://www.beopbo.com/news/articleView.html?idxno=329409,제목,규칙기반 자동분류(제목·요약 낱말 대조)
2025-05-30,변산반도,전북 부안,행정,지정·구역,[박윤정의 위클리투어] '변산반도'의 바람은 마음의 방향을 안다,weekly.hankooki.com,https://weekly.hankooki.com/news/articleView.html?idxno=7113543,제목,규칙기반 자동분류(제목·요약 낱말 대조)
2025-05-30,팔공산,대구·경북,행정,지정·구역,"한국가스공사, 팔공산 자원봉사센터 개소로 지역 상생 어떻게 실현하나...",newsworker.co.kr,http://www.newsworker.co.kr/news/articleView.html?idxno=381112,제목,규칙기반 자동분류(제목·요약 낱말 대조)
2025-05-29,다도해해상,전남,행정,기타,"신안군, '2025년 청렴라이브' 개최",newsworker.co.kr,http://www.newsworker.co.kr/news/articleView.html?idxno=381078,요약,규칙기반 자동분류(제목·요약 낱말 대조)
2025-05-29,다도해해상,전남,행정,기타,"신안군, 청렴문화 확산 위한 청렴 라이브 개최",sentv.co.kr,https://www.sentv.co.kr/article/view/sentv202505290117,요약,규칙기반 자동분류(제목·요약 낱말 대조)
2025-05-29,(전체·공통),전국·공통,행정,기타,"신안군, 청렴의 가치를 높이는'라이브'개최",paxetv.com,http://www.paxetv.com/news/articleView.html?idxno=234208,해당없음,규칙기반 자동분류(제목·요약 낱말 대조)
2025-05-29,다도해해상,전남,행정,기타,"신안군, '청렴라이브' 개최",asiaa.co.kr,https://www.asiaa.co.kr/news/articleView.html?idxno=213635,요약,규칙기반 자동분류(제목·요약 낱말 대조)
2025-05-29,다도해해상,전남,행정,기타,신안군 문화예술 접목 청렴라이브 교육···몰입도 UP,smartfn.co.kr,https://www.smartfn.co.kr/news/articleView.html?idxno=111086,요약,규칙기반 자동분류(제목·요약 낱말 대조)
2025-05-29,다도해해상,전남,행정,기타,"신안군, 문화 예술 접목... '2025년 청렴 이색 라이브' 개최",onews.tv,https://www.onews.tv/news/articleView.html?idxno=246190,요약,규칙기반 자동분류(제목·요약 낱말 대조)
2025-05-29,다도해해상,전남,행정,기타,"신안군,문화예술로 청렴가치 전달..청렴라이브 호평",viva100.com,https://www.viva100.com/article/20250529500833,요약,규칙기반 자동분류(제목·요약 낱말 대조)
2025-05-29,다도해해상,전남,행정,기타,전남 신안군 '2025년 청렴라이브' 개최,iminju.net,http://www.iminju.net/news/articleView.html?idxno=129529,요약,규칙기반 자동분류(제목·요약 낱말 대조)
2025-05-28,설악산,강원,행정,협약·협력,"속초문화관광재단-설악산국립공원사무소, 지역발전 위한 협약 체결",news.bbsi.co.kr,https://news.bbsi.co.kr/news/articleView.html?idxno=4032058,제목,규칙기반 자동분류(제목·요약 낱말 대조)
2025-05-28,속리산,충북·경북,행정,예산·재정,"이동옥 충북도 행정부지사 ""중부내륙특별법 두 축 '규제완화‧재정지원...",news.bbsi.co.kr,https://news.bbsi.co.kr/news/articleView.html?idxno=4032055,요약,규칙기반 자동분류(제목·요약 낱말 대조)
2025-05-25,가야산,경북·경남,행정,인사·조직,합천 가야산국립공원사무소·신임 사무관·외교관 대상 봉사활동 실시,gndomin.com,http://www.gndomin.com/news/articleView.html?idxno=435392,제목,규칙기반 자동분류(제목·요약 낱말 대조)
2025-05-23,지리산,전남·전북·경남,행정,인사·조직,"국립공원공단, 신임 사무관·외교관 국립공원서 봉사활동",enewstoday.co.kr,http://www.enewstoday.co.kr/news/articleView.html?idxno=2281120,요약,규칙기반 자동분류(제목·요약 낱말 대조)
2025-05-23,오대산,강원,행정,지정·구역,'오대산 천년숲 걷기대회'에 초대합니다,beopbo.com,https://www.beopbo.com/news/articleView.html?idxno=329289,제목,규칙기반 자동분류(제목·요약 낱말 대조)
2025-05-23,변산반도,전북 부안,행정,지정·구역,"오늘 일출·일몰시간, ""24일(토) 전국 해돋이 명소, 해 뜨는 시간과 해 ...",lecturernews.com,https://www.lecturernews.com/news/articleView.html?idxno=178623,요약,규칙기반 자동분류(제목·요약 낱말 대조)
2025-05-22,내장산,전북·전남,행정,인사·조직,"내장산국립공원사무소, SKC 협력 '마이그린스쿨' 운영",jeonmin.co.kr,http://www.jeonmin.co.kr/news/articleView.html?idxno=418382,제목,규칙기반 자동분류(제목·요약 낱말 대조)
2025-05-22,오대산,강원,행정,예산·재정,‘강원도 습지·보전 관리 조례’ 본회의 통과,news.kbs.co.kr,https://news.kbs.co.kr/news/pc/view/view.do?ncd=8260550&ref=A,요약,규칙기반 자동분류(제목·요약 낱말 대조)
2025-05-21,오대산,강원,행정,협약·협력,[간추린 소식] 강원도의회 임시회 폐회…조례안·추경안 의결 외,news.kbs.co.kr,https://news.kbs.co.kr/news/pc/view/view.do?ncd=8260004&ref=A,요약,규칙기반 자동분류(제목·요약 낱말 대조)
2025-05-20,덕유산,전북·경남,행정,인사·조직,무주군 국도 37호선 설천 심곡~두길 개량사업 설명회,pressian.com,https://www.pressian.com/pages/articles/2025052017112475728?utm_source=naver&utm_medium=search,요약,규칙기반 자동분류(제목·요약 낱말 대조)
2025-05-19,월악산,충북·경북,행정,예산·재정,월악산국립공원 주변 농촌마을 확 좋아진다,cctoday.co.kr,https://www.cctoday.co.kr/news/articleView.html?idxno=2212378,제목,규칙기반 자동분류(제목·요약 낱말 대조)
2025-05-18,소백산,충북·경북,행정,인사·조직,단양군 공식블로그 - 소백산 철쭉제와 함께 가볼 만한 단양 여행코스,inews365.com,https://www.inews365.com/news/article.html?no=866094,제목,규칙기반 자동분류(제목·요약 낱말 대조)
2025-05-16,오대산,강원,행정,지정·구역,[데스크 칼럼] 부처님은 걷고 또 걸으셨다,beopbo.com,https://www.beopbo.com/news/articleView.html?idxno=329123,요약,규칙기반 자동분류(제목·요약 낱말 대조)
2025-05-16,월출산,전남,행정,협약·협력,영암 월출산 국립공원의 숭고함 미디어아트로 재현,pressian.com,https://www.pressian.com/pages/articles/2025051609543095327?utm_source=naver&utm_medium=search,제목,규칙기반 자동분류(제목·요약 낱말 대조)
2025-05-15,경주,경북 경주,행정,법령·제도,"경주국립공원사무소, 청렴 다짐 실천 서약식",kbmaeil.com,https://www.kbmaeil.com/article/20250515500125,제목,규칙기반 자동분류(제목·요약 낱말 대조)
2025-05-15,경주,경북 경주,행정,인사·조직,"""청렴이 기본""…경주국립공원사무소, 전 직원 청렴다짐 서약",kyongbuk.co.kr,https://www.kyongbuk.co.kr/news/articleView.html?idxno=4041210,제목,규칙기반 자동분류(제목·요약 낱말 대조)
2025-05-15,경주,경북 경주,행정,인사·조직,경주국립공원사무소 건강한 조직문화 위한 청렴다짐 서약,dkilbo.com,https://www.dkilbo.com/news/articleView.html?idxno=496540,제목,규칙기반 자동분류(제목·요약 낱말 대조)
2025-05-14,경주,경북 경주,행정,인사·조직,"경주국립공원사무소, ‘청렴’ 서약…""사익 추구 금지""",newsis.com,https://www.newsis.com/view/NISX20250514_0003175240,제목,규칙기반 자동분류(제목·요약 낱말 대조)
2025-05-13,지리산,전남·전북·경남,행정,지정·구역,"[국립공원, 상생의 공식①]고령화·경제난 겪던 시골마을...국립공원 속...",news.mtn.co.kr,https://news.mtn.co.kr/news-detail/2025051314580075082,요약,규칙기반 자동분류(제목·요약 낱말 대조)
2025-05-13,오대산,강원,행정,지정·구역,'2025 오대산 천년숲 걷기대회' 천년 숲길서 내딛는 생명‧평화·나눔의...,beopbo.com,https://www.beopbo.com/news/articleView.html?idxno=329053,제목,규칙기반 자동분류(제목·요약 낱말 대조)
2025-05-13,소백산,충북·경북,행정,기타,"천태종, 전통예술·사진 진흥 공모전 연다",hyunbulnews.com,https://www.hyunbulnews.com/news/articleView.html?idxno=419168,요약,규칙기반 자동분류(제목·요약 낱말 대조)
2025-05-12,덕유산,전북·경남,행정,지정·구역,전북 왜소화 극복해야,domin.co.kr,http://www.domin.co.kr/news/articleView.html?idxno=1514181,요약,규칙기반 자동분류(제목·요약 낱말 대조)
2025-05-09,지리산,전남·전북·경남,행정,인사·조직,"[산청소식]군, 산불 피해 주민 운전면허 무료 발급 등",newsis.com,https://www.newsis.com/view/NISX20250509_0003168983,요약,규칙기반 자동분류(제목·요약 낱말 대조)
2025-05-09,설악산,강원,행정,기타,[정책브리핑] 2025년 05월 09일 금요일 주요 정책,sisunnews.co.kr,http://www.sisunnews.co.kr/news/articleView.html?idxno=224276,요약,규칙기반 자동분류(제목·요약 낱말 대조)
2025-05-08,월악산,충북·경북,행정,인사·조직,김일환 국토안전관리원 원장 “기술안전컨설팅 확대”,nspna.com,https://www.nspna.com/news/?mode=view&newsid=754302,요약,규칙기반 자동분류(제목·요약 낱말 대조)
2025-05-07,태안해안,충남 태안,행정,지정·구역,워케이션·섬비엔날레로 바다여행의 성지 발돋움 하는 '보령',jbnews.com,https://www.jbnews.com/news/articleView.html?idxno=1475492,요약,규칙기반 자동분류(제목·요약 낱말 대조)
2025-05-06,무등산,광주·전남,행정,협약·협력,"화순전남대병원, 무등산국립공원동부사무소와 협약",jnilbo.com,http://www.jnilbo.com/76934467119,제목,규칙기반 자동분류(제목·요약 낱말 대조)
2025-05-05,경주,경북 경주,행정,인사·조직,용석원 낙동강생물자원관장 취임,idaegu.co.kr,https://www.idaegu.co.kr/news/articleView.html?idxno=508792,요약,규칙기반 자동분류(제목·요약 낱말 대조)
2025-05-02,한려해상,경남·전남,행정,인사·조직,여수 앞바다서 배 불룩한 채 바다 유영하는 '임산부 상괭이'... 감탄 쏟...,insight.co.kr,https://www.insight.co.kr/news/501587,요약,규칙기반 자동분류(제목·요약 낱말 대조)
2025-05-02,한려해상,경남·전남,행정,인사·조직,환경부.국립공원공단...만삭 상괭이의 3회전 유영 및 먹이 추적 등 각종...,dailyt.co.kr,https://www.dailyt.co.kr/newsView/dlt202505020015,요약,규칙기반 자동분류(제목·요약 낱말 대조)
2025-05-02,소백산,충북·경북,행정,기타,소백산 생태관광 숏폼 영상 공모전 개최…8월 31일까지 접수,kyongbuk.co.kr,https://www.kyongbuk.co.kr/news/articleView.html?idxno=4040066,제목,규칙기반 자동분류(제목·요약 낱말 대조)
2025-05-02,소백산,충북·경북,행정,기타,"소백산생태탐방원, 소백산국립공원 생태관광 숏폼 영상 공모전 개최",biz.heraldcorp.com,https://biz.heraldcorp.com/article/10479799?ref=naver,제목,규칙기반 자동분류(제목·요약 낱말 대조)
2025-05-02,소백산,충북·경북,행정,기타,"소백산생태탐방원, 국립공원 생태관광 숏폼 영상 공모전",newsis.com,https://www.newsis.com/view/NISX20250502_0003162747,제목,규칙기반 자동분류(제목·요약 낱말 대조)
2025-05-02,소백산,충북·경북,행정,기타,"소백산생태탐방원, 생태관광 숏폼 영상 공모전",dkilbo.com,https://www.dkilbo.com/news/articleView.html?idxno=494973,제목,규칙기반 자동분류(제목·요약 낱말 대조)
2025-05-02,무등산,광주·전남,행정,협약·협력,"대한한의사협회, 대한민국국가대표선수협회와 업무협약 外",newsmp.com,http://www.newsmp.com/news/articleView.html?idxno=246510,요약,규칙기반 자동분류(제목·요약 낱말 대조)
2025-05-02,무등산,광주·전남,행정,협약·협력,"화순전남대병원, 무등산국립공원과 기후변화 대응 협약",bosa.co.kr,http://www.bosa.co.kr/news/articleView.html?idxno=2247929,제목,규칙기반 자동분류(제목·요약 낱말 대조)
2025-05-02,무등산,광주·전남,행정,협약·협력,"화순전남대병원·무등산동부사무소, 생태복지 활성화 '맞손'",view.asiae.co.kr,https://view.asiae.co.kr/article/2025050215181720618,제목,규칙기반 자동분류(제목·요약 낱말 대조)
2025-05-01,경주,경북 경주,행정,인사·조직,용석원 상주낙동강생물자원관 관장 취임,ksmnews.co.kr,https://www.ksmnews.co.kr/news/view.php?idx=538284,요약,규칙기반 자동분류(제목·요약 낱말 대조)
2025-05-01,경주,경북 경주,행정,인사·조직,"국립 낙동강생물자원관, 제4대 용석원 신임 관장 취임",kyongbuk.co.kr,https://www.kyongbuk.co.kr/news/articleView.html?idxno=4039959,요약,규칙기반 자동분류(제목·요약 낱말 대조)
2025-05-01,경주,경북 경주,행정,인사·조직,"국립낙동강생물자원관, 제4대 용석원 관장 취임",dkilbo.com,https://www.dkilbo.com/news/articleView.html?idxno=494896,요약,규칙기반 자동분류(제목·요약 낱말 대조)
2025-05-01,경주,경북 경주,행정,인사·조직,"낙동강생물자원관, 용석원 4대관장 취임",tk.newdaily.co.kr,https://tk.newdaily.co.kr/site/data/html/2025/05/01/2025050100081.html,요약,규칙기반 자동분류(제목·요약 낱말 대조)
2025-05-01,경주,경북 경주,행정,인사·조직,용석원 국립낙동강생물자원관장,kbmaeil.com,https://www.kbmaeil.com/article/20250501500189,요약,규칙기반 자동분류(제목·요약 낱말 대조)
2025-05-01,경주,경북 경주,행정,인사·조직,[새인물] 국립낙동강생물자원관 제4대 용석원 관장 취임,kbsm.net,http://www.kbsm.net/news/view.php?idx=473596,요약,규칙기반 자동분류(제목·요약 낱말 대조)
2025-05-01,한려해상,경남·전남,행정,인사·조직,"국립공원공단, 어미와 함께 유영하는 ‘상괭이’ 가족 영상 공개",dailian.co.kr,https://www.dailian.co.kr/news/view/1492794/?sc=Naver,요약,규칙기반 자동분류(제목·요약 낱말 대조)
2025-04-30,경주,경북 경주,행정,인사·조직,"용석원 국립낙동강생물자원관 관장 취임 “창립 10주년, 변화와 혁신 통...",biz.heraldcorp.com,https://biz.heraldcorp.com/article/10478297?ref=naver,요약,규칙기반 자동분류(제목·요약 낱말 대조)
2025-04-30,경주,경북 경주,행정,인사·조직,용석원 신임 국립낙동강생물자원관 관장 '취임',daily.hankooki.com,https://daily.hankooki.com/news/articleView.html?idxno=1211284,요약,규칙기반 자동분류(제목·요약 낱말 대조)
2025-04-29,한려해상,경남·전남,행정,인사·조직,[브리프] 롯데호텔 롯데관광개발 진에어 제주항공 놀유니버스 신라스테...,biztribune.co.kr,http://www.biztribune.co.kr/news/articleView.html?idxno=333413,요약,규칙기반 자동분류(제목·요약 낱말 대조)
2025-04-29,한려해상,경남·전남,행정,협약·협력,"포스코DX-국립공원공단, AI 기반 해양생물 모니터링 시스템 구축",dt.co.kr,https://www.dt.co.kr/contents.html?article_no=2025042902109931081007&ref=naver,요약,규칙기반 자동분류(제목·요약 낱말 대조)
2025-04-29,한려해상,경남·전남,행정,협약·협력,"포스코그룹, AI로 해양생물 보호 나선다",smartfn.co.kr,https://www.smartfn.co.kr/news/articleView.html?idxno=108485,요약,규칙기반 자동분류(제목·요약 낱말 대조)
2025-04-29,한려해상,경남·전남,행정,협약·협력,"AI로 해양생물 지킨다…포스코DX, 국립공원공단과 '생태 모니터링' 협력",zdnet.co.kr,https://zdnet.co.kr/view/?no=20250429160432,요약,규칙기반 자동분류(제목·요약 낱말 대조)
2025-04-28,속리산,충북·경북,행정,지정·구역,"번식력 강한 '꽃사슴' 유해야생동물 지정…""포획 가능해져""",asiatoday.co.kr,https://www.asiatoday.co.kr/view.php?key=20250428010016640,요약,규칙기반 자동분류(제목·요약 낱말 대조)
2025-04-28,속리산,충북·경북,행정,지정·구역,조상 묘까지 파헤쳐… ‘꽃사슴’ 유해야생동물 지정키로,biz.chosun.com,https://biz.chosun.com/topics/topics_social/2025/04/28/XZK2SMSQGNHTNB4FRZEHV3IPCA/?utm_source=naver&utm_medium=original&utm_campaign=biz,요약,규칙기반 자동분류(제목·요약 낱말 대조)
2025-04-28,덕유산,전북·경남,행정,지정·구역,국립공원에서 힐링하고 솜씨도 뽐내요,ikoreanspirit.com,http://www.ikoreanspirit.com/news/articleView.html?idxno=79854,요약,규칙기반 자동분류(제목·요약 낱말 대조)
2025-04-28,태안해안,충남 태안,행정,협약·협력,"태안해안국립공원 해변, 어르신 54명이 관리한다",ccdn.co.kr,https://www.ccdn.co.kr/news/articleView.html?idxno=1019587,제목,규칙기반 자동분류(제목·요약 낱말 대조)
2025-04-28,태안해안,충남 태안,행정,협약·협력,태안해안국립공원 지키는 '시니어 해변관리원' 첫선,dynews.co.kr,http://www.dynews.co.kr/news/articleView.html?idxno=799857,제목,규칙기반 자동분류(제목·요약 낱말 대조)
2025-04-28,태안해안,충남 태안,행정,협약·협력,"태안군, '시니어 해변관리원' 일자리 지원에 나서",aflnews.co.kr,http://www.aflnews.co.kr/news/articleView.html?idxno=294533,요약,규칙기반 자동분류(제목·요약 낱말 대조)
2025-04-28,태안해안,충남 태안,행정,인사·조직,"태안군, 국립공원과 손잡고 '시니어 해변관리원' 사업 추진",newstnt.com,http://www.newstnt.com/news/articleView.html?idxno=483934,요약,규칙기반 자동분류(제목·요약 낱말 대조)
2025-04-28,태안해안,충남 태안,행정,협약·협력,"태안군, 노인일자리 및 사회활동 지원사업 추진 업무협약",newsfreezone.co.kr,https://www.newsfreezone.co.kr/news/articleView.html?idxno=623304,요약,규칙기반 자동분류(제목·요약 낱말 대조)
2025-04-28,태안해안,충남 태안,행정,인사·조직,"태안군, 태안해안국립공원 지키는 '시니어 해변관리원' 추진",ccnnews.co.kr,http://www.ccnnews.co.kr/news/articleView.html?idxno=370044,제목,규칙기반 자동분류(제목·요약 낱말 대조)
2025-04-27,계룡산,대전·충남,행정,인사·조직,㈜유한양행-계룡산국립공원사무소 '자연환경 보전기금' 500만원 전달,jbnews.com,https://www.jbnews.com/news/articleView.html?idxno=1474493,제목,규칙기반 자동분류(제목·요약 낱말 대조)
2025-04-27,태안해안,충남 태안,행정,협약·협력,"태안해안국립공원사무소, 노인일자리 및 사회활동 지원사업 업무협약 체...",chungnamilbo.co.kr,http://www.chungnamilbo.co.kr/news/articleView.html?idxno=826002,제목,규칙기반 자동분류(제목·요약 낱말 대조)
2025-04-26,속리산,충북·경북,행정,지정·구역,"따스한 봄날, 청주 도심은 '오징어 게임' 한마당",news1.kr,https://www.news1.kr/local/sejong-chungbuk/5765746,요약,규칙기반 자동분류(제목·요약 낱말 대조)
2025-04-25,가야산,경북·경남,행정,법령·제도,성주 가야산 드론으로 불법행위 단속강화,seongjuro.co.kr,http://www.seongjuro.co.kr/news/view.php?idx=57146,제목,규칙기반 자동분류(제목·요약 낱말 대조)
2025-04-25,태안해안,충남 태안,행정,협약·협력,"태안해안국립공원사무소, 시니어해변관리원 운영 협약 체결",joongdo.co.kr,https://www.joongdo.co.kr/web/view.php?key=20250425010009554,제목,규칙기반 자동분류(제목·요약 낱말 대조)
2025-04-24,설악산,강원,행정,인사·조직,[포토]인제군-설악산국립공원사무소 설악권 현안 사업 위·수탁 협약식,cnbnews.com,https://www.cnbnews.com/news/article.html?no=721733,제목,규칙기반 자동분류(제목·요약 낱말 대조)
2025-04-24,오대산,강원,행정,인사·조직,국립공원 주민 건강검진비 지원,kado.net,http://www.kado.net/news/articleView.html?idxno=1306968,요약,규칙기반 자동분류(제목·요약 낱말 대조)
2025-04-24,무등산,광주·전남,행정,협약·협력,"광주광역시, 무등산 평촌마을 '지오빌리지' 지정",dailysportshankook.co.kr,https://www.dailysportshankook.co.kr/news/articleView.html?idxno=403945,제목,규칙기반 자동분류(제목·요약 낱말 대조)
2025-04-23,계룡산,대전·충남,행정,법령·제도,"국립공원공단 계룡산국립공원사무소, 국립공원 주민 건강검진 지원사업...",ccdailynews.com,https://www.ccdailynews.com/news/articleView.html?idxno=2338863,제목,규칙기반 자동분류(제목·요약 낱말 대조)
2025-04-23,계룡산,대전·충남,행정,인사·조직,국립공원 주민 건강검진 지원사업 실시,joongdo.co.kr,https://www.joongdo.co.kr/web/view.php?key=20250423010008415,요약,규칙기반 자동분류(제목·요약 낱말 대조)
2025-04-23,설악산,강원,행정,인사·조직,"[전매포토] 인제군-설악산국립공원사무소, 설악권 중점 현안사업 공기관...",jeonmae.co.kr,https://www.jeonmae.co.kr/news/articleView.html?idxno=1140938,제목,규칙기반 자동분류(제목·요약 낱말 대조)
2025-04-23,설악산,강원,행정,인사·조직,"인제군-설악산국립공원사무소, 백담·한계권역 탐방 인프라 구축 ‘맞손...",pressian.com,https://www.pressian.com/pages/articles/2025042311303601425?utm_source=naver&utm_medium=search,제목,규칙기반 자동분류(제목·요약 낱말 대조)
2025-04-23,설악산,강원,행정,인사·조직,"[포토] 인제군·설악산사무소, 백담·한계권역 탐방 협약",enewstoday.co.kr,http://www.enewstoday.co.kr/news/articleView.html?idxno=2268105,제목,규칙기반 자동분류(제목·요약 낱말 대조)
2025-04-23,설악산,강원,행정,인사·조직,"인제군, 설악산국립공원사무소와 백담·한계권역 탐방 인프라 구축 협약",sportsseoul.com,https://www.sportsseoul.com/news/read/1510954?ref=naver,제목,규칙기반 자동분류(제목·요약 낱말 대조)
2025-04-23,덕유산,전북·경남,행정,인사·조직,[포커스]무주구천동 관광특구 관광연합회장 이·취임식,sjbnews.com,http://sjbnews.com/news/news.php?number=848065,요약,규칙기반 자동분류(제목·요약 낱말 대조)
2025-04-23,덕유산,전북·경남,행정,협약·협력,"무주군, 덕유산국립공원과 MOU체결…""지역 관광 활성화한다""",news1.kr,https://www.news1.kr/local/jeonbuk/5762033,제목,규칙기반 자동분류(제목·요약 낱말 대조)
2025-04-23,소백산,충북·경북,행정,인사·조직,"소백산국립공원북부사무소, 국립공원 주민 건강검진 지원",dynews.co.kr,http://www.dynews.co.kr/news/articleView.html?idxno=799282,제목,규칙기반 자동분류(제목·요약 낱말 대조)
2025-04-23,무등산,광주·전남,행정,협약·협력,"광주시, 무등산 평촌마을 '지오빌리지' 지정",nocutnews.co.kr,https://www.nocutnews.co.kr/news/6329242?utm_source=naver&utm_medium=article&utm_campaign=20250423040703,제목,규칙기반 자동분류(제목·요약 낱말 대조)
2025-04-23,무등산,광주·전남,행정,지정·구역,"광주 평촌마을, 무등산권 유네스코 세계지질공원 ‘지오빌리지’로 지...",viva100.com,https://www.viva100.com/article/20250423501235,제목,규칙기반 자동분류(제목·요약 낱말 대조)
2025-04-22,지리산,전남·전북·경남,행정,지정·구역,"지리산 뱀사골 반선마을 다시 국립공원으로…권익위, 합의조정",nocutnews.co.kr,https://www.nocutnews.co.kr/news/6328267?utm_source=naver&utm_medium=article&utm_campaign=20250422112206,제목,규칙기반 자동분류(제목·요약 낱말 대조)
2025-04-22,덕유산,전북·경남,행정,협약·협력,"무주군-덕유산국립공원, 관광 활성화·일자리 창출 맞손",newscj.com,https://www.newscj.com/news/articleView.html?idxno=3261022,제목,규칙기반 자동분류(제목·요약 낱말 대조)
2025-04-22,덕유산,전북·경남,행정,협약·협력,무주군 & 덕유산국립공원 업무협약 체결,sjbnews.com,http://sjbnews.com/news/news.php?number=847883,제목,규칙기반 자동분류(제목·요약 낱말 대조)
2025-04-22,덕유산,전북·경남,행정,협약·협력,"무주군·덕유산국립공원, 지역 관광 활성화위한 업무협약",pressian.com,https://www.pressian.com/pages/articles/2025042214083140306?utm_source=naver&utm_medium=search,제목,규칙기반 자동분류(제목·요약 낱말 대조)
2025-04-22,덕유산,전북·경남,행정,협약·협력,"무주군-덕유산국립공원, 지역 관광 활성화 '맞손'",view.asiae.co.kr,https://view.asiae.co.kr/article/2025042214235484781,제목,규칙기반 자동분류(제목·요약 낱말 대조)
2025-04-22,덕유산,전북·경남,행정,협약·협력,"무주군+덕유산국립공원,지역 관광 활성화 '쌍끌이'",tournews21.com,https://www.tournews21.com/news/articleView.html?idxno=99681,제목,규칙기반 자동분류(제목·요약 낱말 대조)
2025-04-22,덕유산,전북·경남,행정,협약·협력,"무주군, 관광 활성화 및 일자리 창출 위해 덕유산국립공원과 업무협약 ...",jeollailbo.com,http://www.jeollailbo.com/news/articleView.html?idxno=765303,제목,규칙기반 자동분류(제목·요약 낱말 대조)
2025-04-22,덕유산,전북·경남,행정,협약·협력,"전북 무주군 & 덕유산국립공원, 지역 관광 활성화를 위해 함께 뛴다",iminju.net,http://www.iminju.net/news/articleView.html?idxno=125858,제목,규칙기반 자동분류(제목·요약 낱말 대조)
2025-04-22,덕유산,전북·경남,행정,협약·협력,"무주군-덕유산국립공원, 관광 활성화를 위해 함께 뛴다",m-i.kr,http://www.m-i.kr/news/articleView.html?idxno=1231300,제목,규칙기반 자동분류(제목·요약 낱말 대조)
2025-04-22,덕유산,전북·경남,행정,협약·협력,[오늘의 주요 사회 일정] 전북(4월22일 화요일),econonews.co.kr,http://www.econonews.co.kr/news/articleView.html?idxno=384804,요약,규칙기반 자동분류(제목·요약 낱말 대조)
2025-04-22,덕유산,전북·경남,행정,협약·협력,"무주군과 덕유산국립공원, 특화 관광 일자리 창출 및 환경보전 활동 공...",domin.co.kr,http://www.domin.co.kr/news/articleView.html?idxno=1511430,제목,규칙기반 자동분류(제목·요약 낱말 대조)
2025-04-22,덕유산,전북·경남,행정,협약·협력,[오늘의 주요일정]전북(4월22일 화요일),newsis.com,https://www.newsis.com/view/NISX20250421_0003147770,요약,규칙기반 자동분류(제목·요약 낱말 대조)
2025-04-22,월악산,충북·경북,행정,기타,"월악산국립공원사무소, 국립공원 주민 건강검진 지원사업 실시",asiatoday.co.kr,https://www.asiatoday.co.kr/view.php?key=20250422010012620,제목,규칙기반 자동분류(제목·요약 낱말 대조)
2025-04-22,팔공산,대구·경북,행정,예산·재정,"대구광역시, 2025년 첫 추경예산 4263억 원",sentv.co.kr,https://www.sentv.co.kr/article/view/sentv202504220089,요약,규칙기반 자동분류(제목·요약 낱말 대조)
2025-04-21,주왕산,경북,행정,인사·조직,"[대형 산불, 그 이후] 산불 뒤 논쟁 반복…분절적 산림 관리 한계 벗어...",naeil.com,https://www.naeil.com/news/read/545460?ref=naver,요약,규칙기반 자동분류(제목·요약 낱말 대조)
2025-04-21,월악산,충북·경북,행정,기타,"월악산국립공원, 홀수년생 주민 건강검진 지원…1인당 최대 25만원",kyongbuk.co.kr,https://www.kyongbuk.co.kr/news/articleView.html?idxno=4038628,제목,규칙기반 자동분류(제목·요약 낱말 대조)
2025-04-21,팔공산,대구·경북,행정,예산·재정,"대구시, 올해 첫 추경예산 4263억 원 편성",cnbnews.com,https://www.cnbnews.com/news/article.html?no=720965,요약,규칙기반 자동분류(제목·요약 낱말 대조)
2025-04-21,팔공산,대구·경북,행정,예산·재정,"대구시, 첫 추경예산 4263억 원 편성...민생안정과 흔들림 없는 대구혁신...",pointe.co.kr,https://www.pointe.co.kr/news/articleView.html?idxno=42752,요약,규칙기반 자동분류(제목·요약 낱말 대조)
2025-04-21,팔공산,대구·경북,행정,예산·재정,"올해 첫 추경예산 4263억, 민생안정·흔들림 없는 대구혁신에 박차",seoulwire.com,http://www.seoulwire.com/news/articleView.html?idxno=648022,요약,규칙기반 자동분류(제목·요약 낱말 대조)
2025-04-20,무등산,광주·전남,행정,인사·조직,"주대영 국립공원공단 이사장, 무등산국립공원 안전 점검",jndn.com,http://www.jndn.com/article.php?aid=1745140120408133011,제목,규칙기반 자동분류(제목·요약 낱말 대조)
2025-04-20,팔공산,대구·경북,행정,기타,"팔공산국립공원 서부사무소, 제2기 시민대학 수강생 모집",news.bbsi.co.kr,https://news.bbsi.co.kr/news/articleView.html?idxno=4026765,제목,규칙기반 자동분류(제목·요약 낱말 대조)
2025-04-20,팔공산,대구·경북,행정,인사·조직,"팔공산국립공원 서부사무소, 제2기 시민대학 모집",kbmaeil.com,https://www.kbmaeil.com/article/20250420500316,제목,규칙기반 자동분류(제목·요약 낱말 대조)
2025-04-17,지리산,전남·전북·경남,행정,협약·협력,"경상국립대-지리산국립공원경남사무소, 산학협력 업무협약 구축",shinailbo.co.kr,http://www.shinailbo.co.kr/news/articleView.html?idxno=2038856,제목,규칙기반 자동분류(제목·요약 낱말 대조)
2025-04-17,한라산,제주,행정,연구·용역,"제주도, '지방행정의 꽃' 사무관 및 연구·지도관 32명 승진 임용",jejusori.net,https://www.jejusori.net/news/articleView.html?idxno=435699,요약,규칙기반 자동분류(제목·요약 낱말 대조)
2025-04-17,한라산,제주,행정,연구·용역,"제주도, 사무관.연구.지도관 32명 승진 임용",headlinejeju.co.kr,http://www.headlinejeju.co.kr/news/articleView.html?idxno=567572,요약,규칙기반 자동분류(제목·요약 낱말 대조)
2025-04-17,오대산,강원,행정,협약·협력,"포스코DX, AI 기반 동물 찻길 사고 예방 시스템 개발 및 시범 운영",job-post.co.kr,https://www.job-post.co.kr/news/articleView.html?idxno=142922,요약,규칙기반 자동분류(제목·요약 낱말 대조)
2025-04-17,소백산,충북·경북,행정,협약·협력,"소백산국립공원북부사무소, 세명대학교 동물보건학과와 협약 체결",inews365.com,https://www.inews365.com/news/article.html?no=861604,제목,규칙기반 자동분류(제목·요약 낱말 대조)
2025-04-17,변산반도,전북 부안,행정,인사·조직,"부안군 ""생활 인구 확대·청년 정착·세바퀴 경제로 미래 대응""[지방소멸...",newsis.com,https://www.newsis.com/view/NISX20250416_0003140739,요약,규칙기반 자동분류(제목·요약 낱말 대조)
2025-04-16,경주,경북 경주,행정,기타,"국립공원공단, 점자안내지도 보급… 국립공원 문턱 낮춘다",lak.co.kr,http://www.lak.co.kr/news/boardview.php?id=19950,요약,규칙기반 자동분류(제목·요약 낱말 대조)
2025-04-16,경주,경북 경주,행정,기타,"국토지리정보원, 국립공원공단과 손잡고 '점자 안내지도' 제공",nocutnews.co.kr,https://www.nocutnews.co.kr/news/6325331?utm_source=naver&utm_medium=article&utm_campaign=20250416110039,요약,규칙기반 자동분류(제목·요약 낱말 대조)
2025-04-16,소백산,충북·경북,행정,협약·협력,"소백산국립공원·세명대, 공원 자원보존 '맞손'",ccdailynews.com,https://www.ccdailynews.com/news/articleView.html?idxno=2337542,제목,규칙기반 자동분류(제목·요약 낱말 대조)
2025-04-16,무등산,광주·전남,행정,협약·협력,"[광주·무안소식]동구, 주거복지 포인트 사업 업무협약 등",newsis.com,https://www.newsis.com/view/NISX20250416_0003141907,요약,규칙기반 자동분류(제목·요약 낱말 대조)
2025-04-15,한려해상,경남·전남,행정,인사·조직,"한려해상국립공원사무소, 불법·무질서 행위 집중단속",idomin.com,https://www.idomin.com/news/articleView.html?idxno=935117,제목,규칙기반 자동분류(제목·요약 낱말 대조)
2025-04-14,계룡산,대전·충남,행정,인사·조직,㈔숙모회. 계룡산 동학사 숙모전서 '춘향대제' 봉행,ggilbo.com,https://www.ggilbo.com/news/articleView.html?idxno=1084642,제목,규칙기반 자동분류(제목·요약 낱말 대조)
2025-04-14,계룡산,대전·충남,행정,법령·제도,"숙모회, 충남 공주시 계룡산 숙모전서 춘향대제 봉행",news.tf.co.kr,https://news.tf.co.kr/read/national/2197101.htm,제목,규칙기반 자동분류(제목·요약 낱말 대조)
2025-04-14,덕유산,전북·경남,행정,기타,"덕유산국립공원, 친환경 전기 셔틀버스 운행…교통약자 이용",yna.co.kr,https://www.yna.co.kr/view/AKR20250414052200055?input=1195m,제목,규칙기반 자동분류(제목·요약 낱말 대조)
2025-04-14,덕유산,전북·경남,행정,기타,"덕유산국립공원사무소, 구천동~백련사 '전기버스' 무료 운행",news1.kr,https://www.news1.kr/local/jeonbuk/5752013,제목,규칙기반 자동분류(제목·요약 낱말 대조)
2025-04-13,오대산,강원,행정,협약·협력,"포스코그룹, 환경부와 손잡고 'AI 동물 찻길 사고 예방 시스템' 시범 운...",hellot.net,https://www.hellot.net/news/article.html?no=100229,요약,규칙기반 자동분류(제목·요약 낱말 대조)
2025-04-11,오대산,강원,행정,협약·협력,"포스코DX, AI로 로드킬 예방…동물 찻길 사고 모니터링 시스템 시범 운...",topstarnews.net,https://www.topstarnews.net/news/articleView.html?idxno=15636032,요약,규칙기반 자동분류(제목·요약 낱말 대조)
2025-04-11,오대산,강원,행정,협약·협력,"포스코DX, 영상인식 AI 기술로 ‘로드킬’ 예방",biz.heraldcorp.com,https://biz.heraldcorp.com/article/10463106?ref=naver,요약,규칙기반 자동분류(제목·요약 낱말 대조)
2025-04-10,오대산,강원,행정,협약·협력,"포스코DX, '동물 찻길 사고 예방' 시스템 시범 운영",ferrotimes.com,http://www.ferrotimes.com/news/articleView.html?idxno=40525,요약,규칙기반 자동분류(제목·요약 낱말 대조)
2025-04-09,설악산,강원,행정,협약·협력,"속초교육문화관, 설악산국립공원사무소와 '맞춤형 생태 나누리 운영'을...",edu.donga.com,https://edu.donga.com/news/articleView.html?idxno=85050,제목,규칙기반 자동분류(제목·요약 낱말 대조)
2025-04-09,설악산,강원,행정,협약·협력,"속초교육문화관, 설악산국립공원사무소와 ‘맞춤형 생태 나누리 운영’...",beyondpost.co.kr,http://www.beyondpost.co.kr/view.php?ud=202504091216445400edd30pn2gj_30,제목,규칙기반 자동분류(제목·요약 낱말 대조)
2025-04-09,오대산,강원,행정,협약·협력,"포스코DX, 영상인식 AI기술 활용 로드킬 예방",ksmnews.co.kr,http://www.ksmnews.co.kr/news/view.php?idx=534066,요약,규칙기반 자동분류(제목·요약 낱말 대조)
2025-04-09,오대산,강원,행정,협약·협력,"포스코DX, 영상인식 AI 기술로 로드킬 막는다",hidomin.com,http://www.hidomin.com/news/articleView.html?idxno=577556,요약,규칙기반 자동분류(제목·요약 낱말 대조)
2025-04-09,오대산,강원,행정,협약·협력,"포스코, AI로 '로드킬' 막는다…동물 찻길 사고 예방 시스템 시범 운영",kyongbuk.co.kr,https://www.kyongbuk.co.kr/news/articleView.html?idxno=4037450,요약,규칙기반 자동분류(제목·요약 낱말 대조)
2025-04-09,오대산,강원,행정,협약·협력,로드킬 막는 영상인식AI… 양평국도서 시범 운영,fnnews.com,http://www.fnnews.com/news/202504091811003505,요약,규칙기반 자동분류(제목·요약 낱말 대조)
2025-04-09,오대산,강원,행정,협약·협력,[브리프] 현대차 KT LG유플 SK이노베이션 삼성전기 한화에어로 LS일렉트...,biztribune.co.kr,http://www.biztribune.co.kr/news/articleView.html?idxno=332357,요약,규칙기반 자동분류(제목·요약 낱말 대조)
2025-04-09,오대산,강원,행정,협약·협력,제철소 AI 기술로 로드킬 예방… 포스코DX·환경부 힘 합쳤다,segye.com,http://www.segye.com/newsView/20250409515505?OutUrl=naver,요약,규칙기반 자동분류(제목·요약 낱말 대조)
2025-04-09,오대산,강원,행정,협약·협력,"포스코DX, 영상인식 AI기술 활용해 로드킬 예방한다",srtimes.kr,http://www.srtimes.kr/news/articleView.html?idxno=174743,요약,규칙기반 자동분류(제목·요약 낱말 대조)
2025-04-09,오대산,강원,행정,협약·협력,"""영상 인식 AI 기술로 야생 동물의 안타까운 사고 줄인다""",hankookilbo.com,https://www.hankookilbo.com/News/Read/A2025040910000002418?did=NA,요약,규칙기반 자동분류(제목·요약 낱말 대조)
2025-04-09,오대산,강원,행정,협약·협력,"포스코DX, 환경부와 AI기반 `동물 찻길 사고 예방 시스템` 시범운영 개시",dt.co.kr,https://www.dt.co.kr/contents.html?article_no=2025040902109931081003&ref=naver,요약,규칙기반 자동분류(제목·요약 낱말 대조)
2025-04-09,오대산,강원,행정,협약·협력,"포스코DX, 영상인식 AI기술 활용 ‘로드킬’ 예방 나서",lawissue.co.kr,http://www.lawissue.co.kr/view.php?ud=20250409105931810467191f6c6e_12,요약,규칙기반 자동분류(제목·요약 낱말 대조)
2025-04-09,오대산,강원,행정,협약·협력,"""전방에 고라니"" 도로전광판 경고문, 포스코DX AI로 띄운다",news.mt.co.kr,http://news.mt.co.kr/mtview.php?no=2025040909414312167,요약,규칙기반 자동분류(제목·요약 낱말 대조)
2025-04-09,오대산,강원,행정,협약·협력,"포스코DX, AI 기반 '로드킬' 예방 및 모니터링 시스템 선보여… 야생동...",industrynews.co.kr,http://www.industrynews.co.kr/news/articleView.html?idxno=62293,요약,규칙기반 자동분류(제목·요약 낱말 대조)
2025-04-09,오대산,강원,행정,협약·협력,"“로드킬, AI가 막는다”…포스코DX, AI 모니터링 시스템 시범 운영",etoday.co.kr,https://www.etoday.co.kr/news/view/2460374,요약,규칙기반 자동분류(제목·요약 낱말 대조)
2025-04-09,오대산,강원,행정,협약·협력,"포스코DX, 영상인식 AI기술 활용 로드킬 예방...야생동물·운전자 안전 ...",shinailbo.co.kr,http://www.shinailbo.co.kr/news/articleView.html?idxno=2034450,요약,규칙기반 자동분류(제목·요약 낱말 대조)
2025-04-09,금정산,부산·경남,행정,인사·조직,[여행honey] 부산 시민의 '친구' 금정산과 범어사,yna.co.kr,https://www.yna.co.kr/view/AKR20250310021000542?input=1195m,제목,규칙기반 자동분류(제목·요약 낱말 대조)
2025-04-08,한려해상,경남·전남,행정,협약·협력,양평·평창 국도에 '로드킬 예방시스템'…150ｍ 전 '경고',yna.co.kr,https://www.yna.co.kr/view/AKR20250408038600530?input=1195m,요약,규칙기반 자동분류(제목·요약 낱말 대조)
2025-04-06,치악산,강원 원주,행정,지정·구역,"횡성사랑위원회, 원주 소초면의 치악산면 명칭 변경 추진 '반대'",kukinews.com,https://www.kukinews.com/article/view/kuk202504060042,제목,규칙기반 자동분류(제목·요약 낱말 대조)
2025-04-06,치악산,강원 원주,행정,지정·구역,"[E-로컬뉴스]홍천군, 횡성군 소식",ekn.kr,https://www.ekn.kr/web/view.php?key=20250406026464021,요약,규칙기반 자동분류(제목·요약 낱말 대조)
2025-04-04,치악산,강원 원주,행정,지정·구역,"횡성사랑위원회, 소초면'치악산면'명칭 변경 반대 성명 발표",bzeronews.com,http://www.bzeronews.com/news/articleView.html?idxno=705820,제목,규칙기반 자동분류(제목·요약 낱말 대조)
2025-04-04,치악산,강원 원주,행정,지정·구역,“치악산은 횡성·원주 공유 자원…지역 상징 독점 반대”,view.asiae.co.kr,https://view.asiae.co.kr/article/2025040416085079098,제목,규칙기반 자동분류(제목·요약 낱말 대조)
2025-04-04,치악산,강원 원주,행정,지정·구역,"횡성사랑위원회, '소초면→치악산면' 명칭 변경 반대 성명",yna.co.kr,https://www.yna.co.kr/view/AKR20250404108100062?input=1195m,제목,규칙기반 자동분류(제목·요약 낱말 대조)
2025-04-04,치악산,강원 원주,행정,지정·구역,"횡성사랑위원회 “치악산은 횡성과 원주의 공유 자원, 지역 상징 독점 ...",sportsseoul.com,https://www.sportsseoul.com/news/read/1506276?ref=naver,제목,규칙기반 자동분류(제목·요약 낱말 대조)
2025-04-03,태안해안,충남 태안,행정,법령·제도,"태안해안국립공원, 불법·무질서 행위 집중단속 사전 예고",chungnamilbo.co.kr,http://www.chungnamilbo.co.kr/news/articleView.html?idxno=821755,제목,규칙기반 자동분류(제목·요약 낱말 대조)
2025-04-02,소백산,충북·경북,행정,예산·재정,소백산에 산불 조기감지 시스템 구축,ccdn.co.kr,https://www.ccdn.co.kr/news/articleView.html?idxno=1016171,제목,규칙기반 자동분류(제목·요약 낱말 대조)
2025-04-02,소백산,충북·경북,행정,예산·재정,"소백산국립공원북부사무소, 산불 조기 감지 시스템 도입",dynews.co.kr,http://www.dynews.co.kr/news/articleView.html?idxno=796194,제목,규칙기반 자동분류(제목·요약 낱말 대조)
2025-04-02,소백산,충북·경북,행정,예산·재정,"소백산국립공원북부사무소, 산불 감지 혁신 기술 도입",inews365.com,https://www.inews365.com/news/article.html?no=859208,제목,규칙기반 자동분류(제목·요약 낱말 대조)
2025-04-02,소백산,충북·경북,행정,기타,"소백산 북부사무소, 올해 산불 조기감지기 60대 설치",yna.co.kr,https://www.yna.co.kr/view/AKR20250402079300064?input=1195m,제목,규칙기반 자동분류(제목·요약 낱말 대조)
2025-04-02,지리산,전남·전북·경남,행정,지정·구역,"전남도 김영록 지사, 목포·신안 현안 살피며 행정공백 최소화 당부해",queen.co.kr,http://www.queen.co.kr/news/articleView.html?idxno=431372,요약,규칙기반 자동분류(제목·요약 낱말 대조)
2025-04-01,계룡산,대전·충남,행정,연구·용역,계룡산성 道지정문화재 등록 5년째 '보류'…성벽과 기와 무너지고 흩어...,joongdo.co.kr,https://www.joongdo.co.kr/web/view.php?key=20250401010000425,제목,규칙기반 자동분류(제목·요약 낱말 대조)
2025-04-01,치악산,강원 원주,행정,인사·조직,치악산국립공원사무소 계곡 정화 활동,kado.net,http://www.kado.net/news/articleView.html?idxno=1302281,제목,규칙기반 자동분류(제목·요약 낱말 대조)
2025-03-30,지리산,전남·전북·경남,행정,협약·협력,"풀무원, 산불 피해 지역에 `간편식·음료·건강식품` 2만5000여개 전달",dt.co.kr,https://www.dt.co.kr/contents.html?article_no=2025033002109932031003&ref=naver,요약,규칙기반 자동분류(제목·요약 낱말 대조)
2025-03-30,계룡산,대전·충남,행정,의회·국정감사,2025 계룡산 벚꽃 문화축제 개막…10일간 축제 열려,news.tf.co.kr,https://news.tf.co.kr/read/national/2192412.htm,제목,규칙기반 자동분류(제목·요약 낱말 대조)
2025-03-29,계룡산,대전·충남,행정,의회·국정감사,"중부권 벚꽃 최대 군락지, 2025 계룡산 벚꽃 문화축제 팡파르",joongdo.co.kr,https://www.joongdo.co.kr/web/view.php?key=20250329010009265,제목,규칙기반 자동분류(제목·요약 낱말 대조)
2025-03-28,가야산,경북·경남,행정,인사·조직,봄철 가야산국립공원 급경사지 특별안전점검,seongjuro.co.kr,http://www.seongjuro.co.kr/news/view.php?idx=56876,제목,규칙기반 자동분류(제목·요약 낱말 대조)
2025-03-28,가야산,경북·경남,행정,기타,"민간 출신 5급 신임사무관 39명, 오는 31일부터 공직 업무 시작",gosiweek.com,https://www.gosiweek.com/article/1065582346480703,요약,규칙기반 자동분류(제목·요약 낱말 대조)
2025-03-28,치악산,강원 원주,행정,인사·조직,[포토뉴스]치악산국립공원사무소 구룡계곡 정화 활동,kwnews.co.kr,https://www.kwnews.co.kr/page/view/2025032811382743863,제목,규칙기반 자동분류(제목·요약 낱말 대조)
2025-03-27,가야산,경북·경남,행정,인사·조직,합천 가야산국립공원 에어-레인저 운영,gndomin.com,http://www.gndomin.com/news/articleView.html?idxno=428515,제목,규칙기반 자동분류(제목·요약 낱말 대조)
2025-03-27,오대산,강원,행정,인사·조직,[포토뉴스]오대산국립공원 세계물의 날 맞아 환경정화 활동 펼쳐,kwnews.co.kr,https://www.kwnews.co.kr/page/view/2025032711050615752,제목,규칙기반 자동분류(제목·요약 낱말 대조)
2025-03-27,소백산,충북·경북,행정,지정·구역,"신단양지역개발회, '25년도 정기총회 개최 우수학생에 장학증서 전달",breaknews.com,http://www.breaknews.com/1104130,요약,규칙기반 자동분류(제목·요약 낱말 대조)
2025-03-27,무등산,광주·전남,행정,지정·구역,광주 중앙근린공원 제1호 국가도시공원 지정 임박,nocutnews.co.kr,https://www.nocutnews.co.kr/news/6314869?utm_source=naver&utm_medium=article&utm_campaign=20250327095155,요약,규칙기반 자동분류(제목·요약 낱말 대조)
2025-03-27,팔공산,대구·경북,행정,인사·조직,"팔공산국립공원, 은해사 탐방지원센터 개소…해설·안전 관리 거점",newsis.com,https://www.newsis.com/view/NISX20250327_0003114920,제목,규칙기반 자동분류(제목·요약 낱말 대조)
2025-03-27,금정산,부산·경남,행정,지정·구역,"이승우 부산시의원 ""부산 해양 생태계 날로 악화…관리전략 수립해야""",newspim.com,https://www.newspim.com/news/view/20250327000918,요약,규칙기반 자동분류(제목·요약 낱말 대조)
2025-03-26,속리산,충북·경북,행정,인사·조직,"과감한 대규모 투자, 잠자는 충북 관광산업 깨웠다",cctoday.co.kr,https://www.cctoday.co.kr/news/articleView.html?idxno=2209782,요약,규칙기반 자동분류(제목·요약 낱말 대조)
2025-03-26,가야산,경북·경남,행정,인사·조직,"가야산, 생강나무·올괴불나무 등 봄꽃 개화",newsis.com,https://www.newsis.com/view/NISX20250326_0003114682,제목,규칙기반 자동분류(제목·요약 낱말 대조)
2025-03-26,가야산,경북·경남,행정,인사·조직,합천 가야산국립공원 봄철 해빙기 특별점검,gndomin.com,http://www.gndomin.com/news/articleView.html?idxno=428352,제목,규칙기반 자동분류(제목·요약 낱말 대조)
2025-03-26,무등산,광주·전남,행정,지정·구역,5만년 전 떨어진 운석이 만든 지형…한반도 최초이자 유일,hani.co.kr,https://www.hani.co.kr/arti/area/yeongnam/1188905.html,요약,규칙기반 자동분류(제목·요약 낱말 대조)
2025-03-25,치악산,강원 원주,행정,인사·조직,"김완섭 환경부장관, 제5회 국립공원의 날 기념식 참석",ikld.kr,http://www.ikld.kr/news/articleView.html?idxno=310306,요약,규칙기반 자동분류(제목·요약 낱말 대조)
2025-03-25,치악산,강원 원주,행정,인사·조직,"""국립공원 탐방객 4000만명…국민 체감 정책 발굴""",kado.net,http://www.kado.net/news/articleView.html?idxno=1300829,요약,규칙기반 자동분류(제목·요약 낱말 대조)
2025-03-24,경주,경북 경주,행정,인사·조직,경주국립공원사무소 세계 물의날에 환경정화활동(사진물),idaegu.com,https://www.idaegu.com/news/articleView.html?idxno=632343,제목,규칙기반 자동분류(제목·요약 낱말 대조)
2025-03-24,주왕산,경북,행정,인사·조직,"경북 청송군, 주왕산국립공원, 「세계 물의 날」기념행사 및 주왕계곡 ...",viva100.com,https://www.viva100.com/article/20250324501134,제목,규칙기반 자동분류(제목·요약 낱말 대조)
2025-03-24,치악산,강원 원주,행정,인사·조직,제5회 국립공원의 날기념식 원주서 개최,g1tv.co.kr,https://www.g1tv.co.kr/news?mid=1_207_6&newsid=325381,요약,규칙기반 자동분류(제목·요약 낱말 대조)
2025-03-24,치악산,강원 원주,행정,기타,"국립공원의날 5주년…진우 스님 ""자연과 사찰 공존"" 강조",hyunbulnews.com,http://www.hyunbulnews.com/news/articleView.html?idxno=418208,요약,규칙기반 자동분류(제목·요약 낱말 대조)
2025-03-24,치악산,강원 원주,행정,기타,제5회 국립공원의 날 기념식 치악산국립공원 구룡사서 개최,m.skyedaily.com,https://m.skyedaily.com/news_view.html?ID=267239,제목,규칙기반 자동분류(제목·요약 낱말 대조)
2025-03-23,치악산,강원 원주,행정,인사·조직,"제5회 국립공원의 날 기념식, 치악산 구룡사에서 개최",electimes.com,https://www.electimes.com/news/articleView.html?idxno=352262,제목,규칙기반 자동분류(제목·요약 낱말 대조)
2025-03-23,치악산,강원 원주,행정,기타,"제5회 국립공원의 날 기념식, 24일 치악산국립공원 구룡사에서 열려",biz.heraldcorp.com,https://biz.heraldcorp.com/article/10447900?ref=naver,제목,규칙기반 자동분류(제목·요약 낱말 대조)
2025-03-23,치악산,강원 원주,행정,기타,"국립공원의 날 기념식, 치악산국립공원 구룡사서 개최",mediapen.com,https://www.mediapen.com/news/view/1000083,제목,규칙기반 자동분류(제목·요약 낱말 대조)
2025-03-23,치악산,강원 원주,행정,기타,"치악산서 '국립공원의 날' 기념식…""함께 그리는 국립공원""",yna.co.kr,https://www.yna.co.kr/view/AKR20250323021300530?input=1195m,제목,규칙기반 자동분류(제목·요약 낱말 대조)
2025-03-23,팔공산,대구·경북,행정,협약·협력,"팔공산 국립공원 동부사무소–경북대 자연사박물관, 생태 관광 활성화 ...",dgmbc.com,https://dgmbc.com/article/IdwT_yVdJS,제목,규칙기반 자동분류(제목·요약 낱말 대조)
2025-03-20,치악산,강원 원주,행정,인사·조직,"치악산 국립공원, 밀렵단속·불법 엽구 수거활동",kado.net,http://www.kado.net/news/articleView.html?idxno=1299959,제목,규칙기반 자동분류(제목·요약 낱말 대조)
2025-03-20,치악산,강원 원주,행정,기타,원주 소초면 ‘치악산면’ 개명 두고 주민 갈등,donga.com,https://www.donga.com/news/Society/article/all/20250319/131240425/2,제목,규칙기반 자동분류(제목·요약 낱말 대조)
2025-03-19,가야산,경북·경남,행정,인사·조직,"가야산국립공원사무소, 청소년 사회성 증진 프로그램 참가 모집",newsis.com,https://www.newsis.com/view/NISX20250319_0003105392,제목,규칙기반 자동분류(제목·요약 낱말 대조)
2025-03-19,치악산,강원 원주,행정,지정·구역,'치악산면 개칭' '대도시 특례'…원주시 vs 횡성군 갈등,news1.kr,https://www.news1.kr/local/kangwon/5724614,제목,규칙기반 자동분류(제목·요약 낱말 대조)
2025-03-19,치악산,강원 원주,행정,지정·구역,'치악산면' 명칭 변경 두고 원주시-횡성군 갈등 증폭,enewstoday.co.kr,http://www.enewstoday.co.kr/news/articleView.html?idxno=2251925,제목,규칙기반 자동분류(제목·요약 낱말 대조)
2025-03-19,치악산,강원 원주,행정,기타,"원주시-횡성군, ‘치악산면’ 개명 둘러싼 갈등",donga.com,https://www.donga.com/news/Society/article/all/20250319/131235914/1,제목,규칙기반 자동분류(제목·요약 낱말 대조)
2025-03-19,치악산,강원 원주,행정,지정·구역,"횡성군수 ""원주 지명 치악산면 변경 반대""",kado.net,http://www.kado.net/news/articleView.html?idxno=1299532,제목,규칙기반 자동분류(제목·요약 낱말 대조)
2025-03-18,치악산,강원 원주,행정,지정·구역,횡성-원주 ‘치악산면·대도시 특례·상수원’ 동상이몽,kwnews.co.kr,https://www.kwnews.co.kr/page/view/2025031814233266526,제목,규칙기반 자동분류(제목·요약 낱말 대조)
2025-03-18,치악산,강원 원주,행정,지정·구역,‘치악산면?’ 김명기 횡성군수 “원주시 일방적 명칭 변경 반대”,news1.kr,https://www.news1.kr/local/kangwon/5723202,제목,규칙기반 자동분류(제목·요약 낱말 대조)
2025-03-18,치악산,강원 원주,행정,기타,치악산 두고 원주-횡성 '난타전',news.lghellovision.net,http://news.lghellovision.net/news/articleView.html?idxno=500378,제목,규칙기반 자동분류(제목·요약 낱말 대조)
2025-03-18,치악산,강원 원주,행정,지정·구역,"김명기 횡성군수-원강수 원주시장, ""동반이냐 갈등이냐""",news.mtn.co.kr,https://news.mtn.co.kr/news-detail/2025031814502147928,요약,규칙기반 자동분류(제목·요약 낱말 대조)
2025-03-18,치악산,강원 원주,행정,지정·구역,"김명기 횡성군수 ""함께 성장하는 횡성·원주 동반자 관계 기대""",yna.co.kr,https://www.yna.co.kr/view/AKR20250318117800062?input=1195m,요약,규칙기반 자동분류(제목·요약 낱말 대조)
2025-03-18,치악산,강원 원주,행정,지정·구역,"[위클리오늘] 김명기 횡성군수, 원주시의 일방적 행정 추진에 강한 유감...",weeklytoday.com,http://www.weeklytoday.com/news/articleView.html?idxno=684950,요약,규칙기반 자동분류(제목·요약 낱말 대조)
2025-03-18,치악산,강원 원주,행정,지정·구역,"횡성군, 일방적인 치악산면으로 명칭 변경 반대",shinailbo.co.kr,http://www.shinailbo.co.kr/news/articleView.html?idxno=2022357,제목,규칙기반 자동분류(제목·요약 낱말 대조)
2025-03-18,월악산,충북·경북,행정,인사·조직,"월악산국립공원, 지역 주민 위한 공용 세탁기 서비스 운영",kyongbuk.co.kr,https://www.kyongbuk.co.kr/news/articleView.html?idxno=4034765,제목,규칙기반 자동분류(제목·요약 낱말 대조)
2025-03-16,계룡산,대전·충남,행정,인사·조직,"""'계룡 국립군사박물관' 국방부 직할 가장 바람직""",ggilbo.com,https://www.ggilbo.com/news/articleView.html?idxno=1079125,요약,규칙기반 자동분류(제목·요약 낱말 대조)
2025-03-16,속리산,충북·경북,행정,기타,[데스크칼럼] 기관장의 역할 이래서 중요하다,jbnews.com,https://www.jbnews.com/news/articleView.html?idxno=1470030,요약,규칙기반 자동분류(제목·요약 낱말 대조)
2025-03-15,경주,경북 경주,행정,인사·조직,"[포토뉴스]경주국립공원 복수초, 노루귀 등 봄꽃 개화 시작",biz.heraldcorp.com,https://biz.heraldcorp.com/article/10442280?ref=naver,제목,규칙기반 자동분류(제목·요약 낱말 대조)
2025-03-14,주왕산,경북,행정,협약·협력,"경북북부제1교도소, 주왕산국립공원사무소와 업무협약",wikitree.co.kr,https://www.wikitree.co.kr/articles/1033219,제목,규칙기반 자동분류(제목·요약 낱말 대조)
2025-03-13,오대산,강원,행정,인사·조직,2025년도 월정사 불교대학 입학식,btnnews.tv,https://www.btnnews.tv/news/articleView.html?idxno=84845,요약,규칙기반 자동분류(제목·요약 낱말 대조)
2025-03-12,가야산,경북·경남,행정,인사·조직,‘운석충돌구·해인사 소리길 걸어볼까’…수도권 관광객 대상 합천‘수...,munhwa.com,https://www.munhwa.com/news/view.html?no=2025031201039927109001,요약,규칙기반 자동분류(제목·요약 낱말 대조)
2025-03-11,경주,경북 경주,행정,협약·협력,"경주국립공원, 3월 10~31일까지 시민대학 16기 참여자 모집",gukjenews.com,https://www.gukjenews.com/news/articleView.html?idxno=3220987,제목,규칙기반 자동분류(제목·요약 낱말 대조)
2025-03-11,경주,경북 경주,행정,기타,국립공원공단 경주국립공원사무소 시민대학 16기 참여자 모집,kbmaeil.com,https://www.kbmaeil.com/news/articleView.html?idxno=1034591,제목,규칙기반 자동분류(제목·요약 낱말 대조)
2025-03-11,경주,경북 경주,행정,협약·협력,경주국립공원 시민대학 16기 참여자 모집,dkilbo.com,https://www.dkilbo.com/news/articleView.html?idxno=486509,제목,규칙기반 자동분류(제목·요약 낱말 대조)
2025-03-11,치악산,강원 원주,행정,기타,[포토뉴스]봄의 전령 ‘복수초’ 활짝,kwnews.co.kr,https://www.kwnews.co.kr/page/view/2025031116393867495,요약,규칙기반 자동분류(제목·요약 낱말 대조)
2025-03-09,한려해상,경남·전남,행정,협약·협력,경남 매월 셋째 주 '바다 정화 주간'…민간 주도 쓰레기 수거 확대,nocutnews.co.kr,https://www.nocutnews.co.kr/news/6304745?utm_source=naver&utm_medium=article&utm_campaign=20250309063510,요약,규칙기반 자동분류(제목·요약 낱말 대조)
2025-03-05,설악산,강원,행정,연구·용역,[박훈 칼럼] 소나무의 죽음을 부른 환경변화,kfenews.co.kr,https://www.kfenews.co.kr/news/articleView.html?idxno=630899,요약,규칙기반 자동분류(제목·요약 낱말 대조)
2025-03-05,팔공산,대구·경북,행정,인사·조직,국립공원 숲 결혼식 기회 확대… 인생의 특별한 추억을 국립공원 자연과...,job-post.co.kr,https://www.job-post.co.kr/news/articleView.html?idxno=131741,요약,규칙기반 자동분류(제목·요약 낱말 대조)
2025-03-04,경주,경북 경주,행정,지정·구역,[김영호 특별기고] 형산강변에 앉아,kbsm.net,http://www.kbsm.net/news/view.php?idx=466294,요약,규칙기반 자동분류(제목·요약 낱말 대조)
2025-03-04,속리산,충북·경북,행정,기타,보은군민 92% '철도유치 염원'에도 외청기관들 외면,jbnews.com,https://www.jbnews.com/news/articleView.html?idxno=1468640,요약,규칙기반 자동분류(제목·요약 낱말 대조)
2025-03-04,가야산,경북·경남,행정,협약·협력,"경북 성주군-가야산국립공원, 가야산 일대 활성화 사업 추진",viva100.com,https://www.viva100.com/article/20250304501726,제목,규칙기반 자동분류(제목·요약 낱말 대조)
2025-03-04,치악산,강원 원주,행정,인사·조직,"진우 스님 ""국립공원 내 불교유산 공익적 가치 평가해야""",bulkyo21.com,http://www.bulkyo21.com/news/articleView.html?idxno=60840,요약,규칙기반 자동분류(제목·요약 낱말 대조)
2025-03-03,계룡산,대전·충남,행정,협약·협력,"노인인력개발원, ‘병해충예찰원’ 노인일자리 창출 협약 체결",viva100.com,https://www.viva100.com/article/20250303500559,요약,규칙기반 자동분류(제목·요약 낱말 대조)
2025-03-03,계룡산,대전·충남,행정,협약·협력,계룡산국립공원사무소-한국노인인력개발원-공주시니어클럽 업무협약,jbnews.com,https://www.jbnews.com/news/articleView.html?idxno=1468563,제목,규칙기반 자동분류(제목·요약 낱말 대조)
2025-03-03,계룡산,대전·충남,행정,협약·협력,계룡산사무소 자연자원 보전 및 노인 일자리 창출 업무협약!,ccdailynews.com,https://www.ccdailynews.com/news/articleView.html?idxno=2327965,제목,규칙기반 자동분류(제목·요약 낱말 대조)
2025-03-01,계룡산,대전·충남,행정,협약·협력,"계룡산사무소, 노인 일자리 창출을 위한 업무협약 체결",joongdo.co.kr,https://www.joongdo.co.kr/web/view.php?key=20250301010000078,제목,규칙기반 자동분류(제목·요약 낱말 대조)
2025-02-28,계룡산,대전·충남,행정,협약·협력,"노인인력개발원, ‘병충해·외래종예찰원’ 분야 노인일자리 발굴",dailian.co.kr,https://www.dailian.co.kr/news/view/1467391/?sc=Naver,요약,규칙기반 자동분류(제목·요약 낱말 대조)
2025-02-28,가야산,경북·경남,행정,인사·조직,"주대영 신임 국립공원공단 이사장, 진우스님 예방",news.bbsi.co.kr,https://news.bbsi.co.kr/news/articleView.html?idxno=4020232,요약,규칙기반 자동분류(제목·요약 낱말 대조)
2025-02-28,치악산,강원 원주,행정,인사·조직,"진우 스님 ""국립공원 내 불교유산 공익적 가치 높이 평가해야""",hyunbulnews.com,http://www.hyunbulnews.com/news/articleView.html?idxno=417875,요약,규칙기반 자동분류(제목·요약 낱말 대조)
2025-02-28,치악산,강원 원주,행정,기타,"총무원장 진우스님 ""공원 내 불교유산 공익적 가치 확산 필요""",ibulgyo.com,http://www.ibulgyo.com/news/articleView.html?idxno=423225,요약,규칙기반 자동분류(제목·요약 낱말 대조)
2025-02-27,가야산,경북·경남,행정,협약·협력,합천 가야산국립공원-성주군청 가야산탐방 활성화 MOU체결,gndomin.com,http://www.gndomin.com/news/articleView.html?idxno=425186,제목,규칙기반 자동분류(제목·요약 낱말 대조)
2025-02-27,가야산,경북·경남,행정,인사·조직,"성주군, 가야산국립공원과 MOU 체결",dkilbo.com,https://www.dkilbo.com/news/articleView.html?idxno=484894,제목,규칙기반 자동분류(제목·요약 낱말 대조)
2025-02-27,가야산,경북·경남,행정,협약·협력,"가야산국립공원-성주군청, 가야산탐방 활성화 MOU체결",newsis.com,https://www.newsis.com/view/NISX20250227_0003080293,제목,규칙기반 자동분류(제목·요약 낱말 대조)
2025-02-26,가야산,경북·경남,행정,협약·협력,"성주군-가야산국립공원, 가야산 일대 활성화 사업 추진",daily.hankooki.com,https://daily.hankooki.com/news/articleView.html?idxno=1184074,제목,규칙기반 자동분류(제목·요약 낱말 대조)
2025-02-26,가야산,경북·경남,행정,협약·협력,"성주군-국립공원공단, 가야산 활성화 업무협약",imaeil.com,https://www.imaeil.com/page/view/2025022611365177550,제목,규칙기반 자동분류(제목·요약 낱말 대조)
2025-02-25,속리산,충북·경북,행정,인사·조직,"스템코(주), 12년째 자연환경 보전기금 '쾌척'",inews365.com,https://www.inews365.com/news/article.html?no=853434,요약,규칙기반 자동분류(제목·요약 낱말 대조)
2025-02-25,금정산,부산·경남,행정,지정·구역,"환경장관 ""기후환경부로 거듭나야…기후 싱크탱크도 필요""",nocutnews.co.kr,https://www.nocutnews.co.kr/news/6299100?utm_source=naver&utm_medium=article&utm_campaign=20250225040102,요약,규칙기반 자동분류(제목·요약 낱말 대조)
2025-02-24,계룡산,대전·충남,행정,인사·조직,"계룡산국립공원, '유관기관 합동 불법엽구 수거' 행사",jbnews.com,https://www.jbnews.com/news/articleView.html?idxno=1467869,제목,규칙기반 자동분류(제목·요약 낱말 대조)
2025-02-24,북한산,서울·경기,행정,협약·협력,"반려해변·습지공원·등산로...""우리 회사 건설 기계로 생태계 지키니 ...",hankookilbo.com,https://www.hankookilbo.com/News/Read/A2025012117530000328?did=NA,요약,규칙기반 자동분류(제목·요약 낱말 대조)
2025-02-23,팔공산,대구·경북,행정,협약·협력,"칠곡교육지원청·팔공산국립공원서부사무소, 업무협약 체결",m-i.kr,http://www.m-i.kr/news/articleView.html?idxno=1210353,제목,규칙기반 자동분류(제목·요약 낱말 대조)
2025-02-23,팔공산,대구·경북,행정,협약·협력,"칠곡교육지원청-팔공산국립공원, 교육협력 협약",hidomin.com,http://www.hidomin.com/news/articleView.html?idxno=573041,제목,규칙기반 자동분류(제목·요약 낱말 대조)
2025-02-22,월악산,충북·경북,행정,지정·구역,"오늘 일출·일몰시간, ""23일(일) 전국 해돋이 명소, 해 뜨는 시간과 해 ...",lecturernews.com,https://www.lecturernews.com/news/articleView.html?idxno=172713,요약,규칙기반 자동분류(제목·요약 낱말 대조)
2025-02-21,지리산,전남·전북·경남,행정,협약·협력,"전북교육청학생수련원-지리산국립공원 전북사무소, 청소년 생태교육 협...",joongdo.co.kr,https://www.joongdo.co.kr/web/view.php?key=20250221010006788,제목,규칙기반 자동분류(제목·요약 낱말 대조)
2025-02-21,무등산,광주·전남,행정,지정·구역,[광주 시민사회단체 동력 쇠락] 그들이 바꾼 세상,gjdream.com,http://www.gjdream.com/news/articleView.html?idxno=653920,요약,규칙기반 자동분류(제목·요약 낱말 대조)
2025-02-21,팔공산,대구·경북,행정,협약·협력,"칠곡교육지원청-팔공산국립공원, 생태·환경교육 활성화 협약",daily.hankooki.com,https://daily.hankooki.com/news/articleView.html?idxno=1182263,제목,규칙기반 자동분류(제목·요약 낱말 대조)
2025-02-17,치악산,강원 원주,행정,지정·구역,"치악산 국립공원, 어떤 코스로 즐겨야 할까?",tournews21.com,https://www.tournews21.com/news/articleView.html?idxno=91091,제목,규칙기반 자동분류(제목·요약 낱말 대조)
2025-02-17,팔공산,대구·경북,행정,인사·조직,[정책브리핑] 2025년 02월 17일 월요일 주요 정책,sisunnews.co.kr,http://www.sisunnews.co.kr/news/articleView.html?idxno=221209,요약,규칙기반 자동분류(제목·요약 낱말 대조)
2025-02-16,계룡산,대전·충남,행정,지정·구역,[정책탐구생활] 인산인해 국립공원… 과제는 안전 불청객 ‘야생멧돼지...,viva100.com,https://www.viva100.com/article/20250215500065,요약,규칙기반 자동분류(제목·요약 낱말 대조)
2025-02-13,팔공산,대구·경북,행정,인사·조직,작년 국립공원 탐방객 4천만명대…코로나19 이전 수준 회복,yna.co.kr,https://www.yna.co.kr/view/AKR20250211084900530?input=1195m,요약,규칙기반 자동분류(제목·요약 낱말 대조)
2025-02-12,지리산,전남·전북·경남,행정,인사·조직,달빛고속철도로 균형발전의 길을 넓히자- 김종진 담양미래전략연구소장,kwangju.co.kr,http://www.kwangju.co.kr/article.php?aid=1739286000779884131,요약,규칙기반 자동분류(제목·요약 낱말 대조)
2025-02-07,태안해안,충남 태안,행정,기타,"서해안고속도로 운전, 주의해야 할 점은?",tournews21.com,http://www.tournews21.com/news/articleView.html?idxno=85768,요약,규칙기반 자동분류(제목·요약 낱말 대조)
2025-02-06,가야산,경북·경남,행정,인사·조직,"가야산, 해인사 품은 영남의 명산…주요 등산 코스는?",tournews21.com,http://www.tournews21.com/news/articleView.html?idxno=85379,제목,규칙기반 자동분류(제목·요약 낱말 대조)
2025-02-06,오대산,강원,행정,지정·구역,"오대산 국립공원, 사계절 매력과 문화유산…어디를 가볼까?",tournews21.com,http://www.tournews21.com/news/articleView.html?idxno=85367,제목,규칙기반 자동분류(제목·요약 낱말 대조)
2025-02-06,속리산,충북·경북,행정,지정·구역,정이품송에서 팔상전까지 보물 즐비…‘호서제일가람’ 속리산 법주사...,biz.heraldcorp.com,https://biz.heraldcorp.com/article/10413698?ref=naver,제목,규칙기반 자동분류(제목·요약 낱말 대조)
2025-02-05,지리산,전남·전북·경남,행정,인사·조직,국립공원 습지 18곳 추가 확인,bosa.co.kr,http://www.bosa.co.kr/news/articleView.html?idxno=2241367,요약,규칙기반 자동분류(제목·요약 낱말 대조)
2025-02-05,오대산,강원,행정,지정·구역,"정념 스님 ""서로 인정하고 포용해야 국민화합 이뤄""",bulkyo21.com,http://www.bulkyo21.com/news/articleView.html?idxno=60673,요약,규칙기반 자동분류(제목·요약 낱말 대조)
2025-02-04,지리산,전남·전북·경남,행정,인사·조직,국립공원 습지 18곳 추가 확인…탄소저장고 보고,zdnet.co.kr,https://zdnet.co.kr/view/?no=20250204073354,요약,규칙기반 자동분류(제목·요약 낱말 대조)
2025-02-04,경주,경북 경주,행정,기타,대구·경북 국립공원 습지 4곳 추가 발견,news.kbs.co.kr,https://news.kbs.co.kr/news/pc/view/view.do?ncd=8166604&ref=A,요약,규칙기반 자동분류(제목·요약 낱말 대조)
2025-02-04,오대산,강원,행정,지정·구역,"오대산 월정사, 을사년 신년하례 법회 봉행",hyunbulnews.com,http://www.hyunbulnews.com/news/articleView.html?idxno=417503,제목,규칙기반 자동분류(제목·요약 낱말 대조)
2025-02-03,지리산,전남·전북·경남,행정,인사·조직,탄소저장의 보고…국립공원 습지 18곳 추가 확인,e2news.com,http://www.e2news.com/news/articleView.html?idxno=316761,요약,규칙기반 자동분류(제목·요약 낱말 대조)
2025-02-03,지리산,전남·전북·경남,행정,법령·제도,【데일리 ESG정책 브리핑】 온실가스 배출권거래법 시행령 개정,impacton.net,http://www.impacton.net/news/articleView.html?idxno=13886,요약,규칙기반 자동분류(제목·요약 낱말 대조)
2025-02-03,지리산,전남·전북·경남,행정,인사·조직,"환경부, 국립공원 습지 18곳 추가 확인…탄소저장고 보고",dailyt.co.kr,https://www.dailyt.co.kr/newsView/dlt202502030005,요약,규칙기반 자동분류(제목·요약 낱말 대조)
2025-02-03,지리산,전남·전북·경남,행정,연구·용역,메트로신문 - 2월 3일자 한줄뉴스,metroseoul.co.kr,http://www.metroseoul.co.kr/article/20250202500275,요약,규칙기반 자동분류(제목·요약 낱말 대조)
2025-02-03,오대산,강원,행정,인사·조직,"국립공원공단, 월정사 퇴우 정념스님 감사패 전달",idsn.co.kr,https://idsn.co.kr/news/view/1065591629924397,요약,규칙기반 자동분류(제목·요약 낱말 대조)
2025-02-03,오대산,강원,행정,인사·조직,"""어려운 시기 부처님 가르침·자비심으로 극복""",kado.net,http://www.kado.net/news/articleView.html?idxno=1291146,요약,규칙기반 자동분류(제목·요약 낱말 대조)
2025-02-03,설악산,강원,행정,연구·용역,설악산·치악산 등 국립공원서 습지 18곳 추가 발견,news.sbs.co.kr,https://news.sbs.co.kr/news/endPage.do?news_id=N1007968891&plink=ORI&cooper=NAVER,제목,규칙기반 자동분류(제목·요약 낱말 대조)
2025-02-03,지리산,전남·전북·경남,행정,연구·용역,"""이거야말로 진짜 '보물단지'""…지리산·월악산 등 국립공원서 습지 18곳...",sedaily.com,https://www.sedaily.com/NewsView/2GOTPBGFP1,제목,규칙기반 자동분류(제목·요약 낱말 대조)
2025-02-02,지리산,전남·전북·경남,행정,인사·조직,지리산 국립공원 등 습지 18곳 추가 확인…탄소저장고 보고,ikld.kr,http://www.ikld.kr/news/articleView.html?idxno=307570,제목,규칙기반 자동분류(제목·요약 낱말 대조)
2025-02-02,경주,경북 경주,행정,연구·용역,대구경북 국립공원에서 '탄소저장고' 내륙습지 4곳 추가 발견,imaeil.com,https://www.imaeil.com/page/view/2025020217421970195,요약,규칙기반 자동분류(제목·요약 낱말 대조)
2025-02-02,지리산,전남·전북·경남,행정,기타,"'탄소 저장고' 내륙습지, 국립공원서 18곳 추가 발견",nocutnews.co.kr,https://www.nocutnews.co.kr/news/6285682?utm_source=naver&utm_medium=article&utm_campaign=20250202120056,요약,규칙기반 자동분류(제목·요약 낱말 대조)
2025-02-02,지리산,전남·전북·경남,행정,인사·조직,국립공원 습지 18곳 추가 확인…탄소 분산저장 가능해진다,e-platform.net,http://www.e-platform.net/news/articleView.html?idxno=91116,요약,규칙기반 자동분류(제목·요약 낱말 대조)
2025-02-02,지리산,전남·전북·경남,행정,인사·조직,"공원공단, 지리산·설악산 등에서 내륙습지 18곳 추가 발견",dailian.co.kr,https://www.dailian.co.kr/news/view/1456915/?sc=Naver,제목,규칙기반 자동분류(제목·요약 낱말 대조)
2025-02-02,오대산,강원,행정,지정·구역,국립공원공단 월정사 정념 주지스님에게 감사패 전달,kado.net,http://www.kado.net/news/articleView.html?idxno=1290988,요약,규칙기반 자동분류(제목·요약 낱말 대조)
2025-02-02,오대산,강원,행정,인사·조직,월정사 을사년 신년하례법회 2일 봉행,kado.net,http://www.kado.net/news/articleView.html?idxno=1290986,요약,규칙기반 자동분류(제목·요약 낱말 대조)
2025-02-02,오대산,강원,행정,인사·조직,"국립공원공단, 월정사 주지 정념 스님 감사패 전달",newspim.com,https://www.newspim.com/news/view/20250202000059,요약,규칙기반 자동분류(제목·요약 낱말 대조)
2025-02-02,지리산,전남·전북·경남,행정,연구·용역,지리산·월악산 등 국립공원서 습지 18곳 추가 발견,news.tvchosun.com,https://news.tvchosun.com/site/data/html_dir/2025/02/02/2025020290092.html,제목,규칙기반 자동분류(제목·요약 낱말 대조)
2025-02-02,지리산,전남·전북·경남,행정,기타,국립공원에서 ‘탄소저장고’ 내륙습지 18곳 추가 발견,khan.co.kr,https://www.khan.co.kr/article/202502021422001,요약,규칙기반 자동분류(제목·요약 낱말 대조)
2025-02-01,가야산,경북·경남,행정,인사·조직,"가야산, 역사와 자연이 공존하는 명산… 등산·관광 필수 정보",tournews21.com,https://www.tournews21.com/news/articleView.html?idxno=84789,제목,규칙기반 자동분류(제목·요약 낱말 대조)
2025-01-31,지리산,전남·전북·경남,행정,인사·조직,[아유경제_AU인사이트] 2025년 1월 다섯째 주 핵심 이슈 TOP 10 모아보기,areyou.co.kr,http://www.areyou.co.kr/news/articleView.html?idxno=87180,요약,규칙기반 자동분류(제목·요약 낱말 대조)
2025-01-31,덕유산,전북·경남,행정,인사·조직,"덕유산 국립공원, 설 연휴 맞아 기록적인 폭설",newswhoplus.com,https://www.newswhoplus.com/news/articleView.html?idxno=20268,제목,규칙기반 자동분류(제목·요약 낱말 대조)
2025-01-30,경주,경북 경주,행정,기타,경주 토함산 야생동물 먹이주기,kbmaeil.com,https://www.kbmaeil.com/news/articleView.html?idxno=1028748,제목,규칙기반 자동분류(제목·요약 낱말 대조)
2025-01-29,경주,경북 경주,행정,기타,경주국립공원-경북문화관광공사 겨울철 야생동물 먹이주기 행사,kbmaeil.com,https://www.kbmaeil.com/news/articleView.html?idxno=1028625,제목,규칙기반 자동분류(제목·요약 낱말 대조)
2025-01-25,경주,경북 경주,행정,기타,"경주국립공원-경북문화관광공사, 겨울철 야생동물 먹이주기 캠페인 진행",dkilbo.com,https://www.dkilbo.com/news/articleView.html?idxno=480741,제목,규칙기반 자동분류(제목·요약 낱말 대조)
2025-01-25,경주,경북 경주,행정,기타,"경주국립공원·경북문화관광공사, 겨울철 야생동물 먹이주기 캠페인",kyongbuk.co.kr,https://www.kyongbuk.co.kr/news/articleView.html?idxno=4030460,제목,규칙기반 자동분류(제목·요약 낱말 대조)
2025-01-24,경주,경북 경주,행정,기타,"경주국립공원-경북문화관광公, 겨울철 야생동물 먹이주기 캠페인 진행",gukjenews.com,https://www.gukjenews.com/news/articleView.html?idxno=3190063,제목,규칙기반 자동분류(제목·요약 낱말 대조)
2025-01-24,경주,경북 경주,행정,인사·조직,"경주국립공원, 토함산 일원서 겨울철 야생동물 먹이 주기",widedaily.com,https://www.widedaily.com/news/articleView.html?idxno=257837,제목,규칙기반 자동분류(제목·요약 낱말 대조)
2025-01-24,경주,경북 경주,행정,기타,"경주국립공원, 겨울철 야생동물 먹이주기 캠페인",news.lghellovision.net,http://news.lghellovision.net/news/articleView.html?idxno=495153,제목,규칙기반 자동분류(제목·요약 낱말 대조)
2025-01-23,경주,경북 경주,행정,인사·조직,"국립공원공단, 담비, 삵 등 야생동물 '생생' 포착",metroseoul.co.kr,http://www.metroseoul.co.kr/article/20250122500588,요약,규칙기반 자동분류(제목·요약 낱말 대조)
2025-01-23,경주,경북 경주,행정,인사·조직,귀여워서 만만하게 봤더니... 호랑이·표범 사라진 후 '최상위 포식자'...,insight.co.kr,https://www.insight.co.kr/news/490121,요약,규칙기반 자동분류(제목·요약 낱말 대조)
2025-01-23,경주,경북 경주,행정,인사·조직,호랑이 사라진 한국 땅 ‘동물의 왕’ 등극…눈밭 뛰노는 담비 가족 포...,chosun.com,https://www.chosun.com/national/national_general/2025/01/23/35DRAA24C5CDDKHWS56VEQ6EKY/?utm_source=naver&utm_medium=referral&utm_campaign=naver-news,요약,규칙기반 자동분류(제목·요약 낱말 대조)
2025-01-23,북한산,서울·경기,행정,인사·조직,"삼성생명, 암·간병 보장 강화한 더블보장보험 출시…한화생명, 다보스...",sisaon.co.kr,http://www.sisaon.co.kr/news/articleView.html?idxno=167730,요약,규칙기반 자동분류(제목·요약 낱말 대조)
2025-01-23,북한산,서울·경기,행정,협약·협력,"신한라이프, 국립공원공단과 자연숲 복원 위한 업무협약 체결",megaeconomy.co.kr,https://www.megaeconomy.co.kr/news/newsview.php?ncode=1065576065346574,요약,규칙기반 자동분류(제목·요약 낱말 대조)
2025-01-22,경주,경북 경주,행정,인사·조직,[영상] 눈밭 질주하는 담비 가족 등 국립공원 야생동물 희귀 영상 포착,hankookilbo.com,https://www.hankookilbo.com/News/Read/A2025012213070004618?did=NA,요약,규칙기반 자동분류(제목·요약 낱말 대조)
2025-01-19,지리산,전남·전북·경남,행정,협약·협력,지리산국립공원·풀무원 지속가능 보전 업무협약 체결,gnnews.co.kr,https://www.gnnews.co.kr/news/articleView.html?idxno=603529,제목,규칙기반 자동분류(제목·요약 낱말 대조)
2025-01-19,지리산,전남·전북·경남,행정,협약·협력,"풀무원, 국립공원공단과 업무협약 체결",globalepic.co.kr,http://www.globalepic.co.kr/view.php?ud=20250117082332675346a9e4dd7f_29,요약,규칙기반 자동분류(제목·요약 낱말 대조)
2025-01-17,지리산,전남·전북·경남,행정,협약·협력,"[Daily New유통] 현대홈쇼핑, 롯데면세점, 신세계L&B 外",biz.newdaily.co.kr,https://biz.newdaily.co.kr/site/data/html/2025/01/17/2025011700030.html,요약,규칙기반 자동분류(제목·요약 낱말 대조)
2025-01-17,지리산,전남·전북·경남,행정,협약·협력,"풀무원-국립공원공단, ESG 업무협약 체결",ngetnews.com,https://www.ngetnews.com/news/articleView.html?idxno=518560,요약,규칙기반 자동분류(제목·요약 낱말 대조)
2025-01-17,지리산,전남·전북·경남,행정,협약·협력,"풀무원, 국립공원공단과 'ESG 활성화 위한 업무협약' 체결",smarttimes.co.kr,http://www.smarttimes.co.kr/news/articleView.html?idxno=28382,요약,규칙기반 자동분류(제목·요약 낱말 대조)
2025-01-17,지리산,전남·전북·경남,행정,협약·협력,"풀무원, 지리산국립공원과 ESG 업무협약 체결",insightkorea.co.kr,https://www.insightkorea.co.kr/news/articleView.html?idxno=217337,제목,규칙기반 자동분류(제목·요약 낱말 대조)
2025-01-17,지리산,전남·전북·경남,행정,협약·협력,"국립공원公, 풀무원과 업무협약 체결",todayenergy.kr,https://www.todayenergy.kr/news/articleView.html?idxno=278819,요약,규칙기반 자동분류(제목·요약 낱말 대조)
2025-01-17,지리산,전남·전북·경남,행정,협약·협력,"풀무원, 국립공원공단과 ESG 업무협약 체결",businesskorea.co.kr,https://www.businesskorea.co.kr/news/articleView.html?idxno=233853,요약,규칙기반 자동분류(제목·요약 낱말 대조)
2025-01-17,지리산,전남·전북·경남,행정,협약·협력,"풀무원, 국립공원공단과 ‘지리산국립공원 ESG 활성화 업무협약’ 체결",socialvalue.kr,https://www.socialvalue.kr/news/view/1065574419146877,제목,규칙기반 자동분류(제목·요약 낱말 대조)
2025-01-17,지리산,전남·전북·경남,행정,협약·협력,국립공원공단-(주)풀무원 지리산국립공원의 지속가능한 보전을 위한 업...,sentv.co.kr,https://www.sentv.co.kr/article/view/sentv202501170044,제목,규칙기반 자동분류(제목·요약 낱말 대조)
2025-01-16,치악산,강원 원주,행정,지정·구역,"""속초 아니고 소초예요."" 행정구역 명칭 변경 요구",news.lghellovision.net,http://news.lghellovision.net/news/articleView.html?idxno=494025,요약,규칙기반 자동분류(제목·요약 낱말 대조)
2025-01-16,치악산,강원 원주,행정,인사·조직,철도공단 도본부 안전·청렴 결의대회,kado.net,http://www.kado.net/news/articleView.html?idxno=1288814,요약,규칙기반 자동분류(제목·요약 낱말 대조)
2025-01-15,지리산,전남·전북·경남,행정,협약·협력,"진병영 함양군수, 휴천면 현장 행정으로 주민 소통 강화",kukinews.com,https://www.kukinews.com/article/view/kuk202501150309,요약,규칙기반 자동분류(제목·요약 낱말 대조)
2025-01-15,지리산,전남·전북·경남,행정,협약·협력,"함양군, 지리산국립공원 경남사무소와 업무협약 체결",polinews.co.kr,https://www.polinews.co.kr/news/articleView.html?idxno=678010,제목,규칙기반 자동분류(제목·요약 낱말 대조)
2025-01-15,치악산,강원 원주,행정,협약·협력,"국가철도공단, 안전·청렴 실천으로 무재해 철도 건설",ccdailynews.com,https://www.ccdailynews.com/news/articleView.html?idxno=2320251,요약,규칙기반 자동분류(제목·요약 낱말 대조)
2025-01-14,금정산,부산·경남,행정,기타,[정책브리핑] 2025년 01월 14일 화요일 주요 정책,sisunnews.co.kr,http://www.sisunnews.co.kr/news/articleView.html?idxno=220135,요약,규칙기반 자동분류(제목·요약 낱말 대조)
2025-01-13,한려해상,경남·전남,행정,인사·조직,"해양환경공단, 2024년 해양침적폐기물 6,075톤 수거",klnews.co.kr,https://www.klnews.co.kr/news/articleView.html?idxno=315232,요약,규칙기반 자동분류(제목·요약 낱말 대조)
2025-01-12,한라산,제주,행정,인사·조직,[인사 명단] 제주도.도의회.행정시 간부급 명단,jejunews.com,http://www.jejunews.com/news/articleView.html?idxno=2215863,요약,규칙기반 자동분류(제목·요약 낱말 대조)
2025-01-11,가야산,경북·경남,행정,인사·조직,"영상앨범 산, 배우 이수련과 떠나는 가야산국립공원 '등산코스…해인사...",lecturernews.com,https://www.lecturernews.com/news/articleView.html?idxno=170115,제목,규칙기반 자동분류(제목·요약 낱말 대조)
2025-01-10,한려해상,경남·전남,행정,인사·조직,"해양환경공단, 작년 해양폐기물 6075톤 수거·처리",e2news.com,http://www.e2news.com/news/articleView.html?idxno=316236,요약,규칙기반 자동분류(제목·요약 낱말 대조)
2025-01-10,금정산,부산·경남,행정,법령·제도,탄핵 와중 ‘기후역행댐’ 강행한다는 환경부…“기후환경부 표방할 자...,khan.co.kr,https://www.khan.co.kr/article/202501101645001,요약,규칙기반 자동분류(제목·요약 낱말 대조)
2025-01-09,한려해상,경남·전남,행정,인사·조직,"해양환경공단, 2024년 해양 침적 폐기물 6075톤 수거…""해양폐기물 정화...",econonews.co.kr,http://www.econonews.co.kr/news/articleView.html?idxno=370345,요약,규칙기반 자동분류(제목·요약 낱말 대조)
2025-01-09,한려해상,경남·전남,행정,인사·조직,"해양환경공단, 지난해 해양침적폐기물 6,075톤 수거·처리",hdhy.co.kr,https://www.hdhy.co.kr/news/articleView.html?idxno=31189,요약,규칙기반 자동분류(제목·요약 낱말 대조)
2025-01-09,한려해상,경남·전남,행정,인사·조직,"해양환경공단, 2024년 '해양침적폐기물 6075톤' 수거·처리",cstimes.com,https://www.cstimes.com/news/articleView.html?idxno=628234,요약,규칙기반 자동분류(제목·요약 낱말 대조)
2025-01-09,금정산,부산·경남,행정,인사·조직,"총무원장 진우스님 국립공원공단 예방받고 ""불교유산 공익적 가치"" 강조",ibulgyo.com,http://www.ibulgyo.com/news/articleView.html?idxno=421900,요약,규칙기반 자동분류(제목·요약 낱말 대조)
2025-01-08,한려해상,경남·전남,행정,인사·조직,"해양환경공단, 지난해 해양폐기물 6075톤 수거·처리",idsn.co.kr,https://idsn.co.kr/news/view/1065600663744599,요약,규칙기반 자동분류(제목·요약 낱말 대조)
2025-01-08,한려해상,경남·전남,행정,인사·조직,"해양환경공단, 2024년 해양폐기물 6075톤 수거",electimes.com,https://www.electimes.com/news/articleView.html?idxno=348900,요약,규칙기반 자동분류(제목·요약 낱말 대조)
2025-01-08,한려해상,경남·전남,행정,인사·조직,"해양환경공단, 24개 주요 항만 해양폐기물 6075톤 수거",tournews21.com,http://www.tournews21.com/news/articleView.html?idxno=83026,요약,규칙기반 자동분류(제목·요약 낱말 대조)
2025-01-08,한려해상,경남·전남,행정,인사·조직,"해양환경공단, 지난해 해양 침적 폐기물 6075ｔ 건져 올려",kookje.co.kr,http://www.kookje.co.kr/news2011/asp/newsbody.asp?code=0200&key=20250108.99099002066,요약,규칙기반 자동분류(제목·요약 낱말 대조)
2025-01-08,한려해상,경남·전남,행정,인사·조직,"해양환경공단, 2024년 해양침적폐기물 6075톤 수거 및 처리",lcnews.co.kr,https://www.lcnews.co.kr/news/articleView.html?idxno=92218,요약,규칙기반 자동분류(제목·요약 낱말 대조)
2025-01-08,한려해상,경남·전남,행정,인사·조직,"해양환경공단, 지난해 해양침적폐기물 6075톤 수거",newspim.com,https://www.newspim.com/news/view/20250108000710,요약,규칙기반 자동분류(제목·요약 낱말 대조)
2025-01-08,한려해상,경남·전남,행정,인사·조직,"해양환경공단, 해양침적폐기물 6075톤 수거‧처리",energy-news.co.kr,https://www.energy-news.co.kr/news/articleView.html?idxno=209646,요약,규칙기반 자동분류(제목·요약 낱말 대조)
2025-01-06,계룡산,대전·충남,행정,기타,[오늘의 주요 사회 일정] 행정(1월6일 월요일),econonews.co.kr,http://www.econonews.co.kr/news/articleView.html?idxno=369724,요약,규칙기반 자동분류(제목·요약 낱말 대조)
2025-01-06,오대산,강원,행정,법령·제도,"오대산, 겨울철 불법 행위 집중단속",news.kbs.co.kr,https://news.kbs.co.kr/news/pc/view/view.do?ncd=8144874&ref=A,제목,규칙기반 자동분류(제목·요약 낱말 대조)
2025-01-05,계룡산,대전·충남,행정,기타,정부부처 주간일정 및 보도계획(6~10일),news.mt.co.kr,http://news.mt.co.kr/mtview.php?no=2025010509131730030,요약,규칙기반 자동분류(제목·요약 낱말 대조)
2025-01-05,계룡산,대전·충남,행정,기타,[정부 주요 일정] 경제·사회부처 주간 일정 (1월 6일 ~ 1월 10일),etoday.co.kr,https://www.etoday.co.kr/news/view/2434850,요약,규칙기반 자동분류(제목·요약 낱말 대조)
2025-01-05,속리산,충북·경북,행정,인사·조직,노윤경 속리산사무소장 '취임',inews365.com,https://www.inews365.com/news/article.html?no=846898,제목,규칙기반 자동분류(제목·요약 낱말 대조)
2025-01-05,치악산,강원 원주,행정,기타,"""출근길에 우산 챙기세요"" 오전까지 전국에 비나 눈",mk.co.kr,https://www.mk.co.kr/article/11210111,요약,규칙기반 자동분류(제목·요약 낱말 대조)
2025-01-04,오대산,강원,행정,법령·제도,"오대산국립공원사무소, 2월 23일까지 불법행위 집중단속 실시",news1.kr,https://www.news1.kr/local/kangwon/5651071,제목,규칙기반 자동분류(제목·요약 낱말 대조)
2025-01-03,치악산,강원 원주,행정,인사·조직,[새의자] 이상철 치악산국립공원 사무소장,kado.net,http://www.kado.net/news/articleView.html?idxno=1286500,제목,규칙기반 자동분류(제목·요약 낱말 대조)
2025-01-01,치악산,강원 원주,행정,인사·조직,[새얼굴]이상철 치악산국립공원사무소장,kwnews.co.kr,https://www.kwnews.co.kr/page/view/2025010117095848240,제목,규칙기반 자동분류(제목·요약 낱말 대조)
2025-01-01,태안해안,충남 태안,행정,인사·조직,<새인물> 황의수 국립공원공단 태안해안국립공원사무소장 취임,dynews.co.kr,http://www.dynews.co.kr/news/articleView.html?idxno=784334,제목,규칙기반 자동분류(제목·요약 낱말 대조)
2025-01-01,태안해안,충남 태안,행정,인사·조직,황의수 국립공원공단 태안해안국립공원사무소장 취임,jbnews.com,https://www.jbnews.com/news/articleView.html?idxno=1462827,제목,규칙기반 자동분류(제목·요약 낱말 대조)
2024-12-31,지리산,전남·전북·경남,행정,인사·조직,1월1일 인사,hani.co.kr,https://www.hani.co.kr/arti/society/internalmove/1175742.html,요약,규칙기반 자동분류(제목·요약 낱말 대조)
2024-12-31,계룡산,대전·충남,행정,인사·조직,"[인사] 한국전기안전공사, 국립공원공단",businesspost.co.kr,https://www.businesspost.co.kr/BP?command=article_view&num=378586,요약,규칙기반 자동분류(제목·요약 낱말 대조)
2024-12-31,지리산,전남·전북·경남,행정,인사·조직,[인사] 감사원 외,hankookilbo.com,https://www.hankookilbo.com/News/Read/A2024123116030004143?did=NA,요약,규칙기반 자동분류(제목·요약 낱말 대조)
2024-12-31,태안해안,충남 태안,행정,인사·조직,"태안해안국립공원사무소, 황의수 신임 소장 취임",chungnamilbo.co.kr,http://www.chungnamilbo.co.kr/news/articleView.html?idxno=807682,제목,규칙기반 자동분류(제목·요약 낱말 대조)
2024-12-26,월출산,전남,행정,인사·조직,영암군 2025년 1월 1일자 인사,siminilbo.co.kr,https://www.siminilbo.co.kr/news/newsview.php?ncode=1160297554148206,요약,규칙기반 자동분류(제목·요약 낱말 대조)
2024-12-25,오대산,강원,행정,기타,“평창 오대산 권역 관광 활성화 위해 힘 모은다”,kwnews.co.kr,https://www.kwnews.co.kr/page/view/2024122418431970125,제목,규칙기반 자동분류(제목·요약 낱말 대조)
2024-12-17,한려해상,경남·전남,행정,협약·협력,통영시 '생태탐방·치유나눔사업' 업무협약 체결,gndomin.com,http://www.gndomin.com/news/articleView.html?idxno=417475,요약,규칙기반 자동분류(제목·요약 낱말 대조)
2024-12-17,한려해상,경남·전남,행정,협약·협력,"통영시, '생태탐방 및 치유나눔사업' 업무협약 체결",newsgn.com,https://www.newsgn.com/news/articleView.html?idxno=456178,요약,규칙기반 자동분류(제목·요약 낱말 대조)
2024-12-16,한라산,제주,행정,협약·협력,"국립공원공단, 제주도와 업무협약 체결",todayenergy.kr,https://www.todayenergy.kr/news/articleView.html?idxno=277695,요약,규칙기반 자동분류(제목·요약 낱말 대조)
2024-12-15,속리산,충북·경북,행정,지정·구역,"눈 덮인 충북 주요 명소, 겨울 정취 만끽한 관광객들",news1.kr,https://www.news1.kr/local/sejong-chungbuk/5632380,요약,규칙기반 자동분류(제목·요약 낱말 대조)
2024-12-10,설악산,강원,행정,예산·재정,아이들이 푸른 소나무를 그릴 수 있을까?,news.kbs.co.kr,https://news.kbs.co.kr/news/pc/view/view.do?ncd=8126689&ref=A,요약,규칙기반 자동분류(제목·요약 낱말 대조)
2024-12-10,금정산,부산·경남,행정,지정·구역,"부산시, 금정산국립공원 지정 추진 속도…공청회 개최",nocutnews.co.kr,https://www.nocutnews.co.kr/news/6258780?utm_source=naver&utm_medium=article&utm_campaign=20241210021255,제목,규칙기반 자동분류(제목·요약 낱말 대조)
2024-12-09,속리산,충북·경북,행정,협약·협력,"충북교육청, 옥천 '천상의정원' 수생식물학습원과 업무협약",nocutnews.co.kr,https://www.nocutnews.co.kr/news/6258311?utm_source=naver&utm_medium=article&utm_campaign=20241209052944,요약,규칙기반 자동분류(제목·요약 낱말 대조)
2024-12-09,속리산,충북·경북,행정,협약·협력,"충북교육청, 천상의정원수생식물학습원 업무협약 체결",bzeronews.com,http://www.bzeronews.com/news/articleView.html?idxno=690527,요약,규칙기반 자동분류(제목·요약 낱말 대조)
2024-12-09,월악산,충북·경북,행정,지정·구역,'단양 선암골' 충북도 첫 생태관광지역 선정,jbnews.com,https://www.jbnews.com/news/articleView.html?idxno=1460820,요약,규칙기반 자동분류(제목·요약 낱말 대조)
2024-12-08,금정산,부산·경남,행정,지정·구역,[정부 주요 일정] 경제·사회부처 주간 일정 (12월 9일 ~ 12월 13일),etoday.co.kr,https://www.etoday.co.kr/news/view/2427058,요약,규칙기반 자동분류(제목·요약 낱말 대조)
2024-12-05,가야산,경북·경남,행정,지정·구역,"올 겨울, 경북에 깃든 고요한 선비의 발자취…사은(四隱)길을 걷다",gukjenews.com,https://www.gukjenews.com/news/articleView.html?idxno=3152522,요약,규칙기반 자동분류(제목·요약 낱말 대조)
2024-12-05,가야산,경북·경남,행정,지정·구역,경북에서 즐기는 겨울 인문학 산책…'고려 사은길'을 걷다,sisajournal.com,https://www.sisajournal.com/news/articleView.html?idxno=317172,요약,규칙기반 자동분류(제목·요약 낱말 대조)
2024-12-05,가야산,경북·경남,행정,지정·구역,고려 사은(四隱) 발자취 따라 경북을 걷다!,tournews21.com,http://www.tournews21.com/news/articleView.html?idxno=80881,요약,규칙기반 자동분류(제목·요약 낱말 대조)
2024-12-05,가야산,경북·경남,행정,지정·구역,"경북에 깃든 고요한 선비의 발자취, 사은(四隱)길을 걷다",dkilbo.com,https://www.dkilbo.com/news/articleView.html?idxno=473089,요약,규칙기반 자동분류(제목·요약 낱말 대조)
2024-12-05,가야산,경북·경남,행정,지정·구역,"경북문화관광공사, 경북 인문학 산책길 '고려 사은길' 소개",m-i.kr,http://www.m-i.kr/news/articleView.html?idxno=1186357,요약,규칙기반 자동분류(제목·요약 낱말 대조)
2024-11-29,경주,경북 경주,행정,협약·협력,“탄소 감축” 토함산에 나무 260그루 식재,donga.com,https://www.donga.com/news/Society/article/all/20241128/130521444/2,요약,규칙기반 자동분류(제목·요약 낱말 대조)
2024-11-27,지리산,전남·전북·경남,행정,기타,15cm 눈 덮인 지리산…경남 함양·거창 등도 올해 첫눈,busan.com,https://www.busan.com/view/busan/view.php?code=2024112711483459008,제목,규칙기반 자동분류(제목·요약 낱말 대조)
2024-11-27,변산반도,전북 부안,행정,인사·조직,"변산반도 국립공원, 2024년 문화유산협력위원회 개최",jeollailbo.com,http://www.jeollailbo.com/news/articleView.html?idxno=752546,제목,규칙기반 자동분류(제목·요약 낱말 대조)
2024-11-26,계룡산,대전·충남,행정,인사·조직,"숙모회, '계룡산동학사 숙모전 동향대제' 봉행",jbnews.com,https://www.jbnews.com/news/articleView.html?idxno=1459475,제목,규칙기반 자동분류(제목·요약 낱말 대조)
2024-11-26,덕유산,전북·경남,행정,기타,전북 무주 덕유산 향적봉서 첫 상고대(나무서리) 관측,nocutnews.co.kr,https://www.nocutnews.co.kr/news/6250154?utm_source=naver&utm_medium=article&utm_campaign=20241126010829,제목,규칙기반 자동분류(제목·요약 낱말 대조)
2024-11-26,금정산,부산·경남,행정,협약·협력,"범어사, 금정산국립공원 지정 동의…부산시와 업무협약",nocutnews.co.kr,https://www.nocutnews.co.kr/news/6249912?utm_source=naver&utm_medium=article&utm_campaign=20241126082826,제목,규칙기반 자동분류(제목·요약 낱말 대조)
2024-11-25,경주,경북 경주,행정,인사·조직,"경주국립공원, 토함산서 불법 올무 수거…""밀렵 방지""",newsis.com,https://www.newsis.com/view/NISX20241125_0002972057,제목,규칙기반 자동분류(제목·요약 낱말 대조)
2024-11-25,경주,경북 경주,행정,법령·제도,"경주국립공원, 야생동물 밀렵·밀거래 방지를 위한 불법엽구 수거 실시",hidomin.com,http://www.hidomin.com/news/articleView.html?idxno=565372,제목,규칙기반 자동분류(제목·요약 낱말 대조)
2024-11-25,경주,경북 경주,행정,인사·조직,조계종 포교사단 '천년을 세우다'에 3861만원 쾌척,ibulgyo.com,http://www.ibulgyo.com/news/articleView.html?idxno=420653,요약,규칙기반 자동분류(제목·요약 낱말 대조)
2024-11-25,치악산,강원 원주,행정,지정·구역,밑창 덧댄 낡은 구두·헌 달력 오려 만든 메모지 '청렴한 삶',kwnews.co.kr,https://www.kwnews.co.kr/page/view/2024112419504420152,요약,규칙기반 자동분류(제목·요약 낱말 대조)
2024-11-21,다도해해상,전남,행정,협약·협력,"다도해해상국립공원사무소·해병대 완도전우회, 업무협약",kjdaily.com,http://www.kjdaily.com/article.php?aid=1732194241644962242,제목,규칙기반 자동분류(제목·요약 낱말 대조)
2024-11-19,월악산,충북·경북,행정,인사·조직,단성면 벌천리 마을회관 18일 개관,enewstoday.co.kr,http://www.enewstoday.co.kr/news/articleView.html?idxno=2202212,요약,규칙기반 자동분류(제목·요약 낱말 대조)
2024-11-19,월악산,충북·경북,행정,인사·조직,"단양군 단성면, 벌천리 마을회관 개관",dynews.co.kr,http://www.dynews.co.kr/news/articleView.html?idxno=777786,요약,규칙기반 자동분류(제목·요약 낱말 대조)
2024-11-19,월악산,충북·경북,행정,인사·조직,단양 단성면 벌천리 신축 마을회관 개관식 진행,breaknews.com,http://www.breaknews.com/1071928,요약,규칙기반 자동분류(제목·요약 낱말 대조)
2024-11-19,월악산,충북·경북,행정,인사·조직,"단양 단성면, 벌천리 모여티 마을회관 개관",ggilbo.com,https://www.ggilbo.com/news/articleView.html?idxno=1059893,요약,규칙기반 자동분류(제목·요약 낱말 대조)
2024-11-19,월악산,충북·경북,행정,인사·조직,단성면 벌천리 모여티 마을회관 개관!,joongdo.co.kr,https://www.joongdo.co.kr/web/view.php?key=20241119010005176,요약,규칙기반 자동분류(제목·요약 낱말 대조)
2024-11-18,경주,경북 경주,행정,의회·국정감사,"경북도의회 문화환경위원회, 산림자원국 행정사무감사 실시",newscj.com,https://www.newscj.com/news/articleView.html?idxno=3201002,요약,규칙기반 자동분류(제목·요약 낱말 대조)
2024-11-14,계룡산,대전·충남,행정,인사·조직,"한밭대, 제6회 국립한밭대 수통골 문화축제 성료",daily.hankooki.com,https://daily.hankooki.com/news/articleView.html?idxno=1147547,요약,규칙기반 자동분류(제목·요약 낱말 대조)
2024-11-14,계룡산,대전·충남,행정,인사·조직,"국립한밭대, 제6회 국립한밭대 수통골 문화축제 성료",jeonmae.co.kr,https://www.jeonmae.co.kr/news/articleView.html?idxno=1092425,요약,규칙기반 자동분류(제목·요약 낱말 대조)
2024-11-14,계룡산,대전·충남,행정,인사·조직,"국립한밭대, '제6회 수통골 문화축제' 개최",enewstoday.co.kr,http://www.enewstoday.co.kr/news/articleView.html?idxno=2199855,요약,규칙기반 자동분류(제목·요약 낱말 대조)
2024-11-14,계룡산,대전·충남,행정,인사·조직,수통골서 펼쳐진 예술과 자연의 만남…국립한밭대 한수제 성료,ccdailynews.com,https://www.ccdailynews.com/news/articleView.html?idxno=2308158,요약,규칙기반 자동분류(제목·요약 낱말 대조)
2024-11-14,내장산,전북·전남,행정,인사·조직,"내장산국립공원, 안전보건경영시스템 인증",jjan.kr,https://www.jjan.kr/article/20241114580003,제목,규칙기반 자동분류(제목·요약 낱말 대조)
2024-11-14,태백산,강원·경북,행정,지정·구역,"환경부, 물관리 패러다임 전환…“국민 안전 최우선으로”",korea.kr,https://www.korea.kr/news/policyNewsView.do?newsId=148936274&call_from=naver_news,요약,규칙기반 자동분류(제목·요약 낱말 대조)
2024-11-14,태백산,강원·경북,행정,지정·구역,尹정부 환경 분야 성과 및 추진계획 정부 2년 반... 환경정책 성과 및 추...,dailyt.co.kr,https://www.dailyt.co.kr/newsView/dlt202411140012,요약,규칙기반 자동분류(제목·요약 낱말 대조)
2024-11-14,태백산,강원·경북,행정,지정·구역,"尹정부, 기후대응댐·환경규제완화 성과…기후위기대응단·플랫폼 추진",news.mt.co.kr,http://news.mt.co.kr/mtview.php?no=2024111413132112803,요약,규칙기반 자동분류(제목·요약 낱말 대조)
2024-11-14,태백산,강원·경북,행정,지정·구역,"환경부, '기후대응댐 건설' 추진 성과로 꼽아",newsis.com,https://www.newsis.com/view/NISX20241114_0002958805,요약,규칙기반 자동분류(제목·요약 낱말 대조)
2024-11-13,내장산,전북·전남,행정,인사·조직,"내장산국립공원, 안전보건경영 인증",jjn.co.kr,http://www.jjn.co.kr/news/articleView.html?idxno=988588,제목,규칙기반 자동분류(제목·요약 낱말 대조)
2024-11-11,태백산,강원·경북,행정,기타,[정책브리핑] 2024년 11월 11일 월요일 주요 정책,sisunnews.co.kr,http://www.sisunnews.co.kr/news/articleView.html?idxno=217635,요약,규칙기반 자동분류(제목·요약 낱말 대조)
2024-11-10,태안해안,충남 태안,행정,인사·조직,"태안해안국립공원, 롯데케미칼과 달산포 해변 환경정화",m-i.kr,http://www.m-i.kr/news/articleView.html?idxno=1177114,제목,규칙기반 자동분류(제목·요약 낱말 대조)
2024-11-09,한려해상,경남·전남,행정,의회·국정감사,"이상근 고성군수, 정점식 국회의원과의 정책 간담회 개최",kukinews.com,https://www.kukinews.com/article/view/kuk202411090001,요약,규칙기반 자동분류(제목·요약 낱말 대조)
2024-11-08,태백산,강원·경북,행정,기타,국립공원 사진 공모전 대상 ‘설경의 태백산’,naeil.com,https://www.naeil.com/news/read/528348?ref=naver,제목,규칙기반 자동분류(제목·요약 낱말 대조)
2024-11-07,한려해상,경남·전남,행정,기타,"[아유경제_부동산] 한국지역난방공사, '열수송망 통합 시스템' 공간정보...",areyou.co.kr,http://www.areyou.co.kr/news/articleView.html?idxno=86405,요약,규칙기반 자동분류(제목·요약 낱말 대조)
2024-11-07,한려해상,경남·전남,행정,지정·구역,"국토부, 제6회 공간정보 활용·아이디어 경진대회 수상작 발표",ikld.kr,http://www.ikld.kr/news/articleView.html?idxno=303124,요약,규칙기반 자동분류(제목·요약 낱말 대조)
2024-11-07,무등산,광주·전남,행정,협약·협력,"무등산국립공원-콜핑, 건강한 산행문화 위한 업무협약 체결",news.mt.co.kr,http://news.mt.co.kr/mtview.php?no=2024110713461584042,제목,규칙기반 자동분류(제목·요약 낱말 대조)
2024-11-07,태백산,강원·경북,행정,연구·용역,제23회 국립공원 사진 공모전 수상작 발표… 대상 ‘설경의 태백산’,lak.co.kr,http://www.lak.co.kr/news/boardview.php?id=18680,제목,규칙기반 자동분류(제목·요약 낱말 대조)
2024-11-07,태백산,강원·경북,행정,기타,국립공원 사진 공모전 대상에 ‘설경의 태백산’,edaily.co.kr,http://www.edaily.co.kr/news/newspath.asp?newsid=05097126639083424,제목,규칙기반 자동분류(제목·요약 낱말 대조)
2024-11-07,태백산,강원·경북,행정,기타,제23회 국립공원 사진 공모전 대상에 ‘설경의 태백산’,m.skyedaily.com,https://m.skyedaily.com/news_view.html?ID=252275,제목,규칙기반 자동분류(제목·요약 낱말 대조)
2024-11-07,태백산,강원·경북,행정,기타,"국립공원공단, 23회 국립공원 사진 공모전 수상작 공개… 대상에 '설경...",s-journal.co.kr,https://www.s-journal.co.kr/news/articleView.html?idxno=25081,요약,규칙기반 자동분류(제목·요약 낱말 대조)
2024-11-07,태백산,강원·경북,행정,인사·조직,국립공원 사진 공모전 ‘설경의 태백산’ 대상 수상,dailian.co.kr,https://www.dailian.co.kr/news/view/1426200/?sc=Naver,제목,규칙기반 자동분류(제목·요약 낱말 대조)
2024-11-06,한려해상,경남·전남,행정,지정·구역,제6회 공간정보 활용·아이디어 경진대회…‘열수송 맵’ 대상 선정,lak.co.kr,http://www.lak.co.kr/news/boardview.php?id=18673,요약,규칙기반 자동분류(제목·요약 낱말 대조)
2024-11-06,한려해상,경남·전남,행정,지정·구역,"한난·수공, '제6회 공간정보 활용·아이디어 경진대회' 공공부문 수상",chungnamilbo.co.kr,http://www.chungnamilbo.co.kr/news/articleView.html?idxno=798357,요약,규칙기반 자동분류(제목·요약 낱말 대조)
2024-11-06,한려해상,경남·전남,행정,기타,"지역난방공사 열수송처, 공간정보 경진대회 공공부문 대상",shinailbo.co.kr,http://www.shinailbo.co.kr/news/articleView.html?idxno=1956795,요약,규칙기반 자동분류(제목·요약 낱말 대조)
2024-11-06,한려해상,경남·전남,행정,지정·구역,지역난방공사 열수송처 공간정보 경진대회 대상 수상,dnews.co.kr,https://www.dnews.co.kr/uhtml/view.jsp?idxno=202411061021557410822,요약,규칙기반 자동분류(제목·요약 낱말 대조)
2024-11-06,한려해상,경남·전남,행정,지정·구역,제6회 공간정보 활용·아이디어 경진대회 수상작 발표,dailian.co.kr,https://www.dailian.co.kr/news/view/1425749/?sc=Naver,요약,규칙기반 자동분류(제목·요약 낱말 대조)
2024-11-06,한려해상,경남·전남,행정,지정·구역,노인들이 안전하게 교차로 횡단하는 방법은…공간정보 아이디어 대회 대...,busan.com,https://www.busan.com/view/busan/view.php?code=2024110611060725637,요약,규칙기반 자동분류(제목·요약 낱말 대조)
2024-11-06,한려해상,경남·전남,행정,기타,"공간정보 활용·아이디어 경진대회 최우수상, 지역난방공사, 동덕여대·...",newspim.com,https://www.newspim.com/news/view/20241106000446,요약,규칙기반 자동분류(제목·요약 낱말 대조)
2024-11-06,한려해상,경남·전남,행정,지정·구역,'공간정보 활용 경진대회' 대상에 한난 '열수송망 통합 시스템',bizwork.co.kr,https://www.bizwork.co.kr/news/articleView.html?idxno=250719,요약,규칙기반 자동분류(제목·요약 낱말 대조)
2024-11-06,한려해상,경남·전남,행정,지정·구역,"공간정보 활용 경진대회 대상에 '한난'…""열수송망 통합 시스템 구축""",news1.kr,https://www.news1.kr/realestate/general/5591420,요약,규칙기반 자동분류(제목·요약 낱말 대조)
2024-11-06,한려해상,경남·전남,행정,기타,공간정보 플랫폼 활용으로 열수송망 통합시스템 구축 성공,newsis.com,https://www.newsis.com/view/NISX20241106_0002948029,요약,규칙기반 자동분류(제목·요약 낱말 대조)
2024-11-06,월출산,전남,행정,인사·조직,가을철 산행 시 뱀・벌 물림 사고 주의!,siminilbo.co.kr,https://www.siminilbo.co.kr/news/newsview.php?ncode=1160283220486939,요약,규칙기반 자동분류(제목·요약 낱말 대조)
2024-11-05,경주,경북 경주,행정,협약·협력,"영림원소프트랩-케이엔아이씨, 경주 석굴암 토함산에 260그루 식재",industrynews.co.kr,http://www.industrynews.co.kr/news/articleView.html?idxno=56637,제목,규칙기반 자동분류(제목·요약 낱말 대조)
2024-11-05,경주,경북 경주,행정,협약·협력,"영림원소프트랩-케이엔아이씨, 경주 토함산에 260그루 식재 봉사",joongang.co.kr,https://www.joongang.co.kr/article/25289730,제목,규칙기반 자동분류(제목·요약 낱말 대조)
2024-11-05,경주,경북 경주,행정,협약·협력,"영림원소프트랩-케이엔아이씨, 경주 토함산 식재 봉사활동 진행",itdaily.kr,http://www.itdaily.kr/news/articleView.html?idxno=228422,제목,규칙기반 자동분류(제목·요약 낱말 대조)
2024-11-05,경주,경북 경주,행정,협약·협력,"영림원소프트랩-케이엔아이씨, 경주국립공원 관할 훼손지 복원 사업 지...",digitaltoday.co.kr,https://www.digitaltoday.co.kr/news/articleView.html?idxno=540079,제목,규칙기반 자동분류(제목·요약 낱말 대조)
2024-11-05,경주,경북 경주,행정,협약·협력,"영림원소프트랩-케이엔아이씨, 나무 심기 봉사",etnews.com,https://www.etnews.com/20241105000197,요약,규칙기반 자동분류(제목·요약 낱말 대조)
2024-11-05,경주,경북 경주,행정,협약·협력,영림원소프트랩·케이엔아이씨 경주국립공원사무소 관할 훼손지 복원사...,datanet.co.kr,https://www.datanet.co.kr/news/articleView.html?idxno=197495,제목,규칙기반 자동분류(제목·요약 낱말 대조)
2024-11-05,경주,경북 경주,행정,협약·협력,"영림원소프트랩, 케이엔아이씨와 경주 토함산에 260그루 식재",datanews.co.kr,http://www.datanews.co.kr/news/article.html?no=135425,제목,규칙기반 자동분류(제목·요약 낱말 대조)
2024-11-05,경주,경북 경주,행정,협약·협력,"영림원소프트랩-케이엔아이씨, 경주 토함산에 나무 260그루 식재",newsis.com,https://www.newsis.com/view/NISX20241105_0002946515,제목,규칙기반 자동분류(제목·요약 낱말 대조)
2024-11-05,경주,경북 경주,행정,협약·협력,"영림원소프트랩, 케이엔아이씨와 경주 석굴암 토함산에 식재 봉사활동",it-b.co.kr,http://www.it-b.co.kr/news/articleView.html?idxno=78618,제목,규칙기반 자동분류(제목·요약 낱말 대조)
2024-11-05,오대산,강원,행정,기타,11월 가볼 만한 곳…낙엽 밟으며 걷는 길 5곳,korea.kr,https://www.korea.kr/news/weekendView.do?newsId=148935821&call_from=naver_news,요약,규칙기반 자동분류(제목·요약 낱말 대조)
2024-11-05,다도해해상,전남,행정,인사·조직,"다도해해상국립공원서부사무소, 가을 산행 시 뱀 물림, 벌 쏘임 주의!",siminilbo.co.kr,https://www.siminilbo.co.kr/news/newsview.php?ncode=1160287198038269,제목,규칙기반 자동분류(제목·요약 낱말 대조)
2024-11-04,지리산,전남·전북·경남,행정,협약·협력,지리산 천왕봉 등반을 로봇으로?… 일상에 쑥 들어온 웨어러블 로봇,kids.donga.com,https://kids.donga.com/news/articleView.html?idxno=164092,제목,규칙기반 자동분류(제목·요약 낱말 대조)
2024-11-02,월악산,충북·경북,행정,기타,월악산국립공원 단풍 절정,kyongbuk.co.kr,https://www.kyongbuk.co.kr/news/articleView.html?idxno=4023503,제목,규칙기반 자동분류(제목·요약 낱말 대조)
2024-10-31,오대산,강원,행정,인사·조직,"평창군시설관리공단, 제2회 플로깅 환경 캠페인 성황리 개최",kwnews.co.kr,https://www.kwnews.co.kr/page/view/2024103114131479199,요약,규칙기반 자동분류(제목·요약 낱말 대조)
2024-10-30,계룡산,대전·충남,행정,법령·제도,[핫이슈] 공주시 계룡산 자락서 백색 분장토 발견 ··· 보존가치 높아,ggilbo.com,https://www.ggilbo.com/news/articleView.html?idxno=1056194,제목,규칙기반 자동분류(제목·요약 낱말 대조)
2024-10-30,속리산,충북·경북,행정,인사·조직,속리산단풍 11월 첫째주 절정,dynews.co.kr,http://www.dynews.co.kr/news/articleView.html?idxno=774667,제목,규칙기반 자동분류(제목·요약 낱말 대조)
2024-10-30,속리산,충북·경북,행정,기타,속리산 단풍 이번 주말이 절정입니다,cctoday.co.kr,https://www.cctoday.co.kr/news/articleView.html?idxno=2203039,제목,규칙기반 자동분류(제목·요약 낱말 대조)
2024-10-30,속리산,충북·경북,행정,기타,속리산 가을단풍 이번주말 절정,nocutnews.co.kr,https://www.nocutnews.co.kr/news/6236008?utm_source=naver&utm_medium=article&utm_campaign=20241030024020,제목,규칙기반 자동분류(제목·요약 낱말 대조)
2024-10-30,속리산,충북·경북,행정,기타,보은 속리산 단풍 이번 주말 절정,jbnews.com,https://www.jbnews.com/news/articleView.html?idxno=1457027,제목,규칙기반 자동분류(제목·요약 낱말 대조)
2024-10-30,태안해안,충남 태안,행정,지정·구역,[진희선의 '우아한' 산책] 무엇이 부동산 가격을 좌우하나,news.tf.co.kr,http://news.tf.co.kr/read/column/2144989.htm,요약,규칙기반 자동분류(제목·요약 낱말 대조)
2024-10-29,속리산,충북·경북,행정,인사·조직,속리산 단풍 이번 주말 절정,cctimes.kr,http://www.cctimes.kr/news/articleView.html?idxno=817091,제목,규칙기반 자동분류(제목·요약 낱말 대조)
2024-10-28,오대산,강원,행정,기타,가을 정취 깃든 낙엽길 찾아…'11월 가볼 만한 곳' 5곳,sctoday.co.kr,http://www.sctoday.co.kr/news/articleView.html?idxno=43924,요약,규칙기반 자동분류(제목·요약 낱말 대조)
2024-10-28,월출산,전남,행정,인사·조직,전국 23개 국립공원 한자리...월출산국립공원 박람회 1일 개최,jjan.kr,https://www.jjan.kr/article/20241028580006,제목,규칙기반 자동분류(제목·요약 낱말 대조)
2024-10-27,오대산,강원,행정,기타,국립공원 박람회에서 조선왕조실록 홍보한다,kwnews.co.kr,https://www.kwnews.co.kr/page/view/2024102517142335938,요약,규칙기반 자동분류(제목·요약 낱말 대조)
2024-10-27,태안해안,충남 태안,행정,기타,"태안해안국립공원, '2024 월출산국립공원 박람회' 홍보",chungnamilbo.co.kr,http://www.chungnamilbo.co.kr/news/articleView.html?idxno=796433,제목,규칙기반 자동분류(제목·요약 낱말 대조)
2024-10-26,오대산,강원,행정,기타,[일상여행] 가을 정취가 남아 있는 '낙엽길 밟으며 떠나는 여행',bizwnews.com,http://www.bizwnews.com/news/articleView.html?idxno=90424,요약,규칙기반 자동분류(제목·요약 낱말 대조)
2024-10-25,한려해상,경남·전남,행정,의회·국정감사,"[환경국감] 해상‧해안국립공원 불법행위, 5년간 2천200건 달해",ikld.kr,http://www.ikld.kr/news/articleView.html?idxno=302322,요약,규칙기반 자동분류(제목·요약 낱말 대조)
2024-10-25,설악산,강원,행정,기타,국립공원 7곳 연간 온실가스 193만톤 흡수,e2news.com,http://www.e2news.com/news/articleView.html?idxno=313707,요약,규칙기반 자동분류(제목·요약 낱말 대조)
2024-10-25,설악산,강원,행정,연구·용역,"국립공원 7곳, 온실가스 年193만 t 흡수 “1278억 절감”",donga.com,https://www.donga.com/news/Society/article/all/20241025/130290916/2,요약,규칙기반 자동분류(제목·요약 낱말 대조)
2024-10-25,변산반도,전북 부안,행정,인사·조직,"변산반도국립공원, 깃대종 부안종개 활용 탄소중립 실천 필요성 알린다",domin.co.kr,http://www.domin.co.kr/news/articleView.html?idxno=1489369,제목,규칙기반 자동분류(제목·요약 낱말 대조)
2024-10-25,월출산,전남,행정,인사·조직,"23개 국립공원, 월출산의 가을을 수놓다 박람회에 '팔공산'도...",job-post.co.kr,https://www.job-post.co.kr/news/articleView.html?idxno=117719,제목,규칙기반 자동분류(제목·요약 낱말 대조)
2024-10-24,월출산,전남,행정,기타,"23개 국립공원, 월출산의 가을을 수놓다",pointe.co.kr,https://www.pointe.co.kr/news/articleView.html?idxno=31899,제목,규칙기반 자동분류(제목·요약 낱말 대조)
2024-10-24,계룡산,대전·충남,행정,기타,계룡산 등 국립공원 23곳 월출산 가을 수놓는다,ggilbo.com,https://www.ggilbo.com/news/articleView.html?idxno=1055439,제목,규칙기반 자동분류(제목·요약 낱말 대조)
2024-10-24,속리산,충북·경북,행정,인사·조직,"속리산 국립공원 사무소, 11월 1~3일 월출산 국립공원 박람회 참가",dynews.co.kr,http://www.dynews.co.kr/news/articleView.html?idxno=773789,제목,규칙기반 자동분류(제목·요약 낱말 대조)
2024-10-24,월출산,전남,행정,인사·조직,"국립공원 23곳, 내달 1일 월출산 박람회 연다",newsis.com,https://www.newsis.com/view/NISX20241024_0002932991,제목,규칙기반 자동분류(제목·요약 낱말 대조)
2024-10-24,설악산,강원,행정,기타,설악산 등 국립공원 7곳 연평균 온실가스 흡수량 192만CO2t,kado.net,http://www.kado.net/news/articleView.html?idxno=1272186,제목,규칙기반 자동분류(제목·요약 낱말 대조)
2024-10-24,설악산,강원,행정,연구·용역,"국립공원 7곳, 연간 온실가스 192만톤 흡수",dt.co.kr,https://www.dt.co.kr/contents.html?article_no=2024102402109902032001&ref=naver,요약,규칙기반 자동분류(제목·요약 낱말 대조)
2024-10-24,설악산,강원,행정,연구·용역,국립공원 7곳 온실가스 흡수량 영국왕립표준협회 검증서 획득,e-platform.net,http://www.e-platform.net/news/articleView.html?idxno=88791,요약,규칙기반 자동분류(제목·요약 낱말 대조)
2024-10-24,한려해상,경남·전남,행정,의회·국정감사,다도해 바라보며 ‘이것’하면 불법?…해상·해안 국립공원 ‘비상’,nongmin.com,https://www.nongmin.com/article/20241024500314,요약,규칙기반 자동분류(제목·요약 낱말 대조)
2024-10-24,설악산,강원,행정,기타,"7개 국립공원, 온실가스 年 192.8만톤 흡수…1287억 절감효과",newstree.kr,https://www.newstree.kr/newsView/ntr202410240016,요약,규칙기반 자동분류(제목·요약 낱말 대조)
2024-10-24,설악산,강원,행정,연구·용역,"국립공원 7곳, 연평균 온실가스 흡수량 1ha당 14.33CO²톤",todayenergy.kr,https://www.todayenergy.kr/news/articleView.html?idxno=275801,요약,규칙기반 자동분류(제목·요약 낱말 대조)
2024-10-24,북한산,서울·경기,행정,연구·용역,"북한산 등 7개 국립공원 온실가스 흡수로 1,287억 원 절감",ytn.co.kr,https://www.ytn.co.kr/_ln/0103_202410241009329235,제목,규칙기반 자동분류(제목·요약 낱말 대조)
2024-10-24,한려해상,경남·전남,행정,의회·국정감사,‘스텔스 차박’ 열풍 탓?…한려해상·태안·다도해·변산 등서 불법행...,segye.com,http://www.segye.com/newsView/20241024506921?OutUrl=naver,제목,규칙기반 자동분류(제목·요약 낱말 대조)
2024-10-24,설악산,강원,행정,기타,설악산 등 7개 국립공원 온실가스 흡수…1287억 비용 절감,newsis.com,https://www.newsis.com/view/NISX20241024_0002931929,제목,규칙기반 자동분류(제목·요약 낱말 대조)
2024-10-24,월출산,전남,행정,인사·조직,[위클리오늘] 전국 23개 국립공원 내달 1일부터 3일간 (영암군) 한자리에...,weeklytoday.com,http://www.weeklytoday.com/news/articleView.html?idxno=658142,요약,규칙기반 자동분류(제목·요약 낱말 대조)
2024-10-24,월출산,전남,행정,지정·구역,자치CEO·우승희>대한민국 최초 국립공원박람회에 오라,jnilbo.com,http://www.jnilbo.com/75204166266,요약,규칙기반 자동분류(제목·요약 낱말 대조)
2024-10-24,월출산,전남,행정,기타,"팔공산국립공원서무사무소, 2024 월출산국립공원 박람회 참가",news.bbsi.co.kr,https://news.bbsi.co.kr/news/articleView.html?idxno=4004853,제목,규칙기반 자동분류(제목·요약 낱말 대조)
2024-10-23,오대산,강원,행정,기타,"한국관광공사, 11월 추천 가볼 만한 곳 5곳 선정",discoverynews.kr,https://www.discoverynews.kr/news/articleView.html?idxno=1052083,요약,규칙기반 자동분류(제목·요약 낱말 대조)
2024-10-22,속리산,충북·경북,행정,인사·조직,"보은군, 2025년 정부예산 확보 총력 대응",ccreview.co.kr,https://www.ccreview.co.kr/news/articleView.html?idxno=321647,요약,규칙기반 자동분류(제목·요약 낱말 대조)
2024-10-22,속리산,충북·경북,행정,인사·조직,"보은군, '25년 정부예산 확보 총력 대응",breaknews.com,http://www.breaknews.com/1064503,요약,규칙기반 자동분류(제목·요약 낱말 대조)
2024-10-21,계룡산,대전·충남,행정,인사·조직,"계룡산국립공원사무소, 가을성수기 임산물 불법 채취행위 집중 단속",chungnamilbo.co.kr,http://www.chungnamilbo.co.kr/news/articleView.html?idxno=795391,제목,규칙기반 자동분류(제목·요약 낱말 대조)
2024-10-21,계룡산,대전·충남,행정,지정·구역,"계룡산국립공원사무소 ""동물 먹이 도토리·버섯 채취 NO""",newsis.com,https://www.newsis.com/view/NISX20241021_0002927377,제목,규칙기반 자동분류(제목·요약 낱말 대조)
2024-10-21,설악산,강원,행정,기타,"“10월이 요주의” 가을 단풍철, 산악 사고 급증 비상",joseilbo.com,http://www.joseilbo.com/news/news_read.php?uid=528145&class=33&grp=,요약,규칙기반 자동분류(제목·요약 낱말 대조)
2024-10-21,속리산,충북·경북,행정,인사·조직,"보은군, 2025년 정부예산 확보 총력 기울여",newstnt.com,http://www.newstnt.com/news/articleView.html?idxno=422246,요약,규칙기반 자동분류(제목·요약 낱말 대조)
2024-10-21,태안해안,충남 태안,행정,인사·조직,"태안해안국립공원, 제21회 태안 해변길 걷기 대행진 개최",joongdo.co.kr,https://www.joongdo.co.kr/web/view.php?key=20241021010005226,제목,규칙기반 자동분류(제목·요약 낱말 대조)
2024-10-21,태안해안,충남 태안,행정,기타,"태안해안국립공원, '제 21회 태안해변길 걷기대행진' 성료",chungnamilbo.co.kr,http://www.chungnamilbo.co.kr/news/articleView.html?idxno=795322,제목,규칙기반 자동분류(제목·요약 낱말 대조)
2024-10-20,경주,경북 경주,행정,기타,"경주시, ‘억새 명소 무장산’ 교통 통제",imaeil.com,https://www.imaeil.com/page/view/2024102010320595440,제목,규칙기반 자동분류(제목·요약 낱말 대조)
2024-10-20,한려해상,경남·전남,행정,예산·재정,"""한려해상국립공원사무소 행정에 분통""",gnnews.co.kr,http://www.gnnews.co.kr/news/articleView.html?idxno=564301,제목,규칙기반 자동분류(제목·요약 낱말 대조)
2024-10-18,(전체·공통),전국·공통,행정,지정·구역,국가명승 '정도리 구계등'에 무슨 일이... 주민·관광객 '눈살',ohmynews.com,https://www.ohmynews.com/NWS_Web/View/at_pg.aspx?CNTN_CD=A0003071611&CMPT_CD=P0010&utm_source=naver&utm_medium=newsearch&utm_campaign=naver_news,해당없음,규칙기반 자동분류(제목·요약 낱말 대조)
2024-10-17,지리산,전남·전북·경남,행정,의회·국정감사,[2024 국감]정혜경 “기후위기 상황…지리산 국립공원 벌목 문제 제도 개...,ekn.kr,https://www.ekn.kr/web/view.php?key=20241017026156903,제목,규칙기반 자동분류(제목·요약 낱말 대조)
2024-10-17,속리산,충북·경북,행정,법령·제도,"속리산 국립공원, 불법행위 집중 단속",inews365.com,https://www.inews365.com/news/article.html?no=835346,제목,규칙기반 자동분류(제목·요약 낱말 대조)
2024-10-17,속리산,충북·경북,행정,법령·제도,"속리산 국립공원, 임산물 불법 채취 등 단속",yna.co.kr,https://www.yna.co.kr/view/AKR20241017106400064?input=1195m,제목,규칙기반 자동분류(제목·요약 낱말 대조)
2024-10-17,오대산,강원,행정,기타,첩첩단풍 우리가 있다…단풍이 익다,kookbang.dema.mil.kr,https://kookbang.dema.mil.kr/newsWeb/20241018/1/ATCE_CTGR_0020020004/view.do,요약,규칙기반 자동분류(제목·요약 낱말 대조)
2024-10-16,계룡산,대전·충남,행정,인사·조직,"계룡산사무소-㈜글로벌소담, 탄소중립·ESG경영 '맞손'",ggilbo.com,https://www.ggilbo.com/news/articleView.html?idxno=1054016,제목,규칙기반 자동분류(제목·요약 낱말 대조)
2024-10-16,계룡산,대전·충남,행정,협약·협력,"계룡산국립공원사무소-글로벌소담, 탄소중립 및 ESG 경영실천 업무협약...",chungnamilbo.co.kr,http://www.chungnamilbo.co.kr/news/articleView.html?idxno=794724,제목,규칙기반 자동분류(제목·요약 낱말 대조)
2024-10-16,계룡산,대전·충남,행정,협약·협력,"계룡산국립공원사무소-(주)글로벌소담, 업무협약 체결",joongdo.co.kr,https://www.joongdo.co.kr/web/view.php?key=20241016010004017,제목,규칙기반 자동분류(제목·요약 낱말 대조)
2024-10-16,계룡산,대전·충남,행정,협약·협력,계룡산국립공원사무소-㈜글로벌소담 '탄소중립 및 ESG 경영실천' 업무협...,jbnews.com,https://www.jbnews.com/news/articleView.html?idxno=1455347,제목,규칙기반 자동분류(제목·요약 낱말 대조)
2024-10-16,다도해해상,전남,행정,법령·제도,"목포해경, 지역방제대책협의회 정기회의",kjdaily.com,http://www.kjdaily.com/article.php?aid=1729069321642107008,요약,규칙기반 자동분류(제목·요약 낱말 대조)
2024-10-14,가야산,경북·경남,행정,인사·조직,가야산국립공원 소리길 스탬프 투어 운영,idomin.com,https://www.idomin.com/news/articleView.html?idxno=922249,제목,규칙기반 자동분류(제목·요약 낱말 대조)
2024-10-11,설악산,강원,행정,지정·구역,"오늘 일출·일몰시간, ""12일(토) 전국 해돋이 명소, 해 뜨는 시간과 해 ...",lecturernews.com,https://www.lecturernews.com/news/articleView.html?idxno=163486,요약,규칙기반 자동분류(제목·요약 낱말 대조)
2024-10-10,태안해안,충남 태안,행정,협약·협력,태안 농협 '송편으로 전한 희망 메시지',cctoday.co.kr,https://www.cctoday.co.kr/news/articleView.html?idxno=2202162,요약,규칙기반 자동분류(제목·요약 낱말 대조)
2024-10-10,팔공산,대구·경북,행정,지정·구역,대구에 남은 왕건의 흔적…공산전투 1097년 추모제,nocutnews.co.kr,https://www.nocutnews.co.kr/news/6223259?utm_source=naver&utm_medium=article&utm_campaign=20241010063024,요약,규칙기반 자동분류(제목·요약 낱말 대조)
2024-10-09,계룡산,대전·충남,행정,기타,공주문화관광재단-공주대 '관광포럼' 개최,dynews.co.kr,http://www.dynews.co.kr/news/articleView.html?idxno=771555,요약,규칙기반 자동분류(제목·요약 낱말 대조)
2024-10-09,계룡산,대전·충남,행정,기타,"공주문화관광재단, 제2회 공주관광포럼 개최",ccnnews.co.kr,http://www.ccnnews.co.kr/news/articleView.html?idxno=349286,요약,규칙기반 자동분류(제목·요약 낱말 대조)
2024-10-09,계룡산,대전·충남,행정,기타,"공주문화관광재단-공주대 LINC3.0 사업단, '공주관광포럼' 개최",jbnews.com,https://www.jbnews.com/news/articleView.html?idxno=1454433,요약,규칙기반 자동분류(제목·요약 낱말 대조)
2024-10-09,가야산,경북·경남,행정,인사·조직,"가야산국립공원, '소리길 명소 스탬프 투어' 운영",idaegu.com,https://www.idaegu.com/news/articleView.html?idxno=616869,제목,규칙기반 자동분류(제목·요약 낱말 대조)
2024-10-07,계룡산,대전·충남,행정,기타,"국립공주대, 제2회 공주관광포럼서 계룡산의 가치와 미래 조명",ggilbo.com,https://www.ggilbo.com/news/articleView.html?idxno=1052310,제목,규칙기반 자동분류(제목·요약 낱말 대조)
2024-10-07,가야산,경북·경남,행정,인사·조직,"합천 가야산국립공원, 소리길 명소 스탬프 투어 운영",gndomin.com,http://www.gndomin.com/news/articleView.html?idxno=408936,제목,규칙기반 자동분류(제목·요약 낱말 대조)
2024-10-07,가야산,경북·경남,행정,인사·조직,가을 낭만 가득한 '합천 황매산 억새축제' 개막,kukinews.com,https://www.kukinews.com/article/view/kuk202410070146,요약,규칙기반 자동분류(제목·요약 낱말 대조)
2024-10-07,가야산,경북·경남,행정,인사·조직,"가야산국립공원 ""9일부터 소리길 16경 스탬프 투어""",newsis.com,https://www.newsis.com/view/NISX20241007_0002910663,제목,규칙기반 자동분류(제목·요약 낱말 대조)
2024-10-06,계룡산,대전·충남,행정,기타,"국립 공주대 LINC3.0사업단, 지역사회 연계를 위한 제2회 공주관광포럼...",ccdn.co.kr,https://www.ccdn.co.kr/news/articleView.html?idxno=998144,요약,규칙기반 자동분류(제목·요약 낱말 대조)
2024-10-06,무등산,광주·전남,행정,인사·조직,"10월 무등산, 장관이 돼가는 억새",gjdream.com,http://www.gjdream.com/news/articleView.html?idxno=649125,제목,규칙기반 자동분류(제목·요약 낱말 대조)
2024-10-05,계룡산,대전·충남,행정,기타,"국립공주대LINC3.0사업단,지역사회 연계를 위한 공주관광포럼 개최",joongdo.co.kr,https://www.joongdo.co.kr/web/view.php?key=20241005010001019,요약,규칙기반 자동분류(제목·요약 낱말 대조)
2024-10-05,가야산,경북·경남,행정,인사·조직,"국립공원공단, 가을철 국립공원 산행시 독성생물 피해예방 당부",ikld.kr,http://www.ikld.kr/news/articleView.html?idxno=301258,요약,규칙기반 자동분류(제목·요약 낱말 대조)
2024-10-04,계룡산,대전·충남,행정,인사·조직,"정보통신공제조합, '2024년 임직원 체육행사' 개최",koit.co.kr,http://www.koit.co.kr/news/articleView.html?idxno=125688,요약,규칙기반 자동분류(제목·요약 낱말 대조)
2024-10-04,월출산,전남,행정,인사·조직,"﻿국립공원 탐방안내소에서 기념품도 만나고, 무료 전시도 즐기세요!",sentv.co.kr,http://www.sentv.co.kr/news/view/696802,요약,규칙기반 자동분류(제목·요약 낱말 대조)
2024-10-04,태백산,강원·경북,행정,인사·조직,태백산 재발견 심포지엄 성료…지역자원 중요성 재확인,kado.net,http://www.kado.net/news/articleView.html?idxno=1268512,제목,규칙기반 자동분류(제목·요약 낱말 대조)
2024-10-03,태백산,강원·경북,행정,인사·조직,태백산국립공원 심포지엄 「태백산의 재발견」 개최,cfnews.kr,http://www.cfnews.kr/news.aspx/90657,제목,규칙기반 자동분류(제목·요약 낱말 대조)
2024-10-02,태안해안,충남 태안,행정,인사·조직,"태안해안국립공원, 기지포해변 맨발 걷기 코스 조성",chungnamilbo.co.kr,http://www.chungnamilbo.co.kr/news/articleView.html?idxno=792798,제목,규칙기반 자동분류(제목·요약 낱말 대조)
2024-10-01,경주,경북 경주,행정,법령·제도,경주국립공원 불법 근절…3~20일 성수기 집중단속,yeongnam.com,https://www.yeongnam.com/web/view.php?key=20240930010003653,제목,규칙기반 자동분류(제목·요약 낱말 대조)
2024-09-30,경주,경북 경주,행정,법령·제도,"경주국립공원, 가을철 임산물 채취 등 집중단속 실시",kyongbuk.co.kr,https://www.kyongbuk.co.kr/news/articleView.html?idxno=4020808,제목,규칙기반 자동분류(제목·요약 낱말 대조)
2024-09-30,경주,경북 경주,행정,법령·제도,경주국립공원사무소 불법임산물 채취·샛길 출입 등 단속,news1.kr,https://www.news1.kr/local/daegu-gyeongbuk/5555235,제목,규칙기반 자동분류(제목·요약 낱말 대조)
2024-09-30,한려해상,경남·전남,행정,기타,"코아이, 제4회 조달의 날 대통령 표창 수상",news.mt.co.kr,http://news.mt.co.kr/mtview.php?no=2024093017194683340,요약,규칙기반 자동분류(제목·요약 낱말 대조)
2024-09-28,가야산,경북·경남,행정,인사·조직,"[가을날, 걷고싶다] 가족-연인과 걷기 좋은 국립공원 길 7곳(1/8)",econovill.com,https://www.econovill.com/news/articleView.html?idxno=667548,요약,규칙기반 자동분류(제목·요약 낱말 대조)
2024-09-28,오대산,강원,행정,지정·구역,"[가을날, 걷고 싶다] 기암괴석과 폭포들...절경의 오대산 소금강산길(3/...",econovill.com,https://www.econovill.com/news/articleView.html?idxno=667556,제목,규칙기반 자동분류(제목·요약 낱말 대조)
2024-09-27,오대산,강원,행정,인사·조직,"국립공원공단 김경순 상임감사, 오대산국립공원사무소 ‘청렴간담회 및...",kwnews.co.kr,https://www.kwnews.co.kr/page/view/2024092716574005545,제목,규칙기반 자동분류(제목·요약 낱말 대조)
2024-09-27,태안해안,충남 태안,행정,인사·조직,"태안해안국립공원사무소, 복지협과 소외계층 지원 맞손",newsis.com,https://www.newsis.com/view/NISI20240927_0001664169,제목,규칙기반 자동분류(제목·요약 낱말 대조)
2024-09-26,계룡산,대전·충남,행정,지정·구역,광주·대전 전략산업단지 ‘그린벨트 대체지’ 갈등에 차질,seoul.co.kr,https://www.seoul.co.kr/news/publicnews/local_govern/news_local/2024/09/26/20240926020006?wlog_tag3=naver,요약,규칙기반 자동분류(제목·요약 낱말 대조)
2024-09-26,태안해안,충남 태안,행정,협약·협력,"태안해안국립공원사무소-태안군사회복지協, 복지소외계층 발굴ㆍ지원 ...",joongdo.co.kr,https://www.joongdo.co.kr/web/view.php?key=20240926010007020,제목,규칙기반 자동분류(제목·요약 낱말 대조)
2024-09-26,태안해안,충남 태안,행정,인사·조직,"태안해경, 해경-국립공원공단 합동 정화행사 전개",joongdo.co.kr,https://www.joongdo.co.kr/web/view.php?key=20240926010007002,요약,규칙기반 자동분류(제목·요약 낱말 대조)
2024-09-26,태안해안,충남 태안,행정,기타,"태안해경-국립공원공단, '국제연안정화의 날' 기념 정화활동 전개",chungnamilbo.co.kr,http://www.chungnamilbo.co.kr/news/articleView.html?idxno=791948,요약,규칙기반 자동분류(제목·요약 낱말 대조)
2024-09-25,속리산,충북·경북,행정,기타,"한국농어촌공사 보은지사, 기관 협업 청렴활동 '정이품송청렴회' 개최",jbnews.com,http://www.jbnews.com/news/articleView.html?idxno=1453094,요약,규칙기반 자동분류(제목·요약 낱말 대조)
2024-09-23,속리산,충북·경북,행정,인사·조직,속리산국립공원사무소 청렴문화 실천 다짐 서약,dynews.co.kr,http://www.dynews.co.kr/news/articleView.html?idxno=769724,제목,규칙기반 자동분류(제목·요약 낱말 대조)
2024-09-23,속리산,충북·경북,행정,인사·조직,"속리산사무소, 청렴 실천 조직문화 조성",inews365.com,https://www.inews365.com/news/article.html?no=832320,제목,규칙기반 자동분류(제목·요약 낱말 대조)
2024-09-23,무등산,광주·전남,행정,지정·구역,"광주시, 연내 미래차국가산단 그린벨트 푼다",nocutnews.co.kr,https://www.nocutnews.co.kr/news/6216726?utm_source=naver&utm_medium=article&utm_campaign=20240923015458,요약,규칙기반 자동분류(제목·요약 낱말 대조)
2024-09-22,속리산,충북·경북,행정,기타,약수터/ 속리산 국립공원공단 차량 매연배출 운행 논총,dynews.co.kr,http://www.dynews.co.kr/news/articleView.html?idxno=769502,제목,규칙기반 자동분류(제목·요약 낱말 대조)
2024-09-20,경주,경북 경주,행정,기타,가족·연인과 함께 걸어요...가을에 걷기 좋은 국립공원길 7곳,dkilbo.com,https://www.dkilbo.com/news/articleView.html?idxno=461682,요약,규칙기반 자동분류(제목·요약 낱말 대조)
2024-09-20,경주,경북 경주,행정,기타,가을 정취 물씬 ‘꼭 걸어봐야할 국립공원 길’ 7곳 어디?,khan.co.kr,https://www.khan.co.kr/article/202409201107001,요약,규칙기반 자동분류(제목·요약 낱말 대조)
2024-09-20,경주,경북 경주,행정,기타,"경주 삼릉숲길·오대산 소금강길, '가을철 걷기 좋은 국립공원 길' 선정",newscj.com,https://www.newscj.com/news/articleView.html?idxno=3180532,제목,규칙기반 자동분류(제목·요약 낱말 대조)
2024-09-20,경주,경북 경주,행정,기타,가을에 걷기 좋은 국립공원 '경주 삼릉숲길' 등 7곳 선정,newsian.co.kr,http://www.newsian.co.kr/news/articleView.html?idxno=73140,제목,규칙기반 자동분류(제목·요약 낱말 대조)
2024-09-20,경주,경북 경주,행정,기타,경주 삼릉숲길 등 가을에 걷기 좋은 국립공원 길 7곳 선정,yna.co.kr,https://www.yna.co.kr/view/AKR20240919146900530?input=1195m,제목,규칙기반 자동분류(제목·요약 낱말 대조)
2024-09-20,월악산,충북·경북,행정,지정·구역,"오늘 일출·일몰시간, ""21일(토) 전국 해돋이 명소, 해 뜨는 시간과 해 ...",lecturernews.com,https://www.lecturernews.com/news/articleView.html?idxno=162030,요약,규칙기반 자동분류(제목·요약 낱말 대조)
2024-09-20,경주,경북 경주,행정,기타,올가을 가족과 걷기 좋은 국립공원 명소 7곳,womentimes.co.kr,http://www.womentimes.co.kr/news/articleView.html?idxno=79441,요약,규칙기반 자동분류(제목·요약 낱말 대조)
2024-09-20,경주,경북 경주,행정,인사·조직,'경주 삼릉숲길' 가을 청취 느껴보세요…걷기 좋은 국립공원 길 7곳 선정,imaeil.com,https://www.imaeil.com/page/view/2024092010185879852,제목,규칙기반 자동분류(제목·요약 낱말 대조)
2024-09-19,내장산,전북·전남,행정,기타,[정책브리핑] 2024년 09월 19일 목요일 주요 정책,sisunnews.co.kr,http://www.sisunnews.co.kr/news/articleView.html?idxno=215410,요약,규칙기반 자동분류(제목·요약 낱말 대조)
2024-09-15,지리산,전남·전북·경남,행정,지정·구역,"산으로 떠나볼까?...""등산 장구는 걱정마세요""",ytn.co.kr,https://www.ytn.co.kr/_ln/0103_202409152213446689,요약,규칙기반 자동분류(제목·요약 낱말 대조)
2024-09-15,무등산,광주·전남,행정,의회·국정감사,"[국회의원 추천 국내여행지<하>] 혼자 떠나는 여행, 내면을 성찰하는 시...",news.tf.co.kr,http://news.tf.co.kr/read/ptoday/2134243.htm,요약,규칙기반 자동분류(제목·요약 낱말 대조)
2024-09-15,팔공산,대구·경북,행정,지정·구역,"국립공원 계곡서 설거지, 한마디 했더니…""나 쓰레기 다 주워"" 황당 변명",news.mt.co.kr,http://news.mt.co.kr/mtview.php?no=2024091520123958618,요약,규칙기반 자동분류(제목·요약 낱말 대조)
2024-09-15,팔공산,대구·경북,행정,지정·구역,"국립공원 계곡서 설거지하던 노인 ""쓰레기 다 줍는다"" 황당 변명",joongang.co.kr,https://www.joongang.co.kr/article/25278097,요약,규칙기반 자동분류(제목·요약 낱말 대조)
2024-09-15,팔공산,대구·경북,행정,지정·구역,"계곡서 야무지게 거품 설거지…지적하자 ""내가 쓰레기 다 줍는다"" 당당",news1.kr,https://www.news1.kr/society/general-society/5542785,요약,규칙기반 자동분류(제목·요약 낱말 대조)
2024-09-15,팔공산,대구·경북,행정,지정·구역,"“세제 거품이 잔뜩”…사람들 노는 계곡에서 설거지하는 노인, 변명 들...",mk.co.kr,https://www.mk.co.kr/article/11117952,요약,규칙기반 자동분류(제목·요약 낱말 대조)
2024-09-08,가야산,경북·경남,행정,인사·조직,'가을이 찾아온 가야산'…이곳 저곳 가을꽃 개화,idomin.com,https://www.idomin.com/news/articleView.html?idxno=920057,제목,규칙기반 자동분류(제목·요약 낱말 대조)
2024-09-08,오대산,강원,행정,인사·조직,“월정사 전나무숲길 맨발걷기 성황리에 열려”,kwnews.co.kr,https://www.kwnews.co.kr/page/view/2024090811233332598,요약,규칙기반 자동분류(제목·요약 낱말 대조)
2024-09-05,경주,경북 경주,행정,기타,"경주국립공원 남산의 문화유산, 카페로 가다",dkilbo.com,https://www.dkilbo.com/news/articleView.html?idxno=459759,제목,규칙기반 자동분류(제목·요약 낱말 대조)
2024-09-05,내장산,전북·전남,행정,기타,"환경부-국토부, 부처간 전략적 협업 속도낸다",ikld.kr,http://www.ikld.kr/news/articleView.html?idxno=299917,요약,규칙기반 자동분류(제목·요약 낱말 대조)
2024-09-05,내장산,전북·전남,행정,기타,"국토부-환경부, 용인 반도체 국가산단 등 '전략적 협업과제' 이행 점검",news.mtn.co.kr,https://news.mtn.co.kr/news-detail/2024090512092110218,요약,규칙기반 자동분류(제목·요약 낱말 대조)
2024-09-05,내장산,전북·전남,행정,기타,"국토부-환경부, 용인 반도체 국가산단 등 5대 협업과제 이행 점검",dnews.co.kr,https://www.dnews.co.kr/uhtml/view.jsp?idxno=202409051326269140174,요약,규칙기반 자동분류(제목·요약 낱말 대조)
2024-09-05,내장산,전북·전남,행정,기타,"""용인 반도체 산단 등 5대 협업과제 점검""…국토부·환경부, 정책협의회...",asiatoday.co.kr,https://www.asiatoday.co.kr/view.php?key=20240905010003122,요약,규칙기반 자동분류(제목·요약 낱말 대조)
2024-09-05,내장산,전북·전남,행정,기타,"국토부-환경부, 용인 반도체 산단 등 협업 과제 점검",sedaily.com,https://www.sedaily.com/NewsView/2DE6AROF5I,요약,규칙기반 자동분류(제목·요약 낱말 대조)
2024-09-05,내장산,전북·전남,행정,기타,"""부처 간 칸막이 없앤다"" 제6차 국토-환경 정책협의회",edaily.co.kr,http://www.edaily.co.kr/news/newspath.asp?newsid=02974966639017168,요약,규칙기반 자동분류(제목·요약 낱말 대조)
2024-09-05,내장산,전북·전남,행정,기타,"용인반도체 국가산단 용수 적기 공급 추진…국토부-환경부, 전략적 협업...",newspim.com,https://www.newspim.com/news/view/20240905000452,요약,규칙기반 자동분류(제목·요약 낱말 대조)
2024-09-05,내장산,전북·전남,행정,기타,"국토부·환경부, 정책 협의회…용인 국가산단 등 5대 협업 과제 점검",news1.kr,https://www.news1.kr/realestate/general/5532195,요약,규칙기반 자동분류(제목·요약 낱말 대조)
2024-09-05,내장산,전북·전남,행정,협약·협력,"환경부-국토부, 용인 반도체 국가산단 성공 위해 밀접 협력",ekn.kr,https://www.ekn.kr/web/view.php?key=20240905029185663,요약,규칙기반 자동분류(제목·요약 낱말 대조)
2024-09-05,내장산,전북·전남,행정,협약·협력,"환경-국토 정책협의회, 산하기관 협업 추진 점검...부처 간 협력 강화",newspim.com,https://www.newspim.com/news/view/20240905000597,요약,규칙기반 자동분류(제목·요약 낱말 대조)
2024-09-05,내장산,전북·전남,행정,기타,국토-환경 정책협의회 개최… 협업과제 현황 살핀다,etoday.co.kr,https://www.etoday.co.kr/news/view/2398041,요약,규칙기반 자동분류(제목·요약 낱말 대조)
2024-09-04,경주,경북 경주,행정,연구·용역,"경주 남산 발견 조각, 불상으로 확인",san.chosun.com,http://san.chosun.com/news/articleView.html?idxno=24014,제목,규칙기반 자동분류(제목·요약 낱말 대조)
2024-09-03,속리산,충북·경북,행정,지정·구역,"충북도, 환경부 지정 환경교육도시 선정",newspim.com,https://www.newspim.com/news/view/20240903000156,요약,규칙기반 자동분류(제목·요약 낱말 대조)
2024-09-03,태안해안,충남 태안,행정,인사·조직,"'탄소제로! 국립공원 스마일!', 태안해안국립공원사무소 탄소중립 주간...",joongdo.co.kr,https://www.joongdo.co.kr/web/view.php?key=20240903010000731,제목,규칙기반 자동분류(제목·요약 낱말 대조)
2024-09-02,경주,경북 경주,행정,기타,카페로 간 경주국립공원 남산의 문화유산,ksmnews.co.kr,http://www.ksmnews.co.kr/news/view.php?idx=499444,제목,규칙기반 자동분류(제목·요약 낱말 대조)
2024-09-02,경주,경북 경주,행정,기타,경주 남산 문화유산 형상화한 카페 메뉴…삼릉빵·금오커피 “눈에 띄네...,imaeil.com,https://www.imaeil.com/page/view/2024090216383774530,제목,규칙기반 자동분류(제목·요약 낱말 대조)
2024-09-02,경주,경북 경주,행정,기타,"경주국립공원-라온커피로스터스, 남산 문화유산 홍보를 위한 특별한 동...",kbsm.net,http://www.kbsm.net/news/view.php?idx=445504,제목,규칙기반 자동분류(제목·요약 낱말 대조)
2024-09-02,경주,경북 경주,행정,협약·협력,카페에서 만나는 경주 남산의 문화유산,idaegu.com,https://www.idaegu.com/news/articleView.html?idxno=613682,제목,규칙기반 자동분류(제목·요약 낱말 대조)
2024-09-02,경주,경북 경주,행정,기타,경주 남산 문화유산 형상화한 삼릉빵·금오커피 개발,yna.co.kr,https://www.yna.co.kr/view/AKR20240902068200053?input=1195m,제목,규칙기반 자동분류(제목·요약 낱말 대조)
2024-08-30,월악산,충북·경북,행정,협약·협력,"단양군·월악산국립공원사무소, 벌천리 마을회관 신축 협약 체결",enewstoday.co.kr,http://www.enewstoday.co.kr/news/articleView.html?idxno=2170331,제목,규칙기반 자동분류(제목·요약 낱말 대조)
2024-08-30,월악산,충북·경북,행정,협약·협력,"단양군, 월악산국립공원과 벌천리 마을회관 신축 협약 체결",breaknews.com,http://www.breaknews.com/1053435,제목,규칙기반 자동분류(제목·요약 낱말 대조)
2024-08-30,무등산,광주·전남,행정,인사·조직,"광주시 북구, 무등산 평촌마을서 ‘반딧불이 생태체험’ 행사 운영",g-enews.com,http://www.g-enews.com/ko-kr/news/article/news_all/202408301040229273d1148eefd_1/article.html,제목,규칙기반 자동분류(제목·요약 낱말 대조)
2024-08-29,월악산,충북·경북,행정,협약·협력,"단양군-월악산국립공원사무소, 벌천리 마을회관 신축 업무협약",dynews.co.kr,http://www.dynews.co.kr/news/articleView.html?idxno=766772,제목,규칙기반 자동분류(제목·요약 낱말 대조)
2024-08-29,월악산,충북·경북,행정,협약·협력,"단양군-월악산국립공원사무소, 벌천리 마을회관 신축 업무협약 체결",inews365.com,https://www.inews365.com/news/article.html?no=829128,제목,규칙기반 자동분류(제목·요약 낱말 대조)
2024-08-29,월악산,충북·경북,행정,협약·협력,"단양군·월악산국립공원사무소, 벌천리 마을회관 신축 협약",gukjenews.com,https://www.gukjenews.com/news/articleView.html?idxno=3077071,제목,규칙기반 자동분류(제목·요약 낱말 대조)
2024-08-29,월악산,충북·경북,행정,협약·협력,"월악산국립공원사무소·단양군, 모여티 마을회관 신축사업 업무협약 체...",kyongbuk.co.kr,https://www.kyongbuk.co.kr/news/articleView.html?idxno=4018189,제목,규칙기반 자동분류(제목·요약 낱말 대조)
2024-08-29,무등산,광주·전남,행정,인사·조직,"북구, 무등산 평촌마을서 '반딧불이 생태체험' 행사 운영",job-post.co.kr,https://www.job-post.co.kr/news/articleView.html?idxno=113047,제목,규칙기반 자동분류(제목·요약 낱말 대조)
2024-08-29,무등산,광주·전남,행정,인사·조직,"북구, 무등산 평촌마을서 '반딧불이 생태체험' 행사",polinews.co.kr,https://www.polinews.co.kr/news/articleView.html?idxno=661963,제목,규칙기반 자동분류(제목·요약 낱말 대조)
2024-08-28,월악산,충북·경북,행정,협약·협력,"단양군·월악산국립공원, 벌천리 마을회관 신축 '업무협약'",ccdailynews.com,https://www.ccdailynews.com/news/articleView.html?idxno=2293839,제목,규칙기반 자동분류(제목·요약 낱말 대조)
2024-08-25,속리산,충북·경북,행정,법령·제도,국립공원 불법행위 단속·징수 '따로따로',jbnews.com,http://www.jbnews.com/news/articleView.html?idxno=1449018,요약,규칙기반 자동분류(제목·요약 낱말 대조)
2024-08-25,무등산,광주·전남,행정,협약·협력,정부 부처 주간 일정 및 보도계획(26~30일),news.mt.co.kr,http://news.mt.co.kr/mtview.php?no=2024082510234437250,요약,규칙기반 자동분류(제목·요약 낱말 대조)
2024-08-25,무등산,광주·전남,행정,협약·협력,[정부 주요 일정] 경제·사회부처 주간 일정 (8월 26일 ~ 30일),etoday.co.kr,https://www.etoday.co.kr/news/view/2393744,요약,규칙기반 자동분류(제목·요약 낱말 대조)
2024-08-24,태안해안,충남 태안,행정,지정·구역,곰솔 쓰러진 곳에 5m 절벽이…기후위기가 해안 집어삼키다,hani.co.kr,https://www.hani.co.kr/arti/society/environment/1155134.html,요약,규칙기반 자동분류(제목·요약 낱말 대조)
2024-08-24,팔공산,대구·경북,행정,협약·협력,"DGB금융·iM뱅크, 어린이 프로그램 마련… ""사회공헌 사업 확대""",imaeil.com,https://www.imaeil.com/page/view/2024082218474651411,요약,규칙기반 자동분류(제목·요약 낱말 대조)
2024-08-22,경주,경북 경주,행정,협약·협력,경주 명산 오악잇기 스탬프 투어 인기 참여자 1만 1000명 돌파,kbmaeil.com,https://www.kbmaeil.com/news/articleView.html?idxno=1008655,제목,규칙기반 자동분류(제목·요약 낱말 대조)
2024-08-21,경주,경북 경주,행정,기타,'경주 명산 오악잇기 스탬프 투어' 뜨거운 인기...기념품 추가 제작,pinpointnews.co.kr,https://www.pinpointnews.co.kr/news/articleView.html?idxno=283258,제목,규칙기반 자동분류(제목·요약 낱말 대조)
2024-08-21,덕유산,전북·경남,행정,법령·제도,"관광지 불법 평상 치웠더니 돗자리가... ""행정 못 믿겠어"" 상인들 분노",ohmynews.com,https://www.ohmynews.com/NWS_Web/View/at_pg.aspx?CNTN_CD=A0003056154&CMPT_CD=P0010&utm_source=naver&utm_medium=newsearch&utm_campaign=naver_news,요약,규칙기반 자동분류(제목·요약 낱말 대조)
2024-08-21,덕유산,전북·경남,행정,인사·조직,"""덕유산국립공원 탐방의 질 높이자""…전북도 문화관광재단과 협약",pressian.com,https://www.pressian.com/pages/articles/2024082114113398838?utm_source=naver&utm_medium=search,제목,규칙기반 자동분류(제목·요약 낱말 대조)
2024-08-21,팔공산,대구·경북,행정,협약·협력,[오늘의 금융가소식] 하나금융그룹 外,betanews.net:8080,http://www.betanews.net:8080/article/1473372.html,요약,규칙기반 자동분류(제목·요약 낱말 대조)
2024-08-20,계룡산,대전·충남,행정,인사·조직,계룡산국립공원 '건강나누리 캠프' 운영,jbnews.com,http://www.jbnews.com/news/articleView.html?idxno=1448386,제목,규칙기반 자동분류(제목·요약 낱말 대조)
2024-08-20,경주,경북 경주,행정,지정·구역,"경북도, 통합TK 발전구상안 공개…특별법 연계 신공항 중심 발전 추진",imaeil.com,https://www.imaeil.com/page/view/2024082015502163438,요약,규칙기반 자동분류(제목·요약 낱말 대조)
2024-08-15,경주,경북 경주,행정,기타,"경북도, 경주 토함산 산사태 복구 총력 대응",ksmnews.co.kr,http://www.ksmnews.co.kr/news/view.php?idx=496735,제목,규칙기반 자동분류(제목·요약 낱말 대조)
2024-08-15,경주,경북 경주,행정,기타,경주 토함산 산사태 복구 시설 구축 본격화…,idaegu.com,https://www.idaegu.com/news/articleView.html?idxno=612186,제목,규칙기반 자동분류(제목·요약 낱말 대조)
2024-08-14,지리산,전남·전북·경남,행정,지정·구역,메트로신문 8월14일자 한줄뉴스,metroseoul.co.kr,http://www.metroseoul.co.kr/article/20240813500620,요약,규칙기반 자동분류(제목·요약 낱말 대조)
2024-08-14,경주,경북 경주,행정,기타,"경북도, 사방댐 10곳 연내 완공…""경주 토함산 산사태 막는다""",yeongnam.com,https://www.yeongnam.com/web/view.php?key=20240814010001734,제목,규칙기반 자동분류(제목·요약 낱말 대조)
2024-08-14,경주,경북 경주,행정,기타,"경북도, 경주 토함산 산사태 복구 총력 대응…사방댐 10곳 연내 완공",news.heraldcorp.com,https://news.heraldcorp.com/view.php?ud=20240814050282,제목,규칙기반 자동분류(제목·요약 낱말 대조)
2024-08-14,경주,경북 경주,행정,기타,"경북도, 경주 토함산 산사태 복구에 총력",kbmaeil.com,https://www.kbmaeil.com/news/articleView.html?idxno=1007671,제목,규칙기반 자동분류(제목·요약 낱말 대조)
2024-08-14,경주,경북 경주,행정,기타,경주 토함산 추가 산사태 막는다…경북도 사방댐 10곳 구축,seoul.co.kr,https://www.seoul.co.kr/news/society/2024/08/14/20240814500045?wlog_tag3=naver,제목,규칙기반 자동분류(제목·요약 낱말 대조)
2024-08-14,경주,경북 경주,행정,예산·재정,"경북도, 45억원 투입 경주 토함산 산사태 복구 총력",dkilbo.com,https://www.dkilbo.com/news/articleView.html?idxno=456188,제목,규칙기반 자동분류(제목·요약 낱말 대조)
2024-08-14,경주,경북 경주,행정,기타,"""경주 토함산 산사태 복구 집중"" 사방댐 10개 연내 완공",newsis.com,https://www.newsis.com/view/NISX20240814_0002849289,제목,규칙기반 자동분류(제목·요약 낱말 대조)
2024-08-13,계룡산,대전·충남,행정,협약·협력,"농협대전본부·한국여성경제인협회 대전지회, 쌀 소비 촉진 활성화 업무...",aflnews.co.kr,http://www.aflnews.co.kr/news/articleView.html?idxno=277983,요약,규칙기반 자동분류(제목·요약 낱말 대조)
2024-08-12,태안해안,충남 태안,행정,협약·협력,"태안국립공원사무소, 민간기업 해삼 수출 지원 협약",yna.co.kr,https://www.yna.co.kr/view/AKR20240812103000063?input=1195m,요약,규칙기반 자동분류(제목·요약 낱말 대조)
2024-08-12,태안해안,충남 태안,행정,협약·협력,"태안해안국립공원사무소, 미포영어조합법인과 업무협약",newsis.com,https://www.newsis.com/view/NISX20240812_0002846951,제목,규칙기반 자동분류(제목·요약 낱말 대조)
2024-08-11,금정산,부산·경남,행정,지정·구역,국립공원 지정 코앞인데… 산악자전거에 금정산 환경 훼손,busan.com,https://www.busan.com/view/busan/view.php?code=2024081118324973614,제목,규칙기반 자동분류(제목·요약 낱말 대조)
2024-08-09,속리산,충북·경북,행정,인사·조직,[청년의 꿈을 응원합니다②] 이일수 국립공원공단 속리산국립공원관리...,djtimes.co.kr,http://www.djtimes.co.kr/news/articleView.html?idxno=105163,제목,규칙기반 자동분류(제목·요약 낱말 대조)
2024-08-09,팔공산,대구·경북,행정,예산·재정,팔공산 안중에도 없는 동구청…엉뚱한데 예산 펑펑,nocutnews.co.kr,https://www.nocutnews.co.kr/news/6193084?utm_source=naver&utm_medium=article&utm_campaign=20240809024523,제목,규칙기반 자동분류(제목·요약 낱말 대조)
2024-08-09,금정산,부산·경남,행정,지정·구역,국립공원 지정 코앞인데… 산악자전거에 신음하는 금정산,busan.com,https://www.busan.com/view/busan/view.php?code=2024080916164596363,제목,규칙기반 자동분류(제목·요약 낱말 대조)
2024-08-08,월악산,충북·경북,행정,지정·구역,단양군민에 또 희생 강요하는가,cctimes.kr,http://www.cctimes.kr/news/articleView.html?idxno=808573,요약,규칙기반 자동분류(제목·요약 낱말 대조)
2024-08-07,계룡산,대전·충남,행정,연구·용역,해충 솔나방 출몰 계룡산 소나무 고사 피해… 4월이어 재확산 '빠르다',joongdo.co.kr,https://www.joongdo.co.kr/web/view.php?key=20240807010001908,제목,규칙기반 자동분류(제목·요약 낱말 대조)
2024-08-07,덕유산,전북·경남,행정,기타,무주군 자연특별시 무주방문의 해 모바일 스탬프 투어,sjbnews.com,http://sjbnews.com/news/news.php?number=823962,요약,규칙기반 자동분류(제목·요약 낱말 대조)
2024-08-07,덕유산,전북·경남,행정,기타,"(사)무주군관광협의회, 모바일 스탬프 투어 진행",domin.co.kr,http://www.domin.co.kr/news/articleView.html?idxno=1480028,요약,규칙기반 자동분류(제목·요약 낱말 대조)
2024-08-07,덕유산,전북·경남,행정,기타,무주 모바일 스탬프 투어 즐기고 기념품도 받자!,tournews21.com,http://www.tournews21.com/news/articleView.html?idxno=76096,요약,규칙기반 자동분류(제목·요약 낱말 대조)
2024-08-07,덕유산,전북·경남,행정,기타,"""무주 관광지 돌아보고, 선물도 받고…""",ajunews.com,https://www.ajunews.com/view/20240807160655822,요약,규칙기반 자동분류(제목·요약 낱말 대조)
2024-08-07,덕유산,전북·경남,행정,기타,"무주군, 지역 명소 19곳 모바일 스템프 투어 진행",inews24.com,http://www.inews24.com/view/1750582,요약,규칙기반 자동분류(제목·요약 낱말 대조)
2024-08-07,덕유산,전북·경남,행정,기타,"무주군, 지역 내 명소 19곳에서 모바일 스탬프 투어 진행",jeollailbo.com,http://www.jeollailbo.com/news/articleView.html?idxno=740798,요약,규칙기반 자동분류(제목·요약 낱말 대조)
2024-08-07,덕유산,전북·경남,행정,기타,"무주군, ‘2024 무주방문의 해‘ 맞아 19곳서 모바일 스탬프 투어 진행",pressian.com,https://www.pressian.com/pages/articles/2024080711471298496?utm_source=naver&utm_medium=search,요약,규칙기반 자동분류(제목·요약 낱말 대조)
2024-08-07,덕유산,전북·경남,행정,기타,"무주군, 모바일 스탬프 투어 진행",dailysportshankook.co.kr,https://www.dailysportshankook.co.kr/news/articleView.html?idxno=331895,요약,규칙기반 자동분류(제목·요약 낱말 대조)
2024-08-06,월악산,충북·경북,행정,지정·구역,"단양군의회, 단양천댐 건설 백지화 요구 건의문 채택",breaknews.com,http://www.breaknews.com/1048586,요약,규칙기반 자동분류(제목·요약 낱말 대조)
2024-08-05,계룡산,대전·충남,행정,협약·협력,"""아침밥 먹읍시다"" 농협 대전본부 쌀 소비촉진 캠페인",cctoday.co.kr,https://www.cctoday.co.kr/news/articleView.html?idxno=2199252,요약,규칙기반 자동분류(제목·요약 낱말 대조)
2024-08-05,계룡산,대전·충남,행정,협약·협력,"농협대전본부-한국여성경제인협회 대전지회, '쌀 소비 촉진 홍보캠페인...",aflnews.co.kr,http://www.aflnews.co.kr/news/articleView.html?idxno=277367,요약,규칙기반 자동분류(제목·요약 낱말 대조)
2024-08-05,계룡산,대전·충남,행정,협약·협력,"농협중앙회 대전본부, 한국여성경제인협회 대전지회와 쌀 소비촉진 활성...",newstnt.com,http://www.newstnt.com/news/articleView.html?idxno=398116,요약,규칙기반 자동분류(제목·요약 낱말 대조)
2024-08-05,계룡산,대전·충남,행정,협약·협력,"대전농협, 쌀 소비촉진 홍보캠페인",paxetv.com,http://www.paxetv.com/news/articleView.html?idxno=209078,요약,규칙기반 자동분류(제목·요약 낱말 대조)
2024-08-05,계룡산,대전·충남,행정,협약·협력,"[포토] 농협 대전본부-한국여성경제인협회, '쌀 소비촉진 홍보캠페인' ...",chungnamilbo.co.kr,http://www.chungnamilbo.co.kr/news/articleView.html?idxno=784116,요약,규칙기반 자동분류(제목·요약 낱말 대조)
2024-08-05,계룡산,대전·충남,행정,협약·협력,"농협 대전본부, 쌀 소비촉진 활성화 업무협약",goodmorningcc.com,https://www.goodmorningcc.com/news/articleView.html?idxno=402243,요약,규칙기반 자동분류(제목·요약 낱말 대조)
2024-08-05,계룡산,대전·충남,행정,협약·협력,"농협 대전본부, 쌀 소비 촉진 캠페인 개최",ccdailynews.com,https://www.ccdailynews.com/news/articleView.html?idxno=2289448,요약,규칙기반 자동분류(제목·요약 낱말 대조)
2024-08-05,계룡산,대전·충남,행정,협약·협력,"농협대전본부, 한국여성경제인협회 대전지회와 쌀 소비촉진 홍보캠페인...",daily.hankooki.com,https://daily.hankooki.com/news/articleView.html?idxno=1113633,요약,규칙기반 자동분류(제목·요약 낱말 대조)
2024-08-04,경주,경북 경주,행정,기타,2024년 경주국립공원 시민대학 15기 수료식 성황리에 마무리,dkilbo.com,https://www.dkilbo.com/news/articleView.html?idxno=454712,제목,규칙기반 자동분류(제목·요약 낱말 대조)
2024-08-04,경주,경북 경주,행정,기타,경주국립공원 시민대학 15기 수료식 개최,kyongbuk.co.kr,https://www.kyongbuk.co.kr/news/articleView.html?idxno=4016036,제목,규칙기반 자동분류(제목·요약 낱말 대조)
2024-08-04,경주,경북 경주,행정,기타,"경주국립공원, 2024년 시민대학 15기 수료식 성료",gukjenews.com,https://www.gukjenews.com/news/articleView.html?idxno=3059074,제목,규칙기반 자동분류(제목·요약 낱말 대조)
2024-08-02,경주,경북 경주,행정,예산·재정,"국립공원공단, '나무 심기'로 탄소 1052톤 흡수...연간 승용차 447대 배출...",newspim.com,https://www.newspim.com/news/view/20240802000686,요약,규칙기반 자동분류(제목·요약 낱말 대조)
2024-08-02,계룡산,대전·충남,행정,인사·조직,"계룡산국립공원사무소·계룡대근무지원단, 계곡 등 환경정화",jbnews.com,http://www.jbnews.com/news/articleView.html?idxno=1446499,제목,규칙기반 자동분류(제목·요약 낱말 대조)
2024-08-02,설악산,강원,행정,지정·구역,"오늘 일출·일몰시간, ""3일(토) 전국 해돋이 명소, 해 뜨는 시간과 해 지...",lecturernews.com,https://www.lecturernews.com/news/articleView.html?idxno=157541,요약,규칙기반 자동분류(제목·요약 낱말 대조)
2024-08-01,속리산,충북·경북,행정,법령·제도,"속리산 국립공원, 휴가철 불법 취사·캠핑 단속",ccn.hcn.co.kr,https://ccn.hcn.co.kr/user/news/BD_newsView.do?news_category=02&story_id=NS2024080100058&story_seq=0&soCode=114&socttSn=NS2024080100058&socttSeq=0,제목,규칙기반 자동분류(제목·요약 낱말 대조)
2024-08-01,속리산,충북·경북,행정,법령·제도,"속리산국립공원, 25일까지 취사·흡연·야영 집중 단속",newsis.com,https://www.newsis.com/view/NISX20240801_0002834791,제목,규칙기반 자동분류(제목·요약 낱말 대조)
2024-08-01,속리산,충북·경북,행정,법령·제도,"속리산 국립공원, 피서철 불법 취사·야영 등 집중 단속",yna.co.kr,https://www.yna.co.kr/view/AKR20240801114100064?input=1195m,제목,규칙기반 자동분류(제목·요약 낱말 대조)
2024-08-01,태안해안,충남 태안,행정,인사·조직,"태안해안국립공원·천리포수목원, ‘천리포 해변’ 반려해변으로 입양",joongdo.co.kr,https://www.joongdo.co.kr/web/view.php?key=20240801010000121,제목,규칙기반 자동분류(제목·요약 낱말 대조)
2024-07-31,지리산,전남·전북·경남,행정,협약·협력,"지리산 대화엄사, 국립공원공단 등 유관단체와 업무협약",btnnews.tv,http://www.btnnews.tv/news/articleView.html?idxno=81975,제목,규칙기반 자동분류(제목·요약 낱말 대조)
2024-07-31,태안해안,충남 태안,행정,지정·구역,"태안해안국립공원, '천리포 해변' 천리포수목원의 반려해변 으로 지정",chungnamilbo.co.kr,http://www.chungnamilbo.co.kr/news/articleView.html?idxno=783535,제목,규칙기반 자동분류(제목·요약 낱말 대조)
2024-07-31,월악산,충북·경북,행정,기타,환경부 기후 대응 댐 후보지 선정에 단양군 즉각 반발,inews365.com,https://www.inews365.com/news/article.html?no=825447,요약,규칙기반 자동분류(제목·요약 낱말 대조)
2024-07-31,변산반도,전북 부안,행정,인사·조직,"변산반도국립공원사무소, 지역예술인 특별 전시회 마련",ibuan.com,https://www.ibuan.com/news/articleView.html?idxno=52401,제목,규칙기반 자동분류(제목·요약 낱말 대조)
2024-07-31,팔공산,대구·경북,행정,예산·재정,"[위클리오늘] 팔공산 국립공원, 생태계 보전 등 국립공원 미래가치 향상...",weeklytoday.com,http://www.weeklytoday.com/news/articleView.html?idxno=642213,제목,규칙기반 자동분류(제목·요약 낱말 대조)
2024-07-30,경주,경북 경주,행정,연구·용역,"데]국립공원공단 ""경주 남산 지암곡 제4사지 마",phmbc.co.kr,http://www.phmbc.co.kr/www/news/desk_news?idx=192056&mode=view,제목,규칙기반 자동분류(제목·요약 낱말 대조)
2024-07-30,경주,경북 경주,행정,연구·용역,"""경주 남산 지암곡 마애선각입상은 불상""",tbc.co.kr,https://www.tbc.co.kr/news/view?pno=20240729155116AE05345&id=188943,제목,규칙기반 자동분류(제목·요약 낱말 대조)
2024-07-29,경주,경북 경주,행정,연구·용역,남산 지암곡 마애선각입상 “삼국시대 여래상으로 확인”,ksmnews.co.kr,http://www.ksmnews.co.kr/news/view.php?idx=494367,요약,규칙기반 자동분류(제목·요약 낱말 대조)
2024-07-29,경주,경북 경주,행정,연구·용역,경주 남산 지암곡 마애선각입상은 '삼국시대 여래상',news1.kr,https://www.news1.kr/local/daegu-gyeongbuk/5494693,제목,규칙기반 자동분류(제목·요약 낱말 대조)
2024-07-29,경주,경북 경주,행정,연구·용역,경주 남산 지암곡 제4사지 마애선각입상은 ‘불상’,imaeil.com,https://www.imaeil.com/page/view/2024072915001229135,제목,규칙기반 자동분류(제목·요약 낱말 대조)
2024-07-29,경주,경북 경주,행정,연구·용역,국립공원공단 “경주 남산 지암곡 제4사지 마애선각입상은 불상”…발...,seoul.co.kr,https://www.seoul.co.kr/news/society/2024/07/29/20240729500085?wlog_tag3=naver,제목,규칙기반 자동분류(제목·요약 낱말 대조)
2024-07-29,경주,경북 경주,행정,인사·조직,"경주국립공원, 남산 지암곡 제4사지 마애선각입상 조사 결과 ‘불상’",newsis.com,https://www.newsis.com/view/NISX20240729_0002829537,제목,규칙기반 자동분류(제목·요약 낱말 대조)
2024-07-29,경주,경북 경주,행정,연구·용역,"경주국립공원 남산 지암곡 제4사지 마애선각입상, 불상으로 확인",segye.com,http://www.segye.com/newsView/20240729508729?OutUrl=naver,제목,규칙기반 자동분류(제목·요약 낱말 대조)
2024-07-29,경주,경북 경주,행정,연구·용역,"국립공원공단 ""경주 남산 지암곡 제4사지 마애선각입상은 불상""",yna.co.kr,https://www.yna.co.kr/view/AKR20240729062000053?input=1195m,제목,규칙기반 자동분류(제목·요약 낱말 대조)
2024-07-29,한려해상,경남·전남,행정,기타,【데일리 ESG정책 브리핑】원전수출 위해 상무관 전진배치 등,impacton.net,http://www.impacton.net/news/articleView.html?idxno=12192,요약,규칙기반 자동분류(제목·요약 낱말 대조)
2024-07-28,경주,경북 경주,행정,기타,"경주 남산 지암곡 마애선각입상, 신라 때 만들어졌다",hidomin.com,http://www.hidomin.com/news/articleView.html?idxno=555148,제목,규칙기반 자동분류(제목·요약 낱말 대조)
2024-07-28,경주,경북 경주,행정,기타,8m 대형 바위에 새겨진 경주 남산 지암곡 '마애선각입상' 온전한 모습 밝...,kbsm.net,http://www.kbsm.net/news/view.php?idx=441809,제목,규칙기반 자동분류(제목·요약 낱말 대조)
2024-07-28,경주,경북 경주,행정,기타,3차원 디지털 기술로 경주 남산 지암곡 제4사지 마애선각입상 불상 확인,kbmaeil.com,http://www.kbmaeil.com/news/articleView.html?idxno=1005518,제목,규칙기반 자동분류(제목·요약 낱말 대조)
2024-07-28,한려해상,경남·전남,행정,협약·협력,"""전방에 고라니 주의""…AI로 '로드킬' 막는다",kyongbuk.co.kr,https://www.kyongbuk.co.kr/news/articleView.html?idxno=4015484,요약,규칙기반 자동분류(제목·요약 낱말 대조)
2024-07-28,한려해상,경남·전남,행정,협약·협력,"포스코DX, 환경부와 함께 로드킬 예방 모니터링 구축",ksmnews.co.kr,http://www.ksmnews.co.kr/news/view.php?idx=494200,요약,규칙기반 자동분류(제목·요약 낱말 대조)
2024-07-28,한려해상,경남·전남,행정,협약·협력,"포스코DX, 환경부와 함께 동물 찻길 사고 예방 및 모니터링 시스템으로...",dkilbo.com,https://www.dkilbo.com/news/articleView.html?idxno=453657,요약,규칙기반 자동분류(제목·요약 낱말 대조)
2024-07-27,한려해상,경남·전남,행정,협약·협력,"포스코DX, 환경부와 함께 야생동물 보호에 앞장",breaknews.com,http://www.breaknews.com/1046733,요약,규칙기반 자동분류(제목·요약 낱말 대조)
2024-07-27,한려해상,경남·전남,행정,협약·협력,"포스코DX, 야생동물 보호에 나섰다",biztribune.co.kr,http://www.biztribune.co.kr/news/articleView.html?idxno=317578,요약,규칙기반 자동분류(제목·요약 낱말 대조)
2024-07-26,경주,경북 경주,행정,기타,경주 남산 지암곡 제4사지 마애선각입상 '삼국시대 여래상' 확인,kyongbuk.co.kr,https://www.kyongbuk.co.kr/news/articleView.html?idxno=4015360,제목,규칙기반 자동분류(제목·요약 낱말 대조)
2024-07-26,경주,경북 경주,행정,연구·용역,경주 남산 지암곡 제4사지 마애선각입상 불상으로 확인됐다,dkilbo.com,https://www.dkilbo.com/news/articleView.html?idxno=453485,제목,규칙기반 자동분류(제목·요약 낱말 대조)
2024-07-26,한려해상,경남·전남,행정,협약·협력,동물 찻길 사고 예방·모니터링 시스템으로 야생동물 보호,koit.co.kr,http://www.koit.co.kr/news/articleView.html?idxno=124204,요약,규칙기반 자동분류(제목·요약 낱말 대조)
2024-07-26,한려해상,경남·전남,행정,협약·협력,"포스코DX, 환경부와 협력해 영상인식 AI 기술로 야생동물 찻길 사고 예방",etnews.com,https://www.etnews.com/20240726000139,요약,규칙기반 자동분류(제목·요약 낱말 대조)
2024-07-26,한려해상,경남·전남,행정,협약·협력,"포스코 DX, 영상인식 AI로 '로드킬' 막는다",dailian.co.kr,https://www.dailian.co.kr/news/view/1388726/?sc=Naver,요약,규칙기반 자동분류(제목·요약 낱말 대조)
2024-07-26,한려해상,경남·전남,행정,협약·협력,"포스코DX, 환경부 등과 영상인식 AI 기술 활용 동물 찻길 사고 예방 나서",mtnews.net,https://www.mtnews.net/news/articleView.html?idxno=19461,요약,규칙기반 자동분류(제목·요약 낱말 대조)
2024-07-26,한려해상,경남·전남,행정,협약·협력,"포스코DX, 로드킬 예방 시스템 환경부와 야생동물 보호 나선다",news.heraldcorp.com,https://news.heraldcorp.com/view.php?ud=20240726050325,요약,규칙기반 자동분류(제목·요약 낱말 대조)
2024-07-26,한려해상,경남·전남,행정,협약·협력,"포스코DX, 환경부와 AI로 ‘로드킬’ 막는다",biz.chosun.com,https://biz.chosun.com/it-science/ict/2024/07/26/PZHU3X27S5ATPOJPSQVNEGTLF4/?utm_source=naver&utm_medium=original&utm_campaign=biz,요약,규칙기반 자동분류(제목·요약 낱말 대조)
2024-07-26,한려해상,경남·전남,행정,협약·협력,"포스코DX, 로드킬 예방 시스템으로 야생동물 보호 나선다",news.heraldcorp.com,https://news.heraldcorp.com/view.php?ud=20240726050275,요약,규칙기반 자동분류(제목·요약 낱말 대조)
2024-07-26,한려해상,경남·전남,행정,협약·협력,"포스코DX 비전AI 기술, 로드킬 예방사업 투입... 환경부 등과 협약",news.mt.co.kr,http://news.mt.co.kr/mtview.php?no=2024072610524585979,요약,규칙기반 자동분류(제목·요약 낱말 대조)
2024-07-26,한려해상,경남·전남,행정,협약·협력,포스코DX의 로드킬 방지 장치 늘린다,fnnews.com,http://www.fnnews.com/news/202407261033125993,요약,규칙기반 자동분류(제목·요약 낱말 대조)
2024-07-26,한려해상,경남·전남,행정,협약·협력,'전방 200ｍ 동물 출현' 전광판 알림…환경부-포스코DX 협약,yna.co.kr,https://www.yna.co.kr/view/AKR20240726052100530?input=1195m,요약,규칙기반 자동분류(제목·요약 낱말 대조)
2024-07-26,한려해상,경남·전남,행정,협약·협력,"""200m 전방 동물출현""…'실시간 알림'으로 사고 예방",nocutnews.co.kr,https://www.nocutnews.co.kr/news/6184974?utm_source=naver&utm_medium=article&utm_campaign=20240726100051,요약,규칙기반 자동분류(제목·요약 낱말 대조)
2024-07-26,설악산,강원,행정,협약·협력,"""자연에서 이루어지는 청소년 인성교육‧생태체험 함께 한다""",ikoreanspirit.com,http://www.ikoreanspirit.com/news/articleView.html?idxno=76733,요약,규칙기반 자동분류(제목·요약 낱말 대조)
2024-07-26,설악산,강원,행정,인사·조직,"신임 환경부 장관 취임, 영혼 없는 공무원의 교대식",ohmynews.com,https://www.ohmynews.com/NWS_Web/View/at_pg.aspx?CNTN_CD=A0003049219&CMPT_CD=P0010&utm_source=naver&utm_medium=newsearch&utm_campaign=naver_news,요약,규칙기반 자동분류(제목·요약 낱말 대조)
2024-07-26,오대산,강원,행정,협약·협력,"환경부, 포스코디엑스와 ‘동물 찻길사고 예방’ 업무협약 체결",metroseoul.co.kr,http://www.metroseoul.co.kr/article/20240726500106,요약,규칙기반 자동분류(제목·요약 낱말 대조)
2024-07-26,오대산,강원,행정,협약·협력,"포스코DX, 환경부와 ‘동물 찻길 사고 예방’ ESG 업무협약 체결",lawissue.co.kr,http://www.lawissue.co.kr/view.php?ud=20240726133932695467191f6c6e_12,요약,규칙기반 자동분류(제목·요약 낱말 대조)
2024-07-26,오대산,강원,행정,기타,"포스코DX, AI로 로드킬 막는다",daily.hankooki.com,https://daily.hankooki.com/news/articleView.html?idxno=1110551,요약,규칙기반 자동분류(제목·요약 낱말 대조)
2024-07-26,오대산,강원,행정,인사·조직,"각국 청년, 지구촌 평화 위한 리듬 찾다",kado.net,http://www.kado.net/news/articleView.html?idxno=1257110,요약,규칙기반 자동분류(제목·요약 낱말 대조)
2024-07-26,태안해안,충남 태안,행정,협약·협력,태안경찰서·태안군 등 유관기관과 교통안전을 위한 업무협약 체결,joongdo.co.kr,https://www.joongdo.co.kr/web/view.php?key=20240726010008480,요약,규칙기반 자동분류(제목·요약 낱말 대조)
2024-07-26,월악산,충북·경북,행정,지정·구역,"오늘 일출·일몰시간, ""27일(토) 전국 해돋이 명소, 해 뜨는 시간과 해 ...",lecturernews.com,https://www.lecturernews.com/news/articleView.html?idxno=156943,요약,규칙기반 자동분류(제목·요약 낱말 대조)
2024-07-25,가야산,경북·경남,행정,인사·조직,"무더운 여름, 합천 가야산 야생화와 함께",gndomin.com,http://www.gndomin.com/news/articleView.html?idxno=401491,제목,규칙기반 자동분류(제목·요약 낱말 대조)
2024-07-25,가야산,경북·경남,행정,인사·조직,가야산 정상에서 만나는 솔나리 등 여름 야생화,kukinews.com,https://www.kukinews.com/article/view/kuk202407250050,제목,규칙기반 자동분류(제목·요약 낱말 대조)
2024-07-25,태안해안,충남 태안,행정,예산·재정,"[태안24시] 태안군, 획기적 군정 발전 위한 정부예산 확보에 '선제적 대...",sisajournal.com,https://www.sisajournal.com/news/articleView.html?idxno=304082,요약,규칙기반 자동분류(제목·요약 낱말 대조)
2024-07-24,경주,경북 경주,행정,기타,"경주 토함산 일대 땅 밀림, 국보 석굴암이 위험하다? [정책 바로보기]",ktv.go.kr,https://www.ktv.go.kr/content/view?content_id=706314,제목,규칙기반 자동분류(제목·요약 낱말 대조)
2024-07-23,속리산,충북·경북,행정,인사·조직,"품질의 고도화, 생산의 안정화, 안전의 완벽화로 퀀텀점프하는 '동천수...",newspim.com,https://www.newspim.com/news/view/20240723000048,요약,규칙기반 자동분류(제목·요약 낱말 대조)
2024-07-22,속리산,충북·경북,행정,인사·조직,"동아쏘시오그룹 동천수, 고품질 생수와 음료 생산 박차",lcnews.co.kr,https://www.lcnews.co.kr/news/articleView.html?idxno=80348,요약,규칙기반 자동분류(제목·요약 낱말 대조)
2024-07-22,속리산,충북·경북,행정,인사·조직,"동아쏘시오 동천수, 품질 고도화 추진",wsobi.com,http://www.wsobi.com/news/articleView.html?idxno=248214,요약,규칙기반 자동분류(제목·요약 낱말 대조)
2024-07-20,태안해안,충남 태안,행정,기타,"태안군, 각종 인·허가 관계자 간담회·청렴교육 실시",gukjenews.com,https://www.gukjenews.com/news/articleView.html?idxno=3048275,요약,규칙기반 자동분류(제목·요약 낱말 대조)
2024-07-18,한려해상,경남·전남,행정,협약·협력,"한려해상국립공원 거제학동자동차야영장, 친환경 도시락 서비스 개시",newsis.com,https://www.newsis.com/view/NISX20240718_0002815558,제목,규칙기반 자동분류(제목·요약 낱말 대조)
2024-07-18,가야산,경북·경남,행정,인사·조직,가야산국립공원사무소 불법행위 집중단속,idomin.com,https://www.idomin.com/news/articleView.html?idxno=916389,제목,규칙기반 자동분류(제목·요약 낱말 대조)
2024-07-16,가야산,경북·경남,행정,인사·조직,"가야산국립공원사무소, 여름철 불법·무질서 집중단속",idaegu.com,https://www.idaegu.com/news/articleView.html?idxno=609390,제목,규칙기반 자동분류(제목·요약 낱말 대조)
2024-07-16,가야산,경북·경남,행정,인사·조직,"[합천소식]김윤철 군수, 전국체전 릴레이 챌린지 참여 등",newsis.com,https://www.newsis.com/view/NISX20240716_0002813200,요약,규칙기반 자동분류(제목·요약 낱말 대조)
2024-07-16,다도해해상,전남,행정,인사·조직,[기획] 섬박람회 성공개최는 도시 브랜드 바꾸는 핵심 키워드,netongs.com,http://www.netongs.com/news/articleView.html?idxno=320233,요약,규칙기반 자동분류(제목·요약 낱말 대조)
2024-07-15,가야산,경북·경남,행정,지정·구역,"가야산국립공원사무소, 여름 휴가철 불법 무질서 집중 단속",gnnews.co.kr,http://www.gnnews.co.kr/news/articleView.html?idxno=557753,제목,규칙기반 자동분류(제목·요약 낱말 대조)
2024-07-15,변산반도,전북 부안,행정,인사·조직,"부안군, 신노년 맞춤형 일자리 창출 '고삐'",ajunews.com,https://www.ajunews.com/view/20240715172947968,요약,규칙기반 자동분류(제목·요약 낱말 대조)
2024-07-12,다도해해상,전남,행정,인사·조직,다도해해상국립공원 여름철 사전예고 집중단속 실시,siminilbo.co.kr,https://www.siminilbo.co.kr/news/newsview.php?ncode=1160266208450826,제목,규칙기반 자동분류(제목·요약 낱말 대조)
2024-07-11,가야산,경북·경남,행정,인사·조직,"해인사, 도봉당 종성 대종사 49재 막재 봉행",btnnews.tv,http://www.btnnews.tv/news/articleView.html?idxno=81709,요약,규칙기반 자동분류(제목·요약 낱말 대조)
2024-07-08,설악산,강원,행정,인사·조직,【데일리 ESG정책 브리핑】동해안 지역 전력계통 협의회 개최 등,impacton.net,http://www.impacton.net/news/articleView.html?idxno=11982,요약,규칙기반 자동분류(제목·요약 낱말 대조)
2024-07-08,한라산,제주,행정,인사·조직,[인사종합] 과기부·통일부·농식품부 등,safetimes.co.kr,https://www.safetimes.co.kr/news/articleView.html?idxno=216381,요약,규칙기반 자동분류(제목·요약 낱말 대조)
2024-07-07,계룡산,대전·충남,행정,인사·조직,계룡산국립공원사무소 '청렴간담회 및 현장점검' 개최,jbnews.com,http://www.jbnews.com/news/articleView.html?idxno=1443076,제목,규칙기반 자동분류(제목·요약 낱말 대조)
2024-07-07,설악산,강원,행정,인사·조직,경남 창녕 전역 ‘유네스코 생물권보전지역’ 지정…국내 10번째,dailian.co.kr,https://www.dailian.co.kr/news/view/1380620/?sc=Naver,요약,규칙기반 자동분류(제목·요약 낱말 대조)
2024-07-07,한라산,제주,행정,지정·구역,섭지코지 한가운데 들어선 건물... 주민들이 잃어버린 풍경,ohmynews.com,https://www.ohmynews.com/NWS_Web/View/at_pg.aspx?CNTN_CD=A0003043450&CMPT_CD=P0010&utm_source=naver&utm_medium=newsearch&utm_campaign=naver_news,요약,규칙기반 자동분류(제목·요약 낱말 대조)
2024-07-07,가야산,경북·경남,행정,인사·조직,합천 가야산국립공원 7월 '4.4.4 안전점검의 날' 운영,gndomin.com,http://www.gndomin.com/news/articleView.html?idxno=399340,제목,규칙기반 자동분류(제목·요약 낱말 대조)
2024-07-06,속리산,충북·경북,행정,인사·조직,"속리산국립공원사무소, 여름철 수상 안전관리 대책 추진",nocutnews.co.kr,https://www.nocutnews.co.kr/news/6173354?utm_source=naver&utm_medium=article&utm_campaign=20240706101730,제목,규칙기반 자동분류(제목·요약 낱말 대조)
2024-07-05,한라산,제주,행정,인사·조직,[오늘의 인사] 농식품부·대구시·경남도의회·충북도 外,mediapen.com,https://www.mediapen.com/news/view/934419,요약,규칙기반 자동분류(제목·요약 낱말 대조)
2024-07-05,한라산,제주,행정,인사·조직,[인사] 광주 서구청 외,readersnews.com,http://www.readersnews.com/news/articleView.html?idxno=112449,요약,규칙기반 자동분류(제목·요약 낱말 대조)
2024-07-05,한라산,제주,행정,인사·조직,[오늘의 인사 : 7월 5일] 행정안전부·과학기술정보통신부·통일부·경기...,news2day.co.kr,https://www.news2day.co.kr/article/20240705500254,요약,규칙기반 자동분류(제목·요약 낱말 대조)
2024-07-05,월악산,충북·경북,행정,지정·구역,"오늘 일출·일몰시간, ""6일(토) 전국 해돋이 명소, 해 뜨는 시간과 해 지...",lecturernews.com,https://www.lecturernews.com/news/articleView.html?idxno=155553,요약,규칙기반 자동분류(제목·요약 낱말 대조)
2024-07-04,속리산,충북·경북,행정,인사·조직,"김경순 국립공원공단 상임감사, 속리산사무소 방문 간담회",dynews.co.kr,http://www.dynews.co.kr/news/articleView.html?idxno=759251,제목,규칙기반 자동분류(제목·요약 낱말 대조)
2024-07-03,가야산,경북·경남,행정,인사·조직,[인사] 지인주 가야산국립공원사무소장,idomin.com,https://www.idomin.com/news/articleView.html?idxno=915141,제목,규칙기반 자동분류(제목·요약 낱말 대조)
2024-07-02,가야산,경북·경남,행정,인사·조직,가야산국립공원 지인주 신임 소장 부임,ksmnews.co.kr,http://www.ksmnews.co.kr/news/view.php?idx=490098,제목,규칙기반 자동분류(제목·요약 낱말 대조)
2024-07-01,가야산,경북·경남,행정,인사·조직,지인주 가야산국립공원사무소장,idaegu.co.kr,https://www.idaegu.co.kr/news/articleView.html?idxno=466557,제목,규칙기반 자동분류(제목·요약 낱말 대조)
2024-07-01,가야산,경북·경남,행정,인사·조직,"가야산국립공원 지인주 소장 부임…""지역사회에 도움""",newsis.com,https://www.newsis.com/view/NISX20240701_0002793158,제목,규칙기반 자동분류(제목·요약 낱말 대조)
2024-07-01,소백산,충북·경북,행정,인사·조직,[새인물] 주재우 국립공원 소백산북부사무소장,ccdailynews.com,https://www.ccdailynews.com/news/articleView.html?idxno=2283075,제목,규칙기반 자동분류(제목·요약 낱말 대조)
2024-07-01,내장산,전북·전남,행정,인사·조직,"내장산 국립공원사무소, 제25대 한경동 신임 소장 취임",sjbnews.com,http://sjbnews.com/news/news.php?number=820242,제목,규칙기반 자동분류(제목·요약 낱말 대조)
2024-07-01,내장산,전북·전남,행정,인사·조직,내장산국립공원사무소 제25대 한경동 소장 취임,jeonmin.co.kr,http://www.jeonmin.co.kr/news/articleView.html?idxno=400430,제목,규칙기반 자동분류(제목·요약 낱말 대조)
2024-07-01,내장산,전북·전남,행정,인사·조직,내장산국립공원사무소 한경동 신임소장 취임,jjn.co.kr,http://www.jjn.co.kr/news/articleView.html?idxno=976089,제목,규칙기반 자동분류(제목·요약 낱말 대조)
2024-07-01,내장산,전북·전남,행정,인사·조직,국립공원공단 내장산국립공원사무소 한경동 소장 취임,jjan.kr,https://www.jjan.kr/article/20240701580063,제목,규칙기반 자동분류(제목·요약 낱말 대조)
2024-07-01,지리산,전남·전북·경남,행정,인사·조직,국립공원 탐방시 안전장비 빌려준다,bosa.co.kr,http://www.bosa.co.kr/news/articleView.html?idxno=2225947,요약,규칙기반 자동분류(제목·요약 낱말 대조)
2024-07-01,소백산,충북·경북,행정,인사·조직,[인물수첩] 남태한 신임 소백산국립공원사무소 소장,imaeil.com,https://www.imaeil.com/page/view/2024063009404131545,제목,규칙기반 자동분류(제목·요약 낱말 대조)
2024-07-01,소백산,충북·경북,행정,인사·조직,남태한 소백산국립공원사무소장,idaegu.com,https://www.idaegu.com/news/articleView.html?idxno=607936,제목,규칙기반 자동분류(제목·요약 낱말 대조)
2024-07-01,소백산,충북·경북,행정,인사·조직,남태한 국립공원공단 소백산국립공원사무소장 부임,kyongbuk.co.kr,https://www.kyongbuk.co.kr/news/articleView.html?idxno=4012859,제목,규칙기반 자동분류(제목·요약 낱말 대조)
2024-06-30,가야산,경북·경남,행정,인사·조직,지인주 가야산국립공원 신임 소장 부임,gndomin.com,http://www.gndomin.com/news/articleView.html?idxno=398571,제목,규칙기반 자동분류(제목·요약 낱말 대조)
2024-06-30,가야산,경북·경남,행정,인사·조직,가야산국립공원 지인주 신임 소장,idaegu.com,https://www.idaegu.com/news/articleView.html?idxno=607802,제목,규칙기반 자동분류(제목·요약 낱말 대조)
2024-06-30,소백산,충북·경북,행정,인사·조직,주재우 소백산북부사무소장 취임,cctimes.kr,http://www.cctimes.kr/news/articleView.html?idxno=803314,제목,규칙기반 자동분류(제목·요약 낱말 대조)
2024-06-30,소백산,충북·경북,행정,인사·조직,"소백산국립공원북부사무소, 주재우 소장 부임",inews365.com,https://www.inews365.com/news/article.html?no=820965,제목,규칙기반 자동분류(제목·요약 낱말 대조)
2024-06-28,내장산,전북·전남,행정,인사·조직,[인사종합] 문체부·농식품부·산림청 등,safetimes.co.kr,https://www.safetimes.co.kr/news/articleView.html?idxno=216055,요약,규칙기반 자동분류(제목·요약 낱말 대조)
2024-06-28,월악산,충북·경북,행정,인사·조직,"""골뫼골 명품마을에서 소박한 시골생활 체험하세요""",kyongbuk.co.kr,https://www.kyongbuk.co.kr/news/articleView.html?idxno=4012696,요약,규칙기반 자동분류(제목·요약 낱말 대조)
2024-06-28,월출산,전남,행정,인사·조직,"우승희 영암군수 취임 2주년, '영암군민 자부심 up 삶의 질 up' 성과 이뤄",newsmaker.or.kr,http://www.newsmaker.or.kr/news/articleView.html?idxno=153206,요약,규칙기반 자동분류(제목·요약 낱말 대조)
2024-06-27,속리산,충북·경북,행정,협약·협력,보은교육지원청-속리산국립공원 업무 협약 체결,ccreview.co.kr,https://www.ccreview.co.kr/news/articleView.html?idxno=318963,제목,규칙기반 자동분류(제목·요약 낱말 대조)
2024-06-27,속리산,충북·경북,행정,협약·협력,보은교육지원청-국립공원속리산사무소 업무 협약,dynews.co.kr,http://www.dynews.co.kr/news/articleView.html?idxno=758229,제목,규칙기반 자동분류(제목·요약 낱말 대조)
2024-06-27,속리산,충북·경북,행정,협약·협력,보은교육지원청-속리산국립공원사무소 업무 협약 체결,bzeronews.com,http://www.bzeronews.com/news/articleView.html?idxno=666725,제목,규칙기반 자동분류(제목·요약 낱말 대조)
2024-06-27,속리산,충북·경북,행정,협약·협력,"보은교육지원청-속리산국립공원사무소, 탄소중립교육 업무협약",jbnews.com,http://www.jbnews.com/news/articleView.html?idxno=1441918,제목,규칙기반 자동분류(제목·요약 낱말 대조)
2024-06-27,내장산,전북·전남,행정,인사·조직,[6월27일 인사종합] 문화체육관광부 외,dt.co.kr,https://www.dt.co.kr/contents.html?article_no=2024062702109919807001&ref=naver,요약,규칙기반 자동분류(제목·요약 낱말 대조)
2024-06-27,내장산,전북·전남,행정,인사·조직,[인사] 부산시 외,readersnews.com,http://www.readersnews.com/news/articleView.html?idxno=112359,요약,규칙기반 자동분류(제목·요약 낱말 대조)
2024-06-27,내장산,전북·전남,행정,인사·조직,"[인사] 국립공원공단, 경기 안산시, 강원 속초시",businesspost.co.kr,https://www.businesspost.co.kr/BP?command=article_view&num=357049,요약,규칙기반 자동분류(제목·요약 낱말 대조)
2024-06-26,월출산,전남,행정,인사·조직,"[위클리오늘] 우승희 영암군수 취임2년 ""영암군민 자부심 up 삶의 질 up""",weeklytoday.com,http://www.weeklytoday.com/news/articleView.html?idxno=634956,요약,규칙기반 자동분류(제목·요약 낱말 대조)
2024-06-26,변산반도,전북 부안,행정,인사·조직,이경식 변산반도국립공원사무소장 부임,domin.co.kr,http://www.domin.co.kr/news/articleView.html?idxno=1474597,제목,규칙기반 자동분류(제목·요약 낱말 대조)
2024-06-26,변산반도,전북 부안,행정,인사·조직,변산반도국립공원사무소 이경식 신임 사무소장 부임,jeollailbo.com,http://www.jeollailbo.com/news/articleView.html?idxno=735869,제목,규칙기반 자동분류(제목·요약 낱말 대조)
2024-06-26,팔공산,대구·경북,행정,지정·구역,대구 민선8기 2주년 성과 '대구혁신100+1',nocutnews.co.kr,https://www.nocutnews.co.kr/news/6167408?utm_source=naver&utm_medium=article&utm_campaign=20240626020036,요약,규칙기반 자동분류(제목·요약 낱말 대조)
2024-06-24,설악산,강원,행정,지정·구역,[정책인터뷰] 환경부 김태오 자연보전국장에게 듣는다,ikld.kr,http://www.ikld.kr/news/articleView.html?idxno=296050,요약,규칙기반 자동분류(제목·요약 낱말 대조)
2024-06-23,속리산,충북·경북,행정,예산·재정,[대전학교생태전환교육리포트] 교육청 자체 예산 건립 첫 사례… 설계와...,joongdo.co.kr,https://www.joongdo.co.kr/web/view.php?key=20240623010006681,요약,규칙기반 자동분류(제목·요약 낱말 대조)
2024-06-23,내장산,전북·전남,행정,인사·조직,정읍 내장산서 조선왕조실록 지켜낸 안의·손홍록 정신 되새겨,domin.co.kr,http://www.domin.co.kr/news/articleView.html?idxno=1474113,제목,규칙기반 자동분류(제목·요약 낱말 대조)
2024-06-23,팔공산,대구·경북,행정,지정·구역,'선진대국' 대구발 혁신 속도,kbmaeil.com,http://www.kbmaeil.com/news/articleView.html?idxno=1001067,요약,규칙기반 자동분류(제목·요약 낱말 대조)
2024-06-20,지리산,전남·전북·경남,행정,의회·국정감사,한국에서 두 번째로 사망사고 많이 벌어지는 산에서 또 참변 발생,wikitree.co.kr,https://www.wikitree.co.kr/articles/961000,요약,규칙기반 자동분류(제목·요약 낱말 대조)
2024-06-19,변산반도,전북 부안,행정,인사·조직,"송호석 전북환경청장, 24년도 2분기 관내 환경업무 유관기관 간담회 개...",jeonmin.co.kr,http://www.jeonmin.co.kr/news/articleView.html?idxno=399708,요약,규칙기반 자동분류(제목·요약 낱말 대조)
2024-06-19,무등산,광주·전남,행정,기타,"무등산국립공원, KIA타이거즈와 '무등산 데이' 특별경기 개최",nocutnews.co.kr,https://www.nocutnews.co.kr/news/6163343?utm_source=naver&utm_medium=article&utm_campaign=20240619024010,제목,규칙기반 자동분류(제목·요약 낱말 대조)
2024-06-12,경주,경북 경주,행정,인사·조직,"코레일관광개발, 국립공원행 기차 생태관광 출시",gukjenews.com,https://www.gukjenews.com/news/articleView.html?idxno=3017683,요약,규칙기반 자동분류(제목·요약 낱말 대조)
2024-06-11,월출산,전남,행정,기타,"전남개발공사, 안전·청렴 문화 확산 실천",breaknews.com,http://www.breaknews.com/1037257,요약,규칙기반 자동분류(제목·요약 낱말 대조)
2024-06-10,다도해해상,전남,행정,지정·구역,"도서벽지 덕포마을, 국립공원 명품마을 지정 이후 살고 싶은 마을로 변...",kjdaily.com,http://www.kjdaily.com/article.php?aid=1717993136632519242,요약,규칙기반 자동분류(제목·요약 낱말 대조)
2024-06-10,월출산,전남,행정,기타,"전남개발공사, 안전·청렴 문화 확산 ‘소통 안전·청렴 캠페인’ 전개",betanews.net:8080,http://www.betanews.net:8080/article/1468326.html,요약,규칙기반 자동분류(제목·요약 낱말 대조)
2024-06-10,월출산,전남,행정,기타,"[위클리오늘] 전남개발공사, 안전·청렴 문화 확산 실천 '2024 도민 소통...",weeklytoday.com,http://www.weeklytoday.com/news/articleView.html?idxno=631439,요약,규칙기반 자동분류(제목·요약 낱말 대조)
2024-06-10,월출산,전남,행정,기타,"전남개발공사, 월출산서 '도민 소통 안전·청렴 캠페인' 전개",kpinews.kr,https://www.kpinews.kr/newsView/1065599762033171,제목,규칙기반 자동분류(제목·요약 낱말 대조)
2024-06-10,월출산,전남,행정,기타,"전남개발공사, 월출산서 안전·청렴 캠페인",jnilbo.com,http://www.jnilbo.com/73859752682,제목,규칙기반 자동분류(제목·요약 낱말 대조)
2024-06-10,월출산,전남,행정,기타,"전남개발공사, 도민과 소통…안전·청렴 문화 확산 실천 캠페인",asiatoday.co.kr,https://www.asiatoday.co.kr/view.php?key=20240610010004639,요약,규칙기반 자동분류(제목·요약 낱말 대조)
2024-06-10,월출산,전남,행정,기타,"전남개발공사, 안전·청렴 문화 확산 실천 '2024 도민 소통 안전·청렴 ...",newsworker.co.kr,http://www.newsworker.co.kr/news/articleView.html?idxno=334828,요약,규칙기반 자동분류(제목·요약 낱말 대조)
2024-06-07,지리산,전남·전북·경남,행정,기타,방치된 ‘한북정맥’ 대책 세운다…경기도서 간담회 열려,kmib.co.kr,https://www.kmib.co.kr/article/view.asp?arcid=0020179690&code=61121111&cp=nv,요약,규칙기반 자동분류(제목·요약 낱말 대조)
2024-06-07,팔공산,대구·경북,행정,협약·협력,"DGB금융, '우리가 함께 지키는 팔공산 캠페인' 진행",hansbiz.co.kr,http://www.hansbiz.co.kr/news/articleView.html?idxno=697302,제목,규칙기반 자동분류(제목·요약 낱말 대조)
2024-06-06,태안해안,충남 태안,행정,기타,"국립공원공단, 환경의 날 맞아 환경정화 활동 전개",chungnamilbo.co.kr,http://www.chungnamilbo.co.kr/news/articleView.html?idxno=774540,요약,규칙기반 자동분류(제목·요약 낱말 대조)
2024-06-06,월악산,충북·경북,행정,지정·구역,[진경수의 山 이야기] 월악산 이루는 중요한 봉우리 ‘만수봉’,cc.newdaily.co.kr,https://cc.newdaily.co.kr/site/data/html/2024/06/06/2024060600019.html,제목,규칙기반 자동분류(제목·요약 낱말 대조)
2024-06-05,지리산,전남·전북·경남,행정,기타,"산림청, 백두대간과 정맥의 관리 개선방안 간담회 개최",news.heraldcorp.com,https://news.heraldcorp.com/view.php?ud=20240605050460,요약,규칙기반 자동분류(제목·요약 낱말 대조)
2024-05-30,한려해상,경남·전남,행정,협약·협력,"경남테크노파크-한국자동차해체재활용업협회-EV자원순환협회, 재사용 배...",kukinews.com,http://www.kukinews.com/newsView/kuk202405300194,요약,규칙기반 자동분류(제목·요약 낱말 대조)
2024-05-29,한려해상,경남·전남,행정,인사·조직,"낙동강청, ""특정도서 보전 위해 지자체, 기업, 국립공원공단과 힘 합친...",newsgn.com,https://www.newsgn.com/news/articleView.html?idxno=420853,요약,규칙기반 자동분류(제목·요약 낱말 대조)
2024-05-28,가야산,경북·경남,행정,인사·조직,"종성 대종사 영결·다비식 엄수 ""수행자의 표상""",btnnews.tv,http://www.btnnews.tv/news/articleView.html?idxno=81100,요약,규칙기반 자동분류(제목·요약 낱말 대조)
2024-05-27,지리산,전남·전북·경남,행정,기타,"경남, K-관광 열풍 타고 글로벌 관광거점 개발 박차",gnnews.co.kr,http://www.gnnews.co.kr/news/articleView.html?idxno=553891,요약,규칙기반 자동분류(제목·요약 낱말 대조)
2024-05-27,한라산,제주,행정,인사·조직,"한라산국립공원, 흡연·취사 등 특별계도 실시",nocutnews.co.kr,https://www.nocutnews.co.kr/news/6150257?utm_source=naver&utm_medium=article&utm_campaign=20240527060018,제목,규칙기반 자동분류(제목·요약 낱말 대조)
2024-05-27,무등산,광주·전남,행정,인사·조직,[인터뷰 | 송형근 국립공원공단 이사장] 마음을 두드리니 규제가 아닌 ...,naeil.com,https://www.naeil.com/news/read/511544?ref=naver,요약,규칙기반 자동분류(제목·요약 낱말 대조)
2024-05-27,금정산,부산·경남,행정,지정·구역,"부산시, 국내 최초 '바이오필릭 시티 네트워크' 회원 도시 인증",nocutnews.co.kr,https://www.nocutnews.co.kr/news/6150595?utm_source=naver&utm_medium=article&utm_campaign=20240527082519,요약,규칙기반 자동분류(제목·요약 낱말 대조)
2024-05-26,계룡산,대전·충남,행정,기타,"계룡산국립공원사무소, 공주시 동학사로에 새 둥지 마련",ggilbo.com,https://www.ggilbo.com/news/articleView.html?idxno=1031040,제목,규칙기반 자동분류(제목·요약 낱말 대조)
2024-05-24,계룡산,대전·충남,행정,인사·조직,"계룡산국립공원사무소, 23일 신청사 개소",jbnews.com,http://www.jbnews.com/news/articleView.html?idxno=1437481,제목,규칙기반 자동분류(제목·요약 낱말 대조)
2024-05-23,계룡산,대전·충남,행정,인사·조직,계룡산국립공원사무소 신청사 문 열어,newsis.com,https://www.newsis.com/view/?id=NISX20240523_0002746421&cID=10807&pID=10800,제목,규칙기반 자동분류(제목·요약 낱말 대조)
2024-05-23,가야산,경북·경남,행정,인사·조직,합천 가야산국립공원 '숲 오감(五感)을 그리다' 프로그램 운영,gndomin.com,http://www.gndomin.com/news/articleView.html?idxno=394401,제목,규칙기반 자동분류(제목·요약 낱말 대조)
2024-05-23,월악산,충북·경북,행정,연구·용역,월악산국립공원 충북도교육청 환경교육센터와 '월악산 수풀링',inews365.com,https://www.inews365.com/news/article.html?no=815548,제목,규칙기반 자동분류(제목·요약 낱말 대조)
2024-05-20,(전체·공통),전국·공통,행정,인사·조직,"여수시의회, 해양연구센터 현장 방문",kjdaily.com,http://www.kjdaily.com/article.php?aid=1716198051630531008,해당없음,규칙기반 자동분류(제목·요약 낱말 대조)
2024-05-20,태안해안,충남 태안,행정,법령·제도,태안 방포·밧개 해변서 취사·야영 등 무질서 행위 22건 적발,news1.kr,https://www.news1.kr/articles/5420737,요약,규칙기반 자동분류(제목·요약 낱말 대조)
2024-05-20,태안해안,충남 태안,행정,법령·제도,"태안해안국립공원, 봄철 불법‧무질서 행위 특별단속 실시",chungnamilbo.co.kr,http://www.chungnamilbo.co.kr/news/articleView.html?idxno=771696,제목,규칙기반 자동분류(제목·요약 낱말 대조)
2024-05-20,태안해안,충남 태안,행정,법령·제도,태안해안국립공원서 취사·야영 9건 적발…과태료 부과,yna.co.kr,https://www.yna.co.kr/view/AKR20240520062100063?input=1195m,제목,규칙기반 자동분류(제목·요약 낱말 대조)
2024-05-19,속리산,충북·경북,행정,협약·협력,해외판로 개척·수출 확대 위한 업무협약 체결,jbnews.com,http://www.jbnews.com/news/articleView.html?idxno=1436589,요약,규칙기반 자동분류(제목·요약 낱말 대조)
2024-05-18,한려해상,경남·전남,행정,인사·조직,"여수시의회, 해양연구센터 존치 등 기관 유치 총력..국립공원공단 ""상생...",kpenews.com,http://kpenews.com/View.aspx?No=3234991,요약,규칙기반 자동분류(제목·요약 낱말 대조)
2024-05-16,한려해상,경남·전남,행정,인사·조직,"여수시의회, 국립공원공단 해양연구센터 여수 존치 등 기관 유치 총력",newscj.com,https://www.newscj.com/news/articleView.html?idxno=3140213,요약,규칙기반 자동분류(제목·요약 낱말 대조)
2024-05-16,한려해상,경남·전남,행정,인사·조직,"여수시의회 박람회장 공공활용 특위, 해양연구센터 여수 존치 등 해양관...",betanews.net:8080,http://www.betanews.net:8080/article/1466583.html,요약,규칙기반 자동분류(제목·요약 낱말 대조)
2024-05-16,한려해상,경남·전남,행정,인사·조직,"여수시의회 박람회장 공공활용 특별위원회, 해양연구센터 여수 존치 등...",newsworker.co.kr,http://www.newsworker.co.kr/news/articleView.html?idxno=331658,요약,규칙기반 자동분류(제목·요약 낱말 대조)
2024-05-16,한려해상,경남·전남,행정,인사·조직,"<속보> 여수시의회 ""해양연구센터 여수 존치"" 추진",mdilbo.com,http://www.mdilbo.com/detail/GQFJv6/720316,요약,규칙기반 자동분류(제목·요약 낱말 대조)
2024-05-16,한려해상,경남·전남,행정,인사·조직,"여수시의회 ""해양연구센터 여수 존치"" 구슬땀",newsis.com,https://www.newsis.com/view/?id=NISX20240516_0002737053&cID=10899&pID=10800,요약,규칙기반 자동분류(제목·요약 낱말 대조)
2024-05-16,한려해상,경남·전남,행정,인사·조직,"여수시의회, 해양연구센터 존치 등 해양기관 유치 '총력'",daily.hankooki.com,https://daily.hankooki.com/news/articleView.html?idxno=1084899,요약,규칙기반 자동분류(제목·요약 낱말 대조)
2024-05-16,한려해상,경남·전남,행정,인사·조직,"여수시의회 공공활용특위, 해양관련기관 유치 총력",netongs.com,http://www.netongs.com/news/articleView.html?idxno=319420,요약,규칙기반 자동분류(제목·요약 낱말 대조)
2024-05-16,속리산,충북·경북,행정,인사·조직,와우 수풀링 속리산 인기 짱 !,dynews.co.kr,http://www.dynews.co.kr/news/articleView.html?idxno=752241,제목,규칙기반 자동분류(제목·요약 낱말 대조)
2024-05-16,속리산,충북·경북,행정,기타,충북도교육청 환경교육센터와 함께하는 속리산국립공원 '와우수풀링 속...,ccdailynews.com,https://www.ccdailynews.com/news/articleView.html?idxno=2274130,제목,규칙기반 자동분류(제목·요약 낱말 대조)
2024-05-15,팔공산,대구·경북,행정,지정·구역,"경북도, 2023년 도정성과 우수시군ㆍ부서 시상",ksmnews.co.kr,http://www.ksmnews.co.kr/news/view.php?idx=482266,요약,규칙기반 자동분류(제목·요약 낱말 대조)
2024-05-15,팔공산,대구·경북,행정,지정·구역,"경북도, 2023년 도정성과 우수시군·우수부서 시상식 개최",tk.newdaily.co.kr,https://tk.newdaily.co.kr/site/data/html/2024/05/15/2024051500005.html,요약,규칙기반 자동분류(제목·요약 낱말 대조)
2024-05-14,경주,경북 경주,행정,지정·구역,"경북도, 경주시·의성군·농업정책과 2023년 최우수 시군·부서로 선정",news.heraldcorp.com,http://news.heraldcorp.com/village/view.php?ud=202405141858529735503_10,제목,규칙기반 자동분류(제목·요약 낱말 대조)
2024-05-14,팔공산,대구·경북,행정,지정·구역,경북도 2023년 도정성과 우수시군 및 우수부서 시상,siminilbo.co.kr,https://www.siminilbo.co.kr/news/newsview.php?ncode=1160275072355963,요약,규칙기반 자동분류(제목·요약 낱말 대조)
2024-05-14,경주,경북 경주,행정,지정·구역,경북 경주시의성군농업정책과…최우수 시군부서 선정,cnbnews.com,https://www.cnbnews.com/news/article.html?no=659518,제목,규칙기반 자동분류(제목·요약 낱말 대조)
2024-05-14,경주,경북 경주,행정,지정·구역,"경주시.의성군, 2023년 도정성과 최우수 시군 선정",wikitree.co.kr,https://www.wikitree.co.kr/articles/951297,제목,규칙기반 자동분류(제목·요약 낱말 대조)
2024-05-14,경주,경북 경주,행정,지정·구역,경북서 '지방시대 대전환' 가장 잘한 곳은 경주·의성·농업정책과,newsis.com,https://www.newsis.com/view/?id=NISX20240514_0002733827&cID=10810&pID=10800,제목,규칙기반 자동분류(제목·요약 낱말 대조)
2024-05-14,경주,경북 경주,행정,지정·구역,"경주시·의성군, 도청 농업정책과.. 2023년 최우수 시군‧부서 선정",dkilbo.com,https://www.dkilbo.com/news/articleView.html?idxno=442415,제목,규칙기반 자동분류(제목·요약 낱말 대조)
2024-05-13,무등산,광주·전남,행정,기타,광주 '무등산 평두메습지' 람사르습지 등록,nocutnews.co.kr,https://www.nocutnews.co.kr/news/6144083?utm_source=naver&utm_medium=article&utm_campaign=20240513060709,제목,규칙기반 자동분류(제목·요약 낱말 대조)
2024-05-08,지리산,전남·전북·경남,행정,지정·구역,"지리산국립경남사무소, 특별전시회 마무리",gnmaeil.com,http://www.gnmaeil.com/news/articleView.html?idxno=540594,제목,규칙기반 자동분류(제목·요약 낱말 대조)
2024-05-07,지리산,전남·전북·경남,행정,지정·구역,'지리산 그 아름다운 여정' 특별전시회 성료,gndomin.com,http://www.gndomin.com/news/articleView.html?idxno=392439,제목,규칙기반 자동분류(제목·요약 낱말 대조)
2024-05-03,팔공산,대구·경북,행정,지정·구역,팔공산 내 마을 2곳 '국립공원 명품마을' 신규 지정,imaeil.com,https://www.imaeil.com/page/view/2024050310153230741,제목,규칙기반 자동분류(제목·요약 낱말 대조)
2024-05-03,팔공산,대구·경북,행정,지정·구역,팔공산 '퍽정마을' 등 2곳 국립공원 명품 마을로 지정,dgmbc.com,https://dgmbc.com/article/7lBKZkGVEmVMzFnw7E,제목,규칙기반 자동분류(제목·요약 낱말 대조)
2024-05-01,지리산,전남·전북·경남,행정,의회·국정감사,"남원시의회, 정령치 습지 일원 현지답사 실시..""생태관광지역으로 자리...",kpenews.com,http://kpenews.com/View.aspx?No=3216334,요약,규칙기반 자동분류(제목·요약 낱말 대조)
2024-05-01,지리산,전남·전북·경남,행정,의회·국정감사,"남원시의회, 국립공공보건의료대학 설립 법률안 통과 호소",ajunews.com,https://www.ajunews.com/view/20240501154457380,요약,규칙기반 자동분류(제목·요약 낱말 대조)
2024-04-30,가야산,경북·경남,행정,인사·조직,"가야산국립공원, 팔만대장경의 발자취 프로그램 운영",newsis.com,https://www.newsis.com/view/?id=NISX20240430_0002719395&cID=10812&pID=10800,제목,규칙기반 자동분류(제목·요약 낱말 대조)
2024-04-30,가야산,경북·경남,행정,인사·조직,"합천가야산국립공원, 팔만대장경의 발자취를 따라서 프로그램 운영",gndomin.com,http://www.gndomin.com/news/articleView.html?idxno=391709,제목,규칙기반 자동분류(제목·요약 낱말 대조)
2024-04-30,치악산,강원 원주,행정,협약·협력,횡성군자원봉사센터-치악산국립공원사무소 협약,kwnews.co.kr,https://www.kwnews.co.kr/page/view/2024043009361099941,제목,규칙기반 자동분류(제목·요약 낱말 대조)
2024-04-29,팔공산,대구·경북,행정,협약·협력,"DGB금융그룹, 팔공산국립공원 지속가능 발전 업무협약",seoulwire.com,http://www.seoulwire.com/news/articleView.html?idxno=607679,제목,규칙기반 자동분류(제목·요약 낱말 대조)
2024-04-29,팔공산,대구·경북,행정,인사·조직,"대구시 동구, 조직진단 연구 용역 착수",metroseoul.co.kr,http://www.metroseoul.co.kr/article/20240428500267,요약,규칙기반 자동분류(제목·요약 낱말 대조)
2024-04-28,팔공산,대구·경북,행정,협약·협력,국립공원 '팔공산' 생태계 보전 위해 민관 협력,newsis.com,https://www.newsis.com/view/?id=NISX20240427_0002715542&cID=10206&pID=10200,제목,규칙기반 자동분류(제목·요약 낱말 대조)
2024-04-28,팔공산,대구·경북,행정,인사·조직,"대구 동구, '조직진단 연구 용역 착수'",getnews.co.kr,https://www.getnews.co.kr/news/articleView.html?idxno=671913,요약,규칙기반 자동분류(제목·요약 낱말 대조)
2024-04-28,팔공산,대구·경북,행정,인사·조직,대구 동구 조직진단 연구 용역 착수보고회,ksmnews.co.kr,http://www.ksmnews.co.kr/news/view.php?idx=479782,요약,규칙기반 자동분류(제목·요약 낱말 대조)
2024-04-28,팔공산,대구·경북,행정,인사·조직,수성구청·동구청·북구청·중구청 [대구소식],kukinews.com,http://www.kukinews.com/newsView/kuk202404280005,요약,규칙기반 자동분류(제목·요약 낱말 대조)
2024-04-27,팔공산,대구·경북,행정,지정·구역,"군위군 효령면 주민 ""채석단지 변경 지정 결사반대""",news.tf.co.kr,http://news.tf.co.kr/read/national/2094319.htm,요약,규칙기반 자동분류(제목·요약 낱말 대조)
2024-04-26,태안해안,충남 태안,행정,인사·조직,태안해안국립공원 봄철 불법·무질서 행위 집중단속 실시,daily.hankooki.com,https://daily.hankooki.com/news/articleView.html?idxno=1078331,제목,규칙기반 자동분류(제목·요약 낱말 대조)
2024-04-26,변산반도,전북 부안,행정,법령·제도,"부안해경, 방제역량 강화를 위한 민-관 워크숍 열어",ibuan.com,https://www.ibuan.com/news/articleView.html?idxno=51499,요약,규칙기반 자동분류(제목·요약 낱말 대조)
2024-04-26,팔공산,대구·경북,행정,지정·구역,"군위군 효령면 주민들, '채석단지 변경지정' 신청에 ""강력 반발""",sisafocus.co.kr,http://www.sisafocus.co.kr/news/articleView.html?idxno=316814,요약,규칙기반 자동분류(제목·요약 낱말 대조)
2024-04-25,계룡산,대전·충남,행정,인사·조직,"국립공원공단, 계룡산 등 국립공원 5곳 불법행위 단속",enewstoday.co.kr,http://www.enewstoday.co.kr/news/articleView.html?idxno=2120020,제목,규칙기반 자동분류(제목·요약 낱말 대조)
2024-04-25,계룡산,대전·충남,행정,인사·조직,"㈔숙모회, 계룡산 동학사서 '춘향대제' 봉행",ggilbo.com,https://www.ggilbo.com/news/articleView.html?idxno=1026503,제목,규칙기반 자동분류(제목·요약 낱말 대조)
2024-04-25,가야산,경북·경남,행정,인사·조직,해인사서 국립공원 산사문화 사진 전시회,ksmnews.co.kr,http://www.ksmnews.co.kr/news/view.php?idx=478984,요약,규칙기반 자동분류(제목·요약 낱말 대조)
2024-04-25,오대산,강원,행정,협약·협력,오대산 권역 상생 발전위해 힘 모은다,kwnews.co.kr,https://www.kwnews.co.kr/page/view/2024042515054083564,제목,규칙기반 자동분류(제목·요약 낱말 대조)
2024-04-25,계룡산,대전·충남,행정,법령·제도,국립공원 '중부지역본부 특별단속팀' 불법무질서행위 집중 단속 실시,ilyo.co.kr,https://ilyo.co.kr/?ac=article_view&entry_id=471215,요약,규칙기반 자동분류(제목·요약 낱말 대조)
2024-04-25,속리산,충북·경북,행정,법령·제도,"국립공원공단 중부지역본부, 불법·무질서 행위 특별단속",news.mtn.co.kr,https://news.mtn.co.kr/news-detail/2024042514481417896,요약,규칙기반 자동분류(제목·요약 낱말 대조)
2024-04-25,계룡산,대전·충남,행정,인사·조직,국립공원공단 ‘중부지역본부 특별단속팀’ 불법무질서행위 집중 단속...,zdnet.co.kr,https://zdnet.co.kr/view/?no=20240425141050,요약,규칙기반 자동분류(제목·요약 낱말 대조)
2024-04-25,변산반도,전북 부안,행정,법령·제도,"부안해경, 방제역량 강화 민·관 워크숍 개최",sjbnews.com,http://sjbnews.com/news/news.php?number=813918,요약,규칙기반 자동분류(제목·요약 낱말 대조)
2024-04-25,변산반도,전북 부안,행정,법령·제도,"부안해경, 방제역량 강화를 위한 민-관 워크숍 개최",jeollailbo.com,http://www.jeollailbo.com/news/articleView.html?idxno=729086,요약,규칙기반 자동분류(제목·요약 낱말 대조)
2024-04-24,계룡산,대전·충남,행정,인사·조직,숙모회. '계룡산동학사 춘향대제' 봉행,jbnews.com,http://www.jbnews.com/news/articleView.html?idxno=1433824,제목,규칙기반 자동분류(제목·요약 낱말 대조)
2024-04-24,가야산,경북·경남,행정,인사·조직,"합천 가야산국립공원사무소,산사문화 사진 전시회 개최",gndomin.com,http://www.gndomin.com/news/articleView.html?idxno=390975,제목,규칙기반 자동분류(제목·요약 낱말 대조)
2024-04-24,가야산,경북·경남,행정,인사·조직,해인사서 국립공원 산사문화 사진 전시회 개최,eroun.net,https://www.eroun.net/news/articleView.html?idxno=42619,요약,규칙기반 자동분류(제목·요약 낱말 대조)
2024-04-23,지리산,전남·전북·경남,행정,협약·협력,[정책브리핑] 2024년 04월 23일 화요일 주요 정책,sisunnews.co.kr,http://www.sisunnews.co.kr/news/articleView.html?idxno=209592,요약,규칙기반 자동분류(제목·요약 낱말 대조)
2024-04-23,계룡산,대전·충남,행정,인사·조직,(사) 숙모회. 계룡산동학사 숙모전에서 춘향대제 봉행,daily.hankooki.com,https://daily.hankooki.com/news/articleView.html?idxno=1076851,제목,규칙기반 자동분류(제목·요약 낱말 대조)
2024-04-23,가야산,경북·경남,행정,인사·조직,가야산 해인사에서 한 걸음에 만나는 국립공원 절경,idaegu.com,https://www.idaegu.com/news/articleView.html?idxno=601606,제목,규칙기반 자동분류(제목·요약 낱말 대조)
2024-04-23,가야산,경북·경남,행정,인사·조직,해인사에서 전국 국립공원 절경 만나다,tk.newdaily.co.kr,https://tk.newdaily.co.kr/site/data/html/2024/04/23/2024042300063.html,요약,규칙기반 자동분류(제목·요약 낱말 대조)
2024-04-22,지리산,전남·전북·경남,행정,협약·협력,"SKT, 국립공원공단과 '국립공원 친환경 프로젝트' 추진",weekly.hankooki.com,https://weekly.hankooki.com/news/articleView.html?idxno=7087813,요약,규칙기반 자동분류(제목·요약 낱말 대조)
2024-04-22,지리산,전남·전북·경남,행정,협약·협력,"SKT-국립공원공단, 야영장 다회용기 대여 서비스 늘린다",mydaily.co.kr,https://mydaily.co.kr/page/view/2024042216025224935,요약,규칙기반 자동분류(제목·요약 낱말 대조)
2024-04-22,지리산,전남·전북·경남,행정,협약·협력,"SKT·국립공원공단, 국립공원 친환경 프로젝트 공동 추진",it.chosun.com,https://it.chosun.com/news/articleView.html?idxno=2023092114086,요약,규칙기반 자동분류(제목·요약 낱말 대조)
2024-04-22,가야산,경북·경남,행정,인사·조직,해인사서 국립공원 산사문화 사진전…공모전 수상작 전시,newsis.com,https://www.newsis.com/view/?id=NISX20240422_0002708748&cID=10812&pID=10800,요약,규칙기반 자동분류(제목·요약 낱말 대조)
2024-04-21,태안해안,충남 태안,행정,협약·협력,"태안해안국립공원-태안군 자원봉사센터, 자원봉사 활성화 협약 체결",chungnamilbo.co.kr,http://www.chungnamilbo.co.kr/news/articleView.html?idxno=767277,제목,규칙기반 자동분류(제목·요약 낱말 대조)
2024-04-20,태안해안,충남 태안,행정,협약·협력,"태안해안국립공원사무소·태안군 자원봉사센터, 업무협약 체결",joongdo.co.kr,https://www.joongdo.co.kr/web/view.php?key=20240420010006080,제목,규칙기반 자동분류(제목·요약 낱말 대조)
2024-04-19,월악산,충북·경북,행정,지정·구역,"오늘 일출·일몰시간, ""20일(토) 전국 해돋이 명소, 해 뜨는 시간과 해 ...",lecturernews.com,https://www.lecturernews.com/news/articleView.html?idxno=150621,요약,규칙기반 자동분류(제목·요약 낱말 대조)
2024-04-18,가야산,경북·경남,행정,연구·용역,"합천군, 장기 발전 종합계획 수립 연구용역 최종 보고회 개최",inews24.com,http://www.inews24.com/view/1709808,요약,규칙기반 자동분류(제목·요약 낱말 대조)
2024-04-17,월악산,충북·경북,행정,협약·협력,"문경시종합자원봉사센터, 월악산국립공원사무소와 업무협약 체결",dkilbo.com,https://www.dkilbo.com/news/articleView.html?idxno=438809,제목,규칙기반 자동분류(제목·요약 낱말 대조)
2024-04-16,가야산,경북·경남,행정,연구·용역,"합천군, 비전 2040 합천군 장기발전종합계획 수립 연구용역 최종보고회...",siminilbo.co.kr,https://www.siminilbo.co.kr/news/newsview.php?ncode=1160295015621742,요약,규칙기반 자동분류(제목·요약 낱말 대조)
2024-04-16,가야산,경북·경남,행정,연구·용역,"합천군, 비전 2040 장기발전종합계획 연구용역 최종보고회 개최",gukjenews.com,https://www.gukjenews.com/news/articleView.html?idxno=2969981,요약,규칙기반 자동분류(제목·요약 낱말 대조)
2024-04-15,가야산,경북·경남,행정,연구·용역,비전 2040 합천 장기발전종합계획 연구용역 최종보고회,gnnews.co.kr,http://www.gnnews.co.kr/news/articleView.html?idxno=550655,요약,규칙기반 자동분류(제목·요약 낱말 대조)
2024-04-15,가야산,경북·경남,행정,연구·용역,"합천군, 비전 2040 장기발전종합계획 수립 연구용역 최종보고회",cnbnews.com,https://www.cnbnews.com/news/article.html?no=654235,요약,규칙기반 자동분류(제목·요약 낱말 대조)
2024-04-15,가야산,경북·경남,행정,연구·용역,"합천군, '비전 2040 합천군 장기발전종합계획' 수립 연구용역 최종보고...",newsfreezone.co.kr,https://www.newsfreezone.co.kr/news/articleView.html?idxno=561945,요약,규칙기반 자동분류(제목·요약 낱말 대조)
2024-04-15,가야산,경북·경남,행정,인사·조직,"경남 합천군, 2040 장기발전종합계획 수립 최종보고회",news1.kr,https://www.news1.kr/articles/5385286,요약,규칙기반 자동분류(제목·요약 낱말 대조)
2024-04-15,계룡산,대전·충남,행정,인사·조직,[정책브리핑] 2024년 04월 15일 월요일 주요 정책,sisunnews.co.kr,http://www.sisunnews.co.kr/news/articleView.html?idxno=209252,요약,규칙기반 자동분류(제목·요약 낱말 대조)
2024-04-13,계룡산,대전·충남,행정,인사·조직,"국립공원공단, 암벽장 55곳 합동 안전점검",newscammp.co.kr,http://www.newscammp.co.kr/article/view/ncp202404130003,요약,규칙기반 자동분류(제목·요약 낱말 대조)
2024-04-13,북한산,서울·경기,행정,인사·조직,북한산 등 6개 국립공원 암벽장 55곳 안전점검,gukjenews.com,https://www.gukjenews.com/news/articleView.html?idxno=2967945,제목,규칙기반 자동분류(제목·요약 낱말 대조)
2024-04-12,한려해상,경남·전남,행정,지정·구역,‘한폭의 그림 같은 섬’ 욕지도를 걷다[두시기행문],nownews.seoul.co.kr,https://nownews.seoul.co.kr/news/newsView.php?id=20240410601007&wlog_tag3=naver,요약,규칙기반 자동분류(제목·요약 낱말 대조)
2024-04-12,북한산,서울·경기,행정,인사·조직,국립공원 암벽장 합동 안전점검...북한산 24곳 등 55곳 대상,news.bbsi.co.kr,https://news.bbsi.co.kr/news/articleView.html?idxno=3152316,제목,규칙기반 자동분류(제목·요약 낱말 대조)
2024-04-12,계룡산,대전·충남,행정,인사·조직,"국립공원공단, 국립공원 암벽장 55곳 안전 점검",bizwork.co.kr,https://www.bizwork.co.kr/news/articleView.html?idxno=246567,요약,규칙기반 자동분류(제목·요약 낱말 대조)
2024-04-12,계룡산,대전·충남,행정,인사·조직,"국립공원공단, 국립공원 암벽장 55곳 안전점검 나선다",fnnews.com,http://www.fnnews.com/news/202404120852439826,요약,규칙기반 자동분류(제목·요약 낱말 대조)
2024-04-12,계룡산,대전·충남,행정,인사·조직,국립공원 암벽장 55곳 합동 안전점검,naeil.com,https://www.naeil.com/news/read/507305?ref=naver,요약,규칙기반 자동분류(제목·요약 낱말 대조)
2024-04-12,계룡산,대전·충남,행정,인사·조직,"국립공원공단, 국립공원 암벽장 55곳 합동 안전점검 실시",idsn.co.kr,https://idsn.co.kr/news/view/1065577757366252,요약,규칙기반 자동분류(제목·요약 낱말 대조)
2024-04-12,계룡산,대전·충남,행정,인사·조직,"환경부, '국립공원 암벽장 55곳' 합동 안전점검",gukjenews.com,https://www.gukjenews.com/news/articleView.html?idxno=2967216,요약,규칙기반 자동분류(제목·요약 낱말 대조)
2024-04-12,계룡산,대전·충남,행정,인사·조직,"국립공원공단, 암벽장 55곳 안전 점검…암벽장 균열 여부 등",dailian.co.kr,https://www.dailian.co.kr/news/view/1350208/?sc=Naver,요약,규칙기반 자동분류(제목·요약 낱말 대조)
2024-04-12,설악산,강원,행정,인사·조직,설악산 등 국립공원 암벽장 안전하게 즐기세요,kado.net,http://www.kado.net/news/articleView.html?idxno=1238527,제목,규칙기반 자동분류(제목·요약 낱말 대조)
2024-04-12,설악산,강원,행정,인사·조직,"북한산, 설악산 등 국립공원 암벽장 55곳 합동 안전점검",eroun.net,https://www.eroun.net/news/articleView.html?idxno=42216,제목,규칙기반 자동분류(제목·요약 낱말 대조)
2024-04-12,계룡산,대전·충남,행정,인사·조직,국립공원 암벽장 안전점검 실시,bosa.co.kr,http://www.bosa.co.kr/news/articleView.html?idxno=2220462,요약,규칙기반 자동분류(제목·요약 낱말 대조)
2024-04-12,계룡산,대전·충남,행정,인사·조직,국립공원 55곳 암벽장 안전점검…“안전장비 필수”,joongang.co.kr,https://www.joongang.co.kr/article/25242135,요약,규칙기반 자동분류(제목·요약 낱말 대조)
2024-04-12,계룡산,대전·충남,행정,인사·조직,"국립공원공단, 국립공원 암벽장 55곳 합동 안전점검",newsis.com,https://www.newsis.com/view/?id=NISX20240411_0002696501&cID=10206&pID=10200,요약,규칙기반 자동분류(제목·요약 낱말 대조)
2024-04-12,계룡산,대전·충남,행정,인사·조직,"국립공원공단, 전국 암벽장 55곳 합동 안전점검",newspim.com,https://www.newspim.com/news/view/20240411001044,요약,규칙기반 자동분류(제목·요약 낱말 대조)
2024-04-09,다도해해상,전남,행정,인사·조직,"삼천섬정책연구소, 거문도 해양정화 나서",netongs.com,http://www.netongs.com/news/articleView.html?idxno=318876,요약,규칙기반 자동분류(제목·요약 낱말 대조)
2024-04-09,북한산,서울·경기,행정,협약·협력,"한국감사협회, 한국꿀벌생태환경보호협회와 업무협약 체결",kmib.co.kr,https://www.kmib.co.kr/article/view.asp?arcid=0019979756&code=61121711&cp=nv,요약,규칙기반 자동분류(제목·요약 낱말 대조)
2024-04-09,북한산,서울·경기,행정,협약·협력,"한국감사협회,꿀벌생태환경보호협회와 ESG경영 업무협약 체결",yakup.com,http://www.yakup.com/news/index.html?mode=view&cat=12&nid=292838,요약,규칙기반 자동분류(제목·요약 낱말 대조)
2024-04-08,북한산,서울·경기,행정,협약·협력,"""꿀벌 생태계 보호해야""…한국감사협회와 한국꿀벌생태환경보호협회 손...",dt.co.kr,https://www.dt.co.kr/contents.html?article_no=2024040802109958044005&ref=naver,요약,규칙기반 자동분류(제목·요약 낱말 대조)
2024-04-08,월악산,충북·경북,행정,법령·제도,유네스코 세계지질공원 지정 준비를 하면서,inews365.com,https://www.inews365.com/news/article.html?no=807678,요약,규칙기반 자동분류(제목·요약 낱말 대조)
2024-04-05,가야산,경북·경남,행정,인사·조직,[주말ON 이달균의 경남 영화 촬영지 돋보기] (4) ‘올드보이’ 합천댐,knnews.co.kr,http://www.knnews.co.kr/news/articleView.php?idxno=1429470,요약,규칙기반 자동분류(제목·요약 낱말 대조)
2024-04-05,북한산,서울·경기,행정,기타,"“북한산에서 별 보세요”…서울 강북구, 시민 천문대 건립 추진",biz.chosun.com,https://biz.chosun.com/topics/topics_social/2024/04/05/GFRATDPEL5HBPFCKYP6MLH5GKM/?utm_source=naver&utm_medium=original&utm_campaign=biz,제목,규칙기반 자동분류(제목·요약 낱말 대조)
2024-04-04,계룡산,대전·충남,행정,협약·협력,"계룡산국립공원-공주시자원봉사센터, 자원봉사 활성화 '맞손'",ggilbo.com,https://www.ggilbo.com/news/articleView.html?idxno=1023192,제목,규칙기반 자동분류(제목·요약 낱말 대조)
2024-04-04,계룡산,대전·충남,행정,협약·협력,"계룡산국립공원-공주시자원봉사센터, 자원봉사 활성화업무협약 체결",joongdo.co.kr,https://www.joongdo.co.kr/web/view.php?key=20240404010001487,제목,규칙기반 자동분류(제목·요약 낱말 대조)
2024-04-04,계룡산,대전·충남,행정,협약·협력,"계룡산국립공원사무소, 공주시자원봉사센터와 자원봉사 활성화 업무협...",chungnamilbo.co.kr,http://www.chungnamilbo.co.kr/news/articleView.html?idxno=764834,제목,규칙기반 자동분류(제목·요약 낱말 대조)
2024-04-03,태안해안,충남 태안,행정,협약·협력,"태안해안국립공원-백화노인복지관, 어르신 생태복지 제공 '업무협약'",chungnamilbo.co.kr,http://www.chungnamilbo.co.kr/news/articleView.html?idxno=764757,제목,규칙기반 자동분류(제목·요약 낱말 대조)
2024-04-03,태안해안,충남 태안,행정,협약·협력,"태안해안국립공원, '어르신 여가 복지' 기회 확대에 팔 걷어",daily.hankooki.com,https://daily.hankooki.com/news/articleView.html?idxno=1069766,제목,규칙기반 자동분류(제목·요약 낱말 대조)
2024-04-03,태안해안,충남 태안,행정,협약·협력,"태안해안국립공원, 백화노인복지관 업무협약 체결",joongdo.co.kr,https://www.joongdo.co.kr/web/view.php?key=20240403010001044,제목,규칙기반 자동분류(제목·요약 낱말 대조)
2024-04-02,한려해상,경남·전남,행정,기타,봄맞이 등산에 ‘국립공원 산행정보’ 앱 이용해봤어요!,korea.kr,https://www.korea.kr/news/reporterView.do?newsId=148927408&call_from=naver_news,요약,규칙기반 자동분류(제목·요약 낱말 대조)
2024-04-02,변산반도,전북 부안,행정,인사·조직,"변산반도국립공원사무소-부안군정신건강복지센터, 『마음안심』 업무협...",ibuan.com,https://www.ibuan.com/news/articleView.html?idxno=51217,제목,규칙기반 자동분류(제목·요약 낱말 대조)
2024-04-01,월출산,전남,행정,협약·협력,"부여군, 전남 영암군과 상호 협력체계 구축을 위한 우호도시 협약 체결",bzeronews.com,http://www.bzeronews.com/news/articleView.html?idxno=653539,요약,규칙기반 자동분류(제목·요약 낱말 대조)
2024-04-01,월출산,전남,행정,협약·협력,"부여군, 전남 영암군과 우호도시 협약 체결",ggilbo.com,https://www.ggilbo.com/news/articleView.html?idxno=1022522,요약,규칙기반 자동분류(제목·요약 낱말 대조)
2024-04-01,월출산,전남,행정,협약·협력,"부여군-영암군, 우호도시 협약 체결",newstnt.com,http://www.newstnt.com/news/articleView.html?idxno=358636,요약,규칙기반 자동분류(제목·요약 낱말 대조)
2024-03-29,월악산,충북·경북,행정,인사·조직,단양 '들꽃정원펜션' 4월 15일까지 특별할인 이벤트,e2news.com,http://www.e2news.com/news/articleView.html?idxno=307224,요약,규칙기반 자동분류(제목·요약 낱말 대조)
2024-03-29,변산반도,전북 부안,행정,협약·협력,국립공원 변산반도-정신건강복지센터 '마음안심' 업무협약,news1.kr,https://www.news1.kr/articles/5367785,제목,규칙기반 자동분류(제목·요약 낱말 대조)
2024-03-25,지리산,전남·전북·경남,행정,지정·구역,"[원주 혁신도시는 처음이Z➁]자연! 우리의 미래, 국립공원공단",news.mtn.co.kr,https://news.mtn.co.kr/news-detail/2024032508131277513,요약,규칙기반 자동분류(제목·요약 낱말 대조)
2024-03-24,계룡산,대전·충남,행정,지정·구역,[진경수 山 이야기] 하늘 가까이서 영험한 기운 받는 ‘연천봉’,cc.newdaily.co.kr,https://cc.newdaily.co.kr/site/data/html/2024/03/24/2024032400067.html,요약,규칙기반 자동분류(제목·요약 낱말 대조)
2024-03-22,변산반도,전북 부안,행정,지정·구역,"오늘 일출·일몰시간, ""23일(토) 전국 해돋이 명소, 해 뜨는 시간과 해 ...",lecturernews.com,https://www.lecturernews.com/news/articleView.html?idxno=149012,요약,규칙기반 자동분류(제목·요약 낱말 대조)
2024-03-21,가야산,경북·경남,행정,인사·조직,가야산국립공원 봄이 찾아 왔어요,gndomin.com,http://www.gndomin.com/news/articleView.html?idxno=386968,제목,규칙기반 자동분류(제목·요약 낱말 대조)
2024-03-20,가야산,경북·경남,행정,인사·조직,"가야산국립공원, 청소년과 함께하는 환경교육 프로그램 운영",gndomin.com,http://www.gndomin.com/news/articleView.html?idxno=386775,제목,규칙기반 자동분류(제목·요약 낱말 대조)
2024-03-20,가야산,경북·경남,행정,인사·조직,"""가야산에 봄이 찾아 왔어요""",idomin.com,https://www.idomin.com/news/articleView.html?idxno=906762,제목,규칙기반 자동분류(제목·요약 낱말 대조)
2024-03-20,가야산,경북·경남,행정,인사·조직,가야산에 다양한 야생화 개화,tk.newdaily.co.kr,https://tk.newdaily.co.kr/site/data/html/2024/03/20/2024032000207.html,제목,규칙기반 자동분류(제목·요약 낱말 대조)
2024-03-20,가야산,경북·경남,행정,인사·조직,"가야산에 괴불나무, 너도바람꽃 등 봄 야생화 개화",newsis.com,https://www.newsis.com/view/?id=NISX20240320_0002668062&cID=10812&pID=10800,제목,규칙기반 자동분류(제목·요약 낱말 대조)
2024-03-20,태안해안,충남 태안,행정,지정·구역,"[느린 풍경] 파도가 속삭이는 모래... 백리·천리·만리, 마침내 구름포",hankookilbo.com,https://www.hankookilbo.com/News/Read/A2024031910490005913?did=NA,요약,규칙기반 자동분류(제목·요약 낱말 대조)
2024-03-20,팔공산,대구·경북,행정,지정·구역,"대구 시티투어 개편…도심 순환, 테마 코스 확대",nocutnews.co.kr,https://www.nocutnews.co.kr/news/6114404?utm_source=naver&utm_medium=article&utm_campaign=20240320101411,요약,규칙기반 자동분류(제목·요약 낱말 대조)
2024-03-18,내장산,전북·전남,행정,협약·협력,"전북자치도자봉센터, 국립공원공단 서부본부 등 9곳 자원봉사 협약",jjan.kr,https://www.jjan.kr/article/20240318580185,요약,규칙기반 자동분류(제목·요약 낱말 대조)
2024-03-18,내장산,전북·전남,행정,협약·협력,"전북자치도자원봉사센터-국립공원공단 서부지역본부, 자원봉사 활성화...",domin.co.kr,http://www.domin.co.kr/news/articleView.html?idxno=1462150,요약,규칙기반 자동분류(제목·요약 낱말 대조)
2024-03-14,지리산,전남·전북·경남,행정,협약·협력,"위로보틱스, 지리산국립공원과 산악활동에 적합한 웨어러블 로봇 실증",etnews.com,https://www.etnews.com/20240314000184,제목,규칙기반 자동분류(제목·요약 낱말 대조)
2024-03-14,지리산,전남·전북·경남,행정,협약·협력,"위로보틱스, 지리산국립공원과 산악 활동 적합한 ‘웨어러블 로봇’ 지...",wowtv.co.kr,http://www.wowtv.co.kr/NewsCenter/News/Read?articleId=A202403140078&t=NN,제목,규칙기반 자동분류(제목·요약 낱말 대조)
2024-03-14,지리산,전남·전북·경남,행정,협약·협력,"위로보틱스, 지리산국립공원과 웨어러블 로봇 지원 업무 협약 체결",donga.com,https://www.donga.com/news/It/article/all/20240314/123964627/1,제목,규칙기반 자동분류(제목·요약 낱말 대조)
2024-03-14,지리산,전남·전북·경남,행정,협약·협력,"위로보틱스, 지리산국립공원과 산악활동 적합 웨어러블 로봇 지원 업무...",ikld.kr,http://www.ikld.kr/news/articleView.html?idxno=290812,제목,규칙기반 자동분류(제목·요약 낱말 대조)
2024-03-14,팔공산,대구·경북,행정,지정·구역,"경북도, 봄꽃 식재·가꾸기로 봄 향기 선물",nocutnews.co.kr,https://www.nocutnews.co.kr/news/6111518?utm_source=naver&utm_medium=article&utm_campaign=20240314034734,요약,규칙기반 자동분류(제목·요약 낱말 대조)
2024-03-12,태백산,강원·경북,행정,지정·구역,"[기고] 국립공원의 날, 국민에게 드리는 봄날의 약속",dailian.co.kr,https://www.dailian.co.kr/news/view/1337819/?sc=Naver,요약,규칙기반 자동분류(제목·요약 낱말 대조)
2024-03-10,팔공산,대구·경북,행정,예산·재정,"바이오·원자력·수소…경북 국가산단, 대한민국의 미래",sisajournal.com,http://www.sisajournal.com/news/articleView.html?idxno=284478,요약,규칙기반 자동분류(제목·요약 낱말 대조)
2024-03-09,계룡산,대전·충남,행정,기타,"""키 40㎝ 넘는 반려견은 국립공원 못 가""... 시범사업 실효성 논란",hankookilbo.com,https://www.hankookilbo.com/News/Read/A2024030816390003425?did=NA,요약,규칙기반 자동분류(제목·요약 낱말 대조)
2024-03-07,지리산,전남·전북·경남,행정,지정·구역,지리산 과거·현재 아름다움 살펴보다,gnmaeil.com,http://www.gnmaeil.com/news/articleView.html?idxno=536703,제목,규칙기반 자동분류(제목·요약 낱말 대조)
2024-03-06,지리산,전남·전북·경남,행정,인사·조직,"지리산국립공원경남사무소, 대국민 SNS 공모전",knnews.co.kr,http://www.knnews.co.kr/news/articleView.php?idxno=1427144,제목,규칙기반 자동분류(제목·요약 낱말 대조)
2024-03-05,지리산,전남·전북·경남,행정,지정·구역,"""지리산 그 아름다운 여정"" 특별전시회 개최",gukjenews.com,https://www.gukjenews.com/news/articleView.html?idxno=2936109,제목,규칙기반 자동분류(제목·요약 낱말 대조)
2024-03-05,지리산,전남·전북·경남,행정,지정·구역,"경남산림박물관, 대한민국 1호 국립공원 ‘지리산 그 아름다운 여정 전...",khan.co.kr,https://www.khan.co.kr/article/202403051016001,제목,규칙기반 자동분류(제목·요약 낱말 대조)
2024-03-05,지리산,전남·전북·경남,행정,지정·구역,"지리산 그 아름다운 여정, 특별 전시회",newsis.com,http://www.newsis.com/view/?id=NISX20240305_0002648411&cID=10812&pID=10800,제목,규칙기반 자동분류(제목·요약 낱말 대조)
2024-03-05,북한산,서울·경기,행정,의회·국정감사,[단독] 북한산 '라돈' 기준치 544배 검출 후 5년째 '나 몰라라',bizhankook.com,https://www.bizhankook.com/article/27165,제목,규칙기반 자동분류(제목·요약 낱말 대조)
2024-03-05,팔공산,대구·경북,행정,지정·구역,팔공산 국립공원 승격과 함께하는 제4회 국립공원의 날 기념식,eroun.net,https://www.eroun.net/news/articleView.html?idxno=40988,제목,규칙기반 자동분류(제목·요약 낱말 대조)
2024-03-05,팔공산,대구·경북,행정,인사·조직,“신공항 2030년 개항… 연계 고속교통망 확충”,segye.com,http://www.segye.com/newsView/20240304515160?OutUrl=naver,요약,규칙기반 자동분류(제목·요약 낱말 대조)
2024-03-04,지리산,전남·전북·경남,행정,지정·구역,'지리산 그 아름다운 여정' 사진 전시회,gnnews.co.kr,http://www.gnnews.co.kr/news/articleView.html?idxno=547255,제목,규칙기반 자동분류(제목·요약 낱말 대조)
2024-03-04,지리산,전남·전북·경남,행정,지정·구역,경남산림환경연구원 '지리산 그 아름다운 여정' 개최,gndomin.com,http://www.gndomin.com/news/articleView.html?idxno=384754,제목,규칙기반 자동분류(제목·요약 낱말 대조)
2024-03-04,지리산,전남·전북·경남,행정,지정·구역,"지리산국립공원경남사무소-경남도산림환경연구원, ‘지리산 그 아름다...",viva100.com,https://www.viva100.com/main/view.php?key=20240304010000668,제목,규칙기반 자동분류(제목·요약 낱말 대조)
2024-03-04,지리산,전남·전북·경남,행정,지정·구역,"경남산림박물관, '지리산 그 아름다운 여정 전시회' 개최",yna.co.kr,https://www.yna.co.kr/view/AKR20240304043400052?input=1195m,제목,규칙기반 자동분류(제목·요약 낱말 대조)
2024-03-04,팔공산,대구·경북,행정,지정·구역,"尹, 팔공산 국립공원 승격에 ""멋진 성과로 기록될 것""",nocutnews.co.kr,https://www.nocutnews.co.kr/news/6105422,제목,규칙기반 자동분류(제목·요약 낱말 대조)
2024-03-04,팔공산,대구·경북,행정,지정·구역,"尹대통령, 대구 찾아 ""혁명적 변화 일어나도록 과감한 지원""",nocutnews.co.kr,https://www.nocutnews.co.kr/news/6105194,요약,규칙기반 자동분류(제목·요약 낱말 대조)
2024-03-04,팔공산,대구·경북,행정,예산·재정,"윤 대통령 ""대구를 K로봇 메카로…TK신공항은 2030년 개항""",hankyung.com,https://www.hankyung.com/article/2024030460871,요약,규칙기반 자동분류(제목·요약 낱말 대조)
2024-03-04,팔공산,대구·경북,행정,지정·구역,"尹 ""대구, 혁명적 변화 위한 과감한 지원…2030 신공항 개항""",youthdaily.co.kr,https://www.youthdaily.co.kr/news/article.html?no=146810,요약,규칙기반 자동분류(제목·요약 낱말 대조)
2024-03-04,팔공산,대구·경북,행정,지정·구역,"윤 대통령 ""의대 정원 충분히 늘릴 것…지역인재 TO확대""",kyeonggi.com,https://www.kyeonggi.com/article/20240304580098,요약,규칙기반 자동분류(제목·요약 낱말 대조)
2024-03-03,월악산,충북·경북,행정,기타,[아하!] 경칩에는 왜 하필 '개구리'가 깨어날까? (영상),news.tf.co.kr,http://news.tf.co.kr/read/livingculture/2079084.htm,요약,규칙기반 자동분류(제목·요약 낱말 대조)
2024-03-02,한려해상,경남·전남,행정,법령·제도,"경남도의회, '섬 발전 촉진법' 개정 촉구 대정부 건의안 발의",nocutnews.co.kr,https://www.nocutnews.co.kr/news/6104602,요약,규칙기반 자동분류(제목·요약 낱말 대조)
2024-02-28,지리산,전남·전북·경남,행정,협약·협력,국립공원공단·전북특별자치도도로관리사업소 업무협약 체결,domin.co.kr,http://www.domin.co.kr/news/articleView.html?idxno=1459905,요약,규칙기반 자동분류(제목·요약 낱말 대조)
2024-02-28,팔공산,대구·경북,행정,지정·구역,"김진열 군위군수 ""대한민국 제2 공항도시 군위…대구 미래산업 담는 거...",hankyung.com,https://www.hankyung.com/article/2024022852641,요약,규칙기반 자동분류(제목·요약 낱말 대조)
2024-02-21,한라산,제주,행정,예산·재정,"[친절한K] 반복되는 1100도로 마비사태, 대책 없나?",news.kbs.co.kr,https://news.kbs.co.kr/news/pc/view/view.do?ncd=7895805&ref=A,요약,규칙기반 자동분류(제목·요약 낱말 대조)
2024-02-20,한라산,제주,행정,의회·국정감사,눈만 오면 '설경' 인파로 마비되는 한라산 1100도로 해결 방안은?,jejusori.net,http://www.jejusori.net/news/articleView.html?idxno=424134,제목,규칙기반 자동분류(제목·요약 낱말 대조)
2024-02-20,태안해안,충남 태안,행정,인사·조직,태안해안국립공원에 핀 복수초와 노루귀,dtnews24.com,http://www.dtnews24.com/news/articleView.html?idxno=765981,제목,규칙기반 자동분류(제목·요약 낱말 대조)
2024-02-19,소백산,충북·경북,행정,지정·구역,「심재연 영주시의회 의장」 선비의 고장에서 힙(hip)한 청년 도시로!,m-economynews.com,http://www.m-economynews.com/news/article.html?no=41875,요약,규칙기반 자동분류(제목·요약 낱말 대조)
2024-02-18,소백산,충북·경북,행정,지정·구역,<특집> 영주시 “올해 성장 로드맵 완성의 원년”…지역발전 이끈다,ksmnews.co.kr,http://www.ksmnews.co.kr/news/view.php?idx=468591,요약,규칙기반 자동분류(제목·요약 낱말 대조)
2024-02-16,태안해안,충남 태안,행정,협약·협력,"[당진·태안24시] 당진시, 데이터 기반 행정 3년 연속 '우수'",sisajournal.com,http://www.sisajournal.com/news/articleView.html?idxno=283475,요약,규칙기반 자동분류(제목·요약 낱말 대조)
2024-02-15,오대산,강원,행정,의회·국정감사,월정사 갑진년 신년하례법회 봉행,kwnews.co.kr,https://www.kwnews.co.kr/page/view/2024021417550339862,요약,규칙기반 자동분류(제목·요약 낱말 대조)
2024-02-15,(전체·공통),전국·공통,행정,지정·구역,"고흥 팔영산, 국가지정 문화재 '명승' 예고",nocutnews.co.kr,https://www.nocutnews.co.kr/news/6095976,해당없음,규칙기반 자동분류(제목·요약 낱말 대조)
2024-02-14,가야산,경북·경남,행정,의회·국정감사,"성주군의회 장익봉 의원, 의정봉사대상 수상",seongjuro.co.kr,http://www.seongjuro.co.kr/news/view.php?idx=53468,요약,규칙기반 자동분류(제목·요약 낱말 대조)
2024-02-11,지리산,전남·전북·경남,행정,법령·제도,"""한반도에 반달가슴곰이 사라진 것은 욕심 때문이다""[함께 사는 길]",pressian.com,https://www.pressian.com/pages/articles/2024020516433517365?utm_source=naver&utm_medium=search,요약,규칙기반 자동분류(제목·요약 낱말 대조)
2024-01-30,무등산,광주·전남,행정,지정·구역,"전남 공유재산, 관계 공무원 전문성 부족 등으로 '부실' 관리돼",nocutnews.co.kr,https://www.nocutnews.co.kr/news/6087139,요약,규칙기반 자동분류(제목·요약 낱말 대조)
2024-01-24,한려해상,경남·전남,행정,인사·조직,"한려해상국립공원 봄날의 여행, IBK기업은행 생태나누리 참여자 모집",gndomin.com,http://www.gndomin.com/news/articleView.html?idxno=380611,제목,규칙기반 자동분류(제목·요약 낱말 대조)
2024-01-19,한라산,제주,행정,인사·조직,[인사]제주특별자치도·제주시·서귀포시,nocutnews.co.kr,https://www.nocutnews.co.kr/news/6082096,요약,규칙기반 자동분류(제목·요약 낱말 대조)
2024-01-19,한라산,제주,행정,인사·조직,제주특별자치도 2024년 상반기 인사 명단,jemin.com,http://www.jemin.com/news/articleView.html?idxno=766722,요약,규칙기반 자동분류(제목·요약 낱말 대조)
2024-01-19,한라산,제주,행정,인사·조직,"[인사] 법무부, 통일부, 전남도 외",newsinside.kr,http://www.newsinside.kr/news/articleView.html?idxno=1446877,요약,규칙기반 자동분류(제목·요약 낱말 대조)
2024-01-19,한라산,제주,행정,인사·조직,[오늘의 인사] 인사혁신처·법무부·보건복지부 外,mediapen.com,https://www.mediapen.com/news/view/890403,요약,규칙기반 자동분류(제목·요약 낱말 대조)
2024-01-18,한려해상,경남·전남,행정,예산·재정,학생 수 줄자 ‘고양이 보호시설’로 바뀐 초등학교,biz.chosun.com,https://biz.chosun.com/topics/topics_social/2024/01/18/Q6W3HQHPWZBCHKJJBD3XG4QLDI/?utm_source=naver&utm_medium=original&utm_campaign=biz,요약,규칙기반 자동분류(제목·요약 낱말 대조)
2024-01-10,금정산,부산·경남,행정,협약·협력,[사설] ‘낙동강 중심 공원 속 도시’ 부산 새 그림 실속있게,kookje.co.kr,http://www.kookje.co.kr/news2011/asp/newsbody.asp?code=1700&key=20240110.22019002644,요약,규칙기반 자동분류(제목·요약 낱말 대조)
2024-01-09,팔공산,대구·경북,행정,지정·구역,"조현일 경산시장 ""2024년, 시민 중심 행복한 경산 위해 더 열심히 뛰고,...",ilyo.co.kr,https://ilyo.co.kr/?ac=article_view&entry_id=465348,요약,규칙기반 자동분류(제목·요약 낱말 대조)
2024-01-05,팔공산,대구·경북,행정,인사·조직,"[신년 인터뷰] 윤석준 대구 동구청장 ""주민의 희망, 결실 맺도록""",newsis.com,http://www.newsis.com/view/?id=NISX20240105_0002582615&cID=10810&pID=10800,요약,규칙기반 자동분류(제목·요약 낱말 대조)
2024-01-04,팔공산,대구·경북,행정,지정·구역,"진우 스님 ""국립공원 내 전통사찰과 원활한 소통"" 당부",beopbo.com,http://www.beopbo.com/news/articleView.html?idxno=319917,요약,규칙기반 자동분류(제목·요약 낱말 대조)
2024-01-04,금정산,부산·경남,행정,인사·조직,"진우 스님, 국립공원공단에 전통사찰 소통 주문",hyunbulnews.com,http://www.hyunbulnews.com/news/articleView.html?idxno=411949,요약,규칙기반 자동분류(제목·요약 낱말 대조)
2024-01-03,팔공산,대구·경북,행정,지정·구역,폐반사필름(폐은박지)으로 뒤덮힌 국립공원 팔공산 자락,seoul.co.kr,https://www.seoul.co.kr/news/newsView.php?id=20240103500054&wlog_tag3=naver,제목,규칙기반 자동분류(제목·요약 낱말 대조)
2024-01-03,팔공산,대구·경북,행정,인사·조직,"윤석준 대구 동구청장, “첨단산업 육성과 융합 거점 조성으로 미래도시...",idaegu.com,http://www.idaegu.com/newsView/idg202401030092,요약,규칙기반 자동분류(제목·요약 낱말 대조)
2024-01-02,한려해상,경남·전남,행정,인사·조직,한려해상국립공원사무소 박소영 소장 취임,gndomin.com,http://www.gndomin.com/news/articleView.html?idxno=378190,제목,규칙기반 자동분류(제목·요약 낱말 대조)
2024-01-02,지리산,전남·전북·경남,행정,인사·조직,조점현 국립공원공단 북부지역본부 초대 본부장 부임,segye.com,http://www.segye.com/newsView/20240102508975?OutUrl=naver,요약,규칙기반 자동분류(제목·요약 낱말 대조)
2024-01-02,소백산,충북·경북,행정,지정·구역,"""미래 산업·복지·관광… 시민 체감하는 영주성장 로드맵 완성 원년 삼...",dkilbo.com,https://www.dkilbo.com/news/articleView.html?idxno=425638,요약,규칙기반 자동분류(제목·요약 낱말 대조)
2024-01-01,한려해상,경남·전남,행정,인사·조직,한려해상국립공원사무소장 박소영씨 취임,gnnews.co.kr,http://www.gnnews.co.kr/news/articleView.html?idxno=542546,제목,규칙기반 자동분류(제목·요약 낱말 대조)
2024-01-01,가야산,경북·경남,행정,인사·조직,박현상 합천 가야산국립공원사무소 소장 부임,gndomin.com,http://www.gndomin.com/news/articleView.html?idxno=378048,제목,규칙기반 자동분류(제목·요약 낱말 대조)
2024-01-01,가야산,경북·경남,행정,인사·조직,가야산국립공원사무소 박현상 신임 소장 부임,kyongbuk.co.kr,http://www.kyongbuk.co.kr/news/articleView.html?idxno=2151351,제목,규칙기반 자동분류(제목·요약 낱말 대조)
2024-01-01,팔공산,대구·경북,행정,지정·구역,조현일 경산시장 신년사,ksmnews.co.kr,http://www.ksmnews.co.kr/news/view.php?idx=461660,요약,규칙기반 자동분류(제목·요약 낱말 대조)
2024-01-01,팔공산,대구·경북,행정,지정·구역,"[2024 신년사] 조현일 경산시장 ""올해는 시민과의 '약속 실행의 해'""",jeonmae.co.kr,https://www.jeonmae.co.kr/news/articleView.html?idxno=1004571,요약,규칙기반 자동분류(제목·요약 낱말 대조)
2024-01-01,팔공산,대구·경북,행정,지정·구역,조현일 경산시장 2024년 갑진년(甲辰年) 신 년 사,hidomin.com,http://www.hidomin.com/news/articleView.html?idxno=535960,요약,규칙기반 자동분류(제목·요약 낱말 대조)
2024-01-01,팔공산,대구·경북,행정,지정·구역,[신년사] 조현일 경북 경산시장,newsfreezone.co.kr,https://www.newsfreezone.co.kr/news/articleView.html?idxno=538576,요약,규칙기반 자동분류(제목·요약 낱말 대조)
2024-01-01,팔공산,대구·경북,행정,지정·구역,[신년사] 조현일 경산시장 갑진년(甲辰年) 시정운영 방향을 밝히고 경산...,ajunews.com,https://www.ajunews.com/view/20231228120200942,요약,규칙기반 자동분류(제목·요약 낱말 대조)
2023-12-31,덕유산,전북·경남,행정,지정·구역,사계절이 아름다운 자연의 나라 무주愛 빠지다,newsroad.co.kr,http://www.newsroad.co.kr/news/articleView.html?idxno=26880,요약,규칙기반 자동분류(제목·요약 낱말 대조)
2023-12-30,한려해상,경남·전남,행정,인사·조직,한려해상국립공원사무소 박소영 신임 소장 취임,pressian.com,https://www.pressian.com/pages/articles/2023123013581027939?utm_source=naver&utm_medium=search,제목,규칙기반 자동분류(제목·요약 낱말 대조)
2023-12-30,한려해상,경남·전남,행정,인사·조직,"국립공원공단 한려해상국립공원, 박소영 소장 취임",newsis.com,http://www.newsis.com/view/?id=NISX20231230_0002576366&cID=10812&pID=10800,제목,규칙기반 자동분류(제목·요약 낱말 대조)
2023-12-29,한려해상,경남·전남,행정,인사·조직,[인사]행정안전부 外,donga.com,https://www.donga.com/news/People/article/all/20231229/122819959/1,요약,규칙기반 자동분류(제목·요약 낱말 대조)
2023-12-29,소백산,충북·경북,행정,지정·구역,"2024년 영주, 새로운 가능성을 열다",gukjenews.com,https://www.gukjenews.com/news/articleView.html?idxno=2889898,요약,규칙기반 자동분류(제목·요약 낱말 대조)
2023-12-29,소백산,충북·경북,행정,지정·구역,"영주시, 새해 지역발전 청사진 제시…첨단산업 거점 도약",daily.hankooki.com,https://daily.hankooki.com/news/articleView.html?idxno=1036373,요약,규칙기반 자동분류(제목·요약 낱말 대조)
2023-12-29,소백산,충북·경북,행정,지정·구역,"영주시, 2024년 지역 발전 위한 청사진 제시",asiatoday.co.kr,https://www.asiatoday.co.kr/view.php?key=20231229010018099,요약,규칙기반 자동분류(제목·요약 낱말 대조)
2023-12-29,팔공산,대구·경북,행정,지정·구역,<신년사> 조현일 경산시장,breaknews.com,http://www.breaknews.com/1007004,요약,규칙기반 자동분류(제목·요약 낱말 대조)
2023-12-28,한려해상,경남·전남,행정,인사·조직,"[인사] 법무부, 충북도, 광주은행 외",newsinside.kr,http://www.newsinside.kr/news/articleView.html?idxno=1385682,요약,규칙기반 자동분류(제목·요약 낱말 대조)
2023-12-28,한려해상,경남·전남,행정,인사·조직,[인사] 경기 용인시 외,readersnews.com,http://www.readersnews.com/news/articleView.html?idxno=110899,요약,규칙기반 자동분류(제목·요약 낱말 대조)
2023-12-28,한려해상,경남·전남,행정,인사·조직,"[인사] 국립공원공단, 고용노동부, 강원도",businesspost.co.kr,https://www.businesspost.co.kr/BP?command=article_view&num=337604,요약,규칙기반 자동분류(제목·요약 낱말 대조)
2023-12-28,한려해상,경남·전남,행정,지정·구역,올 한해 새롭게 재발견한 남해군 번영 기반 다져,gndomin.com,http://www.gndomin.com/news/articleView.html?idxno=377931,요약,규칙기반 자동분류(제목·요약 낱말 대조)
2023-12-28,태안해안,충남 태안,행정,인사·조직,"부여군, 부여-보령(국도40호) 도로건설공사 준공",aflnews.co.kr,http://www.aflnews.co.kr/news/articleView.html?idxno=262113,요약,규칙기반 자동분류(제목·요약 낱말 대조)
2023-12-28,태안해안,충남 태안,행정,인사·조직,"충남 부여군, 보령-부여(국도40호) 도로건설공사 마무리",ccdn.co.kr,https://www.ccdn.co.kr/news/articleView.html?idxno=952980,요약,규칙기반 자동분류(제목·요약 낱말 대조)
2023-12-28,태안해안,충남 태안,행정,인사·조직,"부여군, 보령-부여(국도40호) 도로건설공사 마무리",bzeronews.com,http://www.bzeronews.com/news/articleView.html?idxno=641212,요약,규칙기반 자동분류(제목·요약 낱말 대조)
2023-12-28,태안해안,충남 태안,행정,인사·조직,"부여군, 보령-부여(국도40호) 전면 개통",daejonilbo.com,https://www.daejonilbo.com/news/articleView.html?idxno=2105169,요약,규칙기반 자동분류(제목·요약 낱말 대조)
2023-12-28,태안해안,충남 태안,행정,인사·조직,"부여군, 보령-부여 국도 도로건설공사 마무리",ajunews.com,https://www.ajunews.com/view/20231228142024063,요약,규칙기반 자동분류(제목·요약 낱말 대조)
2023-12-28,태안해안,충남 태안,행정,인사·조직,"부여~보령 국도40호, 도로건설공사 마무리",ccnnews.co.kr,http://www.ccnnews.co.kr/news/articleView.html?idxno=320278,요약,규칙기반 자동분류(제목·요약 낱말 대조)
2023-12-28,태안해안,충남 태안,행정,인사·조직,"부여군, 보령-부여 간 국도40호 공사 도로건설공사 마무리",ggilbo.com,https://www.ggilbo.com/news/articleView.html?idxno=1008412,요약,규칙기반 자동분류(제목·요약 낱말 대조)
2023-12-28,태안해안,충남 태안,행정,인사·조직,"부여군, 부여-보령(국도40호) 도로건설공사 마무리",job-post.co.kr,https://www.job-post.co.kr/news/articleView.html?idxno=92172,요약,규칙기반 자동분류(제목·요약 낱말 대조)
2023-12-28,태안해안,충남 태안,행정,인사·조직,"부여군, 보령-부여(국도40호) 구간 4차로 신설·확장공사 준공식 개최",newsprime.co.kr,http://www.newsprime.co.kr/news/article.html?no=623076,요약,규칙기반 자동분류(제목·요약 낱말 대조)
2023-12-28,태안해안,충남 태안,행정,인사·조직,"부여군, 보령-부여(국도40호) 도로건설공사 완공....""개통식가져""",daily.hankooki.com,https://daily.hankooki.com/news/articleView.html?idxno=1035784,요약,규칙기반 자동분류(제목·요약 낱말 대조)
2023-12-28,태안해안,충남 태안,행정,인사·조직,부여-보령 국도 40호선 전면 개통,jbnews.com,http://www.jbnews.com/news/articleView.html?idxno=1419912,요약,규칙기반 자동분류(제목·요약 낱말 대조)
2023-12-28,태안해안,충남 태안,행정,인사·조직,충남 보령~부여 국도40호 도로 전면 개통 '숙원사업 해결',newsfreezone.co.kr,https://www.newsfreezone.co.kr/news/articleView.html?idxno=537919,요약,규칙기반 자동분류(제목·요약 낱말 대조)
2023-12-28,태안해안,충남 태안,행정,인사·조직,"부여군, 보령-부여 도로건설공사 마무리",chungnamilbo.co.kr,http://www.chungnamilbo.co.kr/news/articleView.html?idxno=750120,요약,규칙기반 자동분류(제목·요약 낱말 대조)
2023-12-28,다도해해상,전남,행정,인사·조직,[인사]광주시·전남도·광주은행 外,kjdaily.com,http://www.kjdaily.com/article.php?aid=1703760257619001062,요약,규칙기반 자동분류(제목·요약 낱말 대조)
2023-12-28,무등산,광주·전남,행정,인사·조직,"임택 광주 동구청장…""'충장상권 르네상스' 사업으로 새바람 일으킬 것...",nocutnews.co.kr,https://www.nocutnews.co.kr/news/6070501,요약,규칙기반 자동분류(제목·요약 낱말 대조)
2023-12-26,태안해안,충남 태안,행정,인사·조직,보령시~부여군 국도40호선 4차로 오늘 개통,cctimes.kr,http://www.cctimes.kr/news/articleView.html?idxno=780634,요약,규칙기반 자동분류(제목·요약 낱말 대조)
2023-12-26,태안해안,충남 태안,행정,인사·조직,충남 보령~부여간 국도40호선 4차로 개통,ccdn.co.kr,https://www.ccdn.co.kr/news/articleView.html?idxno=952629,요약,규칙기반 자동분류(제목·요약 낱말 대조)
2023-12-26,태안해안,충남 태안,행정,인사·조직,보령∼부여 국도40호선 27일 개통…4차로로 신설·확장,news1.kr,https://www.news1.kr/articles/5271593,요약,규칙기반 자동분류(제목·요약 낱말 대조)
2023-12-26,태안해안,충남 태안,행정,인사·조직,'국도 40호선' 충남 보령∼부여 구간 4차로 27일 개통,yna.co.kr,https://www.yna.co.kr/view/AKR20231226094000063?input=1195m,요약,규칙기반 자동분류(제목·요약 낱말 대조)
2023-12-26,태안해안,충남 태안,행정,인사·조직,"대전국토관리청, 충남 보령~부여 간 국도 40호선 4차로 27일 개통",joongdo.co.kr,https://www.joongdo.co.kr/web/view.php?key=20231226010007946,요약,규칙기반 자동분류(제목·요약 낱말 대조)
2023-12-26,태안해안,충남 태안,행정,인사·조직,"대전국토관리청, 보령~부여간 국도40호선 4차로 27일 개통",viva100.com,https://www.viva100.com/main/view.php?key=20231226010007772,요약,규칙기반 자동분류(제목·요약 낱말 대조)
2023-12-26,태안해안,충남 태안,행정,인사·조직,"충남 보령~부여 국도 40호선 4차로, 27일 개통",newsis.com,http://www.newsis.com/view/?id=NISX20231226_0002570569&cID=10201&pID=10200,요약,규칙기반 자동분류(제목·요약 낱말 대조)
2023-12-26,태안해안,충남 태안,행정,인사·조직,"대전지방국토관리청, 보령-부여간 국도40호선 27일 개통",dnews.co.kr,https://www.dnews.co.kr/uhtml/view.jsp?idxno=202312260944384570961,요약,규칙기반 자동분류(제목·요약 낱말 대조)
2023-12-22,월출산,전남,행정,예산·재정,월출산국립공원 생태탐방원 강진군에 생긴다,ikbc.co.kr,http://www.ikbc.co.kr/article/view/kbc202312220038,제목,규칙기반 자동분류(제목·요약 낱말 대조)
2023-12-22,팔공산,대구·경북,행정,인사·조직,"한동기 대구 동구의원, ""행정조직 개편으로 미래 동구 발전 이끌어야""",news.bbsi.co.kr,https://news.bbsi.co.kr/news/articleView.html?idxno=3137582,요약,규칙기반 자동분류(제목·요약 낱말 대조)
2023-12-19,팔공산,대구·경북,행정,지정·구역,"이철우 경북도지사 ""올해는 성장판 만들었고 내년에 민간중심 발전전략...",nocutnews.co.kr,https://www.nocutnews.co.kr/news/6065712,요약,규칙기반 자동분류(제목·요약 낱말 대조)
2023-12-18,오대산,강원,행정,인사·조직,"""불교-자연 융합 오대산사찰림서 기후위기 극복 상생을""",kado.net,http://www.kado.net/news/articleView.html?idxno=1219395,제목,규칙기반 자동분류(제목·요약 낱말 대조)
2023-12-13,경주,경북 경주,행정,협약·협력,"경북문화관광공사 ""연탄나눔으로 사랑의 온기를 전해요""",nocutnews.co.kr,https://www.nocutnews.co.kr/news/6062622,요약,규칙기반 자동분류(제목·요약 낱말 대조)
2023-12-08,계룡산,대전·충남,행정,기타,"조계종 공원위원회 출범...총무원장 진우스님 ""사찰림 재평가 해야""",asiatoday.co.kr,https://www.asiatoday.co.kr/view.php?key=20231208010005051,요약,규칙기반 자동분류(제목·요약 낱말 대조)
2023-12-08,계룡산,대전·충남,행정,기타,"조계종 공원위원회 출범, 국립공원내 사찰림과 문화유산 보존 방안 모색",ibulgyo.com,http://www.ibulgyo.com/news/articleView.html?idxno=408791,요약,규칙기반 자동분류(제목·요약 낱말 대조)
2023-12-08,내장산,전북·전남,행정,인사·조직,"조계종 공원위원회 출범...""국립공원 불교유산 재평가""",news.bbsi.co.kr,https://news.bbsi.co.kr/news/articleView.html?idxno=3135682,요약,규칙기반 자동분류(제목·요약 낱말 대조)
2023-12-08,지리산,전남·전북·경남,행정,인사·조직,"조계종, '공원위원회' 출범…""국립공원 내 사찰림 보전""",newsis.com,http://www.newsis.com/view/?id=NISX20231208_0002550839&cID=10701&pID=10700,요약,규칙기반 자동분류(제목·요약 낱말 대조)
2023-12-07,팔공산,대구·경북,행정,지정·구역,[근교산&그너머] <1359> 대구 팔공산,kookje.co.kr,http://www.kookje.co.kr/news2011/asp/newsbody.asp?code=2200&key=20231207.22012001885,제목,규칙기반 자동분류(제목·요약 낱말 대조)
2023-12-06,월악산,충북·경북,행정,협약·협력,"가스안전公 충북북부, 야영장 가스안전사고 예방활동 실시",e-platform.net,http://www.e-platform.net/news/articleView.html?idxno=82160,요약,규칙기반 자동분류(제목·요약 낱말 대조)
2023-12-06,월악산,충북·경북,행정,협약·협력,월악산국립공원 야영장 CO중독사고 예방 특별활동,e2news.com,http://www.e2news.com/news/articleView.html?idxno=303673,제목,규칙기반 자동분류(제목·요약 낱말 대조)
2023-12-06,월악산,충북·경북,행정,협약·협력,"가스안전公 충북북부지사, 야영장 가스안전사고 예방활동 실시",energydaily.co.kr,http://www.energydaily.co.kr/news/articleView.html?idxno=142419,요약,규칙기반 자동분류(제목·요약 낱말 대조)
2023-12-04,속리산,충북·경북,행정,인사·조직,"속리산둘레길, 국가숲길 지정",amnews.co.kr,http://www.amnews.co.kr/news/articleView.html?idxno=56097,제목,규칙기반 자동분류(제목·요약 낱말 대조)
2023-12-04,속리산,충북·경북,행정,인사·조직,"산림청, 속리산둘레길 국가숲길 지정 기념행사",imwood.co.kr,http://www.imwood.co.kr/news/articleView.html?idxno=31588,제목,규칙기반 자동분류(제목·요약 낱말 대조)
2023-12-04,팔공산,대구·경북,행정,지정·구역,"'2023 공항도시 군위 미래 비전 심포지엄' 열려…""공항도시 군위 발전 위...",yeongnam.com,https://www.yeongnam.com/web/view.php?key=20231202010000129,요약,규칙기반 자동분류(제목·요약 낱말 대조)
2023-12-03,속리산,충북·경북,행정,인사·조직,"역사·문화를 품은 208.6km 속리산둘레길, 국가숲길 지정 행사",eroun.net,https://www.eroun.net/news/articleView.html?idxno=39154,제목,규칙기반 자동분류(제목·요약 낱말 대조)
2023-12-03,속리산,충북·경북,행정,인사·조직,"산림청, 속리산둘레길 국가숲길 지정 기념행사 개최",thekpm.com,https://www.thekpm.com/news/articleView.html?idxno=182766,제목,규칙기반 자동분류(제목·요약 낱말 대조)
2023-12-02,속리산,충북·경북,행정,인사·조직,"속리산둘레길, 역사·문화 품은 국가숲길 지정",tournews21.com,http://www.tournews21.com/news/articleView.html?idxno=64594,제목,규칙기반 자동분류(제목·요약 낱말 대조)
2023-11-30,한려해상,경남·전남,행정,인사·조직,"(사)동아시아바다공동체 오션, 낚시쓰레기 제도 개선을 위한 정책워크숍...",hansbiz.co.kr,http://www.hansbiz.co.kr/news/articleView.html?idxno=671740,요약,규칙기반 자동분류(제목·요약 낱말 대조)
2023-11-29,주왕산,경북,행정,협약·협력,청송군·주왕산국립공원 탄소중립·상호협력 업무협약,skyedaily.com,http://www.skyedaily.com/news/news_view.html?ID=213575,제목,규칙기반 자동분류(제목·요약 낱말 대조)
2023-11-29,주왕산,경북,행정,협약·협력,"청송군-주왕산국립공원사무소, 업무협약 체결",news.heraldcorp.com,http://news.heraldcorp.com/village/view.php?ud=202311290818446521598_10,제목,규칙기반 자동분류(제목·요약 낱말 대조)
2023-11-28,가야산,경북·경남,행정,인사·조직,"조삼술 합천군의회 의장, 바이바이 플라스틱",gnmaeil.com,http://www.gnmaeil.com/news/articleView.html?idxno=530692,요약,규칙기반 자동분류(제목·요약 낱말 대조)
2023-11-28,가야산,경북·경남,행정,인사·조직,조삼술 합천군의회의장 바이바이 플라스틱 챌린지 동참,gndomin.com,http://www.gndomin.com/news/articleView.html?idxno=374164,요약,규칙기반 자동분류(제목·요약 낱말 대조)
2023-11-28,주왕산,경북,행정,협약·협력,"청송군-주왕산국립공원사무소, '탄소중립·지역발전 상호협력' 업무협약...",kyongbuk.co.kr,http://www.kyongbuk.co.kr/news/articleView.html?idxno=2148474,제목,규칙기반 자동분류(제목·요약 낱말 대조)
2023-11-28,주왕산,경북,행정,협약·협력,"청송군, '탄소중립과 지역발전 도모를 위한 상호협력' 위한 업무협약(M...",newsfreezone.co.kr,https://www.newsfreezone.co.kr/news/articleView.html?idxno=530816,요약,규칙기반 자동분류(제목·요약 낱말 대조)
2023-11-28,주왕산,경북,행정,협약·협력,"청송군, 주왕산국립공원과 '탄소중립' 도모 업무협약",moneys.mt.co.kr,http://moneys.mt.co.kr/news/mwView.php?no=2023112816265294084,제목,규칙기반 자동분류(제목·요약 낱말 대조)
2023-11-28,주왕산,경북,행정,협약·협력,"청송군, ‘탄소중립과 지역발전 도모 위한 상호협력’ 을 위한 업무협약...",nspna.com,https://www.nspna.com/news/?mode=view&newsid=670253,요약,규칙기반 자동분류(제목·요약 낱말 대조)
2023-11-28,주왕산,경북,행정,협약·협력,'탄소중립과 지역발전 도모를 위한 상호협력'을 위한 업무협약(MOU) 체결,polinews.co.kr,https://www.polinews.co.kr/news/articleView.html?idxno=626171,요약,규칙기반 자동분류(제목·요약 낱말 대조)
2023-11-28,주왕산,경북,행정,협약·협력,"청송군, '탄소중립과 지역발전 도모를 위한 상호협력'을 위한 업무협약...",queen.co.kr,http://www.queen.co.kr/news/articleView.html?idxno=400638,요약,규칙기반 자동분류(제목·요약 낱말 대조)
2023-11-27,가야산,경북·경남,행정,인사·조직,"합천군의회, 바이바이 플라스틱 챌린지 동참",siminilbo.co.kr,https://www.siminilbo.co.kr/news/newsview.php?ncode=1160290332609220,요약,규칙기반 자동분류(제목·요약 낱말 대조)
2023-11-27,가야산,경북·경남,행정,인사·조직,"조점현 가야산국립공원 소장, 바이바이 플라스틱 챌린지 참여",gndomin.com,http://www.gndomin.com/news/articleView.html?idxno=374010,제목,규칙기반 자동분류(제목·요약 낱말 대조)
2023-11-27,가야산,경북·경남,행정,인사·조직,"합천군의회 조삼술 의장, 바이바이 플라스틱 챌린지 동참",newsis.com,http://www.newsis.com/view/?id=NISX20231127_0002536273&cID=10812&pID=10800,요약,규칙기반 자동분류(제목·요약 낱말 대조)
2023-11-27,가야산,경북·경남,행정,인사·조직,"가야산국립공원, 야생생물 만져볼 수 있는 전시…호응↑",newsis.com,http://www.newsis.com/view/?id=NISX20231127_0002536211&cID=10812&pID=10800,제목,규칙기반 자동분류(제목·요약 낱말 대조)
2023-11-27,다도해해상,전남,행정,기타,"'독사 20배' 필리핀 바다뱀, 여수 바다 첫 발견…기후 변화 탓?",nocutnews.co.kr,https://www.nocutnews.co.kr/news/6053388,요약,규칙기반 자동분류(제목·요약 낱말 대조)
2023-11-26,가야산,경북·경남,행정,인사·조직,가야산국립공원 야생생물 전시회 운영,gndomin.com,http://www.gndomin.com/news/articleView.html?idxno=373827,제목,규칙기반 자동분류(제목·요약 낱말 대조)
2023-11-26,(전체·공통),전국·공통,행정,지정·구역,필수초겨울 여수 영취산의 명물 '여수산업단지',kbanker.co.kr,https://www.kbanker.co.kr/news/articleView.html?idxno=211969,해당없음,규칙기반 자동분류(제목·요약 낱말 대조)
2023-11-25,다도해해상,전남,행정,지정·구역,"""일회용품 쓰라고요? 우리가 알던 환경부 맞나요?""",imnews.imbc.com,https://imnews.imbc.com/news/2023/society/article/6547097_36126.html,요약,규칙기반 자동분류(제목·요약 낱말 대조)
2023-11-24,가야산,경북·경남,행정,인사·조직,"[합천소식]합천군, 양파 주산지 발전 협의회 개최 등",newsis.com,http://www.newsis.com/view/?id=NISX20231124_0002533694&cID=10812&pID=10800,요약,규칙기반 자동분류(제목·요약 낱말 대조)
2023-11-23,덕유산,전북·경남,행정,기타,"무주군, 농기계 종합보험료 지원",ajunews.com,https://www.ajunews.com/view/20231123140357129,요약,규칙기반 자동분류(제목·요약 낱말 대조)
2023-11-22,가야산,경북·경남,행정,지정·구역,가야산 관음골 습지 복원사업 역할과 기능 되찾아,kukinews.com,http://www.kukinews.com/newsView/kuk202311220335,제목,규칙기반 자동분류(제목·요약 낱말 대조)
2023-11-20,가야산,경북·경남,행정,인사·조직,"권오종 LX 합천지사장, 바이바이 플라스틱 챌린지 동참",idomin.com,http://www.idomin.com/news/articleView.html?idxno=839544,요약,규칙기반 자동분류(제목·요약 낱말 대조)
2023-11-20,태안해안,충남 태안,행정,기타,가축 방역에 바다 청소·논농사까지…일꾼 ‘드론’ 오늘도 뜬다,hani.co.kr,https://www.hani.co.kr/arti/area/chungcheong/1117049.html,요약,규칙기반 자동분류(제목·요약 낱말 대조)
2023-11-19,태안해안,충남 태안,행정,기타,"태안해안국립공원, 부유 해양쓰레기 수거 무인수상정 자체 개발",chungnamilbo.co.kr,http://www.chungnamilbo.co.kr/news/articleView.html?idxno=743832,제목,규칙기반 자동분류(제목·요약 낱말 대조)
2023-11-17,가야산,경북·경남,행정,인사·조직,"권오종 국토정보공사 합천지사장, 바이바이 플라스틱 챌린지 동참",gnnews.co.kr,http://www.gnnews.co.kr/news/articleView.html?idxno=539139,요약,규칙기반 자동분류(제목·요약 낱말 대조)
2023-11-17,태안해안,충남 태안,행정,기타,드론으로 바다 위 떠다니는 해양쓰레기 줍는다,cctoday.co.kr,https://www.cctoday.co.kr/news/articleView.html?idxno=2187557,요약,규칙기반 자동분류(제목·요약 낱말 대조)
2023-11-17,내장산,전북·전남,행정,지정·구역,전북에 국립공원공단 서부본부 들어선다…호남권 관할,nocutnews.co.kr,https://www.nocutnews.co.kr/news/6048116,요약,규칙기반 자동분류(제목·요약 낱말 대조)
2023-11-16,가야산,경북·경남,행정,인사·조직,"LX합천지사장, '친환경 소비 바이바이 플라스틱 챌린지' 동참",ikld.kr,http://www.ikld.kr/news/articleView.html?idxno=284591,요약,규칙기반 자동분류(제목·요약 낱말 대조)
2023-11-16,가야산,경북·경남,행정,인사·조직,"LX 합천지사, '바이바이 플라스틱 챌린지' 동참",cnbnews.com,https://www.cnbnews.com/news/article.html?no=629125,요약,규칙기반 자동분류(제목·요약 낱말 대조)
2023-11-14,가야산,경북·경남,행정,인사·조직,"가야산국립공원, 불법 소각행위 단속 강화",kukinews.com,http://www.kukinews.com/newsView/kuk202311140291,제목,규칙기반 자동분류(제목·요약 낱말 대조)
2023-11-13,계룡산,대전·충남,행정,인사·조직,"국립공원공단, 계룡산에 ‘국립공원박물관’ 개관",zdnet.co.kr,https://zdnet.co.kr/view/?no=20231113154553,제목,규칙기반 자동분류(제목·요약 낱말 대조)
2023-11-13,계룡산,대전·충남,행정,인사·조직,"국립공원박물관, 내일 계룡산국립공원서 개관",asiatoday.co.kr,https://www.asiatoday.co.kr/view.php?key=20231113010007852,제목,규칙기반 자동분류(제목·요약 낱말 대조)
2023-11-13,계룡산,대전·충남,행정,인사·조직,계룡산국립공원에 ‘국립공원박물관’ 개관…유물·생태자료 1070점 전시,dailian.co.kr,https://www.dailian.co.kr/news/view/1293989/?sc=Naver,제목,규칙기반 자동분류(제목·요약 낱말 대조)
2023-11-13,무등산,광주·전남,행정,인사·조직,"[시민과학&생물다양성│인터뷰 - 송형근 국립공원공단 이사장] ""시민과...",naeil.com,http://www.naeil.com/news_view/?id_art=479354,요약,규칙기반 자동분류(제목·요약 낱말 대조)
2023-11-12,속리산,충북·경북,행정,지정·구역,‘속리산둘레길’ 산림청 국가 숲길 지정,ksmnews.co.kr,http://www.ksmnews.co.kr/news/view.php?idx=453365,제목,규칙기반 자동분류(제목·요약 낱말 대조)
2023-11-12,속리산,충북·경북,행정,지정·구역,백두대간 관통 '속리산둘레길' 9번째 국가숲길 지정,hidomin.com,http://www.hidomin.com/news/articleView.html?idxno=531337,제목,규칙기반 자동분류(제목·요약 낱말 대조)
2023-11-12,속리산,충북·경북,행정,지정·구역,'속리산둘레길' 국가 숲길 지정·고시,kbsm.net,http://www.kbsm.net/news/view.php?idx=411670,제목,규칙기반 자동분류(제목·요약 낱말 대조)
2023-11-11,속리산,충북·경북,행정,지정·구역,"'백두대간 관통' 상주 속리산둘레길 '국가 숲길' 지정… ""지역간 연결성...",newsis.com,http://www.newsis.com/view/?id=NISX20231111_0002517734&cID=10810&pID=10800,제목,규칙기반 자동분류(제목·요약 낱말 대조)
2023-11-10,속리산,충북·경북,행정,지정·구역,"상주 속리산둘레길, 산림청 9번째 '국가숲길' 지정",moneys.mt.co.kr,http://moneys.mt.co.kr/news/mwView.php?no=2023111013295035504,제목,규칙기반 자동분류(제목·요약 낱말 대조)
2023-11-10,속리산,충북·경북,행정,지정·구역,속리산둘레길 국가숲길로 지정,sedaily.com,https://www.sedaily.com/NewsView/29X6JWFXKY,제목,규칙기반 자동분류(제목·요약 낱말 대조)
2023-11-09,덕유산,전북·경남,행정,협약·협력,"물류기업, 민·관협력 통해 ESG 경영 확대 도모한다",thekpm.com,https://www.thekpm.com/news/articleView.html?idxno=180054,요약,규칙기반 자동분류(제목·요약 낱말 대조)
2023-11-09,태안해안,충남 태안,행정,기타,시장서 해산물 구입 즉석에서 구워먹는다,naeil.com,http://www.naeil.com/news_view/?id_art=479110,요약,규칙기반 자동분류(제목·요약 낱말 대조)
2023-11-08,속리산,충북·경북,행정,지정·구역,"백두대간 관통 `속리산둘레길`, 국가숲길 지정",dt.co.kr,https://www.dt.co.kr/contents.html?article_no=2023110802109931731003&ref=naver,제목,규칙기반 자동분류(제목·요약 낱말 대조)
2023-11-07,팔공산,대구·경북,행정,예산·재정,"대구시, 장애인·청년적금·골목상권...내년 예산 1,443억 삭감",pn.or.kr,https://www.pn.or.kr/news/articleView.html?idxno=20713,요약,규칙기반 자동분류(제목·요약 낱말 대조)
2023-11-06,팔공산,대구·경북,행정,예산·재정,"'10조5천865억원' 대구시, 내년도 예산안 시의회 제출…IMF 이후 첫 감소",yeongnam.com,https://www.yeongnam.com/web/view.php?key=20231106010000726,요약,규칙기반 자동분류(제목·요약 낱말 대조)
2023-11-06,팔공산,대구·경북,행정,예산·재정,대구시 내년도 예산안 올해보다 1천443억원 줄어…IMF 이후 첫 감소,imaeil.com,https://www.imaeil.com/page/view/2023110615224358551,요약,규칙기반 자동분류(제목·요약 낱말 대조)
2023-11-04,변산반도,전북 부안,행정,인사·조직,'유체이탈 화법'과 '세이(洗耳)·세목(洗目)',jbsori.com,http://www.jbsori.com/news/articleView.html?idxno=12564,요약,규칙기반 자동분류(제목·요약 낱말 대조)
2023-11-03,변산반도,전북 부안,행정,인사·조직,"변산반도국립공원, 친환경 해변 결혼식 진행",ibuan.com,https://www.ibuan.com/news/articleView.html?idxno=41465,제목,규칙기반 자동분류(제목·요약 낱말 대조)
2023-11-02,한려해상,경남·전남,행정,협약·협력,"모이몰른, 국립공원공단과 업무협약 체결",ktnews.com,http://www.ktnews.com/news/articleView.html?idxno=130465,요약,규칙기반 자동분류(제목·요약 낱말 대조)
2023-11-02,한려해상,경남·전남,행정,협약·협력,"모이몰른, 국립공원공단과 '해양생태계 보호' 업무협약 체결",babytimes.co.kr,http://www.babytimes.co.kr/news/articleView.html?idxno=65035,요약,규칙기반 자동분류(제목·요약 낱말 대조)
2023-11-02,한려해상,경남·전남,행정,협약·협력,"모이몰른, 국립공원공단과 업무협약 통해 '해양생태계 보존 활동' 지원",insight.co.kr,https://www.insight.co.kr/news/454658,요약,규칙기반 자동분류(제목·요약 낱말 대조)
2023-11-02,한려해상,경남·전남,행정,협약·협력,"한세엠케이 모이몰른, 국립공원공단과 업무협약 체결",ebn.co.kr,https://www.ebn.co.kr/news/view/1598123/?sc=Naver,요약,규칙기반 자동분류(제목·요약 낱말 대조)
2023-11-02,변산반도,전북 부안,행정,인사·조직,변산반도국립공원사무소 다문화가정 대상 해변결혼식 진행,domin.co.kr,http://www.domin.co.kr/news/articleView.html?idxno=1445581,제목,규칙기반 자동분류(제목·요약 낱말 대조)
2023-11-02,팔공산,대구·경북,행정,지정·구역,[특별 인터뷰] 글로벌 스마트농업밸리 조성사업 등 추진…군민과 소통하...,aflnews.co.kr,http://www.aflnews.co.kr/news/articleView.html?idxno=258317,요약,규칙기반 자동분류(제목·요약 낱말 대조)
2023-11-01,한려해상,경남·전남,행정,법령·제도,"""섬을 관광자원으로""…경남도, 섬 발전 촉진법 개정 건의",nocutnews.co.kr,https://www.nocutnews.co.kr/news/6038573,요약,규칙기반 자동분류(제목·요약 낱말 대조)
2023-10-31,내장산,전북·전남,행정,기타,"오색으로 물든 내장산 백암산 아기단풍, 이번 주말 '절정'",nocutnews.co.kr,https://www.nocutnews.co.kr/news/6037937,제목,규칙기반 자동분류(제목·요약 낱말 대조)
2023-10-31,주왕산,경북,행정,기타,"[충청북도 오늘의 주요뉴스]충북도, 2023년 먹거리위원회 정기회 개최 등...",viva100.com,https://www.viva100.com/main/view.php?key=20231031010007890,요약,규칙기반 자동분류(제목·요약 낱말 대조)
2023-10-27,치악산,강원 원주,행정,인사·조직,"국가철도공단 강원본부, 치악산국립공원사무소와 '국립공원 생태환경 증...",cstimes.com,https://www.cstimes.com/news/articleView.html?idxno=565166,제목,규칙기반 자동분류(제목·요약 낱말 대조)
2023-10-26,치악산,강원 원주,행정,인사·조직,"철도공단 강원-치악산국립공원사무소, '국립공원 생태환경 증진' 맞손",ikld.kr,http://www.ikld.kr/news/articleView.html?idxno=283226,제목,규칙기반 자동분류(제목·요약 낱말 대조)
2023-10-26,치악산,강원 원주,행정,협약·협력,"국가철도공단 강원본부, 치악산국립공원사무소와 '생태환경 증진' 업무...",sisacast.kr,http://www.sisacast.kr/news/articleView.html?idxno=46621,제목,규칙기반 자동분류(제목·요약 낱말 대조)
2023-10-26,치악산,강원 원주,행정,협약·협력,"철도공단, 치악산국립공원사무소와 업무협약 체결…생태환경 증진",hobbyen-news.com,https://hobbyen-news.com/news/view/1065592444508072,제목,규칙기반 자동분류(제목·요약 낱말 대조)
2023-10-26,치악산,강원 원주,행정,협약·협력,"국가철도공단, '치악산국립공원 생태환경 증진' 업무협약 체결",1conomynews.co.kr,http://www.1conomynews.co.kr/news/articleView.html?idxno=25533,제목,규칙기반 자동분류(제목·요약 낱말 대조)
2023-10-26,치악산,강원 원주,행정,협약·협력,철도공단-치악산국립공원 ‘생태환경 증진’ 업무협약,news1.kr,https://www.news1.kr/articles/5211305,제목,규칙기반 자동분류(제목·요약 낱말 대조)
2023-10-26,치악산,강원 원주,행정,협약·협력,"강원본부-치악산국립공원사무소, 국립공원 생태환경 증진을 위한 업무협...",bzeronews.com,http://www.bzeronews.com/news/articleView.html?idxno=631004,제목,규칙기반 자동분류(제목·요약 낱말 대조)
2023-10-26,치악산,강원 원주,행정,인사·조직,"국가철도 강원, 치악산국립공원사무소와 국립공원 생태환경 증진 '맞손...",ccnnews.co.kr,http://www.ccnnews.co.kr/news/articleView.html?idxno=312551,제목,규칙기반 자동분류(제목·요약 낱말 대조)
2023-10-26,치악산,강원 원주,행정,협약·협력,"철도공단 강원본부, 치악산국립공원사무소와 생태환경 증진 도모",mcnews.co.kr,http://mcnews.co.kr/79660,제목,규칙기반 자동분류(제목·요약 낱말 대조)
2023-10-26,치악산,강원 원주,행정,협약·협력,"철도공단 강원본부, 치악산국립공원사무소와 ESG 경영실천 업무협약",viva100.com,https://www.viva100.com/main/view.php?key=20231026010006743,제목,규칙기반 자동분류(제목·요약 낱말 대조)
2023-10-26,치악산,강원 원주,행정,협약·협력,"[포토] 국가철도공단 강원본부-치악산국립공원사무소, 업무협약 체결",asiaa.co.kr,http://www.asiaa.co.kr/news/articleView.html?idxno=144860,제목,규칙기반 자동분류(제목·요약 낱말 대조)
2023-10-26,치악산,강원 원주,행정,인사·조직,"철도공단 강원본부, 치악산국립공원과 생태환경 증진 협약",discoverynews.kr,https://www.discoverynews.kr/news/articleView.html?idxno=1034968,제목,규칙기반 자동분류(제목·요약 낱말 대조)
2023-10-26,치악산,강원 원주,행정,협약·협력,"국가철도공단-치악산국립공원, ESG 경영실천 업무협약 체결",ccdailynews.com,https://www.ccdailynews.com/news/articleView.html?idxno=2235398,제목,규칙기반 자동분류(제목·요약 낱말 대조)
2023-10-26,치악산,강원 원주,행정,협약·협력,"철도공단 강원본부, 치악산국립공원과 업무협약",businesskorea.co.kr,https://www.businesskorea.co.kr/news/articleView.html?idxno=204294,제목,규칙기반 자동분류(제목·요약 낱말 대조)
2023-10-25,치악산,강원 원주,행정,협약·협력,[포토]치악산국립공원사무소·치악산국립공원사무소 MOU,kwnews.co.kr,https://www.kwnews.co.kr/page/view/2023102517254114893,제목,규칙기반 자동분류(제목·요약 낱말 대조)
2023-10-17,가야산,경북·경남,행정,지정·구역,오는 21일 제12회 성주 가야산 사랑 산행 & 숲속음악회 열려,yeongnam.com,https://www.yeongnam.com/web/view.php?key=20231017010001999,제목,규칙기반 자동분류(제목·요약 낱말 대조)
2023-10-15,팔공산,대구·경북,행정,지정·구역,"대구문화예술진흥원, 혁신의 1년 ""글로벌 문화도시 대구로 나아갈 것""",kbsm.net,http://www.kbsm.net/news/view.php?idx=408259,요약,규칙기반 자동분류(제목·요약 낱말 대조)
2023-10-13,태안해안,충남 태안,행정,인사·조직,태안해안국립공원 가을철 불법·무질서 행위 집중단속,news1.kr,https://www.news1.kr/articles/5198281,제목,규칙기반 자동분류(제목·요약 낱말 대조)
2023-10-12,가야산,경북·경남,행정,법령·제도,가을철 임산물 채취 시 산악사고 요주의,seongjuro.co.kr,http://www.seongjuro.co.kr/news/view.php?idx=52458,요약,규칙기반 자동분류(제목·요약 낱말 대조)
2023-10-09,설악산,강원,행정,지정·구역,"한은, ‘한국 명산의 사계’ 기념주화 발행…은화 5만원 4종",joseilbo.com,http://www.joseilbo.com/news/news_read.php?uid=499414&class=18&grp=,요약,규칙기반 자동분류(제목·요약 낱말 대조)
2023-10-06,한려해상,경남·전남,행정,기타,"해양수산부‧한국해양교통안전공단(KOMSA), 가을철 ""좌초 사고 주의하세...",gukjenews.com,https://www.gukjenews.com/news/articleView.html?idxno=2824715,요약,규칙기반 자동분류(제목·요약 낱말 대조)
2023-10-06,한려해상,경남·전남,행정,기타,"최근 5년간 선박 좌초, 가을철에 가장 많이 발생",kookje.co.kr,http://www.kookje.co.kr/news2011/asp/newsbody.asp?code=0200&key=20231006.99099001428,요약,규칙기반 자동분류(제목·요약 낱말 대조)
2023-10-06,한려해상,경남·전남,행정,기타,5년간 선박 804척 좌초…가을철에 많고 대부분 어선,yna.co.kr,https://www.yna.co.kr/view/AKR20231006048900030?input=1195m,요약,규칙기반 자동분류(제목·요약 낱말 대조)
2023-10-06,한려해상,경남·전남,행정,기타,지난 5년간 선박 좌초 사고 804건…가을철 집중 발생,newsis.com,http://www.newsis.com/view/?id=NISX20231006_0002473520&cID=13001&pID=13000,요약,규칙기반 자동분류(제목·요약 낱말 대조)
2023-10-06,한려해상,경남·전남,행정,인사·조직,국립공원 샛길 출입·임산물 채취 집중 단속 실시,asiatoday.co.kr,https://www.asiatoday.co.kr/view.php?key=20231006010001875,요약,규칙기반 자동분류(제목·요약 낱말 대조)
2023-10-04,무등산,광주·전남,행정,인사·조직,재난 대응·골목상권 활성화… ‘안전도시·민생경제’ 두 토끼 잡기 [지...,segye.com,http://www.segye.com/newsView/20231004517434?OutUrl=naver,요약,규칙기반 자동분류(제목·요약 낱말 대조)
2023-09-28,지리산,전남·전북·경남,행정,기타,[정책브리핑] 2023년 09월 28일 목요일 주요 정책,sisunnews.co.kr,http://www.sisunnews.co.kr/news/articleView.html?idxno=201090,요약,규칙기반 자동분류(제목·요약 낱말 대조)
2023-09-27,지리산,전남·전북·경남,행정,협약·협력,"화순군, 거창군과 상호협력 자매결연 협약식 개최",enewstoday.co.kr,http://www.enewstoday.co.kr/news/articleView.html?idxno=2042608,요약,규칙기반 자동분류(제목·요약 낱말 대조)
2023-09-27,팔공산,대구·경북,행정,지정·구역,"대구시민 10명 중 6명 ""홍준표 잘하고 있다""",naeil.com,http://www.naeil.com/news_view/?id_art=475116,요약,규칙기반 자동분류(제목·요약 낱말 대조)
2023-09-26,변산반도,전북 부안,행정,협약·협력,"변산반도국립공원사무소, 전북지역문제해결플랫폼 의제 실행 업무협약...",sjbnews.com,http://sjbnews.com/news/news.php?number=793882,제목,규칙기반 자동분류(제목·요약 낱말 대조)
2023-09-26,변산반도,전북 부안,행정,협약·협력,"변산반도국립공원·전주대·브로커즈, 지역문제해결 플랫폼 업무협약",newsis.com,http://www.newsis.com/view/?id=NISX20230926_0002465092&cID=10899&pID=10800,제목,규칙기반 자동분류(제목·요약 낱말 대조)
2023-09-26,팔공산,대구·경북,행정,지정·구역,민선 8기 대구시정 평가 58.7% 긍정,nocutnews.co.kr,https://www.nocutnews.co.kr/news/6019120,요약,규칙기반 자동분류(제목·요약 낱말 대조)
2023-09-25,태안해안,충남 태안,행정,기타,집 근처 국립공원에서 가족과 가을을 즐겨요,naeil.com,http://www.naeil.com/news_view/?id_art=474834,요약,규칙기반 자동분류(제목·요약 낱말 대조)
2023-09-25,치악산,강원 원주,행정,지정·구역,야간관광 ④원주 간현관광지 나오라쇼,ilyosisa.co.kr,https://www.ilyosisa.co.kr/news/article.html?no=240910,요약,규칙기반 자동분류(제목·요약 낱말 대조)
2023-09-21,한라산,제주,행정,예산·재정,대규모 세입감소 자구책도 병행돼야,jejumaeil.net,http://www.jejumaeil.net/news/articleView.html?idxno=330127,요약,규칙기반 자동분류(제목·요약 낱말 대조)
2023-09-20,팔공산,대구·경북,행정,협약·협력,"영진전문대, 대구 군위군과 상생 협약 체결 ""관·학 성공 모델 열겠다""",nocutnews.co.kr,https://www.nocutnews.co.kr/news/6015722,요약,규칙기반 자동분류(제목·요약 낱말 대조)
2023-09-18,북한산,서울·경기,행정,기타,[정책브리핑] 2023년 09월 18일 월요일 주요 정책,sisunnews.co.kr,http://www.sisunnews.co.kr/news/articleView.html?idxno=200547,요약,규칙기반 자동분류(제목·요약 낱말 대조)
2023-09-16,북한산,서울·경기,행정,기타,청년의 참여로 정부정책 다양하게 개발한다,ikoreanspirit.com,http://www.ikoreanspirit.com/news/articleView.html?idxno=73394,요약,규칙기반 자동분류(제목·요약 낱말 대조)
2023-09-15,태안해안,충남 태안,행정,인사·조직,"한서대, 반려해변 전국대회서 해양환경공단 이사장상",dtnews24.com,http://www.dtnews24.com/news/articleView.html?idxno=754223,요약,규칙기반 자동분류(제목·요약 낱말 대조)
2023-09-15,태안해안,충남 태안,행정,인사·조직,"한서대, ""반려해변 전국대회"" 정화왕 선발, 해양환경공단 이사장상 수상",kyosu.net,http://www.kyosu.net/news/articleView.html?idxno=109668,요약,규칙기반 자동분류(제목·요약 낱말 대조)
2023-09-15,북한산,서울·경기,행정,기타,생물다양성정책 청년 의견 듣는다,bosa.co.kr,http://www.bosa.co.kr/news/articleView.html?idxno=2205670,요약,규칙기반 자동분류(제목·요약 낱말 대조)
2023-09-15,변산반도,전북 부안,행정,협약·협력,부안교육지원청·변산반도생태탐방원 실천중심 환경교육 지원 업무협약,domin.co.kr,http://www.domin.co.kr/news/articleView.html?idxno=1440111,제목,규칙기반 자동분류(제목·요약 낱말 대조)
2023-09-14,변산반도,전북 부안,행정,협약·협력,"부안교육지원청·변산반도생태탐방원, 실천중심 환경교육 업무협약 맺어",ibuan.com,https://www.ibuan.com/news/articleView.html?idxno=41121,제목,규칙기반 자동분류(제목·요약 낱말 대조)
2023-09-12,태안해안,충남 태안,행정,협약·협력,태안군 `마음봄 사업장' 협약,cctimes.kr,http://www.cctimes.kr/news/articleView.html?idxno=767566,요약,규칙기반 자동분류(제목·요약 낱말 대조)
2023-09-12,태안해안,충남 태안,행정,협약·협력,"태안군, 중장년층 자살예방 '마음봄 사업장' 운영",dynews.co.kr,http://www.dynews.co.kr/news/articleView.html?idxno=720492,요약,규칙기반 자동분류(제목·요약 낱말 대조)
2023-09-07,가야산,경북·경남,행정,인사·조직,[윤희영의 News English] 한국이 관광지로 인기 얻는 이유,chosun.com,https://www.chosun.com/opinion/specialist_column/2023/09/07/42GDG47TT5GLFAZBAU6TEDUIRI/?utm_source=naver&utm_medium=referral&utm_campaign=naver-news,요약,규칙기반 자동분류(제목·요약 낱말 대조)
2023-09-07,북한산,서울·경기,행정,인사·조직,"SK이노, 국립공원공단·해양경찰청 등 5개 기관과 손잡고 ‘산해진미’...",nspna.com,https://www.nspna.com/news/?mode=view&newsid=656512,요약,규칙기반 자동분류(제목·요약 낱말 대조)
2023-09-07,북한산,서울·경기,행정,협약·협력,"플로깅 캠페인 ‘산해진미’ 캠페인 확대, SK이노베이션·국립공원공단...",idsn.co.kr,https://idsn.co.kr/news/view/1065541331799989,요약,규칙기반 자동분류(제목·요약 낱말 대조)
2023-09-05,태안해안,충남 태안,행정,연구·용역,1년간 해양쓰레기 2000t 이상 수거…평년 3배 수준,asiatoday.co.kr,https://www.asiatoday.co.kr/view.php?key=20230905010002104,요약,규칙기반 자동분류(제목·요약 낱말 대조)
2023-09-05,변산반도,전북 부안,행정,인사·조직,[오늘과 내일]등산은 길이 끝난대서 시작된다,sjbnews.com,http://sjbnews.com/news/news.php?number=791498,요약,규칙기반 자동분류(제목·요약 낱말 대조)
2023-09-04,북한산,서울·경기,행정,법령·제도,"[현장 르포] 북한산에 사는 개와 고양이, 공존이냐 관리냐",san.chosun.com,http://san.chosun.com/news/articleView.html?idxno=23006,제목,규칙기반 자동분류(제목·요약 낱말 대조)
2023-09-04,북한산,서울·경기,행정,인사·조직,"SK이노, 국립공원공단·해양경찰청과 손잡고 환경보호 앞장",e2news.com,http://www.e2news.com/news/articleView.html?idxno=300356,요약,규칙기반 자동분류(제목·요약 낱말 대조)
2023-09-04,북한산,서울·경기,행정,인사·조직,"SK이노베이션, 5개 기관 손잡고 친환경 캠페인 확대",newswatch.kr,http://www.newswatch.kr/news/articleView.html?idxno=64636,요약,규칙기반 자동분류(제목·요약 낱말 대조)
2023-09-04,북한산,서울·경기,행정,인사·조직,"SK이노, 국립공원 등 5개기관과 MOU… '산해진미' 캠페인 확대 나서",seoulwire.com,http://www.seoulwire.com/news/articleView.html?idxno=514201,요약,규칙기반 자동분류(제목·요약 낱말 대조)
2023-09-04,북한산,서울·경기,행정,인사·조직,"SK이노베이션, 국립공원공단·해양경찰청 등 5개 기관과 플로깅 캠페인...",thedailypost.kr,https://www.thedailypost.kr/news/articleView.html?idxno=101277,요약,규칙기반 자동분류(제목·요약 낱말 대조)
2023-09-04,북한산,서울·경기,행정,인사·조직,"SK이노, 5개 기관과 '산해진미' 플로깅 활동 확대",daily.hankooki.com,https://daily.hankooki.com/news/articleView.html?idxno=995674,요약,규칙기반 자동분류(제목·요약 낱말 대조)
2023-09-04,북한산,서울·경기,행정,인사·조직,"SK이노베이션, 5개 기관과 함께 '플로깅' 캠페인 확대",womentimes.co.kr,http://www.womentimes.co.kr/news/articleView.html?idxno=62829,요약,규칙기반 자동분류(제목·요약 낱말 대조)
2023-09-04,북한산,서울·경기,행정,인사·조직,플로깅 캠페인 '산해진미' 산으로 바다로,naeil.com,http://www.naeil.com/news_view/?id_art=472478,요약,규칙기반 자동분류(제목·요약 낱말 대조)
2023-09-04,북한산,서울·경기,행정,협약·협력,"SK이노베이션, 5개 기관과 '산해진미' 캠페인 확대…""ESG 활동 범위 확대...",metroseoul.co.kr,http://www.metroseoul.co.kr/article/20230904500286,요약,규칙기반 자동분류(제목·요약 낱말 대조)
2023-09-04,북한산,서울·경기,행정,인사·조직,"SK이노베이션, 국립공원공단·해양경찰청 등 5개 기관과 손잡고 플로깅...",lkp.news,http://www.lkp.news/news/articleView.html?idxno=35549,요약,규칙기반 자동분류(제목·요약 낱말 대조)
2023-09-04,북한산,서울·경기,행정,협약·협력,"SK이노베이션, ""플로깅 캠페인 '산해진미' 산으로 바다로"" 캠페인 확대",worldkorean.net,http://www.worldkorean.net/news/articleView.html?idxno=49025,요약,규칙기반 자동분류(제목·요약 낱말 대조)
2023-09-04,북한산,서울·경기,행정,협약·협력,"SK이노베이션 걸으며 쓰레기 줍는 '플로깅', 공공기관들과 손잡고 전국...",businesspost.co.kr,https://www.businesspost.co.kr/BP?command=article_view&num=326229,요약,규칙기반 자동분류(제목·요약 낱말 대조)
2023-09-04,북한산,서울·경기,행정,인사·조직,"SK이노베이션, 국립공원공단·해양경찰청 등 5개 기관과 손잡고 캠페인...",mediapen.com,https://www.mediapen.com/news/view/851567,요약,규칙기반 자동분류(제목·요약 낱말 대조)
2023-09-04,북한산,서울·경기,행정,인사·조직,"SK이노베이션, 플로깅 캠페인 ‘산해진미’ 확대…5개 기관과 ‘맞손’",ceoscoredaily.com,https://www.ceoscoredaily.com/page/view/2023090409303756277,요약,규칙기반 자동분류(제목·요약 낱말 대조)
2023-09-04,북한산,서울·경기,행정,인사·조직,"SK이노베이션, 플로깅 캠페인 '산해진미' 전국으로 확대한다",greenpostkorea.co.kr,http://www.greenpostkorea.co.kr/news/articleView.html?idxno=210512,요약,규칙기반 자동분류(제목·요약 낱말 대조)
2023-09-04,북한산,서울·경기,행정,협약·협력,"SK이노베이션, 국립공원공단·해양경찰청 등 5개 기관과 친환경 활동 추...",paxetv.com,http://www.paxetv.com/news/articleView.html?idxno=184922,요약,규칙기반 자동분류(제목·요약 낱말 대조)
2023-09-04,북한산,서울·경기,행정,인사·조직,"SK이노베이션, '山海眞美' 플로깅 캠페인... ""친환경 문화 확산""",eroun.net,https://www.eroun.net/news/articleView.html?idxno=36845,요약,규칙기반 자동분류(제목·요약 낱말 대조)
2023-09-04,북한산,서울·경기,행정,인사·조직,SK이노 '플로깅' 범국민 캠페인으로...국립공원·해양경찰 등 5개 기관 ...,newstree.kr,https://www.newstree.kr/newsView/ntr202309040005,요약,규칙기반 자동분류(제목·요약 낱말 대조)
2023-09-04,북한산,서울·경기,행정,인사·조직,"SK이노베이션, 5개 기관과 '산해진미' 캠페인 확대",todayenergy.kr,http://www.todayenergy.kr/news/articleView.html?idxno=264137,요약,규칙기반 자동분류(제목·요약 낱말 대조)
2023-09-04,북한산,서울·경기,행정,인사·조직,"SK이노, 국립공원공단·해경과 '플로깅' 캠페인 확대 맞손",it.chosun.com,https://it.chosun.com/site/data/html_dir/2023/09/04/2023090401009.html,요약,규칙기반 자동분류(제목·요약 낱말 대조)
2023-09-04,북한산,서울·경기,행정,인사·조직,"SK이노, 범국민 ESG 캠페인 '산해진미' 전국 확산 본격화",ddaily.co.kr,https://www.ddaily.co.kr/page/view/2023090409240835585,요약,규칙기반 자동분류(제목·요약 낱말 대조)
2023-09-04,북한산,서울·경기,행정,인사·조직,"SK이노, 국립공원공단 등 5개 기관과 손잡고 ‘플로깅’ 캠페인 확대",edaily.co.kr,http://www.edaily.co.kr/news/newspath.asp?newsid=01626886635736840,요약,규칙기반 자동분류(제목·요약 낱말 대조)
2023-09-04,북한산,서울·경기,행정,인사·조직,"SK이노베이션, 국립공원공단 등 5개 기관 함께 '산해진미' 캠페인 확대",lcnews.co.kr,https://www.lcnews.co.kr/news/articleView.html?idxno=59334,요약,규칙기반 자동분류(제목·요약 낱말 대조)
2023-09-04,북한산,서울·경기,행정,협약·협력,"[1.5℃ HOW] SK이노베이션, 국립공원공단·해경 등과 손잡고 '플로깅' 캠...",hansbiz.co.kr,http://www.hansbiz.co.kr/news/articleView.html?idxno=662575,요약,규칙기반 자동분류(제목·요약 낱말 대조)
2023-09-04,북한산,서울·경기,행정,협약·협력,"SK이노베이션, 5개 기관과 '플로깅 캠페인' 추진확대 MOU",news.mt.co.kr,http://news.mt.co.kr/mtview.php?no=2023090408401924283,요약,규칙기반 자동분류(제목·요약 낱말 대조)
2023-09-04,북한산,서울·경기,행정,인사·조직,"""플로깅 캠페인 '산해진미' 산으로 바다로""… SK이노, 국립공원공단·해...",newscj.com,https://www.newscj.com/news/articleView.html?idxno=3059891,요약,규칙기반 자동분류(제목·요약 낱말 대조)
2023-09-04,북한산,서울·경기,행정,인사·조직,"SK이노, 국립공원공단·해경 등과 손잡고 '플로깅' 캠페인 확대",yna.co.kr,https://www.yna.co.kr/view/AKR20230904019800003?input=1195m,요약,규칙기반 자동분류(제목·요약 낱말 대조)
2023-09-04,북한산,서울·경기,행정,인사·조직,"SK이노베이션, 국립공원공단 등 5개 기관과 플로깅 캠페인 '산해진미' M...",discoverynews.kr,https://www.discoverynews.kr/news/articleView.html?idxno=1032436,요약,규칙기반 자동분류(제목·요약 낱말 대조)
2023-09-04,북한산,서울·경기,행정,인사·조직,"""플로깅 캠페인 산으로 바다로""…SK이노, 5개 기관과 캠페인 확대",inews24.com,http://www.inews24.com/view/1629049,요약,규칙기반 자동분류(제목·요약 낱말 대조)
2023-09-04,북한산,서울·경기,행정,협약·협력,"SK이노베이션, 국립공원공단·해경청 등 5개 기관과 손잡고 '플로깅 캠페...",cstimes.com,https://www.cstimes.com/news/articleView.html?idxno=558847,요약,규칙기반 자동분류(제목·요약 낱말 대조)
2023-09-04,북한산,서울·경기,행정,지정·구역,"SK이노, 국립공원공단·해양경찰청 등 5개 기관과 플로깅 캠페인 확대",4th.kr,http://www.4th.kr/news/articleView.html?idxno=2046760,요약,규칙기반 자동분류(제목·요약 낱말 대조)
2023-09-04,북한산,서울·경기,행정,협약·협력,"SK이노, 국립공원공단 등 손잡고 '산해진미' 캠페인 확대",goodkyung.com,http://www.goodkyung.com/news/articleView.html?idxno=216148,요약,규칙기반 자동분류(제목·요약 낱말 대조)
2023-09-04,북한산,서울·경기,행정,협약·협력,"SK이노 ""'산해진미' 캠페인, 5개 기관과 함께해요""",fnnews.com,http://www.fnnews.com/news/202309040848146581,요약,규칙기반 자동분류(제목·요약 낱말 대조)
2023-09-04,북한산,서울·경기,행정,협약·협력,"SK이노, 국립공원공단·해양경찰청과 산해진미 캠페인",straightnews.co.kr,https://www.straightnews.co.kr/news/articleView.html?idxno=237104,요약,규칙기반 자동분류(제목·요약 낱말 대조)
2023-08-30,북한산,서울·경기,행정,협약·협력,"국립공원공단, 범국민 탄소중립 실현 위한 민관 업무협약 체결",s-journal.co.kr,https://www.s-journal.co.kr/news/articleView.html?idxno=17257,요약,규칙기반 자동분류(제목·요약 낱말 대조)
2023-08-30,북한산,서울·경기,행정,협약·협력,"국립공원공단, 범국민 탄소중립 실현 위해 민관 업무협약 체결",fnnews.com,http://www.fnnews.com/news/202308301507282128,요약,규칙기반 자동분류(제목·요약 낱말 대조)
2023-08-30,북한산,서울·경기,행정,협약·협력,민관이 함께 산과 바다를 아름답게,naeil.com,http://www.naeil.com/news_view/?id_art=472024,요약,규칙기반 자동분류(제목·요약 낱말 대조)
2023-08-30,북한산,서울·경기,행정,협약·협력,"국립공원공단, SK이노 등과 '산해진미 캠페인' 업무협약",electimes.com,https://www.electimes.com/news/articleView.html?idxno=325188,요약,규칙기반 자동분류(제목·요약 낱말 대조)
2023-08-30,북한산,서울·경기,행정,협약·협력,"정부, 기후위기·탄소중립 실현 위해 민관 업무협약 체결",hansbiz.co.kr,http://www.hansbiz.co.kr/news/articleView.html?idxno=662051,요약,규칙기반 자동분류(제목·요약 낱말 대조)
2023-08-30,(전체·공통),전국·공통,행정,인사·조직,새만금 세계스카우트 잼버리 기간중 김현숙 여가부장관 공짜로 썼던 생...,jjan.kr,https://www.jjan.kr/article/20230830580188,해당없음,규칙기반 자동분류(제목·요약 낱말 대조)
2023-08-30,변산반도,전북 부안,행정,인사·조직,"거짓말이 거짓말을 낳고...""김현숙 장관이 묵은 외부 숙소는 원래 VIP용...",ikbc.co.kr,http://www.ikbc.co.kr/article/view/kbc202308300043,요약,규칙기반 자동분류(제목·요약 낱말 대조)
2023-08-30,변산반도,전북 부안,행정,인사·조직,"김현숙 장관이 묵은 잼버리 숙소, 스웨덴 국왕 등 'VIP' 전용이었다",inews24.com,http://www.inews24.com/view/1627850,요약,규칙기반 자동분류(제목·요약 낱말 대조)
2023-08-30,변산반도,전북 부안,행정,인사·조직,"이은주 의원 ""김현숙 장관이 공짜로 쓴 잼버리 숙소는 '해외 VIP용'""",jmbc.co.kr,http://www.jmbc.co.kr/news/view/35585,요약,규칙기반 자동분류(제목·요약 낱말 대조)
2023-08-30,변산반도,전북 부안,행정,인사·조직,"김현숙 장관 묵은 잼버리 숙소, 애초 스웨덴 국왕 등 'VIP 전용'",pressian.com,https://www.pressian.com/pages/articles/2023083011530577676?utm_source=naver&utm_medium=search,요약,규칙기반 자동분류(제목·요약 낱말 대조)
2023-08-30,팔공산,대구·경북,행정,예산·재정,"강대식 의원, ""팔공산 국립공원 신규 예산 150억원 확보""",imaeil.com,https://www.imaeil.com/page/view/2023083015543483591,제목,규칙기반 자동분류(제목·요약 낱말 대조)
2023-08-30,팔공산,대구·경북,행정,지정·구역,"국립공원 승격된 팔공산, 불교문화유산 꽃피운다",idaegu.co.kr,https://www.idaegu.co.kr/news/articleView.html?idxno=432252,제목,규칙기반 자동분류(제목·요약 낱말 대조)
2023-08-29,팔공산,대구·경북,행정,예산·재정,"하천 준설·댐 신설 등 치수 예산 대폭↑...환경부, 내년 예산 14.5조원",edaily.co.kr,http://www.edaily.co.kr/news/newspath.asp?newsid=02427206635712240,요약,규칙기반 자동분류(제목·요약 낱말 대조)
2023-08-27,변산반도,전북 부안,행정,의회·국정감사,이은주 의원 “김현숙 장관뿐 아니라 조직위 관계자도 공짜 숙박”,lawissue.co.kr,http://www.lawissue.co.kr/view.php?ud=20230827090045260992eef753eb_12,요약,규칙기반 자동분류(제목·요약 낱말 대조)
2023-08-27,변산반도,전북 부안,행정,인사·조직,김현숙 장관 혼자 묵었다더니 잼버리 조직위 관계자들도‘힐링’,sjbnews.com,http://sjbnews.com/news/news.php?number=790582,요약,규칙기반 자동분류(제목·요약 낱말 대조)
2023-08-27,변산반도,전북 부안,행정,의회·국정감사,"“김현숙·잼버리 조직위 80여명, 야영 않고 생태탐방원 무료 숙박”",biz.chosun.com,https://biz.chosun.com/topics/topics_social/2023/08/27/JE6UF25J5FAWXIE6MJ3RWK4K7A/?utm_source=naver&utm_medium=original&utm_campaign=biz,요약,규칙기반 자동분류(제목·요약 낱말 대조)
2023-08-26,변산반도,전북 부안,행정,인사·조직,"정의 이은주 ""김현숙 장관, 잼버리 조직위 관계자와 공짜 숙박""",ytn.co.kr,https://www.ytn.co.kr/_ln/0101_202308262231458191,요약,규칙기반 자동분류(제목·요약 낱말 대조)
2023-08-26,변산반도,전북 부안,행정,인사·조직,"탐방원서 묵은 김현숙 장관, 조직위 직원들과 함께 공짜 사용",ikbc.co.kr,http://www.ikbc.co.kr/article/view/kbc202308260030,요약,규칙기반 자동분류(제목·요약 낱말 대조)
2023-08-26,변산반도,전북 부안,행정,인사·조직,"[정치톡톡] 정율성 논란 / ""홍범도 흉상은 안 돼"" / ""여야 합의하면 출석...",mbn.co.kr,http://www.mbn.co.kr/pages/news/newsView.php?news_seq_no=4957787,요약,규칙기반 자동분류(제목·요약 낱말 대조)
2023-08-26,변산반도,전북 부안,행정,의회·국정감사,"이은주 ""김현숙 장관, 잼버리 조직위 관계자와 '공짜' 숙박""",mbn.mk.co.kr,http://mbn.mk.co.kr/pages/news/newsView.php?category=mbn00006&news_seq_no=4957717,요약,규칙기반 자동분류(제목·요약 낱말 대조)
2023-08-26,변산반도,전북 부안,행정,의회·국정감사,김현숙 장관 이번엔 잼버리 공짜 숙박 논란,edaily.co.kr,http://www.edaily.co.kr/news/newspath.asp?newsid=01269366635711256,요약,규칙기반 자동분류(제목·요약 낱말 대조)
2023-08-26,변산반도,전북 부안,행정,인사·조직,"이은주 ""김현숙, 잼버리 조직위 관계자와 공짜 숙박""",yonhapnewstv.co.kr,http://www.yonhapnewstv.co.kr/MYH20230826000900641/?input=1825m,요약,규칙기반 자동분류(제목·요약 낱말 대조)
2023-08-26,변산반도,전북 부안,행정,의회·국정감사,김현숙 잼버리 외부 숙소도 공짜였나…“인터넷 예약 막혀”,seoul.co.kr,https://www.seoul.co.kr/news/newsView.php?id=20230826500010&wlog_tag3=naver,요약,규칙기반 자동분류(제목·요약 낱말 대조)
2023-08-26,변산반도,전북 부안,행정,의회·국정감사,이은주 “김현숙 장관뿐 아니라 조직위 관계자도 숙소에 묵었다”,segye.com,http://www.segye.com/newsView/20230826502044?OutUrl=naver,요약,규칙기반 자동분류(제목·요약 낱말 대조)
2023-08-25,변산반도,전북 부안,행정,의회·국정감사,"“김현숙, 잼버리 조직위 관계자와 공짜 숙박”",munhwa.com,https://www.munhwa.com/news/view.html?no=2023082501039910126004,요약,규칙기반 자동분류(제목·요약 낱말 대조)
2023-08-25,변산반도,전북 부안,행정,의회·국정감사,"이은주 ""김현숙, 잼버리 관계자 80여명과 공짜 숙박""",newsis.com,http://www.newsis.com/view/?id=NISX20230825_0002426953&cID=10301&pID=10300,요약,규칙기반 자동분류(제목·요약 낱말 대조)
2023-08-25,변산반도,전북 부안,행정,의회·국정감사,"이은주 의원 “김현숙 장관, 영지 아닌 외부 숙소서 공짜 숙박”",kukinews.com,http://www.kukinews.com/newsView/kuk202308250165,요약,규칙기반 자동분류(제목·요약 낱말 대조)
2023-08-25,변산반도,전북 부안,행정,의회·국정감사,"이은주 의원 ""김현숙 장관, 잼버리 조직위 관계자와 공짜 숙박""",daejonilbo.com,http://www.daejonilbo.com/news/articleView.html?idxno=2081802,요약,규칙기반 자동분류(제목·요약 낱말 대조)
2023-08-25,변산반도,전북 부안,행정,의회·국정감사,"김현숙 장관, 잼버리 때 국립공원 숙소서 '공짜'로 잤나?",imaeil.com,https://www.imaeil.com/page/view/2023082520035527542,요약,규칙기반 자동분류(제목·요약 낱말 대조)
2023-08-25,변산반도,전북 부안,행정,의회·국정감사,"""여가부장관 비롯 수십 명 공짜 숙박...잼버리 조직위관계자 등 야영지...",metroseoul.co.kr,http://www.metroseoul.co.kr/article/20230825500318,요약,규칙기반 자동분류(제목·요약 낱말 대조)
2023-08-22,변산반도,전북 부안,행정,인사·조직,새만금잼버리 기간 '각종 사건들' 조직위 '은폐 의혹'...경찰·스카우트...,jbsori.com,http://www.jbsori.com/news/articleView.html?idxno=12061,요약,규칙기반 자동분류(제목·요약 낱말 대조)
2023-08-21,변산반도,전북 부안,행정,기타,잼버리 초반 열흘 동안 환자 8천 명 발생,ytn.co.kr,https://www.ytn.co.kr/_ln/0103_202308211827059968,요약,규칙기반 자동분류(제목·요약 낱말 대조)
2023-08-21,변산반도,전북 부안,행정,협약·협력,"전북경찰, 김현숙 여가부 장관 신변위협 게시글 수사",news1.kr,https://www.news1.kr/articles/5145744,요약,규칙기반 자동분류(제목·요약 낱말 대조)
2023-08-20,변산반도,전북 부안,행정,인사·조직,"잼버리 숙영지 안지킨 김현숙 장관…여가부 ""SNS서 신변 위협 협박글 때...",imaeil.com,https://www.imaeil.com/page/view/2023082022105114576,요약,규칙기반 자동분류(제목·요약 낱말 대조)
2023-08-20,변산반도,전북 부안,행정,기타,"여가부 ""김현숙 장관, 신변 위협 협박에 잼버리 숙영 안한 것""",view.asiae.co.kr,https://view.asiae.co.kr/article/2023082020532856306,요약,규칙기반 자동분류(제목·요약 낱말 대조)
2023-08-20,변산반도,전북 부안,행정,의회·국정감사,"""신변의 위협 때문…"" 현장 지키라는 지시에도 잼버리 숙영 대신 '신축...",huffingtonpost.kr,https://www.huffingtonpost.kr/news/articleView.html?idxno=212230,요약,규칙기반 자동분류(제목·요약 낱말 대조)
2023-08-20,변산반도,전북 부안,행정,기타,"잼버리 숙영 않고 따로 잔 여가부 장관…""신변 위협받아"" 해명",joongang.co.kr,https://www.joongang.co.kr/article/25185965,요약,규칙기반 자동분류(제목·요약 낱말 대조)
2023-08-20,변산반도,전북 부안,행정,기타,"김현숙 장관 ""잼버리 숙영지 떠난 이유…신변의 위협 때문""",edaily.co.kr,http://www.edaily.co.kr/news/newspath.asp?newsid=01817126635709288,요약,규칙기반 자동분류(제목·요약 낱말 대조)
2023-08-20,변산반도,전북 부안,행정,인사·조직,"여가부 ""김현숙 장관, 신변 위협 협박으로 잼버리 숙영 안 한 것""",news1.kr,https://www.news1.kr/articles/5145431,요약,규칙기반 자동분류(제목·요약 낱말 대조)
2023-08-20,변산반도,전북 부안,행정,인사·조직,"여가부 ""장관, 신변위협으로 잼버리에서 숙영 안해""",weekly.chosun.com,http://weekly.chosun.com/news/articleView.html?idxno=28439,요약,규칙기반 자동분류(제목·요약 낱말 대조)
2023-08-19,변산반도,전북 부안,행정,인사·조직,"""잼버리 현장 지켜라"" 지시에도… 여가부 장관, 17㎞ 떨어진 국립공원 ...",seoulwire.com,http://www.seoulwire.com/news/articleView.html?idxno=512705,요약,규칙기반 자동분류(제목·요약 낱말 대조)
2023-08-11,북한산,서울·경기,행정,협약·협력,"성북구, 법정문화도시 추진 위해 12개 기관 공동 업무협약",newsmaker.or.kr,http://www.newsmaker.or.kr/news/articleView.html?idxno=142851,요약,규칙기반 자동분류(제목·요약 낱말 대조)
2023-08-11,북한산,서울·경기,행정,협약·협력,"성북구, 12개 기관과 '제5차 법정문화도시 선정' 추진",safetimes.co.kr,http://www.safetimes.co.kr/news/articleView.html?idxno=207018,요약,규칙기반 자동분류(제목·요약 낱말 대조)
2023-08-11,북한산,서울·경기,행정,협약·협력,"성북구, 12개 공공기관과 업무협약…법정문화도시 선정 추진",jeonmae.co.kr,https://www.jeonmae.co.kr/news/articleView.html?idxno=975229,요약,규칙기반 자동분류(제목·요약 낱말 대조)
2023-08-09,태안해안,충남 태안,행정,인사·조직,"태안해안국립공원, 민간구조협력단 합동 인명구조 훈련",news1.kr,https://www.news1.kr/articles/5135736,제목,규칙기반 자동분류(제목·요약 낱말 대조)
2023-08-08,지리산,전남·전북·경남,행정,협약·협력,"산청소방서, 지리산국립공원 경남사무소 간담회",fpn119.co.kr,http://fpn119.co.kr/201976,제목,규칙기반 자동분류(제목·요약 낱말 대조)
2023-08-02,덕유산,전북·경남,행정,협약·협력,"페트병 이어 알루미늄캔까지…CJ대한통운, 자원순환 핵심고리로",apnews.kr,https://www.apnews.kr/news/articleView.html?idxno=3011773,요약,규칙기반 자동분류(제목·요약 낱말 대조)
2023-07-25,변산반도,전북 부안,행정,인사·조직,"변산반도국립공원, 35년 만에 고사포 되찾아…미사용 군사시설 철거",ibuan.com,https://www.ibuan.com/news/articleView.html?idxno=40776,제목,규칙기반 자동분류(제목·요약 낱말 대조)
2023-07-25,팔공산,대구·경북,행정,지정·구역,팔공산 국립공원 승격 기념 시티투어 특별 노선 운영,nocutnews.co.kr,https://www.nocutnews.co.kr/news/5983030,제목,규칙기반 자동분류(제목·요약 낱말 대조)
2023-07-23,경주,경북 경주,행정,협약·협력,"경주국립공원-포스코DX, 국립공원 자원 보전에 힘을 합친다",yeongnam.com,https://www.yeongnam.com/web/view.php?key=20230723010002947,제목,규칙기반 자동분류(제목·요약 낱말 대조)
2023-07-13,한라산,제주,행정,인사·조직,[인사종합] 감사원·법무부·국토부 등,safetimes.co.kr,http://www.safetimes.co.kr/news/articleView.html?idxno=206117,요약,규칙기반 자동분류(제목·요약 낱말 대조)
2023-07-12,한라산,제주,행정,인사·조직,2023년 제주도 하반기 정기 인사 프로필,jemin.com,http://www.jemin.com/news/articleView.html?idxno=757954,요약,규칙기반 자동분류(제목·요약 낱말 대조)
2023-07-12,소백산,충북·경북,행정,협약·협력,"첨단베어링 국가산단, 최근 5년 국가산단 중 최단기 승인 눈앞",yeongnam.com,https://www.yeongnam.com/web/view.php?key=20230627010003582,요약,규칙기반 자동분류(제목·요약 낱말 대조)
2023-07-12,무등산,광주·전남,행정,인사·조직,"광주경총, 노사정 한마음 결의대회서 노사상생 협약 체결",segye.com,http://www.segye.com/content/html/2023/07/12/20230712522878.html?OutUrl=naver,요약,규칙기반 자동분류(제목·요약 낱말 대조)
2023-07-12,설악산,강원,행정,지정·구역,국립공원 샛길 출입 집중 단속,chmbc.co.kr,https://chmbc.co.kr/article/pywRE8-TIby,요약,규칙기반 자동분류(제목·요약 낱말 대조)
2023-07-12,팔공산,대구·경북,행정,지정·구역,"[창간 15주년 특집] 홍준표 대구시장 ""30년 쇠락 마침표···미래 50년 대...",kbsm.net,http://www.kbsm.net/news/view.php?idx=397919,요약,규칙기반 자동분류(제목·요약 낱말 대조)
2023-07-11,지리산,전남·전북·경남,행정,의회·국정감사,"전북국회의원-도-시군 예산정책협의회 개최 ""예산확보 총력""",dailysportshankook.co.kr,https://www.dailysportshankook.co.kr/news/articleView.html?idxno=307563,요약,규칙기반 자동분류(제목·요약 낱말 대조)
2023-07-10,한려해상,경남·전남,행정,기타,[민선 8기 1년 성과와 과제] 박동식 사천시장,gnnews.co.kr,http://www.gnnews.co.kr/news/articleView.html?idxno=531634,요약,규칙기반 자동분류(제목·요약 낱말 대조)
2023-07-10,태안해안,충남 태안,행정,지정·구역,[왕성상의 그 노래 그 사연] 서해안 만리포해수욕장 배경으로 만들어진...,wsobi.com,http://www.wsobi.com/news/articleView.html?idxno=206494,요약,규칙기반 자동분류(제목·요약 낱말 대조)
2023-07-05,태안해안,충남 태안,행정,협약·협력,태안해안국립공원사무소-한서대학교 업무협약 체결,chungnamilbo.co.kr,http://www.chungnamilbo.co.kr/news/articleView.html?idxno=723744,제목,규칙기반 자동분류(제목·요약 낱말 대조)
2023-07-05,태안해안,충남 태안,행정,협약·협력,태안해안국립공원-한서대 탄소중립 업무협약,daily.hankooki.com,https://daily.hankooki.com/news/articleView.html?idxno=975146,제목,규칙기반 자동분류(제목·요약 낱말 대조)
2023-07-05,북한산,서울·경기,행정,인사·조직,"[더 리더] 오언석 도봉구청장 “도봉구 출범 50주년, 발로 뛰는 현장형...",news.mtn.co.kr,https://news.mtn.co.kr/news-detail/2023070513323621816,요약,규칙기반 자동분류(제목·요약 낱말 대조)
2023-07-05,팔공산,대구·경북,행정,지정·구역,"홍준표 대구시장, ""더 멀리, 더 크게, 대구 정책 신뢰 부탁한다""",ilyo.co.kr,https://ilyo.co.kr/?ac=article_view&entry_id=454934,요약,규칙기반 자동분류(제목·요약 낱말 대조)
2023-07-05,팔공산,대구·경북,행정,지정·구역,"홍준표號 1년, 미래50년 대구 번영 도약 발판 마련",news.bbsi.co.kr,https://news.bbsi.co.kr/news/articleView.html?idxno=3116812,요약,규칙기반 자동분류(제목·요약 낱말 대조)
2023-07-03,경주,경북 경주,행정,인사·조직,[인물수첩] 김창길 신임 경주국립공원사무소장,imaeil.com,https://www.imaeil.com/page/view/2023070310505113207,제목,규칙기반 자동분류(제목·요약 낱말 대조)
2023-07-03,지리산,전남·전북·경남,행정,인사·조직,"지리산국립공원경남사무소, 김종식 신임 소장 부임",gnnews.co.kr,http://www.gnnews.co.kr/news/articleView.html?idxno=531333,제목,규칙기반 자동분류(제목·요약 낱말 대조)
2023-07-02,경주,경북 경주,행정,인사·조직,오늘의 인사 - 2023년 7월 3일,khan.co.kr,https://www.khan.co.kr/article/202307022206065,요약,규칙기반 자동분류(제목·요약 낱말 대조)
2023-07-02,경주,경북 경주,행정,인사·조직,경주국립공원사무소 김창길 소장 취임,newsis.com,http://www.newsis.com/view/?id=NISX20230702_0002360617&cID=10810&pID=10800,제목,규칙기반 자동분류(제목·요약 낱말 대조)
2023-07-02,경주,경북 경주,행정,인사·조직,김창길 국립공원공단 경주국립공원사무소장 취임,yeongnam.com,https://www.yeongnam.com/web/view.php?key=20230702010000073,제목,규칙기반 자동분류(제목·요약 낱말 대조)
2023-07-02,설악산,강원,행정,인사·조직,[새얼굴]이진철 신임 설악산국립공원사무소장,kwnews.co.kr,https://www.kwnews.co.kr/page/view/2023063013560644803,제목,규칙기반 자동분류(제목·요약 낱말 대조)
2023-07-02,속리산,충북·경북,행정,인사·조직,국립공원 속리산 사무소장 이상철 부임,dynews.co.kr,http://www.dynews.co.kr/news/articleView.html?idxno=711429,제목,규칙기반 자동분류(제목·요약 낱말 대조)
2023-07-02,속리산,충북·경북,행정,인사·조직,속리산국립공원사무소 이상철 신임 소장 부임,ggilbo.com,http://www.ggilbo.com/news/articleView.html?idxno=981641,제목,규칙기반 자동분류(제목·요약 낱말 대조)
2023-07-02,지리산,전남·전북·경남,행정,인사·조직,"김종식 지리산국립공원사무소장 ""지역사회와 ESG 경영""",gnmaeil.com,http://www.gnmaeil.com/news/articleView.html?idxno=521748,제목,규칙기반 자동분류(제목·요약 낱말 대조)
2023-07-02,지리산,전남·전북·경남,행정,인사·조직,지리산 국립공원경남사무소 김종식 소장 부임,kookje.co.kr,http://www.kookje.co.kr/news2011/asp/newsbody.asp?code=0300&key=20230702.99099000056,제목,규칙기반 자동분류(제목·요약 낱말 대조)
2023-07-02,소백산,충북·경북,행정,협약·협력,"박남서 시장 ""활력 넘치는 경제·문화도시 도약""",kyongbuk.co.kr,http://www.kyongbuk.co.kr/news/articleView.html?idxno=2135625,요약,규칙기반 자동분류(제목·요약 낱말 대조)
2023-06-30,경주,경북 경주,행정,인사·조직,[인사] 기획재정부 外,globalepic.co.kr,http://www.globalepic.co.kr/view.php?ud=202306301836498334aba9b94271_29,요약,규칙기반 자동분류(제목·요약 낱말 대조)
2023-06-30,경주,경북 경주,행정,인사·조직,[인사] 동아일보 외,readersnews.com,http://www.readersnews.com/news/articleView.html?idxno=109130,요약,규칙기반 자동분류(제목·요약 낱말 대조)
2023-06-30,경주,경북 경주,행정,인사·조직,[인사]﻿국립공원공단 인사발령,sentv.co.kr,http://www.sentv.co.kr/news/view/660980,요약,규칙기반 자동분류(제목·요약 낱말 대조)
2023-06-30,경주,경북 경주,행정,인사·조직,"[인사] 국립공원공단, 전남매일, 채널A",businesspost.co.kr,https://www.businesspost.co.kr/BP?command=article_view&num=319825,요약,규칙기반 자동분류(제목·요약 낱말 대조)
2023-06-30,경주,경북 경주,행정,인사·조직,[오늘의 인사 : 6월 30일] 행정안전부·보건복지부·금융위원회·문화재...,news2day.co.kr,https://www.news2day.co.kr/article/20230630500206,요약,규칙기반 자동분류(제목·요약 낱말 대조)
2023-06-30,소백산,충북·경북,행정,협약·협력,"<특집> 영주시, 활력 넘치는 경제도시ㆍ힘 있는 문화도시로 도약",ksmnews.co.kr,http://www.ksmnews.co.kr/default/index_view_page.php?idx=433240&part_idx=243,요약,규칙기반 자동분류(제목·요약 낱말 대조)
2023-06-29,무등산,광주·전남,행정,지정·구역,"강기정 광주시장 ""새로운 변화와 도전 이끌어가겠다""",enewstoday.co.kr,http://www.enewstoday.co.kr/news/articleView.html?idxno=2014651,요약,규칙기반 자동분류(제목·요약 낱말 대조)
2023-06-27,한려해상,경남·전남,행정,인사·조직,"'취임 1주년' 박동식 사천시장 ""우주항공·해양관광 중심 도시로 육성""",newspim.com,http://www.newspim.com/news/view/20230627000399,요약,규칙기반 자동분류(제목·요약 낱말 대조)
2023-06-27,변산반도,전북 부안,행정,인사·조직,"부안해양경찰서, 2023 세계잼버리 해양사고 예방 총력",sjbnews.com,http://sjbnews.com/news/news.php?number=784602,요약,규칙기반 자동분류(제목·요약 낱말 대조)
2023-06-27,변산반도,전북 부안,행정,인사·조직,"부안해양경찰서, 잼버리 해양사고 예방을 위한 T/F팀 꾸려",ibuan.com,https://www.ibuan.com/news/articleView.html?idxno=40547,요약,규칙기반 자동분류(제목·요약 낱말 대조)
2023-06-27,변산반도,전북 부안,행정,인사·조직,"부안해양경찰서, ""2023 새만금 제25회 세계스카우트 잼버리"" 해양사고 예...",jeollailbo.com,http://www.jeollailbo.com/news/articleView.html?idxno=696971,요약,규칙기반 자동분류(제목·요약 낱말 대조)
2023-06-26,한려해상,경남·전남,행정,인사·조직,"박동식 사천시장, 민선8기 취임 1년을 뒤 돌아본다",newsprime.co.kr,http://www.newsprime.co.kr/news/article.html?no=604902,요약,규칙기반 자동분류(제목·요약 낱말 대조)
2023-06-26,소백산,충북·경북,행정,협약·협력,"첨단베어링 산단·소백산 케이블카… 영주시, 숙원사업 해결'속도'",dkilbo.com,https://www.dkilbo.com/news/articleView.html?idxno=405236,제목,규칙기반 자동분류(제목·요약 낱말 대조)
2023-06-26,소백산,충북·경북,행정,협약·협력,"영주시 민선8기 1주년 ""새로운 변화의 시작""",gukjenews.com,https://www.gukjenews.com/news/articleView.html?idxno=2750768,요약,규칙기반 자동분류(제목·요약 낱말 대조)
2023-06-26,소백산,충북·경북,행정,협약·협력,"[민선8기 1주년-영주] 박남서 영주시장 ""정책에 민심 옷 입혀 시민 행복...",newscj.com,https://www.newscj.com/news/articleView.html?idxno=3039596,요약,규칙기반 자동분류(제목·요약 낱말 대조)
2023-06-26,소백산,충북·경북,행정,협약·협력,"영주시 민선8기 1주년, ‘시민과 소통’ 성과",tk.newdaily.co.kr,https://tk.newdaily.co.kr/site/data/html/2023/06/26/2023062600241.html,요약,규칙기반 자동분류(제목·요약 낱말 대조)
2023-06-26,소백산,충북·경북,행정,협약·협력,"'기회의 땅' 영주, 활력 넘치는 경제·문화도시 조성 '신호탄'",hidomin.com,http://www.hidomin.com/news/articleView.html?idxno=519288,요약,규칙기반 자동분류(제목·요약 낱말 대조)
2023-06-26,소백산,충북·경북,행정,협약·협력,"[인터뷰] '취임 1년' 박남서 영주시장 ""활력 넘치는 경제도시 만들겠다...",daily.hankooki.com,https://daily.hankooki.com/news/articleView.html?idxno=971682,요약,규칙기반 자동분류(제목·요약 낱말 대조)
2023-06-26,소백산,충북·경북,행정,협약·협력,[민선8기 1주년 경북] 영주시 “새로운 변화의 시작”,wikitree.co.kr,https://www.wikitree.co.kr/articles/864422,요약,규칙기반 자동분류(제목·요약 낱말 대조)
2023-06-26,소백산,충북·경북,행정,협약·협력,[기획] 민선 8기 1주년 맞은 박남서 영주시장,viva100.com,https://www.viva100.com/main/view.php?key=20230626010007144,요약,규칙기반 자동분류(제목·요약 낱말 대조)
2023-06-26,소백산,충북·경북,행정,협약·협력,'새로운 변화의 시작' 영주시...활력넘치는 경제도시·힘 있는 문화도시...,asiatoday.co.kr,https://www.asiatoday.co.kr/view.php?key=20230626010012959,요약,규칙기반 자동분류(제목·요약 낱말 대조)
2023-06-26,소백산,충북·경북,행정,협약·협력,"[민선8기 1주년]박남서 영주시장 ""활력 넘치는 경제·관광도시 기반 마...",ekn.kr,https://www.ekn.kr/web/view.php?key=20230626010006269,요약,규칙기반 자동분류(제목·요약 낱말 대조)
2023-06-23,태안해안,충남 태안,행정,지정·구역,원산도 일대 글로벌 레저관광지화,munhwa.com,https://www.munhwa.com/news/view.html?no=2023062301031827102003,요약,규칙기반 자동분류(제목·요약 낱말 대조)
2023-06-23,금정산,부산·경남,행정,지정·구역,'부산을 바꾸자'(17)-이성근 부산그린트러스트 상임이사,news.bbsi.co.kr,https://news.bbsi.co.kr/news/articleView.html?idxno=3115405,요약,규칙기반 자동분류(제목·요약 낱말 대조)
2023-06-22,월출산,전남,행정,인사·조직,"[민선8기 우승희 영암군수 취임 1주년 인터뷰] ""정체된 영암에 혁신의 ...",pressian.com,https://www.pressian.com/pages/articles/2023062217461921557?utm_source=naver&utm_medium=search,요약,규칙기반 자동분류(제목·요약 낱말 대조)
2023-06-21,태안해안,충남 태안,행정,지정·구역,올 여름휴가 ‘오섬 아일랜드(Awesome Islands)’ 로 떠나볼까···보령 ...,mk.co.kr,https://www.mk.co.kr/article/10765497,요약,규칙기반 자동분류(제목·요약 낱말 대조)
2023-06-20,치악산,강원 원주,행정,기타,[혁신도시는 지금]“강원자치도 출범 축하…혁신도시 기관도 힘 보태”,kwnews.co.kr,https://www.kwnews.co.kr/page/view/2023062010072680960,요약,규칙기반 자동분류(제목·요약 낱말 대조)
2023-06-14,태안해안,충남 태안,행정,지정·구역,휴가철 독특한 매력 물씬한 보령 섬으로의 초대,gukjenews.com,https://www.gukjenews.com/news/articleView.html?idxno=2741384,요약,규칙기반 자동분류(제목·요약 낱말 대조)
2023-06-13,태안해안,충남 태안,행정,기타,"태안해안국립공원, 취약계층 대상 '친환경 숲 속 결혼식' 운영",chungnamilbo.co.kr,http://www.chungnamilbo.co.kr/news/articleView.html?idxno=720192,제목,규칙기반 자동분류(제목·요약 낱말 대조)
2023-06-13,태안해안,충남 태안,행정,인사·조직,"태안해안국립공원, ‘친환경 숲 속 결혼식’ 진행",joongdo.co.kr,http://www.joongdo.co.kr/web/view.php?key=20230613010003268,제목,규칙기반 자동분류(제목·요약 낱말 대조)
2023-06-12,한려해상,경남·전남,행정,의회·국정감사,"국회, '그린바이오산업 육성에 관한 법률안' 등 85건의 법률안 제•개정...",straightnews.co.kr,https://www.straightnews.co.kr/news/articleView.html?idxno=231787,요약,규칙기반 자동분류(제목·요약 낱말 대조)
2023-06-08,태안해안,충남 태안,행정,기타,"태안군, 관내 24개 설계사무소 관계자와 '간담회'",gukjenews.com,https://www.gukjenews.com/news/articleView.html?idxno=2737435,요약,규칙기반 자동분류(제목·요약 낱말 대조)
2023-06-08,태안해안,충남 태안,행정,기타,"태안군, '신속·정확한 인허가' 위해 머리 맞대",dynews.co.kr,http://www.dynews.co.kr/news/articleView.html?idxno=708162,요약,규칙기반 자동분류(제목·요약 낱말 대조)
2023-06-08,태안해안,충남 태안,행정,기타,"충남 태안군, 지역 설계사무소와의 간담회 개최",newsfreezone.co.kr,http://www.newsfreezone.co.kr/news/articleView.html?idxno=475732,요약,규칙기반 자동분류(제목·요약 낱말 대조)
2023-06-08,태백산,강원·경북,행정,지정·구역,하얀색 범꼬리가 바람에 살랑이자 스님과 동자 전설이 이내 피어난다,kbmaeil.com,http://www.kbmaeil.com/news/articleView.html?idxno=960444,요약,규칙기반 자동분류(제목·요약 낱말 대조)
2023-06-06,태안해안,충남 태안,행정,협약·협력,"한서대, 우간다 민간항공청과 상호 협력 협정 체결",joongdo.co.kr,http://www.joongdo.co.kr/web/view.php?key=20230606010001432,요약,규칙기반 자동분류(제목·요약 낱말 대조)
2023-06-06,태안해안,충남 태안,행정,협약·협력,"충남 충남 서산한서대학교, 바다의날 기념 태안 해안 환경정화 활동 실...",ccdn.co.kr,https://www.ccdn.co.kr/news/articleView.html?idxno=918626,요약,규칙기반 자동분류(제목·요약 낱말 대조)
2023-06-06,태안해안,충남 태안,행정,협약·협력,"한서대학교, 바다의날 기념 '해안 환경정화'활동 실시",ccdailynews.com,https://www.ccdailynews.com/news/articleView.html?idxno=2208767,요약,규칙기반 자동분류(제목·요약 낱말 대조)
2023-06-06,태안해안,충남 태안,행정,협약·협력,"한서대, 바다의날 기념 태안 해안 환경정화 활동",news.unn.net,https://news.unn.net/news/articleView.html?idxno=547812,요약,규칙기반 자동분류(제목·요약 낱말 대조)
2023-06-06,태안해안,충남 태안,행정,협약·협력,"한서대, 바다의날 기념 태안 해안 환경정화 활동 실시",metroseoul.co.kr,http://www.metroseoul.co.kr/article/20230606500139,요약,규칙기반 자동분류(제목·요약 낱말 대조)
2023-06-05,팔공산,대구·경북,행정,지정·구역,"[차한잔] 김성수 대구팔공문화원 원장 ""팔공산국립공원 지정, 깊이 있는...",imaeil.com,https://www.imaeil.com/page/view/2023060216330429073,제목,규칙기반 자동분류(제목·요약 낱말 대조)
2023-05-31,지리산,전남·전북·경남,행정,기타,"국립공원공단 동부지역본부, 진주시 유치 최종 확정",nocutnews.co.kr,https://www.nocutnews.co.kr/news/5951863,요약,규칙기반 자동분류(제목·요약 낱말 대조)
2023-05-30,팔공산,대구·경북,행정,지정·구역,팔공산 은해사 부처님오신날 봉축법요식 봉행,hyunbulnews.com,http://www.hyunbulnews.com/news/articleView.html?idxno=409382,제목,규칙기반 자동분류(제목·요약 낱말 대조)
2023-05-26,팔공산,대구·경북,행정,지정·구역,영남 명산 팔공산 23번째 국립공원 승격 5233억원,kbsm.net,http://www.kbsm.net/news/view.php?idx=392993,제목,규칙기반 자동분류(제목·요약 낱말 대조)
2023-05-25,팔공산,대구·경북,행정,지정·구역,"조명희 의원 ""팔공산 국립공원, 에코관광벨트 선정"" 추진",dkilbo.com,https://www.dkilbo.com/news/articleView.html?idxno=402109,제목,규칙기반 자동분류(제목·요약 낱말 대조)
2023-05-24,팔공산,대구·경북,행정,지정·구역,팔공산도립공원 23번째 국립공원 지정[그래픽뉴스],nocutnews.co.kr,https://www.nocutnews.co.kr/news/5948620,제목,규칙기반 자동분류(제목·요약 낱말 대조)
2023-05-24,태백산,강원·경북,행정,지정·구역,"팔공산, 23번째 국립공원으로 승격...태백산 이후 7년만",dailyt.co.kr,https://www.dailyt.co.kr/newsView/dlt202305240010,제목,규칙기반 자동분류(제목·요약 낱말 대조)
2023-05-24,팔공산,대구·경북,행정,지정·구역,"경북도,대구·경북의 명산 ‘팔공산’…23번째 국립공원 승격!",siminilbo.co.kr,https://www.siminilbo.co.kr/news/newsview.php?ncode=1160274391753023,제목,규칙기반 자동분류(제목·요약 낱말 대조)
2023-05-24,팔공산,대구·경북,행정,지정·구역,[뉴스속 그곳]23번째 국립공원 승격 '팔공산',view.asiae.co.kr,https://view.asiae.co.kr/article/2023052409420301454,제목,규칙기반 자동분류(제목·요약 낱말 대조)
2023-05-24,팔공산,대구·경북,행정,지정·구역,"팔공산, 국립공원 승격…7년 만에 새 국립공원 탄생",zdnet.co.kr,https://zdnet.co.kr/view/?no=20230524092103,제목,규칙기반 자동분류(제목·요약 낱말 대조)
2023-05-24,팔공산,대구·경북,행정,지정·구역,대구·경북 대표 명산 '팔공산'…23번째 국립공원 승격,seoulwire.com,http://www.seoulwire.com/news/articleView.html?idxno=503350,제목,규칙기반 자동분류(제목·요약 낱말 대조)
2023-05-23,태백산,강원·경북,행정,지정·구역,팔공산 태백산 이후 7년만에 23번째 국립공원 승격,goodnews1.com,https://www.goodnews1.com/news/articleView.html?idxno=421348,제목,규칙기반 자동분류(제목·요약 낱말 대조)
2023-05-23,태백산,강원·경북,행정,지정·구역,"팔공산, 국립공원으로 승격...태백산 이후 7년만에 23호 지정",news.heraldcorp.com,http://news.heraldcorp.com/view.php?ud=20230523000661,제목,규칙기반 자동분류(제목·요약 낱말 대조)
2023-05-23,태백산,강원·경북,행정,지정·구역,팔공산 23번째 국립공원 승격…태백산 이후 7년만,view.asiae.co.kr,https://view.asiae.co.kr/article/2023052316572960869,제목,규칙기반 자동분류(제목·요약 낱말 대조)
2023-05-23,팔공산,대구·경북,행정,지정·구역,팔공산 도립공원 43년 만에 국립공원 승격,dkilbo.com,https://www.dkilbo.com/news/articleView.html?idxno=401817,제목,규칙기반 자동분류(제목·요약 낱말 대조)
2023-05-23,팔공산,대구·경북,행정,지정·구역,"“생태·문화자원 풍부”…팔공산, 23번째 국립공원 지정",news.kbs.co.kr,https://news.kbs.co.kr/news/view.do?ncd=7682579&ref=A,제목,규칙기반 자동분류(제목·요약 낱말 대조)
2023-05-23,팔공산,대구·경북,행정,지정·구역,팔공산 국립공원 승격,idaegu.co.kr,https://www.idaegu.co.kr/news/articleView.html?idxno=421251,제목,규칙기반 자동분류(제목·요약 낱말 대조)
2023-05-23,팔공산,대구·경북,행정,지정·구역,TBC)대구경북 대표 명산 '팔공산' 국립공원 승격,tbc.co.kr,http://www.tbc.co.kr/tbc_news/n14_newsview.html?p_no=20230523163302AE09804,제목,규칙기반 자동분류(제목·요약 낱말 대조)
2023-05-23,팔공산,대구·경북,행정,지정·구역,영남 명산 ‘팔공산’ 23번째 국립공원으로 승격,nongmin.com,https://www.nongmin.com/article/20230523500353,제목,규칙기반 자동분류(제목·요약 낱말 대조)
2023-05-23,팔공산,대구·경북,행정,지정·구역,"대구·경북지역의 명산 '팔공산', 23번째 국립공원 승격!",polinews.co.kr,https://www.polinews.co.kr/news/articleView.html?idxno=610477,제목,규칙기반 자동분류(제목·요약 낱말 대조)
2023-05-23,팔공산,대구·경북,행정,지정·구역,대구·경북의 명산 ‘팔공산’... 23번째 국립공원 승격,nspna.com,https://www.nspna.com/news/?mode=view&newsid=638805,제목,규칙기반 자동분류(제목·요약 낱말 대조)
2023-05-23,팔공산,대구·경북,행정,지정·구역,대구·경북 혼 서린 명산 '팔공산' 23번째 국립공원 승격,newsworks.co.kr,http://www.newsworks.co.kr/news/articleView.html?idxno=715739,제목,규칙기반 자동분류(제목·요약 낱말 대조)
2023-05-23,팔공산,대구·경북,행정,지정·구역,'팔공산' 국립공원 승격 확정…국내 23번째,ilyo.co.kr,https://ilyo.co.kr/?ac=article_view&entry_id=452569,제목,규칙기반 자동분류(제목·요약 낱말 대조)
2023-05-23,팔공산,대구·경북,행정,지정·구역,대구·경북 명산 ‘팔공산’ 23번째 국립공원 승격,cnbnews.com,https://www.cnbnews.com/news/article.html?no=602798,제목,규칙기반 자동분류(제목·요약 낱말 대조)
2023-05-23,팔공산,대구·경북,행정,지정·구역,"영남의 명산 '팔공산', 23번째 국립공원으로 승격...경제적 가치 5233억원",kbsm.net,http://www.kbsm.net/news/view.php?idx=392632,제목,규칙기반 자동분류(제목·요약 낱말 대조)
2023-05-23,팔공산,대구·경북,행정,지정·구역,"대구·경북의 명산 ‘팔공산’, 국립공원 승격 확정!",kukinews.com,http://www.kukinews.com/newsView/kuk202305230155,제목,규칙기반 자동분류(제목·요약 낱말 대조)
2023-05-23,팔공산,대구·경북,행정,지정·구역,"대구·경북 명산 ‘팔공산’, 우리나라 23번째 국립공원 승격",news.kmib.co.kr,https://news.kmib.co.kr/article/view.asp?arcid=0018290547&code=61122022&cp=nv,제목,규칙기반 자동분류(제목·요약 낱말 대조)
2023-05-23,팔공산,대구·경북,행정,지정·구역,"대구·경북 진산 '팔공산', 국립공원 승격…23번째 국립공원 지정",etoday.co.kr,https://www.etoday.co.kr/news/view/2251613,제목,규칙기반 자동분류(제목·요약 낱말 대조)
2023-05-23,팔공산,대구·경북,행정,지정·구역,팔공산 국립공원 승격 확정…국내 23번째 국립공원,nocutnews.co.kr,https://www.nocutnews.co.kr/news/5948103,제목,규칙기반 자동분류(제목·요약 낱말 대조)
2023-05-21,(전체·공통),전국·공통,행정,법령·제도,6개 허들에 걸린 민간 발사장 ...로켓 싸들고 물 건너는 韓기업들,news.mt.co.kr,http://news.mt.co.kr/mtview.php?no=2023052020561481127,해당없음,규칙기반 자동분류(제목·요약 낱말 대조)
2023-05-18,월출산,전남,행정,협약·협력,"월출산 일대 확 바뀐다...강진군, 국립공원공단과 MOU체결",cnbnews.com,https://www.cnbnews.com/news/article.html?no=601996,제목,규칙기반 자동분류(제목·요약 낱말 대조)
2023-05-17,월출산,전남,행정,협약·협력,"강진군-국립공원공단, 월출산 관광 활성화 MOU 체결",joongdo.co.kr,http://www.joongdo.co.kr/web/view.php?key=20230518010005192,제목,규칙기반 자동분류(제목·요약 낱말 대조)
2023-05-17,월출산,전남,행정,협약·협력,"강진군, 국립공원공단과 MOU체결",sportsseoul.com,https://www.sportsseoul.com/news/read/1313226?ref=naver,요약,규칙기반 자동분류(제목·요약 낱말 대조)
2023-05-17,월출산,전남,행정,협약·협력,월출산 일대 확 바뀐다…강진군·국립공원공단 `협약',jnilbo.com,http://www.jnilbo.com/70490344724,제목,규칙기반 자동분류(제목·요약 낱말 대조)
2023-05-17,월출산,전남,행정,협약·협력,"강진군, 국립공원공단과 업무협약 체결",inews24.com,http://www.inews24.com/view/1595282,요약,규칙기반 자동분류(제목·요약 낱말 대조)
2023-05-11,북한산,서울·경기,행정,협약·협력,"HD현대 건설기계 3사, 북한산 우이령길 생태계 보전 나서",edaily.co.kr,http://www.edaily.co.kr/news/newspath.asp?newsid=03158646635607936,제목,규칙기반 자동분류(제목·요약 낱말 대조)
2023-05-11,북한산,서울·경기,행정,인사·조직,"국립공원공단, HD현대 건설기계 3사와 북한산 우이령길 보전 업무협약 ...",news.mtn.co.kr,https://news.mtn.co.kr/news-detail/2023051112294298714,제목,규칙기반 자동분류(제목·요약 낱말 대조)
2023-05-11,북한산,서울·경기,행정,협약·협력,"HD현대 건설기계 3사, 국립공원공단과 ‘북한산 우이령길 생태계 보전’...",news.heraldcorp.com,http://news.heraldcorp.com/view.php?ud=20230511000550,제목,규칙기반 자동분류(제목·요약 낱말 대조)
2023-05-08,한려해상,경남·전남,행정,예산·재정,"박완수 경남도지사, 세계적인 관광명소 남해안 상징 랜드마크 제안",newsfreezone.co.kr,http://www.newsfreezone.co.kr/news/articleView.html?idxno=467368,요약,규칙기반 자동분류(제목·요약 낱말 대조)
2023-05-08,한려해상,경남·전남,행정,예산·재정,"경남 남해안을 상징하는 랜드마크, 만들어지나?",busan.com,https://www.busan.com/view/busan/view.php?code=2023050815092936116,요약,규칙기반 자동분류(제목·요약 낱말 대조)
2023-05-08,가야산,경북·경남,행정,협약·협력,성주군 국립공원공단 가야산사무소와 업무협약,sedaily.com,https://www.sedaily.com/NewsView/29PHZPHESZ,제목,규칙기반 자동분류(제목·요약 낱말 대조)
2023-05-07,가야산,경북·경남,행정,협약·협력,"성주군, 가야산국립공원 탐방로 신설 추진",hidomin.com,http://www.hidomin.com/news/articleView.html?idxno=514752,제목,규칙기반 자동분류(제목·요약 낱말 대조)
2023-05-07,가야산,경북·경남,행정,협약·협력,"성주군-가야산국립공원사무소, 탐방로 신설 업무협약 체결",kbsm.net,http://www.kbsm.net/news/view.php?idx=390550,제목,규칙기반 자동분류(제목·요약 낱말 대조)
2023-05-07,가야산,경북·경남,행정,협약·협력,"성주, 가야산국립공원 탐방로 신설 ‘맞손’",shinailbo.co.kr,http://www.shinailbo.co.kr/news/articleView.html?idxno=1699339,제목,규칙기반 자동분류(제목·요약 낱말 대조)
2023-05-07,가야산,경북·경남,행정,협약·협력,성주군 '가야산국립공원탐방로 신설 위한 업무협약 ',yeongnam.com,https://www.yeongnam.com/web/view.php?key=20230507010000845,제목,규칙기반 자동분류(제목·요약 낱말 대조)
2023-05-07,가야산,경북·경남,행정,협약·협력,"경북 성주군-가야산국립공원사무소, 가야산국립공원 탐방로 신설을 위한...",viva100.com,https://www.viva100.com/main/view.php?key=20230507010001662,제목,규칙기반 자동분류(제목·요약 낱말 대조)
2023-05-06,가야산,경북·경남,행정,협약·협력,"성주군, 가야산 국립공원 '법전리~칠불봉 구간' 탐방로 지정",daily.hankooki.com,https://daily.hankooki.com/news/articleView.html?idxno=953866,제목,규칙기반 자동분류(제목·요약 낱말 대조)
2023-05-05,가야산,경북·경남,행정,협약·협력,"성주군-가야산국립공원사무소, 가야산국립공원 성주 탐방로 신설 협약",tk.newdaily.co.kr,https://tk.newdaily.co.kr/site/data/html/2023/05/05/2023050500006.html,제목,규칙기반 자동분류(제목·요약 낱말 대조)
2023-05-05,팔공산,대구·경북,행정,지정·구역,‘탄소중립’ 기회 삼아 녹색산업 수출↑…‘극한 가뭄’ 대책까지 [尹...,dailian.co.kr,https://www.dailian.co.kr/news/view/1230527/?sc=Naver,요약,규칙기반 자동분류(제목·요약 낱말 대조)
2023-05-04,가야산,경북·경남,행정,협약·협력,"성주군-가야산국립공원사무소, 가야산국립공원 성주 탐방로 업무협약",cnbnews.com,https://www.cnbnews.com/news/article.html?no=600130,제목,규칙기반 자동분류(제목·요약 낱말 대조)
2023-05-03,경주,경북 경주,행정,협약·협력,"경주국립공원·영림원소프트랩, 경주 남산 묘지 이장지에 생태 복원",yeongnam.com,https://www.yeongnam.com/web/view.php?key=20230503010000421,제목,규칙기반 자동분류(제목·요약 낱말 대조)
2023-05-03,태안해안,충남 태안,행정,협약·협력,"충남문화관광재단, ESG 경영 노사 공동선언식 개최",newsfreezone.co.kr,http://www.newsfreezone.co.kr/news/articleView.html?idxno=466141,요약,규칙기반 자동분류(제목·요약 낱말 대조)
2023-05-03,태안해안,충남 태안,행정,협약·협력,"충남문화관광재단, ESG경영 노사 공동선언",dnews.co.kr,https://www.dnews.co.kr/uhtml/view.jsp?idxno=202305031204095030577,요약,규칙기반 자동분류(제목·요약 낱말 대조)
2023-05-03,팔공산,대구·경북,행정,지정·구역,22대 총선 D-1년 금배지를 노린다-대구 동구을,kyongbuk.co.kr,http://www.kyongbuk.co.kr/news/articleView.html?idxno=2130845,요약,규칙기반 자동분류(제목·요약 낱말 대조)
2023-05-02,팔공산,대구·경북,행정,지정·구역,"[2023년 5월 2일 총리·장차관 주요일정]한덕수 국무총리, 출입기자단 백...",mediapen.com,http://www.mediapen.com/news/view/814857,요약,규칙기반 자동분류(제목·요약 낱말 대조)
2023-05-02,팔공산,대구·경북,행정,지정·구역,"[오늘의 주요 일정] 송영길 전 대표, '전대 돈 봉투' 관련 중앙지검 출석",safetimes.co.kr,http://www.safetimes.co.kr/news/articleView.html?idxno=203859,요약,규칙기반 자동분류(제목·요약 낱말 대조)
2023-05-02,팔공산,대구·경북,행정,지정·구역,[정책브리핑] 2023년 05월 02일 화요일 주요 정책,sisunnews.co.kr,https://www.sisunnews.co.kr/news/articleView.html?idxno=182773,요약,규칙기반 자동분류(제목·요약 낱말 대조)
2023-05-01,팔공산,대구·경북,행정,지정·구역,팔공산 국립공원 승격 앞두고 9개 기관 의기투합,nocutnews.co.kr,https://www.nocutnews.co.kr/news/5936472,제목,규칙기반 자동분류(제목·요약 낱말 대조)
2023-04-30,한려해상,경남·전남,행정,법령·제도,전국 22개 국립공원…여의도 12배 만큼 더 넓어진다,womentimes.co.kr,http://www.womentimes.co.kr/news/articleView.html?idxno=60524,요약,규칙기반 자동분류(제목·요약 낱말 대조)
2023-04-30,팔공산,대구·경북,행정,지정·구역,"국립공원, 여의도 12배만큼 넓어진다…대구 팔공산도 승격되나",joongang.co.kr,https://www.joongang.co.kr/article/25159035,제목,규칙기반 자동분류(제목·요약 낱말 대조)
2023-04-27,월악산,충북·경북,행정,인사·조직,목성수 충주경찰서장 취임 100일,inews365.com,https://www.inews365.com/news/article.html?no=761701,요약,규칙기반 자동분류(제목·요약 낱말 대조)
2023-04-25,내장산,전북·전남,행정,인사·조직,'내장산국립공원백암탐방안내소' 개소식,namdonews.com,http://www.namdonews.com/news/articleView.html?idxno=722289,제목,규칙기반 자동분류(제목·요약 낱말 대조)
2023-04-21,변산반도,전북 부안,행정,인사·조직,"[직격 인터뷰] 성기주 부안해경서장 - ""하섬 사망사고 제로(ZERO)의 해로...",ibuan.com,https://www.ibuan.com/news/articleView.html?idxno=39940,요약,규칙기반 자동분류(제목·요약 낱말 대조)
2023-04-20,다도해해상,전남,행정,지정·구역,"""환경정책 실종, 산업정책 난무 윤석열 정부 규탄""",bulkyo21.com,http://www.bulkyo21.com/news/articleView.html?idxno=55560,요약,규칙기반 자동분류(제목·요약 낱말 대조)
2023-04-18,소백산,충북·경북,행정,법령·제도,"이종범 신단양지역개발회 회장 ""살고 싶은 단양 만들어 갈 것""",cctoday.co.kr,https://www.cctoday.co.kr/news/articleView.html?idxno=2176481,요약,규칙기반 자동분류(제목·요약 낱말 대조)
2023-04-16,한려해상,경남·전남,행정,인사·조직,"사천시시설관리공단 한재천 이사장 ""변화·혁신으로 공익·수익성 창출...",gndomin.com,http://www.gndomin.com/news/articleView.html?idxno=349713,요약,규칙기반 자동분류(제목·요약 낱말 대조)
2023-04-13,한려해상,경남·전남,행정,인사·조직,사천시설관리공단 한재천 이사장 취임,shinailbo.co.kr,http://www.shinailbo.co.kr/news/articleView.html?idxno=1688378,요약,규칙기반 자동분류(제목·요약 낱말 대조)
2023-04-13,한려해상,경남·전남,행정,인사·조직,"한재천 사천시시설관리공단 이사장 ""40년 공직경험 살려 공단을 반석 위...",newsfreezone.co.kr,http://www.newsfreezone.co.kr/news/articleView.html?idxno=460403,요약,규칙기반 자동분류(제목·요약 낱말 대조)
2023-04-13,한려해상,경남·전남,행정,인사·조직,[인터뷰] 제3대 사천시시설관리공단 한재천 이사장을 만나다,gukjenews.com,https://www.gukjenews.com/news/articleView.html?idxno=2696182,요약,규칙기반 자동분류(제목·요약 낱말 대조)
2023-04-07,내장산,전북·전남,행정,협약·협력,내장산국립공원-삼양식품 익산공장 'ESG 경영실천' 협약 체결,jeonmin.co.kr,http://www.jeonmin.co.kr/news/articleView.html?idxno=376138,제목,규칙기반 자동분류(제목·요약 낱말 대조)
2023-04-05,내장산,전북·전남,행정,협약·협력,"내장산국립공원·삼양식품, ESG경영실천 협약",newsis.com,http://www.newsis.com/view/?id=NISX20230405_0002255603&cID=10808&pID=10800,제목,규칙기반 자동분류(제목·요약 낱말 대조)
2023-04-03,경주,경북 경주,행정,법령·제도,국립공원 내 불교유산 가치 높이는 공원법 개정안 가결,ibulgyo.com,http://www.ibulgyo.com/news/articleView.html?idxno=400940,요약,규칙기반 자동분류(제목·요약 낱말 대조)
2023-03-30,한려해상,경남·전남,행정,협약·협력,"국립공원공단, 야생동물 로드킬 방지시스템 구축",news.mtn.co.kr,https://news.mtn.co.kr/news-detail/2023033010345729158,요약,규칙기반 자동분류(제목·요약 낱말 대조)
2023-03-28,내장산,전북·전남,행정,협약·협력,"전북환경청, 내장산국립공원 사무소서 환경업무 유관기관 간담회 개최",domin.co.kr,http://www.domin.co.kr/news/articleView.html?idxno=1419168,제목,규칙기반 자동분류(제목·요약 낱말 대조)
2023-03-26,내장산,전북·전남,행정,인사·조직,천연기념물 백양사 고불매 만개,gjdream.com,http://www.gjdream.com/news/articleView.html?idxno=625109,요약,규칙기반 자동분류(제목·요약 낱말 대조)
2023-03-26,태안해안,충남 태안,행정,인사·조직,국립공원에서 계절 보물 '봄꽃' 찾기 프로젝트 운영,chungnamilbo.co.kr,http://www.chungnamilbo.co.kr/news/articleView.html?idxno=707992,요약,규칙기반 자동분류(제목·요약 낱말 대조)
2023-03-25,소백산,충북·경북,행정,인사·조직,"달맞이고개서 활동하던 여우, 소백산 회귀 중 폐사",discoverynews.kr,http://www.discoverynews.kr/news/articleView.html?idxno=976443,제목,규칙기반 자동분류(제목·요약 낱말 대조)
2023-03-24,소백산,충북·경북,행정,인사·조직,"부산서 활동하던 '멸종 위기' 여우, 소백산 돌아오다 폐사",newsis.com,http://www.newsis.com/view/?id=NISX20230324_0002239933&cID=10206&pID=10200,제목,규칙기반 자동분류(제목·요약 낱말 대조)
2023-03-23,월출산,전남,행정,협약·협력,"월출산국립공원사무소-도갑사, 상호 협력 업무협약",news.bbsi.co.kr,https://news.bbsi.co.kr/news/articleView.html?idxno=3104151,제목,규칙기반 자동분류(제목·요약 낱말 대조)
2023-03-21,계룡산,대전·충남,행정,협약·협력,"갤러리아타임월드, ESG 경영 앞장서",daejonilbo.com,http://www.daejonilbo.com/news/articleView.html?idxno=2053925,요약,규칙기반 자동분류(제목·요약 낱말 대조)
2023-03-20,다도해해상,전남,행정,지정·구역,"""환경부, '환경파괴' 삽질 멈춰라""",ikpnews.net,http://www.ikpnews.net/news/articleView.html?idxno=50204,요약,규칙기반 자동분류(제목·요약 낱말 대조)
2023-03-20,무등산,광주·전남,행정,협약·협력,"증흥건설, 협력업체와 동반 ESG경영 돌입 [건설업계 ESG 영토확장]",fntimes.com,http://www.fntimes.com/html/view.php?ud=202303182304027446dd55077bc2_18,요약,규칙기반 자동분류(제목·요약 낱말 대조)
2023-03-17,한려해상,경남·전남,행정,협약·협력,국립공원 한려해상생태탐방원-만지도여객선 업무협약,knnews.co.kr,http://www.knnews.co.kr/news/articleView.php?idxno=1399456,제목,규칙기반 자동분류(제목·요약 낱말 대조)
2023-03-16,변산반도,전북 부안,행정,지정·구역,"부안해경, '연안 사망사고 없는 변산반도 하섬만들기' 계획 수립",shinailbo.co.kr,http://www.shinailbo.co.kr/news/articleView.html?idxno=1674989,제목,규칙기반 자동분류(제목·요약 낱말 대조)
2023-03-15,한려해상,경남·전남,행정,협약·협력,한려해상생태탐방원-만지도연대도여객선 생태관광객 유치 앞장,gndomin.com,http://www.gndomin.com/news/articleView.html?idxno=346132,제목,규칙기반 자동분류(제목·요약 낱말 대조)
2023-03-10,한려해상,경남·전남,행정,지정·구역,"생태계.다양성 살리기, 필요한 정책은?",ekoreanews.co.kr,http://www.ekoreanews.co.kr/news/articleView.html?idxno=65737,요약,규칙기반 자동분류(제목·요약 낱말 대조)
2023-03-08,팔공산,대구·경북,행정,지정·구역,경북도의회 제338회 임시회 9일 개회…1차 추경 심사,nocutnews.co.kr,https://www.nocutnews.co.kr/news/5906331,요약,규칙기반 자동분류(제목·요약 낱말 대조)
2023-03-07,가야산,경북·경남,행정,인사·조직,조점현 가야산국립공원사무소장 ‘대통령 표창’,knnews.co.kr,http://www.knnews.co.kr/news/articleView.php?idxno=1398558,제목,규칙기반 자동분류(제목·요약 낱말 대조)
2023-03-06,가야산,경북·경남,행정,인사·조직,"가야산국립공원사무소 조점현 소장, 대통령표창 수상",cnbnews.com,https://www.cnbnews.com/news/article.html?no=590282,제목,규칙기반 자동분류(제목·요약 낱말 대조)
2023-03-06,무등산,광주·전남,행정,지정·구역,'무등산' 국립공원 지정 후 생태가치 '쑥쑥',news.bbsi.co.kr,https://news.bbsi.co.kr/news/articleView.html?idxno=3101774,제목,규칙기반 자동분류(제목·요약 낱말 대조)
2023-03-05,가야산,경북·경남,행정,인사·조직,"조점현 가야산국립공원 사무소장, 대통령 표창 수상",kyongbuk.co.kr,http://www.kyongbuk.co.kr/news/articleView.html?idxno=2125669,제목,규칙기반 자동분류(제목·요약 낱말 대조)
2023-03-05,가야산,경북·경남,행정,인사·조직,"조점현 국립공원공단 가야산국립공원사무소장, 대통령 표창 수상",imaeil.com,https://www.imaeil.com/page/view/2023030417471851277,제목,규칙기반 자동분류(제목·요약 낱말 대조)
2023-03-05,가야산,경북·경남,행정,인사·조직,"가야산국립공원 조점현 소장, 대통령 표창 수상",newsis.com,http://www.newsis.com/view/?id=NISX20230305_0002214162&cID=10812&pID=10800,제목,규칙기반 자동분류(제목·요약 낱말 대조)
2023-03-01,무등산,광주·전남,행정,지정·구역,광주 상징 무등산 국립공원 승격 10년의 명과 암,news.kmib.co.kr,https://news.kmib.co.kr/article/view.asp?arcid=0018007904&code=61121111&cp=nv,제목,규칙기반 자동분류(제목·요약 낱말 대조)
2023-02-22,경주,경북 경주,행정,기타,경주국립공원에 노루귀·개복수초 등 꽃망울 떠뜨려,nocutnews.co.kr,https://www.nocutnews.co.kr/news/5899117,제목,규칙기반 자동분류(제목·요약 낱말 대조)
2023-02-22,변산반도,전북 부안,행정,법령·제도,"변산반도국립공원, 공단 김영일 탐방안전이사 생태탐방원 신축공사 안전...",ibuan.com,https://www.ibuan.com/news/articleView.html?idxno=39431,제목,규칙기반 자동분류(제목·요약 낱말 대조)
2023-02-22,변산반도,전북 부안,행정,법령·제도,국립공원공단 김영일 탐방안전이사 변산반도 생태탐방원 신축공사 안전...,jeollailbo.com,http://www.jeollailbo.com/news/articleView.html?idxno=684020,제목,규칙기반 자동분류(제목·요약 낱말 대조)
2023-02-15,속리산,충북·경북,행정,연구·용역,"""산채비빔밥 거리 조성""…보은 속리산 관광 활성화 방안 제안",news1.kr,https://www.news1.kr/articles/4952971,제목,규칙기반 자동분류(제목·요약 낱말 대조)
2023-02-15,팔공산,대구·경북,행정,협약·협력,[대구지하철참사 20주기]<상>20년 간 외면한 상처…이젠 마주봐야 할 때,news.imaeil.com,https://news.imaeil.com/page/view/2023021511330189534,요약,규칙기반 자동분류(제목·요약 낱말 대조)
2023-02-13,오대산,강원,행정,지정·구역,오대산 일대에 화전민이 급격히 증가한 이유,ohmynews.com,https://www.ohmynews.com/NWS_Web/View/at_pg.aspx?CNTN_CD=A0002901509&CMPT_CD=P0010&utm_source=naver&utm_medium=newsearch&utm_campaign=naver_news,제목,규칙기반 자동분류(제목·요약 낱말 대조)
2023-02-13,월출산,전남,행정,협약·협력,"전남교육청-영암군, '영암공공도서관 이설' 업무협약",news.bbsi.co.kr,https://news.bbsi.co.kr/news/articleView.html?idxno=3099226,요약,규칙기반 자동분류(제목·요약 낱말 대조)
2023-02-13,월출산,전남,행정,협약·협력,"전남도교육청-영암군, 공공도서관 이설 업무협약",moneys.mt.co.kr,http://moneys.mt.co.kr/news/mwView.php?no=2023021317084846247,요약,규칙기반 자동분류(제목·요약 낱말 대조)
2023-02-13,월출산,전남,행정,협약·협력,"영암군, 월출산국립공원 아래 「영암공공도서관 이설」 업무협약",newsworker.co.kr,http://www.newsworker.co.kr/news/articleView.html?idxno=192747,제목,규칙기반 자동분류(제목·요약 낱말 대조)
2023-02-13,월출산,전남,행정,협약·협력,전남교육청·영암공공도서관 이설 업무협약 체결,kpinews.kr,https://www.kpinews.kr/newsView/179555184896772,요약,규칙기반 자동분류(제목·요약 낱말 대조)
2023-02-13,월출산,전남,행정,협약·협력,"전남교육청-영암군, 영암공공도서관 이설 업무협약 체결",nspna.com,http://www.nspna.com/news/?mode=view&newsid=620311,요약,규칙기반 자동분류(제목·요약 낱말 대조)
2023-02-08,경주,경북 경주,행정,법령·제도,"[경북소식] 한수원, 신한울 3·4호기 환경영향평가 설명회",yna.co.kr,https://www.yna.co.kr/view/AKR20230208150700053?input=1195m,요약,규칙기반 자동분류(제목·요약 낱말 대조)
2023-02-06,팔공산,대구·경북,행정,지정·구역,"팔공산 국립공원 지정 위한 공청회, 반대 주민 거센 반발 여전",newsmin.co.kr,https://www.newsmin.co.kr/news/84499/,제목,규칙기반 자동분류(제목·요약 낱말 대조)
2023-02-06,팔공산,대구·경북,행정,지정·구역,팔공산국립공원 '재산권 문제' 넘어야,naeil.com,http://www.naeil.com/news_view/?id_art=450349,제목,규칙기반 자동분류(제목·요약 낱말 대조)
2023-02-03,내장산,전북·전남,행정,지정·구역,정읍 내장산과 전봉준,gjdream.com,http://www.gjdream.com/news/articleView.html?idxno=623041,제목,규칙기반 자동분류(제목·요약 낱말 대조)
2023-02-02,다도해해상,전남,행정,지정·구역,"전남도 유호규 건설교통국장 ""흑산공항 2026년 개항, 지역발전 기대""",nocutnews.co.kr,https://www.nocutnews.co.kr/news/5888558,요약,규칙기반 자동분류(제목·요약 낱말 대조)
2023-02-02,월출산,전남,행정,협약·협력,영암천 일대 및 월출산국립공원 람사르 습지 지정 기준 충족,siminilbo.co.kr,https://www.siminilbo.co.kr/news/newsview.php?ncode=1160277809965313,제목,규칙기반 자동분류(제목·요약 낱말 대조)
2023-02-02,팔공산,대구·경북,행정,지정·구역,"환경부, 올해 보호지역 최소 50곳 추가 지정···곰 사육 종식 위한 특...",khan.co.kr,https://www.khan.co.kr/article/202302021229001,요약,규칙기반 자동분류(제목·요약 낱말 대조)
2023-02-01,한라산,제주,행정,지정·구역,"""화산섬 제주의 습지가 위험하다…보전정책 마련해야""",jejumaeil.net,http://www.jejumaeil.net/news/articleView.html?idxno=323369,요약,규칙기반 자동분류(제목·요약 낱말 대조)
2023-02-01,다도해해상,전남,행정,지정·구역,'절해고도' 흑산도에 비행기 뜬다…서울까지 '1시간',sisajournal.com,http://www.sisajournal.com/news/articleView.html?idxno=255314,요약,규칙기반 자동분류(제목·요약 낱말 대조)
2023-02-01,다도해해상,전남,행정,지정·구역,[아침신문 솎아보기] 윤석열 대통령 핵무장론에 쏟아지는 회의론,mediatoday.co.kr,http://www.mediatoday.co.kr/news/articleView.html?idxno=308250,요약,규칙기반 자동분류(제목·요약 낱말 대조)
2023-01-31,다도해해상,전남,행정,기타,"13년째 표류한 '흑산공항', 올해 첫 삽 뜬다…국립공원위 심의 통과",nocutnews.co.kr,https://www.nocutnews.co.kr/news/5887414,요약,규칙기반 자동분류(제목·요약 낱말 대조)
2023-01-31,다도해해상,전남,행정,지정·구역,흑산공항 행정절차 마침표…전남 서남권 관광 비상 예고,newsis.com,http://www.newsis.com/view/?id=NISX20230131_0002176087&cID=10201&pID=10200,요약,규칙기반 자동분류(제목·요약 낱말 대조)
2023-01-20,주왕산,경북,행정,기타,청송사과·관광·복지 삼각 축으로 ‘삶의 질’ 개선,shindonga.donga.com,https://shindonga.donga.com/3/all/13/3899779/1,요약,규칙기반 자동분류(제목·요약 낱말 대조)
2023-01-18,한려해상,경남·전남,행정,예산·재정,"박완수 ""경제동맹, 별도 예산·인력 없이 공동업무 처리 가능…효율적""",nocutnews.co.kr,https://www.nocutnews.co.kr/news/5881975,요약,규칙기반 자동분류(제목·요약 낱말 대조)
2023-01-15,한라산,제주,행정,인사·조직,[2023년 상반기 제주특별자치도 인사명단],jemin.com,http://www.jemin.com/news/articleView.html?idxno=749016,요약,규칙기반 자동분류(제목·요약 낱말 대조)
2023-01-13,한라산,제주,행정,인사·조직,[인사]제주특별자치도,news1.kr,https://www.news1.kr/articles/4924543,요약,규칙기반 자동분류(제목·요약 낱말 대조)
2023-01-11,팔공산,대구·경북,행정,의회·국정감사,"비례 조명희, '대구동구발전연구원' 개소…제22대 국회의원 동구을 선거...",nocutnews.co.kr,https://www.nocutnews.co.kr/news/5877941,요약,규칙기반 자동분류(제목·요약 낱말 대조)
2023-01-05,다도해해상,전남,행정,기타,"전남도, 한 환경부장관에게 '가뭄대책비 지원·흑산공항 조기 추진' 건의",nocutnews.co.kr,https://www.nocutnews.co.kr/news/5875450,요약,규칙기반 자동분류(제목·요약 낱말 대조)
2023-01-05,팔공산,대구·경북,행정,지정·구역,환경부의 2023년 정책 10가지 정리,impacton.net,http://www.impacton.net/news/articleView.html?idxno=5613,요약,규칙기반 자동분류(제목·요약 낱말 대조)
2023-01-04,속리산,충북·경북,행정,인사·조직,임철진 속리산국립공원사무소 소장 취임,jbnews.com,http://www.jbnews.com/news/articleView.html?idxno=1381068,제목,규칙기반 자동분류(제목·요약 낱말 대조)
2023-01-02,변산반도,전북 부안,행정,인사·조직,신임 변산반도 국립공원사무소장에 박철희 취임,news.lghellovision.net,http://news.lghellovision.net/news/newsView.do?soCode=SCP0000000&idx=352629,제목,규칙기반 자동분류(제목·요약 낱말 대조)
2023-01-02,지리산,전남·전북·경남,행정,인사·조직,[인사]국립공원공단 2023년 1월 1일자,kwnews.co.kr,http://www.kwnews.co.kr/page/view/2023010210381302981,요약,규칙기반 자동분류(제목·요약 낱말 대조)
2022-12-29,월출산,전남,행정,예산·재정,"영암군""국립공원 월출산 생태탐방원 유치""생태관광도시 만든다",newsmaker.or.kr,http://www.newsmaker.or.kr/news/articleView.html?idxno=136597,제목,규칙기반 자동분류(제목·요약 낱말 대조)
2022-12-28,월출산,전남,행정,예산·재정,"영암군, 국립공원 월출산에 생태탐방원 들어선다",newscj.com,http://www.newscj.com/article/20221228580066,제목,규칙기반 자동분류(제목·요약 낱말 대조)
2022-12-27,북한산,서울·경기,행정,의회·국정감사,"""서울 도심에 멧돼지가 나타났다""…이렇게 행동해야 '안전'",news.mt.co.kr,http://news.mt.co.kr/mtview.php?no=2022122618372656051,요약,규칙기반 자동분류(제목·요약 낱말 대조)
2022-12-27,월출산,전남,행정,예산·재정,"영암군, 월출산 생태탐방원 조성",joongdo.co.kr,http://www.joongdo.co.kr/web/view.php?key=20221228010007467,제목,규칙기반 자동분류(제목·요약 낱말 대조)
2022-12-27,월출산,전남,행정,예산·재정,"영암군, '국립공원 월출산 생태탐방원 유치' 총력... ""생태관광도시 확...",newsworker.co.kr,http://www.newsworker.co.kr/news/articleView.html?idxno=186724,제목,규칙기반 자동분류(제목·요약 낱말 대조)
2022-12-27,월출산,전남,행정,예산·재정,"영암군, 국립공원 월출산 '생태탐방원' 조성",enewstoday.co.kr,http://www.enewstoday.co.kr/news/articleView.html?idxno=1626100,제목,규칙기반 자동분류(제목·요약 낱말 대조)
2022-12-27,무등산,광주·전남,행정,협약·협력,극심한 가뭄·한빛원전 4호기 재가동 이슈,kwangju.co.kr,http://www.kwangju.co.kr/article.php?aid=1672138500747069023,요약,규칙기반 자동분류(제목·요약 낱말 대조)
2022-12-27,무등산,광주·전남,행정,협약·협력,"중흥그룹, 우수한 지역 고교생 131명에 1억3100만원 장학금 전달",hobbyen.co.kr,https://hobbyen.co.kr/news/newsview.php?ncode=1065594296017723,요약,규칙기반 자동분류(제목·요약 낱말 대조)
2022-12-27,무등산,광주·전남,행정,협약·협력,"[광주소식] 중흥그룹, 장학금 1억3천만원 전달",yna.co.kr,https://www.yna.co.kr/view/AKR20221227078200054?input=1195m,요약,규칙기반 자동분류(제목·요약 낱말 대조)
2022-12-27,태백산,강원·경북,행정,연구·용역,[여기는 강릉] 삼척 가곡천 하구 해수 유입에 주민 피해…원인은?,news.kbs.co.kr,https://news.kbs.co.kr/news/view.do?ncd=6207114&ref=A,요약,규칙기반 자동분류(제목·요약 낱말 대조)
2022-12-22,지리산,전남·전북·경남,행정,지정·구역,"""한반도의 경의로움을 만나다"" KNN '한반도의 보석, 국립공원' 방영",nocutnews.co.kr,https://www.nocutnews.co.kr/news/5868440,요약,규칙기반 자동분류(제목·요약 낱말 대조)
2022-12-14,주왕산,경북,행정,인사·조직,"영양군-주왕산국립공원, 환경친화적 에코촌 조성사업 위수탁 협약 체결",kyongbuk.co.kr,http://www.kyongbuk.co.kr/news/articleView.html?idxno=2119330,제목,규칙기반 자동분류(제목·요약 낱말 대조)
2022-12-09,태백산,강원·경북,행정,지정·구역,"오늘 일출·일몰시간, ""10일(토) 전국 해돋이 명소 해 뜨는 시간과 해 지...",lecturernews.com,https://www.lecturernews.com/news/articleView.html?idxno=113977,요약,규칙기반 자동분류(제목·요약 낱말 대조)
2022-12-08,계룡산,대전·충남,행정,지정·구역,계룡산국립공원서 흡연 및 음주하면 과태료 200만 원,nocutnews.co.kr,https://www.nocutnews.co.kr/news/5861586,제목,규칙기반 자동분류(제목·요약 낱말 대조)
2022-12-02,속리산,충북·경북,행정,협약·협력,[원주 혁신] 강원혁신도시 혁신 우수사례 경진대회 개최 등,kukinews.com,http://www.kukinews.com/newsView/kuk202212020060,요약,규칙기반 자동분류(제목·요약 낱말 대조)
2022-11-23,월악산,충북·경북,행정,협약·협력,"가스안전공사 충북북부지사, 야영장 CO중독사고 예방 강화",e2news.com,http://www.e2news.com/news/articleView.html?idxno=247989,요약,규칙기반 자동분류(제목·요약 낱말 대조)
2022-11-23,월악산,충북·경북,행정,협약·협력,"가스안전공사 충북북부지사, 야영장 사고예방활동",ccdailynews.com,https://www.ccdailynews.com/news/articleView.html?idxno=2169361,요약,규칙기반 자동분류(제목·요약 낱말 대조)
2022-11-23,월악산,충북·경북,행정,협약·협력,"가스안전공사 충북북부지사, 월악산국립공원사무소와 겨울철 야영장 가...",energydaily.co.kr,http://www.energydaily.co.kr/news/articleView.html?idxno=132598,제목,규칙기반 자동분류(제목·요약 낱말 대조)
2022-11-23,월악산,충북·경북,행정,협약·협력,"가스안전公 충북북부지사, 야영장 가스안전 강화",todayenergy.kr,http://www.todayenergy.kr/news/articleView.html?idxno=254851,요약,규칙기반 자동분류(제목·요약 낱말 대조)
2022-11-21,무등산,광주·전남,행정,협약·협력,"중흥그룹, 국립공원공단과 손잡고 '자연생태보전' 나선다",popcornnews.net,http://www.popcornnews.net/34209,요약,규칙기반 자동분류(제목·요약 낱말 대조)
2022-11-21,무등산,광주·전남,행정,협약·협력,"중흥그룹, 국립공원공단과 자연생태 보전 협력",mediapen.com,http://www.mediapen.com/news/view/771895,요약,규칙기반 자동분류(제목·요약 낱말 대조)
2022-11-21,무등산,광주·전남,행정,협약·협력,"중흥그룹-국립공원공단, 자연생태 보전 위한 ESG경영 MOU 체결",hobbyen.co.kr,https://hobbyen.co.kr/news/newsview.php?ncode=1065586967745146,요약,규칙기반 자동분류(제목·요약 낱말 대조)
2022-11-21,무등산,광주·전남,행정,협약·협력,"중흥그룹-국립공원공단, 생태 보전 위한 ESG 업무협약 체결",ebn.co.kr,https://www.ebn.co.kr/news/view/1555721/?sc=Naver,요약,규칙기반 자동분류(제목·요약 낱말 대조)
2022-11-21,무등산,광주·전남,행정,협약·협력,"중흥그룹‧국립공원공단, 자연생태 보전 ESG경영 업무협약 체결",newspost.kr,http://www.newspost.kr/news/articleView.html?idxno=103611,요약,규칙기반 자동분류(제목·요약 낱말 대조)
2022-11-21,무등산,광주·전남,행정,협약·협력,"중흥그룹, 국립공원공단과 자연생태 보전 위한 업무협약 체결",mk.co.kr,https://www.mk.co.kr/article/10538978,요약,규칙기반 자동분류(제목·요약 낱말 대조)
2022-11-17,가야산,경북·경남,행정,인사·조직,가야산국립공원 자동차 야영장 동절기 운영 중단,nocutnews.co.kr,https://www.nocutnews.co.kr/news/5850621,제목,규칙기반 자동분류(제목·요약 낱말 대조)
2022-11-17,다도해해상,전남,행정,지정·구역,다도해해상국립공원 사무소 여수 이전 목소리,nocutnews.co.kr,https://www.nocutnews.co.kr/news/5850596,제목,규칙기반 자동분류(제목·요약 낱말 대조)
2022-11-10,팔공산,대구·경북,행정,지정·구역,"""제자리 걸음 대형사업, 시민 혜택이 우선""",idaegu.co.kr,https://www.idaegu.co.kr/news/articleView.html?idxno=400707,요약,규칙기반 자동분류(제목·요약 낱말 대조)
2022-11-10,팔공산,대구·경북,행정,지정·구역,"대구시의회, 환경‧수변개발, 코로나19·인플루엔자, 통합신공항 건설사...",ajunews.com,https://www.ajunews.com/view/20221110173746868,요약,규칙기반 자동분류(제목·요약 낱말 대조)
2022-11-10,팔공산,대구·경북,행정,지정·구역,"대구시 경제환경위원회 ""환경‧수변개발 사업들, 우려의 목소리에 귀 기...",shinailbo.co.kr,http://www.shinailbo.co.kr/news/articleView.html?idxno=1621766,요약,규칙기반 자동분류(제목·요약 낱말 대조)
2022-11-04,오대산,강원,행정,인사·조직,[원주 혁신] 대한민국 우수 관광사진 109점 선정 등,kukinews.com,http://www.kukinews.com/newsView/kuk202211040115,요약,규칙기반 자동분류(제목·요약 낱말 대조)
2022-11-04,월악산,충북·경북,행정,인사·조직,"윤희근 경찰청장, 29일 제천서 월악산 등반 후 ‘취침’",cc.newdaily.co.kr,https://cc.newdaily.co.kr/site/data/html/2022/11/04/2022110400186.html,제목,규칙기반 자동분류(제목·요약 낱말 대조)
2022-11-02,속리산,충북·경북,행정,법령·제도,"속리산국립공원 내 흡연, 음주행위 과태료 강화",jbnews.com,http://www.jbnews.com/news/articleView.html?idxno=1375219,제목,규칙기반 자동분류(제목·요약 낱말 대조)
2022-10-31,경주,경북 경주,행정,법령·제도,경주국립공원 내 불법·무질서 행위 적발 시 과태료 강화,dkilbo.com,https://www.dkilbo.com/news/articleView.html?idxno=380700,제목,규칙기반 자동분류(제목·요약 낱말 대조)
2022-10-31,경주,경북 경주,행정,법령·제도,"경주국립공원, ""불법·무질서 행위 적발 시 과태료 강화""",kbsm.net,http://www.kbsm.net/news/view.php?idx=368882,제목,규칙기반 자동분류(제목·요약 낱말 대조)
2022-10-26,치악산,강원 원주,행정,협약·협력,"[포토] 치악산국립공원사무소·횡성군, 업무협약",gukjenews.com,https://www.gukjenews.com/news/articleView.html?idxno=2579294,제목,규칙기반 자동분류(제목·요약 낱말 대조)
2022-10-25,치악산,강원 원주,행정,협약·협력,"[생활경제 이슈] LF 닥스, ‘Haute Country’ 컬렉션 선보여 外",lawissue.co.kr,http://www.lawissue.co.kr/view.php?ud=202210252015238125204ead0791_12,요약,규칙기반 자동분류(제목·요약 낱말 대조)
2022-10-25,치악산,강원 원주,행정,협약·협력,"횡성군-치악산국립공원사무소, 상호 협력 업무협약 체결",news.mtn.co.kr,https://news.mtn.co.kr/news-detail/2022102513550257265,제목,규칙기반 자동분류(제목·요약 낱말 대조)
2022-10-25,한려해상,경남·전남,행정,법령·제도,국립공원 흡연시 '과태료 60만원'…세번 걸리면 200만원,wowtv.co.kr,http://www.wowtv.co.kr/NewsCenter/News/Read?articleId=A202210250089&t=NN,요약,규칙기반 자동분류(제목·요약 낱말 대조)
2022-10-24,월출산,전남,행정,지정·구역,"전남도, 유기농 생태마을 7개소 신규 지정",aflnews.co.kr,http://www.aflnews.co.kr/news/articleView.html?idxno=234929,요약,규칙기반 자동분류(제목·요약 낱말 대조)
2022-10-24,팔공산,대구·경북,행정,예산·재정,이제 可視圈 들어온 팔공산 국립공원 지정,kbmaeil.com,http://www.kbmaeil.com/news/articleView.html?idxno=941481,제목,규칙기반 자동분류(제목·요약 낱말 대조)
2022-10-23,월출산,전남,행정,지정·구역,"전남도, 친환경 농업 확산…유기농 생태마을 7곳 신규 지정",jnilbo.com,https://www.jnilbo.com/view/media/view?code=2022102313563922981,요약,규칙기반 자동분류(제목·요약 낱말 대조)
2022-10-23,팔공산,대구·경북,행정,지정·구역,"대구 팔공산, 국립공원 지정 절차 밟는다",kbmaeil.com,http://www.kbmaeil.com/news/articleView.html?idxno=941427,제목,규칙기반 자동분류(제목·요약 낱말 대조)
2022-10-23,팔공산,대구·경북,행정,지정·구역,정부부처 주간일정 및 보도계획(24~28일),news.mt.co.kr,http://news.mt.co.kr/mtview.php?no=2022102309295940914,요약,규칙기반 자동분류(제목·요약 낱말 대조)
2022-10-22,월출산,전남,행정,지정·구역,"전남도, 유기농 생태마을 7곳 신규 지정",fnnews.com,http://www.fnnews.com/news/202210220945563768,요약,규칙기반 자동분류(제목·요약 낱말 대조)
2022-10-11,다도해해상,전남,행정,협약·협력,연안여객선 공영제 단계적 추진중?,hdhy.co.kr,http://www.hdhy.co.kr/news/articleView.html?idxno=17688,요약,규칙기반 자동분류(제목·요약 낱말 대조)
2022-10-11,팔공산,대구·경북,행정,지정·구역,"[名山 팔공산, 23번째 국립공원 이름 올릴까] (1) 국립공원 지정, 왜 시...",yeongnam.com,https://www.yeongnam.com/web/view.php?key=20221004010000461,제목,규칙기반 자동분류(제목·요약 낱말 대조)
2022-10-06,소백산,충북·경북,행정,협약·협력,산림청-국립공원 협업으로 숲 생태 개선 모색,inews365.com,https://www.inews365.com/news/article.html?no=734135,요약,규칙기반 자동분류(제목·요약 낱말 대조)
2022-09-27,내장산,전북·전남,행정,인사·조직,"내장산생태탐방원, 친환경 숲 속 결혼식 운영",domin.co.kr,http://www.domin.co.kr/news/articleView.html?idxno=1397635,제목,규칙기반 자동분류(제목·요약 낱말 대조)
2022-09-22,주왕산,경북,행정,지정·구역,청송군 행정구역 전체 유네스코 세계지질공원 재지정 될까?,breaknews.com,http://www.breaknews.com/926142,요약,규칙기반 자동분류(제목·요약 낱말 대조)
2022-09-21,주왕산,경북,행정,협약·협력,"주왕산국립공원사무소, 경북대 연구단과 업무협약",yeongnam.com,https://www.yeongnam.com/web/view.php?key=20220915010001919,제목,규칙기반 자동분류(제목·요약 낱말 대조)
2022-09-19,지리산,전남·전북·경남,행정,지정·구역,경상남도…'활기찬 경남 행복한 도민',news.koreadaily.com,https://news.koreadaily.com/2022/09/18/society/generalsociety/20220918123237779.html,요약,규칙기반 자동분류(제목·요약 낱말 대조)
2022-09-19,소백산,충북·경북,행정,협약·협력,'중부지방산림청-국립공원공단' 업무협약 체결,jbnews.com,http://www.jbnews.com/news/articleView.html?idxno=1371184,요약,규칙기반 자동분류(제목·요약 낱말 대조)
2022-09-18,소백산,충북·경북,행정,협약·협력,중부지방산림청·국립공원공단 업무협약,ccdn.co.kr,http://www.ccdn.co.kr/news/articleView.html?idxno=780193,요약,규칙기반 자동분류(제목·요약 낱말 대조)
2022-09-17,한려해상,경남·전남,행정,인사·조직,"[인터뷰] 윤병두 남해해경청장 직무대행 ""고도의 해양전문성 필요""",yna.co.kr,https://www.yna.co.kr/view/AKR20220916064500051?input=1195m,요약,규칙기반 자동분류(제목·요약 낱말 대조)
2022-09-16,소백산,충북·경북,행정,협약·협력,"중부지방산림청-국립공원공단, 업무 협약...소백산국립공원 내 낙엽송 ...",joongdo.co.kr,http://www.joongdo.co.kr/web/view.php?key=20220916010004299,제목,규칙기반 자동분류(제목·요약 낱말 대조)
2022-09-15,한려해상,경남·전남,행정,기타,경남도 '경남 유니크베뉴 관광 상품 기획안 공모' 5곳 선발,newspim.com,http://www.newspim.com/news/view/20220915000243,요약,규칙기반 자동분류(제목·요약 낱말 대조)
2022-09-15,소백산,충북·경북,행정,협약·협력,"중부산림청-국립공원공단, 업무협약",mbnmoney.mbn.co.kr,http://mbnmoney.mbn.co.kr/news/view?news_no=MM1004728547,요약,규칙기반 자동분류(제목·요약 낱말 대조)
2022-09-14,다도해해상,전남,행정,협약·협력,"여수시, 남면 덕포마을 LPG 배관망 구축 MOU 체결",nocutnews.co.kr,https://www.nocutnews.co.kr/news/5816937,요약,규칙기반 자동분류(제목·요약 낱말 대조)
2022-09-08,내장산,전북·전남,행정,지정·구역,물에 비친 내장산을 감상할 수 있는 '정읍사 오솔길 2코스'[전라북도 천...,nocutnews.co.kr,https://www.nocutnews.co.kr/news/5815140,제목,규칙기반 자동분류(제목·요약 낱말 대조)
2022-09-08,지리산,전남·전북·경남,행정,기타,[정책브리핑] 2022년 09월 08일 목요일 주요 정책,sisunnews.co.kr,http://www.sisunnews.co.kr/news/articleView.html?idxno=169954,요약,규칙기반 자동분류(제목·요약 낱말 대조)
2022-09-07,한려해상,경남·전남,행정,협약·협력,"한려해상국립공원사무소, 노을 명소 '사천 실안'에 새 둥지",gukjenews.com,https://www.gukjenews.com/news/articleView.html?idxno=2545185,제목,규칙기반 자동분류(제목·요약 낱말 대조)
2022-09-07,주왕산,경북,행정,인사·조직,"[단박보도] 이복현 금감원장 ""중소기업 상환불능, 우리 경제에 부담…금...",cbci.co.kr,http://www.cbci.co.kr/news/articleView.html?idxno=432526,요약,규칙기반 자동분류(제목·요약 낱말 대조)
2022-09-04,내장산,전북·전남,행정,지정·구역,"정읍시, 국립공원 해제된 ‘내장호’ 관광자원으로 개발",newscj.com,http://www.newscj.com/article/20220904580116,요약,규칙기반 자동분류(제목·요약 낱말 대조)
2022-09-02,내장산,전북·전남,행정,연구·용역,정읍시 내장호 주변 관광자원 활용 중간보고회,jeollailbo.com,http://www.jeollailbo.com/news/articleView.html?idxno=666346,요약,규칙기반 자동분류(제목·요약 낱말 대조)
2022-08-31,북한산,서울·경기,행정,법령·제도,의정부 회룡사 진입로에 또 대형 씽크홀... 인명피해 없어,kyeonggi.com,https://www.kyeonggi.com/article/20220831580166,요약,규칙기반 자동분류(제목·요약 낱말 대조)
2022-08-26,팔공산,대구·경북,행정,지정·구역,"홍준표 대구시장, 윤석열 대통령 만나 현안 설명 지원 요청해",nocutnews.co.kr,https://www.nocutnews.co.kr/news/5808215,요약,규칙기반 자동분류(제목·요약 낱말 대조)
2022-08-26,팔공산,대구·경북,행정,지정·구역,尹대통령 대구 현안 관심 지원 약속해…대구 서문시장도 방문,nocutnews.co.kr,https://www.nocutnews.co.kr/news/5808064,요약,규칙기반 자동분류(제목·요약 낱말 대조)
2022-08-24,덕유산,전북·경남,행정,지정·구역,[걸어서 역사 속으로] 칠연의 총 의병들의 넋 덕유산을 휘감다,domin.co.kr,http://www.domin.co.kr/news/articleView.html?idxno=1393769,제목,규칙기반 자동분류(제목·요약 낱말 대조)
2022-08-24,다도해해상,전남,행정,기타,"尹정부, 흑산공항 건설 의지 보여라",kjdaily.com,http://www.kjdaily.com/article.php?aid=1661339314582500002,요약,규칙기반 자동분류(제목·요약 낱말 대조)
2022-08-21,월악산,충북·경북,행정,협약·협력,"월악산국립공원사무소, 한국가스안전공사 충북북부지사와 업무협약 체...",asiatoday.co.kr,https://www.asiatoday.co.kr/view.php?key=20220821010011898,제목,규칙기반 자동분류(제목·요약 낱말 대조)
2022-08-21,월악산,충북·경북,행정,협약·협력,한국가스안전공사 충북북부지사·월악산국립공원 협약,ccdn.co.kr,http://www.ccdn.co.kr/news/articleView.html?idxno=775878,제목,규칙기반 자동분류(제목·요약 낱말 대조)
2022-08-21,월악산,충북·경북,행정,협약·협력,가스안전 강화·ESG 실천 맞손,cctimes.kr,http://www.cctimes.kr/news/articleView.html?idxno=717133,요약,규칙기반 자동분류(제목·요약 낱말 대조)
2022-08-21,팔공산,대구·경북,행정,지정·구역,"조명희, '팔공산 국립공원 승격 지원 위한 자연공원법 개정안 2건 대표...",m-economynews.com,http://www.m-economynews.com/news/article.html?no=34685,제목,규칙기반 자동분류(제목·요약 낱말 대조)
2022-08-20,월악산,충북·경북,행정,협약·협력,월악산국립공원사무소-한국가스안전공사 충북북부지사 업무협약 체결,kyongbuk.co.kr,http://www.kyongbuk.co.kr/news/articleView.html?idxno=2110054,제목,규칙기반 자동분류(제목·요약 낱말 대조)
2022-08-19,오대산,강원,행정,인사·조직,[기고] 신뢰가 바탕이 되는 공감과 소통의 조직문화,dailian.co.kr,https://www.dailian.co.kr/news/view/1143918/?sc=Naver,요약,규칙기반 자동분류(제목·요약 낱말 대조)
2022-08-19,팔공산,대구·경북,행정,지정·구역,"조명희 의원, ‘팔공산 국립공원 승격을 위한 정책 대토론회’ 성료",dnews.co.kr,https://www.dnews.co.kr/uhtml/view.jsp?idxno=202208190030531340107,제목,규칙기반 자동분류(제목·요약 낱말 대조)
2022-08-18,팔공산,대구·경북,행정,지정·구역,"조명희 의원 ""팔공산, 국립공원 승격해 체계적인 관리 필요""",straightnews.co.kr,https://www.straightnews.co.kr/news/articleView.html?idxno=215586,제목,규칙기반 자동분류(제목·요약 낱말 대조)
2022-08-17,팔공산,대구·경북,행정,지정·구역,"조명희 의원, 18일 팔공산 국립공원 승격 정책 대토론회 개최",nocutnews.co.kr,https://www.nocutnews.co.kr/news/5803032,제목,규칙기반 자동분류(제목·요약 낱말 대조)
2022-08-17,팔공산,대구·경북,행정,의회·국정감사,"[8월 3주차 국회에서는] 빌 게이츠 국회 방문, 10개 상임위 개최 등",straightnews.co.kr,https://www.straightnews.co.kr/news/articleView.html?idxno=215412,요약,규칙기반 자동분류(제목·요약 낱말 대조)
2022-08-08,한려해상,경남·전남,행정,인사·조직,"한려해상 동부사무소, 여름철 야영장 안전 점검",gnnews.co.kr,http://www.gnnews.co.kr/news/articleView.html?idxno=507077,제목,규칙기반 자동분류(제목·요약 낱말 대조)
2022-08-08,내장산,전북·전남,행정,인사·조직,내장산 안전문화 확산 유관기관 합동 캠페인 운영,domin.co.kr,http://www.domin.co.kr/news/articleView.html?idxno=1391861,제목,규칙기반 자동분류(제목·요약 낱말 대조)
2022-08-08,금정산,부산·경남,행정,지정·구역,[이곳만은 꼭 지키자] 시민공모전 20회 맞아 … 대규모 개발계획 여전,naeil.com,http://www.naeil.com/news_view/?id_art=431871,요약,규칙기반 자동분류(제목·요약 낱말 대조)
2022-08-04,태안해안,충남 태안,행정,법령·제도,"국립공원공단 ""해양 쓰레기 주워 오면 5000원 상품권""…8일부터 '해(海)...",newsworks.co.kr,http://www.newsworks.co.kr/news/articleView.html?idxno=605171,요약,규칙기반 자동분류(제목·요약 낱말 대조)
2022-08-03,경주,경북 경주,행정,인사·조직,"2022년 하반기 제주도, 도의회, 행정시 인사 명단",jemin.com,http://www.jemin.com/news/articleView.html?idxno=741419,요약,규칙기반 자동분류(제목·요약 낱말 대조)
2022-07-25,무등산,광주·전남,행정,인사·조직,[파워인터뷰] 남태한 무등산국립공원 사무소장,kjdaily.com,http://www.kjdaily.com/article.php?aid=1658451374580048175,제목,규칙기반 자동분류(제목·요약 낱말 대조)
2022-07-24,덕유산,전북·경남,행정,인사·조직,"덕유산국립공원사무소, 자연과 환경의 중요성 인식 제고 영화 상영",jjan.kr,https://www.jjan.kr/article/20220724580026,제목,규칙기반 자동분류(제목·요약 낱말 대조)
2022-07-20,무등산,광주·전남,행정,인사·조직,남태한 소장 “무등산 생태가치 증진·탐방복지 향상 최선”,kjdaily.com,http://www.kjdaily.com/article.php?aid=1658314417579847062,제목,규칙기반 자동분류(제목·요약 낱말 대조)
2022-07-19,태안해안,충남 태안,행정,지정·구역,"[그 섬에 가고 싶다] '이달의 섬' 고대도, '찾아가고 싶은 여름 섬' 웅도",ggilbo.com,http://www.ggilbo.com/news/articleView.html?idxno=923538,요약,규칙기반 자동분류(제목·요약 낱말 대조)
2022-07-18,월악산,충북·경북,행정,지정·구역,"환경부, 물놀이 관리지역 208곳 선정…안전인력 374명 배치",catchnews.kr,https://www.catchnews.kr/news/articleView.html?idxno=62887,요약,규칙기반 자동분류(제목·요약 낱말 대조)
2022-07-17,월악산,충북·경북,행정,지정·구역,휴가철 시작...국립공원 물놀이 안전 강화,babytimes.co.kr,http://www.babytimes.co.kr/news/articleView.html?idxno=58963,요약,규칙기반 자동분류(제목·요약 낱말 대조)
2022-07-15,가야산,경북·경남,행정,협약·협력,"서울산업진흥원-국립공원공단, 서울 中企 워케이션 업무협약 체결",news.mk.co.kr,http://news.mk.co.kr/newsRead.php?no=625198&year=2022,요약,규칙기반 자동분류(제목·요약 낱말 대조)
2022-07-14,치악산,강원 원주,행정,협약·협력,"[SR사회공헌] 삼양식품 인턴사원, 점자촉각책 만들기 봉사 진행",srtimes.kr,http://www.srtimes.kr/news/articleView.html?idxno=117100,요약,규칙기반 자동분류(제목·요약 낱말 대조)
2022-07-14,월악산,충북·경북,행정,지정·구역,국립공원내 '물놀이 안전관리 특별대책기간' 운영,ikld.kr,http://www.ikld.kr/news/articleView.html?idxno=257592,요약,규칙기반 자동분류(제목·요약 낱말 대조)
2022-07-14,월악산,충북·경북,행정,지정·구역,"국립공원공단, 휴가철 맞아 물놀이 안전관리 강화...인력 374명 현장 배...",s-journal.co.kr,http://www.s-journal.co.kr/news/articleView.html?idxno=7684,요약,규칙기반 자동분류(제목·요약 낱말 대조)
2022-07-14,월악산,충북·경북,행정,지정·구역,본격적인 휴가철 맞아 국립공원 물놀이 안전 강화,news.heraldcorp.com,http://news.heraldcorp.com/view.php?ud=20220714000777,요약,규칙기반 자동분류(제목·요약 낱말 대조)
2022-07-14,월악산,충북·경북,행정,지정·구역,여름휴가철 국립공원 물놀이 안전 강화,bosa.co.kr,http://www.bosa.co.kr/news/articleView.html?idxno=2177325,요약,규칙기반 자동분류(제목·요약 낱말 대조)
2022-07-14,월악산,충북·경북,행정,지정·구역,5년간 국립공원 여름철 익사사고 5건…안전관리 강화,mdtoday.co.kr,https://mdtoday.co.kr/news/view/1065583747310532,요약,규칙기반 자동분류(제목·요약 낱말 대조)
2022-07-14,월악산,충북·경북,행정,지정·구역,"국립공원공단, 휴가철 맞아 물놀이 안전관리 강화",dailian.co.kr,https://www.dailian.co.kr/news/view/1132316/?sc=Naver,요약,규칙기반 자동분류(제목·요약 낱말 대조)
2022-07-12,내장산,전북·전남,행정,인사·조직,송형근 국립공원공단 이사장 '내장산 안전관리 실태' 점검,jeonmin.co.kr,http://www.jeonmin.co.kr/news/articleView.html?idxno=359481,제목,규칙기반 자동분류(제목·요약 낱말 대조)
2022-07-12,태안해안,충남 태안,행정,인사·조직,"여름 휴가철, 조용한 계곡 찾다가 자칫 200만원 과태료 문다",seoul.co.kr,https://www.seoul.co.kr/news/newsView.php?id=20220712500090&wlog_tag3=naver,요약,규칙기반 자동분류(제목·요약 낱말 대조)
2022-07-12,다도해해상,전남,행정,지정·구역,"14년째 헛도는 흑산공항… 지역민들 ""희망고문""",jnilbo.com,https://www.jnilbo.com/view/media/view?code=2022070717181036514,요약,규칙기반 자동분류(제목·요약 낱말 대조)
2022-07-08,북한산,서울·경기,행정,예산·재정,"시원한 계곡에 두 발 풍덩, 멋진 경치에 마음도 풍덩!",mygoyang.com,http://www.mygoyang.com/news/articleView.html?idxno=68842,요약,규칙기반 자동분류(제목·요약 낱말 대조)
2022-07-07,덕유산,전북·경남,행정,연구·용역,[녹색연합 기고] 변화를 가장 먼저 알아채는 사람,laborplus.co.kr,http://www.laborplus.co.kr/news/articleView.html?idxno=29508,요약,규칙기반 자동분류(제목·요약 낱말 대조)
2022-07-04,태백산,강원·경북,행정,인사·조직,[새얼굴]주재우 태백산국립공원사무소장,kwnews.co.kr,http://www.kwnews.co.kr/page/view/2022070319363178159,제목,규칙기반 자동분류(제목·요약 낱말 대조)
2022-07-04,가야산,경북·경남,행정,인사·조직,[새얼굴] 조점현 가야산국립공원사무소 소장,knnews.co.kr,http://www.knnews.co.kr/news/articleView.php?idxno=1380331,제목,규칙기반 자동분류(제목·요약 낱말 대조)
2022-07-03,덕유산,전북·경남,행정,인사·조직,덕유산국립공원 신임 김현교 소장 취임,sjbnews.com,http://sjbnews.com/news/news.php?number=750029,제목,규칙기반 자동분류(제목·요약 낱말 대조)
2022-07-02,경주,경북 경주,행정,인사·조직,신임 윤덕구 경주국립공원사무소장 취임,yeongnam.com,https://www.yeongnam.com/web/view.php?key=20220702010000130,제목,규칙기반 자동분류(제목·요약 낱말 대조)
2022-06-30,경주,경북 경주,행정,인사·조직,국립공원공단 경주국립공원사무소 윤덕구 소장 부임,breaknews.com,http://www.breaknews.com/905655,제목,규칙기반 자동분류(제목·요약 낱말 대조)
2022-06-30,경주,경북 경주,행정,인사·조직,"경주국립공원사무소, 신임 윤덕구 소장 부임",newsis.com,http://www.newsis.com/view/?id=NISX20220630_0001926885&cID=10810&pID=10800,제목,규칙기반 자동분류(제목·요약 낱말 대조)
2022-06-30,월악산,충북·경북,행정,인사·조직,"월악산국립공원사무소, 유경호 신임소장 부임",kyongbuk.co.kr,http://www.kyongbuk.co.kr/news/articleView.html?idxno=2105989,제목,규칙기반 자동분류(제목·요약 낱말 대조)
2022-06-30,월악산,충북·경북,행정,인사·조직,월악산국립공원 유경호 신임 소장 내달 1일 부임,newspim.com,http://www.newspim.com/news/view/20220630000359,제목,규칙기반 자동분류(제목·요약 낱말 대조)
2022-06-30,월악산,충북·경북,행정,인사·조직,"유경호, 제27대 월악산국립공원사무소장 취임",asiatoday.co.kr,https://www.asiatoday.co.kr/view.php?key=20220630010017196,제목,규칙기반 자동분류(제목·요약 낱말 대조)
2022-06-29,경주,경북 경주,행정,인사·조직,[인사] 국립공원관리공단 전보,ikld.kr,http://www.ikld.kr/news/articleView.html?idxno=256646,요약,규칙기반 자동분류(제목·요약 낱말 대조)
2022-06-29,경주,경북 경주,행정,인사·조직,[인사] 국립공원공단 전보,tfmedia.co.kr,https://www.tfmedia.co.kr/news/article.html?no=127697,요약,규칙기반 자동분류(제목·요약 낱말 대조)
2022-06-29,경주,경북 경주,행정,인사·조직,[인사]교육부 外,donga.com,https://www.donga.com/news/article/all/20220629/114190369/1,요약,규칙기반 자동분류(제목·요약 낱말 대조)
2022-06-29,경주,경북 경주,행정,인사·조직,[인사]강릉시 교육부 2022년 6월 29일,kwnews.co.kr,http://www.kwnews.co.kr/nview.asp?aid=222062800156,요약,규칙기반 자동분류(제목·요약 낱말 대조)
2022-06-28,경주,경북 경주,행정,인사·조직,오늘의 인사 - 2022년 6월 29일,khan.co.kr,https://www.khan.co.kr/article/202206282227045,요약,규칙기반 자동분류(제목·요약 낱말 대조)
2022-06-28,경주,경북 경주,행정,인사·조직,6월29일 인사,hani.co.kr,https://www.hani.co.kr/arti/society/internalmove/1048866.html,요약,규칙기반 자동분류(제목·요약 낱말 대조)
2022-06-28,경주,경북 경주,행정,인사·조직,인사 종합 / 6월 28일,etoday.co.kr,https://www.etoday.co.kr/news/view/2148227,요약,규칙기반 자동분류(제목·요약 낱말 대조)
2022-06-28,경주,경북 경주,행정,인사·조직,◇국립공원공단,kbmaeil.com,http://www.kbmaeil.com/news/articleView.html?idxno=932843,요약,규칙기반 자동분류(제목·요약 낱말 대조)
2022-06-28,경주,경북 경주,행정,인사·조직,[인사] 법무부 ; 국립공원공단,hankyung.com,https://www.hankyung.com/society/article/2022062828101,요약,규칙기반 자동분류(제목·요약 낱말 대조)
2022-06-28,경주,경북 경주,행정,인사·조직,[인사] 국립공원공단 인사 명단,namdonews.com,http://www.namdonews.com/news/articleView.html?idxno=686359,요약,규칙기반 자동분류(제목·요약 낱말 대조)
2022-06-28,경주,경북 경주,행정,인사·조직,[인사]국립공원공단 外,foodneconomy.com,https://www.foodneconomy.com/news/articleView.html?idxno=337760,요약,규칙기반 자동분류(제목·요약 낱말 대조)
2022-06-28,경주,경북 경주,행정,인사·조직,[인사]여성가족부 외,sedaily.com,https://www.sedaily.com/NewsView/267F7BJNZP,요약,규칙기반 자동분류(제목·요약 낱말 대조)
2022-06-28,지리산,전남·전북·경남,행정,인사·조직,국립공원관리공단 인사,domin.co.kr,http://www.domin.co.kr/news/articleView.html?idxno=1387199,요약,규칙기반 자동분류(제목·요약 낱말 대조)
2022-06-28,북한산,서울·경기,행정,인사·조직,[인사]국림공원공단,sentv.co.kr,http://www.sentv.co.kr/news/view/623284,요약,규칙기반 자동분류(제목·요약 낱말 대조)
2022-06-24,태안해안,충남 태안,행정,법령·제도,[정책브리핑] 2022년 06월 24일 금요일 주요 정책,sisunnews.co.kr,http://www.sisunnews.co.kr/news/articleView.html?idxno=165735,요약,규칙기반 자동분류(제목·요약 낱말 대조)
2022-06-17,덕유산,전북·경남,행정,지정·구역,경상도·충청도와 맞닿은 전라도 무진장,gjdream.com,http://www.gjdream.com/news/articleView.html?idxno=615317,요약,규칙기반 자동분류(제목·요약 낱말 대조)
2022-06-15,한려해상,경남·전남,행정,협약·협력,"한려해상국립공원동부사무소-대한적십자사 경남도지사, 업무협약 체결",newsgn.com,http://www.newsgn.com/330060,제목,규칙기반 자동분류(제목·요약 낱말 대조)
2022-06-12,경주,경북 경주,행정,법령·제도,경주국립공원 시민대학 13기 졸업식,dkilbo.com,http://www.dkilbo.com/news/articleView.html?idxno=367390,제목,규칙기반 자동분류(제목·요약 낱말 대조)
2022-06-10,다도해해상,전남,행정,기타,전남 진도 외병도 물걱정 끝…10일 통수식 가져,nocutnews.co.kr,https://www.nocutnews.co.kr/news/5770155,요약,규칙기반 자동분류(제목·요약 낱말 대조)
2022-06-08,내장산,전북·전남,행정,협약·협력,"전북관광 컨트롤타워, 지역관광 미래 선도",jjn.co.kr,http://www.jjn.co.kr/news/articleView.html?idxno=912900,요약,규칙기반 자동분류(제목·요약 낱말 대조)
2022-06-07,내장산,전북·전남,행정,인사·조직,내장산 단풍생태공원에서 '취약계층 신혼부부 대상 친환경 숲 속 결혼식...,jjan.kr,https://www.jjan.kr/article/20220607580093,제목,규칙기반 자동분류(제목·요약 낱말 대조)
2022-06-07,다도해해상,전남,행정,인사·조직,"해양환경공단, 다도해해상국립공원 정화사업 '착수'",cstimes.com,http://www.cstimes.com/news/articleView.html?idxno=501082,제목,규칙기반 자동분류(제목·요약 낱말 대조)
2022-06-04,다도해해상,전남,행정,인사·조직,"해양환경공단, 다도해해상국립공원 정화 착수",e2news.com,http://www.e2news.com/news/articleView.html?idxno=242647,제목,규칙기반 자동분류(제목·요약 낱말 대조)
2022-05-26,한려해상,경남·전남,행정,기타,‘안섬’ ‘바깥섬’ 잇는 은빛 모래톱… 옥빛 바다 한가운데를 걷다,munhwa.com,http://www.munhwa.com/news/view.html?no=2022052601031812048001,요약,규칙기반 자동분류(제목·요약 낱말 대조)
2022-05-22,내장산,전북·전남,행정,협약·협력,[전라북도문화관광재단 관광본부 설립 1년을 되돌아보니]국내 RTO 최대 ...,sjbnews.com,http://sjbnews.com/news/news.php?number=746209,요약,규칙기반 자동분류(제목·요약 낱말 대조)
2022-05-14,태백산,강원·경북,행정,지정·구역,"오늘 일출·일몰시간, ""14일(토) 전국 해돋이 명소 해 뜨는 시간과 해 지...",lecturernews.com,http://www.lecturernews.com/news/articleView.html?idxno=97047,요약,규칙기반 자동분류(제목·요약 낱말 대조)
2022-05-12,다도해해상,전남,행정,지정·구역,"김준의 어촌정담 漁村情談 51 세월호 그후 8년, ""잊지 않겠습니다""",hdhy.co.kr,http://www.hdhy.co.kr/news/articleView.html?idxno=16988,요약,규칙기반 자동분류(제목·요약 낱말 대조)
2022-05-05,속리산,충북·경북,행정,인사·조직,"속리산국립공원, 100주년 어린이날 맞아 문화 행사 풍성",jbnews.com,http://www.jbnews.com/news/articleView.html?idxno=1360422,제목,규칙기반 자동분류(제목·요약 낱말 대조)
2022-04-27,덕유산,전북·경남,행정,인사·조직,"환경부, 기후위기 극복할 탄소중립사회 전환 위한 발걸음 박차",ikoreanspirit.com,http://www.ikoreanspirit.com/news/articleView.html?idxno=67438,요약,규칙기반 자동분류(제목·요약 낱말 대조)
2022-04-20,다도해해상,전남,행정,협약·협력,"다도해해상국립공원서부사무소, 목포경찰서와 안전망 구축 업무협약",asiatoday.co.kr,https://www.asiatoday.co.kr/view.php?key=20220420010011873,제목,규칙기반 자동분류(제목·요약 낱말 대조)
2022-04-15,한려해상,경남·전남,행정,지정·구역,"[신용석레인저가떴다] 따사로운 해품길, 동백숲 터널…사연 많은 형제섬",news1.kr,https://www.news1.kr/articles/?4639616,요약,규칙기반 자동분류(제목·요약 낱말 대조)
2022-04-11,한라산,제주,행정,연구·용역,'제주도 오름 기본계획' 잘 될까? ... 2016년 계획 절반 '미추진',mediajeju.com,http://www.mediajeju.com/news/articleView.html?idxno=336853,요약,규칙기반 자동분류(제목·요약 낱말 대조)
2022-04-11,지리산,전남·전북·경남,행정,기타,[유진상 환경칼럼] 즐겨보자…봄꽃의 향연,onews.tv,https://www.onews.tv/news/articleView.html?idxno=121422,요약,규칙기반 자동분류(제목·요약 낱말 대조)
2022-04-09,태백산,강원·경북,행정,법령·제도,"김연식 전 태백시장 “위기의 태백, 활력 넘치는 도시로 만들 것”",pressian.com,https://www.pressian.com/pages/articles/2022040915454630432?utm_source=naver&utm_medium=search,요약,규칙기반 자동분류(제목·요약 낱말 대조)
2022-03-31,팔공산,대구·경북,행정,인사·조직,[대구·경북 여론조사] 대구 동구청장 적합도는?,news.kbs.co.kr,https://news.kbs.co.kr/news/view.do?ncd=5428518&ref=A,요약,규칙기반 자동분류(제목·요약 낱말 대조)
2022-03-09,다도해해상,전남,행정,지정·구역,"전남도 현안> 13년 째 첫 삽 못 땐 흑산공항…""강력 의지에 달렸다""",jnilbo.com,https://www.jnilbo.com/view/media/view?code=2022030917295550198,요약,규칙기반 자동분류(제목·요약 낱말 대조)
2022-03-04,태백산,강원·경북,행정,지정·구역,"오늘 일출·일몰시간, ""4일(금) 전국 명소 해 뜨는 시간과 해 지는 시간...",lecturernews.com,http://www.lecturernews.com/news/articleView.html?idxno=91196,요약,규칙기반 자동분류(제목·요약 낱말 대조)
2022-03-03,내장산,전북·전남,행정,인사·조직,국립공원 탐방서비스 대국민 아이디어 공모전,jeonmin.co.kr,http://www.jeonmin.co.kr/news/articleView.html?idxno=350756,요약,규칙기반 자동분류(제목·요약 낱말 대조)
2022-03-02,지리산,전남·전북·경남,행정,인사·조직,3일 '제2회 국립공원의 날' 기념식 개최,ikld.kr,http://www.ikld.kr/news/articleView.html?idxno=249936,요약,규칙기반 자동분류(제목·요약 낱말 대조)
2022-02-16,소백산,충북·경북,행정,법령·제도,[2022년 2월 16일 사회 주요일정]'사법행정권 남용' 양승태 전 대법원장...,mediapen.com,http://www.mediapen.com/news/view/701186,요약,규칙기반 자동분류(제목·요약 낱말 대조)
2022-02-11,속리산,충북·경북,행정,기타,널뛰는 ASF 방역정책 농가들 반발,chukkyung.co.kr,http://www.chukkyung.co.kr/news/articleView.html?idxno=63073,요약,규칙기반 자동분류(제목·요약 낱말 대조)
2022-02-06,내장산,전북·전남,행정,인사·조직,내장산국립공원사무소 신임 윤대원 소장 부임,jeonmin.co.kr,http://www.jeonmin.co.kr/news/articleView.html?idxno=348869,제목,규칙기반 자동분류(제목·요약 낱말 대조)
2022-02-04,태백산,강원·경북,행정,지정·구역,눈부신 설경 속 한 걸음 한 걸음… 마음에 품은 소망도 함께 빛난다,kado.net,http://www.kado.net/news/articleView.html?idxno=1111271,요약,규칙기반 자동분류(제목·요약 낱말 대조)
2022-01-31,태백산,강원·경북,행정,지정·구역,새해 해발 1567m 태백산에 올라 신성한 기운을 받자,kado.net,http://www.kado.net/news/articleView.html?idxno=1110880,제목,규칙기반 자동분류(제목·요약 낱말 대조)
2022-01-29,지리산,전남·전북·경남,행정,인사·조직,"[인사](주간/종합) 행정안전부, 교육부 外 인사 이동",fintechpost.co.kr,http://www.fintechpost.co.kr/news/articleView.html?idxno=152785,요약,규칙기반 자동분류(제목·요약 낱말 대조)
2022-01-29,속리산,충북·경북,행정,인사·조직,[인사] 국립공원공단 인사,ikld.kr,http://www.ikld.kr/news/articleView.html?idxno=248551,요약,규칙기반 자동분류(제목·요약 낱말 대조)
2022-01-28,지리산,전남·전북·경남,행정,인사·조직,[인사종합] 방통위·기재부·행안부 등,safetimes.co.kr,http://www.safetimes.co.kr/news/articleView.html?idxno=106815,요약,규칙기반 자동분류(제목·요약 낱말 대조)
2022-01-28,속리산,충북·경북,행정,인사·조직,인사 - 20220128,naeil.com,http://www.naeil.com/news_view/?id_art=412847,요약,규칙기반 자동분류(제목·요약 낱말 대조)
2022-01-28,태백산,강원·경북,행정,지정·구역,"오늘 일출·일몰시간, ""29일(토) 해돋이 전국 명소 해 뜨는 시간과 해 지...",lecturernews.com,http://www.lecturernews.com/news/articleView.html?idxno=88371,요약,규칙기반 자동분류(제목·요약 낱말 대조)
2022-01-27,한려해상,경남·전남,행정,인사·조직,인사 종합 / 1월27일,etoday.co.kr,https://www.etoday.co.kr/news/view/2101122,요약,규칙기반 자동분류(제목·요약 낱말 대조)
2022-01-27,속리산,충북·경북,행정,인사·조직,오늘의 인사 - 2022년 1월 28일,khan.co.kr,https://www.khan.co.kr/article/202201272125025,요약,규칙기반 자동분류(제목·요약 낱말 대조)
2022-01-27,속리산,충북·경북,행정,인사·조직,1월 28일 인사,hani.co.kr,https://www.hani.co.kr/arti/society/internalmove/1029142.html,요약,규칙기반 자동분류(제목·요약 낱말 대조)
2022-01-27,속리산,충북·경북,행정,인사·조직,[인사] 국회사무처·국회도서관·국회예산정책처·국회입법조사처 외,readersnews.com,http://www.readersnews.com/news/articleView.html?idxno=104921,요약,규칙기반 자동분류(제목·요약 낱말 대조)
2022-01-27,속리산,충북·경북,행정,인사·조직,"[1월 27일 인사] 국회사무처, 국회입법조사처, 특허청, 산림청 外",news2day.co.kr,https://www.news2day.co.kr/article/20220127500310,요약,규칙기반 자동분류(제목·요약 낱말 대조)
2022-01-27,속리산,충북·경북,행정,인사·조직,"[인사] 국회입법조사처, 국립공원공단, 한국천문연구원",businesspost.co.kr,https://www.businesspost.co.kr/BP?command=article_view&num=270067,요약,규칙기반 자동분류(제목·요약 낱말 대조)
2022-01-26,다도해해상,전남,행정,지정·구역,"신안군, 비금면 명사십리해변 공원 지정 갈등 “주민은 호구”",nspna.com,http://www.nspna.com/news/?mode=view&newsid=551758,요약,규칙기반 자동분류(제목·요약 낱말 대조)
2022-01-23,오대산,강원,행정,기타,사진으로 읽는 하루…23일 국내엔 무슨 일이?,joongang.co.kr,https://www.joongang.co.kr/article/25042753,요약,규칙기반 자동분류(제목·요약 낱말 대조)
2022-01-21,내장산,전북·전남,행정,인사·조직,"""세계인이 인정할 사찰숲 순례코스, 불자들 손으로 발굴해 내야죠""",beopbo.com,http://www.beopbo.com/news/articleView.html?idxno=306542,요약,규칙기반 자동분류(제목·요약 낱말 대조)
2022-01-12,한라산,제주,행정,인사·조직,2022년 제주도 상반기 정기 인사 프로필,jemin.com,http://www.jemin.com/news/articleView.html?idxno=730314,요약,규칙기반 자동분류(제목·요약 낱말 대조)
2022-01-11,계룡산,대전·충남,행정,협약·협력,계룡산국립공원-대전서부교육지원청 '업무협약',jbnews.com,http://www.jbnews.com/news/articleView.html?idxno=1353383,제목,규칙기반 자동분류(제목·요약 낱말 대조)
2022-01-11,한라산,제주,행정,인사·조직,2022년 상반기 사무관급 이상 공무원 인사 명단,jejumaeil.net,http://www.jejumaeil.net/news/articleView.html?idxno=310643,요약,규칙기반 자동분류(제목·요약 낱말 대조)
2022-01-11,한라산,제주,행정,인사·조직,[오늘의 인사]글로벌이코노믹·유유제약·컨슈머타임스 外,mediapen.com,http://www.mediapen.com/news/view/692903,요약,규칙기반 자동분류(제목·요약 낱말 대조)
2022-01-11,한라산,제주,행정,인사·조직,[인사] 산업은행 외,readersnews.com,http://www.readersnews.com/news/articleView.html?idxno=104817,요약,규칙기반 자동분류(제목·요약 낱말 대조)
2022-01-11,한라산,제주,행정,인사·조직,[1월 11일 인사] 외교부·산업은행·강원도·광주시·팍스넷뉴스 外,news2day.co.kr,https://www.news2day.co.kr/article/20220111500199,요약,규칙기반 자동분류(제목·요약 낱말 대조)
2022-01-10,계룡산,대전·충남,행정,협약·협력,"대전서부교육청-계룡산국립공원사무소, 생태전환교육 업무협약 체결",newsfreezone.co.kr,http://www.newsfreezone.co.kr/news/articleView.html?idxno=356279,제목,규칙기반 자동분류(제목·요약 낱말 대조)
2022-01-10,계룡산,대전·충남,행정,협약·협력,"대전서부교육,생태전환교육 업무협약",ccnnews.co.kr,http://www.ccnnews.co.kr/news/articleView.html?idxno=244665,요약,규칙기반 자동분류(제목·요약 낱말 대조)
2022-01-10,계룡산,대전·충남,행정,협약·협력,"대전서부교육청, 계룡산국립공원과 생태전환교육 업무협약",news1.kr,https://www.news1.kr/articles/?4549946,제목,규칙기반 자동분류(제목·요약 낱말 대조)
2022-01-10,계룡산,대전·충남,행정,협약·협력,서부교육청-계룡산국립공원사무소 생태전환교육 협약,ggilbo.com,http://www.ggilbo.com/news/articleView.html?idxno=889868,제목,규칙기반 자동분류(제목·요약 낱말 대조)
2022-01-07,태백산,강원·경북,행정,지정·구역,"오늘 일출·일몰시간, ""7일(금) 전국 명소 해 뜨는 시간과 해 지는 시간...",lecturernews.com,http://www.lecturernews.com/news/articleView.html?idxno=86130,요약,규칙기반 자동분류(제목·요약 낱말 대조)
2021-12-29,지리산,전남·전북·경남,행정,인사·조직,"(인터뷰)송형근 국립공원공단 이사장 ""업무범위, 해상·해안공원 확대할...",newstomato.com,http://www.newstomato.com/ReadNews.aspx?no=1096686&inflow=N,요약,규칙기반 자동분류(제목·요약 낱말 대조)
2021-12-26,북한산,서울·경기,행정,기타,[연합뉴스 이 시각 헤드라인] - 10:00,yna.kr,http://yna.kr/AKR20211226014200011?did=1195m,요약,규칙기반 자동분류(제목·요약 낱말 대조)
2021-12-17,지리산,전남·전북·경남,행정,인사·조직,국립공원공단-다솜재단 취약계층 집 고쳐주기에 힘모아,job-post.co.kr,http://www.job-post.co.kr/news/articleView.html?idxno=44130,요약,규칙기반 자동분류(제목·요약 낱말 대조)
2021-12-16,지리산,전남·전북·경남,행정,협약·협력,"국립공원공단-다솜둥지복지재단, 취약계층 집 고쳐주기 업무협약 체결",kyongbuk.co.kr,http://www.kyongbuk.co.kr/news/articleView.html?idxno=2089831,요약,규칙기반 자동분류(제목·요약 낱말 대조)
2021-12-16,지리산,전남·전북·경남,행정,인사·조직,"국립공원공단-다솜재단, 취약계층 집 고쳐주기 '맞손'",enewstoday.co.kr,http://www.enewstoday.co.kr/news/articleView.html?idxno=1534818,요약,규칙기반 자동분류(제목·요약 낱말 대조)
2021-12-16,지리산,전남·전북·경남,행정,인사·조직,"[원주 혁신] 석탄공사, 비상임이사와 함께하는 직원 역량강화교육 등",kukinews.com,http://www.kukinews.com/newsView/kuk202112160154,요약,규칙기반 자동분류(제목·요약 낱말 대조)
2021-12-16,지리산,전남·전북·경남,행정,인사·조직,"국립공원공단, 다솜둥지복지재단과 취약계층 집 고쳐주기 힘모아",pressian.com,https://www.pressian.com/pages/articles/2021121613393193370?utm_source=naver&utm_medium=search,요약,규칙기반 자동분류(제목·요약 낱말 대조)
2021-12-13,계룡산,대전·충남,행정,협약·협력,[제약사 ESG ③] 사회공헌·녹색경영 실천하는 유한양행,greenpostkorea.co.kr,http://www.greenpostkorea.co.kr/news/articleView.html?idxno=130917,요약,규칙기반 자동분류(제목·요약 낱말 대조)
2021-12-08,덕유산,전북·경남,행정,기타,"""국립공원 정책, 규제 아닌 상생 도모해야""",hyunbulnews.com,http://www.hyunbulnews.com/news/articleView.html?idxno=403345,요약,규칙기반 자동분류(제목·요약 낱말 대조)
2021-12-03,월악산,충북·경북,행정,인사·조직,"송형근 국립공원공단 이사장, 월악산국립공원 현장점검",asiatoday.co.kr,https://www.asiatoday.co.kr/view.php?key=20211203010001992,제목,규칙기반 자동분류(제목·요약 낱말 대조)
2021-12-01,계룡산,대전·충남,행정,지정·구역,계룡산 안보생태 탐방길 열린다,cctimes.kr,http://www.cctimes.kr/news/articleView.html?idxno=683114,제목,규칙기반 자동분류(제목·요약 낱말 대조)
2021-12-01,계룡산,대전·충남,행정,지정·구역,"계룡시, '계룡산 안보생태 탐방길' 열리다",discoverynews.kr,http://www.discoverynews.kr/news/articleView.html?idxno=696703,제목,규칙기반 자동분류(제목·요약 낱말 대조)
2021-12-01,계룡산,대전·충남,행정,지정·구역,계룡시 '계룡산 안보생태 탐방길' 열린다,ggilbo.com,http://www.ggilbo.com/news/articleView.html?idxno=882805,제목,규칙기반 자동분류(제목·요약 낱말 대조)
2021-12-01,계룡산,대전·충남,행정,지정·구역,"계룡시, 계룡안보생태 탐방길 열린다.",ekn.kr,https://www.ekn.kr/web/view.php?key=20211201010000098,요약,규칙기반 자동분류(제목·요약 낱말 대조)
2021-12-01,계룡산,대전·충남,행정,지정·구역,"오랜숙원 ""계룡산 안보생태 탐방길 열린다""",ccdailynews.com,https://www.ccdailynews.com/news/articleView.html?idxno=2097548,제목,규칙기반 자동분류(제목·요약 낱말 대조)
2021-11-30,가야산,경북·경남,행정,인사·조직,[길 둘러 절 들러] 가을 보내는 해인사 소리길,bulkwang.co.kr,http://www.bulkwang.co.kr/news/articleView.html?idxno=37034,요약,규칙기반 자동분류(제목·요약 낱말 대조)
2021-11-25,월출산,전남,행정,협약·협력,"현대삼호중공업-월출산국립공원, 탄소 중립 활동 공동 노력",news.lghellovision.net,http://news.lghellovision.net/news/newsView.do?soCode=SCN0000000&idx=324262,제목,규칙기반 자동분류(제목·요약 낱말 대조)
2021-11-25,월출산,전남,행정,협약·협력,"현대삼호중-월출산국립공원사무소, 탄소중립 활동 협약",yna.kr,http://yna.kr/AKR20211125049500054?did=1195m,제목,규칙기반 자동분류(제목·요약 낱말 대조)
2021-11-20,한려해상,경남·전남,행정,지정·구역,거제 둔덕 골프장 반대 목소리에 주민설명회 ‘파행’,pressian.com,https://www.pressian.com/pages/articles/2021112000121297104?utm_source=naver&utm_medium=search,요약,규칙기반 자동분류(제목·요약 낱말 대조)
2021-11-16,지리산,전남·전북·경남,행정,협약·협력,"국립공원공단, 남원시 및 전북문화관광재단과 업무협약 체결",mhns.co.kr,http://www.mhns.co.kr/news/articleView.html?idxno=515929,요약,규칙기반 자동분류(제목·요약 낱말 대조)
2021-11-16,지리산,전남·전북·경남,행정,협약·협력,"한화솔루션-국립공원公, ‘탄소중립·자연생태보전 위한 업무협약’ 체...",weekly.hankooki.com,https://weekly.hankooki.com/lpage/society/202111/wk20211116102957146140.htm?s_ref=nv,요약,규칙기반 자동분류(제목·요약 낱말 대조)
2021-11-15,지리산,전남·전북·경남,행정,인사·조직,"국립공원공단, 남원시·전북문화관광재단과 협약",pressian.com,https://www.pressian.com/pages/articles/2021111522464170293?utm_source=naver&utm_medium=search,요약,규칙기반 자동분류(제목·요약 낱말 대조)
2021-11-15,지리산,전남·전북·경남,행정,지정·구역,"국립공원공단, 드라마 '지리산' 활용 관광마케팅 협약",enewstoday.co.kr,http://www.enewstoday.co.kr/news/articleView.html?idxno=1526725,제목,규칙기반 자동분류(제목·요약 낱말 대조)
2021-11-11,지리산,전남·전북·경남,행정,지정·구역,[줌인]주지훈·전지현의 지리산 해동분소가 북한산에 있는 이유,edaily.co.kr,http://www.edaily.co.kr/news/newspath.asp?newsid=03542406629244736,제목,규칙기반 자동분류(제목·요약 낱말 대조)
2021-11-10,한라산,제주,행정,법령·제도,"최종 확정된 7단계 제도개선, 알맹이 빠져 '미완의 과제' 남겼다",jejusori.net,http://www.jejusori.net/news/articleView.html?idxno=335341,요약,규칙기반 자동분류(제목·요약 낱말 대조)
2021-11-10,덕유산,전북·경남,행정,지정·구역,[숲과 사찰] 요새 같은 험산… 조선의 정신을 지킨 절,san.chosun.com,http://san.chosun.com/site/data/html_dir/2021/10/28/2021102801391.html?utm_source=naver&utm_medium=referral&utm_campaign=san,요약,규칙기반 자동분류(제목·요약 낱말 대조)
2021-11-08,가야산,경북·경남,행정,인사·조직,"가야산 육각정화장실, 아름다운화장실 특별상 수상",knnews.co.kr,http://www.knnews.co.kr/news/articleView.php?idxno=1362961,제목,규칙기반 자동분류(제목·요약 낱말 대조)
2021-11-03,지리산,전남·전북·경남,행정,지정·구역,CG 같은 풍경 깜짝…전지현이 누빈 지리산 속 '비밀의 장소',joongang.co.kr,https://www.joongang.co.kr/article/25020753,제목,규칙기반 자동분류(제목·요약 낱말 대조)
2021-11-02,내장산,전북·전남,행정,인사·조직,"전국 오늘의 날씨 및 내일날씨, 오늘 강원영동, 내일 중부서해안 비, 일...",economytalk.kr,http://www.economytalk.kr/news/articleView.html?idxno=216839,요약,규칙기반 자동분류(제목·요약 낱말 대조)
2021-11-02,내장산,전북·전남,행정,인사·조직,"전국 오늘의 날씨 및 내일날씨, 오늘 강원영동, 내일 중부서해안 비, 주...",samdailbo.com,http://www.samdailbo.com/news/articleView.html?idxno=172401,요약,규칙기반 자동분류(제목·요약 낱말 대조)
2021-11-02,내장산,전북·전남,행정,인사·조직,"[일기예보]기상청 오늘의 날씨 및 내일날씨 예보, 오늘 강원영동, 내일...",economytalk.kr,http://www.economytalk.kr/news/articleView.html?idxno=216779,요약,규칙기반 자동분류(제목·요약 낱말 대조)
2021-11-02,내장산,전북·전남,행정,인사·조직,"오늘의 날씨 및 내일날씨, 오늘 강원영동 비, 백암산 아기단풍 이번 주...",incheonin.com,http://www.incheonin.com/news/articleView.html?idxno=83585,요약,규칙기반 자동분류(제목·요약 낱말 대조)
2021-11-01,내장산,전북·전남,행정,기타,올 3분기 100대 건설사 수행 현장에서 사망사고 12명 발생,electimes.com,http://www.electimes.com/article.php?aid=1635728835224571102,요약,규칙기반 자동분류(제목·요약 낱말 대조)
2021-11-01,소백산,충북·경북,행정,협약·협력,[단양소식]취약계층 330가구에 소방시설 무상 지원 등,newsis.com,http://www.newsis.com/view/?id=NISX20211101_0001635212&cID=10806&pID=10800,요약,규칙기반 자동분류(제목·요약 낱말 대조)
2021-10-29,내장산,전북·전남,행정,기타,3분기 대형건설사 8곳서 사망사고…한양·현대·계룡·포스코건설 등,4th.kr,http://www.4th.kr/news/articleView.html?idxno=2007794,요약,규칙기반 자동분류(제목·요약 낱말 대조)
2021-10-29,내장산,전북·전남,행정,기타,3분기 건설현장 사망사고 12명...한양건설 최다,finomy.com,http://www.finomy.com/news/articleView.html?idxno=101440,요약,규칙기반 자동분류(제목·요약 낱말 대조)
2021-10-29,내장산,전북·전남,행정,기타,3분기 대형건설사 8곳서 사망사고…한양·현대·계룡건설 順,inews24.com,http://www.inews24.com/view/1416567,요약,규칙기반 자동분류(제목·요약 낱말 대조)
2021-10-29,내장산,전북·전남,행정,기타,3분기 대형건설사 8곳서 사망사고…최다 사고는 한양,nocutnews.co.kr,https://www.nocutnews.co.kr/news/5647554,요약,규칙기반 자동분류(제목·요약 낱말 대조)
2021-10-29,내장산,전북·전남,행정,기타,3분기 사망사고 발생한 대형 건설사 8개…12명 숨져,news.kbs.co.kr,https://news.kbs.co.kr/news/view.do?ncd=5312370&ref=A,요약,규칙기반 자동분류(제목·요약 낱말 대조)
2021-10-29,내장산,전북·전남,행정,기타,올해 3분기 대형건설사 사망사고 한양 가장 많아...발주청은 LH,newspim.com,http://www.newspim.com/news/view/20211028001450,요약,규칙기반 자동분류(제목·요약 낱말 대조)
2021-10-28,금정산,부산·경남,행정,지정·구역,[장산에서 시작된 백년대계] ③ 금정산·황령산 등 부산지역 산림 관리...,news.lghellovision.net,http://news.lghellovision.net/news/newsView.do?soCode=SC50000000&idx=322194,제목,규칙기반 자동분류(제목·요약 낱말 대조)
2021-10-26,계룡산,대전·충남,행정,인사·조직,"계룡산국립공원, 가을단풍철 코로나19 확산 방지 ‘탐방 거리두기’ 캠...",kukinews.com,http://www.kukinews.com/newsView/kuk202110260079,제목,규칙기반 자동분류(제목·요약 낱말 대조)
2021-10-26,소백산,충북·경북,행정,협약·협력,"가스안전公 충북북부, 충주시설관리공단과 업무협약",todayenergy.kr,http://www.todayenergy.kr/news/articleView.html?idxno=241467,요약,규칙기반 자동분류(제목·요약 낱말 대조)
2021-10-25,가야산,경북·경남,행정,인사·조직,[합천소식] 가야산국립공원 야간 특별단속 등,newsis.com,http://www.newsis.com/view/?id=NISX20211025_0001626419&cID=10812&pID=10800,제목,규칙기반 자동분류(제목·요약 낱말 대조)
2021-10-25,가야산,경북·경남,행정,인사·조직,가야산국립공원 '야간 특별단속' 29일~11월30일,news.bbsi.co.kr,https://news.bbsi.co.kr/news/articleView.html?idxno=3048133,제목,규칙기반 자동분류(제목·요약 낱말 대조)
2021-10-19,덕유산,전북·경남,행정,인사·조직,'구천동 어사길'의 주역들 국립공원공단으로부터 감사패 받아,domin.co.kr,http://www.domin.co.kr/news/articleView.html?idxno=1357539,요약,규칙기반 자동분류(제목·요약 낱말 대조)
2021-10-19,덕유산,전북·경남,행정,인사·조직,황인홍 군수 국립공원공단 감사패 받아,sjbnews.com,http://sjbnews.com/news/news.php?number=725990,요약,규칙기반 자동분류(제목·요약 낱말 대조)
2021-10-19,태백산,강원·경북,행정,법령·제도,[정책브리핑] 2021년 10월 19일 화요일 주요 정책,sisunnews.co.kr,http://www.sisunnews.co.kr/news/articleView.html?idxno=149193,요약,규칙기반 자동분류(제목·요약 낱말 대조)
2021-10-18,한려해상,경남·전남,행정,기타,[포토] '미지의 겨울왕국' 등 국립공원 사진공모전 수상작 감상하세요,kgnews.co.kr,https://www.kgnews.co.kr/news/article.html?no=671897,요약,규칙기반 자동분류(제목·요약 낱말 대조)
2021-10-18,태백산,강원·경북,행정,인사·조직,국립공원 사진공모전 대상에 태백산 '미지의 겨울왕국',job-post.co.kr,http://www.job-post.co.kr/news/articleView.html?idxno=37506,제목,규칙기반 자동분류(제목·요약 낱말 대조)
2021-10-18,태백산,강원·경북,행정,인사·조직,국립공원 사진공모전 대상에 태백산 '미지의 겨울왕국' 선정,ikld.kr,http://www.ikld.kr/news/articleView.html?idxno=242163,제목,규칙기반 자동분류(제목·요약 낱말 대조)
2021-10-18,태백산,강원·경북,행정,인사·조직,국립공원 사진 공모전 수상작 발표,bosa.co.kr,http://www.bosa.co.kr/news/articleView.html?idxno=2160317,요약,규칙기반 자동분류(제목·요약 낱말 대조)
2021-10-17,태백산,강원·경북,행정,인사·조직,"태백산, 그 '미지의 겨울왕국'을 뷰파인더에 담다... 국립공원 사진공모...",discoverynews.kr,http://www.discoverynews.kr/news/articleView.html?idxno=663167,제목,규칙기반 자동분류(제목·요약 낱말 대조)
2021-10-17,태백산,강원·경북,행정,기타,"국립공원, 제20회 사진공모전 대상에 태백산 '미지의 겨울왕국' 선정",asiatoday.co.kr,https://www.asiatoday.co.kr/view.php?key=20211017010008887,제목,규칙기반 자동분류(제목·요약 낱말 대조)
2021-10-17,태백산,강원·경북,행정,기타,눈부시게 아름다운 국립공원…사진공모 대상에 태백산 '미지의 겨울왕국...,news1.kr,https://www.news1.kr/articles/?4463422,제목,규칙기반 자동분류(제목·요약 낱말 대조)
2021-10-15,태백산,강원·경북,행정,지정·구역,"오늘 일출·일몰시간 ""15일(금) 전국 명소 해 뜨는 시간과 해 지는 시간...",lecturernews.com,http://www.lecturernews.com/news/articleView.html?idxno=78341,요약,규칙기반 자동분류(제목·요약 낱말 대조)
2021-10-14,내장산,전북·전남,행정,인사·조직,"내장산국립공원사무소, 내장산 자연 속 작은 결혼식 개최",jjan.kr,http://www.jjan.kr/news/articleView.html?idxno=2118678,제목,규칙기반 자동분류(제목·요약 낱말 대조)
2021-10-14,내장산,전북·전남,행정,인사·조직,"전라북도문화관광재단, 내장산국립공원과 관광부문 ESG 경영 결의식 및...",wikitree.co.kr,https://www.wikitree.co.kr/articles/697161,제목,규칙기반 자동분류(제목·요약 낱말 대조)
2021-10-13,속리산,충북·경북,행정,인사·조직,"속리산 가을 단풍 탐방, 방역수칙 준수하세요!",ccdailynews.com,https://www.ccdailynews.com/news/articleView.html?idxno=2086960,제목,규칙기반 자동분류(제목·요약 낱말 대조)
2021-10-13,내장산,전북·전남,행정,인사·조직,"내장산국립공원, 자연 속 작은 결혼식 운영",domin.co.kr,http://www.domin.co.kr/news/articleView.html?idxno=1356885,제목,규칙기반 자동분류(제목·요약 낱말 대조)
2021-10-13,지리산,전남·전북·경남,행정,예산·재정,환경부는 지리산과 설악산에 가보라,h21.hani.co.kr,https://h21.hani.co.kr/arti/society/environment/51038.html,제목,규칙기반 자동분류(제목·요약 낱말 대조)
2021-10-08,변산반도,전북 부안,행정,인사·조직,"변산반도국립공원, 하섬 일대 해루질 안전사고 대응 탐조등 운영",ibuan.com,https://www.ibuan.com/news/articleView.html?idxno=35606,제목,규칙기반 자동분류(제목·요약 낱말 대조)
2021-10-08,변산반도,전북 부안,행정,인사·조직,부안 변산반도국립공원 탐조등 설치,jeonmin.co.kr,http://www.jeonmin.co.kr/news/articleView.html?idxno=340437,제목,규칙기반 자동분류(제목·요약 낱말 대조)
2021-10-07,지리산,전남·전북·경남,행정,협약·협력,(주)코빅스 앤서가든 런칭에 따른 ESG 경영 업무협약 체결,domin.co.kr,http://www.domin.co.kr/news/articleView.html?idxno=1356397,요약,규칙기반 자동분류(제목·요약 낱말 대조)
2021-10-07,지리산,전남·전북·경남,행정,협약·협력,"코빅스·남원시·지리산북부사무소, ESG 경영 업무협약",sjbnews.com,http://sjbnews.com/news/news.php?number=725167,제목,규칙기반 자동분류(제목·요약 낱말 대조)
2021-10-07,지리산,전남·전북·경남,행정,협약·협력,"남원시-지리산전북사무소-코빅스, ESG 경영 업무협약 체결",sportsseoul.com,http://www.sportsseoul.com/news/read/1067153?ref=naver,제목,규칙기반 자동분류(제목·요약 낱말 대조)
2021-10-07,지리산,전남·전북·경남,행정,협약·협력,지리산국립공원 재난·안전 협력 네트워크 구축 협약 체결,gndomin.com,http://www.gndomin.com/news/articleView.html?idxno=292614,제목,규칙기반 자동분류(제목·요약 낱말 대조)
2021-10-07,변산반도,전북 부안,행정,인사·조직,변산반도국립공원 해루질 안전사고 대응 탐조등 운영,jeollailbo.com,http://www.jeollailbo.com/news/articleView.html?idxno=638826,제목,규칙기반 자동분류(제목·요약 낱말 대조)
2021-10-05,북한산,서울·경기,행정,인사·조직,“국립공원 도토리 좀 줍지 마세요” 무슨 영화를 누리겠다고...,news.heraldcorp.com,http://news.heraldcorp.com/view.php?ud=20211005000805,요약,규칙기반 자동분류(제목·요약 낱말 대조)
2021-10-05,소백산,충북·경북,행정,협약·협력,[브리핑 경북] 포항시 태풍 '오마이스' 피해 조기 복구 총력,newsprime.co.kr,http://www.newsprime.co.kr/news/article.html?no=553708,요약,규칙기반 자동분류(제목·요약 낱말 대조)
2021-09-21,오대산,강원,행정,기타,"[평창]""오대산사고·금강연 등 오대산 명소화 추진""",kado.net,http://www.kado.net/news/articleView.html?idxno=1092044,제목,규칙기반 자동분류(제목·요약 낱말 대조)
2021-09-17,태백산,강원·경북,행정,지정·구역,"오늘 일출·일몰시간 ""17일(금) 전국 명소 해 뜨는 시간과 해 지는 시간...",lecturernews.com,http://www.lecturernews.com/news/articleView.html?idxno=76153,요약,규칙기반 자동분류(제목·요약 낱말 대조)
2021-09-16,오대산,강원,행정,기타,"오대산국립공원사무소 ""오대산 금강연·오대산사고 명소화 추진""",newspim.com,http://www.newspim.com/news/view/20210916000854,제목,규칙기반 자동분류(제목·요약 낱말 대조)
2021-09-16,오대산,강원,행정,기타,"오대산국립공원, 오대산 사고·금강연 명소화 사업",yna.kr,http://yna.kr/PYH20210916134400062?did=1196m,제목,규칙기반 자동분류(제목·요약 낱말 대조)
2021-09-12,월악산,충북·경북,행정,예산·재정,단양 대잠터널 반대에 충북도 간담회 추진,inews365.com,https://www.inews365.com/news/article.html?no=681904,요약,규칙기반 자동분류(제목·요약 낱말 대조)
2021-09-10,금정산,부산·경남,행정,지정·구역,'국립공원 갖고 싶다'는 지자체들… 주민 반발 넘어설 수 있을까?,hankookilbo.com,https://hankookilbo.com/News/Read/A2021090813390005803?did=NA,요약,규칙기반 자동분류(제목·요약 낱말 대조)
2021-09-09,월악산,충북·경북,행정,지정·구역,울진이장연합회 '국립공원 지정' 조속 추진 촉구 서명운동 돌입,newspim.com,http://www.newspim.com/news/view/20210909001009,요약,규칙기반 자동분류(제목·요약 낱말 대조)
2021-08-30,내장산,전북·전남,행정,법령·제도,"국립공원공단, 안전사고 '뒷북'... 근로자 사망",discoverynews.kr,http://www.discoverynews.kr/news/articleView.html?idxno=634466,요약,규칙기반 자동분류(제목·요약 낱말 대조)
2021-08-25,내장산,전북·전남,행정,협약·협력,내장산국립공원 작은 결혼식 지원,jjn.co.kr,http://www.jjn.co.kr/news/articleView.html?idxno=833293,제목,규칙기반 자동분류(제목·요약 낱말 대조)
2021-08-23,한려해상,경남·전남,행정,기타,[정책브리핑] 2021년 08월 23일 월요일 주요 정책,sisunnews.co.kr,http://www.sisunnews.co.kr/news/articleView.html?idxno=145450,요약,규칙기반 자동분류(제목·요약 낱말 대조)
2021-08-12,경주,경북 경주,행정,인사·조직,경주국립공원 '추억의 수학·신혼여행 사진 공모전' 실시,kyongbuk.co.kr,http://www.kyongbuk.co.kr/news/articleView.html?idxno=2081146,제목,규칙기반 자동분류(제목·요약 낱말 대조)
2021-08-11,경주,경북 경주,행정,인사·조직,추억 속 경주 여행사진 공모전 개최,dkilbo.com,http://www.dkilbo.com/news/articleView.html?idxno=341341,제목,규칙기반 자동분류(제목·요약 낱말 대조)
2021-08-11,경주,경북 경주,행정,인사·조직,9월 22일까지 '추억의 경주 수학·신혼여행 사진 공모전,kbmaeil.com,http://www.kbmaeil.com/news/articleView.html?idxno=906447,제목,규칙기반 자동분류(제목·요약 낱말 대조)
2021-08-11,경주,경북 경주,행정,인사·조직,경주국립공원 ‘추억의 경주 수학·신혼여행 사진 공모전’ 실시,shinailbo.co.kr,http://www.shinailbo.co.kr/news/articleView.html?idxno=1446862,제목,규칙기반 자동분류(제목·요약 낱말 대조)
2021-08-05,오대산,강원,행정,인사·조직,[평창 단신] 오대산문고 설립 위한 각종 기록물 수집 등,kukinews.com,http://www.kukinews.com/newsView/kuk202108050086,제목,규칙기반 자동분류(제목·요약 낱말 대조)
2021-08-01,내장산,전북·전남,행정,기타,정읍시-민주당 정읍지역위원회 '자치분권 정책협의회',jeonmin.co.kr,http://www.jeonmin.co.kr/news/articleView.html?idxno=336646,요약,규칙기반 자동분류(제목·요약 낱말 대조)
2021-08-01,내장산,전북·전남,행정,기타,"더불어민주당 정읍고창지역위원회 · 정읍시, '정읍지역 자치분권 정책...",jjan.kr,http://www.jjan.kr/news/articleView.html?idxno=2113889,요약,규칙기반 자동분류(제목·요약 낱말 대조)
2021-07-31,내장산,전북·전남,행정,기타,"더불어민주당 정읍고창지역위원회·정읍시, 정읍자치분권 정책협의회 가...",newsway.co.kr,http://www.newsway.co.kr/news/view?tp=1&ud=2021073112030693206,요약,규칙기반 자동분류(제목·요약 낱말 대조)
2021-07-30,오대산,강원,행정,인사·조직,"[원주 혁신] 광해공단, ISMS-P 인증 획득 등",kukinews.com,http://www.kukinews.com/newsView/kuk202107300120,요약,규칙기반 자동분류(제목·요약 낱말 대조)
2021-07-29,오대산,강원,행정,인사·조직,"오대산국립공원, 명품 숲길 개방",gukjenews.com,http://www.gukjenews.com/news/articleView.html?idxno=2277282,제목,규칙기반 자동분류(제목·요약 낱말 대조)
2021-07-18,내장산,전북·전남,행정,의회·국정감사,"윤준병 의원, ‘정읍 관광 활성화를 위한 정책토론회’ 개최",sjbnews.com,http://sjbnews.com/news/news.php?number=718773,요약,규칙기반 자동분류(제목·요약 낱말 대조)
2021-07-18,덕유산,전북·경남,행정,인사·조직,덕유산국립공원사무소 이승찬 신임 소장 부임,domin.co.kr,http://www.domin.co.kr/news/articleView.html?idxno=1347643,제목,규칙기반 자동분류(제목·요약 낱말 대조)
2021-07-17,내장산,전북·전남,행정,의회·국정감사,"윤준병 의원, ‘정읍 관광 활성화 정책토론회’ 개최",shinailbo.co.kr,http://www.shinailbo.co.kr/news/articleView.html?idxno=1437162,요약,규칙기반 자동분류(제목·요약 낱말 대조)
2021-07-15,무등산,광주·전남,행정,인사·조직,무등산국립공원사무소 이재원 신임 소장 취임,jndn.com,http://www.jndn.com/article.php?aid=1626316165320196005,제목,규칙기반 자동분류(제목·요약 낱말 대조)
2021-07-14,소백산,충북·경북,행정,인사·조직,정용상 신임 소백산국립공원사무소장 취임,idaegu.com,http://www.idaegu.com/newsView/idg202107140054,제목,규칙기반 자동분류(제목·요약 낱말 대조)
2021-07-13,경주,경북 경주,행정,인사·조직,[인사] 강원 양양군 외,inthenews.co.kr,https://www.inthenews.co.kr/news/article.html?no=37783,요약,규칙기반 자동분류(제목·요약 낱말 대조)
2021-07-13,경주,경북 경주,행정,인사·조직,"[인사] 국립공원공단, 한국과학기술연구원(KIST), KTB자산운용",biz.seoul.co.kr,https://biz.seoul.co.kr/news/newsView.php?id=20210713500017&wlog_tag3=naver,요약,규칙기반 자동분류(제목·요약 낱말 대조)
2021-07-13,경주,경북 경주,행정,인사·조직,[인사]국무조정실·국무총리비서실 外,donga.com,https://www.donga.com/news/article/all/20210712/107920990/1,요약,규칙기반 자동분류(제목·요약 낱말 대조)
2021-07-13,한라산,제주,행정,지정·구역,[최재천의 자연과 문화] [634] 몰지각한 고래몰이,chosun.com,https://www.chosun.com/opinion/specialist_column/2021/07/13/QOBCCAYFFRD6RGXHGHMQKCHVBU/?utm_source=naver&utm_medium=referral&utm_campaign=naver-news,요약,규칙기반 자동분류(제목·요약 낱말 대조)
2021-07-12,경주,경북 경주,행정,인사·조직,[7월 12일 인사] 국가보훈처·아주경제·문화재청 外,news2day.co.kr,https://www.news2day.co.kr/article/20210712500306,요약,규칙기반 자동분류(제목·요약 낱말 대조)
2021-07-12,경주,경북 경주,행정,인사·조직,"[인사] 한국과학기술연구원(KIST), 국립공원공단, 경북 영주시",businesspost.co.kr,https://www.businesspost.co.kr/BP?command=article_view&num=240487,요약,규칙기반 자동분류(제목·요약 낱말 대조)
2021-07-12,경주,경북 경주,행정,인사·조직,[인사] 노동부·경찰청소방청·서울시 등,safetimes.co.kr,http://www.safetimes.co.kr/news/articleView.html?idxno=97421,요약,규칙기반 자동분류(제목·요약 낱말 대조)
2021-07-12,경주,경북 경주,행정,인사·조직,[인사] KTB자산운용 ; IBK투자증권 ; 국가보훈처 등,hankyung.com,https://www.hankyung.com/society/article/2021071248051,요약,규칙기반 자동분류(제목·요약 낱말 대조)
2021-07-12,경주,경북 경주,행정,인사·조직,[인사] 국가보훈처 外,dt.co.kr,http://www.dt.co.kr/contents.html?article_no=2021071202109919807001&ref=naver,요약,규칙기반 자동분류(제목·요약 낱말 대조)
2021-07-12,경주,경북 경주,행정,인사·조직,국립공원공단 인사,discoverynews.kr,http://www.discoverynews.kr/news/articleView.html?idxno=604684,요약,규칙기반 자동분류(제목·요약 낱말 대조)
2021-07-12,한려해상,경남·전남,행정,인사·조직,7월13일 인사,hani.co.kr,https://www.hani.co.kr/arti/society/internalmove/1003229.html,요약,규칙기반 자동분류(제목·요약 낱말 대조)
2021-07-09,한려해상,경남·전남,행정,지정·구역,한려해상국립공원 구역조정 주민설명회 '난장판',gnnews.co.kr,http://www.gnnews.co.kr/news/articleView.html?idxno=478592,제목,규칙기반 자동분류(제목·요약 낱말 대조)
2021-07-08,가야산,경북·경남,행정,협약·협력,(기획)성밖숲에서 속닥속닥!…숲 힐링프로그램과 만나는 감성 피크닉,idaegu.com,http://www.idaegu.com/newsView/idg202107070058,요약,규칙기반 자동분류(제목·요약 낱말 대조)
2021-07-08,팔공산,대구·경북,행정,기타,"˝뚝심·열정으로 3대 현안·굵직한 사업 성과 이뤄 남은 1년, 중단없는...",kbsm.net,http://www.kbsm.net/default/index_view_page.php?idx=317176&part_idx=332,요약,규칙기반 자동분류(제목·요약 낱말 대조)
2021-07-06,태백산,강원·경북,행정,협약·협력,[포토뉴스]태백산 탐방객 안전사고 예방 협약,kwnews.co.kr,http://www.kwnews.co.kr/nview.asp?aid=221070500005,제목,규칙기반 자동분류(제목·요약 낱말 대조)
2021-07-01,팔공산,대구·경북,행정,기타,"""남은 1년 동안 중단없는 혁신으로 대구의 새로운 미래 열어가겠다""",dkilbo.com,http://www.dkilbo.com/news/articleView.html?idxno=337778,요약,규칙기반 자동분류(제목·요약 낱말 대조)
2021-06-30,팔공산,대구·경북,행정,기타,"[대구시 민선 7기 3주년] 권영진 대구시장 ""높은 시민 의식, 수준 높은 ...",ilyo.co.kr,https://ilyo.co.kr/?ac=article_view&entry_id=405645,요약,규칙기반 자동분류(제목·요약 낱말 대조)
2021-06-30,팔공산,대구·경북,행정,인사·조직,"[전문] 권영진 시장, 취임 3주년 맞아 ""대구=K-방역 중심도시...세계적 ...",onews.tv,http://www.onews.tv/news/articleView.html?idxno=79171,요약,규칙기반 자동분류(제목·요약 낱말 대조)
2021-06-15,다도해해상,전남,행정,의회·국정감사,"해수부 돌연 반대… ""지역 국회의원 뭐했나"" 비판",jnilbo.com,https://www.jnilbo.com/view/media/view?code=2021061517572307008,요약,규칙기반 자동분류(제목·요약 낱말 대조)
2021-06-04,속리산,충북·경북,행정,지정·구역,[정책브리핑] 2021년 06월 04일 금요일 주요 정책,sisunnews.co.kr,http://www.sisunnews.co.kr/news/articleView.html?idxno=141576,요약,규칙기반 자동분류(제목·요약 낱말 대조)
2021-06-01,주왕산,경북,행정,기타,경북경찰 '5030-day' 행사… 도민 동참 당부,hidomin.com,http://www.hidomin.com/news/articleView.html?idxno=454552,요약,규칙기반 자동분류(제목·요약 낱말 대조)
2021-05-31,주왕산,경북,행정,인사·조직,"경북경찰, “안전속도 5030 꼭 지켜주세요”",breaknews.com,http://www.breaknews.com/810267,요약,규칙기반 자동분류(제목·요약 낱말 대조)
2021-05-31,주왕산,경북,행정,인사·조직,"경북경찰, 도민과 함께하는`안전속도 5030 `… 보행자 교통사고 줄이기",kbsm.net,http://www.kbsm.net/default/index_view_page.php?idx=313126&part_idx=320,요약,규칙기반 자동분류(제목·요약 낱말 대조)
2021-05-31,주왕산,경북,행정,인사·조직,"경북경찰,'5030-day' 함께해요!",onews.tv,http://www.onews.tv/news/articleView.html?idxno=74717,요약,규칙기반 자동분류(제목·요약 낱말 대조)
2021-05-28,속리산,충북·경북,행정,지정·구역,[정책브리핑] 2021년 05월 28일 금요일 주요 정책,sisunnews.co.kr,http://www.sisunnews.co.kr/news/articleView.html?idxno=141300,요약,규칙기반 자동분류(제목·요약 낱말 대조)
2021-05-28,북한산,서울·경기,행정,기타,“유기견들이 야생에 살며 거친 들개 돼 닭장 침범 예사… 사람까지 공...,donga.com,https://www.donga.com/news/article/all/20210528/107151593/1,요약,규칙기반 자동분류(제목·요약 낱말 대조)
2021-05-27,북한산,서울·경기,행정,기타,가축 죽이고 사람까지…들개가 된 유기견의 습격,donga.com,https://www.donga.com/news/article/all/20210527/107146962/1,요약,규칙기반 자동분류(제목·요약 낱말 대조)
2021-05-26,한려해상,경남·전남,행정,지정·구역,통영시 달아~척포 간 해안도로 낚시객 차량 단속 실시,gndomin.com,http://www.gndomin.com/news/articleView.html?idxno=278221,요약,규칙기반 자동분류(제목·요약 낱말 대조)
2021-05-25,한려해상,경남·전남,행정,지정·구역,통영시 달아~척포 왕복 4km 불법 주·정차 금지구역 지정..한려해상국립...,kpenews.com,http://kpenews.com/View.aspx?No=1642590,제목,규칙기반 자동분류(제목·요약 낱말 대조)
2021-05-25,한려해상,경남·전남,행정,지정·구역,[통영소식] 밤이 아름다운 도시 통영을 홍보하다,kukinews.com,http://www.kukinews.com/newsView/kuk202105250086,요약,규칙기반 자동분류(제목·요약 낱말 대조)
2021-05-25,속리산,충북·경북,행정,지정·구역,[정책브리핑] 2021년 05월 25일 화요일 주요 정책,sisunnews.co.kr,http://www.sisunnews.co.kr/news/articleView.html?idxno=141130,요약,규칙기반 자동분류(제목·요약 낱말 대조)
2021-05-25,변산반도,전북 부안,행정,협약·협력,"국립공원공단, 해양경찰청과 협약",pressian.com,https://www.pressian.com/pages/articles/2021052518064979861?utm_source=naver&utm_medium=search,요약,규칙기반 자동분류(제목·요약 낱말 대조)
2021-05-25,변산반도,전북 부안,행정,협약·협력,국립공원공단·해양경찰청 '안전한 해상·해안 보전' 협약,newsis.com,http://www.newsis.com/view/?id=NISX20210525_0001453031&cID=10805&pID=10800,요약,규칙기반 자동분류(제목·요약 낱말 대조)
2021-05-25,변산반도,전북 부안,행정,협약·협력,"국립공원공단-해양경찰청, 해양환경보호 및 오염 등 업무협약 체결",sentv.co.kr,http://www.sentv.co.kr/news/view/594590,요약,규칙기반 자동분류(제목·요약 낱말 대조)
2021-05-20,덕유산,전북·경남,행정,인사·조직,덕유산국립공원 탐방안내소 개소식,sjbnews.com,http://sjbnews.com/news/news.php?number=713730,제목,규칙기반 자동분류(제목·요약 낱말 대조)
2021-05-20,태백산,강원·경북,행정,지정·구역,노루오줌·동자꽃·홀아비꽃대…굽이굽이 웃음꽃 핀 야생화 천국,hankyung.com,https://www.hankyung.com/life/article/2021052025061,요약,규칙기반 자동분류(제목·요약 낱말 대조)
2021-05-17,오대산,강원,행정,인사·조직,강원도내 6개 기관 '오대산 권역 상생발전' 업무 협약,kado.net,http://www.kado.net/news/articleView.html?idxno=1073911,제목,규칙기반 자동분류(제목·요약 낱말 대조)
2021-05-13,지리산,전남·전북·경남,행정,지정·구역,[천왕봉]국가숲길 1호,gnnews.co.kr,http://www.gnnews.co.kr/news/articleView.html?idxno=474950,요약,규칙기반 자동분류(제목·요약 낱말 대조)
2021-05-09,태안해안,충남 태안,행정,인사·조직,"태안해안국립공원, 코로나19 확산 예방 캠페인 나서",ccnnews.co.kr,http://www.ccnnews.co.kr/news/articleView.html?idxno=218219,제목,규칙기반 자동분류(제목·요약 낱말 대조)
2021-05-02,내장산,전북·전남,행정,지정·구역,"정읍시, 내장산 국립공원 구역 일부 해제 기대감 커",news1.kr,https://www.news1.kr/articles/?4293945,제목,규칙기반 자동분류(제목·요약 낱말 대조)
2021-04-30,한려해상,경남·전남,행정,인사·조직,"국립공원사무소, 안전사고 주범 고무배관 교체작업",gndomin.com,http://www.gndomin.com/news/articleView.html?idxno=275623,요약,규칙기반 자동분류(제목·요약 낱말 대조)
2021-04-29,가야산,경북·경남,행정,연구·용역,가야산국립공원 탐방트렌드 결과 발표,gndomin.com,http://www.gndomin.com/news/articleView.html?idxno=275388,제목,규칙기반 자동분류(제목·요약 낱말 대조)
2021-04-28,한려해상,경남·전남,행정,인사·조직,[특별인터뷰⑧] 2021여수지방해양수산청 조신희 청장에게 듣는다!,netongs.com,http://www.netongs.com/news/articleView.html?idxno=301556,요약,규칙기반 자동분류(제목·요약 낱말 대조)
2021-04-13,가야산,경북·경남,행정,지정·구역,지역발전 사업·주민복지 정책 추진 '행복 성주' 건설,kbmaeil.com,http://www.kbmaeil.com/news/articleView.html?idxno=873666,요약,규칙기반 자동분류(제목·요약 낱말 대조)
2021-03-31,태백산,강원·경북,행정,예산·재정,[오늘의 주요 사회 일정] 강원(3월31일 수요일),econonews.co.kr,http://www.econonews.co.kr/news/articleView.html?idxno=165345,요약,규칙기반 자동분류(제목·요약 낱말 대조)
2021-03-31,태백산,강원·경북,행정,예산·재정,[오늘의 주요일정] 강원(3월31일 수요일),newsis.com,http://www.newsis.com/view/?id=NISX20210331_0001389310&cID=10899&pID=10800,요약,규칙기반 자동분류(제목·요약 낱말 대조)
2021-03-31,태백산,강원·경북,행정,지정·구역,[동정]인물 2021년 3월 31일,kwnews.co.kr,http://www.kwnews.co.kr/nview.asp?aid=221033000130,요약,규칙기반 자동분류(제목·요약 낱말 대조)
2021-03-12,금정산,부산·경남,행정,지정·구역,"김영춘 '녹색도시 부산' 공약 발표...""40리 경부선 숲길 만들겠다""",breaknews.com,http://www.breaknews.com/791609,요약,규칙기반 자동분류(제목·요약 낱말 대조)
2021-03-11,내장산,전북·전남,행정,인사·조직,국립공원관리공단 제3회 산악전문지도사 자격제도 시행,jjan.kr,http://www.jjan.kr/news/articleView.html?idxno=2103903,요약,규칙기반 자동분류(제목·요약 낱말 대조)
2021-03-10,내장산,전북·전남,행정,인사·조직,"국립공원공단, 제3회 산악전문지도사 자격제도 시행",jeonmin.co.kr,http://www.jeonmin.co.kr/news/articleView.html?idxno=327761,요약,규칙기반 자동분류(제목·요약 낱말 대조)
2021-03-09,속리산,충북·경북,행정,인사·조직,수생태계 악당(배스) 제거도 하고 지역경제도 살리고,ccdailynews.com,http://www.ccdailynews.com/news/articleView.html?idxno=2041092,요약,규칙기반 자동분류(제목·요약 낱말 대조)
2021-03-09,속리산,충북·경북,행정,협약·협력,"괴산군, 속리산국립공원과 상호 우호협력 협약",breaknews.com,http://www.breaknews.com/790860,제목,규칙기반 자동분류(제목·요약 낱말 대조)
2021-03-09,속리산,충북·경북,행정,협약·협력,괴산군과 속리산국립공원 '맞손',inews365.com,https://www.inews365.com/news/article.html?no=658117,제목,규칙기반 자동분류(제목·요약 낱말 대조)
2021-03-09,속리산,충북·경북,행정,협약·협력,괴산군·속리산 국립공원사무소 탄소중립 실현·생태관광 `맞손',cctimes.kr,http://www.cctimes.kr/news/articleView.html?idxno=648754,제목,규칙기반 자동분류(제목·요약 낱말 대조)
2021-03-05,오대산,강원,행정,인사·조직,"오대산국립공원, 지역주민과 개구리 로드킬 막는다",pressian.com,https://www.pressian.com/pages/articles/2021030518494117096?utm_source=naver&utm_medium=search,제목,규칙기반 자동분류(제목·요약 낱말 대조)
2021-03-02,속리산,충북·경북,행정,지정·구역,"'탄소 줄이고'… 속리산사무소, 국립공원의 날 첫 행사 진행",news1.kr,https://www.news1.kr/articles/?4227814,제목,규칙기반 자동분류(제목·요약 낱말 대조)
2021-02-24,한려해상,경남·전남,행정,지정·구역,“번영하는 남해·대한민국 선도 혁신행정 펼칠 것”,news.kmib.co.kr,http://news.kmib.co.kr/article/view.asp?arcid=0924179692&code=11131422&cp=nv,요약,규칙기반 자동분류(제목·요약 낱말 대조)
2021-02-24,치악산,강원 원주,행정,예산·재정,[원주]원주 드림랜드 힐링·레저파크 거듭난다,kwnews.co.kr,http://www.kwnews.co.kr/nview.asp?aid=221022300029,요약,규칙기반 자동분류(제목·요약 낱말 대조)
2021-02-10,가야산,경북·경남,행정,인사·조직,"송형근 국립공원공단 이사장, 가야산국립공원 방역 현장 점검",newsis.com,http://www.newsis.com/view/?id=NISX20210210_0001336646&cID=10812&pID=10800,제목,규칙기반 자동분류(제목·요약 낱말 대조)
2021-02-01,오대산,강원,행정,인사·조직,김종식 오대산국립공원사무소장 취임,newsis.com,http://www.newsis.com/view/?id=NISX20210201_0001325846&cID=10899&pID=10800,제목,규칙기반 자동분류(제목·요약 낱말 대조)
2021-01-29,지리산,전남·전북·경남,행정,인사·조직,[인사] 한국은행 강원본부 외,kado.net,http://www.kado.net/news/articleView.html?idxno=1058481,요약,규칙기반 자동분류(제목·요약 낱말 대조)
2021-01-29,내장산,전북·전남,행정,인사·조직,[오늘의 인사] 과학기술정보통신부 해양수산부 행정안전부 外,mediapen.com,http://www.mediapen.com/news/view/597201,요약,규칙기반 자동분류(제목·요약 낱말 대조)
2021-01-29,내장산,전북·전남,행정,인사·조직,[1월 29일 인사] 행정안전부·국토교통부·과학기술정보통신부·한국자...,news2day.co.kr,https://www.news2day.co.kr/article/20210129500346,요약,규칙기반 자동분류(제목·요약 낱말 대조)
2021-01-29,내장산,전북·전남,행정,인사·조직,1월 29일 오늘의 인사,gokorea.kr,http://www.gokorea.kr/698149,요약,규칙기반 자동분류(제목·요약 낱말 대조)
2021-01-29,오대산,강원,행정,인사·조직,김종식 오대산국립공원 신임 소장 부임,enewstoday.co.kr,http://www.enewstoday.co.kr/news/articleView.html?idxno=1448220,제목,규칙기반 자동분류(제목·요약 낱말 대조)
2021-01-28,지리산,전남·전북·경남,행정,인사·조직,국립공원공단[인사발령],job-post.co.kr,http://www.job-post.co.kr/news/articleView.html?idxno=15614,요약,규칙기반 자동분류(제목·요약 낱말 대조)
2021-01-28,지리산,전남·전북·경남,행정,인사·조직,[1월 28일 인사] 한국거래소·한국은행·대법원 外,news2day.co.kr,https://www.news2day.co.kr/article/20210128500298,요약,규칙기반 자동분류(제목·요약 낱말 대조)
2021-01-28,지리산,전남·전북·경남,행정,인사·조직,오늘의 인사 - 2021년 1월 29일,khan.co.kr,https://www.khan.co.kr/article/202101282202015,요약,규칙기반 자동분류(제목·요약 낱말 대조)
2021-01-28,지리산,전남·전북·경남,행정,인사·조직,[인사] 금융결제원 외,readersnews.com,http://www.readersnews.com/news/articleView.html?idxno=102095,요약,규칙기반 자동분류(제목·요약 낱말 대조)
2021-01-28,지리산,전남·전북·경남,행정,인사·조직,1월 28일 오늘의 인사,gokorea.kr,http://www.gokorea.kr/698039,요약,규칙기반 자동분류(제목·요약 낱말 대조)
2021-01-28,지리산,전남·전북·경남,행정,인사·조직,[인사] 특허청·금융결제원·국립공원공단 등,safetimes.co.kr,http://www.safetimes.co.kr/news/articleView.html?idxno=91407,요약,규칙기반 자동분류(제목·요약 낱말 대조)
2021-01-28,지리산,전남·전북·경남,행정,인사·조직,"[인사] 한국산도스, 한국은행, 국립공원공단",businesspost.co.kr,http://www.businesspost.co.kr/BP?command=article_view&num=214947,요약,규칙기반 자동분류(제목·요약 낱말 대조)
2021-01-28,지리산,전남·전북·경남,행정,인사·조직,[인사] 특허청 외,sedaily.com,https://www.sedaily.com/NewsView/22HFJOC064,요약,규칙기반 자동분류(제목·요약 낱말 대조)
2021-01-28,지리산,전남·전북·경남,행정,인사·조직,[인사] 국립공원공단 처장/부장 전보,ikld.kr,http://www.ikld.kr/news/articleView.html?idxno=229907,요약,규칙기반 자동분류(제목·요약 낱말 대조)
2021-01-13,한라산,제주,행정,인사·조직,제주특별자치도 2021년도 상반기 인사 프로필,samdailbo.com,http://www.samdailbo.com/news/articleView.html?idxno=156947,요약,규칙기반 자동분류(제목·요약 낱말 대조)
2021-01-11,가야산,경북·경남,행정,인사·조직,"""'해인사역' 배제는 개발업자에 동조한 이율배반적 행위""",beopbo.com,http://www.beopbo.com/news/articleView.html?idxno=213921,요약,규칙기반 자동분류(제목·요약 낱말 대조)
2021-01-03,한려해상,경남·전남,행정,지정·구역,"[신년인터뷰]강석주 ""올해가 결실 거둬야 할 해라 생각, 큰 책임감""",news1.kr,https://www.news1.kr/articles/?4168466,요약,규칙기반 자동분류(제목·요약 낱말 대조)
2021-01-01,북한산,서울·경기,행정,인사·조직,[보라매칼럼] 국토부 장관 첫 숙제는 '정책 신뢰 회복',koscaj.com,http://www.koscaj.com/news/articleView.html?idxno=215497,요약,규칙기반 자동분류(제목·요약 낱말 대조)
2020-12-25,태안해안,충남 태안,행정,인사·조직,"코로나 덮친 경자년… 밀입국에 법정다툼까지, 태안군도 '다사다난'",ohmynews.com,http://www.ohmynews.com/NWS_Web/View/at_pg.aspx?CNTN_CD=A0002705678&CMPT_CD=P0010&utm_source=naver&utm_medium=newsearch&utm_campaign=naver_news,요약,규칙기반 자동분류(제목·요약 낱말 대조)
2020-12-22,가야산,경북·경남,행정,인사·조직,"성주군, 경북도 산림관광콘텐츠 공모 선정",ksmnews.co.kr,http://www.ksmnews.co.kr/default/index_view_page.php?idx=318552&part_idx=170,요약,규칙기반 자동분류(제목·요약 낱말 대조)
2020-12-13,속리산,충북·경북,행정,인사·조직,속리산국립공원 안전문화 대상 수상,dynews.co.kr,http://www.dynews.co.kr/news/articleView.html?idxno=610560,제목,규칙기반 자동분류(제목·요약 낱말 대조)
2020-12-13,속리산,충북·경북,행정,인사·조직,"속리산국립공원사무소, 2020 안전문화대상 '최우수'",jbnews.com,http://www.jbnews.com/news/articleView.html?idxno=1318347,제목,규칙기반 자동분류(제목·요약 낱말 대조)
2020-12-08,한라산,제주,행정,지정·구역,제주 국립공원 확대 지정 '진통'…환경부 공청회 결국 '무산',jejusori.net,http://www.jejusori.net/news/articleView.html?idxno=323349,요약,규칙기반 자동분류(제목·요약 낱말 대조)
2020-12-08,한라산,제주,행정,지정·구역,제주 국립공원 확대 지정 공청회 ‘파행’,newsis.com,http://www.newsis.com/view/?id=NISX20201208_0001262469&cID=10813&pID=10800,요약,규칙기반 자동분류(제목·요약 낱말 대조)
2020-12-08,한라산,제주,행정,지정·구역,제주국립공원 확대 놓고 찬·반 피켓집회 '공청회 파행',jejusori.net,http://www.jejusori.net/news/articleView.html?idxno=323329,요약,규칙기반 자동분류(제목·요약 낱말 대조)
2020-12-03,한려해상,경남·전남,행정,법령·제도,한려해상국립공원， 특정인 봐주기 의혹,gnmaeil.com,http://www.gnmaeil.com/news/articleView.html?idxno=462180,제목,규칙기반 자동분류(제목·요약 낱말 대조)
2020-11-27,가야산,경북·경남,행정,인사·조직,"가야산국립공원-해인사, 업무 협약 체결",gndomin.com,http://www.gndomin.com/news/articleView.html?idxno=260509,제목,규칙기반 자동분류(제목·요약 낱말 대조)
2020-11-26,가야산,경북·경남,행정,인사·조직,"가야산국립공원사무소-해인사, 가야산 탐방서비스 활성화 업무협약",ksmnews.co.kr,http://www.ksmnews.co.kr/default/index_view_page.php?idx=315403&part_idx=170,제목,규칙기반 자동분류(제목·요약 낱말 대조)
2020-11-23,지리산,전남·전북·경남,행정,인사·조직,닮은듯 다른 미국과 한국 국립공원,zdnet.co.kr,https://zdnet.co.kr/view/?no=20201123155432,요약,규칙기반 자동분류(제목·요약 낱말 대조)
2020-11-18,지리산,전남·전북·경남,행정,지정·구역,국립공원 확대 추진에 도내 산림인 반발,knnews.co.kr,http://www.knnews.co.kr/news/articleView.php?idxno=1338093,요약,규칙기반 자동분류(제목·요약 낱말 대조)
2020-11-18,내장산,전북·전남,행정,기타,"정읍경찰서, 모범운전자회 간담회 실시",jjan.kr,http://www.jjan.kr/news/articleView.html?idxno=2096269,요약,규칙기반 자동분류(제목·요약 낱말 대조)
2020-11-16,한려해상,경남·전남,행정,인사·조직,제4회 국립공원 논문공모전 수상작 7편 선정,pressian.com,https://www.pressian.com/pages/articles/2020111618082462450?utm_source=naver&utm_medium=search,요약,규칙기반 자동분류(제목·요약 낱말 대조)
2020-11-03,주왕산,경북,행정,인사·조직,청송 주왕산 국립공원사무소 '중증근로장애인생산품판매장터' 폐쇄에 따...,polinews.co.kr,http://www.polinews.co.kr/news/article.html?no=478335,제목,규칙기반 자동분류(제목·요약 낱말 대조)
2020-11-03,다도해해상,전남,행정,지정·구역,"신안 우이도 '풍성사구' 훼손, 주변나무가 모래공급 막기 때문",jnilbo.com,https://www.jnilbo.com/view/media/view?code=2020110315202925702,요약,규칙기반 자동분류(제목·요약 낱말 대조)
2020-11-03,다도해해상,전남,행정,지정·구역,동양 최대 신안 우이도 '풍성사구' 훼손 원인은?,newsis.com,http://www.newsis.com/view/?id=NISX20201103_0001220336&cID=10809&pID=10800,요약,규칙기반 자동분류(제목·요약 낱말 대조)
2020-10-30,다도해해상,전남,행정,인사·조직,드론 띄워 해상국립공원 순찰 고삐쥔다,ikld.kr,http://www.ikld.kr/news/articleView.html?idxno=225574,요약,규칙기반 자동분류(제목·요약 낱말 대조)
2020-10-29,다도해해상,전남,행정,인사·조직,"국립공원공단, 다도해 해상국립공원 무인섬 일대 드론 단속",etnews.com,http://www.etnews.com/20201029000114,요약,규칙기반 자동분류(제목·요약 낱말 대조)
2020-10-29,다도해해상,전남,행정,인사·조직,"""해상공원 불법행위 '드론'으로 단속한다""",catchnews.kr,https://www.catchnews.kr/news/articleView.html?idxno=43885,요약,규칙기반 자동분류(제목·요약 낱말 대조)
2020-10-21,월악산,충북·경북,행정,지정·구역,"경북 문경시 - 충북 충주시, 하늘재 관광 활성화 협약",yeongnam.com,https://www.yeongnam.com/web/view.php?key=20201021010002568,요약,규칙기반 자동분류(제목·요약 낱말 대조)
2020-10-07,한려해상,경남·전남,행정,지정·구역,남해군 “한려해상공원 구역 재조정해야”,busan.com,http://www.busan.com/view/busan/view.php?code=2020100719022297443,제목,규칙기반 자동분류(제목·요약 낱말 대조)
2020-10-04,설악산,강원,행정,기타,국립공원 사진공모전 대상에 설악산 담은 '승천' 선정,news.mtn.co.kr,https://news.mtn.co.kr/newscenter/news_viewer.mtn?gidx=2020100408450311281,제목,규칙기반 자동분류(제목·요약 낱말 대조)
2020-09-25,한려해상,경남·전남,행정,인사·조직,"한려해상국립공원사무소, 가을철 산악사고 대비 합동 구조훈련",betanews.net:8080,http://www.betanews.net:8080/article/1234266.html,제목,규칙기반 자동분류(제목·요약 낱말 대조)
2020-09-25,한려해상,경남·전남,행정,지정·구역,"남해군의회,‘한려해상국립공원 재조정 대정부 건의안’ 채택",busan.com,http://www.busan.com/view/busan/view.php?code=2020092514073155794,제목,규칙기반 자동분류(제목·요약 낱말 대조)
2020-09-24,경주,경북 경주,행정,인사·조직,경주국립공원사무소 '임산물 불법채취' 단속,nocutnews.co.kr,https://www.nocutnews.co.kr/news/5418813,제목,규칙기반 자동분류(제목·요약 낱말 대조)
2020-09-23,한려해상,경남·전남,행정,지정·구역,사설-한려해상 구역조정 주민의견 반영돼야,gndomin.com,http://www.gndomin.com/news/articleView.html?idxno=253970,제목,규칙기반 자동분류(제목·요약 낱말 대조)
2020-09-21,가야산,경북·경남,행정,인사·조직,합천 해인사 3개 구간 암자순례길 온라인 공개,gndomin.com,http://www.gndomin.com/news/articleView.html?idxno=253687,요약,규칙기반 자동분류(제목·요약 낱말 대조)
2020-09-20,가야산,경북·경남,행정,인사·조직,가야산 해인사 암자 여행 랜선으로 떠나보자,busan.com,http://www.busan.com/view/busan/view.php?code=2020092013503683353,제목,규칙기반 자동분류(제목·요약 낱말 대조)
2020-09-20,가야산,경북·경남,행정,인사·조직,가야산 해인사 랜선 여행 떠나볼까?,newscj.com,http://www.newscj.com/news/articleView.html?idxno=780919,제목,규칙기반 자동분류(제목·요약 낱말 대조)
2020-09-19,한라산,제주,행정,지정·구역,"제주, 한라산 자연생태, 경관사진 야외전시",jibs.co.kr,http://www.jibs.co.kr/news/replay/viewNewsReplayDetail/2020091921075230147?feed=na,제목,규칙기반 자동분류(제목·요약 낱말 대조)
2020-09-19,가야산,경북·경남,행정,인사·조직,'랜선으로 떠나는' 가야산 해인사 암자여행…12곳 소개,newsis.com,http://www.newsis.com/view/?id=NISX20200919_0001171949&cID=10812&pID=10800,제목,규칙기반 자동분류(제목·요약 낱말 대조)
2020-09-17,계룡산,대전·충남,행정,협약·협력,"계룡산국립공원사무소-예비사회적기업 7곳, 일자리 창출 업무협약",ggilbo.com,http://www.ggilbo.com/news/articleView.html?idxno=796369,제목,규칙기반 자동분류(제목·요약 낱말 대조)
2020-09-17,계룡산,대전·충남,행정,협약·협력,"계룡산국립공원사무소, 대전.충남 예비사회적기업과 업무협약",chungnamilbo.co.kr,http://www.chungnamilbo.co.kr/news/articleView.html?idxno=562180,제목,규칙기반 자동분류(제목·요약 낱말 대조)
2020-09-17,계룡산,대전·충남,행정,협약·협력,계룡산국립공원 '지역 예비사회적기업간 업무협약' 체결,jbnews.com,http://www.jbnews.com/news/articleView.html?idxno=1307008,제목,규칙기반 자동분류(제목·요약 낱말 대조)
2020-09-17,계룡산,대전·충남,행정,협약·협력,"계룡산국립공원사무소, 사회적기업과 공공사업 추진",joongdo.co.kr,http://www.joongdo.co.kr/web/view.php?key=20200916010005310,제목,규칙기반 자동분류(제목·요약 낱말 대조)
2020-09-17,한라산,제주,행정,지정·구역,한라산 공모수상작 야외전시 '숲 속 전시회 휴식(休息)',jejumaeil.net,http://www.jejumaeil.net/news/articleView.html?idxno=211728,제목,규칙기반 자동분류(제목·요약 낱말 대조)
2020-09-17,한라산,제주,행정,지정·구역,제주 한라산에서 힐링하세요,bzeronews.com,http://www.bzeronews.com/news/articleView.html?idxno=455274,제목,규칙기반 자동분류(제목·요약 낱말 대조)
2020-09-17,한라산,제주,행정,지정·구역,"""코로나로 지친 마음 한라산에서 달래요""",jemin.com,http://www.jemin.com/news/articleView.html?idxno=703422,제목,규칙기반 자동분류(제목·요약 낱말 대조)
2020-09-17,한라산,제주,행정,지정·구역,사진에 담은 한라산국립공원 50년 ‘숲속 전시회 휴식’,newsis.com,http://www.newsis.com/view/?id=NISX20200917_0001170040&cID=10813&pID=10800,제목,규칙기반 자동분류(제목·요약 낱말 대조)
2020-09-17,한라산,제주,행정,지정·구역,지친 마음 산 속에서 '힐링'…한라산 경관사진 야외전시 개최,samdailbo.com,http://www.samdailbo.com/news/articleView.html?idxno=151194,제목,규칙기반 자동분류(제목·요약 낱말 대조)
2020-09-17,한라산,제주,행정,지정·구역,한라산 자연생태 및 경관 공모전 수상작 야외전시,newsjeju.net,http://www.newsjeju.net/news/articleView.html?idxno=350712,제목,규칙기반 자동분류(제목·요약 낱말 대조)
2020-09-17,한라산,제주,행정,지정·구역,"""코로나19로 지친 심신, 한라산서 힐링하세요""",gukjenews.com,http://www.gukjenews.com/news/articleView.html?idxno=2075282,제목,규칙기반 자동분류(제목·요약 낱말 대조)
2020-09-17,한라산,제주,행정,지정·구역,한라산국립공원 50주년 기념 ‘숲속 전시회 휴식(休息)’ 개최,view.asiae.co.kr,https://view.asiae.co.kr/article/2020091711363225690,제목,규칙기반 자동분류(제목·요약 낱말 대조)
2020-09-17,한라산,제주,행정,지정·구역,코로나19로 지친 이들에게 한라산 ‘숲 속 전시회 휴식’,fnnews.com,http://www.fnnews.com/news/202009171016512881,제목,규칙기반 자동분류(제목·요약 낱말 대조)
2020-09-17,한라산,제주,행정,지정·구역,한라산 '국립공원 50주년' 사진 공모전 수상작 야외전시,headlinejeju.co.kr,http://www.headlinejeju.co.kr/news/articleView.html?idxno=427581,제목,규칙기반 자동분류(제목·요약 낱말 대조)
2020-09-13,변산반도,전북 부안,행정,인사·조직,변산반도국립공원 해안 고립사고 예방을 위한 유도등 운영,jeollailbo.com,http://www.jeollailbo.com/news/articleView.html?idxno=607825,제목,규칙기반 자동분류(제목·요약 낱말 대조)
2020-09-10,변산반도,전북 부안,행정,인사·조직,"변산반도국립공원, 하섬 인근 고립사고 예방을 위한 유도등 운영",ibuan.com,http://www.ibuan.com/news/articleView.html?idxno=31866,제목,규칙기반 자동분류(제목·요약 낱말 대조)
2020-08-26,내장산,전북·전남,행정,인사·조직,"내장산국립공원사무소, 서래탐방지원센터~서래삼거리 구간 출입통제",jjan.kr,http://www.jjan.kr/news/articleView.html?idxno=2090351,제목,규칙기반 자동분류(제목·요약 낱말 대조)
2020-08-25,월출산,전남,행정,인사·조직,"""월출산 산행 시 뱀 물림 주의하세요!""",tournews21.com,http://www.tournews21.com/news/articleView.html?idxno=43545,제목,규칙기반 자동분류(제목·요약 낱말 대조)
2020-08-19,한라산,제주,행정,인사·조직,[인사]제주도 하반기 정기인사 실국과장 프로필,jejudomin.co.kr,http://www.jejudomin.co.kr/news/articleView.html?idxno=127514,요약,규칙기반 자동분류(제목·요약 낱말 대조)
2020-08-18,주왕산,경북,행정,인사·조직,"주왕산국립공원사무소, 주산지 사진 공모전 개최",hidomin.com,http://www.hidomin.com/news/articleView.html?idxno=429896,제목,규칙기반 자동분류(제목·요약 낱말 대조)
2020-08-18,주왕산,경북,행정,기타,"국립공원공단 주왕산국립공원사무소, 주산지 주제 ‘SNS 사진 공모전’...",ekn.kr,http://www.ekn.kr/news/article.html?no=517856,제목,규칙기반 자동분류(제목·요약 낱말 대조)
2020-08-14,태백산,강원·경북,행정,연구·용역,설악·오대·태백산 국립공원계획 바뀐다,kwnews.co.kr,http://www.kwnews.co.kr/nview.asp?aid=220081300077,제목,규칙기반 자동분류(제목·요약 낱말 대조)
2020-08-06,계룡산,대전·충남,행정,협약·협력,계룡산국립공원사무소-충청남도공주소방서 업무협약 체결,ccdailynews.com,http://www.ccdailynews.com/news/articleView.html?idxno=1082749,제목,규칙기반 자동분류(제목·요약 낱말 대조)
2020-08-06,계룡산,대전·충남,행정,협약·협력,"계룡산사무소-공주소방서, 건전한 산행문화 정착 맞손",ggilbo.com,http://www.ggilbo.com/news/articleView.html?idxno=788084,제목,규칙기반 자동분류(제목·요약 낱말 대조)
2020-08-06,계룡산,대전·충남,행정,협약·협력,"계룡산국립공원사무소·공주소방서, 업무협약",jbnews.com,http://www.jbnews.com/news/articleView.html?idxno=1301570,제목,규칙기반 자동분류(제목·요약 낱말 대조)
2020-07-26,가야산,경북·경남,행정,협약·협력,합천소방서 재난대응 구축 업무협약,idomin.com,http://www.idomin.com/news/articleView.html?idxno=735082,요약,규칙기반 자동분류(제목·요약 낱말 대조)
2020-07-24,가야산,경북·경남,행정,협약·협력,"가야산국립공원사무소-합천소방서, 재난대응 공조체계 업무협약",newsis.com,http://www.newsis.com/view/?id=NISX20200724_0001106719&cID=10812&pID=10800,제목,규칙기반 자동분류(제목·요약 낱말 대조)
2020-07-24,가야산,경북·경남,행정,협약·협력,"합천소방서, 재난대응 공동협력체계 구축 업무협약",knnews.co.kr,http://www.knnews.co.kr/news/articleView.php?idxno=1330312,요약,규칙기반 자동분류(제목·요약 낱말 대조)
2020-07-24,가야산,경북·경남,행정,협약·협력,"합천소방서, 재난대응 공조체제 구축 업무협약",gndomin.com,http://www.gndomin.com/news/articleView.html?idxno=248525,요약,규칙기반 자동분류(제목·요약 낱말 대조)
2020-07-23,가야산,경북·경남,행정,협약·협력,"합천소방서-가야산국립공원, 재난대응 공조",siminilbo.co.kr,http://www.siminilbo.co.kr/news/newsview.php?ncode=1065595727223360,제목,규칙기반 자동분류(제목·요약 낱말 대조)
2020-07-20,내장산,전북·전남,행정,지정·구역,"정상철 정읍시의원 ""정읍시 경제정책 패러다임 전환 필요""",domin.co.kr,http://www.domin.co.kr/news/articleView.html?idxno=1302240,요약,규칙기반 자동분류(제목·요약 낱말 대조)
2020-07-15,계룡산,대전·충남,행정,인사·조직,"공주 계룡산성 ""고려 대몽항쟁기 지역방어 위해 축성""",jbnews.com,http://www.jbnews.com/news/articleView.html?idxno=1298641,제목,규칙기반 자동분류(제목·요약 낱말 대조)
2020-07-13,태안해안,충남 태안,행정,인사·조직,이규성 태안해안 국립공원사무소장 취임,dynews.co.kr,http://www.dynews.co.kr/news/articleView.html?idxno=508221,제목,규칙기반 자동분류(제목·요약 낱말 대조)
2020-07-13,태안해안,충남 태안,행정,인사·조직,[새인물]이규성 태안해안국립공원사무소장,joongdo.co.kr,http://www.joongdo.co.kr/web/view.php?key=20200713010003893,제목,규칙기반 자동분류(제목·요약 낱말 대조)
2020-07-13,소백산,충북·경북,행정,인사·조직,신유근 소백산국립공원사무소 소장 취임,hidomin.com,http://www.hidomin.com/news/articleView.html?idxno=426971,제목,규칙기반 자동분류(제목·요약 낱말 대조)
2020-07-12,소백산,충북·경북,행정,인사·조직,신유근 제24대 소백산국립공원사무소장 취임,ksmnews.co.kr,http://www.ksmnews.co.kr/default/index_view_page.php?idx=299441&part_idx=266,제목,규칙기반 자동분류(제목·요약 낱말 대조)
2020-07-12,소백산,충북·경북,행정,인사·조직,소백산국립공원사무소 제24대 신유근 신임 소장 취임,dkilbo.com,http://www.dkilbo.com/news/articleView.html?idxno=305740,제목,규칙기반 자동분류(제목·요약 낱말 대조)
2020-07-12,소백산,충북·경북,행정,인사·조직,신유근 소백산 국립공원사무소 제24대 소장 취임,kyongbuk.co.kr,http://www.kyongbuk.co.kr/news/articleView.html?idxno=2046196,제목,규칙기반 자동분류(제목·요약 낱말 대조)
2020-07-12,소백산,충북·경북,행정,인사·조직,소백산국립공원사무소 신유근 소장 취임,미상,//www.yeongnam.com/web/view.php?key=20200712010001993,제목,규칙기반 자동분류(제목·요약 낱말 대조)
2020-07-10,북한산,서울·경기,행정,지정·구역,범어·중앙공원 지키려고…빚내서 땅 사고 법정다툼까지,joongang.co.kr,https://www.joongang.co.kr/article/23821462,요약,규칙기반 자동분류(제목·요약 낱말 대조)
2020-07-07,한려해상,경남·전남,행정,인사·조직,[인사] 법무부 外,news.heraldcorp.com,http://news.heraldcorp.com/view.php?ud=20200707000023,요약,규칙기반 자동분류(제목·요약 낱말 대조)
2020-07-07,설악산,강원,행정,인사·조직,"[인사] 국립공원공단, 보건복지부, 다우키움그룹, 한국석유공사",biz.seoul.co.kr,https://biz.seoul.co.kr/news/newsView.php?id=20200707500019&wlog_tag3=naver,요약,규칙기반 자동분류(제목·요약 낱말 대조)
2020-07-06,한려해상,경남·전남,행정,인사·조직,[오늘의 인사] 법무부·한국산업기술평가관리원·충남 서산시 外,mediapen.com,http://www.mediapen.com/news/view/538722,요약,규칙기반 자동분류(제목·요약 낱말 대조)
2020-07-06,한려해상,경남·전남,행정,인사·조직,오늘의 인사 - 2020년 7월 7일,khan.co.kr,https://www.khan.co.kr/article/202007062130025,요약,규칙기반 자동분류(제목·요약 낱말 대조)
2020-07-06,한려해상,경남·전남,행정,인사·조직,7월 7일 인사,hani.co.kr,http://www.hani.co.kr/arti/society/internalmove/952498.html,요약,규칙기반 자동분류(제목·요약 낱말 대조)
2020-07-06,한려해상,경남·전남,행정,인사·조직,[7월 6일 인사] 한국원자력안전기술원·예금보험공사·법무부 外,news2day.co.kr,https://www.news2day.co.kr/156067,요약,규칙기반 자동분류(제목·요약 낱말 대조)
2020-07-06,한려해상,경남·전남,행정,인사·조직,[인사] 보건복지부 / 법무부 / 공정거래위원회 등,news.mk.co.kr,http://news.mk.co.kr/newsRead.php?no=692265&year=2020,요약,규칙기반 자동분류(제목·요약 낱말 대조)
2020-07-06,한려해상,경남·전남,행정,인사·조직,"[인사] 충남 서산시, 목원대, 다우키움그룹, 보건복지부, 국립공원공단",businesspost.co.kr,http://www.businesspost.co.kr/BP?command=article_view&num=186059,요약,규칙기반 자동분류(제목·요약 낱말 대조)
2020-07-03,덕유산,전북·경남,행정,연구·용역,"무주군,적상산성 명소화로 '관광객 1천만 시대' 견인",tournews21.com,http://www.tournews21.com/news/articleView.html?idxno=42978,요약,규칙기반 자동분류(제목·요약 낱말 대조)
2020-06-23,월악산,충북·경북,행정,인사·조직,월악산국립공원 민관합동 안전사고 예방 캠페인 펼쳐,cctoday.co.kr,http://www.cctoday.co.kr/news/articleView.html?idxno=2077631,제목,규칙기반 자동분류(제목·요약 낱말 대조)
2020-06-22,내장산,전북·전남,행정,인사·조직,"내장산국립공원사무소, 산악단체 간부 대상 강연",jjan.kr,http://www.jjan.kr/news/articleView.html?idxno=2085620,제목,규칙기반 자동분류(제목·요약 낱말 대조)
2020-06-22,치악산,강원 원주,행정,인사·조직,"치악산국립공원, 여름철 물놀이 안전사고 예방 총력",newstown.co.kr,http://www.newstown.co.kr/news/articleView.html?idxno=459638,제목,규칙기반 자동분류(제목·요약 낱말 대조)
2020-06-11,오대산,강원,행정,인사·조직,평창 오대산 250년 ‘토종 잎갈나무’ 보호수 지정,lak.co.kr,http://www.lak.co.kr/news/boardview.php?id=9137,제목,규칙기반 자동분류(제목·요약 낱말 대조)
2020-06-11,오대산,강원,행정,인사·조직,"강원도, 평창 오대산 잎갈나무 보호수 지정",shinailbo.co.kr,http://www.shinailbo.co.kr/news/articleView.html?idxno=1287968,제목,규칙기반 자동분류(제목·요약 낱말 대조)
2020-06-07,(전체·공통),전국·공통,행정,지정·구역,"태안경찰서, 만리포 여름파출소 개소 간담회",joongdo.co.kr,http://www.joongdo.co.kr/web/view.php?key=20200607010002233,해당없음,규칙기반 자동분류(제목·요약 낱말 대조)
2020-06-05,변산반도,전북 부안,행정,지정·구역,변산반도 국립공원구역조정 용역 설명회…주민들 '재산권 침해' 주장 거...,ibuan.com,http://www.ibuan.com/news/articleView.html?idxno=30882,제목,규칙기반 자동분류(제목·요약 낱말 대조)
2020-05-30,경주,경북 경주,행정,기타,머리 사라진 꿀벌 떼죽음에 美 발칵…범인은 亞 '살인 말벌',joongang.co.kr,https://www.joongang.co.kr/article/23789617,요약,규칙기반 자동분류(제목·요약 낱말 대조)
2020-05-26,월악산,충북·경북,행정,인사·조직,"권경업 국립공원공단 이사장, 월악산국립공원 코로나19 대응 상황 점검",asiatoday.co.kr,http://www.asiatoday.co.kr/view.php?key=20200526010013898,제목,규칙기반 자동분류(제목·요약 낱말 대조)
2020-05-25,다도해해상,전남,행정,기타,[국내뉴스] 올림픽 티켓 걸린 SC 아시아선수권대회 12월 중국 샤먼서 개...,san.chosun.com,http://san.chosun.com/site/data/html_dir/2020/05/25/2020052501566.html?utm_source=naver&utm_medium=original&utm_campaign=san,요약,규칙기반 자동분류(제목·요약 낱말 대조)
2020-05-25,설악산,강원,행정,지정·구역,[핫뉴스 | 국가숲길 6월 시행 <2> 어느 숲길 지정되나?] 백두대간 마루금...,san.chosun.com,http://san.chosun.com/site/data/html_dir/2020/05/22/2020052202912.html?utm_source=naver&utm_medium=original&utm_campaign=san,요약,규칙기반 자동분류(제목·요약 낱말 대조)
2020-05-21,지리산,전남·전북·경남,행정,법령·제도,자원재활용법・ 공공폐자원관리법 등 4개 환경법안 20대 국회 통과,energydaily.co.kr,http://www.energydaily.co.kr/news/articleView.html?idxno=108429,요약,규칙기반 자동분류(제목·요약 낱말 대조)
2020-05-21,지리산,전남·전북·경남,행정,법령·제도,자원순환 보증금제 등 4개 환경법안 20대 국회 통과,ikld.kr,http://www.ikld.kr/news/articleView.html?idxno=217984,요약,규칙기반 자동분류(제목·요약 낱말 대조)
2020-05-20,치악산,강원 원주,행정,인사·조직,치악산국립공원 온라인 자연관찰 탐방서비스 제공,newstown.co.kr,http://www.newstown.co.kr/news/articleView.html?idxno=456039,제목,규칙기반 자동분류(제목·요약 낱말 대조)
2020-05-20,지리산,전남·전북·경남,행정,법령·제도,자원재활용법 등 4개 환경법안 20대 국회 통과,foodneconomy.com,https://www.foodneconomy.com/news/articleView.html?idxno=307974,요약,규칙기반 자동분류(제목·요약 낱말 대조)
2020-05-15,주왕산,경북,행정,인사·조직,"주왕산국립공원, 주산지 축조 300주년 맞아 주산지 생태자원 조사",미상,//www.yeongnam.com/web/view.php?key=20200515010002022,제목,규칙기반 자동분류(제목·요약 낱말 대조)
2020-05-13,지리산,전남·전북·경남,행정,법령·제도,[13일 낙찰/계약 동향] 경북대 상주캠퍼스 앞 매표소 신축 및 전기시설...,fintechpost.co.kr,http://www.fintechpost.co.kr/news/articleView.html?idxno=113450,요약,규칙기반 자동분류(제목·요약 낱말 대조)
2020-05-07,북한산,서울·경기,행정,기타,"보라스카이, 혹독한 기상환경 속 누적 비행기록 축적..글로벌 경쟁력 강...",nspna.com,http://www.nspna.com/news/?mode=view&newsid=427108,요약,규칙기반 자동분류(제목·요약 낱말 대조)
2020-05-03,속리산,충북·경북,행정,연구·용역,"[일자리 취업 정보/종합] 한국천문연구원, 한국전력공사, 한국산업은행...",fintechpost.co.kr,http://www.fintechpost.co.kr/news/articleView.html?idxno=111353,요약,규칙기반 자동분류(제목·요약 낱말 대조)
2020-05-02,내장산,전북·전남,행정,법령·제도,"[2일 낙찰/계약 동향] 법성고등학교 어학실 환경개선 보수, 행정복지센...",fintechpost.co.kr,http://www.fintechpost.co.kr/news/articleView.html?idxno=111813,요약,규칙기반 자동분류(제목·요약 낱말 대조)
2020-05-01,월악산,충북·경북,행정,법령·제도,[1일 낙찰/계약 동향] 능안초 조회대 및 체육관 소규모 보수 공사 계약...,fintechpost.co.kr,http://www.fintechpost.co.kr/news/articleView.html?idxno=111799,요약,규칙기반 자동분류(제목·요약 낱말 대조)
2020-04-29,북한산,서울·경기,행정,기타,"'같이의 가치'로 향하는, 세상 가장 빠른 거북이 - 불교환경연대 & 국제...",bulkwang.co.kr,http://www.bulkwang.co.kr/news/articleView.html?idxno=34964,요약,규칙기반 자동분류(제목·요약 낱말 대조)
2020-04-20,주왕산,경북,행정,인사·조직,"[경북소식] 울진군청소년상담복지센터, 학교 밖 청소년에게 ‘꿈드림 응...",ilyo.co.kr,http://ilyo.co.kr/?ac=article_view&entry_id=367675,요약,규칙기반 자동분류(제목·요약 낱말 대조)
2020-04-18,월출산,전남,행정,연구·용역,[18일 낙찰/계약 동향] 대전형 아이돌봄 온돌네트워크 구축을 위한 연구...,fintechpost.co.kr,http://www.fintechpost.co.kr/news/articleView.html?idxno=109772,요약,규칙기반 자동분류(제목·요약 낱말 대조)
2020-04-11,속리산,충북·경북,행정,법령·제도,"[11일 낙찰/계약 동향] 2020년 오도산자연휴양림 숲해설가 운영사업, 지...",fintechpost.co.kr,http://www.fintechpost.co.kr/news/articleView.html?idxno=108722,요약,규칙기반 자동분류(제목·요약 낱말 대조)
2020-04-11,태안해안,충남 태안,행정,법령·제도,[11일 낙찰/계약 동향] 디지털 화차관리시스템 구축방안 및 정보연계 수...,fintechpost.co.kr,http://www.fintechpost.co.kr/news/articleView.html?idxno=108429,요약,규칙기반 자동분류(제목·요약 낱말 대조)
2020-04-07,한려해상,경남·전남,행정,기타,"[일자리 취업 정보/종합] 아동권리보장원, 한국교통안전공단, 한국산업...",fintechpost.co.kr,http://www.fintechpost.co.kr/news/articleView.html?idxno=107770,요약,규칙기반 자동분류(제목·요약 낱말 대조)
2020-04-03,태안해안,충남 태안,행정,법령·제도,[3일 낙찰/계약 동향] [논산]지방도 799호 강경대교 등 2개교 정밀안전점...,fintechpost.co.kr,http://www.fintechpost.co.kr/news/articleView.html?idxno=107407,요약,규칙기반 자동분류(제목·요약 낱말 대조)
2020-04-02,한려해상,경남·전남,행정,연구·용역,[2일 낙찰/계약 동향] 2020년 유량계 교정검사 및 유지보수 용역(연간단...,fintechpost.co.kr,http://www.fintechpost.co.kr/news/articleView.html?idxno=107282,요약,규칙기반 자동분류(제목·요약 낱말 대조)
2020-03-29,한라산,제주,행정,기타,"2020년 3월 마지막 주 동물 관련 정책 CHECK! [정책브리핑, 동물]",sisunnews.co.kr,http://www.sisunnews.co.kr/news/articleView.html?idxno=122750,요약,규칙기반 자동분류(제목·요약 낱말 대조)
2020-03-28,변산반도,전북 부안,행정,연구·용역,"[일자리 취업 정보/종합] 한국수자원공사, 과학기술정책연구원, (재)우체...",fintechpost.co.kr,http://www.fintechpost.co.kr/news/articleView.html?idxno=106744,요약,규칙기반 자동분류(제목·요약 낱말 대조)
2020-03-27,태안해안,충남 태안,행정,법령·제도,"[27일 낙찰/계약 동향] 지품초등학교 교사동 내진성능평가 용역, 2020학년...",fintechpost.co.kr,http://www.fintechpost.co.kr/news/articleView.html?idxno=106624,요약,규칙기반 자동분류(제목·요약 낱말 대조)
2020-03-27,소백산,충북·경북,행정,법령·제도,[27일 낙찰/계약 동향] 난향초 교사동 및 체육관 방송시설개선 설계용역...,fintechpost.co.kr,http://www.fintechpost.co.kr/news/articleView.html?idxno=106628,요약,규칙기반 자동분류(제목·요약 낱말 대조)
2020-03-27,금정산,부산·경남,행정,인사·조직,"부산 금정산-낙동강-해안 일대, 국립공원 지정될까?",ohmynews.com,http://www.ohmynews.com/NWS_Web/View/at_pg.aspx?CNTN_CD=A0002626715&CMPT_CD=P0010&utm_source=naver&utm_medium=newsearch&utm_campaign=naver_news,제목,규칙기반 자동분류(제목·요약 낱말 대조)
2020-03-27,금정산,부산·경남,행정,지정·구역,부산 금정산·해안 일대 국립공원 타당성 조사 착수,bizwork.co.kr,https://www.bizwork.co.kr/news/articleView.html?idxno=212087,제목,규칙기반 자동분류(제목·요약 낱말 대조)
2020-03-27,금정산,부산·경남,행정,지정·구역,금정산·낙동강·부산해안 국립공원 지정 타당성 조사,biz.newdaily.co.kr,http://biz.newdaily.co.kr/site/data/html/2020/03/27/2020032700099.html,제목,규칙기반 자동분류(제목·요약 낱말 대조)
2020-03-27,금정산,부산·경남,행정,지정·구역,"환경부, '금정산‧부산해안 국립공원' 지정 타당성조사 착수",koscaj.com,http://www.koscaj.com/news/articleView.html?idxno=208732,제목,규칙기반 자동분류(제목·요약 낱말 대조)
2020-03-27,금정산,부산·경남,행정,지정·구역,부산 금정산-부산해안국립공원 지정 타당성조사 착수,newspim.com,http://www.newspim.com/news/view/20200327000008,제목,규칙기반 자동분류(제목·요약 낱말 대조)
2020-03-27,금정산,부산·경남,행정,지정·구역,"부산 금정산, 국립공원 지정 착수…내년까지 계획 완성",news1.kr,https://www.news1.kr/articles/?3887502,제목,규칙기반 자동분류(제목·요약 낱말 대조)
2020-03-26,월출산,전남,행정,법령·제도,"[26일 낙찰/계약 동향] 사이버안전센터 보안관제 용역(총체 및 1차), 경부...",fintechpost.co.kr,http://www.fintechpost.co.kr/news/articleView.html?idxno=106622,요약,규칙기반 자동분류(제목·요약 낱말 대조)
2020-03-25,금정산,부산·경남,행정,협약·협력,"부산시, 국립 특수학교 설립, 5자 간 업무협약 체결",enewstoday.co.kr,http://www.enewstoday.co.kr/news/articleView.html?idxno=1376940,요약,규칙기반 자동분류(제목·요약 낱말 대조)
2020-03-25,금정산,부산·경남,행정,지정·구역,부산대 부설 국립 특수(예술) 학교 설립 협약식 체결...2022년 개교,breaknews.com,http://www.breaknews.com/720304,요약,규칙기반 자동분류(제목·요약 낱말 대조)
2020-03-25,금정산,부산·경남,행정,협약·협력,부산대-교육부-부산시-환경·장애인단체 업무협약,kookje.co.kr,http://www.kookje.co.kr/news2011/asp/newsbody.asp?code=0300&key=20200325.99099010188,요약,규칙기반 자동분류(제목·요약 낱말 대조)
2020-03-25,금정산,부산·경남,행정,협약·협력,"부산대, 특수학교 설립 민·관·학 ‘합의’… 25일 업무협약식",cnbnews.com,http://www.cnbnews.com/news/article.html?no=441051,요약,규칙기반 자동분류(제목·요약 낱말 대조)
2020-03-25,금정산,부산·경남,행정,협약·협력,"교육부, 부산대 등과 부설 예술중고등 특수학교 설립 업무협약",news.mt.co.kr,http://news.mt.co.kr/mtview.php?no=2020032508361382629,요약,규칙기반 자동분류(제목·요약 낱말 대조)
2020-03-17,다도해해상,전남,행정,법령·제도,"[17일 낙찰/계약 동향] 군간교 정밀안전점검 용역, 지방도(서부지역) 포...",fintechpost.co.kr,http://www.fintechpost.co.kr/news/articleView.html?idxno=105113,요약,규칙기반 자동분류(제목·요약 낱말 대조)
2020-03-12,금정산,부산·경남,행정,지정·구역,[12일 낙찰/계약 동향] 영천동 도시재생뉴딜사업 청풍호로 가로경관정비...,fintechpost.co.kr,http://www.fintechpost.co.kr/news/articleView.html?idxno=104281,요약,규칙기반 자동분류(제목·요약 낱말 대조)
2020-02-27,다도해해상,전남,행정,협약·협력,다도해해상국립공원 – 해양환경구조단 간 업무협약 체결,m-i.kr,http://www.m-i.kr/news/articleView.html?idxno=685743,제목,규칙기반 자동분류(제목·요약 낱말 대조)
2020-02-25,지리산,전남·전북·경남,행정,기타,[정책브리핑] 2020년 2월 25일 화요일 주요 정책,sisunnews.co.kr,http://www.sisunnews.co.kr/news/articleView.html?idxno=121360,요약,규칙기반 자동분류(제목·요약 낱말 대조)
2020-02-20,내장산,전북·전남,행정,연구·용역,"[일자리 취업 정보/종합] 한국보건산업진흥원, 한국화학연구원, 한국교...",fintechpost.co.kr,http://www.fintechpost.co.kr/news/articleView.html?idxno=101686,요약,규칙기반 자동분류(제목·요약 낱말 대조)
2020-02-15,계룡산,대전·충남,행정,연구·용역,"[일자리 취업 정보/종합] 한국식품연구원, 광주과학기술원, 광주과학기...",fintechpost.co.kr,http://www.fintechpost.co.kr/news/articleView.html?idxno=100790,요약,규칙기반 자동분류(제목·요약 낱말 대조)
2020-02-13,다도해해상,전남,행정,기타,"[일자리 취업 정보/종합] 도로교통공단, 시청자미디어재단, 서울대학교...",fintechpost.co.kr,http://www.fintechpost.co.kr/news/articleView.html?idxno=100789,요약,규칙기반 자동분류(제목·요약 낱말 대조)
2020-02-06,변산반도,전북 부안,행정,인사·조직,변산반도국립공원 윤대원 신임 소장 부임,jeollailbo.com,http://www.jeollailbo.com/news/articleView.html?idxno=590559,제목,규칙기반 자동분류(제목·요약 낱말 대조)
2020-02-05,한려해상,경남·전남,행정,인사·조직,[새 얼굴] 박승기 한려해상국립공원사무소장,knnews.co.kr,http://www.knnews.co.kr/news/articleView.php?idxno=1318697,제목,규칙기반 자동분류(제목·요약 낱말 대조)
2020-02-04,변산반도,전북 부안,행정,인사·조직,변산반도국립공원관리공단 윤대원 신임 소장 부임,ibuan.com,http://www.ibuan.com/news/articleView.html?idxno=27660,제목,규칙기반 자동분류(제목·요약 낱말 대조)
2020-02-04,월출산,전남,행정,지정·구역,월출산(月出山) 무위사 사천왕상의 봉안 인연기,breaknews.com,http://www.breaknews.com/708573,제목,규칙기반 자동분류(제목·요약 낱말 대조)
2020-02-03,경주,경북 경주,행정,인사·조직,[인물수첩] 문명근 신임 경주국립공원사무소장,imaeil.com,https://www.imaeil.com/page/view/2020020309523766744,제목,규칙기반 자동분류(제목·요약 낱말 대조)
2020-02-03,경주,경북 경주,행정,인사·조직,[인사]인제군 강릉시 국립공원공단 원주우체국 2020년 2월 3일,kwnews.co.kr,http://www.kwnews.co.kr/view.asp?aid=220020200114&s=201,요약,규칙기반 자동분류(제목·요약 낱말 대조)
2020-02-03,설악산,강원,행정,인사·조직,[새얼굴]이규성 설악산생태탐방원장,kwnews.co.kr,http://www.kwnews.co.kr/view.asp?aid=220020200120&s=201,제목,규칙기반 자동분류(제목·요약 낱말 대조)
2020-02-03,오대산,강원,행정,인사·조직,[새의자] 김철수 오대산국립공원 사무소장,kado.net,http://www.kado.net/?mod=news&act=articleView&idxno=1008451,제목,규칙기반 자동분류(제목·요약 낱말 대조)
2020-02-03,한려해상,경남·전남,행정,인사·조직,한려해상국립공원사무소 박승기 소장 부임,gndomin.com,http://www.gndomin.com/news/articleView.html?idxno=231479,제목,규칙기반 자동분류(제목·요약 낱말 대조)
2020-02-03,월악산,충북·경북,행정,인사·조직,허영범 제26대 월악산국립공원사무소장 취임,asiatoday.co.kr,http://www.asiatoday.co.kr/view.php?key=20200203010000919,제목,규칙기반 자동분류(제목·요약 낱말 대조)
2020-02-03,태백산,강원·경북,행정,지정·구역,"KBS 이승현-강승화 아나운서 생방송 아침이 좋다, ‘태백산’…라면과의...",polinews.co.kr,http://www.polinews.co.kr/news/article.html?no=451176,제목,규칙기반 자동분류(제목·요약 낱말 대조)
2020-02-02,경주,경북 경주,행정,인사·조직,경주국립공원사무소장에 문명근,ksmnews.co.kr,http://www.ksmnews.co.kr/default/index_view_page.php?idx=281036&part_idx=335,제목,규칙기반 자동분류(제목·요약 낱말 대조)
2020-02-02,경주,경북 경주,행정,인사·조직,"국립공원공단 경주국립공원사무소, 문명근 소장 취임",newsworks.co.kr,http://www.newsworks.co.kr/news/articleView.html?idxno=429461,제목,규칙기반 자동분류(제목·요약 낱말 대조)
2020-02-02,경주,경북 경주,행정,인사·조직,[새인물]문명근 경주국립공원사무소장 ˝국민이 행복한 사적형 국립공원...,kbsm.net,http://www.kbsm.net/default/index_view_page.php?idx=267679&part_idx=196,제목,규칙기반 자동분류(제목·요약 낱말 대조)
2020-02-02,한려해상,경남·전남,행정,인사·조직,"신임 박승기 한려해상국립공원사무소장 ""해양국립공원 활성화에 주력""",newspim.com,http://www.newspim.com/news/view/20200202000144,제목,규칙기반 자동분류(제목·요약 낱말 대조)
2020-02-01,경주,경북 경주,행정,인사·조직,문명근 경주국립공원사무소장 취임,kyongbuk.co.kr,http://www.kyongbuk.co.kr/news/articleView.html?idxno=2028913,제목,규칙기반 자동분류(제목·요약 낱말 대조)
2020-02-01,경주,경북 경주,행정,인사·조직,"문명근 국립공원공단 경주사무소장, 3일 취임",gukjenews.com,http://www.gukjenews.com/news/articleView.html?idxno=1235038,제목,규칙기반 자동분류(제목·요약 낱말 대조)
2020-02-01,설악산,강원,행정,인사·조직,설악산공원관리소장 이진범·생태탐방원장 이규성 소장,kado.net,http://www.kado.net/?mod=news&act=articleView&idxno=1008261,제목,규칙기반 자동분류(제목·요약 낱말 대조)
2020-01-31,경주,경북 경주,행정,인사·조직,"국립공원공단 경주국립공원사무소, 신임 문명근 소장 취임",ilyoseoul.co.kr,http://www.ilyoseoul.co.kr/news/articleView.html?idxno=364613,제목,규칙기반 자동분류(제목·요약 낱말 대조)
2020-01-31,지리산,전남·전북·경남,행정,인사·조직,<인사> 새만금개발청,bizwork.co.kr,https://www.bizwork.co.kr/news/articleView.html?idxno=210631,요약,규칙기반 자동분류(제목·요약 낱말 대조)
2020-01-31,지리산,전남·전북·경남,행정,인사·조직,[인사] 산업통상자원부 캠코 한국신용평가 한국관광공사 국립공원공단...,biztribune.co.kr,http://www.biztribune.co.kr/news/articleView.html?idxno=232919,요약,규칙기반 자동분류(제목·요약 낱말 대조)
2020-01-31,지리산,전남·전북·경남,행정,인사·조직,1월 30일 - 인사,metroseoul.co.kr,http://www.metroseoul.co.kr/news/newsview?newscd=2020013000234,요약,규칙기반 자동분류(제목·요약 낱말 대조)
2020-01-31,설악산,강원,행정,인사·조직,[속초]설악산사무소장·설악산생태탐방원장 발령,kado.net,http://www.kado.net/?mod=news&act=articleView&idxno=1008189,제목,규칙기반 자동분류(제목·요약 낱말 대조)
2020-01-31,오대산,강원,행정,인사·조직,"오대산국립공원사무소, 김철수 신임 소장 부임",newstown.co.kr,http://www.newstown.co.kr/news/articleView.html?idxno=444379,제목,규칙기반 자동분류(제목·요약 낱말 대조)
2020-01-31,한려해상,경남·전남,행정,인사·조직,박승기 신임 한려해상국립공원사무소 소장 내정…2월 3일 부임,news1.kr,http://news1.kr/articles/?3830298,제목,규칙기반 자동분류(제목·요약 낱말 대조)
2020-01-30,지리산,전남·전북·경남,행정,인사·조직,[1월 30일 인사] 삼성중공업·삼성바이오에피스·한국은행 外,news2day.co.kr,http://www.news2day.co.kr/147426,요약,규칙기반 자동분류(제목·요약 낱말 대조)
2020-01-30,지리산,전남·전북·경남,행정,인사·조직,[인사] 한국은행 외,readersnews.com,http://www.readersnews.com/news/articleView.html?idxno=97353,요약,규칙기반 자동분류(제목·요약 낱말 대조)
2020-01-30,지리산,전남·전북·경남,행정,인사·조직,"[인사] 영남대, 이화여대, 국립공원공단, 동해지방해양경찰청",biz.seoul.co.kr,https://biz.seoul.co.kr/news/newsView.php?id=20200130500125&wlog_tag3=naver,요약,규칙기반 자동분류(제목·요약 낱말 대조)
2020-01-30,지리산,전남·전북·경남,행정,인사·조직,"[인사] 국립공원공단, 동해지방해양경찰청, 한국관광공사, 한국은행",businesspost.co.kr,http://www.businesspost.co.kr/BP?command=article_view&num=161542,요약,규칙기반 자동분류(제목·요약 낱말 대조)
2020-01-30,지리산,전남·전북·경남,행정,인사·조직,"[인사]국립공원공단, 본부장ㆍ부장ㆍ사무소장 전보 명단",seoulwire.com,http://www.seoulwire.com/news/articleView.html?idxno=268949,요약,규칙기반 자동분류(제목·요약 낱말 대조)
2020-01-17,한려해상,경남·전남,행정,연구·용역,"[일자리 취업 정보/종합] 한국과학기술연구원, 한국도로공사, 한국장애...",fintechpost.co.kr,http://www.fintechpost.co.kr/news/articleView.html?idxno=98901,요약,규칙기반 자동분류(제목·요약 낱말 대조)
2020-01-15,계룡산,대전·충남,행정,연구·용역,"[일자리 취업 정보/종합] 한국표준과학연구원, 한국장애인고용공단, 한...",fintechpost.co.kr,http://www.fintechpost.co.kr/news/articleView.html?idxno=98899,요약,규칙기반 자동분류(제목·요약 낱말 대조)
2020-01-12,오대산,강원,행정,기타,"[일자리 취업 정보/종합] (재)우체국시설관리단, 부산대학교병원, 한전...",fintechpost.co.kr,http://www.fintechpost.co.kr/news/articleView.html?idxno=98279,요약,규칙기반 자동분류(제목·요약 낱말 대조)
2020-01-11,내장산,전북·전남,행정,기타,[11일 캠코 공개매각 정보/온비드종합] 2020년 재활용품(고철류) 매각 단...,fintechpost.co.kr,http://www.fintechpost.co.kr/news/articleView.html?idxno=98650,요약,규칙기반 자동분류(제목·요약 낱말 대조)
2020-01-04,팔공산,대구·경북,행정,인사·조직,[이영란의 스위치] 취임 1주년 지난 안동 출신 조명래 환경부 장관,yeongnam.com,https://www.yeongnam.com/web/view.php?key=20200102010000300,요약,규칙기반 자동분류(제목·요약 낱말 대조)
2019-12-30,변산반도,전북 부안,행정,기타,‘2019 지는 해·2020 뜨는 해’ 어디서 볼까,knnews.co.kr,http://www.knnews.co.kr/news/articleView.php?idxno=1316027,요약,규칙기반 자동분류(제목·요약 낱말 대조)
2019-12-30,한려해상,경남·전남,행정,기타,[Pick] 2020 새해는 어디서?…국립공원 선정 '해맞이·해넘이' 명소 10곳,news.sbs.co.kr,https://news.sbs.co.kr/news/endPage.do?news_id=N1005584079&plink=ORI&cooper=NAVER,요약,규칙기반 자동분류(제목·요약 낱말 대조)
2019-12-30,변산반도,전북 부안,행정,기타,희망찬 새해...해맞이·해넘이 명소는?,science.ytn.co.kr,https://science.ytn.co.kr/program/program_view.php?s_mcd=0082&s_hcd=&key=201912301153287737,요약,규칙기반 자동분류(제목·요약 낱말 대조)
2019-12-30,변산반도,전북 부안,행정,기타,[이슈톡] 국립공원 '해맞이·해넘이 명소' 10곳 공개,imnews.imbc.com,https://imnews.imbc.com/replay/2019/nwtoday/article/5645795_28983.html,요약,규칙기반 자동분류(제목·요약 낱말 대조)
2019-12-29,다도해해상,전남,행정,법령·제도,신안 흑산공항 자연공원법 개정돼 공항 건설 가능―그런데 왜 멈췄나?,ilyo.co.kr,http://ilyo.co.kr/?ac=article_view&entry_id=357423,요약,규칙기반 자동분류(제목·요약 낱말 대조)
2019-12-29,한려해상,경남·전남,행정,기타,경자년 새해 해맞이·해넘이 주요 명소 10곳은?,getnews.co.kr,http://www.getnews.co.kr/view.php?ud=201912291539501642246731f3_16,요약,규칙기반 자동분류(제목·요약 낱말 대조)
2019-12-29,변산반도,전북 부안,행정,기타,해넘이·해맞이 추천명소는?…국립공원 10곳 선정,yonhapnewstv.co.kr,http://www.yonhapnewstv.co.kr/MYH20191229004600038/?did=1825m,요약,규칙기반 자동분류(제목·요약 낱말 대조)
2019-12-29,한려해상,경남·전남,행정,기타,해넘이·해맞이 어디로?…국립공원이 추천한 명소 10곳,nocutnews.co.kr,https://www.nocutnews.co.kr/news/5265190,요약,규칙기반 자동분류(제목·요약 낱말 대조)
2019-12-29,한려해상,경남·전남,행정,기타,국립공원 해맞이·해넘이 명소 10곳 선정,news.kbs.co.kr,http://news.kbs.co.kr/news/view.do?ncd=4352041&ref=A,요약,규칙기반 자동분류(제목·요약 낱말 대조)
2019-12-29,한려해상,경남·전남,행정,기타,"경자년 새해 해맞이·해넘이 명소, 어디로 가볼까",newsis.com,http://www.newsis.com/view/?id=NISX20191227_0000873086&cID=10201&pID=10200,요약,규칙기반 자동분류(제목·요약 낱말 대조)
2019-12-21,내장산,전북·전남,행정,법령·제도,"[일자리 취업 정보/종합] 학교법인한국폴리텍, 국립공원공단, 한국직업...",fintechpost.co.kr,http://www.fintechpost.co.kr/news/articleView.html?idxno=95236,요약,규칙기반 자동분류(제목·요약 낱말 대조)
2019-12-17,북한산,서울·경기,행정,인사·조직,"[국내뉴스] 김자인, 서채현 선수 월드컵에서 나란히 시상대에 오르다! ...",san.chosun.com,http://san.chosun.com/site/data/html_dir/2019/11/25/2019112501291.html?utm_source=naver&utm_medium=original&utm_campaign=san,요약,규칙기반 자동분류(제목·요약 낱말 대조)
2019-12-11,태안해안,충남 태안,행정,기타,"[일자리 취업 정보/종합] 국립중앙의료원, 충남대학교병원, 경북대학교...",fintechpost.co.kr,http://www.fintechpost.co.kr/news/articleView.html?idxno=94121,요약,규칙기반 자동분류(제목·요약 낱말 대조)
2019-12-10,오대산,강원,행정,연구·용역,"[10일 낙찰/계약 동향] 홍제초병설유치원 정밀안전진단용역, 신촌~가야...",fintechpost.co.kr,http://www.fintechpost.co.kr/news/articleView.html?idxno=93922,요약,규칙기반 자동분류(제목·요약 낱말 대조)
2019-12-07,북한산,서울·경기,행정,지정·구역,"[SN여행] 늘어지기 쉬운 겨울, 상쾌한 '힐링'을 찾아 북한산 국립공원으...",sisunnews.co.kr,http://www.sisunnews.co.kr/news/articleView.html?idxno=117622,제목,규칙기반 자동분류(제목·요약 낱말 대조)
2019-12-06,가야산,경북·경남,행정,연구·용역,남부내륙철도 합천역사 최적입지 연구용역 결과 발표,busan.com,http://www.busan.com/view/busan/view.php?code=2019120614542188888,요약,규칙기반 자동분류(제목·요약 낱말 대조)
2019-12-06,가야산,경북·경남,행정,연구·용역,남부내륙철도 합천 역사 '율곡면 임북리' 최적,gndomin.com,http://www.gndomin.com/news/articleView.html?idxno=226065,요약,규칙기반 자동분류(제목·요약 낱말 대조)
2019-12-06,금정산,부산·경남,행정,지정·구역,[헬로 이슈토크]시민사회가 본 부산시 행정사무감사,news.cjhello.com,http://news.cjhello.com/news/newsView.do?soCode=SC50000000&idx=266709,요약,규칙기반 자동분류(제목·요약 낱말 대조)
2019-12-05,한려해상,경남·전남,행정,법령·제도,[5일 낙찰/계약 동향] 수출멘토지원사업 멘티기업 SNS 홍보용 콘텐츠 제...,fintechpost.co.kr,http://www.fintechpost.co.kr/news/articleView.html?idxno=93377,요약,규칙기반 자동분류(제목·요약 낱말 대조)
2019-12-04,금정산,부산·경남,행정,지정·구역,"부산시민운동단체연대, ""행정 사무감사 키워드는 아쉬움""",nbntv.kr,https://www.nbntv.kr/news/articleView.html?idxno=136567,요약,규칙기반 자동분류(제목·요약 낱말 대조)
2019-12-04,금정산,부산·경남,행정,예산·재정,"""부산시의원들, 감사에 시민단체 의제 전달해도 반영률 낮아""",pressian.com,http://www.pressian.com/news/article.html?no=268391&utm_source=naver&utm_medium=search,요약,규칙기반 자동분류(제목·요약 낱말 대조)
2019-12-01,북한산,서울·경기,행정,인사·조직,"국립공원공단, 산악 암벽사고 대응 민간구조협력단 확대",pressian.com,http://www.pressian.com/news/article.html?no=267891&utm_source=naver&utm_medium=search,요약,규칙기반 자동분류(제목·요약 낱말 대조)
2019-11-29,월악산,충북·경북,행정,기타,국립공원서 가스안전 캠페인,gasnews.com,http://www.gasnews.com/news/articleView.html?idxno=89538,요약,규칙기반 자동분류(제목·요약 낱말 대조)
2019-11-28,북한산,서울·경기,행정,인사·조직,'암벽등반 사고 대비' 북한산 민간구조협력단 확대한다,news1.kr,http://news1.kr/articles/?3780990,제목,규칙기반 자동분류(제목·요약 낱말 대조)
2019-11-27,북한산,서울·경기,행정,인사·조직,"[일자리 취업 정보/종합] 한국보훈복지의료공단, 기초과학연구원, 세계...",fintechpost.co.kr,http://www.fintechpost.co.kr/news/articleView.html?idxno=91528,요약,규칙기반 자동분류(제목·요약 낱말 대조)
2019-11-26,속리산,충북·경북,행정,인사·조직,속리산 문장대 훼손지 복원 사업 `우수상',cctimes.kr,http://www.cctimes.kr/news/articleView.html?idxno=592800,제목,규칙기반 자동분류(제목·요약 낱말 대조)
2019-11-25,한라산,제주,행정,지정·구역,한라산 50년의 발자취를 담다,jemin.com,http://www.jemin.com/news/articleView.html?idxno=630023,제목,규칙기반 자동분류(제목·요약 낱말 대조)
2019-11-24,한라산,제주,행정,지정·구역,한라산국립공원 지정 50주년 공모전 수상 사진 전시 개최,samdailbo.com,http://www.samdailbo.com/news/articleView.html?idxno=134519,제목,규칙기반 자동분류(제목·요약 낱말 대조)
2019-11-21,태안해안,충남 태안,행정,협약·협력,"서부발전, '사회안전망 강화를 위한 드론 운영 및 활용 업무협약' 체결",newscj.com,http://www.newscj.com/news/articleView.html?idxno=684986,요약,규칙기반 자동분류(제목·요약 낱말 대조)
2019-11-20,태안해안,충남 태안,행정,협약·협력,"태안군, 사회 안전망 강화를 위한 '드론 운영 업무협약' 체결",newstnt.com,http://www.newstnt.com/news/articleView.html?idxno=41099,요약,규칙기반 자동분류(제목·요약 낱말 대조)
2019-11-20,태안해안,충남 태안,행정,협약·협력,"태안군, 사회안전망 강화 위한 드론 운영 '업무협약'",gukjenews.com,http://www.gukjenews.com/news/articleView.html?idxno=1201702,요약,규칙기반 자동분류(제목·요약 낱말 대조)
2019-11-20,태안해안,충남 태안,행정,인사·조직,"태안군내 8개 기관·단체, 드론운영 협약체결",ggilbo.com,http://www.ggilbo.com/news/articleView.html?idxno=723523,요약,규칙기반 자동분류(제목·요약 낱말 대조)
2019-11-20,태안해안,충남 태안,행정,협약·협력,"서부발전, 사회안전망 강화 드론 운영·활용 업무협약 체결",todayenergy.kr,http://www.todayenergy.kr/news/articleView.html?idxno=219794,요약,규칙기반 자동분류(제목·요약 낱말 대조)
2019-11-20,태안해안,충남 태안,행정,협약·협력,"서부발전, 태안군 소재 주요기관과 ‘드론 운영 및 활용 업무협약’ 체...",ceoscoredaily.com,http://www.ceoscoredaily.com/news/article.html?no=62700,요약,규칙기반 자동분류(제목·요약 낱말 대조)
2019-11-20,태안해안,충남 태안,행정,협약·협력,지역내 위급상항 발생 시 드론 활용 ‘신속 대응’,kookbang.dema.mil.kr,http://kookbang.dema.mil.kr/newsWeb/20191121/3/BBSMSTR_000000010023/view.do,요약,규칙기반 자동분류(제목·요약 낱말 대조)
2019-11-20,태안해안,충남 태안,행정,협약·협력,"서부발전,'사회안전망 강화 드론 운영 및 활용 업무협약'체결",ccnnews.co.kr,http://www.ccnnews.co.kr/news/articleView.html?idxno=163483,요약,규칙기반 자동분류(제목·요약 낱말 대조)
2019-11-19,한려해상,경남·전남,행정,지정·구역,"한려해상 연안 갯벌, 무인기 활용 조사분석",pressian.com,http://www.pressian.com/news/article.html?no=266220&utm_source=naver&utm_medium=search,제목,규칙기반 자동분류(제목·요약 낱말 대조)
2019-11-08,다도해해상,전남,행정,법령·제도,"[8일 낙찰/계약 동향] 유양초 교사동 내진성능평가용역, 한국농어촌공사...",fintechpost.co.kr,http://www.fintechpost.co.kr/news/articleView.html?idxno=86389,요약,규칙기반 자동분류(제목·요약 낱말 대조)
2019-11-07,한라산,제주,행정,지정·구역,"환경부 ""반대하면 사업 철회"" 국립공원 확대 지정 '안갯속'",samdailbo.com,http://www.samdailbo.com/news/articleView.html?idxno=133589,요약,규칙기반 자동분류(제목·요약 낱말 대조)
2019-11-07,한라산,제주,행정,지정·구역,"""제주국립공원 확대 명분·실리 없어 즉각 폐기해야""",jemin.com,http://www.jemin.com/news/articleView.html?idxno=627453,요약,규칙기반 자동분류(제목·요약 낱말 대조)
2019-11-07,한라산,제주,행정,연구·용역,제주국립공원 확대 찬반 팽팽...환경부-도 '전략 부재' 비판,jejusori.net,http://www.jejusori.net/news/articleView.html?idxno=308583,요약,규칙기반 자동분류(제목·요약 낱말 대조)
2019-11-07,한라산,제주,행정,지정·구역,"제주국립공원 확대 ""청정가치 확보"" vs ""실질 기여 없어""",yna.kr,http://yna.kr/AKR20191107121900056?did=1195m,요약,규칙기반 자동분류(제목·요약 낱말 대조)
2019-11-05,계룡산,대전·충남,행정,협약·협력,"환경부 산하 4개 기관, 업무협약 체결",fnnews.com,http://www.fnnews.com/news/201911050730130199,요약,규칙기반 자동분류(제목·요약 낱말 대조)
2019-11-05,한려해상,경남·전남,행정,기타,"해산물 천국, 겨울 통영 맛 기행",pressian.com,http://www.pressian.com/news/article.html?no=264007&utm_source=naver&utm_medium=search,요약,규칙기반 자동분류(제목·요약 낱말 대조)
2019-11-04,계룡산,대전·충남,행정,협약·협력,국립공원공단 등 환경부 산하기관 감사업무 협약 체결,news1.kr,http://news1.kr/articles/?3760498,요약,규칙기반 자동분류(제목·요약 낱말 대조)
2019-11-04,계룡산,대전·충남,행정,협약·협력,"환경부 산하 4개 기관, 청렴 강화를 위해 ‘맞손’",ekn.kr,http://www.ekn.kr/news/article.html?no=461920,요약,규칙기반 자동분류(제목·요약 낱말 대조)
2019-11-04,계룡산,대전·충남,행정,협약·협력,"환경부 산하 4개 기관, ""청렴 강화 하겠습니다""",newsbrite.net,http://newsbrite.net/sub_read.html?uid=129399&section=sc10,요약,규칙기반 자동분류(제목·요약 낱말 대조)
2019-11-04,계룡산,대전·충남,행정,협약·협력,"환경부 산하 4개 기관, 청렴강화 위해 손잡아",news.mk.co.kr,http://news.mk.co.kr/newsRead.php?year=2019&no=905349,요약,규칙기반 자동분류(제목·요약 낱말 대조)
2019-11-04,계룡산,대전·충남,행정,협약·협력,환경부 산하 4개 기관 청렴강화 업무협약 체결,cnews.co.kr,http://www.cnews.co.kr/uhtml/read.jsp?idxno=201911041102027240957,요약,규칙기반 자동분류(제목·요약 낱말 대조)
2019-11-04,계룡산,대전·충남,행정,협약·협력,국립공원 등 환경기관 청렴 강화,naeil.com,http://www.naeil.com/news_view/?id_art=330469,요약,규칙기반 자동분류(제목·요약 낱말 대조)
2019-11-04,계룡산,대전·충남,행정,협약·협력,"환경부 산하 4개 기관, 종합감사에 전문 감사인 교차 투입",newsworks.co.kr,http://www.newsworks.co.kr/news/articleView.html?idxno=408117,요약,규칙기반 자동분류(제목·요약 낱말 대조)
2019-11-04,계룡산,대전·충남,행정,협약·협력,"환경부 산하 기관, 감사 역량 높이기에 협력",viva100.com,http://www.viva100.com/main/view.php?key=20191104010000786,요약,규칙기반 자동분류(제목·요약 낱말 대조)
2019-11-04,계룡산,대전·충남,행정,협약·협력,"환경부 산하 4개 기관, 청렴 강화 '맞손'",greened.kr,http://www.greened.kr/news/articleView.html?idxno=221523,요약,규칙기반 자동분류(제목·요약 낱말 대조)
2019-11-04,계룡산,대전·충남,행정,협약·협력,"환경부 산하 4개 기관, 청렴 강화를 위해 손잡다",ekn.kr,http://www.ekn.kr/news/article.html?no=461821,요약,규칙기반 자동분류(제목·요약 낱말 대조)
2019-11-04,계룡산,대전·충남,행정,협약·협력,"환경공단 등 환경부 산하 4개 기관, 청렴 강화 '맞손'",ikld.kr,http://www.ikld.kr/news/articleView.html?idxno=210020,요약,규칙기반 자동분류(제목·요약 낱말 대조)
2019-11-04,계룡산,대전·충남,행정,협약·협력,"환경부 산하 SL공사. 환경공단 등 4개 기관, 청렴 강화 '맞손'",energydaily.co.kr,http://www.energydaily.co.kr/news/articleView.html?idxno=103564,요약,규칙기반 자동분류(제목·요약 낱말 대조)
2019-11-04,계룡산,대전·충남,행정,협약·협력,"""환경부 산하 4개 기관, 감사 기능 협력""…청렴 강화 MOU 체결",view.asiae.co.kr,https://view.asiae.co.kr/article/2019110219494747779,요약,규칙기반 자동분류(제목·요약 낱말 대조)
2019-11-02,지리산,전남·전북·경남,행정,기타,"단풍 산행, 한박자 늦어도 좋은 이유",news.joins.com,http://news.joins.com/article/olink/23214748,요약,규칙기반 자동분류(제목·요약 낱말 대조)
2019-11-01,가야산,경북·경남,행정,인사·조직,"[일자리 취업 정보/종합] 한국문화예술위원회, 한전KDN, 한국개발연구원...",fintechpost.co.kr,http://www.fintechpost.co.kr/news/articleView.html?idxno=83203,요약,규칙기반 자동분류(제목·요약 낱말 대조)
2019-10-29,내장산,전북·전남,행정,기타,"[일자리 취업 정보/종합] 서울대학교치과병원, 농업정책보험금융원, 한...",fintechpost.co.kr,http://www.fintechpost.co.kr/news/articleView.html?idxno=83196,요약,규칙기반 자동분류(제목·요약 낱말 대조)
2019-10-28,덕유산,전북·경남,행정,기타,[28일 캠코 공개매각 정보/온비드종합] 단원구청 불용물품 로더(경기03고...,fintechpost.co.kr,http://www.fintechpost.co.kr/news/articleView.html?idxno=83216,요약,규칙기반 자동분류(제목·요약 낱말 대조)
2019-10-19,내장산,전북·전남,행정,법령·제도,[19일 캠코 공개매각 정보/온비드종합] 금구중학교 식생활관 불용물품(...,fintechpost.co.kr,http://www.fintechpost.co.kr/news/articleView.html?idxno=79655,요약,규칙기반 자동분류(제목·요약 낱말 대조)
2019-10-16,속리산,충북·경북,행정,기타,충북 의료관광 날개를 펴다 - 과제와 전망,jbnews.com,http://www.jbnews.com/news/articleView.html?idxno=1264088,요약,규칙기반 자동분류(제목·요약 낱말 대조)
2019-10-16,가야산,경북·경남,행정,법령·제도,"[16일 낙찰/계약 동향] 동명면 기초생활거점 현장포럼 용역, 모현동 행정...",fintechpost.co.kr,http://www.fintechpost.co.kr/news/articleView.html?idxno=78273,요약,규칙기반 자동분류(제목·요약 낱말 대조)
2019-10-15,다도해해상,전남,행정,지정·구역,"섬사람들의 애환・삶이 어려있는 곳, '맹골죽도'",dailysportshankook.co.kr,http://www.dailysportshankook.co.kr/news/articleView.html?idxno=215092,요약,규칙기반 자동분류(제목·요약 낱말 대조)
2019-10-14,덕유산,전북·경남,행정,인사·조직,"덕유산국립공원, 하반기 협치위원회 및 문화유산협력위원회 개최",jeollailbo.com,http://www.jeollailbo.com/news/articleView.html?idxno=581257,제목,규칙기반 자동분류(제목·요약 낱말 대조)
2019-10-14,(전체·공통),전국·공통,행정,기타,'뿔난' 흑산도 주민들 거리로 나선다,namdonews.com,http://www.namdonews.com/news/articleView.html?idxno=544858,해당없음,규칙기반 자동분류(제목·요약 낱말 대조)
2019-10-06,치악산,강원 원주,행정,기타,[6일 캠코 공개매각 정보/온비드종합] 국민연금공단 대구지역본부 불용...,fintechpost.co.kr,http://www.fintechpost.co.kr/news/articleView.html?idxno=76629,요약,규칙기반 자동분류(제목·요약 낱말 대조)
2019-10-04,한려해상,경남·전남,행정,기타,"[일자리 취업 정보/종합] 국립공원공단, 한전KPS(주), 국립중앙의료원,...",fintechpost.co.kr,http://www.fintechpost.co.kr/news/articleView.html?idxno=75218,요약,규칙기반 자동분류(제목·요약 낱말 대조)
2019-10-01,치악산,강원 원주,행정,기타,[1일 캠코 공개매각 정보/온비드종합] 불용물품(전기온수기) 매각 전자...,fintechpost.co.kr,http://www.fintechpost.co.kr/news/articleView.html?idxno=74880,요약,규칙기반 자동분류(제목·요약 낱말 대조)
2019-09-26,덕유산,전북·경남,행정,연구·용역,"[일자리 취업 정보/종합] 한국보훈복지의료공단, 한국건설기술연구원, ...",fintechpost.co.kr,http://www.fintechpost.co.kr/news/articleView.html?idxno=72482,요약,규칙기반 자동분류(제목·요약 낱말 대조)
2019-09-25,내장산,전북·전남,행정,협약·협력,"광주보건대, 내장산국립공원백암사무소 업무협약 체결",veritas-a.com,http://www.veritas-a.com/news/articleView.html?idxno=170028,제목,규칙기반 자동분류(제목·요약 낱말 대조)
2019-09-22,변산반도,전북 부안,행정,연구·용역,"[일자리 취업 정보/종합] 한국보훈복지의료공단, 근로복지공단, 중소기...",fintechpost.co.kr,http://www.fintechpost.co.kr/news/articleView.html?idxno=72478,요약,규칙기반 자동분류(제목·요약 낱말 대조)
2019-09-21,계룡산,대전·충남,행정,기타,"[일자리 취업 정보/종합] 도로교통공단, 한국보훈복지의료공단, 근로복...",fintechpost.co.kr,http://www.fintechpost.co.kr/news/articleView.html?idxno=70858,요약,규칙기반 자동분류(제목·요약 낱말 대조)
2019-09-16,속리산,충북·경북,행정,법령·제도,"[16일 낙찰/계약 동향] 헌법 가치 확산을 위한 바이럴 영상 제작, 학산어...",fintechpost.co.kr,http://www.fintechpost.co.kr/news/articleView.html?idxno=69477,요약,규칙기반 자동분류(제목·요약 낱말 대조)
2019-09-16,가야산,경북·경남,행정,기타,"가야산 만물상에서 60대 등산객, 심장마비로 숨져",hani.co.kr,http://www.hani.co.kr/arti/area/yeongnam/909643.html,제목,규칙기반 자동분류(제목·요약 낱말 대조)
2019-09-15,한라산,제주,행정,연구·용역,"[15일 낙찰/계약 동향] 2019학년도 공기순환기 필터교체 건, 남해 다이어...",fintechpost.co.kr,http://www.fintechpost.co.kr/news/articleView.html?idxno=69468,요약,규칙기반 자동분류(제목·요약 낱말 대조)
2019-09-15,치악산,강원 원주,행정,예산·재정,[15일 캠코 공개매각 정보/온비드종합] 불용물품(차아염소산 투입설비 ...,fintechpost.co.kr,http://www.fintechpost.co.kr/news/articleView.html?idxno=69028,요약,규칙기반 자동분류(제목·요약 낱말 대조)
2019-09-11,한려해상,경남·전남,행정,법령·제도,법령 해석 문제로 도서지역 소형풍력 보급 난항,electimes.com,http://www.electimes.com/article.php?aid=1567836282185829097,요약,규칙기반 자동분류(제목·요약 낱말 대조)
2019-08-30,다도해해상,전남,행정,인사·조직,"다도해해상국립공원, 무단출입행위 ‘특별단속팀’ 운영",view.asiae.co.kr,https://view.asiae.co.kr/article/2019083011392925891,제목,규칙기반 자동분류(제목·요약 낱말 대조)
2019-08-28,태백산,강원·경북,행정,인사·조직,"권경업 국립공원공단 이사장, 태백산국립공원 안전점검",gukjenews.com,http://www.gukjenews.com/news/articleView.html?idxno=1163931,제목,규칙기반 자동분류(제목·요약 낱말 대조)
2019-08-26,계룡산,대전·충남,행정,기타,"[일자리 취업 정보/종합] 한전KDN, 한국보훈복지의료공단, 울산과학기술...",fintechpost.co.kr,http://www.fintechpost.co.kr/news/articleView.html?idxno=64084,요약,규칙기반 자동분류(제목·요약 낱말 대조)
2019-08-24,다도해해상,전남,행정,지정·구역,된장찌개만 시켜도 갈치구이가 나오는 섬,ohmynews.com,http://www.ohmynews.com/NWS_Web/View/at_pg.aspx?CNTN_CD=A0002563288&CMPT_CD=P0010&utm_source=naver&utm_medium=newsearch&utm_campaign=naver_news,요약,규칙기반 자동분류(제목·요약 낱말 대조)
2019-08-22,내장산,전북·전남,행정,연구·용역,"[일자리 취업 정보/종합] 제주대학교병원, 한국환경정책평가연구원, (재...",fintechpost.co.kr,http://www.fintechpost.co.kr/news/articleView.html?idxno=61616,요약,규칙기반 자동분류(제목·요약 낱말 대조)
2019-08-21,한려해상,경남·전남,행정,인사·조직,"섬마다 비경, 섬마다 사연··· 문화재청장과 함께 떠난 통영 섬 여행",khan.co.kr,https://www.khan.co.kr/article/201908211810001,요약,규칙기반 자동분류(제목·요약 낱말 대조)
2019-08-19,내장산,전북·전남,행정,법령·제도,"[일자리 취업 정보/종합] 도로교통공단, 국립공원공단, 한국환경정책평...",fintechpost.co.kr,http://www.fintechpost.co.kr/news/articleView.html?idxno=61613,요약,규칙기반 자동분류(제목·요약 낱말 대조)
2019-08-15,계룡산,대전·충남,행정,기타,"[일자리 취업 정보/종합] 대한적십자사, 한국과학기술원, 한국과학기술...",fintechpost.co.kr,http://www.fintechpost.co.kr/news/articleView.html?idxno=59317,요약,규칙기반 자동분류(제목·요약 낱말 대조)
2019-08-15,다도해해상,전남,행정,지정·구역,이돈삼의 마을 이야기 >여수시 삼산면 거문도,jnilbo.com,https://jnilbo.com/?p=837802,요약,규칙기반 자동분류(제목·요약 낱말 대조)
2019-08-14,내장산,전북·전남,행정,기타,"[일자리 취업 정보/종합] 대한적십자사, 대한적십자사, 한국건설기술연...",fintechpost.co.kr,http://www.fintechpost.co.kr/news/articleView.html?idxno=59314,요약,규칙기반 자동분류(제목·요약 낱말 대조)
2019-08-13,치악산,강원 원주,행정,협약·협력,[포토뉴스]치악산국립공원-원주경찰서 범죄예방 협약,kwnews.co.kr,http://www.kwnews.co.kr/view.asp?aid=219081200054&s=501,제목,규칙기반 자동분류(제목·요약 낱말 대조)
2019-08-05,태안해안,충남 태안,행정,기타,캠핑장서 가스안전 홍보활동 펼쳐,gasnews.com,http://www.gasnews.com/news/articleView.html?idxno=88105,요약,규칙기반 자동분류(제목·요약 낱말 대조)
2019-08-04,한라산,제주,행정,인사·조직,제주도·의회 프로필,jemin.com,http://www.jemin.com/news/articleView.html?idxno=610720,요약,규칙기반 자동분류(제목·요약 낱말 대조)
2019-08-04,주왕산,경북,행정,인사·조직,"주왕산 국립공원 사무소, 생태나누리 프로그램",hidomin.com,http://www.hidomin.com/news/articleView.html?idxno=396259,제목,규칙기반 자동분류(제목·요약 낱말 대조)
2019-08-03,한라산,제주,행정,인사·조직,[인사종합] 감사원·법무부 외,news1.kr,http://news1.kr/articles/?3687053,요약,규칙기반 자동분류(제목·요약 낱말 대조)
2019-08-02,한라산,제주,행정,인사·조직,[인사] 제주도 사무관 이상 승진 전보,4th.kr,http://www.4th.kr/news/articleView.html?idxno=15020,요약,규칙기반 자동분류(제목·요약 낱말 대조)
2019-08-01,한라산,제주,행정,인사·조직,한라산의 추억이 담긴 사진을 찾습니다,jemin.com,http://www.jemin.com/news/articleView.html?idxno=610333,제목,규칙기반 자동분류(제목·요약 낱말 대조)
2019-08-01,한라산,제주,행정,지정·구역,"한라산 국립공원 지정 50주년, 추억의 사진전 공모",jejusori.net,http://www.jejusori.net/news/articleView.html?idxno=305411,제목,규칙기반 자동분류(제목·요약 낱말 대조)
2019-07-31,한라산,제주,행정,지정·구역,한라산 국립공원 지정 50주년 기념 공모전 참여하세요,tourtimes.net,http://www.tourtimes.net/112969,제목,규칙기반 자동분류(제목·요약 낱말 대조)
2019-07-31,한라산,제주,행정,인사·조직,"2020년 '국립공원 지정 50년' 한라산, 사진.슬로건 공모전",headlinejeju.co.kr,http://www.headlinejeju.co.kr/?mod=news&act=articleView&idxno=369094,제목,규칙기반 자동분류(제목·요약 낱말 대조)
2019-07-31,한라산,제주,행정,지정·구역,[제주소식] 표선해수욕장서 '뜨거운 열정' 하얀모래축제,yna.kr,http://yna.kr/AKR20190731090400056?did=1195m,요약,규칙기반 자동분류(제목·요약 낱말 대조)
2019-07-31,한라산,제주,행정,인사·조직,"한라산, 국립공원 지정 50주년 공모전 개최",newsjeju.net,http://www.newsjeju.net/news/articleView.html?idxno=332232,제목,규칙기반 자동분류(제목·요약 낱말 대조)
2019-07-31,한라산,제주,행정,지정·구역,한라산 국립공원 지정 50주년 기념 공모전 개최,gukjenews.com,http://www.gukjenews.com/news/articleView.html?idxno=1153242,제목,규칙기반 자동분류(제목·요약 낱말 대조)
2019-07-31,한라산,제주,행정,지정·구역,한라산국립공원 지정 50년 사진·슬로건 공모전…9월10일까지 접수,news1.kr,http://news1.kr/articles/?3684246,제목,규칙기반 자동분류(제목·요약 낱말 대조)
2019-07-31,한라산,제주,행정,지정·구역,"""추억이 담긴 한라산 옛 사진"" 찾습니다",jejudomin.co.kr,http://www.jejudomin.co.kr/news/articleView.html?idxno=114539,제목,규칙기반 자동분류(제목·요약 낱말 대조)
2019-07-30,계룡산,대전·충남,행정,협약·협력,'비선호 → 선호시설' 네이버 '제2데이터센터' 이례적… '공공재의 비극...,segye.com,http://www.segye.com/content/html/2019/07/29/20190729513075.html?OutUrl=naver,요약,규칙기반 자동분류(제목·요약 낱말 대조)
2019-07-30,다도해해상,전남,행정,지정·구역,속도내는 '울릉공항' 표류하는 '흑산공항',jnilbo.com,https://jnilbo.com/?p=834508,요약,규칙기반 자동분류(제목·요약 낱말 대조)
2019-07-29,계룡산,대전·충남,행정,협약·협력,‘천성산 도롱뇽’ 환경 갈등 거울 삼아… 호남고속철 ‘계룡산 관통’...,segye.com,http://www.segye.com/content/html/2019/07/29/20190729510973.html?OutUrl=naver,제목,규칙기반 자동분류(제목·요약 낱말 대조)
2019-07-28,태안해안,충남 태안,행정,인사·조직,"[일자리 취업 정보/종합] 한국농어촌공사, 한국환경공단, 한국도로공사...",fintechpost.co.kr,http://www.fintechpost.co.kr/news/articleView.html?idxno=53375,요약,규칙기반 자동분류(제목·요약 낱말 대조)
2019-07-27,변산반도,전북 부안,행정,기타,"[일자리 취업 정보/종합] 서울올림픽기념국민체육진흥공단, 국립중앙의...",fintechpost.co.kr,http://www.fintechpost.co.kr/news/articleView.html?idxno=53365,요약,규칙기반 자동분류(제목·요약 낱말 대조)
2019-07-09,월악산,충북·경북,행정,인사·조직,"국립공원공단, 노사합동 여름성수기 현장점검",news1.kr,http://news1.kr/articles/?3666162,요약,규칙기반 자동분류(제목·요약 낱말 대조)
2019-07-08,덕유산,전북·경남,행정,인사·조직,덕유산국립공원 별이 빛나는 밤에 프로그램 운영,jeollailbo.com,http://www.jeollailbo.com/news/articleView.html?idxno=573850,제목,규칙기반 자동분류(제목·요약 낱말 대조)
2019-07-07,오대산,강원,행정,연구·용역,"[일자리 취업 정보/종합] 한국환경공단, 한국토지주택공사, 한국토지주...",fintechpost.co.kr,http://www.fintechpost.co.kr/news/articleView.html?idxno=46643,요약,규칙기반 자동분류(제목·요약 낱말 대조)
2019-07-04,다도해해상,전남,행정,인사·조직,"다도해해상국립공원, 여름철 불법·무질서 행위 단속 강화",newscj.com,http://www.newscj.com/news/articleView.html?idxno=648213,제목,규칙기반 자동분류(제목·요약 낱말 대조)
2019-07-03,경주,경북 경주,행정,인사·조직,"[일자리 취업 정보/종합] 국립공원공단, 한국전력공사, 한국과학기술정...",fintechpost.co.kr,http://www.fintechpost.co.kr/news/articleView.html?idxno=46633,요약,규칙기반 자동분류(제목·요약 낱말 대조)
2019-07-03,다도해해상,전남,행정,지정·구역,‘2019 M이코노미 봉사단’ 아름다운 섬 ‘대마도(大馬島)’ 찾아 가다,m-economynews.com,http://www.m-economynews.com/news/article.html?no=25787,요약,규칙기반 자동분류(제목·요약 낱말 대조)
2019-07-02,가야산,경북·경남,행정,기타,국립공원공단 가야산생태탐방원 신임 신유근 원장 부임,dkilbo.com,http://www.dkilbo.com/news/articleView.html?idxno=184610,제목,규칙기반 자동분류(제목·요약 낱말 대조)
2019-07-02,내장산,전북·전남,행정,인사·조직,[인사] 국립공원관리공단 1급승진,ikld.kr,http://www.ikld.kr/news/articleView.html?idxno=205907,요약,규칙기반 자동분류(제목·요약 낱말 대조)
2019-07-01,계룡산,대전·충남,행정,인사·조직,[인사]산업통상자원부 外,donga.com,http://www.donga.com/news/article/all/20190701/96260768/1,요약,규칙기반 자동분류(제목·요약 낱말 대조)
2019-07-01,계룡산,대전·충남,행정,인사·조직,[6월 30일 인사] 고용노동부·산업통상자원부 外,news2day.co.kr,http://www.news2day.co.kr/130915,요약,규칙기반 자동분류(제목·요약 낱말 대조)
2019-07-01,계룡산,대전·충남,행정,인사·조직,"[인사] 이투데이, 환경부, 특허청, 국립공원공단",biz.seoul.co.kr,https://biz.seoul.co.kr/news/newsView.php?id=20190701500020&wlog_tag3=naver,요약,규칙기반 자동분류(제목·요약 낱말 대조)
2019-07-01,가야산,경북·경남,행정,협약·협력,신유근 가야산생태탐방원장,idaegu.co.kr,http://www.idaegu.co.kr/news/articleView.html?idxno=281658,제목,규칙기반 자동분류(제목·요약 낱말 대조)
2019-07-01,가야산,경북·경남,행정,인사·조직,가야산생태탑방원장에 신유근씨 취임,sedaily.com,https://www.sedaily.com/NewsView/1VLIXCQ1XP,제목,규칙기반 자동분류(제목·요약 낱말 대조)
2019-07-01,주왕산,경북,행정,인사·조직,설정욱 국립공원공단 주왕산국립공원사무소장 취임,kyongbuk.co.kr,http://www.kyongbuk.co.kr/news/articleView.html?idxno=2007239,제목,규칙기반 자동분류(제목·요약 낱말 대조)
2019-06-30,계룡산,대전·충남,행정,인사·조직,인사 종합 / 6월 30일,etoday.co.kr,http://www.etoday.co.kr/news/section/newsview.php?idxno=1771731,요약,규칙기반 자동분류(제목·요약 낱말 대조)
2019-06-30,계룡산,대전·충남,행정,인사·조직,오늘의 인사 - 2019년 6월 30일,khan.co.kr,https://www.khan.co.kr/article/201906301808001,요약,규칙기반 자동분류(제목·요약 낱말 대조)
2019-06-30,계룡산,대전·충남,행정,인사·조직,[인사] 산업통상자원부 / 고용노동부 / 환경부 등,news.mk.co.kr,http://news.mk.co.kr/newsRead.php?year=2019&no=472381,요약,규칙기반 자동분류(제목·요약 낱말 대조)
2019-06-30,계룡산,대전·충남,행정,인사·조직,"[인사] 국립공원공단, 한국환경공단",businesspost.co.kr,http://www.businesspost.co.kr/BP?command=article_view&num=133496,요약,규칙기반 자동분류(제목·요약 낱말 대조)
2019-06-30,계룡산,대전·충남,행정,인사·조직,7월 1일자 - 인사,metroseoul.co.kr,http://www.metroseoul.co.kr/news/newsview?newscd=2019063000102,요약,규칙기반 자동분류(제목·요약 낱말 대조)
2019-06-30,지리산,전남·전북·경남,행정,지정·구역,"""지리산국립공원본부사무소 유치해야""",jeollailbo.com,http://www.jeollailbo.com/news/articleView.html?idxno=573190,제목,규칙기반 자동분류(제목·요약 낱말 대조)
2019-06-28,경주,경북 경주,행정,인사·조직,"[일자리 취업 정보/종합] 광주과학기술원, 근로복지공단, 한국교통연구...",fintechpost.co.kr,http://www.fintechpost.co.kr/news/articleView.html?idxno=45262,요약,규칙기반 자동분류(제목·요약 낱말 대조)
2019-06-28,한라산,제주,행정,기타,서해 최북단 백령ㆍ대청ㆍ소청도 국가지질공원 인증,incheontoday.com,http://www.incheontoday.com/news/articleView.html?idxno=115247,요약,규칙기반 자동분류(제목·요약 낱말 대조)
2019-06-26,태안해안,충남 태안,행정,인사·조직,"태안해안국립공원, 물놀이 안전관리대책 추진",chungnamilbo.com,http://www.chungnamilbo.com/news/articleView.html?idxno=502247,제목,규칙기반 자동분류(제목·요약 낱말 대조)
2019-06-26,태안해안,충남 태안,행정,인사·조직,"태안해안국립공원, 여름철 물놀이 안전관리대책 추진",joongdo.co.kr,http://www.joongdo.co.kr/main/view.php?key=20190626010010087,제목,규칙기반 자동분류(제목·요약 낱말 대조)
2019-06-24,다도해해상,전남,행정,지정·구역,울릉공항은 되는데 흑산도공항은?,naeil.com,http://www.naeil.com/news_view/?id_art=317101,요약,규칙기반 자동분류(제목·요약 낱말 대조)
2019-06-23,금정산,부산·경남,행정,예산·재정,부산 금정산 국립공원 지정 추진…일부 주민 반발,joongang.co.kr,https://www.joongang.co.kr/article/23503931,제목,규칙기반 자동분류(제목·요약 낱말 대조)
2019-06-18,계룡산,대전·충남,행정,인사·조직,계룡산국립공원-KB국민은행 '생태나누리 참가자' 모집,jbnews.com,http://www.jbnews.com/news/articleView.html?idxno=1250461,제목,규칙기반 자동분류(제목·요약 낱말 대조)
2019-06-17,경주,경북 경주,행정,인사·조직,"경주국립공원사무소, 장애인과 함께한 자연바우처",newsworks.co.kr,http://www.newsworks.co.kr/news/articleView.html?idxno=369024,제목,규칙기반 자동분류(제목·요약 낱말 대조)
2019-06-07,경주,경북 경주,행정,인사·조직,경주국립공원사무소 여름철 물놀이 위험지역 안전 점검,ilyoseoul.co.kr,http://www.ilyoseoul.co.kr/news/articleView.html?idxno=314469,제목,규칙기반 자동분류(제목·요약 낱말 대조)
2019-05-31,오대산,강원,행정,기타,"[일자리 취업 정보/종합] 서울대학교병원, 한국소비자원, 한국과학기술...",fintechpost.co.kr,http://www.fintechpost.co.kr/news/articleView.html?idxno=39053,요약,규칙기반 자동분류(제목·요약 낱말 대조)
2019-05-29,내장산,전북·전남,행정,지정·구역,'내장산 초록단풍 음이온 힐링 콘서트' 성황,jeonmin.co.kr,http://www.jeonmin.co.kr/news/articleView.html?idxno=201905,제목,규칙기반 자동분류(제목·요약 낱말 대조)
2019-05-29,내장산,전북·전남,행정,지정·구역,정읍시 '내장산 초록단풍 음이온 힐링 콘서트' 성황리에 개최,m-i.kr,http://www.m-i.kr/news/articleView.html?idxno=607483,제목,규칙기반 자동분류(제목·요약 낱말 대조)
2019-05-28,내장산,전북·전남,행정,지정·구역,"정읍시, ‘내장산 초록단풍 음이온 힐링 콘서트’ 성황리에 성료",metroseoul.co.kr,http://www.metroseoul.co.kr/news/newsview?newscd=2019052800118,제목,규칙기반 자동분류(제목·요약 낱말 대조)
2019-05-28,오대산,강원,행정,연구·용역,로드킬 `4건 중 1건'이 강원,kwnews.co.kr,http://www.kwnews.co.kr/view.asp?aid=219052700125&s=501,요약,규칙기반 자동분류(제목·요약 낱말 대조)
2019-05-24,한려해상,경남·전남,행정,기타,통영해경 '지역 방제대책협의회' 개최,gnnews.co.kr,http://www.gnnews.co.kr/news/articleView.html?idxno=412032,요약,규칙기반 자동분류(제목·요약 낱말 대조)
2019-05-17,소백산,충북·경북,행정,연구·용역,"[일자리 취업 정보/종합] 한국노인인력개발원, 한국환경정책평가연구원...",fintechpost.co.kr,http://www.fintechpost.co.kr/news/articleView.html?idxno=37092,요약,규칙기반 자동분류(제목·요약 낱말 대조)
2019-05-08,변산반도,전북 부안,행정,인사·조직,변산반도국립공원내 음주행위 순찰·단속 강화,ibuan.com,http://www.ibuan.com/news/articleView.html?idxno=25059,제목,규칙기반 자동분류(제목·요약 낱말 대조)
2019-05-01,한려해상,경남·전남,행정,인사·조직,"권경업 국립공원공단 이사장, 한려해상 도서지역 실태 점검",betanews.net:8080,http://www.betanews.net:8080/article/1004420.html,제목,규칙기반 자동분류(제목·요약 낱말 대조)
2019-05-01,한려해상,경남·전남,행정,인사·조직,권경업 국립공원공단 이사장 현장 점검,gnnews.co.kr,http://www.gnnews.co.kr/news/articleView.html?idxno=410096,요약,규칙기반 자동분류(제목·요약 낱말 대조)
2019-04-30,한려해상,경남·전남,행정,인사·조직,"권경업 이사장, 한려해상국립공원 현장관리 실태 점검",newsis.com,http://www.newsis.com/view/?id=NISX20190430_0000637468&cID=10899&pID=10800,제목,규칙기반 자동분류(제목·요약 낱말 대조)
2019-04-28,경주,경북 경주,행정,기타,3~5월 봄철 산행 증가 속 등산사고도 많아져,medicalworldnews.co.kr,http://medicalworldnews.co.kr/news/view.php?idx=1510930533,요약,규칙기반 자동분류(제목·요약 낱말 대조)
2019-04-27,월악산,충북·경북,행정,협약·협력,"[일자리 취업 정보/종합] 한국국제협력단, 한국전력공사, 근로복지공단...",fintechpost.co.kr,http://www.fintechpost.co.kr/news/articleView.html?idxno=33871,요약,규칙기반 자동분류(제목·요약 낱말 대조)
2019-04-18,치악산,강원 원주,행정,인사·조직,치악산국립공원 건강나누리캠프 운영,newstown.co.kr,http://www.newstown.co.kr/news/articleView.html?idxno=407394,제목,규칙기반 자동분류(제목·요약 낱말 대조)
2019-04-12,북한산,서울·경기,행정,예산·재정,"[은평구] ""은평뉴타운 인공암벽장 추진과정 문제 없다""",ohmynews.com,http://www.ohmynews.com/NWS_Web/View/at_pg.aspx?CNTN_CD=A0002527905&CMPT_CD=P0010&utm_source=naver&utm_medium=newsearch&utm_campaign=naver_news,요약,규칙기반 자동분류(제목·요약 낱말 대조)
2019-04-11,소백산,충북·경북,행정,인사·조직,"[일자리 취업 정보/종합] 기초과학연구원, 서울올림픽기념국민체육진흥...",fintechpost.co.kr,http://www.fintechpost.co.kr/news/articleView.html?idxno=30673,요약,규칙기반 자동분류(제목·요약 낱말 대조)
2019-04-10,가야산,경북·경남,행정,인사·조직,"[일자리 취업 정보/종합] 한국행정연구원, 근로복지공단, 서울올림픽기...",fintechpost.co.kr,http://www.fintechpost.co.kr/news/articleView.html?idxno=30672,요약,규칙기반 자동분류(제목·요약 낱말 대조)
2019-04-07,한려해상,경남·전남,행정,인사·조직,"[일자리 취업 정보/종합] 한국사학진흥재단, 한국도로공사, 근로복지공...",fintechpost.co.kr,http://www.fintechpost.co.kr/news/articleView.html?idxno=30169,요약,규칙기반 자동분류(제목·요약 낱말 대조)
2019-04-03,내장산,전북·전남,행정,지정·구역,오감의 역사와 문화의 고장 ‘정읍’,ttlnews.com,http://www.ttlnews.com/article/KOREA/5322,요약,규칙기반 자동분류(제목·요약 낱말 대조)
2019-04-01,내장산,전북·전남,행정,인사·조직,"내장산국립공원백암사무소, 해빙기 낙석제거 실시",view.asiae.co.kr,http://view.asiae.co.kr/news/view.htm?idxno=2019040114424044599,제목,규칙기반 자동분류(제목·요약 낱말 대조)
2019-03-28,경주,경북 경주,행정,협약·협력,"경주 화랑마을 경주국립공원사무소, 업무협약 체결",nspna.com,http://www.nspna.com/news/?mode=view&newsid=348746,제목,규칙기반 자동분류(제목·요약 낱말 대조)
2019-03-28,경주,경북 경주,행정,협약·협력,"경주국립공원사무소, 경주시화랑마을과 업무협약 체결",ilyoseoul.co.kr,http://www.ilyoseoul.co.kr/news/articleView.html?idxno=297651,제목,규칙기반 자동분류(제목·요약 낱말 대조)
2019-03-28,내장산,전북·전남,행정,인사·조직,‘우리나라 4대 매화’ 백양사 고불매 활짝…산사의 봄 정취 가득,view.asiae.co.kr,http://view.asiae.co.kr/news/view.htm?idxno=2019032810242158843,요약,규칙기반 자동분류(제목·요약 낱말 대조)
2019-03-27,경주,경북 경주,행정,협약·협력,[경북소식] 포스코 창립 51주년 기념공연,yna.kr,http://yna.kr/AKR20190327181700053?did=1195m,요약,규칙기반 자동분류(제목·요약 낱말 대조)
2019-03-27,경주,경북 경주,행정,협약·협력,"경주국립공원사무소-경주시화랑마을, 업무협약 체결",breaknews.com,http://www.breaknews.com/643290,제목,규칙기반 자동분류(제목·요약 낱말 대조)
2019-03-27,경주,경북 경주,행정,협약·협력,"경주국립공원사무소·화랑마을, 청소년 환경체험교육 활성화 협약",kbsm.net,http://www.kbsm.net/default/index_view_page.php?idx=237600&part_idx=328,제목,규칙기반 자동분류(제목·요약 낱말 대조)
2019-03-27,북한산,서울·경기,행정,협약·협력,"한국석유관리원, 도봉구청과 사회적 가치 공동 실현 '업무협약' 체결",kyeonggi.com,http://www.kyeonggi.com/news/articleView.html?idxno=2073591,요약,규칙기반 자동분류(제목·요약 낱말 대조)
2019-03-18,다도해해상,전남,행정,지정·구역,"[여행 레시피] 이름처럼 푸른 다도해의 섬, 파도를 타고 온 봄, 바다 너...",ktsketch.co.kr,http://www.ktsketch.co.kr/news/articleView.html?idxno=3384,요약,규칙기반 자동분류(제목·요약 낱말 대조)
2019-03-10,팔공산,대구·경북,행정,지정·구역,포항 ‘내연산 시립공원’ 새 이름 환영한다,idaegu.com,http://www.idaegu.com/newsView/idg201903100094,요약,규칙기반 자동분류(제목·요약 낱말 대조)
2019-02-23,북한산,서울·경기,행정,기타,"[일자리 취업 정보/종합] 근로복지공단, 근로복지공단, 중소기업은행, ...",fintechpost.co.kr,http://www.fintechpost.co.kr/news/articleView.html?idxno=22341,요약,규칙기반 자동분류(제목·요약 낱말 대조)
2019-02-21,가야산,경북·경남,행정,협약·협력,"[일자리 취업 정보/종합] 한국국제협력단, 국민연금공단, 국립공원공단...",fintechpost.co.kr,http://www.fintechpost.co.kr/news/articleView.html?idxno=22339,요약,규칙기반 자동분류(제목·요약 낱말 대조)
2019-02-17,주왕산,경북,행정,법령·제도,"[일자리 취업 정보/종합] 한국교통안전공단, 의료법인 한전의료재단 한...",fintechpost.co.kr,http://www.fintechpost.co.kr/news/articleView.html?idxno=21321,요약,규칙기반 자동분류(제목·요약 낱말 대조)
2019-02-16,계룡산,대전·충남,행정,기타,"[일자리 취업 정보/종합] 국제방송교류재단, 근로복지공단, 한국국제협...",fintechpost.co.kr,http://www.fintechpost.co.kr/news/articleView.html?idxno=21320,요약,규칙기반 자동분류(제목·요약 낱말 대조)
2019-02-08,소백산,충북·경북,행정,기타,"[일자리 취업 정보/종합] 한전KDN, 국립공원공단, (주)공영홈쇼핑, 대한...",fintechpost.co.kr,http://www.fintechpost.co.kr/news/articleView.html?idxno=19917,요약,규칙기반 자동분류(제목·요약 낱말 대조)
2019-02-06,소백산,충북·경북,행정,연구·용역,"[일자리 취업 정보/종합] 한국수자원공사, 한전KDN, 국립공원공단, (주)...",fintechpost.co.kr,http://www.fintechpost.co.kr/news/articleView.html?idxno=19391,요약,규칙기반 자동분류(제목·요약 낱말 대조)
2019-01-25,가야산,경북·경남,행정,연구·용역,"대구경북 환경지킴이, 대구환경운동연합 제26차 정기총회 개최",newsfreezone.co.kr,http://www.newsfreezone.co.kr/news/articleView.html?idxno=96742,요약,규칙기반 자동분류(제목·요약 낱말 대조)
2019-01-21,덕유산,전북·경남,행정,인사·조직,덕유산국립공원사무소장에 이규성 씨,sjbnews.com,http://www.sjbnews.com/news/articleView.html?idxno=627142,제목,규칙기반 자동분류(제목·요약 낱말 대조)
2019-01-21,덕유산,전북·경남,행정,인사·조직,이규성 덕유산국립공원사무소장 취임,domin.co.kr,http://www.domin.co.kr/news/articleView.html?idxno=1227369,제목,규칙기반 자동분류(제목·요약 낱말 대조)
2019-01-21,덕유산,전북·경남,행정,인사·조직,이규성 덕유산국립공원사무소 신임소장 취임,news1.kr,http://news1.kr/articles/?3529503,제목,규칙기반 자동분류(제목·요약 낱말 대조)
2019-01-21,다도해해상,전남,행정,인사·조직,"""그동안 쌓은 노하우로 자연 보존 최선""",jnilbo.com,https://jnilbo.com/?p=789124,요약,규칙기반 자동분류(제목·요약 낱말 대조)
2019-01-08,다도해해상,전남,행정,기타,여수의 동화같은 섬 <월호도> <화태도>와 <돌산도 향일암> 일출맞이,pressian.com,http://www.pressian.com/news/article.html?no=224049&utm_source=naver&utm_medium=search,요약,규칙기반 자동분류(제목·요약 낱말 대조)
2019-01-06,팔공산,대구·경북,행정,예산·재정,"주호영 국회의원 ˝자유한국당 내 계파갈등 종식, 보수정당 위상 회복시...",kbsm.net,http://www.kbsm.net/default/index_view_page.php?idx=229710&part_idx=332,요약,규칙기반 자동분류(제목·요약 낱말 대조)
2018-12-30,태안해안,충남 태안,행정,기타,덜 붐벼서 더 멋진 해넘이·해맞이 명소,segye.com,http://www.segye.com/content/html/2018/12/30/20181230000901.html?OutUrl=naver,요약,규칙기반 자동분류(제목·요약 낱말 대조)
2018-12-03,경주,경북 경주,행정,인사·조직,[Who Is ?] 김수현 청와대 정책실장,businesspost.co.kr,http://www.businesspost.co.kr/BP?command=article_view&num=104760,요약,규칙기반 자동분류(제목·요약 낱말 대조)
2018-11-28,덕유산,전북·경남,행정,기타,"무주군, 2018 대한민국 소비자 大賞 올해의 최고 행정부문2년 연속 수상",newsway.co.kr,http://www.newsway.co.kr/news/view?tp=1&ud=2018112722255933353,요약,규칙기반 자동분류(제목·요약 낱말 대조)
2018-11-18,속리산,충북·경북,행정,인사·조직,"속리산국립공원 서포터즈, 훼손지 복원활동",jbnews.com,http://www.jbnews.com/news/articleView.html?idxno=1225298,제목,규칙기반 자동분류(제목·요약 낱말 대조)
2018-11-18,다도해해상,전남,행정,지정·구역,"'톱스타 유백이' 촬영지 대모도, 대체 어디?…예술적인 경관으로 '관심...",asiatoday.co.kr,http://www.asiatoday.co.kr/view.php?key=20181118001659481,요약,규칙기반 자동분류(제목·요약 낱말 대조)
2018-11-18,다도해해상,전남,행정,지정·구역,"톱스타 유백이 촬영지, 대체 어디?..`대모도` 경관이 예술",sports.mk.co.kr,http://sports.mk.co.kr/view.php?year=2018&no=722159,요약,규칙기반 자동분류(제목·요약 낱말 대조)
2018-11-18,다도해해상,전남,행정,지정·구역,"'톱스타 유백이' 촬영지, 대한민국 대표 청정 섬...어디길래?",kpinews.kr,https://www.kpinews.kr/newsView/1065598937646772,요약,규칙기반 자동분류(제목·요약 낱말 대조)
2018-11-18,다도해해상,전남,행정,지정·구역,드라마 '톱스타 유백이' 촬영지 어디? 100여 가구 사는 청정섬,news.imaeil.com,http://news.imaeil.com/Broadcast/2018111816375894602,요약,규칙기반 자동분류(제목·요약 낱말 대조)
2018-11-18,다도해해상,전남,행정,지정·구역,톱스타 유백이 촬영지 대모도 위치와 가는 방법은?,kookje.co.kr,http://www.kookje.co.kr/news2011/asp/newsbody.asp?code=0500&key=20181118.99099007713,요약,규칙기반 자동분류(제목·요약 낱말 대조)
2018-11-13,태안해안,충남 태안,행정,기타,"국립공원관리공단, '제2회 국립공원 논문공모전' 수상작 11편 선정",newspim.com,http://www.newspim.com/news/view/20181113000257,요약,규칙기반 자동분류(제목·요약 낱말 대조)
2018-11-12,(전체·공통),전국·공통,행정,지정·구역,[Who Is ?] 조명래 환경부 장관,businesspost.co.kr,http://www.businesspost.co.kr/BP?command=article_view&num=102092,해당없음,규칙기반 자동분류(제목·요약 낱말 대조)
2018-10-22,덕유산,전북·경남,행정,협약·협력,"덕유산국립공원, 고지대에 긴급재난 안전쉼터 설치",news1.kr,http://news1.kr/articles/?3456609,제목,규칙기반 자동분류(제목·요약 낱말 대조)
2018-10-17,속리산,충북·경북,행정,인사·조직,속리산국립공원 '산호만세(山呼萬歲)속리산'실시,jbnews.com,http://www.jbnews.com/news/articleView.html?idxno=1221448,제목,규칙기반 자동분류(제목·요약 낱말 대조)
2018-10-14,경주,경북 경주,행정,지정·구역,"경주국립공원, 50주년 특별 생태관광 `버스타GO 신라路!`",kbsm.net,http://www.kbsm.net/default/index_view_page.php?idx=219912&part_idx=327,제목,규칙기반 자동분류(제목·요약 낱말 대조)
2018-09-29,치악산,강원 원주,행정,협약·협력,[포토뉴스]국립공원 환경보전 MOU,kwnews.co.kr,http://www.kwnews.co.kr/view.asp?aid=218092800097&s=201,요약,규칙기반 자동분류(제목·요약 낱말 대조)
2018-09-28,치악산,강원 원주,행정,협약·협력,"대한적십자사, 국립공원관리공단, 한국관광공사 MOU 체결",kwnews.co.kr,http://www.kwnews.co.kr/view.asp?aid=218092700195&s=201,요약,규칙기반 자동분류(제목·요약 낱말 대조)
2018-09-27,(전체·공통),전국·공통,행정,기타,심의 연기… 흑산공항 건설 갈등 재점화,namdonews.com,http://www.namdonews.com/news/articleView.html?idxno=491468,해당없음,규칙기반 자동분류(제목·요약 낱말 대조)
2018-09-27,(전체·공통),전국·공통,행정,기타,"전남도, 흑산 공항 환경 심의 연기 요청…갈등 재연될 듯",app.yonhapnews.co.kr,http://app.yonhapnews.co.kr/YNA/Basic/SNS/r.aspx?c=AKR20180927107200054&did=1195m,해당없음,규칙기반 자동분류(제목·요약 낱말 대조)
2018-09-25,다도해해상,전남,행정,협약·협력,출구없는 흑산공항 건설 심의…접점 찾을 수 있나?,news1.kr,http://news1.kr/articles/?3435030,요약,규칙기반 자동분류(제목·요약 낱말 대조)
2018-09-20,(전체·공통),전국·공통,행정,기타,"흑산 공항 건설 공원 변경 결정 심의 ""연기""",nocutnews.co.kr,http://www.nocutnews.co.kr/news/5034952,해당없음,규칙기반 자동분류(제목·요약 낱말 대조)
2018-09-20,다도해해상,전남,행정,기타,"안갯속 흑산도공항, 국립공원위원회 파행 끝 정회",seoul.co.kr,http://www.seoul.co.kr/news/newsView.php?id=20180920500001&wlog_tag3=naver,요약,규칙기반 자동분류(제목·요약 낱말 대조)
2018-09-19,가야산,경북·경남,행정,인사·조직,[포토뉴스] 시민대학 졸업식,news20.busan.com,http://news20.busan.com/controller/newsController.jsp?newsId=20180919000310,요약,규칙기반 자동분류(제목·요약 낱말 대조)
2018-09-18,경주,경북 경주,행정,기타,벌 공격 땐 뒷머리 감싸고 20m 이상 빨리 달아나야,kookbang.dema.mil.kr,http://kookbang.dema.mil.kr/kookbangWeb/view.do?parent_no=1&bbs_id=BBSMSTR_000000001207&ntt_writ_date=20180919,요약,규칙기반 자동분류(제목·요약 낱말 대조)
2018-09-18,(전체·공통),전국·공통,행정,기타,흑산공항 건설 여부 오늘 판가름 '주목',namdonews.com,http://www.namdonews.com/news/articleView.html?idxno=490737,해당없음,규칙기반 자동분류(제목·요약 낱말 대조)
2018-09-18,(전체·공통),전국·공통,행정,기타,"2차례 유보된 흑산공항 건설 공원 변경 여부, 이번엔 판가름 날까",nocutnews.co.kr,http://www.nocutnews.co.kr/news/5033461,해당없음,규칙기반 자동분류(제목·요약 낱말 대조)
2018-09-17,경주,경북 경주,행정,지정·구역,경주국립공원 50주년 특별 생태관광 접수 '호응',kyongbuk.co.kr,http://www.kyongbuk.co.kr/?mod=news&act=articleView&idxno=1038199,제목,규칙기반 자동분류(제목·요약 낱말 대조)
2018-09-07,경주,경북 경주,행정,지정·구역,"경주국립공원, 50주년 특별 생태관광 참여자 모집",kyongbuk.co.kr,http://www.kyongbuk.co.kr/?mod=news&act=articleView&idxno=1037288,제목,규칙기반 자동분류(제목·요약 낱말 대조)
2018-09-06,다도해해상,전남,행정,기타,흑산공항 사업 분수령 될 종합토론회 7일 개최,enewstoday.co.kr,http://www.enewstoday.co.kr/news/articleView.html?idxno=1228840,요약,규칙기반 자동분류(제목·요약 낱말 대조)
2018-09-06,다도해해상,전남,행정,기타,"신안군, 흑산공항 건설 재심의 안건 통과 총력전",ikld.kr,http://www.ikld.kr/news/articleView.html?idxno=98680,요약,규칙기반 자동분류(제목·요약 낱말 대조)
2018-09-05,다도해해상,전남,행정,지정·구역,"신안군, 흑산공항 건설 사업타당성 종합토론회 개최",newsfreezone.co.kr,http://www.newsfreezone.co.kr/news/articleView.html?idxno=78565,요약,규칙기반 자동분류(제목·요약 낱말 대조)
2018-09-05,다도해해상,전남,행정,기타,"전남 신안군,정부서울청사 외교부 국제회의실에서 흑산공항 건설 사업타...",viva100.com,http://www.viva100.com/main/view.php?key=20180905010001892,요약,규칙기반 자동분류(제목·요약 낱말 대조)
2018-09-05,다도해해상,전남,행정,기타,"국립공원위원회 , 신안군 흑산공항 종합토론회 개최",wikitree.co.kr,http://www.wikitree.co.kr/main/news_view.php?id=367174,요약,규칙기반 자동분류(제목·요약 낱말 대조)
2018-09-05,다도해해상,전남,행정,기타,‘흑산공항’ 종합토론회 개최 예정,view.asiae.co.kr,http://view.asiae.co.kr/news/view.htm?idxno=2018090517201698381,요약,규칙기반 자동분류(제목·요약 낱말 대조)
2018-08-29,월악산,충북·경북,행정,인사·조직,김태 제25대 월악산 국립공원사무소장 취임,cctoday.co.kr,http://www.cctoday.co.kr/?mod=news&act=articleView&idxno=1158892,제목,규칙기반 자동분류(제목·요약 낱말 대조)
2018-08-29,월악산,충북·경북,행정,인사·조직,김 태 월악산국립공원사무소장 취임,asiatoday.co.kr,http://www.asiatoday.co.kr/view.php?key=20180829010015134,제목,규칙기반 자동분류(제목·요약 낱말 대조)
2018-08-29,월악산,충북·경북,행정,인사·조직,김태 25대 월악산국립공원사무소장 취임,inews365.com,http://www.inews365.com/news/article.html?no=550356,제목,규칙기반 자동분류(제목·요약 낱말 대조)
2018-08-29,월악산,충북·경북,행정,인사·조직,[새인물] 국립공원관리공단 김태 월악산사무소장 취임,daejonilbo.com,http://www.daejonilbo.com/news/newsitem.asp?pk_no=1332240,제목,규칙기반 자동분류(제목·요약 낱말 대조)
2018-08-28,경주,경북 경주,행정,지정·구역,[화보] 경주국립공원 지정 50주년 기념 사진공모전 시상식,kbsm.net,http://www.kbsm.net/default/index_view_page.php?idx=216235&part_idx=332,제목,규칙기반 자동분류(제목·요약 낱말 대조)
2018-08-28,다도해해상,전남,행정,기타,10년 표류 흑산공항 건설 탄력 받나,honam.co.kr,http://www.honam.co.kr/read.php3?aid=1535382000563724227,요약,규칙기반 자동분류(제목·요약 낱말 대조)
2018-08-27,오대산,강원,행정,인사·조직,[평창]취약계층 대상 생태관광 교육 인기,kwnews.co.kr,http://www.kwnews.co.kr/view.asp?aid=218082600088&s=501,요약,규칙기반 자동분류(제목·요약 낱말 대조)
2018-08-27,다도해해상,전남,행정,의회·국정감사,"[종합]국회, 흑산공항 예정지 방문…김학용""인간과 자연 공존·공생 중요...",newsis.com,http://www.newsis.com/view/?id=NISX20180827_0000401615&cID=10809&pID=10800,요약,규칙기반 자동분류(제목·요약 낱말 대조)
2018-08-27,다도해해상,전남,행정,의회·국정감사,"국회, 재심의 앞둔 흑산공항 건설 예정지 방문…9월19일 결과 주목",newsis.com,http://www.newsis.com/view/?id=NISX20180827_0000400842&cID=10809&pID=10800,요약,규칙기반 자동분류(제목·요약 낱말 대조)
2018-08-20,태안해안,충남 태안,행정,지정·구역,유람선여행 ②충남 태안군 안흥유람선,ilyosisa.co.kr,http://www.ilyosisa.co.kr/news/articleView.html?idxno=150666,요약,규칙기반 자동분류(제목·요약 낱말 대조)
2018-08-20,(전체·공통),전국·공통,행정,지정·구역,[르포] 신안 주민들은 왜 '흑산도 국립공원 해제' 촉구에 나섰나,newscj.com,http://www.newscj.com/news/articleView.html?idxno=547992,해당없음,규칙기반 자동분류(제목·요약 낱말 대조)
2018-08-19,다도해해상,전남,행정,인사·조직,"권경업 국립공원관리공단 이사장, 다도해해상국립공원 재난취약지구 점...",newsprime.co.kr,http://www.newsprime.co.kr/news/article.html?no=426785,제목,규칙기반 자동분류(제목·요약 낱말 대조)
2018-08-09,태백산,강원·경북,행정,지정·구역,[민선7기 베스트 단체장 특집 ①] 최문순 강원도지사 ② “도에서 시·군...,polinews.co.kr,http://www.polinews.co.kr/news/article.html?no=364173,요약,규칙기반 자동분류(제목·요약 낱말 대조)
2018-07-30,태안해안,충남 태안,행정,지정·구역,[8월 추천여행지②] 보물선이 난파된 태안 바다 위를 달려볼까,news1.kr,http://news1.kr/articles/?3384665,요약,규칙기반 자동분류(제목·요약 낱말 대조)
2018-07-26,다도해해상,전남,행정,지정·구역,"바른미래 김동철 의원 ""국립공원위 막강 권한만 행사 주민만 피해""",nocutnews.co.kr,http://www.nocutnews.co.kr/news/5006931,요약,규칙기반 자동분류(제목·요약 낱말 대조)
2018-07-25,(전체·공통),전국·공통,행정,기타,"국립공원위원회, 신안 ‘흑산공항’ 건설 여부 결정 연기",news.mt.co.kr,http://news.mt.co.kr/mtview.php?no=2018072409214618348,해당없음,규칙기반 자동분류(제목·요약 낱말 대조)
2018-07-24,(전체·공통),전국·공통,행정,기타,"신안군 ""흑산공항, 지역민 위해 꼭 필요한 대체교통수단""",ikld.kr,http://www.ikld.kr/news/articleView.html?idxno=97064,해당없음,규칙기반 자동분류(제목·요약 낱말 대조)
2018-07-24,(전체·공통),전국·공통,행정,기타,님비·핌비에 올스탑되는 공항신설,engdaily.com,http://www.engdaily.com/news/articleView.html?idxno=8548,해당없음,규칙기반 자동분류(제목·요약 낱말 대조)
2018-07-23,(전체·공통),전국·공통,행정,기타,"국립공원위원회, '흑산공항' 건설여부 결정 연기...계속 심의",newsfreezone.co.kr,http://www.newsfreezone.co.kr/news/articleView.html?idxno=71806,해당없음,규칙기반 자동분류(제목·요약 낱말 대조)
2018-07-23,(전체·공통),전국·공통,행정,기타,"신안군 흑산공항, 9월경 추가논의",nspna.com,http://www.nspna.com/news/?mode=view&newsid=295665,해당없음,규칙기반 자동분류(제목·요약 낱말 대조)
2018-07-23,(전체·공통),전국·공통,행정,기타,국립공원위원회 ‘흑산공항’ 건설여부 결정 연기,view.asiae.co.kr,http://view.asiae.co.kr/news/view.htm?idxno=2018072317344800272,해당없음,규칙기반 자동분류(제목·요약 낱말 대조)
2018-07-23,(전체·공통),전국·공통,행정,기타,"신안군 국립공원위원회, ‘흑산공항’ 건설 여부 결정을 9월로 연기",cnbnews.com,http://www.cnbnews.com/news/article.html?no=380398,해당없음,규칙기반 자동분류(제목·요약 낱말 대조)
2018-07-23,(전체·공통),전국·공통,행정,기타,"‘흑산공항’ 건설 심의, 9월 중 다시 열기로...주민들 '실망'",newsway.co.kr,http://www.newsway.co.kr/news/view?tp=1&ud=2018072317005195573,해당없음,규칙기반 자동분류(제목·요약 낱말 대조)
2018-07-23,(전체·공통),전국·공통,행정,기타,"국립공원, '다도해 해상국립공원 계획 변경案'→찬·반 논의",gukjenews.com,http://www.gukjenews.com/news/articleView.html?idxno=962417,해당없음,규칙기반 자동분류(제목·요약 낱말 대조)
2018-07-22,(전체·공통),전국·공통,행정,지정·구역,흑산도공항 건설 결정 또 보류 “찬.반 갈등만 부채질”,jnilbo.com,http://www.jnilbo.com/read.php3?aid=1532260800555076001,해당없음,규칙기반 자동분류(제목·요약 낱말 대조)
2018-07-22,(전체·공통),전국·공통,행정,기타,심의 또 보류…흑산공항 건설 ‘난기류’,kjdaily.com,http://www.kjdaily.com/read.php3?aid=1532257549444033001,해당없음,규칙기반 자동분류(제목·요약 낱말 대조)
2018-07-22,(전체·공통),전국·공통,행정,지정·구역,"“흑산공항, 필요성·타당성·적정성 균형 있는 논의 필요”",lak.co.kr,http://www.lak.co.kr/news/boardview.php?id=5005,해당없음,규칙기반 자동분류(제목·요약 낱말 대조)
2018-07-22,다도해해상,전남,행정,기타,흑산공항 건설 심의 또 연기,namdonews.com,http://www.namdonews.com/news/articleView.html?idxno=483322,요약,규칙기반 자동분류(제목·요약 낱말 대조)
2018-07-22,(전체·공통),전국·공통,행정,지정·구역,흑산공항 심의 보류…전남 '찬·반' 양측 모두 '불만족',news1.kr,http://news1.kr/articles/?3378416,해당없음,규칙기반 자동분류(제목·요약 낱말 대조)
2018-07-22,(전체·공통),전국·공통,행정,기타,다시 보류된 흑산공항 건설…찬반 갈등 지속 우려,cnews.co.kr,http://www.cnews.co.kr/uhtml/read.jsp?idxno=201807221239564490878,해당없음,규칙기반 자동분류(제목·요약 낱말 대조)
2018-07-21,(전체·공통),전국·공통,행정,기타,또 결론 못낸 '흑산공항' 건설...올가을엔 가닥잡나?,sisafocus.co.kr,http://www.sisafocus.co.kr/news/articleView.html?idxno=188976,해당없음,규칙기반 자동분류(제목·요약 낱말 대조)
2018-07-21,다도해해상,전남,행정,기타,"흑산도공항 건립 결정 9월로 연기…""주요 쟁점에 대한 추가확인 및 논의...",econonews.co.kr,http://www.econonews.co.kr/news/articleView.html?idxno=29868,요약,규칙기반 자동분류(제목·요약 낱말 대조)
2018-07-21,(전체·공통),전국·공통,행정,기타,흑산도 공항 신설계획 보류…토론회 거쳐 9월 재심의,sisaon.co.kr,http://www.sisaon.co.kr/news/articleView.html?idxno=75502,해당없음,규칙기반 자동분류(제목·요약 낱말 대조)
2018-07-21,(전체·공통),전국·공통,행정,기타,"흑산공항 신설 보류, 환경 파괴와 주민 편의 속 딜레마...과연 결과는?",nextdaily.co.kr,http://www.nextdaily.co.kr/news/article.html?id=20180721800010,해당없음,규칙기반 자동분류(제목·요약 낱말 대조)
2018-07-21,(전체·공통),전국·공통,행정,기타,흑산도 공항 건설 보류…9월 재심의,imnews.imbc.com,http://imnews.imbc.com/replay/2018/nwtoday/article/4708382_22669.html,해당없음,규칙기반 자동분류(제목·요약 낱말 대조)
2018-07-21,(전체·공통),전국·공통,행정,기타,신안 '흑산도 공항' 건설 결정 다시 보류… 이르면 9월 확정,topdaily.kr,http://www.topdaily.kr/news/articleView.html?idxno=53574,해당없음,규칙기반 자동분류(제목·요약 낱말 대조)
2018-07-21,(전체·공통),전국·공통,행정,지정·구역,"정부, 흑산도 공항 건설 잠정 연기… ""사업타당성 자료 불충분""",kyeongin.com,http://www.kyeongin.com/main/view.php?key=20180721010007222,해당없음,규칙기반 자동분류(제목·요약 낱말 대조)
2018-07-21,(전체·공통),전국·공통,행정,기타,'흑산도 공항' 건설 결정 보류…추가 논의 필요,kpenews.com,http://kpenews.com/Board.aspx?BoardNo=16618,해당없음,규칙기반 자동분류(제목·요약 낱말 대조)
2018-07-20,(전체·공통),전국·공통,행정,기타,"'흑산도 공항' 건설 결정 보류, ""경제성·항공사고 등 계속 심의""…이르...",topstarnews.net,http://www.topstarnews.net/news/articleView.html?idxno=450176,해당없음,규칙기반 자동분류(제목·요약 낱말 대조)
2018-07-20,(전체·공통),전국·공통,행정,기타,"흑산도 공항 건설 결정 보류, 이르면 9월 확정",asiatime.co.kr,http://www.asiatime.co.kr/news/articleView.html?idxno=189583,해당없음,규칙기반 자동분류(제목·요약 낱말 대조)
2018-07-20,(전체·공통),전국·공통,행정,기타,"흑산공항 신설, 국립공원위원회 심의서 ‘보류’",dt.co.kr,http://www.dt.co.kr/contents.html?article_no=2018072002109931102004&ref=naver,해당없음,규칙기반 자동분류(제목·요약 낱말 대조)
2018-07-20,(전체·공통),전국·공통,행정,기타,흑산도 공항건설 여부 정부 결정 보류,view.asiae.co.kr,http://view.asiae.co.kr/news/view.htm?idxno=2018072021231673358,해당없음,규칙기반 자동분류(제목·요약 낱말 대조)
2018-07-20,(전체·공통),전국·공통,행정,기타,"환경부 국립공원위원회, '흑산도 공항' 건설 결정 보류…더 심의하기로",mbn.mk.co.kr,http://mbn.mk.co.kr/pages/news/newsView.php?category=mbn00009&news_seq_no=3589103,해당없음,규칙기반 자동분류(제목·요약 낱말 대조)
2018-07-20,다도해해상,전남,행정,기타,"'흑산도 공항' 건립 결정 보류…""경제성·항공사고 등 계속 심의""",inews24.com,http://www.inews24.com/php/news_view.php?g_serial=1110905&g_menu=050300&rrf=nv,요약,규칙기반 자동분류(제목·요약 낱말 대조)
2018-07-20,(전체·공통),전국·공통,행정,기타,"흑산도 공항 건설, 심의 결과 보류… 이르면 오는 9월 회의에서 결정",newsway.co.kr,http://www.newsway.co.kr/news/view?tp=1&ud=2018072020143095400,해당없음,규칙기반 자동분류(제목·요약 낱말 대조)
2018-07-20,(전체·공통),전국·공통,행정,기타,8년 끌어온 흑산도 공항 건설 이번에도 보류…9월 再심의,dailian.co.kr,http://www.dailian.co.kr/news/view/727398/?sc=naver,해당없음,규칙기반 자동분류(제목·요약 낱말 대조)
2018-07-20,다도해해상,전남,행정,기타,"[일문일답] 정부 ""흑산공항 결정시점 장담 못해…계획보완 요구는 없다...",newsis.com,http://www.newsis.com/view/?id=NISX20180720_0000370007&cID=10201&pID=10200,요약,규칙기반 자동분류(제목·요약 낱말 대조)
2018-07-20,다도해해상,전남,행정,기타,"흑산공항 건립 결정 9월로 연기…""경제성·항공사고 등 계속 심의""",newsis.com,http://www.newsis.com/view/?id=NISX20180720_0000369952&cID=10201&pID=10200,요약,규칙기반 자동분류(제목·요약 낱말 대조)
2018-07-20,(전체·공통),전국·공통,행정,기타,흑산도 공항 건설 이번에도 보류..9월 다시 논의,fnnews.com,http://www.fnnews.com/news/201807201917057845,해당없음,규칙기반 자동분류(제목·요약 낱말 대조)
2018-07-20,(전체·공통),전국·공통,행정,기타,"흑산도 공항 건설 여부, 계속 심의하기로 결정",hankookilbo.com,http://www.hankookilbo.com/v/3621977b243242bca4c4beee443f2f09,해당없음,규칙기반 자동분류(제목·요약 낱말 대조)
2018-07-20,(전체·공통),전국·공통,행정,기타,'흑산도 공항' 건설 여부 결정 보류…이르면 9월 확정(종합),app.yonhapnews.co.kr,http://app.yonhapnews.co.kr/YNA/Basic/SNS/r.aspx?c=AKR20180720162700004&did=1195m,해당없음,규칙기반 자동분류(제목·요약 낱말 대조)
2018-07-20,(전체·공통),전국·공통,행정,기타,"'흑산도 공항' 건설 결정 보류…""계속 심의하기로""",news.sbs.co.kr,http://news.sbs.co.kr/news/endPage.do?news_id=N1004856808&plink=ORI&cooper=NAVER,해당없음,규칙기반 자동분류(제목·요약 낱말 대조)
2018-07-20,(전체·공통),전국·공통,행정,기타,"국립공원위원회, '흑산공항' 추가 논의",mdtoday.co.kr,http://www.mdtoday.co.kr/mdtoday/index.html?no=327355,해당없음,규칙기반 자동분류(제목·요약 낱말 대조)
2018-07-20,다도해해상,전남,행정,기타,'흑산도 공항 건설' 결론 못내려…9월 다시 심의하기로,news1.kr,http://news1.kr/articles/?3377793,요약,규칙기반 자동분류(제목·요약 낱말 대조)
2018-07-20,다도해해상,전남,행정,지정·구역,흑산공항 건설 결정 보류…9월 추가 심의키로,nocutnews.co.kr,http://www.nocutnews.co.kr/news/5003963,요약,규칙기반 자동분류(제목·요약 낱말 대조)
2018-07-20,(전체·공통),전국·공통,행정,기타,'흑산도 공항' 건설 결정 보류,news.heraldcorp.com,http://news.heraldcorp.com/view.php?ud=20180720000658,해당없음,규칙기반 자동분류(제목·요약 낱말 대조)
2018-07-20,(전체·공통),전국·공통,행정,기타,흑산도 공항 건설 결론 못내…공원위 “계속 심의키로”,seoul.co.kr,http://www.seoul.co.kr/news/newsView.php?id=20180720500179&wlog_tag3=naver,해당없음,규칙기반 자동분류(제목·요약 낱말 대조)
2018-07-20,(전체·공통),전국·공통,행정,기타,'흑산도 공항' 건설 결정 보류…더 심의하기로(2보),viva100.com,http://www.viva100.com/main/view.php?key=20180720010007709,해당없음,규칙기반 자동분류(제목·요약 낱말 대조)
2018-07-20,(전체·공통),전국·공통,행정,기타,"국립공원위원회, 흑산공항 추가 논의하기로",korea.kr,http://www.korea.kr/briefing/pressReleaseView.do?newsId=156282418,해당없음,규칙기반 자동분류(제목·요약 낱말 대조)
2018-07-20,(전체·공통),전국·공통,행정,기타,`흑산도 공항` 결정 보류…추가 심의키로(2보),news.mk.co.kr,http://news.mk.co.kr/newsRead.php?year=2018&no=458796,해당없음,규칙기반 자동분류(제목·요약 낱말 대조)
2018-07-20,(전체·공통),전국·공통,행정,기타,흑산도 공항 건설 보류…9월 국립공원위서 재심의,imnews.imbc.com,http://imnews.imbc.com/news/2018/econo/article/4707931_22671.html,해당없음,규칙기반 자동분류(제목·요약 낱말 대조)
2018-07-20,다도해해상,전남,행정,기타,"흑산도 주민 ""흑산공항 조기 착공…관광객 증가 등 지역발전 효과"" vs ""조...",econonews.co.kr,http://www.econonews.co.kr/news/articleView.html?idxno=29817,요약,규칙기반 자동분류(제목·요약 낱말 대조)
2018-07-20,(전체·공통),전국·공통,행정,기타,흑산도 소형공항 설립될까…오늘 국립공원위원회서 결정,news1.kr,http://news1.kr/articles/?3377444,해당없음,규칙기반 자동분류(제목·요약 낱말 대조)
2018-07-19,(전체·공통),전국·공통,행정,법령·제도,국립공원 안 ‘흑산공항’ 내일 판가름…환경이냐 교통이냐,hani.co.kr,http://www.hani.co.kr/arti/society/area/853914.html,해당없음,규칙기반 자동분류(제목·요약 낱말 대조)
2018-07-18,다도해해상,전남,행정,의회·국정감사,"이상돈 의원,""흑산공항 건설사업 졸속처리 의혹""""입지 선정에서 항공기...",newsfreezone.co.kr,http://www.newsfreezone.co.kr/news/articleView.html?idxno=70859,요약,규칙기반 자동분류(제목·요약 낱말 대조)
2018-07-17,다도해해상,전남,행정,법령·제도,"박우량 신안군수 ""흑산공항은 섬주민 교통기본권 문제""",news1.kr,http://news1.kr/articles/?3373745,요약,규칙기반 자동분류(제목·요약 낱말 대조)
2018-07-16,다도해해상,전남,행정,인사·조직,다도해해상국립공원 해수욕장 5곳에 안전관리원 배치,app.yonhapnews.co.kr,http://app.yonhapnews.co.kr/YNA/Basic/SNS/r.aspx?c=AKR20180716113700054&did=1195m,제목,규칙기반 자동분류(제목·요약 낱말 대조)
2018-07-10,덕유산,전북·경남,행정,기타,"'무주를 무주답게' ""군민 위한 행정으로 보답""",jjn.co.kr,http://www.jjn.co.kr/news/articleView.html?idxno=749010,요약,규칙기반 자동분류(제목·요약 낱말 대조)
2018-07-04,태안해안,충남 태안,행정,인사·조직,태안해안국립공원 박승기 소장 취임,chungnamilbo.com,http://www.chungnamilbo.com/news/articleView.html?idxno=455135,제목,규칙기반 자동분류(제목·요약 낱말 대조)
2018-07-03,태안해안,충남 태안,행정,인사·조직,박승기 태안해안국립공원사무소장 취임,jbnews.com,http://www.jbnews.com/news/articleView.html?idxno=1209808,제목,규칙기반 자동분류(제목·요약 낱말 대조)
2018-06-27,덕유산,전북·경남,행정,인사·조직,"덕유산국립공원, 체험형 생태나누리 캠프 참가단체 모집",news1.kr,http://news1.kr/articles/?3356677,제목,규칙기반 자동분류(제목·요약 낱말 대조)
2018-06-26,덕유산,전북·경남,행정,지정·구역,"덕유산국립공원, 물놀이 안전사고 예방 간담회 개최",domin.co.kr,http://www.domin.co.kr/news/articleView.html?idxno=1202299,제목,규칙기반 자동분류(제목·요약 낱말 대조)
2018-05-18,태안해안,충남 태안,행정,협약·협력,태안군 옹도 환경보존·생태계 복원한다,shinailbo.co.kr,http://www.shinailbo.co.kr/news/articleView.html?idxno=1074640,요약,규칙기반 자동분류(제목·요약 낱말 대조)
2018-05-18,태안해안,충남 태안,행정,협약·협력,옹도 환경보존과 생태계 복원을 위한 업무협약 체결,joongdo.co.kr,http://www.joongdo.co.kr/main/view.php?key=20180518010007574,요약,규칙기반 자동분류(제목·요약 낱말 대조)
2018-05-17,태안해안,충남 태안,행정,협약·협력,대산지방해양수산청-태안해안국립공원사무소 업무협약,newsprime.co.kr,http://www.newsprime.co.kr/news/article.html?no=416950,제목,규칙기반 자동분류(제목·요약 낱말 대조)
2018-05-17,다도해해상,전남,행정,인사·조직,"전남 여남고, 남면 9개 기관과 '업무협약' 체결",veritas-a.com,http://www.veritas-a.com/news/articleView.html?idxno=116154,요약,규칙기반 자동분류(제목·요약 낱말 대조)
2018-04-26,(전체·공통),전국·공통,행정,지정·구역,"[떠나요 강심장] ""숨 가쁜 당신, 행복한가요""",moneyweek.co.kr,http://www.moneyweek.co.kr/news/mwView.php?type=1&no=2018042613398034161&outlink=1,해당없음,규칙기반 자동분류(제목·요약 낱말 대조)
2018-04-16,경주,경북 경주,행정,협약·협력,"동국대 경주, 4.19혁명 기념 동국인 등산대회",veritas-a.com,http://www.veritas-a.com/news/articleView.html?idxno=113442,제목,규칙기반 자동분류(제목·요약 낱말 대조)
2018-04-16,경주,경북 경주,행정,협약·협력,"동국대 경주캠퍼스, 4.19혁명 기념 동국인 등산대회",ilyoseoul.co.kr,http://www.ilyoseoul.co.kr/news/articleView.html?idxno=230171,제목,규칙기반 자동분류(제목·요약 낱말 대조)
2018-04-14,경주,경북 경주,행정,협약·협력,"경주 동국대, ""4.19 기념…동국인 등산대회 개최""",gukjenews.com,http://www.gukjenews.com/news/articleView.html?idxno=908089,제목,규칙기반 자동분류(제목·요약 낱말 대조)
2018-04-12,경주,경북 경주,행정,협약·협력,"경주 동국대, 4.19혁명 기념 동국인 등산대회 개최",breaknews.com,http://www.breaknews.com/sub_read.html?uid=572316&section=sc2,제목,규칙기반 자동분류(제목·요약 낱말 대조)
2018-04-12,경주,경북 경주,행정,협약·협력,"동국대 경주캠퍼스, 4.19혁명 기념 동국인 등산대회 개최",nspna.com,http://www.nspna.com/news/?mode=view&newsid=278399,제목,규칙기반 자동분류(제목·요약 낱말 대조)
2018-03-29,변산반도,전북 부안,행정,인사·조직,권경업 국립공원관리공단 이사장 변산반도국립공원 안전 점검,domin.co.kr,http://www.domin.co.kr/news/articleView.html?idxno=1190662,제목,규칙기반 자동분류(제목·요약 낱말 대조)
2018-03-26,다도해해상,전남,행정,인사·조직,다도해해상국립공원 내 음주행위 금지한다,kjdaily.com,http://www.kjdaily.com/read.php3?aid=1522060381433879008,제목,규칙기반 자동분류(제목·요약 낱말 대조)
2018-03-15,다도해해상,전남,행정,협약·협력,"목포해경, 해양오염사고 대비 방제대책협의회",nspna.com,http://www.nspna.com/news/?mode=view&newsid=272443,요약,규칙기반 자동분류(제목·요약 낱말 대조)
2018-03-15,다도해해상,전남,행정,협약·협력,"목포해경, 대규모 해양오염사고 대비 방제대책협의회 개최",m-i.kr,http://www.m-i.kr/news/articleView.html?idxno=395309,요약,규칙기반 자동분류(제목·요약 낱말 대조)
2018-03-14,내장산,전북·전남,행정,인사·조직,내장산국립공원백암사무소 입암산 갓바위 일원 음주산행 금지 지정,jeollailbo.com,http://www.jeollailbo.com/news/articleView.html?idxno=535948,제목,규칙기반 자동분류(제목·요약 낱말 대조)
2018-03-14,내장산,전북·전남,행정,인사·조직,내장산국립공원백암사무소 지정장소 음주금지,domin.co.kr,http://www.domin.co.kr/news/articleView.html?idxno=1188715,제목,규칙기반 자동분류(제목·요약 낱말 대조)
2018-03-13,소백산,충북·경북,행정,지정·구역,"국립공원 대피소 등 음주금지, 위반 시 과태료 처분",inews365.com,http://www.inews365.com/news/article.html?no=529431,요약,규칙기반 자동분류(제목·요약 낱말 대조)
2018-02-13,계룡산,대전·충남,행정,인사·조직,"[기고] 지금은, 수평적 조직문화 내재화가 필요한 때",ajunews.com,https://www.ajunews.com/view/20180213074418834,요약,규칙기반 자동분류(제목·요약 낱말 대조)
2018-01-29,오대산,강원,행정,인사·조직,[인사]국민권익위원회 外,news.donga.com,http://news.donga.com/3/all/20180129/88404176/1,요약,규칙기반 자동분류(제목·요약 낱말 대조)
2018-01-26,오대산,강원,행정,인사·조직,"[인사] 한국언론진흥재단, 산업통상자원부, 국립공원관리공단",businesspost.co.kr,http://www.businesspost.co.kr/BP?command=article_view&num=71221,요약,규칙기반 자동분류(제목·요약 낱말 대조)
2018-01-26,오대산,강원,행정,인사·조직,<인사> 국립공원관리공단(1월 29일자),e2news.com,http://www.e2news.com/news/articleView.html?idxno=105787,요약,규칙기반 자동분류(제목·요약 낱말 대조)
2018-01-18,다도해해상,전남,행정,지정·구역,"낚시춘추, 이슈-해수부 ‘낚시레저 발전방안 간담회’ “낚시이용권제...",fish.darakwon.co.kr,http://fish.darakwon.co.kr/newscolumn/newscolumn_view.asp?b_no=11403&code=n,요약,규칙기반 자동분류(제목·요약 낱말 대조)
2018-01-16,태안해안,충남 태안,행정,지정·구역,"국립공원관리공단, 태안 화창도 특별보호구역 신규 지정",ggilbo.com,http://www.ggilbo.com/news/articleView.html?idxno=437508,요약,규칙기반 자동분류(제목·요약 낱말 대조)
2018-01-11,한라산,제주,행정,인사·조직,[인사] 국방부 外,news.heraldcorp.com,http://news.heraldcorp.com/view.php?ud=20180111000037,요약,규칙기반 자동분류(제목·요약 낱말 대조)
2018-01-10,한라산,제주,행정,인사·조직,"[인사] 제주특별자치도, KB금융지주·국민은행, 광주시",businesspost.co.kr,http://www.businesspost.co.kr/BP?command=article_view&num=69450,요약,규칙기반 자동분류(제목·요약 낱말 대조)
2018-01-09,태안해안,충남 태안,행정,기타,[공감이슈] ‘문재인 정부 첫 특별사면의 대상과 내용’,news.kbs.co.kr,http://news.kbs.co.kr/news/view.do?ncd=3592155&ref=A,요약,규칙기반 자동분류(제목·요약 낱말 대조)
2018-01-01,태안해안,충남 태안,행정,기타,[공감이슈] ‘문재인 정부 첫 특별사면의 대상과 내용은?’,news.kbs.co.kr,http://news.kbs.co.kr/news/view.do?ncd=3589261&ref=A,요약,규칙기반 자동분류(제목·요약 낱말 대조)
2018-01-01,지리산,전남·전북·경남,행정,연구·용역,"""무술년 첫해 솟았다"" 지리산 천왕봉·선상 등 해돋이 명소 북적",ggilbo.com,http://www.ggilbo.com/news/articleView.html?idxno=433525,제목,규칙기반 자동분류(제목·요약 낱말 대조)
2017-12-31,계룡산,대전·충남,행정,인사·조직,2018년 무술년(戊戌年) 새해 해맞이는 계룡산에서 맞이하세요,joongdo.co.kr,http://www.joongdo.co.kr/main/view.php?key=20171231010012397,제목,규칙기반 자동분류(제목·요약 낱말 대조)
2017-12-29,속리산,충북·경북,행정,기타,[풍경] 삽살개 닮은 속리산 ‘황금 개바위’,news1.kr,http://news1.kr/articles/?3193454,제목,규칙기반 자동분류(제목·요약 낱말 대조)
2017-12-28,한려해상,경남·전남,행정,기타,해넘이·해맞이 명소는?…국립공원관리공단 6곳 선정,app.yonhapnews.co.kr,http://app.yonhapnews.co.kr/YNA/Basic/SNS/r.aspx?c=AKR20171228028600004&did=1195m,요약,규칙기반 자동분류(제목·요약 낱말 대조)
2017-12-11,지리산,전남·전북·경남,행정,인사·조직,"권경업 신임 국립공원관리공단 이사장 ""국립공원 이용자에 서비스 질 높...",news20.busan.com,http://news20.busan.com/controller/newsController.jsp?newsId=20171211000301,요약,규칙기반 자동분류(제목·요약 낱말 대조)
2017-12-08,태안해안,충남 태안,행정,협약·협력,"해양환경관리공단-충청남도, 업무협약 체결",newsprime.co.kr,http://www.newsprime.co.kr/news/article.html?no=398338,요약,규칙기반 자동분류(제목·요약 낱말 대조)
2017-12-08,태안해안,충남 태안,행정,협약·협력,해양환경공단등 5개기관 충남도와 해양보전 업무협약,ksg.co.kr,http://www.ksg.co.kr/news/main_newsView.jsp?bbsID=news&bbsCategory=KSG&categoryCode=all&backUrl=main_news&pNum=115811,요약,규칙기반 자동분류(제목·요약 낱말 대조)
2017-12-07,태안해안,충남 태안,행정,협약·협력,"충남, 해양 환경 관련 5개 기관과 맞손",chungnamilbo.com,http://www.chungnamilbo.com/news/articleView.html?idxno=424707,요약,규칙기반 자동분류(제목·요약 낱말 대조)
2017-12-07,태안해안,충남 태안,행정,협약·협력,'깨끗한 서해 함께 지키자' 충남도-5개 해양기관 맞손,app.yonhapnews.co.kr,http://app.yonhapnews.co.kr/YNA/Basic/SNS/r.aspx?c=AKR20171207151700063&did=1195m,요약,규칙기반 자동분류(제목·요약 낱말 대조)
2017-12-07,태안해안,충남 태안,행정,협약·협력,"해양환경관리공단-충청남도, 해양생태환경 보전 업무협약 체결",newsis.com,http://www.newsis.com/view/?id=NISX20171207_0000170327&cID=10807&pID=10800,요약,규칙기반 자동분류(제목·요약 낱말 대조)
2017-12-07,태안해안,충남 태안,행정,협약·협력,5개 해양기관과 “서해 생태환경 발전” 맞손,ajunews.com,http://www.ajunews.com/view/20171207142032048,요약,규칙기반 자동분류(제목·요약 낱말 대조)
2017-12-07,태안해안,충남 태안,행정,협약·협력,"충남도, 5개 해양기관과 업무협약 체결",viva100.com,http://www.viva100.com/main/view.php?key=20171207010002447,요약,규칙기반 자동분류(제목·요약 낱말 대조)
2017-12-07,태안해안,충남 태안,행정,협약·협력,"충남도, 5개 해양기관과 서해 생태환경 발전 약속",ggilbo.com,http://www.ggilbo.com/news/articleView.html?idxno=427557,요약,규칙기반 자동분류(제목·요약 낱말 대조)
2017-12-07,팔공산,대구·경북,행정,지정·구역,정부 정책 추진의 올바른 방향성 제시하다,newsmaker.or.kr,http://www.newsmaker.or.kr/news/articleView.html?idxno=53171,요약,규칙기반 자동분류(제목·요약 낱말 대조)
2017-12-06,치악산,강원 원주,행정,기타,"""국민행복 지킴이, 자랑스러운 사회복무요원"" 병무청, 제4회 사회복무大...",korea.kr,http://www.korea.kr/briefing/pressReleaseView.do?newsId=156241530,요약,규칙기반 자동분류(제목·요약 낱말 대조)
2017-11-30,속리산,충북·경북,행정,인사·조직,보은군 속리산 세조길 '새단장',dynews.co.kr,http://www.dynews.co.kr/news/articleView.html?idxno=362513,제목,규칙기반 자동분류(제목·요약 낱말 대조)
2017-11-26,오대산,강원,행정,기타,정부부처 주간일정 및 보도계획(11월27일~12월1일),mt.co.kr,http://www.mt.co.kr/view/mtview.php?type=1&no=2017112609422337748&outlink=1,요약,규칙기반 자동분류(제목·요약 낱말 대조)
2017-11-13,내장산,전북·전남,행정,지정·구역,내장산국립공원 지정 47주년을 맞아,domin.co.kr,http://www.domin.co.kr/news/articleView.html?idxno=1173979,제목,규칙기반 자동분류(제목·요약 낱말 대조)
2017-11-13,태안해안,충남 태안,행정,인사·조직,태안해안국립공원 다목정 순찰선 취항,daejonilbo.com,http://www.daejonilbo.com/news/newsitem.asp?pk_no=1285119,제목,규칙기반 자동분류(제목·요약 낱말 대조)
2017-11-08,팔공산,대구·경북,행정,지정·구역,대구취수원에 흔들리는 ‘대구·경북 상생’,newsis.com,http://www.newsis.com/view/?id=NISX20171108_0000141997&cID=10810&pID=10800,요약,규칙기반 자동분류(제목·요약 낱말 대조)
2017-10-15,계룡산,대전·충남,행정,인사·조직,"계룡산국립공원, 가을 단풍철 맞아 공원 특별관리",jbnews.com,http://www.jbnews.com/news/articleView.html?idxno=813826,제목,규칙기반 자동분류(제목·요약 낱말 대조)
2017-10-15,지리산,전남·전북·경남,행정,지정·구역,월악·지리산 등 생태관광 6곳 환경성적 인증,newsis.com,http://www.newsis.com/view/?id=NISX20171015_0000117834&cID=10201&pID=10200,제목,규칙기반 자동분류(제목·요약 낱말 대조)
2017-10-14,태안해안,충남 태안,행정,인사·조직,"태안해안국립공원사무소, 청렴문화 확산에 나서",joongdo.co.kr,http://www.joongdo.co.kr/main/view.php?key=20171014010003116,제목,규칙기반 자동분류(제목·요약 낱말 대조)
2017-09-27,(전체·공통),전국·공통,행정,기타,"신안군의회, ""정부, 자도해 해상국립공원계획 조속히 변경을""",siminilbo.co.kr,http://www.siminilbo.co.kr/news/articleView.html?idxno=533680,해당없음,규칙기반 자동분류(제목·요약 낱말 대조)
2017-09-27,(전체·공통),전국·공통,행정,기타,"신안군의회, 제264회 임시회 폐회",m-i.kr,http://www.m-i.kr/news/articleView.html?idxno=346558,해당없음,규칙기반 자동분류(제목·요약 낱말 대조)
2017-09-26,(전체·공통),전국·공통,행정,기타,"신안군의회, ‘흑산공항 건설을 위한 공원계획 변경 촉구 결의안’ 채택",cnbnews.com,http://www.cnbnews.com/news/article.html?no=358029,해당없음,규칙기반 자동분류(제목·요약 낱말 대조)
2017-09-26,(전체·공통),전국·공통,행정,기타,신안군의회 26일 제264회 임시회 폐회,viva100.com,http://www.viva100.com/main/view.php?key=20170926010010379,해당없음,규칙기반 자동분류(제목·요약 낱말 대조)
2017-09-24,속리산,충북·경북,행정,인사·조직,"""독버섯을 식용버섯으로 착각해 먹지 않도록 주의해야""",cctimes.kr,http://www.cctimes.kr/news/articleView.html?idxno=505236,요약,규칙기반 자동분류(제목·요약 낱말 대조)
2017-09-24,속리산,충북·경북,행정,법령·제도,"가을철 국립공원 독버섯 섭취, 중독 사고로 이어져",mediapen.com,http://www.mediapen.com/news/view/302719,요약,규칙기반 자동분류(제목·요약 낱말 대조)
2017-09-24,속리산,충북·경북,행정,법령·제도,"""국립공원서 버섯 함부로 따다가 목숨까지 잃어요""",sedaily.com,http://www.sedaily.com/NewsView/1OL5HKWQDX,요약,규칙기반 자동분류(제목·요약 낱말 대조)
2017-09-24,속리산,충북·경북,행정,법령·제도,모르는 야생버섯 따지도·먹지도 말아야,seoul.co.kr,http://www.seoul.co.kr/news/newsView.php?id=20170924500048&wlog_tag3=naver,요약,규칙기반 자동분류(제목·요약 낱말 대조)
2017-09-24,속리산,충북·경북,행정,법령·제도,국립공원 버섯 불법채취 단속,news.kbs.co.kr,http://news.kbs.co.kr/news/view.do?ncd=3552397&ref=A,요약,규칙기반 자동분류(제목·요약 낱말 대조)
2017-09-24,속리산,충북·경북,행정,법령·제도,사진으로 보는 ‘독버섯’의 모습···산에 가기 전 꼭 알아두세요,khan.co.kr,https://www.khan.co.kr/article/201709241218001,요약,규칙기반 자동분류(제목·요약 낱말 대조)
2017-09-24,속리산,충북·경북,행정,법령·제도,"국립공원관리공단, 임산물 불법채취 집중단속",news1.kr,http://news1.kr/articles/?3109449,요약,규칙기반 자동분류(제목·요약 낱말 대조)
2017-09-24,속리산,충북·경북,행정,법령·제도,"""국립공원서 버섯 함부로 따지 마세요""…불법채취 단속",app.yonhapnews.co.kr,http://app.yonhapnews.co.kr/YNA/Basic/SNS/r.aspx?c=AKR20170922154100004&did=1195m,요약,규칙기반 자동분류(제목·요약 낱말 대조)
2017-09-23,치악산,강원 원주,행정,인사·조직,생태 나누리 프로그램,kwnews.co.kr,http://www.kwnews.co.kr/view.asp?aid=217092200111&s=201,요약,규칙기반 자동분류(제목·요약 낱말 대조)
2017-09-18,내장산,전북·전남,행정,인사·조직,조선왕조실록 이안 행렬 내장사서 재현,domin.co.kr,http://www.domin.co.kr/news/articleView.html?idxno=1167952,요약,규칙기반 자동분류(제목·요약 낱말 대조)
2017-09-17,경주,경북 경주,행정,기타,"장수말벌, 사람 머리보다 다리 집중공격",asiatoday.co.kr,http://www.asiatoday.co.kr/view.php?key=20170917010008000,요약,규칙기반 자동분류(제목·요약 낱말 대조)
2017-09-17,내장산,전북·전남,행정,인사·조직,내장산서 조선왕조실록 이안 행렬 재현,jjan.kr,http://www.jjan.kr/news/articleView.html?idxno=1138274,제목,규칙기반 자동분류(제목·요약 낱말 대조)
2017-09-15,치악산,강원 원주,행정,협약·협력,"고판화박물관, 치악산국립공원과 환경문화 템플스테이 MOU",hyunbulnews.com,http://www.hyunbulnews.com/news/articleView.html?idxno=293220,제목,규칙기반 자동분류(제목·요약 낱말 대조)
2017-09-14,한려해상,경남·전남,행정,예산·재정,9월 14일 아침신문읽기,news.knn.co.kr,http://news.knn.co.kr/news/todaynews_read.asp?etime=2017091400001&userid=yellowtiger&newsgubun=society,요약,규칙기반 자동분류(제목·요약 낱말 대조)
2017-09-14,치악산,강원 원주,행정,협약·협력,[원주]생태문화예술 기반 조성 업무협약,kado.net,http://www.kado.net/?mod=news&act=articleView&idxno=873352,요약,규칙기반 자동분류(제목·요약 낱말 대조)
2017-09-13,내장산,전북·전남,행정,인사·조직,내장산국립공원 조선왕조실록 이안 행렬 재현행사,domin.co.kr,http://www.domin.co.kr/news/articleView.html?idxno=1167449,제목,규칙기반 자동분류(제목·요약 낱말 대조)
2017-09-12,내장산,전북·전남,행정,인사·조직,내장산국립공원사무소 조선왕조실록 이안 행렬 재현 행사 개최,jeollailbo.com,http://www.jeollailbo.com/news/articleView.html?idxno=521479,제목,규칙기반 자동분류(제목·요약 낱말 대조)
2017-09-12,내장산,전북·전남,행정,인사·조직,내장산서 16일 조선왕조실록 이안 행렬 재현,news1.kr,http://news1.kr/articles/?3099452,제목,규칙기반 자동분류(제목·요약 낱말 대조)
2017-08-29,덕유산,전북·경남,행정,인사·조직,무주덕유산국립공원 생태학교 운영,jeonmin.co.kr,http://www.jeonmin.co.kr/news/articleView.html?idxno=174358,제목,규칙기반 자동분류(제목·요약 낱말 대조)
2017-08-10,가야산,경북·경남,행정,기타,"8∼9월 '벌쏘임' 사고 빈발…""야외활동시 밝은색 옷 착용""",app.yonhapnews.co.kr,http://app.yonhapnews.co.kr/YNA/Basic/SNS/r.aspx?c=AKR20170810051200004&did=1195m,요약,규칙기반 자동분류(제목·요약 낱말 대조)
2017-08-02,태백산,강원·경북,행정,예산·재정,[김연식 태백시장]다시 떠오르는 ‘태양의 도시’,mt.co.kr,http://www.mt.co.kr/view/mtview.php?type=1&no=2017080114267897500&outlink=1,요약,규칙기반 자동분류(제목·요약 낱말 대조)
2017-07-31,한라산,제주,행정,인사·조직,[인사] 교육부 ; 금융위원회 ; 제주특별자치도 등,news.hankyung.com,http://news.hankyung.com/article/2017073090291,요약,규칙기반 자동분류(제목·요약 낱말 대조)
2017-07-30,내장산,전북·전남,행정,기타,"김일재 전북도 행정부지사, 위험도로 현장 방문",domin.co.kr,http://www.domin.co.kr/news/articleView.html?idxno=1162111,요약,규칙기반 자동분류(제목·요약 낱말 대조)
2017-07-29,태백산,강원·경북,행정,협약·협력,"태백산국립공원, 탐방객 구조시스템 구축",gukjenews.com,http://www.gukjenews.com/news/articleView.html?idxno=756053,제목,규칙기반 자동분류(제목·요약 낱말 대조)
2017-07-26,변산반도,전북 부안,행정,인사·조직,"전북도, 안전점검의 날 맞아 고사포해수욕장서 인명구조훈련",jjan.kr,http://www.jjan.kr/news/articleView.html?idxno=1133991,요약,규칙기반 자동분류(제목·요약 낱말 대조)
2017-07-16,한라산,제주,행정,인사·조직,제주도 임의단체로 영리행위...근로자 지위확인 소송,jejusori.net,http://www.jejusori.net/?mod=news&act=articleView&idxno=192925,요약,규칙기반 자동분류(제목·요약 낱말 대조)
2017-07-01,팔공산,대구·경북,행정,지정·구역,대구시민사회단체 權시장에 ‘현안 보따리’,yeongnam.com,http://www.yeongnam.com/mnews/newsview.do?mode=newsView&newskey=20170701.010100717240001,요약,규칙기반 자동분류(제목·요약 낱말 대조)
2017-06-26,월악산,충북·경북,행정,협약·협력,"[제천소식]제천시·LH, 공공실버주택사업 업무협약 등",newsis.com,http://www.newsis.com/view/?id=NISX20170626_0000023104&cID=10806&pID=10800,요약,규칙기반 자동분류(제목·요약 낱말 대조)
2017-06-26,소백산,충북·경북,행정,인사·조직,"도시 주도 공공건축물 계획의 ‘좋은 예’, 경북 영주",sisapress.com,http://www.sisapress.com/article/170026,요약,규칙기반 자동분류(제목·요약 낱말 대조)
2017-06-25,월악산,충북·경북,행정,인사·조직,[제천소식]어린이보호구역 과속 단속 등,newsis.com,http://www.newsis.com/view/?id=NISX20170625_0000022265&cID=10806&pID=10800,요약,규칙기반 자동분류(제목·요약 낱말 대조)
2017-06-20,태안해안,충남 태안,행정,협약·협력,"태안군, 자유학기제 진로체험 활성화 지원 업무협약 체결",goodmorningcc.com,http://www.goodmorningcc.com/news/articleView.html?idxno=65358,요약,규칙기반 자동분류(제목·요약 낱말 대조)
2017-06-20,태안해안,충남 태안,행정,협약·협력,"태안군, 자유학기제 진로체험 활성화 지원 '업무협약'",gukjenews.com,http://www.gukjenews.com/news/articleView.html?idxno=731499,요약,규칙기반 자동분류(제목·요약 낱말 대조)
2017-06-20,태안해안,충남 태안,행정,협약·협력,"태안군, 관계 기관과 자유학기제 진로체험 업무협약 체결",m-i.kr,http://www.m-i.kr/news/articleView.html?idxno=319822,요약,규칙기반 자동분류(제목·요약 낱말 대조)
2017-06-20,태안해안,충남 태안,행정,협약·협력,"[태안군] 태안군, 자유학기제 진로체험 활성화 지원 업무협약 체결",joongdo.co.kr,http://www.joongdo.co.kr/jsp/article/article_view.jsp?pq=201706201789,요약,규칙기반 자동분류(제목·요약 낱말 대조)
2017-06-20,변산반도,전북 부안,행정,인사·조직,"국립공원관리공단, 여름철 물놀이 위험지구 점검",jeollailbo.com,http://www.jeollailbo.com/news/articleView.html?idxno=515079,요약,규칙기반 자동분류(제목·요약 낱말 대조)
2017-06-06,주왕산,경북,행정,기타,불과 물의 ‘27만년 합작품’… 한탄·임진강 세계의 공원 될까,seoul.co.kr,http://www.seoul.co.kr/news/newsView.php?id=20170606015001&wlog_tag3=naver,요약,규칙기반 자동분류(제목·요약 낱말 대조)
2017-06-04,가야산,경북·경남,행정,인사·조직,가야산국립공원 생태나누리 프로그램,newsis.com,http://www.newsis.com/view/?id=NISI20170604_0000002005,제목,규칙기반 자동분류(제목·요약 낱말 대조)
2017-06-04,가야산,경북·경남,행정,인사·조직,가야산국립공원 '소외계층과 함께하는 생태나누리' 운영,newsis.com,http://www.newsis.com/view/?id=NISX20170604_0000003079&cID=10812&pID=10800,제목,규칙기반 자동분류(제목·요약 낱말 대조)
2017-05-02,치악산,강원 원주,행정,법령·제도,[사회] 원주시청 건축허가 ‘갑질 행정’ ‘시장님 말씀’이 법보다 우...,weekly.donga.com,http://weekly.donga.com/3/all/11/913216/1,요약,규칙기반 자동분류(제목·요약 낱말 대조)
2017-04-27,내장산,전북·전남,행정,인사·조직,"""내장산 숨은 보물 '조선왕조실록 보존터' 지키자""",jjan.kr,http://www.jjan.kr/news/articleView.html?idxno=1126754,제목,규칙기반 자동분류(제목·요약 낱말 대조)
2017-04-27,내장산,전북·전남,행정,인사·조직,내장산국립공원 조선왕조실록 보존터 지킴단 발대,domin.co.kr,http://www.domin.co.kr/news/articleView.html?idxno=1150344,제목,규칙기반 자동분류(제목·요약 낱말 대조)
2017-04-27,내장산,전북·전남,행정,인사·조직,내장산국립공원 조선왕조실록 보존터 지킴단 발대식,jeollailbo.com,http://www.jeollailbo.com/news/articleView.html?idxno=511085,제목,규칙기반 자동분류(제목·요약 낱말 대조)
2017-04-27,내장산,전북·전남,행정,인사·조직,정읍서 '조선왕조실록 보존터 지킴단' 발대식,news1.kr,http://news1.kr/articles/?2979904,요약,규칙기반 자동분류(제목·요약 낱말 대조)
2017-04-27,태안해안,충남 태안,행정,인사·조직,"[태안군] 태안해안국립공원, 국립공원3050 주간행사 운영",joongdo.co.kr,http://www.joongdo.co.kr/jsp/article/article_view.jsp?pq=201704272604,제목,규칙기반 자동분류(제목·요약 낱말 대조)
2017-03-24,팔공산,대구·경북,행정,지정·구역,"팔공산 구름다리 설치, 지역 환경단체 반대 입장",kyongbuk.co.kr,http://www.kyongbuk.co.kr/?mod=news&act=articleView&idxno=988576,제목,규칙기반 자동분류(제목·요약 낱말 대조)
2017-03-23,팔공산,대구·경북,행정,예산·재정,생태계 훼손 불 보듯 뻔해팔공산 구름다리 안된다,idaegu.com?c=6&uid=360283,http://www.idaegu.com?c=6&uid=360283,제목,규칙기반 자동분류(제목·요약 낱말 대조)
2017-03-20,속리산,충북·경북,행정,협약·협력,괴산경찰서 청천파출소-청천면사무소 업무협약체결,daejonilbo.com,http://www.daejonilbo.com/news/newsitem.asp?pk_no=1256434,요약,규칙기반 자동분류(제목·요약 낱말 대조)
2017-03-09,변산반도,전북 부안,행정,인사·조직,"박보환 국립공원관리공단 이사장, 변산반도 점검",jeollailbo.com,http://www.jeollailbo.com/news/articleView.html?idxno=506922,제목,규칙기반 자동분류(제목·요약 낱말 대조)
2017-02-26,오대산,강원,행정,기타,야생동물 노리는 밀렵도구…대대적 단속 시작,ichannela.com,http://www.ichannela.com/news/main/news_detailPage.do?publishId=000000025835,요약,규칙기반 자동분류(제목·요약 낱말 대조)
2017-02-25,덕유산,전북·경남,행정,법령·제도,환경부 주간계획(2월 27일~3월 5일),edaily.co.kr,http://www.edaily.co.kr/news/newspath.asp?newsid=01492406615834128,요약,규칙기반 자동분류(제목·요약 낱말 대조)
2017-02-22,덕유산,전북·경남,행정,지정·구역,명산플러스 무룡산,gnnews.co.kr,http://www.gnnews.co.kr/news/articleView.html?idxno=291788,요약,규칙기반 자동분류(제목·요약 낱말 대조)
2017-01-31,소백산,충북·경북,행정,인사·조직,[충북] 이수형 소백산국립공원북부사무소장 임명,joongdo.co.kr,http://www.joongdo.co.kr/jsp/article/article_view.jsp?pq=201701311116,제목,규칙기반 자동분류(제목·요약 낱말 대조)
2017-01-31,다도해해상,전남,행정,인사·조직,다도해해상국립공원사무소장에 이규성 원장,news.heraldcorp.com,http://news.heraldcorp.com/view.php?ud=20170131000652,제목,규칙기반 자동분류(제목·요약 낱말 대조)
2016-12-29,설악산,강원,행정,지정·구역,올해를 되새겨보는 여행지 6선,seoul.co.kr,http://www.seoul.co.kr/news/newsView.php?id=20161229017001&wlog_tag3=naver,요약,규칙기반 자동분류(제목·요약 낱말 대조)
2016-12-22,지리산,전남·전북·경남,행정,인사·조직,"한국도로공사 광주전남본부, ‘광주대구고속도’ 확장 개통 1년 사망사...",newsway.co.kr,http://www.newsway.co.kr/view.php?tp=1&ud=2016122210060090393,요약,규칙기반 자동분류(제목·요약 낱말 대조)
2016-12-22,무등산,광주·전남,행정,지정·구역,무등산국립공원 지정 4년됐지만 아직도…,kjdaily.com,http://www.kjdaily.com/read.php3?aid=1482404972396662002,제목,규칙기반 자동분류(제목·요약 낱말 대조)
2016-12-21,지리산,전남·전북·경남,행정,인사·조직,"도로공사 ""광주-대구고속도로 사망사고 0건""",newsprime.co.kr,http://www.newsprime.co.kr/news/article.html?no=358794,요약,규칙기반 자동분류(제목·요약 낱말 대조)
2016-12-21,지리산,전남·전북·경남,행정,인사·조직,광주-대구고속도 확장 개통 1년...사망사고0건,breaknews.com,http://www.breaknews.com/sub_read.html?uid=480858&section=sc2,요약,규칙기반 자동분류(제목·요약 낱말 대조)
2016-12-21,지리산,전남·전북·경남,행정,인사·조직,'광주-대구고속도로' 확장 개통 1년…사망사고 0건,ilyo.co.kr,http://ilyo.co.kr/?ac=article_view&entry_id=221454,요약,규칙기반 자동분류(제목·요약 낱말 대조)
2016-12-21,지리산,전남·전북·경남,행정,인사·조직,‘죽음의 도로’ 오명 싹 벗었다…광주~대구고속道 개통 1년 사망자 ‘...,news.heraldcorp.com,http://news.heraldcorp.com/view.php?ud=20161221000784,요약,규칙기반 자동분류(제목·요약 낱말 대조)
2016-12-21,지리산,전남·전북·경남,행정,인사·조직,광주-대구고속도로' 확장 개통 1년,bzeronews.com,http://www.bzeronews.com/news/articleView.html?idxno=208776,요약,규칙기반 자동분류(제목·요약 낱말 대조)
2016-12-12,다도해해상,전남,행정,지정·구역,여수∼고흥 잇는 연륙교 이름은 '팔영대교',segye.com,http://www.segye.com/content/html/2016/12/12/20161212002922.html?OutUrl=naver,요약,규칙기반 자동분류(제목·요약 낱말 대조)
2016-12-12,다도해해상,전남,행정,지정·구역,여수-고흥 갈등 빚은 '팔영대교' 이름 확정,cnews.co.kr,http://www.cnews.co.kr/uhtml/read.jsp?idxno=201612121528257220087,요약,규칙기반 자동분류(제목·요약 낱말 대조)
2016-12-12,다도해해상,전남,행정,지정·구역,여수-고흥 갈등 빚은 팔영대교 포함 77곳 명칭 확정,news.sbs.co.kr,http://news.sbs.co.kr/news/endPage.do?news_id=N1003933757&plink=ORI&cooper=NAVER,요약,규칙기반 자동분류(제목·요약 낱말 대조)
2016-12-12,다도해해상,전남,행정,지정·구역,여수-고흥 연륙교 명칭 논란 종지부 '팔영대교',app.yonhapnews.co.kr,http://app.yonhapnews.co.kr/YNA/Basic/SNS/r.aspx?c=AKR20161212046900054&did=1195m,요약,규칙기반 자동분류(제목·요약 낱말 대조)
2016-11-30,오대산,강원,행정,연구·용역,"""전통사찰지역의 자급자족 기반 확보 필요""",news.bbsi.co.kr,http://news.bbsi.co.kr/news/articleView.html?idxno=790874,요약,규칙기반 자동분류(제목·요약 낱말 대조)
2016-11-09,변산반도,전북 부안,행정,기타,"부안해경, 10일 해안방제 역량강화 교육 실시",jeonmin.co.kr,http://www.jeonmin.co.kr/news/articleView.html?idxno=159979,요약,규칙기반 자동분류(제목·요약 낱말 대조)
2016-11-08,변산반도,전북 부안,행정,기타,"부안해경, 해안방제 역량 강화 교육",gukjenews.com,http://www.gukjenews.com/news/articleView.html?idxno=587665,요약,규칙기반 자동분류(제목·요약 낱말 대조)
2016-11-04,속리산,충북·경북,행정,기타,[오늘의 일정]충북(11월 4일 금요일),newsis.com,http://www.newsis.com/ar_detail/view.html?ar_id=NISX20161103_0014494926&cID=18009&pID=18000,요약,규칙기반 자동분류(제목·요약 낱말 대조)
2016-10-15,내장산,전북·전남,행정,인사·조직,오색빛 물드는 산…울긋불긋 단풍 향연 시작,yonhapnewstv.co.kr,http://www.yonhapnewstv.co.kr/MYH20161015009700038/?did=1825m,요약,규칙기반 자동분류(제목·요약 낱말 대조)
2016-10-12,속리산,충북·경북,행정,인사·조직,속리산 11개 급경사 지역에 '빨간 하트' 눈길,newsis.com,http://www.newsis.com/ar_detail/view.html?ar_id=NISX20161012_0014444333&cID=10806&pID=10800,제목,규칙기반 자동분류(제목·요약 낱말 대조)
2016-10-12,태안해안,충남 태안,행정,협약·협력,"한서대, 태안해안국립공원 보호 업무협약 체결",chungnamilbo.com,http://www.chungnamilbo.com/news/articleView.html?idxno=378527,제목,규칙기반 자동분류(제목·요약 낱말 대조)
2016-10-12,태안해안,충남 태안,행정,협약·협력,[태안군] 해안 안전의식 확산,joongdo.co.kr,http://www.joongdo.co.kr/jsp/article/article_view.jsp?pq=201610121149,요약,규칙기반 자동분류(제목·요약 낱말 대조)
2016-10-11,태안해안,충남 태안,행정,협약·협력,"한서대, 지역주민 안전 위한 협약 체결",dhnews.co.kr,http://www.dhnews.co.kr/news/articleView.html?idxno=65096,요약,규칙기반 자동분류(제목·요약 낱말 대조)
2016-10-07,태백산,강원·경북,행정,예산·재정,[2017년 정부 예산안] 일자리 창출 및 경제활력 제고 기본방향…강원도...,cnbnews.com,http://www.cnbnews.com/news/article.html?no=335162,요약,규칙기반 자동분류(제목·요약 낱말 대조)
2016-09-14,가야산,경북·경남,행정,법령·제도,[안전한 추석 나기②] 벌초 가기 전 확인하세요…'말벌 피하는 법',news.sbs.co.kr,http://news.sbs.co.kr/news/endPage.do?news_id=N1003784962&plink=ORI&cooper=NAVER,요약,규칙기반 자동분류(제목·요약 낱말 대조)
2016-09-12,속리산,충북·경북,행정,예산·재정,[충북] 속리산 법주사~세심정 '세조길' 걸으며 힐링하세요,joongdo.co.kr,http://www.joongdo.co.kr/jsp/article/article_view.jsp?pq=201609121194,제목,규칙기반 자동분류(제목·요약 낱말 대조)
2016-09-08,가야산,경북·경남,행정,기타,"이러면 더 쏘인다?…국립공원, 말벌 공격 성향 실험",news.kbs.co.kr,http://news.kbs.co.kr/news/view.do?ncd=3342203&ref=A,요약,규칙기반 자동분류(제목·요약 낱말 대조)
2016-09-08,가야산,경북·경남,행정,기타,“성묘 때 밝은 색 옷 입어야 말벌 피할 수 있어요”,hankookilbo.com,http://www.hankookilbo.com/v/2965437a9037498285ab273114e13417,요약,규칙기반 자동분류(제목·요약 낱말 대조)
2016-09-07,변산반도,전북 부안,행정,인사·조직,부안 하섬갯벌 해양생물 채취 특별단속,jeollailbo.com,http://www.jeollailbo.com/news/articleView.html?idxno=492420,요약,규칙기반 자동분류(제목·요약 낱말 대조)
2016-09-04,소백산,충북·경북,행정,협약·협력,소백산국립공원북부사무소 지역협력위원회 개최,ccdailynews.com,http://www.ccdailynews.com/news/articleView.html?idxno=889178,제목,규칙기반 자동분류(제목·요약 낱말 대조)
2016-09-01,소백산,충북·경북,행정,협약·협력,소백산 북부사무소 지역협력위원회 개최,cctoday.co.kr,http://www.cctoday.co.kr/?mod=news&act=articleView&idxno=1001336,제목,규칙기반 자동분류(제목·요약 낱말 대조)
2016-08-29,태안해안,충남 태안,행정,인사·조직,"해안옹벽 철거 3년, 되살아나는 태안해변",e2news.com,http://www.e2news.com/news/articleView.html?idxno=95087,요약,규칙기반 자동분류(제목·요약 낱말 대조)
2016-08-18,금정산,부산·경남,행정,예산·재정,"[국립공원 추진 경과] '10만 명 서명' 급물살 타다 난항, 올 5월 재점화",news20.busan.com,http://news20.busan.com/controller/newsController.jsp?newsId=20160819000088,요약,규칙기반 자동분류(제목·요약 낱말 대조)
2016-08-17,오대산,강원,행정,인사·조직,[평창]생태나누리 프로그램,kwnews.co.kr,http://www.kwnews.co.kr/view.asp?aid=216081600077&s=501,요약,규칙기반 자동분류(제목·요약 낱말 대조)
2016-08-05,다도해해상,전남,행정,지정·구역,진도 르포르타주 대마도에 봉사단이 떴다,m-economynews.com,http://www.m-economynews.com/news/article.html?no=16955,요약,규칙기반 자동분류(제목·요약 낱말 대조)
2016-07-21,변산반도,전북 부안,행정,인사·조직,"국립공원관리공단 박보현 이사장, 변산반도 점검",domin.co.kr,http://www.domin.co.kr/news/articleView.html?idxno=1116912,제목,규칙기반 자동분류(제목·요약 낱말 대조)
2016-07-06,덕유산,전북·경남,행정,인사·조직,"덕유산국립공원, 일부 계곡 출입 제한",jjan.kr,http://www.jjan.kr/news/articleView.html?idxno=1102829,제목,규칙기반 자동분류(제목·요약 낱말 대조)
2016-07-05,월출산,전남,행정,법령·제도,"월출산국립공원, 불법행위 단속 '착한 산악회' 모집",news1.kr,http://news1.kr/articles/?2710991,제목,규칙기반 자동분류(제목·요약 낱말 대조)
2016-07-03,오대산,강원,행정,협약·협력,오대산국립공원-평창재난구조협회 업무협약,newsis.com,http://www.newsis.com/pict_detail/view.html?pict_id=NISI20160703_0011878669,제목,규칙기반 자동분류(제목·요약 낱말 대조)
2016-06-30,가야산,경북·경남,행정,인사·조직,국립공원서 차지하는 가치 80% 전통사찰 문화적 기능 인정해야,ibulgyo.com,http://www.ibulgyo.com/news/articleView.html?idxno=149729,요약,규칙기반 자동분류(제목·요약 낱말 대조)
2016-06-26,(전체·공통),전국·공통,행정,연구·용역,덩치 큰 '귀요미'…완도 앞바다서 범고래떼 모습 포착,news.jtbc.co.kr,http://news.jtbc.co.kr/html/504/NB11260504.html,해당없음,규칙기반 자동분류(제목·요약 낱말 대조)
2016-06-26,다도해해상,전남,행정,기타,"범고래 6마리, 다도해서 최초로 카메라에 잡혀",news.heraldcorp.com,http://news.heraldcorp.com/view.php?ud=20160626000207,요약,규칙기반 자동분류(제목·요약 낱말 대조)
2016-06-22,경주,경북 경주,행정,협약·협력,불국사·경주국립공원사무소 업무협약,ibulgyo.com,http://www.ibulgyo.com/news/articleView.html?idxno=149581,제목,규칙기반 자동분류(제목·요약 낱말 대조)
2016-06-19,경주,경북 경주,행정,협약·협력,경주국립공원-불국사 지역문화 발전 업무협약,idaegu.com?c=2&uid=342983,http://www.idaegu.com?c=2&uid=342983,제목,규칙기반 자동분류(제목·요약 낱말 대조)
2016-06-17,경주,경북 경주,행정,협약·협력,불국사-경주국립공원사무소 업무협약 체결,news.bbsi.co.kr,http://news.bbsi.co.kr/news/articleView.html?idxno=755945,제목,규칙기반 자동분류(제목·요약 낱말 대조)
2016-06-17,경주,경북 경주,행정,협약·협력,"불국사-경주국립공원사무소, 생태복지 실현 '맞손'",kyongbuk.co.kr,http://www.kyongbuk.co.kr/?mod=news&act=articleView&idxno=962458,제목,규칙기반 자동분류(제목·요약 낱말 대조)
2016-06-16,경주,경북 경주,행정,협약·협력,불국사-경주국립공원 업무협약 체결,ksilbo.co.kr,http://www.ksilbo.co.kr/news/articleView.html?idxno=548683,제목,규칙기반 자동분류(제목·요약 낱말 대조)
2016-06-12,태안해안,충남 태안,행정,인사·조직,[태안군] 무슨 꽃인지 궁금하면? ‘모야모’에 물어봐,joongdo.co.kr,http://www.joongdo.co.kr/jsp/article/article_view.jsp?pq=201606120819,요약,규칙기반 자동분류(제목·요약 낱말 대조)
2016-06-09,치악산,강원 원주,행정,협약·협력,[원주]교육기부 활동 잇따라,kado.net,http://www.kado.net/news/articleView.html?idxno=786315,요약,규칙기반 자동분류(제목·요약 낱말 대조)
2016-06-08,태백산,강원·경북,행정,지정·구역,"강원도민체전 성화, 태백산 채화 이유는?",app.yonhapnews.co.kr,http://app.yonhapnews.co.kr/YNA/Basic/SNS/r.aspx?c=AKR20160608109600062&did=1195m,제목,규칙기반 자동분류(제목·요약 낱말 대조)
2016-06-07,월악산,충북·경북,행정,협약·협력,월악산국립공원 덕산분소·덕산파출소 업무협약,jbnews.com,http://www.jbnews.com/news/articleView.html?idxno=738922,제목,규칙기반 자동분류(제목·요약 낱말 대조)
2016-06-06,월악산,충북·경북,행정,협약·협력,[충북소식]충북북부보훈지청 9일 호국음악회 등,newsis.com,http://www.newsis.com/ar_detail/view.html?ar_id=NISX20160606_0014132094&cID=10806&pID=10800,요약,규칙기반 자동분류(제목·요약 낱말 대조)
2016-06-02,태안해안,충남 태안,행정,지정·구역,[여행]그림같은 태안해변 한번 걸어볼까유?,joongdo.co.kr,http://www.joongdo.co.kr/jsp/article/article_view.jsp?pq=201606021433,요약,규칙기반 자동분류(제목·요약 낱말 대조)
2016-05-26,한려해상,경남·전남,행정,예산·재정,"제주도의 곶자왈·오름 국립공원화 추진에 환경부 '고민', 뭐가 걸리길래...",greenpostkorea.co.kr,http://www.greenpostkorea.co.kr/news/article.html?no=61519,요약,규칙기반 자동분류(제목·요약 낱말 대조)
2016-05-25,속리산,충북·경북,행정,지정·구역,"백두대간 속 허허벌판, 조선왕조실록 수호위한 땀방울 녹아있네",idaegu.com?c=11&uid=341464,http://www.idaegu.com?c=11&uid=341464,요약,규칙기반 자동분류(제목·요약 낱말 대조)
2016-05-25,월악산,충북·경북,행정,협약·협력,"단양 대강파출소, 월악산 단양분소와 협약",jbnews.com,http://www.jbnews.com/news/articleView.html?idxno=736364,제목,규칙기반 자동분류(제목·요약 낱말 대조)
2016-05-23,치악산,강원 원주,행정,협약·협력,치악산에 소나무 400그루 식수,munhwa.com,http://www.munhwa.com/news/view.html?no=2016052301072903000002,제목,규칙기반 자동분류(제목·요약 낱말 대조)
2016-05-19,월악산,충북·경북,행정,협약·협력,“소규모 건설현장 더 안전하게” 자율안전체계 구축,cctoday.co.kr,http://www.cctoday.co.kr/?mod=news&act=articleView&idxno=977607,요약,규칙기반 자동분류(제목·요약 낱말 대조)
2016-05-12,속리산,충북·경북,행정,인사·조직,[충북] 법주사 경치보며 편안하게 걸으세요,joongdo.co.kr,http://www.joongdo.co.kr/jsp/article/article_view.jsp?pq=201605120278,요약,규칙기반 자동분류(제목·요약 낱말 대조)
2016-05-02,가야산,경북·경남,행정,인사·조직,"부산 불교계, 봉축 분위기 무르익어",news.bbsi.co.kr,http://news.bbsi.co.kr/news/articleView.html?idxno=745897,요약,규칙기반 자동분류(제목·요약 낱말 대조)
2016-04-29,소백산,충북·경북,행정,협약·협력,"영주,문경,울릉署 사고현장에 드론(무인수색장비)이 뜬다.",news.heraldcorp.com,http://news.heraldcorp.com/village/view.php?ud=201604291227176162613_10,요약,규칙기반 자동분류(제목·요약 낱말 대조)
2016-04-22,태안해안,충남 태안,행정,지정·구역,개신교 선교사 첫 발… '한글 독창성ㆍ과학성' 서양 전파,jnilbo.com,http://www.jnilbo.com/read.php3?aid=1461250800495365010,요약,규칙기반 자동분류(제목·요약 낱말 대조)
2016-04-07,지리산,전남·전북·경남,행정,인사·조직,광주~대구(옛 88올림픽 고속도로) 고속도로 ‘사고 도로’ 오명 벗나,knnews.co.kr,http://www.knnews.co.kr/news/articleView.php?idxno=1176906,요약,규칙기반 자동분류(제목·요약 낱말 대조)
2016-04-06,경주,경북 경주,행정,협약·협력,팀버랜드 등 '나무' 관련 이벤트 속속,fashionbiz.co.kr,http://www.fashionbiz.co.kr/TN/?cate=2&recom=2&idx=153396,요약,규칙기반 자동분류(제목·요약 낱말 대조)
2016-04-06,지리산,전남·전북·경남,행정,인사·조직,"광주~대구 고속도로, 죽음의 도로 오명 벗고 동서화합 촉진",newstomato.com,http://www.newstomato.com/ReadNews.aspx?no=642291,요약,규칙기반 자동분류(제목·요약 낱말 대조)
2016-04-05,경주,경북 경주,행정,협약·협력,"네파, 국립공원관리공단과 소나무 자생지 생태복원 사업 업무협약",metroseoul.co.kr,http://www.metroseoul.co.kr/news/newsview?newscd=2016040500103,요약,규칙기반 자동분류(제목·요약 낱말 대조)
2016-04-05,경주,경북 경주,행정,협약·협력,"네파, 국립공원관리공단과 소나무 자생지·생태 복원사업 업무협약 체결",dt.co.kr,http://www.dt.co.kr/contents.html?article_no=2016040502109976817011,요약,규칙기반 자동분류(제목·요약 낱말 대조)
2016-04-04,지리산,전남·전북·경남,행정,인사·조직,"[기획특집] 김학송 한국도로공사 사장, ""광주대구고속도로 통해 동서화...",cnbnews.com,http://www.cnbnews.com/news/article.html?no=320982,요약,규칙기반 자동분류(제목·요약 낱말 대조)
2016-04-02,팔공산,대구·경북,행정,지정·구역,"""4월 13일은 구의원을 뽑는 날입니다""",ohmynews.com,http://www.ohmynews.com/NWS_Web/View/at_pg.aspx?CNTN_CD=A0002196488,요약,규칙기반 자동분류(제목·요약 낱말 대조)
2016-03-25,월출산,전남,행정,법령·제도,영암군 지구단위계획 전면 재검토 시급,jnilbo.com,http://www.jnilbo.com/read.php3?aid=1458831600493068166,요약,규칙기반 자동분류(제목·요약 낱말 대조)
2016-03-23,경주,경북 경주,행정,지정·구역,[산&길] <548> 경주 구미산,news20.busan.com,http://news20.busan.com/controller/newsController.jsp?newsId=20160324000001,제목,규칙기반 자동분류(제목·요약 낱말 대조)
2016-03-21,치악산,강원 원주,행정,협약·협력,[원주]교육기부 업무협약식,kwnews.co.kr,http://www.kwnews.co.kr/view.asp?aid=216032000002&s=501,요약,규칙기반 자동분류(제목·요약 낱말 대조)
2016-02-24,경주,경북 경주,행정,협약·협력,경주시립도서관 상반기 독서·문화 프로그램 개설,gukjenews.com,http://www.gukjenews.com/news/articleView.html?idxno=432926,제목,규칙기반 자동분류(제목·요약 낱말 대조)
2016-02-16,월악산,충북·경북,행정,인사·조직,월악산국립공원사무소 해빙기 안전진단,daejonilbo.com,http://www.daejonilbo.com/news/newsitem.asp?pk_no=1203697,제목,규칙기반 자동분류(제목·요약 낱말 대조)
2016-02-02,변산반도,전북 부안,행정,인사·조직,김병채 변산반도국립공원 소장 임명,jeollailbo.com,http://www.jeollailbo.com/news/articleView.html?idxno=475093,제목,규칙기반 자동분류(제목·요약 낱말 대조)
2016-01-24,계룡산,대전·충남,행정,기타,충청권 혹한에 '꽁꽁'…사고 속출,jbnews.com,http://www.jbnews.com/news/articleView.html?idxno=710724,요약,규칙기반 자동분류(제목·요약 낱말 대조)
2016-01-15,내장산,전북·전남,행정,인사·조직,“순찰중 눈길에 그만”… 내장산 관리공단 직원 중상,news1.kr,http://news1.kr/articles/?2546196,제목,규칙기반 자동분류(제목·요약 낱말 대조)
2016-01-06,다도해해상,전남,행정,인사·조직,"영산도명품마을, 한국형 생태계서비스 구현 모델로 꼽혀",moneyweek.co.kr,http://www.moneyweek.co.kr/news/mwView.php?type=1&no=2016010615188050351&outlink=1,요약,규칙기반 자동분류(제목·요약 낱말 대조)
2016-01-06,다도해해상,전남,행정,인사·조직,"전남 신안 영산도 명품마을, 한국형 생태계서비스로 '각광'",newsway.co.kr,http://www.newsway.co.kr/view.php?tp=1&ud=2016010615534707253,요약,규칙기반 자동분류(제목·요약 낱말 대조)
2016-01-05,월악산,충북·경북,행정,지정·구역,류한우 단양군수 단양 군민에게 드리는 새해인사,breaknews.com,http://www.breaknews.com/sub_read.html?uid=420856&section=sc2,요약,규칙기반 자동분류(제목·요약 낱말 대조)
2015-12-31,(전체·공통),전국·공통,행정,기타,"[이브닝 이슈] 아듀 2015, '붉은 원숭이의 해' 새해맞이 어디서?",imnews.imbc.com,http://imnews.imbc.com/replay/2015/nw1800/article/3850565_17808.html,해당없음,규칙기반 자동분류(제목·요약 낱말 대조)
2015-12-31,설악산,강원,행정,기타,"[아듀 2015! 통일시대 100년의 소망]새 희망 가득 품은 해야, 고운 해야...",kwnews.co.kr,http://www.kwnews.co.kr/view.asp?aid=215123000155&s=501,요약,규칙기반 자동분류(제목·요약 낱말 대조)
2015-12-30,지리산,전남·전북·경남,행정,인사·조직,[기고]국민대통합의 초석 '광주-대구 고속도로',view.asiae.co.kr,http://view.asiae.co.kr/news/view.htm?idxno=2015123011003901985,요약,규칙기반 자동분류(제목·요약 낱말 대조)
2015-12-28,지리산,전남·전북·경남,행정,기타,"병신년(丙申年) 해돋이·해넘이 명소는?…'일출 명소' 지리산 노고단, 한...",starseoultv.com,http://www.starseoultv.com/news/articleView.html?idxno=373583,제목,규칙기반 자동분류(제목·요약 낱말 대조)
2015-12-28,지리산,전남·전북·경남,행정,기타,국립공원관리공단이 추천하는 해돋이·해넘이 명소 10선,imaeil.com,http://www.imaeil.com/sub_news/sub_news_view.php?news_id=71760&yy=2015,요약,규칙기반 자동분류(제목·요약 낱말 대조)
2015-12-28,한려해상,경남·전남,행정,기타,"아쉬운 해넘이, 설레는 해돋이 어디서 볼까",news.donga.com,http://news.donga.com/3/all/20151228/75597385/1,요약,규칙기반 자동분류(제목·요약 낱말 대조)
2015-12-27,변산반도,전북 부안,행정,기타,"부안 변산반도 닭이봉, 해넘이 명소 됐다",jjan.kr,http://www.jjan.kr/news/articleView.html?idxno=569799,제목,규칙기반 자동분류(제목·요약 낱말 대조)
2015-12-27,지리산,전남·전북·경남,행정,기타,해넘이·해돋이 구름이 훼방꾼,hani.co.kr,http://www.hani.co.kr/arti/society/society_general/723633.html,요약,규칙기반 자동분류(제목·요약 낱말 대조)
2015-12-27,지리산,전남·전북·경남,행정,기타,"국립공원관리공단, 안전한 국립공원 해돋이·해넘이 명소 10선",kyeongin.com,http://www.kyeongin.com/main/view.php?key=20151227010009810,요약,규칙기반 자동분류(제목·요약 낱말 대조)
2015-12-27,지리산,전남·전북·경남,행정,기타,"국립공원공단, ""해돋이 · 해넘이 명소…10선 선정""",gukjenews.com,http://www.gukjenews.com/news/articleView.html?idxno=397202,요약,규칙기반 자동분류(제목·요약 낱말 대조)
2015-12-27,지리산,전남·전북·경남,행정,기타,"국립공원관리공단, 지리산 노고단 등 해맞이ㆍ해넘이 명소 10곳 선정",etoday.co.kr,http://www.etoday.co.kr/news/section/newsview.php?idxno=1259597,제목,규칙기반 자동분류(제목·요약 낱말 대조)
2015-12-27,지리산,전남·전북·경남,행정,기타,국립공원관리공단 추천 ‘일출·일몰 명소 10곳’,hani.co.kr,http://www.hani.co.kr/arti/society/society_general/723602.html,요약,규칙기반 자동분류(제목·요약 낱말 대조)
2015-12-27,지리산,전남·전북·경남,행정,기타,국립공원이 선정한 '안전한' 해돋이-해넘이 명소 10곳,news.khan.co.kr,http://news.khan.co.kr/kh_news/khan_art_view.html?artid=201512271201261&code=940100,요약,규칙기반 자동분류(제목·요약 낱말 대조)
2015-12-27,지리산,전남·전북·경남,행정,기타,병신년 해맞이 어디서 할까?…해돋이·해넘이 명소 10선,view.asiae.co.kr,http://view.asiae.co.kr/news/view.htm?idxno=2015122710075603945,요약,규칙기반 자동분류(제목·요약 낱말 대조)
2015-12-17,금정산,부산·경남,행정,기타,[여행] 부서지고 쌓이길 억만겁…'세월의 절경'을 빚다,segye.com,http://www.segye.com/content/html/2015/12/17/20151217003306.html?OutUrl=naver,요약,규칙기반 자동분류(제목·요약 낱말 대조)
2015-12-17,금정산,부산·경남,행정,기타,억겁의 세월 속으로 떠나는 色다른 부산여행,fnnews.com,http://www.fnnews.com/news/201512171756483643,요약,규칙기반 자동분류(제목·요약 낱말 대조)
2015-12-08,지리산,전남·전북·경남,행정,인사·조직,대구~광주간 30분 단축…1시간40분이면 간다,hankyung.com,http://www.hankyung.com/news/app/newsview.php?aid=2015120806911,요약,규칙기반 자동분류(제목·요약 낱말 대조)
2015-12-08,설악산,강원,행정,법령·제도,[특집]“동계올림픽 이후 새로운 성장 동력은 山林뿐이다”,kwnews.co.kr,http://www.kwnews.co.kr/view.asp?aid=215120700027&s=101,요약,규칙기반 자동분류(제목·요약 낱말 대조)
2015-11-27,경주,경북 경주,행정,연구·용역,‘제11회 지방공무원 우수정책 제안 경진대회’ 개최,taxtimes.co.kr,http://www.taxtimes.co.kr/hous01.htm?r_id=211720,요약,규칙기반 자동분류(제목·요약 낱말 대조)
2015-11-27,경주,경북 경주,행정,연구·용역,지방공무원의 창의적인 정책제안과 연구분위기 조성 위한 제11회 지방공...,korea.kr,http://www.korea.kr/policy/pressReleaseView.do?newsId=156087577,요약,규칙기반 자동분류(제목·요약 낱말 대조)
2015-11-24,변산반도,전북 부안,행정,지정·구역,부안 엉터리 한자 안내표지판 웃음 살라,sjbnews.com,http://www.sjbnews.com/news/articleView.html?idxno=508156,요약,규칙기반 자동분류(제목·요약 낱말 대조)
2015-11-23,다도해해상,전남,행정,지정·구역,"李지사, 휴일 활용 여수 거문도·백도 방문",asiatoday.co.kr,http://www.asiatoday.co.kr/view.php?key=20151123010013122,요약,규칙기반 자동분류(제목·요약 낱말 대조)
2015-11-22,다도해해상,전남,행정,지정·구역,"이낙연 전남지사, 22일 휴일 활용 여수 거문도․백도 방문",breaknews.com,http://www.breaknews.com/sub_read.html?uid=410835&section=sc2,요약,규칙기반 자동분류(제목·요약 낱말 대조)
2015-11-22,다도해해상,전남,행정,지정·구역,"이낙연 전남도지사, 22일 휴일 활용 여수 거문도·백도 방문",view.asiae.co.kr,http://view.asiae.co.kr/news/view.htm?idxno=2015112215304701277,요약,규칙기반 자동분류(제목·요약 낱말 대조)
2015-11-22,다도해해상,전남,행정,지정·구역,"이낙연 지사, 22일 휴일...여수 거문도 · 백도 방문",newsway.co.kr,http://www.newsway.co.kr/view.php?tp=1&ud=2015112214360700079,요약,규칙기반 자동분류(제목·요약 낱말 대조)
2015-11-19,월악산,충북·경북,행정,인사·조직,"월악산국립공원사무소, 지역밀착형 공원행정 펼쳐",jbnews.com,http://www.jbnews.com/news/articleView.html?idxno=697138,제목,규칙기반 자동분류(제목·요약 낱말 대조)
2015-11-16,계룡산,대전·충남,행정,인사·조직,계룡산 동학사지구 1.3km 보행도로 개설,jbnews.com,http://www.jbnews.com/news/articleView.html?idxno=696417,제목,규칙기반 자동분류(제목·요약 낱말 대조)
2015-11-03,가야산,경북·경남,행정,인사·조직,가야산국립공원 수질오염방지 생태연못 조성,newscj.com,http://www.newscj.com/news/articleView.html?idxno=315992,제목,규칙기반 자동분류(제목·요약 낱말 대조)
2015-10-24,경주,경북 경주,행정,협약·협력,"네파, 고객과 함께하는 '소나무 식수 행사' 전개",sisaon.co.kr,http://www.sisaon.co.kr/news/articleView.html?idxno=36438,요약,규칙기반 자동분류(제목·요약 낱말 대조)
2015-10-24,경주,경북 경주,행정,협약·협력,"네파, 소나무 식수 행사 진행",ilyoseoul.co.kr,http://www.ilyoseoul.co.kr/news/articleView.html?idxno=120487,요약,규칙기반 자동분류(제목·요약 낱말 대조)
2015-10-23,경주,경북 경주,행정,협약·협력,"네파, 고객 이름으로 소나무 식수 행사",ebn.co.kr,http://www.ebn.co.kr/news/view/799195,요약,규칙기반 자동분류(제목·요약 낱말 대조)
2015-10-23,월악산,충북·경북,행정,협약·협력,"네파, 월악산에 고객 이름으로 소나무를 심다",g-enews.com,http://www.g-enews.com/ko-kr/news/article/news_all/201510231132191519087_1/article.html,제목,규칙기반 자동분류(제목·요약 낱말 대조)
2015-10-23,월악산,충북·경북,행정,협약·협력,"네파, 월악산 국립공원에서 소나무 식수 행사",osen.co.kr,http://www.osen.co.kr/article/G1110275903,제목,규칙기반 자동분류(제목·요약 낱말 대조)
2015-10-23,경주,경북 경주,행정,협약·협력,"네파, 자신의 이름이 새겨진 소나무 식수 행사 진행",sportsseoul.com,http://www.sportsseoul.com/news/read/308909,요약,규칙기반 자동분류(제목·요약 낱말 대조)
2015-10-21,경주,경북 경주,행정,연구·용역,경주국립공원 일대 '숨겨진 생태숲' 잇는다,jnilbo.com,http://www.jnilbo.com/read.php3?aid=1445353200480650332,제목,규칙기반 자동분류(제목·요약 낱말 대조)
2015-10-19,경주,경북 경주,행정,연구·용역,"경북도, 경주에 생태연결 숲 조성 나선다",newsis.com,http://www.newsis.com/ar_detail/view.html?ar_id=NISX20151019_0010358546&cID=10810&pID=10800,제목,규칙기반 자동분류(제목·요약 낱말 대조)
2015-10-12,속리산,충북·경북,행정,기타,산악안전사고 예방 유관기관 합동캠페인,bzeronews.com,http://www.bzeronews.com/news/articleView.html?idxno=154210,요약,규칙기반 자동분류(제목·요약 낱말 대조)
2015-09-18,한라산,제주,행정,의회·국정감사,"산악사고, 한라산·관악산·팔공산 순",news.khan.co.kr,http://news.khan.co.kr/kh_news/khan_art_view.html?artid=201509182231375&code=940202,제목,규칙기반 자동분류(제목·요약 낱말 대조)
2015-09-08,계룡산,대전·충남,행정,인사·조직,"선박안전기술공단, 가을맞이 국토대청결 운동",ilyo.co.kr,http://ilyo.co.kr/?ac=article_view&entry_id=141564,요약,규칙기반 자동분류(제목·요약 낱말 대조)
2015-09-03,(전체·공통),전국·공통,행정,기타,지역 활성화 정책 남발…수행환경 비상,ibulgyo.com,http://www.ibulgyo.com/news/articleView.html?idxno=143009,해당없음,규칙기반 자동분류(제목·요약 낱말 대조)
2015-08-07,다도해해상,전남,행정,협약·협력,"다도해해상서부사무소·목포경찰서, 업무협약 체결",view.asiae.co.kr,http://view.asiae.co.kr/news/view.htm?idxno=2015080715115301424,제목,규칙기반 자동분류(제목·요약 낱말 대조)
2015-08-06,다도해해상,전남,행정,협약·협력,'범죄 예방' 협약,app.yonhapnews.co.kr,http://app.yonhapnews.co.kr/YNA/Basic/SNS/r.aspx?c=PYH20150806120500054&did=1196m,요약,규칙기반 자동분류(제목·요약 낱말 대조)
2015-08-06,다도해해상,전남,행정,협약·협력,"목포경찰-다도해 서부사무소, '범죄 예방' 협약",app.yonhapnews.co.kr,http://app.yonhapnews.co.kr/YNA/Basic/SNS/r.aspx?c=AKR20150806148800054&did=1195m,요약,규칙기반 자동분류(제목·요약 낱말 대조)
2015-08-04,오대산,강원,행정,법령·제도,사진공모전 출품 위해 나무 베고 꽃 꺾어? 사자 목따는거나...,dailian.co.kr,http://www.dailian.co.kr/news/view/519576/?sc=naver,요약,규칙기반 자동분류(제목·요약 낱말 대조)
2015-07-23,(전체·공통),전국·공통,행정,기타,국립공원관리공단 추천 여름 휴가지 4선,korea.kr,http://www.korea.kr/celebrity/contributePolicyView.do?newsId=148798469,해당없음,규칙기반 자동분류(제목·요약 낱말 대조)
2015-07-05,계룡산,대전·충남,행정,협약·협력,계룡산국립공원 안전지킴이 발대식 개최,jbnews.com,http://www.jbnews.com/news/articleView.html?idxno=669390,제목,규칙기반 자동분류(제목·요약 낱말 대조)
2015-07-03,내장산,전북·전남,행정,협약·협력,국립공원관리공단 - (사)대한산악연맹 MOU체결,gukjenews.com,http://www.gukjenews.com/news/articleView.html?idxno=293750,요약,규칙기반 자동분류(제목·요약 낱말 대조)
2015-06-30,(전체·공통),전국·공통,행정,기타,"태안 노을길, 솔향기 맡으며 노을 보며 걷다",app.yonhapnews.co.kr,http://app.yonhapnews.co.kr/YNA/Basic/SNS/r.aspx?c=AKR20150629078200805&did=1195m,해당없음,규칙기반 자동분류(제목·요약 낱말 대조)
2015-06-29,월악산,충북·경북,행정,인사·조직,"월악산국립공원, 여름성수기 중점 관리",jbnews.com,http://www.jbnews.com/news/articleView.html?idxno=668002,제목,규칙기반 자동분류(제목·요약 낱말 대조)
2015-06-25,내장산,전북·전남,행정,협약·협력,"내장산국립공원, 전북산악연맹·산악회와 구조활동 업무협약",news1.kr,http://news1.kr/articles/?2299011,제목,규칙기반 자동분류(제목·요약 낱말 대조)
2015-06-23,월악산,충북·경북,행정,인사·조직,월악산국립공원 계곡 인명사고 없앤다.,dynews.co.kr,http://www.dynews.co.kr/news/articleView.html?idxno=265243,제목,규칙기반 자동분류(제목·요약 낱말 대조)
2015-06-23,월출산,전남,행정,인사·조직,영암산림항공-월출산국립공원 '인명구조' 협약,app.yonhapnews.co.kr,http://app.yonhapnews.co.kr/YNA/Basic/SNS/r.aspx?c=AKR20150623142700054&did=1195m,제목,규칙기반 자동분류(제목·요약 낱말 대조)
2015-06-23,월출산,전남,행정,협약·협력,'인명구조' 협약,app.yonhapnews.co.kr,http://app.yonhapnews.co.kr/YNA/Basic/SNS/r.aspx?c=PYH20150623133800054&did=1196m,요약,규칙기반 자동분류(제목·요약 낱말 대조)
2015-06-21,계룡산,대전·충남,행정,인사·조직,"계룡산국립공원, 불법 야간샛길산행 특별단속 나서",dynews.co.kr,http://www.dynews.co.kr/news/articleView.html?idxno=264916,제목,규칙기반 자동분류(제목·요약 낱말 대조)
2015-06-21,태백산,강원·경북,행정,기타,비로자나불 깨달음 순간은 우주 끝까지 빛을 쏘는 ‘지성의 등대’,segye.com,http://www.segye.com/content/html/2015/06/21/20150621002028.html?OutUrl=naver,요약,규칙기반 자동분류(제목·요약 낱말 대조)
2015-06-08,오대산,강원,행정,기타,국립공원 인접도로 로드킬 매년 19% 감소 추세,ikld.kr,http://www.ikld.kr/news/articleView.html?idxno=46186,요약,규칙기반 자동분류(제목·요약 낱말 대조)
2015-06-07,월악산,충북·경북,행정,기타,"""국립공원이 자연훼손"" 월악산 송계 주민 '반발'",newsis.com,http://www.newsis.com/ar_detail/view.html?ar_id=NISX20150607_0013712150&cID=10806&pID=10800,제목,규칙기반 자동분류(제목·요약 낱말 대조)
2015-06-04,(전체·공통),전국·공통,행정,협약·협력,"진도군, 코레일과 업무협약 관광 프로그램 마케팅 본격화",newsway.co.kr,http://www.newsway.co.kr/view.php?tp=1&ud=2015060411060178974,해당없음,규칙기반 자동분류(제목·요약 낱말 대조)
2015-06-03,(전체·공통),전국·공통,행정,협약·협력,진도군·코레일 업무협약… 도시민 관광객유치 시동,shinailbo.co.kr,http://www.shinailbo.co.kr/news/articleView.html?idxno=449371,해당없음,규칙기반 자동분류(제목·요약 낱말 대조)
2015-06-03,(전체·공통),전국·공통,행정,협약·협력,"""'보배섬 진도' 기차타고 오세요""…진도군-코레일, 업무협약",news1.kr,http://news1.kr/articles/?2262640,해당없음,규칙기반 자동분류(제목·요약 낱말 대조)
2015-06-01,태안해안,충남 태안,행정,인사·조직,"태안해안, 유류사고 이후 물새 번식지 증가 확인",korea.kr,http://www.korea.kr/policy/pressReleaseView.do?newsId=156054949,제목,규칙기반 자동분류(제목·요약 낱말 대조)
2015-05-18,계룡산,대전·충남,행정,인사·조직,"[지금 국세청은] 계룡산 정기 받은 국세맨들, ""5월 '위기'는 없다""",joseilbo.com,http://www.joseilbo.com/news/news_read.php?uid=258219&class=7&grp=,제목,규칙기반 자동분류(제목·요약 낱말 대조)
2015-05-13,다도해해상,전남,행정,법령·제도,다도해해상국립공원서부사무소 국립공원 지킬 착한산악회 모집,siminilbo.co.kr,http://www.siminilbo.co.kr/news/articleView.html?idxno=398519,제목,규칙기반 자동분류(제목·요약 낱말 대조)
2015-05-12,다도해해상,전남,행정,인사·조직,"다도해국립공원, 국립공원 보전 착한 산악회 모집",bizwork.co.kr,https://www.bizwork.co.kr/news/articleView.html?idxno=94403,요약,규칙기반 자동분류(제목·요약 낱말 대조)
2015-05-11,다도해해상,전남,행정,인사·조직,다도해국립공원 서부사무소 ‘착한 산악회’ 모집,view.asiae.co.kr,http://view.asiae.co.kr/news/view.htm?idxno=2015051114551982432,요약,규칙기반 자동분류(제목·요약 낱말 대조)
2015-05-08,덕유산,전북·경남,행정,인사·조직,"덕유산국립공원, 16일부터 '입산시간 지정제' 시행",news1.kr,http://news1.kr/articles/?2223215,제목,규칙기반 자동분류(제목·요약 낱말 대조)
2015-05-08,덕유산,전북·경남,행정,인사·조직,"덕유산국립공원, 입산시간 지정제 16일부터 시행",nspna.com,http://www.nspna.com/news/?mode=view&newsid=124648,제목,규칙기반 자동분류(제목·요약 낱말 대조)
2015-05-06,태안해안,충남 태안,행정,인사·조직,태안군 9일부터 몽산포 임시사무소 운영,cctoday.co.kr,http://www.cctoday.co.kr/?mod=news&act=articleView&idxno=901494,요약,규칙기반 자동분류(제목·요약 낱말 대조)
2015-05-06,다도해해상,전남,행정,지정·구역,"고흥 팔영산 등 다도해해상국립공원, 입산시간지정제 본격 시행",nspna.com,http://www.nspna.com/news/?mode=view&newsid=124293,제목,규칙기반 자동분류(제목·요약 낱말 대조)
2015-05-06,다도해해상,전남,행정,지정·구역,"""고흥 팔영산·봉래산 입산시간 확인하세요""",app.yonhapnews.co.kr,http://app.yonhapnews.co.kr/YNA/Basic/SNS/r.aspx?c=AKR20150506083500054&did=1195m,요약,규칙기반 자동분류(제목·요약 낱말 대조)
2015-05-05,월악산,충북·경북,행정,기타,전국서 가스안전공사 지역본부·지사 자율안전 계도,e2news.com,http://www.e2news.com/news/articleView.html?idxno=81529,요약,규칙기반 자동분류(제목·요약 낱말 대조)
2015-04-22,경주,경북 경주,행정,법령·제도,"[단신]경주국립공원사무소, 착한 산악회 모집",news1.kr,http://news1.kr/articles/?2198147,제목,규칙기반 자동분류(제목·요약 낱말 대조)
2015-04-19,계룡산,대전·충남,행정,인사·조직,"계룡산국립공원 ""입산시간지정제"" 시행",jbnews.com,http://www.jbnews.com/news/articleView.html?idxno=653989,제목,규칙기반 자동분류(제목·요약 낱말 대조)
2015-04-19,월악산,충북·경북,행정,인사·조직,"월악산국립공원, 주민가이드 모집",inews365.com,http://www.inews365.com/news/article.html?no=393000,제목,규칙기반 자동분류(제목·요약 낱말 대조)
2015-04-18,계룡산,대전·충남,행정,인사·조직,"계룡산국립공원, 내달 16일부터 입산시간지정제 시행",newsis.com,http://www.newsis.com/ar_detail/view.html?ar_id=NISX20150418_0013608436&cID=10807&pID=10800,제목,규칙기반 자동분류(제목·요약 낱말 대조)
2015-04-13,속리산,충북·경북,행정,인사·조직,"속리산국입공원관리공단, 산악회원 모집",jbnews.com,http://www.jbnews.com/news/articleView.html?idxno=652658,제목,규칙기반 자동분류(제목·요약 낱말 대조)
2015-04-13,속리산,충북·경북,행정,인사·조직,"속리산국립공원사무소, 내달 30일까지 '착한 산악회' 모집",news1.kr,http://news1.kr/articles/?2182651,제목,규칙기반 자동분류(제목·요약 낱말 대조)
2015-04-09,가야산,경북·경남,행정,인사·조직,"나들이의 계절, 국립공원 생태관광 떠나보자",knnews.co.kr,http://www.knnews.co.kr/news/articleView.php?idxno=1144935,요약,규칙기반 자동분류(제목·요약 낱말 대조)
2015-04-08,월악산,충북·경북,행정,인사·조직,자연을 함께 나눠요! 월악산국립공원 생태나누리 운영,ccdailynews.com,http://www.ccdailynews.com/news/articleView.html?idxno=770355,제목,규칙기반 자동분류(제목·요약 낱말 대조)
2015-04-08,소백산,충북·경북,행정,지정·구역,한국관광 100선 영주 소백산 표기 단양군 반발,cctoday.co.kr,http://www.cctoday.co.kr/?mod=news&act=articleView&idxno=895961,제목,규칙기반 자동분류(제목·요약 낱말 대조)
2015-04-08,소백산,충북·경북,행정,지정·구역,"단양군 ""소백산은 단양 땅, 한국관광 100선 수정해야""",newsis.com,http://www.newsis.com/ar_detail/view.html?ar_id=NISX20150408_0013586856&cID=10806&pID=10800,제목,규칙기반 자동분류(제목·요약 낱말 대조)
2015-04-02,팔공산,대구·경북,행정,지정·구역,국립공원에 입장료가 웬말?…관리공단은 모르쇠,idaegu.com?c=6&uid=314229,http://www.idaegu.com?c=6&uid=314229,요약,규칙기반 자동분류(제목·요약 낱말 대조)
2015-03-23,다도해해상,전남,행정,인사·조직,"[임항 논설위원의 ‘그 숲길 가보니’] 봄이 오는 길목, 청산도에서",news.kmib.co.kr,http://news.kmib.co.kr/article/view.asp?arcid=0009266301&code=61121711&cp=nv,요약,규칙기반 자동분류(제목·요약 낱말 대조)
2015-03-18,태안해안,충남 태안,행정,법령·제도,"국민권익위, 태안 관광지 진입교차로 집단민원 해결",gukjenews.com,http://www.gukjenews.com/news/articleView.html?idxno=224799,요약,규칙기반 자동분류(제목·요약 낱말 대조)
2015-03-18,태안해안,충남 태안,행정,법령·제도,권익위 태안 관광지 진입교차로 민원 현장해결,app.yonhapnews.co.kr,http://app.yonhapnews.co.kr/YNA/Basic/SNS/r.aspx?c=AKR20150318085800063&did=1195m,요약,규칙기반 자동분류(제목·요약 낱말 대조)
2015-02-16,덕유산,전북·경남,행정,인사·조직,설 연휴 가족과 걷기 좋은 국립공원 10곳 선정,news1.kr,http://news1.kr/articles/?2097601,요약,규칙기반 자동분류(제목·요약 낱말 대조)
2015-01-30,지리산,전남·전북·경남,행정,인사·조직,[인사] KDB자산운용 ; 코웨이 ; 코스콤 등,hankyung.com,http://www.hankyung.com/news/app/newsview.php?aid=2015012997571,요약,규칙기반 자동분류(제목·요약 낱말 대조)
2015-01-29,지리산,전남·전북·경남,행정,인사·조직,[인사] 국토교통부 外,n.news.naver.com,https://n.news.naver.com/mnews/article/011/0002633989?sid=102,요약,규칙기반 자동분류(제목·요약 낱말 대조)
2015-01-29,지리산,전남·전북·경남,행정,인사·조직,[1월 30일자]국립공원관리공단 인사,ccdn.co.kr,http://www.ccdn.co.kr/news/articleView.html?idxno=374950,요약,규칙기반 자동분류(제목·요약 낱말 대조)
2015-01-29,지리산,전남·전북·경남,행정,인사·조직,[인사] 기획재정부 국장급 ▦국제금융협력국장 김회정 外,hankookilbo.com,http://www.hankookilbo.com/v/d266b61aada448628057d8013fd6009e,요약,규칙기반 자동분류(제목·요약 낱말 대조)
2015-01-29,치악산,강원 원주,행정,인사·조직,국립공원 첫 여성 소장 탄생…손영임 치악산 소장,view.asiae.co.kr,http://view.asiae.co.kr/news/view.htm?idxno=2015012916260706746,제목,규칙기반 자동분류(제목·요약 낱말 대조)
2015-01-29,지리산,전남·전북·경남,행정,인사·조직,<아주경제 오늘의 인사 종합> 고용노동부 外,ajunews.com,http://www.ajunews.com/view/20150129160219367,요약,규칙기반 자동분류(제목·요약 낱말 대조)
2015-01-29,지리산,전남·전북·경남,행정,인사·조직,[인사]국립공원관리공단 1급 승진 등,edaily.co.kr,http://www.edaily.co.kr/news/newspath.asp?newsid=02797846609242640,요약,규칙기반 자동분류(제목·요약 낱말 대조)
2015-01-21,소백산,충북·경북,행정,인사·조직,"농약 먹고 죽고, 덫에 걸려 죽고…토종 여우의 비극",news.jtbc.co.kr,http://news.jtbc.co.kr/html/467/NB10733467.html,요약,규칙기반 자동분류(제목·요약 낱말 대조)
2015-01-08,다도해해상,전남,행정,지정·구역,"황홀함을 겨루다, 금오도·향일암·오동도",pressian.com,http://www.pressian.com/news/article.html?no=122995,요약,규칙기반 자동분류(제목·요약 낱말 대조)
2014-12-12,다도해해상,전남,행정,지정·구역,"100년, 등대는 모든 걸 지켜봤다",jnilbo.com,http://www.jnilbo.com/read.php3?aid=1418310000458060001,요약,규칙기반 자동분류(제목·요약 낱말 대조)
2014-12-03,경주,경북 경주,행정,인사·조직,경주국립공원 자연생태계 보호위해 공원내 묘지 이장,korea.kr,http://www.korea.kr/policy/pressReleaseView.do?newsId=156024055,제목,규칙기반 자동분류(제목·요약 낱말 대조)
2014-11-28,다도해해상,전남,행정,지정·구역,"가족ㆍ진도군민들 ""삶의 터전…세월호 인양해야""",jnilbo.com,http://www.jnilbo.com/read.php3?aid=1417100400457004002,요약,규칙기반 자동분류(제목·요약 낱말 대조)
2014-11-27,다도해해상,전남,행정,지정·구역,"[종합]가족·진도군민 ""어민 삶의 터전서 침몰 세월호 인양해야""",newsis.com,http://www.newsis.com/ar_detail/view.html?ar_id=NISX20141127_0013322606&cID=10809&pID=10800,요약,규칙기반 자동분류(제목·요약 낱말 대조)
2014-11-27,다도해해상,전남,행정,지정·구역,"가족·진도군민 ""어민 삶의 터전서 침몰 세월호 인양해야""",newsis.com,http://www.newsis.com/ar_detail/view.html?ar_id=NISX20141127_0013321766&cID=10809&pID=10800,요약,규칙기반 자동분류(제목·요약 낱말 대조)
2014-11-05,소백산,충북·경북,행정,기타,"부석사 가는 길, 왜 이리 힘드나요",hankookilbo.com,http://www.hankookilbo.com/v/43821bb411774626b4510674c31fa149,요약,규칙기반 자동분류(제목·요약 낱말 대조)
2014-11-03,태안해안,충남 태안,행정,기타,현대건설 '태안해안국립공원 자원봉사센터' 준공,newspim.com,http://www.newspim.com/common/redirect.jsp?newsId=20141103000383,제목,규칙기반 자동분류(제목·요약 낱말 대조)
2014-11-03,태안해안,충남 태안,행정,기타,현대건설 '태안해안국립공원 자원봉사센터’ 준공식 개최,mt.co.kr,http://www.mt.co.kr/view/mtview.php?type=1&no=2014110311063026825&outlink=1,제목,규칙기반 자동분류(제목·요약 낱말 대조)
2014-10-13,덕유산,전북·경남,행정,인사·조직,무주경찰서 김병기 서장 취임 100일 맞아,domin.co.kr,http://www.domin.co.kr/news/articleView.html?idxno=1042678,요약,규칙기반 자동분류(제목·요약 낱말 대조)
2014-10-06,월악산,충북·경북,행정,지정·구역,민선6기 류한우 단양군수 취임 100일 성과,gukjenews.com,http://www.gukjenews.com/news/articleView.html?idxno=141782,요약,규칙기반 자동분류(제목·요약 낱말 대조)
2014-09-06,지리산,전남·전북·경남,행정,인사·조직,현지 주민이 직접 안내하는 국립공원 여행상품 출시,news.mk.co.kr,http://news.mk.co.kr/news_forward.php?domain=news&no=1176642&year=2014,요약,규칙기반 자동분류(제목·요약 낱말 대조)
2014-09-03,가야산,경북·경남,행정,인사·조직,합천 가야산서 멧토끼 사냥하는 담비 카메라 포착,knnews.co.kr,http://www.knnews.co.kr/news/articleView.php?idxno=1122347,제목,규칙기반 자동분류(제목·요약 낱말 대조)
2014-08-29,경주,경북 경주,행정,인사·조직,"국립공원관리공단 이사장, 경주국립공원 안전점검실시",asiatoday.co.kr,http://www.asiatoday.co.kr/view.php?key=20140829010016041,제목,규칙기반 자동분류(제목·요약 낱말 대조)
2014-08-21,경주,경북 경주,행정,협약·협력,"경주국립공원, 대학생 현장실습 인턴십 운영",kyongbuk.co.kr,http://www.kyongbuk.co.kr/main/news/news_content.php?id=664058&news_area=110&news_divide=&news_local=11&effect=4,제목,규칙기반 자동분류(제목·요약 낱말 대조)
2014-08-21,태안해안,충남 태안,행정,기타,태안 유류피해 123만명 자원봉사 손길 역사 전시관 보니,daejonilbo.com,http://www.daejonilbo.com/news/newsitem.asp?pk_no=1132141,요약,규칙기반 자동분류(제목·요약 낱말 대조)
2014-08-09,가야산,경북·경남,행정,인사·조직,자연 속으로 첨벙∼ 계곡에 빠져 볼까요?,imaeil.com,http://www.imaeil.com/sub_news/sub_news_view.php?news_id=38497&yy=2014,요약,규칙기반 자동분류(제목·요약 낱말 대조)
2014-08-01,오대산,강원,행정,인사·조직,국민과 소통하는 국립공원을,kado.net,http://www.kado.net/news/articleView.html?idxno=692110,요약,규칙기반 자동분류(제목·요약 낱말 대조)
2014-07-31,가야산,경북·경남,행정,인사·조직,[뭐하꼬] 자연 속으로 ‘첨벙’,knnews.co.kr,http://www.knnews.co.kr/news/articleView.php?idxno=1118783,요약,규칙기반 자동분류(제목·요약 낱말 대조)
2014-07-31,태안해안,충남 태안,행정,인사·조직,"바닷가 물놀이, 위험 지역은 미리 피하세요",cancerline.co.kr,http://www.cancerline.co.kr/html/11117.html,요약,규칙기반 자동분류(제목·요약 낱말 대조)
2014-07-30,태안해안,충남 태안,행정,기타,"[태안군] 군의회, “물놀이 위험지역 과장보도 책임져야”",joongdo.co.kr,http://www.joongdo.co.kr/jsp/article/article_view.jsp?pq=201407300053,요약,규칙기반 자동분류(제목·요약 낱말 대조)
2014-07-29,월악산,충북·경북,행정,기타,"가스안전公충북본부, 여름피서지 가스안전 캠페인",ekn.kr,http://www.ekn.kr/news/article.html?no=103127,요약,규칙기반 자동분류(제목·요약 낱말 대조)
2014-07-27,태안해안,충남 태안,행정,지정·구역,"국립공원관리공단, 물놀이 위험지역 22곳 지정",ytnscience.co.kr,http://ytnscience.co.kr/weather/weather_view.php?s_mcd=1000&key=201407270803063001,요약,규칙기반 자동분류(제목·요약 낱말 대조)
2014-07-23,태안해안,충남 태안,행정,인사·조직,국립공원 물놀이 위험지역 22곳 집중관리,ajunews.com,http://www.ajunews.com/view/20140723172248271,요약,규칙기반 자동분류(제목·요약 낱말 대조)
2014-07-23,한려해상,경남·전남,행정,기타,"바닷가 물놀이 위험지역 22곳 선정, 미리 알고 피해야",news.mk.co.kr,http://news.mk.co.kr/news_forward.php?domain=news&no=1022994&year=2014,요약,규칙기반 자동분류(제목·요약 낱말 대조)
2014-07-23,태안해안,충남 태안,행정,지정·구역,"국립공원 물놀이 위험지역, 22곳은 어디?",etoday.co.kr,http://www.etoday.co.kr/news/section/newsview.php?idxno=955336,요약,규칙기반 자동분류(제목·요약 낱말 대조)
2014-07-03,오대산,강원,행정,지정·구역,"오대산, 시린 옥계수에 세속 근심 내려놓다",pressian.com,http://www.pressian.com/news/article.html?no=118456,제목,규칙기반 자동분류(제목·요약 낱말 대조)
2014-07-01,(전체·공통),전국·공통,행정,인사·조직,[취임사]이동진 전남 진도군수,newsway.co.kr,http://www.newsway.co.kr/view.php?tp=1&ud=2014070111330197189,해당없음,규칙기반 자동분류(제목·요약 낱말 대조)
2014-06-30,월출산,전남,행정,인사·조직,영암 월출산사무소-지역 단체 '반부패' 협약,n.news.naver.com,https://n.news.naver.com/mnews/article/001/0006988799,제목,규칙기반 자동분류(제목·요약 낱말 대조)
2014-06-19,덕유산,전북·경남,행정,인사·조직,덕유산국립공원 내 일부 계곡 출입 금지,domin.co.kr,http://www.domin.co.kr/news/articleView.html?idxno=1029427,제목,규칙기반 자동분류(제목·요약 낱말 대조)
2014-06-03,경주,경북 경주,행정,협약·협력,"경주 동국대-경주국립공원사무소, MOU 체결",nocutnews.co.kr,http://www.nocutnews.co.kr/news/4036070,제목,규칙기반 자동분류(제목·요약 낱말 대조)
2014-06-03,경주,경북 경주,행정,협약·협력,동국대-경주국립공원사무소 업무협약,newsis.com,http://www.newsis.com/ar_detail/view.html?ar_id=NISX20140603_0012959161&cID=10810&pID=10800,제목,규칙기반 자동분류(제목·요약 낱말 대조)
2014-04-11,계룡산,대전·충남,행정,인사·조직,"공주시, 반포면 민목재에 생태통로 설치",newstown.co.kr,http://www.newstown.co.kr/news/articleView.html?idxno=165440,요약,규칙기반 자동분류(제목·요약 낱말 대조)
2014-04-11,월악산,충북·경북,행정,인사·조직,선암골 생태유람길 조성 '힘 합쳐',ccdailynews.com,http://www.ccdailynews.com/sub_read.html?uid=398807&section=sc6,요약,규칙기반 자동분류(제목·요약 낱말 대조)
2014-04-10,가야산,경북·경남,행정,협약·협력,[이런일] 가야산국립공원-구미 산악연맹 업무협약,imaeil.com,http://www.imaeil.com/sub_news/sub_news_view.php?news_id=16859&yy=2014,제목,규칙기반 자동분류(제목·요약 낱말 대조)
2014-04-10,월악산,충북·경북,행정,협약·협력,"단양군, 월악산국립공원과 생태길 업무협약 체결",gukjenews.com,http://www.gukjenews.com/news/articleView.html?idxno=88421,제목,규칙기반 자동분류(제목·요약 낱말 대조)
2014-04-10,월악산,충북·경북,행정,인사·조직,단양군-월악산국립공원사무소 협약,newsis.com,http://www.newsis.com/pict_detail/view.html?pict_id=NISI20140410_0009562060,제목,규칙기반 자동분류(제목·요약 낱말 대조)
2014-04-10,월악산,충북·경북,행정,협약·협력,"단양군, 월악산국립공원과 '생태길' 업무협약",news1.kr,http://news1.kr/articles/1626715,제목,규칙기반 자동분류(제목·요약 낱말 대조)
2014-04-10,월악산,충북·경북,행정,인사·조직,"단양군-월악산국립공원, 선암골 생태길 업무 협약",newsis.com,http://www.newsis.com/ar_detail/view.html?ar_id=NISX20140410_0012846059&cID=10806&pID=10800,제목,규칙기반 자동분류(제목·요약 낱말 대조)
2014-03-24,태안해안,충남 태안,행정,기타,사용허가 퇴짜놨다 3개월만에 돌연 승인,cctoday.co.kr,http://www.cctoday.co.kr/news/articleView.html?idxno=826154,요약,규칙기반 자동분류(제목·요약 낱말 대조)
2014-03-20,다도해해상,전남,행정,협약·협력,다도해국립공원-한국해양구조협회 업무협약,honam.co.kr,http://www.honam.co.kr/read.php3?aid=1395241200437188064,요약,규칙기반 자동분류(제목·요약 낱말 대조)
2014-03-19,소백산,충북·경북,행정,법령·제도,소백산 '입산 시간 지정제' 5월부터 시행...위반시 과태료,n.news.naver.com,https://n.news.naver.com/mnews/article/011/0002484558?sid=102,제목,규칙기반 자동분류(제목·요약 낱말 대조)
2014-03-19,소백산,충북·경북,행정,법령·제도,소백산 '입산 시간 지정제' 5월부터 시행,n.news.naver.com,https://n.news.naver.com/mnews/article/001/0006814689,제목,규칙기반 자동분류(제목·요약 낱말 대조)
2014-03-13,월악산,충북·경북,행정,지정·구역,"[산사랑 산사람] 단양 만기봉, 식기봉 암릉산행",imaeil.com,http://www.imaeil.com/sub_news/sub_news_view.php?news_id=12010&yy=2014,요약,규칙기반 자동분류(제목·요약 낱말 대조)
2014-02-11,팔공산,대구·경북,행정,지정·구역,"경북도의회 문화환경委, 팔공산 국립공원 지정 폭넓은 의견수렴 거쳐",kyongbuk.co.kr,"http://www.kyongbuk.co.kr/main/news/news_content.php?id=645320&news_area=030&news_divide=03001&news_local=20,10,23,16,15&effect=4",제목,규칙기반 자동분류(제목·요약 낱말 대조)
2014-01-29,팔공산,대구·경북,행정,인사·조직,[인터뷰… 그]박보환 국립공원관리공단 이사장,kyeongin.com,http://www.kyeongin.com/news/articleView.html?idxno=805163,요약,규칙기반 자동분류(제목·요약 낱말 대조)
2014-01-25,월악산,충북·경북,행정,인사·조직,"월악산국립공원, 5월 16일부터 입산시간 지정제",jbnews.com,http://www.jbnews.com/news/articleView.html?idxno=564563,제목,규칙기반 자동분류(제목·요약 낱말 대조)
2014-01-24,월악산,충북·경북,행정,법령·제도,월악산 '입산 시간 지정제' 5월부터 시행,n.news.naver.com,https://n.news.naver.com/mnews/article/001/0006719278?sid=102,제목,규칙기반 자동분류(제목·요약 낱말 대조)
2014-01-23,소백산,충북·경북,행정,지정·구역,"소백산국립공원, 5월부터 입산시간 지정제 시행",news1.kr,http://news1.kr/articles/1509708,제목,규칙기반 자동분류(제목·요약 낱말 대조)
2014-01-20,치악산,강원 원주,행정,인사·조직,[원주]치악산 보호 입산시간 지정제 시행,kwnews.co.kr,http://www.kwnews.co.kr/view.asp?aid=214011900012&s=501,제목,규칙기반 자동분류(제목·요약 낱말 대조)
2014-01-18,치악산,강원 원주,행정,인사·조직,'치악산 입산시간 지정제' 5월16일 시행,news1.kr,http://news1.kr/articles/1500972,제목,규칙기반 자동분류(제목·요약 낱말 대조)
2014-01-14,오대산,강원,행정,인사·조직,"오대산국립공원, 입산시간지정제 운영",newsis.com,http://www.newsis.com/ar_detail/view.html?ar_id=NISX20140114_0012657167&cID=10805&pID=10800,제목,규칙기반 자동분류(제목·요약 낱말 대조)
2014-01-14,오대산,강원,행정,인사·조직,"오대산국립공원, ‘입산 시간 지정제’ 시행",news1.kr,http://news1.kr/articles/1494856,제목,규칙기반 자동분류(제목·요약 낱말 대조)
2013-12-13,가야산,경북·경남,행정,인사·조직,"가야산국립공원사무소, 스키캠프로 취약계층 지원",newsis.com,http://www.newsis.com/pict_detail/view.html?pict_id=NISI20131213_0009119319,제목,규칙기반 자동분류(제목·요약 낱말 대조)
2013-12-08,가야산,경북·경남,행정,기타,"겨울 산행 지킬 것도 준비할 것도 많다! [홍성광, 국립공원관리공단 차...",ytn.co.kr,http://www.ytn.co.kr/_ln/0103_201312081201125530,요약,규칙기반 자동분류(제목·요약 낱말 대조)
2013-11-10,덕유산,전북·경남,행정,인사·조직,[경기인터뷰] 박보환 국립공원관리공단 이사장,kyeonggi.com,http://www.kyeonggi.com/news/articleView.html?idxno=718741,요약,규칙기반 자동분류(제목·요약 낱말 대조)
2013-11-01,다도해해상,전남,행정,지정·구역,"""동백꽃 핀다, 황금자라의 섬 <비렁길> 걸을 때다""",pressian.com,http://www.pressian.com/article/article.asp?article_num=98131101220634,요약,규칙기반 자동분류(제목·요약 낱말 대조)
2013-10-24,주왕산,경북,행정,기타,[기고] 가을 산이 우리를 부르고 안전이 나를 부른다,imaeil.com,http://www.imaeil.com/sub_news/sub_news_view.php?news_id=52682&yy=2013,요약,규칙기반 자동분류(제목·요약 낱말 대조)
2013-10-21,한려해상,경남·전남,행정,기타,[올스마트]울긋불긋 가을산행… 스마트폰 앱 도우미,etoday.co.kr,http://www.etoday.co.kr/news/section/newsview.php?idxno=807915,요약,규칙기반 자동분류(제목·요약 낱말 대조)
2013-09-13,팔공산,대구·경북,행정,지정·구역,[이슈논쟁] 팔공산 국립공원 승격,imaeil.com,http://www.imaeil.com/sub_news/sub_news_view.php?news_id=45840&yy=2013,제목,규칙기반 자동분류(제목·요약 낱말 대조)
2013-08-13,덕유산,전북·경남,행정,협약·협력,무주경찰서 착한운전마일리지제 협약,sjbnews.com,http://www.sjbnews.com/news/articleView.html?idxno=439757,요약,규칙기반 자동분류(제목·요약 낱말 대조)
2013-07-18,무등산,광주·전남,행정,지정·구역,"“회초리 맞던 민주당, 좋아지고 있다”",sisapress.com,http://www.sisapress.com/news/articleView.html?idxno=60876,요약,규칙기반 자동분류(제목·요약 낱말 대조)
2013-07-04,태안해안,충남 태안,행정,기타,태안 해변길 2개 구간 6일 개통,munhwa.com,http://www.munhwa.com/news/view.html?no=2013070401071343334002,요약,규칙기반 자동분류(제목·요약 낱말 대조)
2013-06-20,오대산,강원,행정,협약·협력,[포토뉴스]오대산국립공원-강릉소방서 업무협약,kwnews.co.kr,http://www.kwnews.co.kr/view.asp?aid=213061900075&s=501,제목,규칙기반 자동분류(제목·요약 낱말 대조)
2013-06-19,오대산,강원,행정,협약·협력,"오대산국립공원, 강릉소방서와 업무협약",n.news.naver.com,https://n.news.naver.com/mnews/article/003/0005215306?sid=102,제목,규칙기반 자동분류(제목·요약 낱말 대조)
2013-06-19,오대산,강원,행정,협약·협력,강릉소방서·오대산국립공원 재해관리 협약,kado.net,http://www.kado.net/news/articleView.html?idxno=631346,제목,규칙기반 자동분류(제목·요약 낱말 대조)
2013-06-07,가야산,경북·경남,행정,인사·조직,"가야산국립공원, 장애인 생태나누리 프로그램 운영",knnews.co.kr,http://www.knnews.co.kr/news/articleView.php?idxno=1075654,제목,규칙기반 자동분류(제목·요약 낱말 대조)
2013-06-07,팔공산,대구·경북,행정,인사·조직,갈등 부른 대구시의 '3척' 행정,imaeil.com,http://www.imaeil.com/sub_news/sub_news_view.php?news_id=28655&yy=2013,요약,규칙기반 자동분류(제목·요약 낱말 대조)
2013-05-30,치악산,강원 원주,행정,협약·협력,치악산국립공원사무소·성불복지회 협약,kado.net,http://www.kado.net/news/articleView.html?idxno=628159,제목,규칙기반 자동분류(제목·요약 낱말 대조)
2013-05-29,다도해해상,전남,행정,협약·협력,부드러운 방파제로 강한 파도를 막는다,news.donga.com,http://news.donga.com/3/all/20130529/55483065/1,요약,규칙기반 자동분류(제목·요약 낱말 대조)
2013-05-24,태안해안,충남 태안,행정,기타,태안 해변길 걷기 행사 내달 1일 개최,n.news.naver.com,https://n.news.naver.com/mnews/article/003/0005167789?sid=102,요약,규칙기반 자동분류(제목·요약 낱말 대조)
2013-05-22,가야산,경북·경남,행정,인사·조직,해인사 소리길에 생태연못 조성,n.news.naver.com,https://n.news.naver.com/mnews/article/003/0005161671?sid=102,요약,규칙기반 자동분류(제목·요약 낱말 대조)
2013-04-18,다도해해상,전남,행정,인사·조직,국립공원 '팔영산 평촌마을' 벽화그리기 완료,n.news.naver.com,https://n.news.naver.com/mnews/article/003/0005095752?sid=102,요약,규칙기반 자동분류(제목·요약 낱말 대조)
2013-04-11,계룡산,대전·충남,행정,기타,"갤러리아 타임월드점, 진실한 마음과 땀방울로 실천하는 아름다운 봉사",cctoday.co.kr,http://www.cctoday.co.kr/news/articleView.html?idxno=764418,요약,규칙기반 자동분류(제목·요약 낱말 대조)
2013-02-14,무등산,광주·전남,행정,법령·제도,[산&산] <392> 광주 무등산,news20.busan.com,http://news20.busan.com/controller/newsController.jsp?newsId=20130214000046,제목,규칙기반 자동분류(제목·요약 낱말 대조)
2013-02-08,팔공산,대구·경북,행정,지정·구역,시·도의회 상생발전특위 내달 한자리에,yeongnam.com,http://www.yeongnam.com/mnews/newsview.do?mode=newsView&newskey=20130208.010050734200001,요약,규칙기반 자동분류(제목·요약 낱말 대조)
2013-02-05,다도해해상,전남,행정,기타,"""남해의 모스크바...아름다운 소안도 가요""",pressian.com,http://www.pressian.com/article/article.asp?article_num=98130205142929,요약,규칙기반 자동분류(제목·요약 낱말 대조)
2013-02-01,가야산,경북·경남,행정,지정·구역,"<엄홍길 대장과 오르는 山>칼바람에 떠는 만물상의 거북이…‘봄, 어디...",munhwa.com,http://www.munhwa.com/news/view.html?no=2013020101033533007004,요약,규칙기반 자동분류(제목·요약 낱말 대조)
2013-01-31,가야산,경북·경남,행정,인사·조직,송동주 가야산국립공원사무소장,idomin.com,http://www.idomin.com/news/articleView.html?idxno=404029,제목,규칙기반 자동분류(제목·요약 낱말 대조)
2013-01-30,소백산,충북·경북,행정,인사·조직,[인물수첩] 강낙성 소백산국립공원사무소장,imaeil.com,http://www.imaeil.com/sub_news/sub_news_view.php?news_id=4729&yy=2013,제목,규칙기반 자동분류(제목·요약 낱말 대조)
2013-01-30,오대산,강원,행정,인사·조직,"[새얼굴] ""고객중심 공원 만들기 온힘""",ccdailynews.com,http://www.ccdailynews.com/sub_read.html?uid=314933&section=sc6,요약,규칙기반 자동분류(제목·요약 낱말 대조)
2013-01-29,경주,경북 경주,행정,인사·조직,이수식 경주국립공원사무소장 부임,kyongbuk.co.kr,http://www.kyongbuk.co.kr/main/news/news_content.php?id=611243&news_area=080&news_divide=08002&news_local=11&effect=4,제목,규칙기반 자동분류(제목·요약 낱말 대조)
2013-01-25,경주,경북 경주,행정,인사·조직,[인사] 국립공원관리공단 전보발령,newstown.co.kr,http://www.newstown.co.kr/news/articleView.html?idxno=139616,요약,규칙기반 자동분류(제목·요약 낱말 대조)
2013-01-24,경주,경북 경주,행정,인사·조직,[인사] 대구지방경찰청 / 경남지방경찰청 / 제주지방해양경찰청 등,news.mk.co.kr,http://news.mk.co.kr/news_forward.php?domain=news&no=60915&year=2013,요약,규칙기반 자동분류(제목·요약 낱말 대조)
2013-01-24,경주,경북 경주,행정,인사·조직,<아주경제 오늘의 인사 종합> 한국가스기술공사 총무회계처장 서관수 外,ajunews.com,http://www.ajunews.com/common/redirect.jsp?newsId=20130124000542,요약,규칙기반 자동분류(제목·요약 낱말 대조)
2013-01-17,팔공산,대구·경북,행정,지정·구역,1월17일 그린데스크,greenpostkorea.co.kr,http://www.greenpostkorea.co.kr/news/articleView.html?idxno=23148,요약,규칙기반 자동분류(제목·요약 낱말 대조)
2012-12-27,팔공산,대구·경북,행정,지정·구역,"대구시, 대형프로젝트 가속화 등 2013년 시정방향 발표",n.news.naver.com,https://n.news.naver.com/mnews/article/003/0004900942?sid=102,요약,규칙기반 자동분류(제목·요약 낱말 대조)
2012-11-21,소백산,충북·경북,행정,기타,소백산국립공원 북부사무소 아이젠 대여,cctoday.co.kr,http://www.cctoday.co.kr/news/articleView.html?idxno=737055,제목,규칙기반 자동분류(제목·요약 낱말 대조)
2012-11-10,팔공산,대구·경북,행정,지정·구역,체인지 대구 10大정책 발표,yeongnam.com,http://www.yeongnam.com/mnews/newsview.do?mode=newsView&newskey=20121110.010040735240001,요약,규칙기반 자동분류(제목·요약 낱말 대조)
2012-11-09,팔공산,대구·경북,행정,지정·구역,"대구 시민단체 '대선, 대구권 정책공약' 마련·제시",n.news.naver.com,https://n.news.naver.com/mnews/article/003/0004818662?sid=100,요약,규칙기반 자동분류(제목·요약 낱말 대조)
2012-10-17,경주,경북 경주,행정,인사·조직,"경주국립공원, 외국인 대상 생태관광 투어",n.news.naver.com,https://n.news.naver.com/mnews/article/003/0004771975?sid=102,제목,규칙기반 자동분류(제목·요약 낱말 대조)
2012-10-15,무등산,광주·전남,행정,인사·조직,"무등산은 될 것 같다는데, 덩치 더 큰 팔공산은 왜?",imaeil.com,http://www.imaeil.com/sub_news/sub_news_view.php?news_id=56197&yy=2012,제목,규칙기반 자동분류(제목·요약 낱말 대조)
2012-10-02,덕유산,전북·경남,행정,인사·조직,국립공원내 가을철 임산물 불법 채취 특별단속 실시,korea.kr,http://www.korea.kr/policy/pressReleaseView.do?newsId=155853205&call_from=naver_news,요약,규칙기반 자동분류(제목·요약 낱말 대조)
2012-09-14,치악산,강원 원주,행정,의회·국정감사,원주 도시생태현황도 조례개정 추진,n.news.naver.com,https://n.news.naver.com/mnews/article/086/0002124771?sid=102,요약,규칙기반 자동분류(제목·요약 낱말 대조)
2012-09-13,속리산,충북·경북,행정,인사·조직,속리산 국립공원 진입로 임의 차단기 ‘말썽’,yeongnam.com,http://www.yeongnam.com/mnews/newsview.do?mode=newsView&newskey=20120913.010100739140001,제목,규칙기반 자동분류(제목·요약 낱말 대조)
2012-09-11,치악산,강원 원주,행정,의회·국정감사,[원주]도시생태현황도 적용 조례개정 추진,kwnews.co.kr,http://www.kwnews.co.kr/view.asp?aid=212091000001&s=501,요약,규칙기반 자동분류(제목·요약 낱말 대조)
2012-08-16,(전체·공통),전국·공통,행정,연구·용역,태안 해안선 1년새 육지쪽으로 26ｍ 후퇴,news.sbs.co.kr,http://news.sbs.co.kr/section_news/news_read.jsp?news_id=N1001330270,해당없음,규칙기반 자동분류(제목·요약 낱말 대조)
2012-08-08,계룡산,대전·충남,행정,기타,계룡터널 공사현장서 또 물고기 '떼죽음',gocj.net,http://www.gocj.net/news/articleView.html?idxno=44894,요약,규칙기반 자동분류(제목·요약 낱말 대조)
2012-07-23,내장산,전북·전남,행정,인사·조직,"내장산국립공원사무소, '청렴한 조직문화' 총력",n.news.naver.com,https://n.news.naver.com/mnews/article/003/0004623421?sid=102,제목,규칙기반 자동분류(제목·요약 낱말 대조)
2012-06-29,덕유산,전북·경남,행정,인사·조직,"전북소방본부-덕유산국립공원-명품마을, 3자협약",news1.kr,http://news1.kr/articles/721164,제목,규칙기반 자동분류(제목·요약 낱말 대조)
2012-06-17,팔공산,대구·경북,행정,지정·구역,팔공산을 국립공원으로!,ytn.co.kr,http://www.ytn.co.kr/_ln/0115_201206170023430384,제목,규칙기반 자동분류(제목·요약 낱말 대조)
2012-05-23,지리산,전남·전북·경남,행정,법령·제도,"국립공원관리공단, 산나물 무단 채취 특별단속",imnews.imbc.com,http://imnews.imbc.com/replay/2012/nwtoday/article/3065567_13028.html,요약,규칙기반 자동분류(제목·요약 낱말 대조)
2012-05-01,속리산,충북·경북,행정,인사·조직,[세계초대석] 정광수 국립공원관리공단 이사장,segye.com,http://www.segye.com/Articles/NEWS/SOCIETY/Article.asp?aid=20120501021753&subctg1=&subctg2=,요약,규칙기반 자동분류(제목·요약 낱말 대조)
2012-04-03,경주,경북 경주,행정,지정·구역,경주 남산 ‘불법 분묘 이전’ 지지부진,seoul.co.kr,http://www.seoul.co.kr/news/newsView.php?id=20120403015012,제목,규칙기반 자동분류(제목·요약 낱말 대조)
2012-02-23,경주,경북 경주,행정,인사·조직,"경주 남산 등산객들 ""해빙기 사고 조심하세요""",imaeil.com,http://www.imaeil.com/sub_news/sub_news_view.php?news_id=13169&yy=2012,제목,규칙기반 자동분류(제목·요약 낱말 대조)
2011-11-27,가야산,경북·경남,행정,기타,대구환경운동연합 창립 20주년 '개념 있는 콘서트' 개최,n.news.naver.com,https://n.news.naver.com/mnews/article/003/0004211483?sid=102,요약,규칙기반 자동분류(제목·요약 낱말 대조)
2011-11-18,치악산,강원 원주,행정,법령·제도,몸에 맞는 등산로?…등산로 ‘등급제’ 시행,news.kbs.co.kr,http://news.kbs.co.kr/society/2011/11/18/2390335.html,요약,규칙기반 자동분류(제목·요약 낱말 대조)
2011-10-06,치악산,강원 원주,행정,인사·조직,[원주]치악산 정상 응급처치소 운영,kwnews.co.kr,http://www.kwnews.co.kr/view.asp?aid=211100500136&s=501,제목,규칙기반 자동분류(제목·요약 낱말 대조)
2011-10-06,월악산,충북·경북,행정,인사·조직,[클릭]주민-공단이 함께 한 월악산 대청소,n.news.naver.com,https://n.news.naver.com/mnews/article/003/0004119215?sid=102,제목,규칙기반 자동분류(제목·요약 낱말 대조)
2011-06-20,치악산,강원 원주,행정,인사·조직,[환경플러스],seoul.co.kr,http://www.seoul.co.kr/news/newsView.php?id=20110620028001,요약,규칙기반 자동분류(제목·요약 낱말 대조)
2011-03-16,경주,경북 경주,행정,협약·협력,"경주국립공원사무소, 산불진화 업무협약",imaeil.com,http://www.imaeil.com/sub_news/sub_news_view.php?news_id=12664&yy=2011,제목,규칙기반 자동분류(제목·요약 낱말 대조)
2011-02-16,가야산,경북·경남,행정,예산·재정,"거창군의회, '국도 3호선 4차선 확장' 건의",n.news.naver.com,https://n.news.naver.com/mnews/article/001/0004915204?sid=100,요약,규칙기반 자동분류(제목·요약 낱말 대조)
2011-01-18,오대산,강원,행정,지정·구역,강릉 소금강지구 국립공원 해제 유보 반발,seoul.co.kr,http://www.seoul.co.kr/news/newsView.php?id=20110118015008,요약,규칙기반 자동분류(제목·요약 낱말 대조)
2010-12-15,가야산,경북·경남,행정,법령·제도,가야산 골프장 재추진 갈등 증폭,khan.co.kr,http://www.khan.co.kr/kh_news/art_view.html?artid=201012152120075&code=940701,제목,규칙기반 자동분류(제목·요약 낱말 대조)
2010-12-15,가야산,경북·경남,행정,법령·제도,가야산 골프장 20년 논란 재연,khan.co.kr,http://www.khan.co.kr/kh_news/art_view.html?artid=201012151719561&code=940701,제목,규칙기반 자동분류(제목·요약 낱말 대조)
2010-12-01,속리산,충북·경북,행정,인사·조직,국립공원 사고 대응 협약,ccdailynews.com,http://www.ccdailynews.com/section/?knum=186842,요약,규칙기반 자동분류(제목·요약 낱말 대조)
2010-11-10,내장산,전북·전남,행정,기타,국립공원과 '아이나비'가 야생동물 교통사고 방지한다,asiae.co.kr,http://www.asiae.co.kr/news/view.htm?idxno=2010111010130829949,요약,규칙기반 자동분류(제목·요약 낱말 대조)
2010-11-10,오대산,강원,행정,인사·조직,야생동물 로드킬 빈발구간 내비가 알려준다,korea.kr,http://korea.kr/newsWeb/pages/brief/categoryNews2/view.do?newsDataId=148701693&category_id=subject&section_id=EDS0201010&call_from=extlink&subjectName=society,요약,규칙기반 자동분류(제목·요약 낱말 대조)
2010-10-08,소백산,충북·경북,행정,인사·조직,"""단풍 즐기려면 준비부터 철저""",ccdailynews.com,http://www.ccdailynews.com/section/?knum=175941,요약,규칙기반 자동분류(제목·요약 낱말 대조)
2010-09-16,지리산,전남·전북·경남,행정,인사·조직,국립공원 산악지역 휴대폰 통화율 높인다,n.news.naver.com,https://n.news.naver.com/mnews/article/003/0003439358,요약,규칙기반 자동분류(제목·요약 낱말 대조)
2010-09-14,내장산,전북·전남,행정,협약·협력,익산산림항공관리소-국립공원사무소 업무협약 체결,n.news.naver.com,https://n.news.naver.com/mnews/article/003/0003436530?sid=102,요약,규칙기반 자동분류(제목·요약 낱말 대조)
2010-08-31,설악산,강원,행정,지정·구역,국립공원 해제 보류 숨은 의도있나,kado.net,http://www.kado.net/news/articleView.html?idxno=479058,요약,규칙기반 자동분류(제목·요약 낱말 대조)
2010-08-30,경주,경북 경주,행정,지정·구역,"""해제될 줄 알았는데""… 주민 허탈감 넘어 분노",kado.net,http://www.kado.net/news/articleView.html?idxno=478888,요약,규칙기반 자동분류(제목·요약 낱말 대조)
2010-08-28,설악산,강원,행정,지정·구역,"""국립공원 해제 보류 땐 파산 직면""",kado.net,http://www.kado.net/news/articleView.html?idxno=478745,요약,규칙기반 자동분류(제목·요약 낱말 대조)
2010-07-28,다도해해상,전남,행정,지정·구역,´그림의 떡´ 관매8경…그러고도 관광 진도?,dailian.co.kr,http://www.dailian.co.kr/news/news_view.htm?id=213706&sc=naver&kind=menu_code&keys=25,요약,규칙기반 자동분류(제목·요약 낱말 대조)
2010-06-27,태안해안,충남 태안,행정,법령·제도,[하반기 변화] 보금자리 90이내·5년간 거주 의무화,ajnews.co.kr,http://www.ajnews.co.kr/uhtml/read.jsp?idxno=201006271518287330276,요약,규칙기반 자동분류(제목·요약 낱말 대조)
2010-06-21,월악산,충북·경북,행정,인사·조직,"국립공원 야생동물 교통사고, 개구리와 다람쥐가 최다",korea.kr,http://korea.kr/newsWeb/pages/brief/partNews2/view.do?dataId=155552271&call_from=extlink&call_from=extlink,요약,규칙기반 자동분류(제목·요약 낱말 대조)
2010-06-20,월악산,충북·경북,행정,인사·조직,"""국립공원 로드킬, 개구리·다람쥐 최다""",asiae.co.kr,http://www.asiae.co.kr/news/view.htm?idxno=2010062010523699328,요약,규칙기반 자동분류(제목·요약 낱말 대조)
2010-06-20,월악산,충북·경북,행정,인사·조직,"국립공원 야생동물 교통사고, 개구리·다람쥐가 최다",biz.heraldm.com,http://biz.heraldm.com/common/redirect.jsp?category_id=010109020500&news_id=20100618000917,요약,규칙기반 자동분류(제목·요약 낱말 대조)
2010-05-21,경주,경북 경주,행정,협약·협력,생태관광 활성화 다자간 협약,imaeil.com,http://www.imaeil.com/sub_news/sub_news_view.php?news_id=20968&yy=2010,요약,규칙기반 자동분류(제목·요약 낱말 대조)
2010-05-20,경주,경북 경주,행정,협약·협력,"경주시, 생태관광 및 지역경제 활성화 MOU 체결",n.news.naver.com,https://n.news.naver.com/mnews/article/003/0003248981?sid=100,제목,규칙기반 자동분류(제목·요약 낱말 대조)
2010-05-20,경주,경북 경주,행정,협약·협력,"대구환경청, 경주 생태관광 활성화 협약",n.news.naver.com,https://n.news.naver.com/mnews/article/001/0003285771?sid=102,제목,규칙기반 자동분류(제목·요약 낱말 대조)
2010-05-19,경주,경북 경주,행정,협약·협력,대구환경청 '경주 생태관광' 본격화,n.news.naver.com,https://n.news.naver.com/mnews/article/003/0003247948?sid=102,제목,규칙기반 자동분류(제목·요약 낱말 대조)
2010-05-10,월악산,충북·경북,행정,인사·조직,"""도시락 배달 왔습니다""..월악산국립공원",n.news.naver.com,https://n.news.naver.com/mnews/article/001/0003267814?sid=101,제목,규칙기반 자동분류(제목·요약 낱말 대조)
2010-05-01,가야산,경북·경남,행정,법령·제도,<금주의 메모>(5월3일∼9일),n.news.naver.com,https://n.news.naver.com/mnews/article/001/0003254820?sid=102,요약,규칙기반 자동분류(제목·요약 낱말 대조)
2010-04-08,소백산,충북·경북,행정,인사·조직,<충북소식> 의병장 장지현 선생 숭모제,n.news.naver.com,https://n.news.naver.com/mnews/article/001/0003213836?sid=102,요약,규칙기반 자동분류(제목·요약 낱말 대조)
2010-04-01,지리산,전남·전북·경남,행정,협약·협력,"K2, 국립공원관리공단과 '산행안전 캠페인' 협약 체결",kr.aving.net,http://kr.aving.net/news/view.php?articleId=151775&Branch_ID=kr&rssid=naver,요약,규칙기반 자동분류(제목·요약 낱말 대조)
2010-03-02,가야산,경북·경남,행정,인사·조직,"88고속도로, 거창휴게소 관광안내판 총체적 '부실'",n.news.naver.com,https://n.news.naver.com/mnews/article/003/0003114796,요약,규칙기반 자동분류(제목·요약 낱말 대조)
2010-02-18,치악산,강원 원주,행정,협약·협력,[포토뉴스]숲치유 프로그램 업무협약,kwnews.co.kr,http://www.kwnews.co.kr/view.asp?aid=210021700183&s=501,요약,규칙기반 자동분류(제목·요약 낱말 대조)
2010-02-18,치악산,강원 원주,행정,협약·협력,민·관·군 생태관광 활성화 협약,kado.net,http://www.kado.net/news/articleView.html?idxno=452984,요약,규칙기반 자동분류(제목·요약 낱말 대조)
2010-02-17,치악산,강원 원주,행정,협약·협력,환경성 질환자 숲 치료에 민.관.군 `공조',n.news.naver.com,https://n.news.naver.com/mnews/article/001/0003127095?sid=102,요약,규칙기반 자동분류(제목·요약 낱말 대조)
2010-02-07,경주,경북 경주,행정,협약·협력,"경북, 생태관광 중심지로… 국립공원공단과 업무협약",news.kukinews.com,http://news.kukinews.com/article/view.asp?page=1&gCode=kmi&arcid=0003383213&cp=nv,요약,규칙기반 자동분류(제목·요약 낱말 대조)
2010-02-03,경주,경북 경주,행정,예산·재정,경북 생태관광 활성화 박차..국립공원공단과 협약,n.news.naver.com,https://n.news.naver.com/mnews/article/001/0003103685?sid=102,요약,규칙기반 자동분류(제목·요약 낱말 대조)
2010-02-03,속리산,충북·경북,행정,지정·구역,"김화수 ""국립공원 내 주민거주지·농경지 해제해야""",n.news.naver.com,https://n.news.naver.com/mnews/article/003/0003073486?sid=102,요약,규칙기반 자동분류(제목·요약 낱말 대조)
2010-01-28,오대산,강원,행정,협약·협력,재난대비 및 등산문화 향상위한 공동노력,dailian.co.kr,http://www.dailian.co.kr/news/news_view.htm?id=189554&sc=naver&kind=menu_code&keys=25,요약,규칙기반 자동분류(제목·요약 낱말 대조)
2010-01-27,오대산,강원,행정,협약·협력,강릉산림항공-오대산 국립공원 MOU체결,n.news.naver.com,https://n.news.naver.com/mnews/article/003/0003063264?sid=102,제목,규칙기반 자동분류(제목·요약 낱말 대조)
2010-01-01,오대산,강원,행정,인사·조직,"오대산, 비로봉·노인봉 등 해맞이 명소 안전",dailian.co.kr,http://www.dailian.co.kr/news/news_view.htm?id=186101&sc=naver&kind=menu_code&keys=25,제목,규칙기반 자동분류(제목·요약 낱말 대조)
2009-12-21,지리산,전남·전북·경남,행정,인사·조직,[인사]2009년 12월 22일,khan.co.kr,http://www.khan.co.kr/kh_news/art_view.html?artid=200912211745235&code=100401,요약,규칙기반 자동분류(제목·요약 낱말 대조)
2009-12-15,치악산,강원 원주,행정,협약·협력,원주산림항공관리소-치악산국립공원 업무협약 체결,n.news.naver.com,https://n.news.naver.com/mnews/article/003/0003000278?sid=102,제목,규칙기반 자동분류(제목·요약 낱말 대조)
2009-12-04,경주,경북 경주,행정,협약·협력,"경주국립공원사무소-울릉군, 생태관광 협약",kyongbuk.co.kr,"http://www.kyongbuk.co.kr/main/news/news_content.php?id=463689&news_area=030&news_divide=&news_local=11,17&effect=4",제목,규칙기반 자동분류(제목·요약 낱말 대조)
2009-10-29,소백산,충북·경북,행정,인사·조직,"""가을 단풍철 안전산행 하세요""",ccdailynews.com,http://www.ccdailynews.com/section/?knum=119392,요약,규칙기반 자동분류(제목·요약 낱말 대조)
2009-10-20,가야산,경북·경남,행정,협약·협력,창녕군-가야산국립공원사무소 생태관광 MOU,n.news.naver.com,https://n.news.naver.com/mnews/article/001/0002928920?sid=102,제목,규칙기반 자동분류(제목·요약 낱말 대조)
2009-10-20,가야산,경북·경남,행정,협약·협력,"창녕군-가야산국립공원사무소, 생태관광 협력",n.news.naver.com,https://n.news.naver.com/mnews/article/001/0002928898?sid=102,제목,규칙기반 자동분류(제목·요약 낱말 대조)
2009-10-20,가야산,경북·경남,행정,협약·협력,가야산국립공원 생태관광 협약,seoul.co.kr,http://www.seoul.co.kr/news/newsView.php?id=20091020027012,제목,규칙기반 자동분류(제목·요약 낱말 대조)
2009-08-14,월악산,충북·경북,행정,인사·조직,국립공원 숲 '푸르게 푸르게',ccdailynews.com,http://www.ccdailynews.com/section/?knum=110597,요약,규칙기반 자동분류(제목·요약 낱말 대조)
2009-06-18,오대산,강원,행정,지정·구역,“강원 산소·자전거길 반쪽정책”,seoul.co.kr,http://www.seoul.co.kr/news/newsView.php?id=20090618027027,요약,규칙기반 자동분류(제목·요약 낱말 대조)
2009-04-17,계룡산,대전·충남,행정,법령·제도,[문화 들여보기]불교계 ‘자연공원법 개정 추진’ 반대 왜?,khan.co.kr,http://www.khan.co.kr/kh_news/art_view.html?artid=200904171808165&code=960206,요약,규칙기반 자동분류(제목·요약 낱말 대조)
2009-03-16,경주,경북 경주,행정,인사·조직,[인물초대석]국립공원관리공단 엄홍우 이사장,n.news.naver.com,https://n.news.naver.com/mnews/article/086/0001967337?sid=110,요약,규칙기반 자동분류(제목·요약 낱말 대조)
2009-03-15,가야산,경북·경남,행정,인사·조직,<경북소식> 구미4공단 순환버스 운행,n.news.naver.com,https://n.news.naver.com/mnews/article/001/0002553459?sid=102,요약,규칙기반 자동분류(제목·요약 낱말 대조)
2009-01-26,오대산,강원,행정,지정·구역,"[新택리지]어머니 젖가슴처럼 포근하다, ‘삼재 없는 명당’ 오대산",khan.co.kr,http://www.khan.co.kr/kh_news/art_view.html?artid=200901261208442&code=900306,제목,규칙기반 자동분류(제목·요약 낱말 대조)
2009-01-13,덕유산,전북·경남,행정,인사·조직,국립공원 염소제거 작업 직원 순직,moneytoday.co.kr,http://www.moneytoday.co.kr/view/mtview.php?type=1&no=2009011310553924517&outlink=1,요약,규칙기반 자동분류(제목·요약 낱말 대조)
2008-05-29,치악산,강원 원주,행정,협약·협력,[사고] 살기좋은 지역공동체 만들기 걷기대회,seoul.co.kr,http://www.seoul.co.kr/news/newsView.php?id=20080529001012,요약,규칙기반 자동분류(제목·요약 낱말 대조)
2008-05-01,설악산,강원,행정,기타,국립공원， 지역주민이 지킨다,kukinews.com,http://www.kukinews.com/news/article/view.asp?page=1&gCode=soc&arcid=0920893377&cp=nv,요약,규칙기반 자동분류(제목·요약 낱말 대조)
2008-04-29,계룡산,대전·충남,행정,기타,"계룡산 국립공원 폐건물 방치, 대책 '글쎄요'",cbs.co.kr,http://www.cbs.co.kr/Nocut/Show.asp?IDX=813730,제목,규칙기반 자동분류(제목·요약 낱말 대조)
2008-01-28,가야산,경북·경남,행정,인사·조직,[기로에 선 국립공원]<상> 실태와 문제점,busanilbo.com,http://www.busanilbo.com/news2000/html/2008/0128/0D0020080128.1012101646.html,요약,규칙기반 자동분류(제목·요약 낱말 대조)
2007-12-27,설악산,강원,행정,기타,질높은 개발 위해 설악산 등 난개발 못할듯,seoul.co.kr,http://www.seoul.co.kr/news/newsView.php?id=20071227002013,제목,규칙기반 자동분류(제목·요약 낱말 대조)
2007-11-26,내장산,전북·전남,행정,기타,지자체 ‘명칭다툼’ 해결책 없어,n.news.naver.com,https://n.news.naver.com/mnews/article/086/0000075702?sid=102,요약,규칙기반 자동분류(제목·요약 낱말 대조)
2007-09-13,지리산,전남·전북·경남,행정,연구·용역,"국립공원관리공단, 이번엔 협의 없이 도로폐쇄",n.news.naver.com,https://n.news.naver.com/mnews/article/003/0000563543?sid=102,요약,규칙기반 자동분류(제목·요약 낱말 대조)
2007-09-10,내장산,전북·전남,행정,기타,"전북-전남, 내장산공원 명칭 변경 ‘논란’",n.news.naver.com,https://n.news.naver.com/mnews/article/003/0000558847?sid=102,제목,규칙기반 자동분류(제목·요약 낱말 대조)
2007-08-29,경주,경북 경주,행정,연구·용역,지방을 돕는 ‘경북도 정부합동감사’ 결과 발표,n.news.naver.com,https://n.news.naver.com/mnews/article/171/0000000636?sid=123,요약,규칙기반 자동분류(제목·요약 낱말 대조)
2007-08-15,계룡산,대전·충남,행정,지정·구역,"화창한 광복절, 막바지 피서객에 해수욕장 '북적'",n.news.naver.com,https://n.news.naver.com/mnews/article/003/0000528598?sid=102,요약,규칙기반 자동분류(제목·요약 낱말 대조)
2007-07-30,가야산,경북·경남,행정,인사·조직,국립공원 문화재관람료 징수…어떻게보십니까,segye.com,http://www.segye.com/Service5/ShellView.asp?TreeID=1052&PCode=0007&DataID=200707301422000089,요약,규칙기반 자동분류(제목·요약 낱말 대조)
2007-07-22,계룡산,대전·충남,행정,지정·구역,"본격적인 피서철, 바다와 계곡은 '인파 물결'",n.news.naver.com,https://n.news.naver.com/mnews/article/003/0000499930?sid=102,요약,규칙기반 자동분류(제목·요약 낱말 대조)
2006-12-05,치악산,강원 원주,행정,인사·조직,[원주]치악산 샛길 출입하지 마세요,n.news.naver.com,https://n.news.naver.com/mnews/article/087/0000105527?sid=102,제목,규칙기반 자동분류(제목·요약 낱말 대조)
2006-12-04,가야산,경북·경남,행정,지정·구역,88고속도로 성산-옥포구간 확장개통,n.news.naver.com,https://n.news.naver.com/mnews/article/086/0000050415?sid=101,요약,규칙기반 자동분류(제목·요약 낱말 대조)
2006-12-03,가야산,경북·경남,행정,지정·구역,88고속도로 성산-옥포간 6차로 확장개통,n.news.naver.com,https://n.news.naver.com/mnews/article/003/0000250450?sid=101,요약,규칙기반 자동분류(제목·요약 낱말 대조)
2006-03-16,경주,경북 경주,행정,기타,국립공원 입장료 ‘들쭉날쭉’,khan.co.kr,http://www.khan.co.kr/kh_news/art_view.html?artid=200603152237291&code=940100,요약,규칙기반 자동분류(제목·요약 낱말 대조)
2005-08-03,계룡산,대전·충남,행정,기타,"충청·전북 시민단체 ""대형 국책사업 백지화"" 촉구",n.news.naver.com,https://n.news.naver.com/mnews/article/047/0000068134?sid=100,요약,규칙기반 자동분류(제목·요약 낱말 대조)
2005-04-11,계룡산,대전·충남,행정,연구·용역,[녹색공간] 대한상의의 억측과 편견/안병옥 시민환경연구소 부소장,n.news.naver.com,https://n.news.naver.com/mnews/article/081/0000038528?sid=110,요약,규칙기반 자동분류(제목·요약 낱말 대조)
2005-02-06,계룡산,대전·충남,행정,기타,"""웰빙? 돈으로 환경을 사고 있다""",n.news.naver.com,https://n.news.naver.com/mnews/article/047/0000058100?sid=102,요약,규칙기반 자동분류(제목·요약 낱말 대조)
2005-01-11,계룡산,대전·충남,행정,기타,환경파괴 현장에 녹색희망 심을 수 있을까,n.news.naver.com,https://n.news.naver.com/mnews/article/047/0000056534?sid=102,요약,규칙기반 자동분류(제목·요약 낱말 대조)
2004-10-03,가야산,경북·경남,행정,인사·조직,[인사] 한국전기안전공사 ; 국립공원관리공단 ; 요업(세라믹)기술원,n.news.naver.com,https://n.news.naver.com/mnews/article/015/0000745566?sid=102,요약,규칙기반 자동분류(제목·요약 낱말 대조)
2004-10-03,가야산,경북·경남,행정,인사·조직,[인사] 교통개발연구원 / 우리증권 / 국립공원관리공단 등,n.news.naver.com,https://n.news.naver.com/mnews/article/009/0000396451?sid=102,요약,규칙기반 자동분류(제목·요약 낱말 대조)
2003-11-12,북한산,서울·경기,행정,법령·제도,"""극단대립 `완충지` 만들어야""",n.news.naver.com,https://n.news.naver.com/mnews/article/021/0000050560?sid=103,요약,규칙기반 자동분류(제목·요약 낱말 대조)
2003-02-18,북한산,서울·경기,행정,기타,(인수위 정책협의)⑮신도시·경인운하·고속철·교통세,n.news.naver.com,https://n.news.naver.com/mnews/article/018/0000007380?sid=101,요약,규칙기반 자동분류(제목·요약 낱말 대조)
2001-06-27,계룡산,대전·충남,행정,의회·국정감사,오늘의 일정(6월27일.수요일),n.news.naver.com,https://n.news.naver.com/mnews/article/001/0000083111?sid=100,요약,규칙기반 자동분류(제목·요약 낱말 대조)
1999-06-25,태백산,강원·경북,행정,지정·구역,<의회소식> 태백산국립공원 반대 홍보전,n.news.naver.com,https://n.news.naver.com/mnews/article/001/0004539254?sid=102,제목,규칙기반 자동분류(제목·요약 낱말 대조)
1999-06-01,태백산,강원·경북,행정,지정·구역,"태백시, 태백산 국립공원지정 반대",n.news.naver.com,https://n.news.naver.com/mnews/article/001/0004533794?sid=102,제목,규칙기반 자동분류(제목·요약 낱말 대조)
1991-09-14,오대산,강원,행정,기타,오대선계곡 등 천혜 자연경관 마구 훼손,n.news.naver.com,https://n.news.naver.com/mnews/article/001/0003501239?sid=101,요약,규칙기반 자동분류(제목·요약 낱말 대조)
