공원,섹터,대표제목,보도건수,언론사수,언론사목록,최초보도일,최종보도일,대표링크
한려해상,재난안전,"“주민 안전이 최우선”…한려해상국립공원, 폭염 대응 강화",1555,326,AI타임스 · BBS불교방송 · DFT 대한금융신문 · DWBNEWS · G1방송 · HKBC환경방송 · JTBC · K-Life TV · KBC광주방송 · KBS 뉴스,2002-11-29,2026-08-13,https://news.google.com/rss/articles/CBMib0FVX3lxTE5waThPLW4zRkhOX29XX1R5bUw4Zy1TczZQOTVzam1oVmJkX1dYNUtuWFp0NGpLdmh6X1ZIc3ZRQVc0Wk1Ib0ZDdEp2NVVyN0h0bW85ZFBTOUl3U2tYUklYWUtaUWpRVzRERnVTYS1Odw?oc=5
월출산,재난안전,월출산국립공원 구름다리 구간 출입금지,454,136,BBS불교방송 · HKBC환경방송 · KBC광주방송 · KBS 뉴스 · KPI뉴스 · K스피릿 · LG헬로비전 · OhmyNews · YTN 사이언스 · busan.fnnews.com,2002-12-02,2026-08-15,https://news.google.com/rss/articles/CBMiY0FVX3lxTE9BaTE4bktHV0xONGtwVnFodFF1ZmFHdGw4c1E4amlMbXZtMVpLSFIzMktGMDZ4N1F1V3BFdE9yTEJudXR2dG9nWjF1c3dQaktCSVhnRmd5NGJFUFlaUVJVR1pkQQ?oc=5
주왕산,구조활동,“미처 피지 못한 꽃”…주왕산 실종 초등생 비보에 애도 물결,98,61,JTBC · KBC광주방송 · KBS 뉴스 · MBN 홈페이지 · OhmyNews · YTN · bplusnews.com · hidomin.com · news.sbs.co.kr · newstopia.co.kr,2026-05-11,2026-08-11,https://news.google.com/rss/articles/CBMiY0FVX3lxTE5ZX0VIQWdjb3ZFT0d1TTVrT3hxU2pJeWpSNGJSby04bkl6cWNqaC02VG5DM05BUERnb0M1Y05uOVVDT1o5Z1k0aHpCZW1WbnpzRzQ0MEtiN01veXZHcGhJQ3JzUQ?oc=5
(전체·공통),기타,‘제6회 국립공원의 날 기념식’ 부산 벡스코서 개최,91,52,BBS불교방송 · DWBNEWS · KBS 뉴스 · LG헬로비전 · OhmyNews · YTN · btnnews.tv · civicnews.com · ecojournal.co.kr · knn.co.kr,2011-06-08,2026-08-15,https://news.google.com/rss/articles/CBMid0FVX3lxTE1QaVllYWRNWHRtYUFyZm9VWVNqeXJZNXd5TUtzMjFLanU0Skg3YmdjUUIxUmZTb2pYSE1TbzF2UjdTeUJLV3NPMHEyWk9selFYZkpPTEFkVTluanJuQ2xPXzY2WjhaNDZaYnBueU9CdkNzSUVpRThj?oc=5
내장산,자원보전,멸종위기 2급 '진노랑상사화' 전북 내장산서 개화,46,31,BBS불교방송 · Vietnam.vn · ecojournal.co.kr · ihopenews.com · insight.co.kr · knn.co.kr · kyongbuk.co.kr · v.daum.net · 경남일보 · 경향신문,2024-02-14,2026-07-30,https://news.google.com/rss/articles/CBMiUkFVX3lxTFBrdmM5ZVExZW4zaDAyWTA1TkJQV1I2eHJiX2swQXhpMzJMdGRTR2duMVNwQVdISUYtOUxNT3ExWHJFTHVLU05ZY0FUZk9LRWdHaHc?oc=5
주왕산,구조활동,"주왕산 실종 초등생, 국과수 부검 결과 “추락사 추정” 예비 소견",33,25,YTN · dt.co.kr · hidomin.com · imnews.imbc.com · news.sbs.co.kr · twig24.com · v.daum.net · 경향신문 · 네이트 · 대경일보,2026-05-11,2026-05-14,https://news.google.com/rss/articles/CBMiWkFVX3lxTE5JQlY2ZGIwdllYUDctV3p2TzQxOWhFVENPRGVjNUpwM2RrRmtET2F6UXVlQUYwSWRNcGU3T21yeUt3QUVoZ1A1LUFzLTNBMEt3TjhGelJOelJSQdIBX0FVX3lxTE4xNGRBZDNPcElMeEJVX1Nsd0JHLXc1ampRblVrRnMtZnZid3BCSXVGMDlTTWU1UUlsNk1ablJXNXFCeHB2WGRpLXRyNkNlZjVnUFFIQVdNX2NNRUJ4b0xJ?oc=5
금정산,행정,금정산국립공원사무소 이현태 신임 소장 부임,29,23,ecojournal.co.kr · geojeoneul.com · hanryeotoday.com · kyongbuk.co.kr · 강원도민일보 · 경남도민신문 · 국제신문 · 남도방송 · 뉴스1 · 뉴스홈(newshome),2014-02-07,2026-07-01,https://news.google.com/rss/articles/CBMiW0FVX3lxTE1fSE5oT0NsTXJBdVdtT3pBTEE4TjN2cVhNN09RQks2NWxNNElHalhzMXVmZndka3dfWjJRd0s1b0NPTTBGN25mRUpUUzBPVklBdldMT0NWaVRRcDDSAWBBVV95cUxNejNtdVRXTE5BNGNlZS1adVdCNERSbnFOUjE0WEYxYmJwLWFObk5FTUpack53aTZoOUs0anlsdVBQUHJhVFBxazhVdUxsY2xLcl9tQ3UtZ182TC04WWNXRGc?oc=5
태안해안,자원보전,"태안해안국립공원사무소, 멸종위기 야생생물 닻무늬길앞잡이 인공증식 방사 후 첫 발견",25,20,2news.co.kr · KBS 뉴스 · ecojournal.co.kr · news.sbs.co.kr · 광주데일리뉴스 · 국제일보 · 네이트 · 뉴스1 · 뉴시스 · 바끄로뉴스,2016-05-23,2026-08-11,https://news.google.com/rss/articles/CBMiZEFVX3lxTE12THRscDhGLVZpTjBaVDBtSS1USUFCa3NkQV9nd0hCVkRMMzJmNlVad0ROc0JjNWxRTmtKQTB4ZkFTLXM4Q0k0WTFXRmRiVjQ3NWZZbE9OVUFkRzR6dHYxRHFNVEE?oc=5
지리산,기타,지리산·북한산 등 국립공원 내 독립운동 역사문화자원 재조명,18,16,ecojournal.co.kr · edaily.co.kr · 네이트 · 뉴스1 · 대한민국 정책브리핑 · 데일리안 · 디스커버리뉴스(DISCOVERYNEWS) · 브릿지경제 · 아시아투데이 · 에코타임스,2021-07-12,2026-08-15,https://news.google.com/rss/articles/CBMiigFBVV95cUxOdlhtSExiUGQ5YnV5a2hvODNxN1RuQzNEcTVpN0otSGZhTDlreUZUbGxxMUZxc0VhdFpNQkRIUVo4WWtldXlOY2JnRzVzRnd6RnFNY2NlUmVqZE9CWEhiYVBDN3AtVXo3RVdfaXo2R3dBbGxSNTFYVl93MlNXczhqQTZHdGdKSzJmVXc?oc=5
한려해상,자원보전,"한려해상국립공원동부사무소, 시민과 함께 둔한진총산호 신규 서식지 발견",15,15,KBS 뉴스 · ecojournal.co.kr · geojetimes.co.kr · 거제뉴스광장 · 국제신문 · 금강일보 · 뉴스1 · 뉴스경남 · 뉴시스 · 드림투데이,2016-03-01,2026-08-13,https://news.google.com/rss/articles/CBMibkFVX3lxTE44c21CRndvZGV5UkozVjExSEx3TmRRMGhzb2ZEcEEtcDd2cmNhaTlhdHRadTJYU2drR21yaV81UDFnRG00SFc0Yzd5bFFLMTBpdEZMQld4S3MtZ3dXVmMxM2hRbVBGd0gzOXBhYjhB?oc=5
설악산,구조활동,설악산서 암벽등반 중 3m 아래 추락 50대 헬기 이송,17,14,JTBC · ecojournal.co.kr · gukjenews.com · twig24.com · v.daum.net · 강원도민일보 · 네이트 · 뉴닉 · 뉴스핌 · 동아일보,2025-06-19,2026-08-01,https://news.google.com/rss/articles/CBMidkFVX3lxTE1OcWQ0QXJRVjBxVW8wOGNZQ0VRWEtnUk5Kci0wWUdpbThfS0VaRDc1eFZSWUVlQThVYUtzbHItQ3BuRUV2MF9CZWJ4bGpDemNDUWZyU2wxWGdtV1drOGFDMDdpS2R3NWhIc0tZRUswSHZEcHVnNVHSAWZBVV95cUxNaGM2UmlsdHNXZi1aZ2k2QTJaWklpZ3pPOEJBRHVvNG1DckdtQS1Jd2JmN29BZDNfZzdraEc2Zmd4UEtNNlBIRExIWWUzOE1yOFBUNHVuajFtbGFCWVQ5TWgyVTFPZHc?oc=5
(전체·공통),기타,국립공원 22개 섬 해양쓰레기 집중관리…주민 참여로 여름철 대응 강화,14,14,ecojournal.co.kr · v.daum.net · 뉴스1 · 산경e뉴스 · 서울뉴스통신 · 세종충청뉴스 · 에너지데일리 · 에코타임스 · 워터저널 · 전기신문,2024-04-15,2026-08-07,https://news.google.com/rss/articles/CBMiY0FVX3lxTE02WjY4ZlR1VVBhWnVnSHA0QWVVZTdJMTlPUWZtX2hmdXc3ZERxSmlSX0dTSGJOeXlCNlpIZll1enNtVThrOE5VSjg5cC0zRW52RUVHd0VHNHFjQVkwdW8xdkV0WQ?oc=5
한려해상,자원보전,한려해상 국립공원사무소 여름철 불법행위 단속,12,12,KBS 뉴스 · csynews.com · seobunews.com · v.daum.net · 강원신문 · 매일일보 · 모빅경제 · 부안독립신문 · 브런치 · 투데이충남,2024-12-03,2026-08-07,https://news.google.com/rss/articles/CBMiW0FVX3lxTE0wb1FzZk91WDRWcFZtUGQ0bUNlSl9OdkZrd0Z4dlpXMTc0bWtlR0J6S1pvSV9PS0xzNFRPX09aOXhIX1NtQVpmLVR2SGgxU1FwYVRURE1wSjV6Y2s?oc=5
북한산,기타,"북한산국립공원, 「북한산 글로벌 레인저스」 본격 운영",12,11,OhmyNews · boannews.com · ecojournal.co.kr · 국토일보 · 네이트 · 동북일보 · 브레이크뉴스 · 시사투데이 · 이미디어 · 일요서울i,2019-05-12,2026-08-17,https://news.google.com/rss/articles/CBMib0FVX3lxTE1sQlFxZld3aUd6dzY4VDNIMkVNMEdRT3d4cC0teGw4LW5ucHJTSDVsRmczeXVhZUFMM19WWUktVWljNk5JODVsNFF0bmRJU2dHeXBlaTRwbmV5a1JSYWpaVUlKY19haGlXT3hkZUMwQQ?oc=5
(전체·공통),기타,국립공원 안전장비 무료 대여,12,11,2news.co.kr · DWBNEWS · v.daum.net · 교통뉴스 · 뉴시스 · 서울Pn · 시사일보 · 워터저널 · 의학신문 · 헤럴드경제,2023-08-03,2026-05-29,https://news.google.com/rss/articles/CBMiaEFVX3lxTE16Z1lDTmJiblpYV29qVVlLT1VYTkx3OFNqRldyeUVBcUdmdTNiVVBTajVyZktmTDQ5VDR1dXZ6eVk3eWVhTUxxX3hSTzZPT3Nqb0JyS3FycHZ0c3I5YlVGTjRCN2VPOEhh?oc=5
지리산,기타,[사진뉴스] 지리산 여름 야생화,11,11,LG헬로비전 · gukjenews.com · idomin.com · 경남도민신문 · 경남일보 · 더팩트 · 디트NEWS24 · 로컬세계 · 아시아경제 · 웹이코노미,2024-02-20,2026-08-13,https://news.google.com/rss/articles/CBMiakFVX3lxTE5xc2VxTEgzbGU3SzJTSF9VNGFZSTQ3ZUFSSkhKU25PTEN3YTVucTlrYzVTTmVEU3pHLWZyU3dYM1hZSnNfa0g5R1dmeXlvbzVTcFJsQ0ZnTVVUeThyeFVGZHhZZGhtWkFoZGc?oc=5
한라산,기타,"""백록담 몰래 들어가 물 떠 마시고, 용변까지..."" '도 넘은' 한라산 등반객들 - 머니투데이",11,10,sedaily.com · v.daum.net · 경향신문 · 매일경제 · 머니투데이 · 미주중앙일보 · 제주뉴스 · 조세일보 · 한국일보 · 헤드라인제주,2026-07-15,2026-07-24,https://news.google.com/rss/articles/CBMia0FVX3lxTFA4WTJYSEhKX3ZKNEhSYXlZWWlkYVY4YXZyV2ZuUFdWbVhrMlc4el9PdWhVcDJsVW9aTXhRaGJ0aXNHVS14T2RDQnFyR1hqLVZwWHJaZWRQRU9meXl1eldaNXEwVjZiMEQ4UXJv0gFwQVVfeXFMTnVnNTZrR0dhb0NGRThTekF1Z1ZEODJLYlFFajFiX2xXYjE3TWNnNDZuai1LOG9Jc0xreng0S3lSY1ZUZ0lpSmw0SnZCZkxqenNFSDNSbE1BeldWU3puTGZPZklKcGtySmdYbmkzLXJacA?oc=5
덕유산,재난안전,무주 덕유산국립공원 불...3시간 만에 주불 진화,10,10,BBS불교방송 · KBS 뉴스 · YTN · dt.co.kr · news.sbs.co.kr · 네이트 · 뉴스홈(newshome) · 뉴시스 · 더코리아 · 연합뉴스,2026-03-27,2026-05-02,https://news.google.com/rss/articles/CBMiXkFVX3lxTE1UUEphVTl4TjNkRXhlblY5XzRVajZCYVc3b0pXYzhmR1NhaGluZnhxOVV1UnJwbU9aM05CcEZCT2RlOXB0VVFKby1USDlUb2pJMkUzejR0M09oemVzVkE?oc=5
설악산,탐방시설,"[강원 고성 24시] 강원도 고성, 설악산 첫 탐방로 확정…50여년 만에 법정길 열려",10,10,강원도민일보 · 노컷뉴스 · 뉴시스 · 바끄로뉴스 · 시사저널 · 신아일보 · 연합뉴스 · 월간산 · 조선일보 · 한겨레,2016-11-19,2026-02-19,https://news.google.com/rss/articles/CBMib0FVX3lxTFBDTEdRcXhQSnp0aWdSMUNRdjVFWXd3MHdRYTlGcDloMlhROHBIM2tZY1kyLUktaWtQVG1KbUk5UTNtbzZPNUQwWnZPcFpoNXozSTFmTWZtRHFuZm15akk4QkljSlg4S1RCZEhlQlQ3a9IBc0FVX3lxTFA1SWZpTFNCWkJ1WmlmNWdOZXJaUElnMlVvYm9Ed210YkdVcWp2YVcxdTM1VHBEOGFkc0lkd3pvcWVHQjNKTVk2MmVRdEltZjhvNlYxZm1RdDNtZzNQakNRbGpadG8wMFpaTlpQSWNoNXJrSDQ?oc=5
설악산,기타,“설악산에 유리 다리?”…가짜 영상에 설악산도 당황,10,9,v.daum.net · 강원도민일보 · 강원일보 · 동아일보 · 연합뉴스 · 연합뉴스TV · 조선일보 · 중앙일보 · 한국경제,2026-01-20,2026-01-22,https://news.google.com/rss/articles/CBMiRkFVX3lxTE10c2psUE9oWkhOOG1wQ0dHTXZRVThtVEJwQWhCRHBVamttX0NTT2VRRUFoaDBJMDduSnUzb0RUQzYycXA4Wmc?oc=5
지리산,재난안전,"지리산국립공원전남사무소, 물놀이 사고 예방 총력...유관기관 합동 안전관리 강화",10,8,ecojournal.co.kr · 네이트 · 뉴스1 · 뉴시스 · 대한투데이 · 동북일보 · 헤럴드경제 미주판 · 환경법률신문,2026-07-07,2026-08-09,https://news.google.com/rss/articles/CBMiakFVX3lxTE11eGhpLXF1cE4wcGNGajBhOC1uVXVjV05xOWdPQWtjcjZ1UDRXQUpURHhZYm1wb3ZCU19iOV9TYXlDendqajN6VFlsT1BGNjZhSUo3ZjhLSHY4eU5Ga0FiaGFLSzM3dTVCRGc?oc=5
소백산,자원보전,국립공원공단 소백산에 여우 28마리 추가 방사··· 현재 110마리 서식,9,8,MBN 홈페이지 · sportalkorea.com · v.daum.net · 뉴스1 · 소년한국일보 · 안동인터넷뉴스 · 의학신문 · 한겨레,2026-08-06,2026-08-10,https://news.google.com/rss/articles/CBMibEFVX3lxTE9FZ2psTFR2SmJQVzlvdUdULXB1Qm02ZEZmeXVKejJXNmNkS2F6czlmUzlpTnMzMnJiaVdfcklhdU8tRzQ2b1dnV1dkMWoxQ2k4cmVqNzJEMFVrSktTNGVOWnhGSE9fcXpteG92TdIBcEFVX3lxTE83RFNrbURyZEp1YjZQbU9mQUY5ZTRPTVRabEdFd1hISF9JVm1kX0pKVXVQMzFHTjZqNk9DRVRYcFQzOHEwSGZXWmhZZW42NVc4UEQ3MVJ1WGxXYkJZaUVmdElDa1kyRjYzWks1OUE2MDk?oc=5
팔공산,자원보전,대구 도심에 팔공산을 심다…미션형 생태관광 '팔.도심',8,8,BBS불교방송 · v.daum.net · 네이트 · 뉴시스 · 세계일보 · 연합뉴스 · 이로운넷 · 한국경제,2024-04-17,2026-08-11,https://news.google.com/rss/articles/CBMiYEFVX3lxTE91ODBocjZ5SGxUUlhlZF90UEEyQzEwZUc1bGxsaTV3dmppWnpnQ1dYUzdSOEQ3WXFxTFc2d0YxLUVGWTZYSWlOZC1kUklORjR1QVJuRWNzSVBmQ0Z3UGVONdIBeEFVX3lxTE9JRnFfdzhMM2xoMC1uOXQ3TkJENjEwSHc0VjhKcE0zYzdIM2dmOHRhUDR2bVl1cldaUndLem0ybjFJWm9UY2YzZHpPMHJEeVNHRVc0Zk84QWpuSTZjdjZhTXA2SE1xZkxHZjhMQ3gzRmJtOEdWLWJ5RQ?oc=5
한려해상,자원보전,"국립공원, 지역 생태관광 확대…“주왕산 절골계곡·한려해상 섬으로 오세요”",8,8,dt.co.kr · 경남일보 · 뉴스데일리 · 더브리프뉴스 · 디스커버리뉴스(DISCOVERYNEWS) · 전자신문 · 한국시사경제 · 환경방송,2026-06-21,2026-06-21,https://news.google.com/rss/articles/CBMiTkFVX3lxTE9TVldHbG1rakp3eXJkdi1yZHpDUjM0LXplMnNsUzMwX0hrX2p3NFhEbkhoRW1lS0lScmI2eFVldmpJaDVxT29IamJRamJJUQ?oc=5
금정산,자원보전,금정산국립공원 마스코트 깃대종에 가는동자꽃과 고리도롱뇽,11,7,v.daum.net · 경향신문 · 국제신문 · 뉴시스 · 부산일보 · 소년한국일보 · 연합뉴스,2025-12-17,2026-04-23,https://news.google.com/rss/articles/CBMiW0FVX3lxTE9MSUJ5eEF5UEF0Q1dMUVE2SWRfek9fMjBUU25GZDBQQmt1RklobFNLTkdrMDdVdG1KR2c2QTRIRmQzMzNVVTlmS3ZOXzVhSURySVkwbjJiQUpIU03SAWBBVV95cUxPT1gyUk01U3F3VW9pdzNnSXBuVTFSQkFVTFdjb0ZURzFCckZ2NVEtQjVtYm85X0xHVFJaLW9SdTk5X0k2b1lhUTlFTUN4YnRDazhWUFJrY25qbThtR3dNTkw?oc=5
금정산,기타,"부산 동래구, 금정산 국립공원 연계 지역 경제 활성화 위해 현장 속으로",8,7,gukjenews.com · 국제신문 · 뉴스핌 · 에너지경제신문 · 여행레저신문 · 연합뉴스 · 한국방송뉴스,2025-12-01,2026-08-11,https://news.google.com/rss/articles/CBMiW0FVX3lxTE5nMEhaVTZESkw1a0pxb0Q4YkJwTmRaOXBLZkdmalRJamVIQ1hBcDFtdWxUQ0dtak9yekZpaDdMeXVHSTF0cjN3ZWFFbEVWRU1wTTNPaGNJRVRRdjQ?oc=5
경주,탐방시설,"걷기쉽고 안전하게, 경주국립공원 남산 열암곡 탐방로 안전시설 조성",8,7,BBS불교방송 · GBN 경북방송 · hidomin.com · v.daum.net · 경주신문 · 뉴시스 · 연합뉴스,2026-08-03,2026-08-07,https://news.google.com/rss/articles/CBMiTEFVX3lxTE10dGlxRVZ4QllHelhwNy1admkzRVBvOXoyanAyUFhhRW9rZ29OQXktQnVLeE9qYXU1NTBlTWptTW5LV01yMEgyMjFTYk0?oc=5
경주,기타,"경주국립공원사무소, 경주 명산 오악잇기 스탬프 투어 실시",8,7,경북신문 · 경주신문 · 경주포커스 · 네이트 · 뉴시스 · 대경일보 · 신아일보,2025-08-26,2026-06-22,https://news.google.com/rss/articles/CBMiWEFVX3lxTE5BVEFKUXJVWG9aQkhQQkxFblFvMjFZR3VoUHdCd0lPQ2p1NDZQakJXSHNTU2t6MnNfVlRDWVE2TGRDU05xdmotcnZSSHJSdHVnOFJFTERDLUQ?oc=5
태백산,기타,"태백시, ‘2026 태백산 철쭉 전국 등반대회’ 개최",7,7,LG헬로비전 · 강릉뉴스 · 강원일보 · 영등포신문 · 일간투데이 · 푸른한국닷컴 · 한국미디어뉴스,2026-01-05,2026-05-21,https://news.google.com/rss/articles/CBMibkFVX3lxTFBMV2ZEQnRwd1pRRm81THBlT2lVZi1QbVJLdDdYRTBiLTFxUDdXUUN0MTU3WU1NaTVWX3lXZExONlVNYUlyUFZVa0JiSlBNLXc4XzZfcHZrTDg1ZHExZF9TekFHbzBhc0NJbGRyUHJ30gFyQVVfeXFMT2RKekpSR2dHOHJraWk0RWJ6SENia2tRcVpfa1d5QWxnZmlDWmh4aDd0WlhNNHdQXzgwZ0FVX0hSWTJGYXhFQUJzM05yTHJVdkEwdUFjQlBZbWhUZGpmVkQ1RVlkdVdOeEVsUm1yTjhOQVFB?oc=5
무등산,기타,무등산국립공원 원효계곡 일원 상가 철거,7,7,남도일보 · 뉴시스 · 머니투데이 · 서울신문 · 연합뉴스 · 헤럴드경제 · 환경일보,2026-05-12,2026-05-13,https://news.google.com/rss/articles/CBMiaEFVX3lxTFBJYm9CTW1TbDBEdmhtaVNYOHJwbWJyck02Uk1uSHloV1pKUjBDRzR4dFFrNmsyTm5nZFFsU3gyb3BvWGxCWlNCbC1YRWFJTkJWdmxBdnlvRFFFaXVzWjFpWERMSnFyNDdS?oc=5
북한산,기타,국립공원 걷기 좋은 길 선정 북한산 '구름정원길'로 사뿐사뿐,7,6,KBS 뉴스 · v.daum.net · 대한민국 정책브리핑 · 동아일보 · 연합뉴스 · 의학신문,2026-04-30,2026-05-27,https://news.google.com/rss/articles/CBMiakFVX3lxTE9YX2w4M2xZQTlyU1ptQ01VTkV6XzN4c1JMaUQ5V2I3UGQybDdOY2U2ZzA1ZDdieU5WZGFLX0tFR3VGTFloMUJ5ekxRaXhIaTZmQnBhbkg5bW5oNXpTbVRFcjRadkJreFBXaXc?oc=5
설악산,구조활동,설악산 권금성서 폴란드 여성 심정지로 숨져,6,6,ecojournal.co.kr · imnews.imbc.com · v.daum.net · 연합뉴스 · 월간산 · 진일보,2026-06-27,2026-08-07,https://news.google.com/rss/articles/CBMiZkFVX3lxTE9hWkhBMElxQ00xUEVWYVpSRkt6dDhUQmM4RGVKeWRsRlN1SkpEZFpKb2Q0eWNyN1RETkV4UnNwMGRUUExTVmpTcEp1VVNaQW51Y2FsRU90WUJCelZid2dkSThwZGNnQdIBakFVX3lxTFBfTXB2NVM2ZmJGVDFTX1haWldYd1Q3NG9xc2k2Mko3YU9QOGl0Q3F3U2tuaXA3UGprcmlILXBGT1J4Nl9vbE54UE9UcmN2VlZYeUI3OC05YVcxQUIxeTZhbUJ4UUVJYzJXMkE?oc=5
설악산,구조활동,설악산서 또 추락…주말 사이 60대 등산객 2명 중상,6,6,news.sbs.co.kr · 경기일보 · 네이트 · 연합뉴스 · 조선일보 · 한겨레,2026-06-12,2026-07-05,https://news.google.com/rss/articles/CBMiW0FVX3lxTFA4Qnk2TVhSVTBzVGpsbHhMQzdfbW1rd2xiblEzVVMwOHFLSnN5SzNpWThxdmtYUkhuOV9WME96ZUF3ek1mQlFEUUtQNUFQOFprT2w2akFPLVJjelk?oc=5
내장산,기타,“국립공원에 32홀 파크골프장?”…내장산 개발 논란 확산,6,6,경향신문 · 공뉴스 · 세이프타임즈 · 중앙일보 · 지이코노미 · 한국일보,2026-05-12,2026-05-20,https://news.google.com/rss/articles/CBMibEFVX3lxTE1Ub2N3SG9JbzhjeUIzM0VxM1JoRnhZaFJkdmxDc0MtQUJZWmJYdlh3UDFtOXVocVRKX3dZMHhkdWtkMkY0Y244bmtNMVpqN0dJSk5LQ25VUEdzeC1UUUlEZG9NajQ3RnBfZXAwTg?oc=5
계룡산,탐방시설,"계룡산국립공원, 야생화 봄꽃 개화… 탐방로 향기 가득",6,6,BBS불교방송 · LG헬로비전 · hidomin.com · 모빅경제 · 영남일보 · 중부매일,2024-02-21,2026-04-05,https://news.google.com/rss/articles/CBMiakFVX3lxTFAydnp3NW9RUS1nNWFxQkdSa29qZnFsWXRXMTFNS1BfRmEzRkdOT1BVMEk5bWtXQllZRG9VeTJCaURpaFAtQVZYN0h6WUZJaDdEaWFZaVhkZ1hhVmRNOWU2LVVxRk1rUGQ2bXfSAW5BVV95cUxNZlBNMTZyWTEtT3VOQjR1Z1k3VDRTZUw1SjhzTFhId0VEejc2N2lxVjNpdTRxM2xHdDFHSEQ1eTkzZDlYME02TmstdWJnWnRvUXo5enBVaFhsaUhFRjQ3RDhFTVBMbWZwUldFZlRLdw?oc=5
팔공산,자원보전,"[대구 24시] “팔공산국립공원 생태관광, 올해도 시티투어로 함께 하세요”",6,6,tbc.co.kr · 경북매일 · 대구뉴스 · 시사저널 · 연합뉴스 · 열린정책뉴스,2026-03-11,2026-03-12,https://news.google.com/rss/articles/CBMib0FVX3lxTE5SVjJCR084ZjlPSTk5ZW93dnNNRjNlcndZNWVhZHNyNnNNV2RwaW4xWDRiQU1GSmZLREY1OUVtcWgxZXFlLUVjeUVxdldIUk5hdTZQQm9VbF9HaHJicFctM2RTWTJUck1HYjY3am4zb9IBc0FVX3lxTE1aNmlkeE9LVUtVZmlsajFEbG1vZ2pvVDhIMjZxNm1ZNVBaRmZJRlRFQlpKNmpGVHJfY0pybWVyeDRvQXNnek5Talo4SVNueENxWXJ6alRDUGxWT3EyLWJkY2xsWDNOOWgwRndYWUZCZG5Bbjg?oc=5
소백산,탐방시설,"소백산, 6월~8월 '탐방로 예약제' 실시 / 안동MBC",5,5,KBS 뉴스 · 뉴스1 · 안동MBC · 충북일보 · 트래블아이,2024-05-06,2026-08-15,https://news.google.com/rss/articles/CBMickFVX3lxTE9yN0Z5dGxhZlVVWE0xa0JPSmhxN3dfb01NQURJRnoyT05pOVRmOGFsSnZjeVN5Q29CNDVMVDBaM0pZc1lEblNDMFZ4c0M1MU9MT0k4S1hKbTc1ejF6RzJoMTlzZTlFMFBpenVObzlLdG8xZw?oc=5
계룡산,자원보전,"계룡산생태탐방원, ‘무인 국립공원숍’ 기념품 현장 구매",5,5,로컬투데이 · 중도일보 · 중부매일 · 충남일보 · 특급뉴스,2026-08-11,2026-08-13,https://news.google.com/rss/articles/CBMiakFVX3lxTFBUZ0JjZ3hvWDV4SXpJb3BNazZwVUp0dHVVbVc2Mjg0VEpiajU0NF9nMWRnWk95T2ZLU3FPZl9sazVRRnJRSVF2TDhrWHhyY1UzREhSTkRUYVhnQWFSZFQ5ZlpTTEUycVlhUGfSAW5BVV95cUxPVldJSlM5Ri1WM3lCdUdleENxOVctOUdqRVQ5SnBjMEs2SFE2Ul8takxaRk41UHBnUzVIOWM4UXFhbG1TR3RSTVo0MGx5a0t6cHUyN2g3NTBKdDlBTzdkTEp4WXFoanptelJTODgyZw?oc=5
무등산,탐방시설,"안도걸 의원, 무등산 탐방안내소 신축 공청회 개최…“시민 의견 담아 탐방거점 조성”",5,5,KNS뉴스통신 · 뉴스체인지 · 일간투데이 · 투데이광주전남 · 한국시민기자협회 뉴스포털1,2026-08-08,2026-08-10,https://news.google.com/rss/articles/CBMidEFVX3lxTE1iY2t6OVlRbXJLazFmenFxaHhMUENfYUR4bFVad0hyUFlJWTZBd2daSURZa3FWYl9CckFhUnpiR0dXaHpCVmdzYS1PNlBrWVFsVC1QX1lHb1RFeXluUnF6a2FHdmZKRURCeVRFRy1yc1FqMlBO0gF3QVVfeXFMT0F3Q3hQTlpIYmdIdUJCQWo4UXd6dU1LLVljV1Jkem5EdFVJcF9uV2JjVzNJQ3J5RlVqeHFyTGx1ZXR3RlM3TC1DeW9GMnBTS1FvQUJLRDhMdEp1RmRzMFd0QXpyWjl5djg3QkNIVlZiM3RteTFXZjA?oc=5
소백산,탐방시설,"소백산 삼가야영장, 2026년 한국소비자산업평가 숙박 분야 우수업체 선정",5,5,gukjenews.com · 대한투데이 · 더팩트 · 매일신문 · 영주시민신문,2026-08-06,2026-08-06,https://news.google.com/rss/articles/CBMiYkFVX3lxTFB0OXhLaFRzWUUxTW9TMnR3U3czTlRsWHpMRXFCaDdZTXNNWnFodnBNOE5ySUFvd2piN1g5Y0ZYNWphMEFONTdRUjBGTDYxTjcxZzdacGlDUjVaX3B0ZEZCNlFR?oc=5
한려해상,탐방시설,"한려해상생태탐방원, 지역 가이드와 함께 테마형 생태관광 프로그램 운영",5,5,donongnews.com · 경남대학교 대표 · 국토일보 · 우먼타임스 · 한산신문,2026-03-28,2026-08-01,https://news.google.com/rss/articles/CBMibkFVX3lxTE4ySVJ2eEdTOTVRUHdBX2NfMU9lQ1puMU5uWTlZTlVQNWZqbWZDSjJfeHBHNzVpNlBXZUhVeWlmRTJfcS1VUEhXenZPQ1dLUGZhNVpuNzB1ckozTXBBcDBfWUM4UTE3WWNBMHd0bTlB?oc=5
한라산,재난안전,미시령 207㎜ 폭우·한라산 초속 23ｍ 강풍…전국 곳곳 피해,5,5,v.daum.net · 싱글리스트 · 아이뉴스24 · 주간조선 · 진일보,2026-06-20,2026-06-20,https://news.google.com/rss/articles/CBMib0FVX3lxTE1TRHBON2NCZVZlQTN2aW9NS0o2eXlGNTNicGNicU44ek5zbkVQNWFEUk9kdVhwVk90bDNrX0RXQnRYTG1SVDdncjFRT3JEaDN6UzBGLVdySTNLMXJkSmx6eDF5TGYxUDJETHl2dlI2NA?oc=5
지리산,기타,지리산 종주길에 울리는 ‘곰 주의 알림종’,5,5,2news.co.kr · v.daum.net · 경향신문 · 환경법률신문 · 환경포커스,2026-05-07,2026-05-08,https://news.google.com/rss/articles/CBMiXkFVX3lxTE41WE1BR2NsSERPNzV6aXNvOTR3V08xVlc0MUJrWXM5OXVsVHY4RE52MVFxaDZaOTF4dHhrS0lHOGlfc1JmMGtpc0VCRGlHNEtsS0tvdXUwQU5FQWhiUHc?oc=5
한라산,기타,작년 국립공원 찾은 외국인 205만명…한라산 가장 많이 찾아,5,5,v.daum.net · 부산일보 · 전기신문 · 지디넷코리아 · 환경방송,2026-03-25,2026-03-25,https://news.google.com/rss/articles/CBMiVkFVX3lxTFA5dktBVnN2XzRxYmM2ZVlRRVNiX0lPc1BMaTZQMllQcTRoekdXUTU0SnlVWXlkZFplSnlYSUFscGdTS2JRWFZGZDh1eTJMVDdqbjNld0Nn?oc=5
(전체·공통),자원보전,바다 지키랬더니... 해상국립공원에 음식물쓰레기 버린 해경,5,5,idomin.com · news.sbs.co.kr · v.daum.net · 연합뉴스 · 조선일보,2026-02-25,2026-02-25,https://news.google.com/rss/articles/CBMiekFVX3lxTE84ZVJDblhpRmlpT2JLNTZhNjJITEhqclpQX0xnQ2ctWTd3WjBYeDlCVXk1aHdXdldoclBydXphS0w3a0FfM1BXVVpwbU5jcXZaZXJfOFJBY05iUHBSZnNrb2VSX0U3SndyVWRBV0ZRS3VhU3lBR2pLallB?oc=5
월출산,자원보전,‘월출산의 풍경’ ‘국립공원 깃대종’ 우표 나온다,5,5,namdodacom.com · 매일일보 · 연합뉴스 · 전국도민일보 · 전남타임스,2024-10-17,2024-10-20,https://news.google.com/rss/articles/CBMiakFVX3lxTE85b1ctOGlRWVFqR3F5RFB3ZnhiNDNKaVR6Qlk5dkJkZkN1RWp3Z01WakhqY1hBV05LN2V4c1R6NzBOWklUeFYwSDJ2LUw2Vm5RS3kyUVRYdGhpdmw1RXM2UUJDNXVNMUJpc3c?oc=5
무등산,구조활동,무등산서 조난된 30대 닷새만에 생환…생수로 버텨,6,4,v.daum.net · 네이트 · 연합뉴스TV · 중앙일보,2026-05-10,2026-05-10,https://news.google.com/rss/articles/CBMiZ0FVX3lxTE1HWTN2MzdMVUNZLWFhdTBHLW1aUGxOUE5YWFJMeHFaXzktczVJeF90V0VuWVA2N05hSHY3SVgxMlg0ellJaDhDYWZUSE5IWlNmMjBVYUQ3YUxac3lUdGdwLS1aZnpQT2s?oc=5
(전체·공통),기타,"[관광산업 HOT 뉴스] 관광공사·국립공원, ‘K-트레킹’ 외래객 300만 시대 연다",5,4,국제신문 · 뉴스1 · 비즈월드 · 한국방송뉴스,2026-03-02,2026-07-11,https://news.google.com/rss/articles/CBMia0FVX3lxTE1CZ3gzYXI5bm5JRVQ0YW90djBwckdhUHFmdElLc1MwazhDamszYzJaSktNLVRha214R3J1RWV2MWRNeTh6V25Zb0J4cUZSX2R1X25VenA1TU1uUDNUUU9EZm9HaTh5dW1OR1Bz?oc=5
설악산,구조활동,주말 설악산 추락·선장 실종 사고 잇따라,5,4,LG헬로비전 · 강원도민일보 · 뉴시스 · 연합뉴스,2024-05-27,2026-07-06,https://news.google.com/rss/articles/CBMickFVX3lxTE9oUzZ1VTFkY28tQmY5TlY0MDVhcUpwVEo4bGpRQkdIaW0tTmM1UmdOUDhwSXZZVU5CUVNQVmVWVFFOUHoyY0hVTVRRZDQ5TFdGczFVQWo0ZTBoZkdWSUY0QTdrZ2g5RXdfZ2dRUl9kb0RXUdIBdkFVX3lxTFBuZ1V6c3hYcldZdHdlS1I0RnlTOHNpZnduYmZsNFlVZEkyNTNWQzVZV0Y4bVphM3R3QmNua094Z1Riek5NblQ2TFhqTkozanRGemhRSlNqbHRlRy1XcVN0emcyZndyZVZkVEk5MldrQXF0UlNmdEE?oc=5
팔공산,기타,팔공산국립공원 내 불법 기도터 2곳 철거 완료,5,4,뉴시스 · 매일신문 · 연합뉴스 · 환경법률신문,2026-03-15,2026-05-24,https://news.google.com/rss/articles/CBMiW0FVX3lxTE5VX2ZlN0NYRm1WczNnaVhHU2dHNEY4ckhIRmRyLTMzUFJHRlZ6d3ZiVzhpbWNacVloZjFXUTROUFFFQ1Fac0VMSHJpYlJ4QUNzYnBVdjdRZGZMeWPSAWBBVV95cUxPbEtWeE5hbUFFbWVzR1BMSW13U1paaXY0cXVLbjkyemo1OXluMENwajBBc0IyZi0yN0JfRThXV3U3eXdOV2hNY1JqQU9yci1TNXRtdFppd1VwUXJLemxTSlQ?oc=5
지리산,기타,지리산 천왕봉에 새긴 독립 염원…국립공원에 남은 선열의 흔적,4,4,seonamtoday.com · 네이트 · 연합뉴스 · 한국미래일보,2026-08-14,2026-08-14,https://news.google.com/rss/articles/CBMiW0FVX3lxTE1OR0N4YWJNZG93cEUxZUFBbWJfTV9rTWFLR2tSQXBBa2ZmTkhDLXNaX1dJenZyNVZnaXRDU3BVSFZCREltOUxDTVNSdDhnZzJ3VG9mbXVoUElnY2_SAWBBVV95cUxOYVlZOVFOWWlvd0p6bWltQ2lDT1hJTmFHekxoRXdxTkRpTVRMdGcyZHNhSlNXQmsyaUl6Z2d6Q1o0MFRUMWJ1SEpGaW9kNk10TnhMX1lOYW4zN0daT002dEU?oc=5
(전체·공통),기타,국립공원 무더위 쉼터 191곳 운영,4,4,kyongbuk.co.kr · 연합뉴스 · 월간산 · 청송군민신문,2026-06-23,2026-08-10,https://news.google.com/rss/articles/CBMiZkFVX3lxTE9JRks4RVltc3phUjlmQm9Vd25RdHkxSkc1OXQ3Y1JWMHliUXlvWXI2TXBFWFRnSEFKcEJHVXRBTzNKaDZDOVVDVEJHZTc1QzRBaGJhTmVBT09mWHB6Skc4NVRhLTc0QdIBakFVX3lxTFBIRG1paGIxOVdaZm1rYjUtYzNhNVp3T2l5YnZjQ2FrU2E0S0JGbnM0dlRvR2VkdXlHYWVZempNQ3cyQy1IZ2pIRURpckNqOEVPSUNpYkQ1ZmFCZ2hNZTlveXp2R0xSRzY5bHc?oc=5
한려해상,자원보전,"한려해상국립공원사무소, 여름 불법·무질서 집중단속",4,4,idomin.com · 경남일보 · 광주데일리뉴스 · 장성투데이,2026-07-15,2026-08-06,https://news.google.com/rss/articles/CBMiakFVX3lxTE1WeGtSMDRMbmlsSWQ4Vy01Z1hBLW1FbDN1UHVkb2VibGYzVGVYOWd4QjBKb0QxTUlZbEtOX0VHNm8zeWZMM2sxbGxtb3g2RUdpSlVodlJKa0Q3WFVVbnUzMjZhMDI2V1hNUmc?oc=5
금정산,행정,"부산관광공사, 금정산국립공원 지정 기념 ‘트래킹 챌린지’",4,4,gukjenews.com · 뉴시스 · 메트로신문 · 시사매거진,2026-08-04,2026-08-04,https://news.google.com/rss/articles/CBMiYEFVX3lxTE1wMzF5UVF6RXR6WmlZNTd2aEVkQ3loTWNXYWFmRDk1WWZXeWVpUDE1cWY3YnlSeFBuSzl2NmVtODI1alVUX0drR2xFUklxZzRtdERucFNMQ0NRdDk5OUZXQw?oc=5
(전체·공통),행정,"[국립공원공단] 더위도 피하고 지구 역사도 배우고… 국립공원공단, 지질명소 6곳 공개",4,4,BBS불교방송 · 워터저널 · 의학신문 · 이치저널,2024-09-05,2026-07-23,https://news.google.com/rss/articles/CBMickFVX3lxTE9QZEkxOWg3dldjdUhnenlXY0Y0eEw3NENsdU5mVzEzdWtsRm1MYkhfdjhpazFkVzJnNXlQTG1Fb29IZHpELWpSRnRpazdDTXJNTTB3V29kWS1PQS1GbVBWTVdPVENfR1p5M2Z6QjlsU2EwUdIBdkFVX3lxTE1qcEFzQmUxUzJnbWM5YzJzMFkwNWRyM1FvVGJrZVVlMkVVWlVBQXBnbl9LUWtCd0kwZnRjRXY2Q0JkR05kSURJTlNma1ZxNUF2d1JSb3E0RFo2Q0JqTHNfdXBadVFZaDVvQndSRmNCZFB1ck1TOGc?oc=5
한라산,행정,한라산국립공원 산악박물관 새 이름 공모…22일부터 사흘간 접수,4,4,뉴시스 · 제주팟닷컴 · 한라일보 · 한산신문,2020-09-28,2026-07-16,https://news.google.com/rss/articles/CBMiYEFVX3lxTE10WTh2R2tJSjFveXhkbUtJSWw4aWpQUzBWUHZxdmRHdnVwQWozNUphd1U0Z3lDVlNwZUlCX19Bcy1GcjU2TzdCd0xHdHBFU2xtZHdtNkxYZ01CakVxbDJHWA?oc=5
팔공산,기타,"가스공사, 팔공산 국립공원과 맞손…미래 환경 리더 키운다",4,4,국토일보 · 데일리한국 · 연합뉴스 · 일간투데이,2026-07-09,2026-07-09,https://news.google.com/rss/articles/CBMiW0FVX3lxTFBzVHdwSUVpMjgtVVBVd2tPRjZLNjdQaTdTRDVNZXp4aDVRQ05xdWNxenlhTENNSHlrdzhKU2VFVEFNMUdIVFd4UXBVY3dURnFaaHl6aHlESF9aT00?oc=5
계룡산,행정,"국립공원공단 계룡산생태탐방원, 이채규 원장 취임",4,4,뉴스홈(newshome) · 로컬투데이 · 바끄로뉴스 · 충청신문,2025-06-30,2026-06-30,https://news.google.com/rss/articles/CBMicEFVX3lxTE9qTXgwcVFLempxdnVsZXpVNzVhdm5QdXJ0YmNsTjFiY0k5YUl2NVFZYzNNaDZubjl2bktIcmJpckViblhweUxhQzVUU05NYjRka3pFbk1TQVlUMzI5d1VvcmE2amF3WHp4ck5uWEptVDM?oc=5
오대산,기타,오대산국립공원사무소 영유아 가족 대상 ‘숲속 힐링 여행’ 운영,4,4,강원도민일보 · 강원신문 · 뉴시스 · 전라일보,2026-04-08,2026-06-28,https://news.google.com/rss/articles/CBMiZ0FVX3lxTE0wdDA3Wk5KVkVLYWxzRFNTREdvOHdPYzlQenRaaXNTaG00bVBhWFFJODVUamVCOVJveGU4SkRZNnlTNG15YjVrTXZzSGplV1NURUxmYXVFa0p5ZlBaeXAxeU9JV25DdlU?oc=5
(전체·공통),행정,축구협회·국립공원공단 업무협약…'축구 국가대표 반달이' 출시,4,4,네이트 · 뉴스1 · 연합뉴스 · 한겨레,2026-05-28,2026-05-28,https://news.google.com/rss/articles/CBMiW0FVX3lxTE1QM0lWRDFuWjdxVG1xWDZVeHB5bFVJcHJMTW53XzItQ0lmOTR6N2hSRWczb25oTW5HeFNhdUNKTGtyZkkzNFFwVk1kNVpNcFF6ZGt0UldGemdVLWvSAWBBVV95cUxORHNYbm5EVk5SS050WWJHOXkxckI0ajFkT3ljdnZMR1NReVpTUUtWM01wSENwOHBuY0xleWZtWEcxdkxKNnVjQzVPLUFmRk5yaGM0c3l4RTBrUFdwOHlQMXo?oc=5
주왕산,기타,“너무 참담해 슬퍼할 겨를도 없다”…주왕산 숨진 초등생 유족의 부탁,4,4,뉴시스 · 주간조선 · 파이낸셜뉴스 · 헤럴드경제,2026-05-14,2026-05-15,https://news.google.com/rss/articles/CBMiakFVX3lxTE1HMjB2QzE3Nl81NF9IalV0aW5vOWp2QXBuT2R5WFR2LWNYTWtDenlTMzdyQUp2cUFPd3AxWHBqUDlsbVJUYlhaSi03U01KSjEtbktKajVub2czTHAtdTVBUlpSZkNFUVJFSEHSAW5BVV95cUxNVXdfWm1sZy0wQnhnaUE3TDlYWUx0aGMyLUtjYk9lS0o5MEwzd0FYQmx5aWhMR09XX2ZJN1d2RHJMTVFkZWt1MTF6OFB1RmEwWXpvZU9FSTIwOHlDZnNDd0tUZTNZZ1hxbkU5eWZJQQ?oc=5
태백산,재난안전,"태백국유림관리소, 태백산 일원 산불 예방 합동 캠페인 전개",4,4,서울경제TV · 신아일보 · 참뉴스 · 충청일보,2026-04-24,2026-05-10,https://news.google.com/rss/articles/CBMicEFVX3lxTE1GTVNYb3RjS0VTUDRjanlGeHdtb3Y1MktwZzBBR3FVajJUTElsN2l3M19qMnBXck1QTTk5ZDUzVGNTaXQ4YUF1WWpuYW84LVNLa0pmZnZXS3pzYUZKQ25RWjA0cDhiYzNaX2hvUDJQMEM?oc=5
덕유산,재난안전,무주 덕유산국립공원서 산불…0.2ha 태워,4,4,v.daum.net · 네이트 · 노컷뉴스 · 세계일보,2026-05-02,2026-05-02,https://news.google.com/rss/articles/CBMiT0FVX3lxTE92WUprX2d1Y0ttQzh5dVhqS09KZHg3akdma2NmMGhISUZLOGk2dS1WMG5SS2ZzY0Y3RnhTVU5IZjc5RV8tS0VjcmFaQVZxU0k?oc=5
지리산,탐방시설,"함양군, 지리산(칠선계곡) 탐방로 정비사업 협약 체결",4,4,gukjenews.com · 더코리아 · 소년한국일보 · 이뉴스투데이,2026-04-21,2026-04-22,https://news.google.com/rss/articles/CBMibkFVX3lxTE43bGtkTVFCdWwxVU9jQjByT1AxN1o4VGMwZDR0MmxyUjVSYVNYRjRuR2R6UEV6bFVIUC1fX3lIcTNUam14aG9iaDRKWUVCdEZlSTZyNHJyLVB1cWowVXd3WWZxczRCemt1dFFMQ1RB?oc=5
(전체·공통),재난안전,"국립공원 생태통로, 야생동물 로드킬 예방효과 확인",4,4,데일리안 · 부산일보 · 뷰티경제 · 환경일보,2026-04-08,2026-04-08,https://news.google.com/rss/articles/CBMidEFVX3lxTE1UUzdQNFZBRTNqWmtWclRESEdBTUctR0dzUjlxbG9CR29oTnFIc0J2ZlNvbFBfdEtVbmFPaFg4ZFBuVk83OWtrM24zamgxSkRsNEgzcXFZcHBWWWUwQlNib0tsUGNqaHZEc203T0JlTHJfcVIt?oc=5
태백산,기타,태백산국립공원 ‘복수초’ 활짝,4,4,강원도민일보 · 금강일보 · 뉴스1 · 부안독립신문,2025-02-17,2026-03-19,https://news.google.com/rss/articles/CBMiZ0FVX3lxTE11ZWY2eDBMd3pMTTRXeFgxREZrdjlQWTNmQzltenZZZV84cWZNeTFUOEl3TTV1bmdEc2NaOFM1Q3dpbXJmRXdhSWh3OTJOT3RPVUliM2NqbXZNSlRyS1FSZW9iLXZoRUU?oc=5
설악산,탐방시설,설악산 오색케이블카 공원사업 시행 허가 연장 최종 승인,4,4,v.daum.net · 강원일보 · 연합뉴스 · 한국일보,2025-12-29,2025-12-30,https://news.google.com/rss/articles/CBMiV0FVX3lxTE92OGNmc21ZNlZURG5kbV9wbmloYlYzWXJwOXRHWXB1SGtjUUV5VERWYWJyM2xDdkMwbWJyWENCdXNVRWpQeWtTaDlNMzJCWDE1ZGxIejMtUQ?oc=5
지리산,기타,지리산 항일 바위글씨 등 국립공원 중요문화자원 5곳 선정,4,4,국제신문 · 뉴시스 · 환경법률신문 · 환경포커스,2025-11-17,2025-11-18,https://news.google.com/rss/articles/CBMiY0FVX3lxTE52ckp5V3FTMEpnYllOMzF3WnBZZUQxcEFYdldkQ29zb3pFU3UxMGVuLUxVWlVJbkxKRy05aFp5Y3BMN3ZmcGN6REpaaHZVSmFUUnVjWnI5MnloUFdJSk5JNnFwYw?oc=5
북한산,탐방시설,"의정부시, 자연환경해설사와 함께 ‘북한산 회룡탐방로’ 현장 소통",4,4,세계환경신문 · 위키트리 · 일간투데이 · 포인트데일리,2025-10-15,2025-10-16,https://news.google.com/rss/articles/CBMicEFVX3lxTE1xRFE0N01GMl9LdGU4RlZ2VVFVM2ROSk9HTzJTNVpoZ1VIMWpxRmdZS0R6NzNaZkVIdHV3azJfd0d6cngxTXhVaV9adW0tUW1WN3VYdDRndE5VaGEwNUZndTNyYi1BVmt4bVd4NGY4aTHSAXRBVV95cUxOdjg5YjktcnlSakpUNXc0TGJmTHhpX256TE5zci10N1hFNXI5elU0WENUSVA2bUFIUkgwdXRsdDJ2TUh0cnhPcXRIeWNDZFRXUDNEV3dyTU90ZkdzbDkzNTBsZmp4V1ZVVXNia0NhRmptbXVPcg?oc=5
오대산,자원보전,‘오대산국립공원 자연도감’ 발간…200종 생물 수록,4,4,강원도민일보 · 연합뉴스 · 참뉴스 · 한국경제,2022-12-06,2022-12-07,https://news.google.com/rss/articles/CBMia0FVX3lxTE1EOTlGNXRZVjJBTGcyeEQtSlVjOS1Zc2FBR2plMjBCOXhndUMycFpabm04NnVyWEM0RjRJTVVlUmdtNndmX0ZrTTctM0pXUFJTNmJ2U2psS3lqSU5KVGdSenZBelBlV2V5Qmhr?oc=5
소백산,자원보전,"멸종위기 Ⅰ급 여우 28마리, 소백산 생태축으로 귀환",4,3,JTBC · 브런치 · 어반톡,2026-01-26,2026-08-07,https://news.google.com/rss/articles/CBMiVkFVX3lxTE5fUVI3eXlMQXJEZXA3OGs1dHE1LW82SWttZkRPbzliQ2ZQTWVBUzlnVzNxYlQtU0FOck1haXhuOFlidjEwc1VfbVk2NlhZYjRsTnMwZGl3?oc=5
속리산,기타,"속리산 연꽃단지, 연분홍 꽃물결로 여름 절정",4,3,localm.kr · 연합뉴스 · 충청타임즈,2023-07-08,2026-07-06,https://news.google.com/rss/articles/CBMiZ0FVX3lxTE9xVUdBWlB4czBGeGhLMDNzNnVyc3RZNXYtT2pSb1FZaEVlbE5yUjdaRlRmQVdlM2ViY2E3WndDZHZNbGVaOXU1My1yVFlFaUlLcE41cEVqWk1fY2NxanlobXlzemVVMVk?oc=5
금정산,기타,"부산 금정구, 금정산국립공원 시대 대응을 위한 현장 벤치마킹 추진",4,3,국제신문 · 부산일보 · 한국방송뉴스,2026-03-09,2026-05-07,https://news.google.com/rss/articles/CBMiXkFVX3lxTE9FcWV1SzM3eWZnWGZkbmxRRFE0NWxTLUM4SmExV2tpOV9NdW1Cdk14UTRQQ3N4VmdZTDk4WjlJekdZODlYeWZFS2pwZ1lyZ3ZjNkN0T052VW5kRkxfSlE?oc=5
금정산,행정,부산 금정산 ‘도심형 국립공원’ 지정··· 20년 시민사회 요구 결실 맺었다,4,3,knn.co.kr · v.daum.net · 경향신문,2025-11-17,2026-03-03,https://news.google.com/rss/articles/CBMiWkFVX3lxTE9WQ3ZyX1dGUVctelhXVDBXZWtCNFBraXdxQ1RRU1pFVkw0SXpYQ2RlZlNmNWJoNUsyZWwwdEZKMTloeHNxZ2NkWkNnTENOQ05aOEFSOEZvaFJaUdIBX0FVX3lxTE9vQXNXQ3ZjcTNEeUd5ZUkxRWRIbzZ1S1hfd0txTEd3OTN3aDVDRFFqVW82dk1FUjdFTk9vY24tOUZsQWM4cTkzamVkc3o1dXFNdktLVExpdzd6N2pOT0RN?oc=5
금정산,기타,금정산 79% 사유지 내년부터 본격 매입,4,3,knn.co.kr · 국제신문 · 연합뉴스,2025-11-06,2026-01-31,https://news.google.com/rss/articles/CBMiVEFVX3lxTE44SWNPbHVNRGRYejQzQnRyVU5yS3NGRHdoT19LTHVhcHpvdFI3TW5tX1NPNlM2T3pWdG5YWWo4YkFIX0pZc0p1VWx6ZGpXeE9Cc2xzTg?oc=5
계룡산,자원보전,계룡산국립공원에 생태탐방원 개원,4,3,경향신문 · 네이트 · 마실와이드_MasilWIDE,2021-08-18,2025-11-30,https://news.google.com/rss/articles/CBMiWkFVX3lxTE1ZUGJaeS1sM2ltM25pWDZyS05NS3RILUE1dmlhd25neWx2QnBmV1J5NTNvazVpNmFPOTA4eE1LemlBeUo1MWdoRnF2eDJweGhTWTBlblh5ekhyd9IBX0FVX3lxTE1rb1RFeDdnbEZXX0t6TGI3djBXUW0tVjRJZ0lRY0FRVEI0bXJoRmVPbVNPeU1EVlJuTG5xZmE0eVBhdWpWdzJVTDJHZy1wREMwR0JhdTJORG1hb2c2aHJV?oc=5
주왕산,탐방시설,"주왕산국립공원 탐방안내소, 올해도 ‘청송 사과 자판기’ 운영",4,3,BBS불교방송 · 뉴스1 · 씨원뉴스,2025-09-30,2025-10-23,https://news.google.com/rss/articles/CBMia0FVX3lxTE1Fcmx5TzdPQU16VkdQQ3VWeHRIUDNPa29Xd1JkeDZlUFlNdUdldGFYSTl0X0h5Ul9TOXkwUkhoY0cwODNTalB5QmpPd1FwNGJmWDhlSHZoVi1sR0VxdFBwcWM3WEt5RXJjb3hj?oc=5
설악산,기타,‘SNS 자랑’이 뭐길래…설악산 입구 ‘리본 2000개’의 웃픈 비밀,4,3,농민신문 · 연합뉴스 · 한국경제,2024-10-16,2024-10-17,https://news.google.com/rss/articles/CBMiWkFVX3lxTFB3Qzh3TWNWNHAzV3ZIOTNJdlh0UEhBZ3hvMGVIejdXeEp1OV9UT0JMMzMxR09ycmdXaGU1MXhYWjFwN29vanphR0hDZVhEemE1YUpSWXpzeGotZw?oc=5
지리산,기타,지리산 천왕봉서 발견된 392자 바위글씨...내용은,3,3,ecojournal.co.kr · edaily.co.kr · 네이트,2015-08-23,2026-08-16,https://news.google.com/rss/articles/CBMigAFBVV95cUxQemdZb2ozalc5V2k1ZnhYbEpiVHNnR3VNYS1xUkRYVWlSX3VjMUM1ekVWQU5lTVV0NzNWdDJlYnJLUHJaaTJLZXYtTUtUZjVRWDNxNzFiTjllY2VHWFJtOERqc29sVU00eUVoQTlDRjJYWnotemNXdkh5Z3QyZlpMRg?oc=5
오대산,탐방시설,"국립공원공단, 야영장 28곳 순차 개장…강원 오대산 5월·치악산 금대 6월",3,3,idomin.com · 강원일보 · 중부매일,2024-04-15,2026-08-15,https://news.google.com/rss/articles/CBMieEFVX3lxTE1WSGlzMEJaMkUzU19xYVIxRjBnY1BUTHNBM0V6YzU0dy1VdEJabGZmMlowWllxN1RkWTV3NXdNd2NwTDlmczExT0duWEI3bzZ1azk0b0RnZmZacmsxWGNocE55bFJ2QlVUcDVTN0NjbTVLLVBpNnU4Rg?oc=5
계룡산,기타,"건협 대전충남지부, 계룡산 걸으며 쓰레기 수거",3,3,데일리안 · 아시아뉴스통신 · 타임뉴스,2025-10-24,2026-08-14,https://news.google.com/rss/articles/CBMiVEFVX3lxTE1tSk9oSDU5dmZENWJJR0xwd0NfY3Q2djFPZ3ZOY1B5WmNHQzdkdlg0Szc2VWhOOENQTGJ5djdZUHk4SFBDQmZIb1BGUldLTlozbnlLeQ?oc=5
(전체·공통),자원보전,"국립공원공단 동부지역본부, 한국남동발전과 지역 아동 위한 생태복지 지원 나서",3,3,gukjenews.com · 경남도민신문 · 진주인터넷뉴스,2026-08-10,2026-08-12,https://news.google.com/rss/articles/CBMidkFVX3lxTE5oVkRTYkVPTzNRWG1SS0dvTmFPdnZIR2h5Znk1dVdpWTdhNi1CT0IxcFV3em1IZ01UQ0RLNXhVeFBKejU0bHFsU3FTU05HMVJ5WUlhVXdFeFE2aGxkZl9QdUtidUM3MWpqeUZSTl9UaU5sUnlqd3c?oc=5
(전체·공통),재난안전,[포토] 인도네시아 브로모 화산 국립공원 산불,3,3,gukjenews.com · 네이트 · 뉴스1,2026-08-11,2026-08-12,https://news.google.com/rss/articles/CBMiS0FVX3lxTFB2MlB4eUtrQlVhRVhkYU1BZ0o1a2h0V3Vpc0Fudm1qMGgzZXlqUF80cmp4SmRMRDI5QVlFd25zTURxOXh4b1NLZEV1cw?oc=5
(전체·공통),재난안전,[SDG 9] 국산 위성으로 국립공원 산림 변화 살핀다…구상나무 쇠퇴·산불 피해까지 추적,3,3,SDG뉴스 · 에코타임스 · 헤럴드경제,2026-08-07,2026-08-10,https://news.google.com/rss/articles/CBMiZ0FVX3lxTE9oSV9NWXQtVmRxNjBPYWpTU1k5SVZxWXBOZzBoRTUxNGV0Y0E2czNxbGw1cVhCM0ZwSDJ1WU9jXy1aeW9jWmI0TkotMlpyOGFVZXFFQmpTUGxsMlBWazdpOER2UDBIRlXSAWtBVV95cUxNUzkwTllzSkdaQTB1SXFKZjZJLU1Rb1VtWVBFczd3bWxPZC04YlJoVmQ0WVRHTEVoUjNGbVNyLXBGSWU2dUpGT1pnME1feF8tcWJuVElHaDgzcGRKbGNtV3drSVZwc0dDTjd5QQ?oc=5
주왕산,기타,"주왕산, 국립공원 유일 물속 걷는 '첨벙 트래킹' 운영",3,3,아틀라스뉴스 · 안동MBC · 안동인터넷뉴스,2026-06-21,2026-08-09,https://news.google.com/rss/articles/CBMieEFVX3lxTE9INGY5eWRlODNXVE5RbUlBODdpaHpnRDFJYm5LVTI3a2ZhYTVOeTllYUJ2Z1J6eURrdnJTY0kyUUxjN01yS1ZLMDZtX243QmdkUWQtSTdCZ25BMEVONF9wTmRtX05vMUtSZVNFRnNRYXEySGN6d01jcQ?oc=5
주왕산,구조활동,[안동MBC]청송 주왕산서 초등생 실종..사흘째 수색 이어져,3,3,v.daum.net · 안동MBC · 연합뉴스,2026-05-12,2026-08-09,https://news.google.com/rss/articles/CBMickFVX3lxTE10enNvSGJ1bi1rRHhHOG50Z3ZwaWdLdFJOR1I2WUVvWXJlS0VDd0tDUnMxYnRQQkczbFdRN0FIMjAyR003MG9uWTh0alBva2tQbmNDUVN1MlE3WlBGU2hBS1c3cUs5ZWhfUWJtVGlTQTVYUQ?oc=5
속리산,구조활동,"괴산소방서·속리산국립공원, 물놀이 안전사고 예방 합동 캠페인",3,3,괴산타임즈 · 세계뉴스통신 · 충청일보,2026-08-07,2026-08-09,https://news.google.com/rss/articles/CBMicEFVX3lxTE1VMm1reUVUNUhlQk5wUHRnOTJfc1JyVmN3UThybjZJdzFTcU5WM01adTU2NXR2UGg2LWpjdVY5a3lLM0RROE9QUzhiOUtpQjlyVldYa182M2JlazRzUE5qWWJnTkR2ZkluTTlJSktQWFo?oc=5
금정산,재난안전,금정산 '금샘'도 가뭄·폭염에 말랐다,3,3,경남매일 · 네이트 · 뉴시스,2026-08-07,2026-08-09,https://news.google.com/rss/articles/CBMiakFVX3lxTE1ndERxV0Fhd3FMaURlWlJOUGthbk9UTk96S2gyQzdORVFBWlNidWlJRHotY25Yc0VSQUVIUTI1Rk1VVTFjRGdGT3JCenNFdktLZGE3cC1BM1FodDlzbHhlbTB0VTdjSzhJQkE?oc=5
한려해상,기타,"한려해상국립공원, 상괭이 활용 특화상품 개발 나선다",3,3,KNS뉴스통신 · idomin.com · v.daum.net,2026-08-06,2026-08-06,https://news.google.com/rss/articles/CBMiRkFVX3lxTE9yXzBSMnJWTTR2Ym1ZY2dZYTRnUmRZZnlyZlVVZlFaMk1ydDEzclY1RWJvV2k1VUJFMW9McmEyNGJMbmFZQ1E?oc=5
팔공산,기타,[대구소식]팔공산국립공원 시민대학 수강생 모집 등,3,3,BBS불교방송 · 네이트 · 파이낸셜뉴스,2026-04-07,2026-08-06,https://news.google.com/rss/articles/CBMiWkFVX3lxTE5YbUNLbmhXLV9kWVhtdEl3SWZOTlg5QUhKNDZ0YlgtQkpBUjhadWc4VkN5enpsdFRvQnFSbWV4N2ZHYW4yUTlIZjMzY0E2RlhqeTRjWWNveUtaQQ?oc=5
태백산,자원보전,순백의 흰솔나리가 전한 경고…태백산 고산생태계의 건강성을 읽다,3,3,강원도민일보 · 어반톡 · 천지일보,2026-08-04,2026-08-05,https://news.google.com/rss/articles/CBMiVkFVX3lxTE1aZzhLRW1tX0FxdDBUaFlpSjFzcHc2eTBMeExaWGZxWXFsbUt3YzZHXzFMaW9vTzJtNkYzVFUyZVQwTTJtUE14am9HR0NBS3ZCek1OcVNR?oc=5
오대산,기타,"평창군 및 평창군청소년상담복지센터, 오대산국립공원 일대 민관 합동 청소년 유해환경 개선 캠페인 실시",3,3,신아일보 · 파이낸셜뉴스 · 한국소통투데이,2026-04-17,2026-08-05,https://news.google.com/rss/articles/CBMiW0FVX3lxTE5Id1hVaXRfQ0pFMnJDME9GdWZFNHhfOVJjRDFNU2I3SGxhRjFSMUxaTXVvWFh0LXltbERVTWZZZXlwMy1PMnUtMG5BVVBCUFJKTlVDWmtOLUFDWUU?oc=5
경주,탐방시설,'경주·팔공산·금정산 국립공원' 탐방 프로그램 운영,3,3,v.daum.net · 매일경제 마켓 · 에너지타임즈,2026-07-09,2026-08-04,https://news.google.com/rss/articles/CBMiUkFVX3lxTFB6NkwzSHQwNUZEUFo3bmJCR19HLWsyakFXalRMODBCLTlHVmgwQm53RWVoRTlKM3ZnT3ZsNnJ3eExLdlVpRjFzT09XTGltUTl1dkE?oc=5
(전체·공통),자원보전,"서산시장애인보호작업장, '2026년 찾아가는 국립공원 교실' 운영",3,3,대한투데이 · 서산시대 · 중도일보,2026-04-19,2026-08-02,https://news.google.com/rss/articles/CBMiZkFVX3lxTFBSY2wxdHpzaFZFYVpkdUM3Y2VOMFJTUkE3Tl95bjRvM1psTG55LVJCLWc4bHdvZTdWRjY4VHNLRjZjTGRTQXB0MFBmaHRuYlZlNnJLRmZodkFwTm5qbncwVGkwM2o4Z9IBakFVX3lxTE5mNUxWOU9nVVRCWjI4aVhoRGRYTTZxazdidlBlck9kN1VFcmwya1ZlV1h2M29OVVkyTFF5NExuQnRIcDNRbnhVSXZvT1ZSNFRVMjkzUzRiY2tQVVBUZU9QaWZYNDZNUXhiR3c?oc=5
소백산,자원보전,"소백산국립공원, 9월 6일까지 여름철 계곡 불법행위 집중단속",3,3,ecojournal.co.kr · gukjenews.com · 뉴시스,2026-07-15,2026-07-22,https://news.google.com/rss/articles/CBMiYEFVX3lxTE1Yc0pvUEVhUDdoaTJlTVRuV3JwbTh6c0hkLXpJWFdzTjFUZ0o5Nkh5WWZNa19qeWhBbHc5djJnalNlRUJrR19DV2M1ZDFHUy1ES0k2cXZDVGNnSVM5QlJIOdIBeEFVX3lxTFBnZFpSeGJIN0c2a2pvYWNhbjhUSHB4S0dDTFFoVTVyOENZU1dfLVYwVmFXMGloRlJpQTZNNG83VERmLUhKNThSUVJPenctZ3ZWQnpiNk5VZzhreUo4ZlVZdnhyVzh0QUVMRU9yQnFzOG9jZkxONUVhNQ?oc=5
소백산,자원보전,소백산에 찾아온 한여름 꽃물결…희귀 야생화 만개 [TF 사진관],3,3,v.daum.net · 네이트 · 더팩트,2026-07-20,2026-07-20,https://news.google.com/rss/articles/CBMiT0FVX3lxTE9HNFhQS0l2Q1FINjVHYy1Qb1kzVnlFZWJYZW0tdWhGRkVFdzF5Y2VVTW5oRWhkekFsMHFRa3dVMFNxaktoOXdueTlLdnM0bFU?oc=5
소백산,자원보전,소백산 환경저해시설 정비로 백두대간 경관생태 복원,3,3,BBS불교방송 · v.daum.net · 환경신문,2026-05-22,2026-07-09,https://news.google.com/rss/articles/CBMiQ0FVX3lxTE4wZG5EZUR0dDVmd1pELTN5QkdtcUl1NWtmRVNnSl82VkNMd29MZzcyOVRzUmg0UkxEcmY1eUNfR2lpeUE?oc=5
한려해상,행정,박은희 한려해상국립공원사무소장 취임,3,3,경남일보 · 뉴스사천 · 다바(DABA)뉴스,2026-06-30,2026-07-01,https://news.google.com/rss/articles/CBMiakFVX3lxTFBKd3c3cmF4TmxoNnByRWtjN0xXRnAxdGFuazVfMmU3aWgxVUsxVlUtY3h6NlU1S3E2YlVwc1p4SzN0Y3E4LXRYbXYzYlQ5X296UlJJM0lrOFlJSlZJT0RJNThmcUhiYll1N1E?oc=5
(전체·공통),행정,설정욱 국립공원공단 동부지역본부 본부장 부임,3,3,경남일보 · 뉴시스 · 대구신문,2026-01-04,2026-06-30,https://news.google.com/rss/articles/CBMia0FVX3lxTE02YVluSG9zNmRnZmZKVHdxLXB4RTV1enVfNFl5cTBycmk5RW9UY05oOFJNLWJoa0Z0R3pYRW5fYnBxTUlZQXlzTG1mMDF4LVlVLVRIcDFHbDNDaDhLNGh3emd1dnhSd0hlU05F?oc=5
월악산,기타,월악산국립공원 드론 순찰단 모집,3,3,KBS 뉴스 · 드론매거진 뉴스 · 충북일보,2026-06-18,2026-06-22,https://news.google.com/rss/articles/CBMiW0FVX3lxTFBRRElzd192RjhKUnQyUTJDdU1nU2RmS3F5VHg5V0RmOEx0alBRRWdQYWJqTW1RcW1qTUNFaVl2MXB2Sjl1WkJBbm1IWExTN3hEZEVWdmRTYThhaE0?oc=5
팔공산,탐방시설,"팔공산국립공원동부사무소, 대학생 진로체험단 '유니버레인저' 모집",3,3,BBS불교방송 · 데일리대구경북뉴스 · 매일신문,2025-04-28,2026-06-19,https://news.google.com/rss/articles/CBMiZkFVX3lxTFBuSXdLZUYxV0lfTUR6YW8xZzhrNVEwOEZFa05XSldwaS1lYlZkdTE5NUNublA5eW1FS3QxMjRQSTFzRDRUcjQ0RmNNRERXMTltUHQ4Z3RsRW9LcUE3SzNqekt1emVMdw?oc=5
팔공산,자원보전,팔공산국립공원 식물 깃대종 ‘국화방망이’ 정상부 일원에서 만개,3,3,BBS불교방송 · 데일리대구경북뉴스 · 매일신문,2026-06-17,2026-06-19,https://news.google.com/rss/articles/CBMiZkFVX3lxTE1fWDczM0hENVhSU05KWnRHWTRTSFFfV1dBN0x6clRTeVRhaElIOXNtdU1tay0yQWhTa0JWNjRuak4wdGhzdGl4QUlnZG9BWVRZNy1DdVVoS1AzeTFndC1yN2FKZHZjQQ?oc=5
치악산,자원보전,"치악산국립공원, 유관기관 합동 생태계교란 식물 생물학적 방제",3,3,taeannews.co.kr · 태안미래 · 환경법률신문,2025-10-02,2026-06-19,https://news.google.com/rss/articles/CBMiZ0FVX3lxTE5HS1Vmd0xsMmNiOE9xZDJYSVRCSFZqLXpDclJPNjJkVVBFMWJaQktfUWRpVVRQNll1UjFlcFFRVjAtNWltRmtISUNvaHFwVGJzT290LS15amZ4RnBpLUFEbzZBWEE3elE?oc=5
(전체·공통),재난안전,"가스안전공사 강원본부, 국립공원 가스사고 예방 MOU",3,3,강원도민일보 · 에너지데일리 · 에너지신문,2026-06-15,2026-06-15,https://news.google.com/rss/articles/CBMiaEFVX3lxTFBSQzBUTlpWVU5KNlJ6cTJsMjFTeU9ZRDRlRkZqRkotNFQ1SmxEWnFOWC16d3NXbnlEQ2l5VEpLX05WdEx2Q3BlTnFOSWd3bC1LZVViY0ZVNW1vNWdkdGhnU0V0bEpNbkt6?oc=5
오대산,탐방시설,오대산국립공원 소금강산 자동차 야영장 앞 계곡 출입 한시 허용···7월1일~8월31일,3,3,경향신문 · 네이트 · 연합뉴스,2026-06-12,2026-06-14,https://news.google.com/rss/articles/CBMiWkFVX3lxTE5seFd2U09PUUZnSGV5Y1V2VXFsODJmVzlRS01Rd01RbE9zOHM3b202T19xV1hrVWJ0SW1rOU9ic0ExZks4dDhuXzRFQUdoR0VlZkI5RnFSQU1YUdIBX0FVX3lxTE1xU3NDblREc01MM054UmhMOTBST0VBQ1JzTmJtRUdmZ1hhaURnUXJESzFkZWNnNl85bG9NaWUxU2N6ZEpSNk5JRVlCT1pMeE1nWEZpZUNiWFF5Y05XSm9R?oc=5
속리산,자원보전,[심층] 산양 6마리 속리산 방사…백두대간 생태축 복원 시험대,3,3,kyongbuk.co.kr · 뉴데일리 충청세종 · 비건뉴스,2026-06-10,2026-06-12,https://news.google.com/rss/articles/CBMiZkFVX3lxTE5QQVU3UFFSRFMzNXVuVTQ3bG5ZY293eDZTQXFkaGs5M29yOGFzSjI5SUNRUVhFZW9EQV9ldVM3bm5Nd0tIYlB6SjlUVWxZVTU0ZjRTbGtGNFd5MmNybkp2Y0hVQW5NUQ?oc=5
북한산,탐방시설,작년 북한산 753만 명 찾아 2012년 이후 최다…국립공원 외국인 탐방객 205만 명이라는데…,3,3,YTN 사이언스 · 월간산 · 지디넷코리아,2026-02-25,2026-06-12,https://news.google.com/rss/articles/CBMiZkFVX3lxTE5xby1aN3Q2eGp0WGw1RFhJNjBTallPMnAzMmhqYmVESEFLWlFudnR0cXBlWXR2eHpqYjM4NUFjNUU4akpjcm52cmdMTkRxNmR4N3UxSmQ3YW8yTHBBN3RpZG50ZTF4Z9IBakFVX3lxTFBxVjlmeXZIMU1Cb01YYjI4ZmNTU2NEU2NIdkR5UlJiaHdNeGEyT25YSjF1dUZaTkwwSnlaRzJqYTBtdzNpbmhNYWpCamNlVjVpUG51Mk9TTnZvc29JZnAyM1BhMVFLRnVrMlE?oc=5
속리산,탐방시설,속리산 ‘셀프 탐방 가이드’ 운영,3,3,2news.co.kr · 뉴스1 · 보은신문,2026-06-05,2026-06-11,https://news.google.com/rss/articles/CBMiZkFVX3lxTFBCOHJLRUp4Y0JZOGdjOUlsRWN5dUNsVkNQRTRyNTJiejhOd3EzTkE2UmJ2eUVzazFsaVNkSW0tYkhFVklLeUlpcWFsTW42QnpneVBzMUNPZndZMWtERG9rSkhmMVI3QQ?oc=5
지리산,탐방시설,'낙석으로 통제' 지리산 구룡폭포 탐방로 일부 개방,3,3,연합뉴스 · 전북도민일보 · 타파인,2026-05-27,2026-06-10,https://news.google.com/rss/articles/CBMiW0FVX3lxTFBkT3lycFFmOW9Bd1Z0VXJWU3AzamNETXFmNzZiQ0kwek1YNndWcHJOT29zaU9YMzg4REhJMnJRWHBCUEV5T3V4ejh4Y3NQaVVTaGZjbnRxR2Rtb2vSAWBBVV95cUxPN3pfS2lDQ1VsSTNQRTNHTjAwek10YmlnQXFUSnUtOUk5TDJnUTdJRjFVekhIYnlRWFdwTndqNFNXZmhlMk4zU1kxeUp5TlpwbUtWWmRGX3pqV2dNRmFnV2o?oc=5
태백산,자원보전,태백산국립공원 멸종위기 야생생물 II급 나도범의귀·대성쓴풀 개화,3,3,v.daum.net · 강원도민일보 · 강원일보,2026-05-20,2026-05-21,https://news.google.com/rss/articles/CBMiYkFVX3lxTE9RcVVQRlU1WVFBWEJyTThrR1FlbUpNekRFd2NZMTExRlEzSUktbzdvZDB3MnZpNklsQUpKalcydkF5djJvN1N5R0tXVWljQk44d0c4aGdrZkRuSlMtOVZ4Wkx3?oc=5
(전체·공통),자원보전,목포해수청･신안군･국립공원공단 해양 안전･환경 보전 위해 협력 체계 구축,3,3,서울뉴스통신 · 에너지신문 · 일간투데이,2025-12-04,2026-05-21,https://news.google.com/rss/articles/CBMia0FVX3lxTE5tMUtvX2E3aWROOE03M3hBcWNleFJUTWFlSDFXc05jRWVkT3lBYXJHSERtUXVvbmFKQURaV2dReUNSSU5JRGMtN294VWQ5S1RKS0dPVTBSR3I3ZzBYcUlZV01NajFDS2R5c0lZ?oc=5
팔공산,자원보전,"팔공산국립공원 동부사무소–대구지방보훈청, '보훈 가족' 생태 복지 서비스 확대",3,3,tbc.co.kr · 대구MBC · 데일리대구경북뉴스,2025-06-12,2026-05-17,https://news.google.com/rss/articles/CBMiTEFVX3lxTE9ISi1YWUR4cmphRWlMMzFoV3ptMmZoSndUd3p1aG5xaFVsV2x3cmJnUGNxa2puc1pkcTNpemJXeUVxcVFFQzl3VVBKeDU?oc=5
월출산,탐방시설,월출산 산성대 탐방로 13일부터 예약제 시행,3,3,매일신문 · 영암열린신문 · 중원신문,2026-04-20,2026-05-16,https://news.google.com/rss/articles/CBMiTEFVX3lxTE1LQ2VSUklUMVAzWWxQakxHTlg3eDhGd0JmaTlfVDg2bnFHbExTX2NXWUhMU0pfd010eUVrOExuZ1ltQ1lhV1E4eFZJQ0M?oc=5
주왕산,기타,"“조금만 더 갔다오겠다”던 주왕산 초등생, 돌아오지 못했다",3,3,경향신문 · 동아일보 · 연합뉴스,2026-05-12,2026-05-13,https://news.google.com/rss/articles/CBMidkFVX3lxTE4wTzJucVlKUVlOWWtFUnpuZlpSYi1XVW9YMXVCYzVLRDRPVzhQS0lnYjFOZXVBcXhXWEtEOFJ6Q0VtOFpjalNpRDlSWFFjOFFTclpoeWFGSE5FdUVvYV9oMElhd2JjSGVXVkFWbHJFOG9CVjVnTXfSAWZBVV95cUxPbEFBTlBBRExBNnd1V3lQYXZfMHFkUm5PNE9Oc3AzdXlhR0FmYTNlM1cxN0dCUWRkcTgyWkxQZTFsZXdjYmMwNTF1SW1pQnV6VE9aRUFWaUc0STlmZHA2TTdVUzFmRXc?oc=5
(전체·공통),구조활동,매년 국립공원서 안전사고로 평균 11명 사망...부상자는 평균 112명,3,3,KBC광주방송 · 강원도민일보 · 국민일보,2026-05-12,2026-05-12,https://news.google.com/rss/articles/CBMiYEFVX3lxTE9ObUM1Tm9yZFN3VlhyelZ6a0ttWllHMUR0UWswelBxSWpzN29aZFlBenFGd2x3N2xOVUJyMnllZFY0Y0RTMUd5RjJ5cjNKYm1Fem5hcU5JU0hEcFljQzBLSA?oc=5
무등산,자원보전,2.8km 분홍 물결 지금 절정…무등산 백마능선 철쭉 만개,3,3,localm.kr · 로컬세계 · 머니투데이,2026-05-07,2026-05-09,https://news.google.com/rss/articles/CBMiZ0FVX3lxTE5zOTVHTXh3WnAybUhNdW5GTDBwTWlTMmppN3M5SXg0YU9qSTRBcWNkQm1ocjRZSVU1bFhONmJjTU1wUzB4TThTVm9ndHd0Wi1wank1NmtTSHppaW1wYXlQS1JlUlEzSDg?oc=5
지리산,탐방시설,"지리산국립공원, ‘안심산행 지원서비스’ 시범운영…탐방객안전 강화",3,3,남도방송 · 대한투데이 · 타파인,2026-04-09,2026-05-08,https://news.google.com/rss/articles/CBMiXkFVX3lxTE9GcU9sVDVmcWpWZ2diVGdCSEhCa0FXUE5ZZ3R3UzZIc25LZkY1QWdnYVpYM3l4b0FreHVaQTY0TkdoLUo1Q0p6akwtck9ORWhUZ2Qzbkk2VVc1ZjNONEE?oc=5
변산반도,탐방시설,부안 변산반도국립공원 '직소천야영장' 개장…80동 규모 운영,3,3,ecojournal.co.kr · 뉴스1 · 뉴시스,2025-12-11,2026-05-04,https://news.google.com/rss/articles/CBMiVEFVX3lxTE9aaXpVUi1mdG4yMU1OTHhmODRqOTFJaUhFQ2tqQ0J2RWxrMWlscVJsWkpqTVhUSm5HWmp0OTRtd0VVb3RBVEhHcHEtcTVwMG0zM25rUNIBWkFVX3lxTE9CbGlCRTE4MjdmT2w0YXNRb1B5SlNIQl85ZjFwbXZlWHVHaW91TEcyZkJiZk9va192MFg4VVdmdE5RUzdLNHg4MlNld216MVVicFVxbDVrS0NRdw?oc=5
금정산,기타,"국립공원 된 금정산서 산악마라톤…환경단체 ""훼손 우려""",3,3,네이트 · 서울신문 · 연합뉴스,2026-05-04,2026-05-04,https://news.google.com/rss/articles/CBMiW0FVX3lxTE5hY1p1dGc0endVVlRTR21xOE1NRHZlQk80NWVUMW4tR1R3cGZwbFRiX1g1Y3EwcGdzVTBzSktad0lTTFNNMDhqSDRIT3ZqVjBVMGR4VWZ1dlZZajDSAWBBVV95cUxPa1VLbWl2ZjdIdHNzZzJFUXFxQnRSNUpQR28xS3ZpdzZZUzRINl9wWm5XSUhlVDFmTUQ1M2hWVlhvTm1PLWlCNjQ1VDdJVmd2QWI5SGlxNW9lQ2dFT3hVWTA?oc=5
한라산,기타,한라산국립공원 전역 정밀 토양도 2028년까지 구축,3,3,연합뉴스 · 제주MBC · 지금제주,2026-04-09,2026-04-10,https://news.google.com/rss/articles/CBMiT0FVX3lxTFBHY0VpbE9DYWZiMml1cHZoYjNwZm1tVWF5YnRHaUFjbEZlc01pTDJzc1N5QW8zblhyNzBUVGVrakFCaFB4a0JlTGw3UmtEbE0?oc=5
(전체·공통),기타,"자연 속 특별한 결혼식, '2026년 국립공원 숲 결혼식 지원'",3,3,대한민국 정책브리핑 · 지디넷코리아 · 투어코리아,2025-02-21,2026-04-09,https://news.google.com/rss/articles/CBMibEFVX3lxTE9uWkV5VUZDRWNOODM3NFAyTzRPaTdVRzJvR1Q5RzRWa2hGY1BXemhtc2V5d1hIb3ozQktWMWlFeXJBRWRLeGxrQVhDbVNXRm95TG00emhCYkxaaldfd01fQS1uUmZIZmFKTTVHRQ?oc=5
월출산,기타,영암 월출산 출렁다리,3,3,브런치 · 연합뉴스 · 천지일보,2026-01-23,2026-04-05,https://news.google.com/rss/articles/CBMiU0FVX3lxTE96UV82SEY3SG15UURpZ1pxeTQ2MURTZlpHNWVocTdNMnkwVEJTVXdYLVUyMG5ZeDQ2Rm8za2cxVWRlNkhNX1YtdHo1dng1RjZRYlpv?oc=5
팔공산,기타,팔공산 국립공원 됐는데…주민들은 “더 힘들다”,3,3,ynenews.kr · 국민일보 · 영남일보,2025-09-08,2026-04-02,https://news.google.com/rss/articles/CBMiZ0FVX3lxTE90Wi02OUJPVzhYdUEtLVJxcFZtZU84YjNuVTFLa1R6SlVxTHc2bDFaQzA4Y3I1UllZVFlpckpic0hvTXBiR2ZreHk0TVllU3dQTnhGUUNMSkwyZjU3Sk5nRnZ2YXc5VjTSAWxBVV95cUxOR1ZzSFZxWnlSWkZTZkdZTmJfSFE5dW5sZjF1R3FYcF9yenpjcGx0RUNnVTBkdXo1TDloZHVDZG1zbjg0WkEyS0tKR0NwU1g4T2ZKSEc1eHJCQllmaENidTd3VFR6cWttX3lQQmI?oc=5
주왕산,재난안전,"주왕산국립공원, 경북 산불발생 1주기 산불피해지역 도토리심기 행사 개최",3,3,csynews.com · hidomin.com · 경북매일,2026-03-29,2026-04-01,https://news.google.com/rss/articles/CBMifkFVX3lxTFA5T0dIME5aM18xRTRZNUVDV3l6d3czeXNldWJGeENsVGVWNlJDNzZ0WkhOVmI1M1BrLWRPYVBranAtMmtIOURUSE52bDdTTGgzN2RBWnlwZE9NY1VfbXU2YjdNS2lIRlVhaE5ZZm1ta00yMGgxS1FPNmN0QWFjUQ?oc=5
계룡산,자원보전,계룡산 벚꽃 군락단지 개화…작년보다 3일 빨라,3,3,노컷뉴스 · 대전시티저널 · 연합뉴스,2026-03-31,2026-03-31,https://news.google.com/rss/articles/CBMiW0FVX3lxTE9GQTMwVFhKZTI3SkFWdFI4Z2hTRE41d2x5VVljVEwyc1cteU5uQ2Nra2NJeUZFRHNaQ2hUMmQ4emVZU1hfN09WNV9CVFFucHdzbVFKRFhXYVRMRmPSAWBBVV95cUxQYWhFSC1QSjJVU3RNSElzaDBuZ2VDYmwzSmRSY3FidWstZ0YxODhxRS13Y2J4TC1hZnY3aVRkcUY4ZXZWNERXalk3em9Qbi00bmFtR0xKS0tZcEw2ZzZxdnQ?oc=5
한려해상,자원보전,"한려해상국립공원, 연대도 갯바위 생태휴식제 운영구간 변경",3,3,뉴시스 · 연합뉴스 · 퍼블릭뉴스,2023-03-11,2026-03-30,https://news.google.com/rss/articles/CBMiYEFVX3lxTE5OMTQ5U0pjcmR1cU5FS0pZZGNPX3Q2d0lTYjAxTkMwSW9OLWtUZmtGYkY5SUd6N1VNaDNmN1pjck45bTVoVnlyWTNteDV0dkNVbHFObUVQd1QzZ1ZWRVFrS9IBeEFVX3lxTE9obHRoVWpGSFFKQjMtdHM1bEY5SDliRThjcENaMjFKb192Sy14MF9abFVZRE01WnNqQXRxeGNJYUdsbFFEdFpIMEdVcG1LX2lDQWNlUnVWSmtFbU5QX2wzUXc0RUpCaFg2amJJMmtISnlKaXlEREltNA?oc=5
덕유산,기타,"덕유산국립공원, 지역사회 공존을 위한 ‘지속가능한 여행 안내서’ 발간",3,3,매일일보 · 머니투데이 · 전북금강일보,2026-03-10,2026-03-10,https://news.google.com/rss/articles/CBMiZEFVX3lxTE01R3NxV1doeW54Wk4tVWlTTWZFYVBsZGtMNkFpWk5wWXZSeW1Ba3BTZ0V1UmJzZU5Vb1QtdEtKc2VFczB4LXQyeEZlYzZmNnpJRW01cjFNczRLcmo3WE9WSkVReEs?oc=5
월출산,자원보전,"봄의 전령 복수초, 월출산에서 수줍게 개화",3,3,경향신문 · 투어코리아 · 환경법률신문,2026-02-26,2026-03-09,https://news.google.com/rss/articles/CBMiZ0FVX3lxTE16LUtiRTlmMmpRLWtoX1JvS0Nydno4SXhycVlKR0hMTmxaZkpJM01jM1FYNVRxblNVUnlyZEZjNVpwTFhUZ19IbmNJZVVidHZreWlVVVJFckd6MWxsc0pqUzRBY3pyOGs?oc=5
설악산,기타,설악산 등 전국 국립공원서 결혼할 50쌍을 모집합니다,3,3,TBS 서울 · 강원도민일보 · 연합뉴스,2026-03-05,2026-03-05,https://news.google.com/rss/articles/CBMiZ0FVX3lxTFB5MzZMZDZqUXZtSUt2MExOMGNueXdOaW1KTmx0azBEUUZYWW5yZ09PUUlKelJxQXk5NGlKOW9SLTJydWl6YXBNUFdmaGUtMHlEUW5pcmZQUFVjT2hBWV9EWXZvRUFaSTQ?oc=5
내장산,기타,“봄의 기다림…” 한국 특산야생화 ‘변산바람꽃’ 내장산서 활짝,3,3,v.daum.net · 네이트 · 세계일보,2026-03-03,2026-03-03,https://news.google.com/rss/articles/CBMiT0FVX3lxTE4tVHVsRWFKbHF4TUc2dkM2bDJsSnoxb0N0UTczWnhZNVI4dEFLVzhjeVdhdjFkRkFxcEw5aURCbDQwaTlRWjRxUldMczVvV00?oc=5
(전체·공통),기타,국립공원 쓰레기 무단투기로 ‘골머리’,3,3,v.daum.net · 연합뉴스 · 전북일보 인터넷신문,2026-02-19,2026-02-22,https://news.google.com/rss/articles/CBMiVEFVX3lxTE9hWnd3QXBkLVZtX2c1S0JpQk13eU5KZUNrVy1fTWdLc0ZZQzdfLUZieS1RZWMwUFRBWDUwZ0FXdUR4bnVrLUR2MHhoaUR2UHl5Y3dLcNIBWEFVX3lxTE9vUjhzNE5iM0d0OE5JdFBXeXdWVWJoc0UwYkpkMFl6UlBXRXk2b2dlRllMZ19BdlJwS2xKcm54dm9tM0JhU3NOWkpHaVQwZW9zWGpVUEdEMEc?oc=5
덕유산,기타,"""덕유산 등산 갔다가 숙소 못 구해""…50대 아버지·10대 아들 사망",3,3,v.daum.net · 아시아경제 · 헤럴드경제,2026-02-09,2026-02-09,https://news.google.com/rss/articles/CBMiYEFVX3lxTE9mXzNLQUdnbDh1OXBPQXhBRVlITTd2UW5TNmZlcklWZWdyUjFzWmY3YXdEUVo4c2ZTU2JWNk5aODZhUU9FVlZkSzJYUmRTckFicEl6OGhnX2FmVG9Vdi1ISQ?oc=5
태안해안,기타,태안해안국립공원 2025년 시민과학 ‘표롱이 탐사단’ 성료,3,3,뉴스홈(newshome) · 뉴시스 · 태안미래,2025-04-21,2025-12-18,https://news.google.com/rss/articles/CBMiakFVX3lxTFBobmttdGxydklwQVAzaDI0Tk12SHFHZFVSV2RwQ3gyLUFpd0p3Y1FCbnBCSVhGNnFwMktudkMxVkRsNEVuMDdsalp6Qjk4emsxN0NrRWtEVVN6SzYzWFZLVmRMMVRGMm1sRkE?oc=5
내장산,기타,"정읍시, 내장산서 AI ‘광집사’ 서비스 개시",3,3,연합뉴스 · 전민일보 · 전북투데이,2025-10-31,2025-11-02,https://news.google.com/rss/articles/CBMibEFVX3lxTE96UUE3WENYZnJUUUN3dHl6UVVxLXJXQWtYUk92RU5mR0ExV1JNQ1pYOGNZNjVGTmV3RWJsZUhBSXBfSXg5dElVM1hiT0N4MWhCM1pQaHktMjdHb0NBZ2Y4WXRYRmtReWYwdHlSdw?oc=5
내장산,기타,"내장산 단풍, AI가 안내하고 지킨다... 한국관광공사, 'AI 광집사' 실증 성공",3,3,교통신문 · 뉴스핌 · 오토레이싱,2025-10-31,2025-10-31,https://news.google.com/rss/articles/CBMiVEFVX3lxTE5waW5uRy1VZk91YkNIdlJtYWRBbjZJQUhqc0tiZXRYMWhYaDhQZGtKNFc2blF6czZTYW1ZV09oSnRMSkFvcnBhQV83Z28wcU9oUG1xMQ?oc=5
지리산,탐방시설,"지리산 누비는 반달곰 93마리 공포…""이 탐방로 꼭 피하세요""",3,3,v.daum.net · 네이트 · 중앙일보,2025-10-28,2025-10-29,https://news.google.com/rss/articles/CBMiT0FVX3lxTE05U3ZZeXl4bktzRFBJSjd5Qm5CRnhId201TU5uUEh6aXlJUDRpUmx3VUFBQ3ozZnBnUEJNbG9hWHlBWUNjbG1OY28xX1NqUDg?oc=5
소백산,탐방시설,"소백산 달밭골 명품마을,체험프로그램 운영..부석사 탐방과 등산 등 다양하게 진행",3,3,kyongbuk.co.kr · v.daum.net · 매일신문,2025-08-25,2025-09-03,https://news.google.com/rss/articles/CBMiRkFVX3lxTE9DUkNzTktRWHNsQ3I2RW5ibnVqLTRhU2ozOFVIWVp5RmN5MTFLTUl3VEhRcUFjTmtpaG9RS3lzcTJnMmNhOFE?oc=5
설악산,자원보전,"폭설 속 설악산 일대서 구조된 산양 5마리, 1년간 재활 거쳐 자연에 방사",3,3,KBS 뉴스 · 경향신문 · 에코타임스,2025-05-08,2025-05-09,https://news.google.com/rss/articles/CBMia0FVX3lxTE81NTJldGQzYmJqcXV5OFkxbDVVZXNVT2dKLVYyQVZNUWpHYzZrT216N1VucF90eVNOTi1MeWFPdnRveTdFeC1YVkdlTXM1VjFEbjIyOUxRcExtTnBiWTdVQ0t2aU1tdkgxdE5V0gFvQVVfeXFMTjF3UXJDejdYZjlRQ1h1SHR1TjMwTmtnM3lVWDB4QU04bEpxdHBhY0VVZjRxLWw1am13U0c5bnRwSXp4WllmLURlbnVxRjF1X1VzQjBUOE9tU2JfUmNFbU9SbVhzWm93YXR0dlhHU280?oc=5
소백산,기타,소백산에서 힐링 여행…영주 웰니스관광 ‘여유만만 소탐 치유여행’ 운영,3,3,edaily.co.kr · kyongbuk.co.kr · 영주시민신문,2024-05-31,2025-03-07,https://news.google.com/rss/articles/CBMib0FVX3lxTFBwdFZMamFNRjRxbnZ3UGxBVUtGZVFsdGhlWU0tY0syR2lhZWRTb21GcFhqYW8wa3VDQTJrdEtXNUc1M3pPUHk3cXlvQWNlTllzVWxoLUFVall2VTlXZWVZMEFrcHhmRjN5dHhLSHhWMA?oc=5
경주,기타,경주 남산 문화유산 형상화한 삼릉빵·금오커피 개발,3,3,대구일보 · 매일신문 · 연합뉴스,2024-09-02,2024-09-02,https://news.google.com/rss/articles/CBMiW0FVX3lxTE5CWEVjbDFzS3doSmpRNHQtV1VsamIweW9rMVFLR0oySkh5QVplUFlOZm5KNGNpSXo2U1RHdEtfWTNvcVZuaGEzV25ScllZNE03c2g2QlRFTE9xNFHSAWBBVV95cUxQTy0wRkRIUGJfajJtenhBZDcxRTk3eF9TSjNfdjVPaXNQRWlmMnJvdmY0WnUtQ2s1V2FpTHh0aVdyUEhKbWhwZUMtcVZLd1p3NXlaYnQwcXllUmJqODVQQW8?oc=5
(전체·공통),탐방시설,국립공원 탐방안내소에 인공지능 스마트로봇 해설가 도입,3,3,boannews.com · medicalworldnews.co.kr · 데일리안,2023-11-07,2023-12-13,https://news.google.com/rss/articles/CBMiZ0FVX3lxTE5MRWZTMHZ3dmRRM1M2OXJLbmNGX2oxZ3p6MDRpU21HOXBPRmNfQ2lRa1lKcnhhcmNHNmJqbk9GbDlpQ0lRNG9jUWp0Z05mZzBTM0NGU2U5WDcwSlBzeFM2ZG1NZ2gyZE0?oc=5
다도해해상,자원보전,"국제적 보호종 흑범고래, 다도해해상 거문도에서 최초 포착",3,3,세계환경신문 · 이미디어 · 이치저널,2020-09-07,2020-09-07,https://news.google.com/rss/articles/CBMiYkFVX3lxTFBOaVJVTzlZaEdqc2stZERSZVJaLVlHbDNHbjJzVUtCMkNneHl1QjE4NjNOcWs4TDB6Q0JkOU5wUmJaQlg2ZmlXeXJWOEF0UnR6S1lfdjRQWmNrOWxXNEtjRmdR?oc=5
지리산,기타,국립공원 1호 지리산 배경으로 드라마 촬영,3,3,바끄로뉴스 · 세이프타임즈 · 에코타임스,2020-08-31,2020-08-31,https://news.google.com/rss/articles/CBMiZ0FVX3lxTFAyZUZPQmVSZENUQnFyXzBfTk5KQnpMNnd0aHdvZ3ExNFNibVZVS2NXVWZZdUdYWTAwa2JfVFBXZDlLZWJId24zZEk2Z0JIbXJmVjIzZHduWk1hanBGTnFfVTNIbmE3R2M?oc=5
한라산,구조활동,"한라산에서 구조된 오소리, 자연의 품으로 돌아가",3,3,busan.fnnews.com · 제주매일 · 제주의소리,2020-04-10,2020-04-10,https://news.google.com/rss/articles/CBMibEFVX3lxTE9lMUsyTUwzdXJRTGdubTZfZ3hoc0FqNnVtTXNHVDFsemlXODJJeU5SZWQyUVo4dXdVUHZMMVhJVHhROUhObmg0M1NNOTZKQnBKYTNFMnk3NlJONzFRdmdoRXhWa2ZodURqcFV1Tg?oc=5
지리산,자원보전,"""포획 벌금 5천만 원""... 몸무게 50g 멸종위기종, 지리산서 8년 만에 '포착'",5,2,에코타임스 · 오토트리뷴,2025-07-11,2025-11-12,https://news.google.com/rss/articles/CBMicEFVX3lxTE4wUkZSekZRODRpNmY3RTlSVzNDQVpSOTRaWFlNZllIOWxYUHFFQ1JDblVqWnJUcS00SUo4cXl4Y3R0S1NqSG11cG5hejZpcXJycUsway1yRl9YNDB3NjdNNUNpOC1EaE5oZjl2WHA2WHQ?oc=5
월악산,기타,2월에 벌써…월악산국립공원 계곡산개구리 첫 산란 관측,4,2,kyongbuk.co.kr · 연합뉴스,2023-03-14,2024-02-23,https://news.google.com/rss/articles/CBMib0FVX3lxTFBYTFFtdHQwSGJIZzc1VC1rRy1RZHBmZkVuR25nQ2haY0o4TGR5TTJhb2FKQkFhUmJNYXRrQTRGa2g1YTRuQXEzZDVSSFdIMHBMVUNabXlMZG00OXNzV1d0aEFyOGNuZmJGcWtPT2RkMA?oc=5
내장산,탐방시설,내장산국립공원 파크골프장 조성 제동…'공유재산관리계획안' 보류,3,2,jjn.co.kr · 전북일보 인터넷신문,2026-05-13,2026-07-30,https://news.google.com/rss/articles/CBMiVEFVX3lxTE9mRkRZZURnbFNuNlV2Tmp2bU9paGNrb1A2eXk5WW9BN0FnRm5XZW1STE5MUjNVR3pSRG1STTU1UVhOa2E4RWFZOGM3VDRqaUhjanhkZdIBWEFVX3lxTE1YNHFDalU5TkwtblJlLUp5LU41MWR3VE9mdkgyREVKbVdrb3EwSkFtLXVodmNjenlBSW96eHpnMUtOdktGXzJzWXVnZFIzTTJyS21hZEE2Nlk?oc=5
한라산,탐방시설,"한라산국립공원, '어린이 한라산 체험학교' 운영",3,2,뉴시스 · 미디어제주,2026-03-26,2026-07-23,https://news.google.com/rss/articles/CBMiYEFVX3lxTFBiZlQtU1F2WW5sWW53OXllV3otNXUydHVhSlFoM0V2ME1EQnAwN1lLdEI3dU1PR1NOQl9kVk5PdDhLbGxNM2UzY1FUcFNWNHB2eTNNYVZlbUkzZXlHMDZMNtIBeEFVX3lxTE1TWW5qNGtIZW5jemo0LVhmS0p6eW9TNWZDLWJXMF93bGwtOVI4R2VXX3R0VXZaTE9vQ0U3VEd2dEdUS1h5bEoxT0xCems4c214dFZuaTN3Yjc4aTg1SzdpR2k3ZjlWTXdDVDVEWlR6dGsxamxPOVNKag?oc=5
(전체·공통),행정,"국립공원공단, 'K-등산' 세계로 알린다… SNS 홍보단 운영 - s-journal.co.kr",3,2,s-journal.co.kr · 데일리안,2026-04-16,2026-07-06,https://news.google.com/rss/articles/CBMibkFVX3lxTE1Sa21QaE5fWjRtcjJBemdEcG9XRVFvS3p2WmZRUDlkQjBvTGk1ZWIyOXJtd3FjOHZ0elJCdGYxcWJLaGhOV3NsVGVaWkRfV3FqdHM3ZDFpaUEtVVFUMnJrZW1TdnJBNTBhbE96dTRR?oc=5
한라산,기타,"'쓰레기 없는 한라산'...제주도, 대청결 정화활동 전개",3,2,헤드라인제주 · 환경일보,2020-08-19,2026-04-15,https://news.google.com/rss/articles/CBMic0FVX3lxTE4yaEFyLUdGV1NBa1NlT080VS1nUXhpRi10U0ZhT0NsVFRwQUMwbmEycXN1T1Jxa0ZWbzNEN2U3ck02Vy1sc2gxRWl0UE45VWZWMXRCT2NLZk0xRWxmRXRBNXpLLW1WUWpIOHRKT3Y4NUV3a2M?oc=5
팔공산,행정,팔공산 국립공원 승격과 함께하는 제4회 국립공원의 날 기념식,3,2,BBS불교방송 · 이로운넷,2023-02-23,2024-03-05,https://news.google.com/rss/articles/CBMiZkFVX3lxTFBmV3ljQ25zYm80emUxTm1jbUdsaml1WGtRZGJhQldVUGd1NVBOSng1SUFHZUttUE8tajRkNTAzckJGWm5FTDI3V1ZvMXYyRGFBdkVzQ0Zyd3BjbDF6eml2T0daU2tnQQ?oc=5
(전체·공통),기타,산 정상에 새긴 '대한독립'…국립공원이 기억한 광복,2,2,이투데이 · 환경일보,2026-08-14,2026-08-15,https://news.google.com/rss/articles/CBMiVEFVX3lxTE42TDlscDdjQzJ2aDc2RzBFNHp3d1lqUWNyM3VmT0t1Y0ZVVjZfNUczVzFHa2wwRmNGYTFJOXdCWXJrTXIzSG5BeGhsbkhVX3R2ZzhtXw?oc=5
(전체·공통),자원보전,"국립공원공단 ""국립공원 내 '순국선열 역사문화자원' 보전 기반 강화""",2,2,donongnews.com · 뷰티경제,2026-08-14,2026-08-14,https://news.google.com/rss/articles/CBMibEFVX3lxTE9UMUxFek8waWhRY3VQcEw1WnRpVGEySlVXV29uQVdEcDhKOFNWbG9qOExBd3BTTkpHdWhpUmtqQjZOZVZzZ2VmMEZsZW5XUlFBdjRqb2Q4RzF5RW5vdWkwbEh5UnZZYll1QjV2Wg?oc=5
한라산,기타,"한라산국립공원의 샘터, 마셔도 될까? 수질검사 모두 '적합'",2,2,뉴스제주 · 미디어제주,2026-08-13,2026-08-13,https://news.google.com/rss/articles/CBMibEFVX3lxTE1zcEJheUlGYkctSHdhQ1VHZjZWY3FfTjZvVVpua29xY1ozc2Z2ekxrN1VuSkEyeHFnVkhIUExyaDl0TmF0Uk9USF9hQmFJWkF3dGp4aDc4eFBIZHNFaGsxa2c1TEo3a2tDa3duNNIBcEFVX3lxTFBxWTYza1BsZ2pCeVRyMkZzQnI1R2g2cFZIT0UyMXJLZmwyUDIxMFoyMEU1dmszc3dPU0ViSDBmMDVwUk43Tjk3ODdkMnZwMFRmelpyT1RWSVlNMzlFWFRhSTlmRmpURVVXaGhUTkstSEU?oc=5
(전체·공통),탐방시설,국립공원 탐방할 때 구조요청 기능이 있는 '국립공원 산행정보앱' 꼭 설치하세요!,2,2,바끄로뉴스 · 서울Pn,2016-06-21,2026-08-12,https://news.google.com/rss/articles/CBMiiwFBVV95cUxOOF91aFhtSFJBMk1Zc0pIaEdScVlYbmtXNjJDSmRRUkh3TnVTU0liZUtHbVY1N3dVVTgxSVFzMkUyZmlZbXRna2RlOFJ4aElHTU5TT1ZWc2hJNmhvY3d0Wlg0QzloVzRRMGJySlZPdG5JSmc3dk9feEpKT21kSDNsbzhOZEZVWnVjdWRr?oc=5
한려해상,자원보전,"한려해상생태탐방원, 국립공원 큐레이터 추가 모집",2,2,경남대학교 대표 · 경남도민신문,2026-06-25,2026-08-11,https://news.google.com/rss/articles/CBMibkFVX3lxTE85R1JyMTVHcmlibDNFYjVSaTdNRi1COUd3OEZQaW52Y1RXN01jYXMtWUg1RUd6Y2xTUzg5ZjAxd19FbUprOFFXQ0xGaFpSeG5MTWd0empqc3JSdUdkdF9Gbnc4RVRMNlRDZ2lRZVBn?oc=5
지리산,기타,"지리산전남사무소, 대국민 안전문화 확산 활동 전개",2,2,ecojournal.co.kr · 진주뉴스,2026-06-28,2026-08-11,https://news.google.com/rss/articles/CBMid0FVX3lxTE5BODlGZXBYLUFYRndlN3d6WjR3Zk4yN25HbnVWSjJBZFVER1dWLVMtTGJuNVlVdzU5dmtSWDJ5Y3V3Zm9WdHl2ZzduNmNHWGFLSHBEejh5NnE0ajlWelhFcW1WdkFEYWVXcmlZODNYWTZ0enVVbFFV?oc=5
내장산,탐방시설,"내장산생태탐방원, 자연환경해설사 보수교육 교육생 모집",2,2,ecojournal.co.kr · 뉴스21 통신,2025-03-19,2026-08-11,https://news.google.com/rss/articles/CBMiVkFVX3lxTE9KNFEwQzFhaUYwSDEzUEN2ZV8ydFliSmNOS1RIQW5jU2RSQ0NuVkZLUVhETGRyZkQwbmY0dEpqYWhuZC16N1M2eTVDcGlZek01bzhOc3NR?oc=5
팔공산,탐방시설,"팔공산국립공원동부사무소, ‘팔◦도심’ 프로그램 운영",2,2,머니투데이 · 시사경제신문,2026-08-04,2026-08-10,https://news.google.com/rss/articles/CBMiaEFVX3lxTFBTbUI2VDM1X2JjRUphNFhwbEVLSFh1UGJhNjlxaHNySFpCaGdyeURLVmZGSjhJOUZ6RWFHVU1Ob0tFYzU0OWxLQ3dtWUNKT013c3Y3T0VTSExXVDh1UjFnQlRtaW80bG500gFsQVVfeXFMTzNvYV9UZlJZd0pkb05NaVZ2MEluNElwd01OMnFZMGhyekp3cnVpTmVBcURFZlNXcG43ZE1qZmJTbjFxSnlfNEFvNGoxVFN2WXBIQ1AtVHNyNURVOEotRWdIeTJnelhXVENzUzhJ?oc=5
가야산,행정,"가야산국립공원사무소, 이의철 신임소장 부임",2,2,경서신문 · 타파인,2026-07-01,2026-08-10,https://news.google.com/rss/articles/CBMiekFVX3lxTE8yUm8xU1FuYmJoV3hqSHdURE56ZkNUMy1IMEFEYV9zQXpsd25mcUtobktXT3JLRjZHTF9yRDJES000NWNvVTFnUHRfczNOQ21mZGhJcDU1bHY0SHdyOGRHRmJtS0JfVUxQdnFoVV8wQVVVajZJN3U2N0Fn?oc=5
태백산,탐방시설,"태백산 하늘전망대, 가족이 함께 하는 890미터 무장애 탐방로 걷기",2,2,뉴시스 · 여행레저신문,2025-11-25,2026-08-08,https://news.google.com/rss/articles/CBMihwFBVV95cUxPUzlLOWZwOVNiOWpWQ3AtUFBoN1Y3bGZ5SG1taW93YUlJZDg1aElrcjBBUUVFQzVjakQ0Nk9pRm9lRVZLWU1zcEFXemZHWG9BeFRRaEVPOWhCMmFlZHVWOHhxS0lyRVJQZms2RHM4bHZxakpmTjZ0ekpqX2JpdmxOdndxbjVzVEk?oc=5
지리산,기타,"지리산국립공원 전남사무소, 성삼재도로 불법 주정차 합동단속",2,2,네이트 · 노컷뉴스,2026-08-07,2026-08-07,https://news.google.com/rss/articles/CBMiUkFVX3lxTE1VY3hSVnpUZWpkbDdtZDZKWGpUVVJmQnBtVUVWWkFmeG9rX256OGJ3Zk43QmFPekJsQldzX08zNzZ5djVfY1piNTBocUE2d1lDdkE?oc=5
소백산,자원보전,"시설 증식 ‘여우’ 28마리, 소백산국립공원 일원에 방사",2,2,세종충청뉴스 · 에코타임스,2026-08-07,2026-08-07,https://news.google.com/rss/articles/CBMia0FVX3lxTE1pUU5scWVCdVNLaVA4TEVmVk1sbDItQkw1ZkZxQ2dqYlUxeGg3SlJMWlpjZWVKZkVCRWN6YnN0R2NPLTVieE83U1ZNSVZhdmNSRGh1cmx2MlR2WXRGa1lxWm9GY1ROWFA0UXg40gFvQVVfeXFMTmpYVHFfbmxUcm1naG8ycnZObnNHY01lakNnZFdCY3ptaUd1ZkR4NS1QVDlFeEFxMEVZQ1NlRG00MmFXdVBmTHdOejNoSVFoNFFVQ2JXSHctTGlXVmRZUUxSMTNEQ2JIcnRSSnE5bG1B?oc=5
한라산,기타,전문가와 함께 한라산으로…‘한라산 아카데미’ 하반기 모집,2,2,누리일보 · 뉴시스,2026-08-04,2026-08-04,https://news.google.com/rss/articles/CBMiXEFVX3lxTE9hbU00b0J3SUNnMVdRUDB2T3FwSGxQSDlzS3NyZzVxNmFBLXktNDFfcHQzNWxsZmFkV1RLd2Y0OUNVcGxiVEE5b0lERnRZbG5RNzhuVkZkWXpIeHJu?oc=5
태백산,자원보전,순백색의 순수한 자태…태백산국립공원 솔나리 개화,2,2,LG헬로비전 · 뉴시스,2026-08-03,2026-08-04,https://news.google.com/rss/articles/CBMieEFVX3lxTE93cVpZSEVJMFh3cnZiaF9HcXMyN3doVU43NkNIZ3Z2NV9uUEdwRVpxWTZBV1l5VFI0cUhLYzZPQjJ0SDlzUDU3X0tjb0d4d2hjb0doaWdNVW5IZG9rbFNXTkRDTDFrN05LYU55cDFEWjlkN19MaDlLZNIBeEFVX3lxTE93cVpZSEVJMFh3cnZiaF9HcXMyN3doVU43NkNIZ3Z2NV9uUEdwRVpxWTZBV1l5VFI0cUhLYzZPQjJ0SDlzUDU3X0tjb0d4d2hjb0doaWdNVW5IZG9rbFNXTkRDTDFrN05LYU55cDFEWjlkN19MaDlLZA?oc=5
계룡산,재난안전,"계룡산국립공원, 여름철 물놀이 안전관리 실태점검",2,2,매일일보 · 백제뉴스,2026-08-04,2026-08-04,https://news.google.com/rss/articles/CBMibEFVX3lxTFBlYnJWRnpfZklEZHJzUnA0cjlWcWxjU2k5OUJwU0dpY3dvRkxtenJ1dnB4b0Z3SzdmTmIwaThnUHR4MHFDak11UnhSVGZaV0pTc1hfNXlDdVdXdXVQZ2dlcHhzUHlraEtqTlBzVg?oc=5
한라산,기타,8~9월 한라산 관음사 코스로 백록담 못 간다,2,2,FT스포츠 · 월간산,2025-12-02,2026-08-03,https://news.google.com/rss/articles/CBMiZkFVX3lxTE01Wml5LWQ2a1BNeUVEVVpVb1ZGSG1iRVBTejZ0TFVnMUVzb181LXhwcWpER04zSlBCblh5STJ1czN2WUpzcVJDdzJUaHRIbV9Fd0V0YnVVTFVBc09SZDhCSGxfU0RVd9IBakFVX3lxTE5oN3JZbUthay1uVWdQRTVkNTF5elVweDc4dmZpZUlmUUdOZENUdHNoYlQyMEYtU3FoVDkwdWNGUldubEYtQ291bE9MdGdOWXJzRDdtUzNreHNuaXQyeHpibHRPbHVzMzhXNVE?oc=5
지리산,기타,하늘에서 내려다 본 지리산국립공원 설경 [포토뉴스],2,2,경남일보 · 쿠키뉴스,2026-03-07,2026-08-02,https://news.google.com/rss/articles/CBMiY0FVX3lxTFBLUkpIRnlGRzdVeHlZMXg3VU9GM3Vyc3ptWjlZU1B2YTRqTEVOWURIMnctV1ctd2VhZ0FnbXhaTVF0NkNaQ29PekVkTjJreUI2anJ2YWJYYThLM25VVHRORVVwYw?oc=5
한려해상,자원보전,"한려해상국립공원사무소, 장애인 대상 생태체험 진행",2,2,idomin.com · 경남일보,2026-04-06,2026-07-30,https://news.google.com/rss/articles/CBMiakFVX3lxTE9RUi0wS2d3ZXViZllQZFN0eTI5S3IzS1Z3RHFiamE0di1ud1JncDhWc0d4ZDc2ckJjTUZjMXlPeUp2N3BUQzlmVGt4QlVDX2JJemtfT3Bha19GcFZXOVE0bzdQWXVwcFdYLVE?oc=5
소백산,기타,"치악·월악·소백산이 감싼 제천 ""여름엔 더 덥고 겨울엔 더 춥다""",2,2,네이트 · 뉴스1,2026-07-30,2026-07-30,https://news.google.com/rss/articles/CBMiX0FVX3lxTE9WemZHcktYbFQ1WUw1T1dZckROZktqdERkTU53VDlMTUFCV3BGVzFFZUJyWUgxX19kRXJNWUJianI4UUJSZXpOa05VVzFGa1luNEJqei0zWjBnUk9semE40gFkQVVfeXFMTzhOOXBjMkZxdE91ckNodEt2V3E5aUZyaGx3TTdCV1hfdWFucGtSaEhjYm5uLWdvRHF4YkpuMVJlYS15OUpTTVN6ZFFCdUktQVZ0YlpReEdVNDNMVUVOeHFrNk1Ddw?oc=5
(전체·공통),행정,"국립공원공단, 지속 가능한 낚시관리 첫 정책포럼 개최",2,2,강원도민일보 · 매일일보,2026-06-08,2026-07-30,https://news.google.com/rss/articles/CBMiZEFVX3lxTE9TdElWYXItd25KVkNqY1Vta0xMeEVIdmhIMjIxejJfQjBsNVF3ZlplbTJRZ2wwcFhDUnlZVWlwSzNZbmtEbG5xTndOWC1DOFVvdzBOZFUzZm9GYXQxS3IwNGdPelM?oc=5
주왕산,탐방시설,"""한낮 산행 피하세요""…주왕산, 폭염 취약 탐방로 집중 관리",2,2,뉴시스 · 파이낸셜뉴스,2026-07-29,2026-07-29,https://news.google.com/rss/articles/CBMiYEFVX3lxTE4wNDhoN0RBdUNpUDlpOGFxWENaaU8wWmE2aGZ2TElGc0s0MzJwcHRmQTdlY3FDSGttOEtUSzBwSi1aU3pDTXN1ZTZKNUw2RkpDMkVuTzh0OGFvaWZWZkVQcNIBeEFVX3lxTE1BOU1wbjBpMGlablFic1djSHh3Y1J3VU80V3E0Nlp1VWZ2U3pfM1RNNjNKMmhDeXZqeTdrUTA5c3JET3lScUJlajB6UUw3RVd3cjI0bkpoNkhYVzQyYnduZ0g4Ym12UDNLQy1XZHVqdzRUd0N5TExBRg?oc=5
내장산,탐방시설,[픽! 정읍] 내장산 탐방로에 다채로운 야생 버섯 '눈길',2,2,news.sbs.co.kr · 연합뉴스,2026-07-29,2026-07-29,https://news.google.com/rss/articles/CBMiW0FVX3lxTE52SW1VY2tKYkFvcmc4Y0NzeVhGZGU3T0ZjQnV6OHVoRk1taVFydkhHMEJ2NmcyOTVqeVk3TU5YWTk3QlVlVjBnc3RDOEEzUERRWXJfRHlFRlB4b03SAWBBVV95cUxOTE5xLXdvOFoyVXRXVEItNWhHblNPaUVzZGZ2amJJUUZnczliYlZlZFBLc1UzNXJYQkhDb2M1bWtzSzNVWFNldlBTSkVPS3JMQ2RuWm9Udy1xOWhHLWNoOXo?oc=5
내장산,자원보전,"내장산국립공원 백암산 진노랑상사화 개화 시작, 이번 주 절정",2,2,2news.co.kr · 뉴스1,2026-07-29,2026-07-29,https://news.google.com/rss/articles/CBMiaEFVX3lxTE5lcVAwQm5pSDB5bnhQeGhoWlRTUV9tcFFlejRmTlVjR2F3OE4xRWN1LUtqRVR5emJkcWExbGdwTG9JQVZyNnFzMjdxdXk4SlRnTEdPYXB6WTlIZ2cyR0VYeTY4V2lac2Yw?oc=5
태백산,자원보전,태백산 동자꽃·하늘말나리 등 여름 야생화 만개,2,2,뉴시스 · 연합뉴스,2016-07-22,2026-07-28,https://news.google.com/rss/articles/CBMiYEFVX3lxTE4xUHVoU1VpZ1E4ZmJWbmJFV1pHNXZIRzI4NXdMMXJ2cF9SNEw2YUswMXI3bUJWRTRSZU9CUEhTTzF1LTVBVWw1Qnc0eUpOTEJSdk14bFFLM3R2REVhSm5tNNIBeEFVX3lxTE51Q3VVc3JIZ09WTnpEb1pzMWxaUVNsN0YxYjh4b2hpUkFNanRwVFRzenY5MVZaSDVBWmZ2N2xtei0yOFRIZnJRamFLQmppakp0d2tlZWU3TVA0TnY0SERKTENKOWRROWo4RmRGNm9xRFA0UlVlbUlBdQ?oc=5
태안해안,행정,"태안해안국립공원사무소-식생매트공업협동조합 블루카본사업단, 탄소중립 위한 업무협약 체결",2,2,v.daum.net · 충남일보,2026-07-25,2026-07-26,https://news.google.com/rss/articles/CBMic0FVX3lxTFBwUFBYOHhSRUhaZWQwbXQ0cGdHcmZYTG5fU09WQzN6eHVhUF9rMF9hWEc2ejBKdHVEVUMxSUtSbFhLd1paLXp1SVlySXoxU2k0aWxGWkdpS2hEUXlJRTdKNHhHMU9sOEFWZkN0YzJOUUpDa1E?oc=5
(전체·공통),기타,"[바로간다] 취사·흡연·야영 금지 국립공원‥""몰랐어요, 봐주세요"" 올여름도 여전",2,2,KBS 뉴스 · v.daum.net,2026-02-02,2026-07-25,https://news.google.com/rss/articles/CBMiVEFVX3lxTE55WFRIeWhrSXExc0JVZ3p0eG5LQnNKbzFXWElGNDlReXVrMFZrSXZlVEpudjJ4bDQtMlp6RmcwdzJMNXoyZHN5aTBOVlZBVURMYjBrcA?oc=5
한려해상,자원보전,"한려해상국립공원동부사무소, 한국가스공사와 해양생태계 보전 활동 전개",2,2,hanryeotoday.com · 전라매일,2026-06-08,2026-07-23,https://news.google.com/rss/articles/CBMib0FVX3lxTE5leEJnOFI3MDRkWUpEMHJ6REFBQUNkSFJpUkh5Vk1nNUI1Qk5NSjdrZDJkNnFwcUhBamhFcjlicS1hRXk0MFdhRnFvcFN5Mm01VnB3UGljS1ozWWdhWm9ReE1YbklwYkVfbGpIQUJMOA?oc=5
북한산,재난안전,"김성환 장관, 북한산국립공원 삼천지구 정비·복원 사업 진행 상황 점검",2,2,네이트 · 뉴시스,2026-07-23,2026-07-23,https://news.google.com/rss/articles/CBMiYEFVX3lxTFBJcXFnS0tDYVlZWnYyRTh0RWVIQThGN3o4RENjYS1RYXBEcEgtZkhiZzJBN2pORHNBNVVMQjlhdVBMQkIteHFHS284QzhVaW5fcEwwM3JIeUFBamZNd1k4Wg?oc=5
한라산,구조활동,한라산 백록담 ‘인증샷 대기줄’만 2시간···“표지석 3~5개 늘려달라” 민원에 안전사고 우려도,2,2,v.daum.net · 경향신문,2026-07-22,2026-07-22,https://news.google.com/rss/articles/CBMiRkFVX3lxTE9ISG5ZNzBBSWtucV95Mk1ZY05yRTI3b2ZIa1llQ0E3akQ0UWVSRG9TLVRUbllKb1REeHFUaXFKal96LXVIZ0E?oc=5
주왕산,탐방시설,[청송소식] 주왕산 탐방객 위한 숲속 피크닉 공간 마련,2,2,매일경제 마켓 · 연합뉴스,2026-07-22,2026-07-22,https://news.google.com/rss/articles/CBMiW0FVX3lxTE1UbmVyV1k4Q0JRck9JWHByWHZYclFhM0ZCZnNmRVd4LXZocTFxejZPN2t6RnpfRzhXMnhwZFJudmkwcTNna2Q3VE5uWlVxc1BYdHlLTGhyZTg4WDTSAWBBVV95cUxQbFR4bExEVjlPYWRkWVB5Vl9CRHd2Vm9tZ2JOcDI5UzFKa0JEaFZxZ2l5YVVxOHAweGxIUG5Vc2RBWWxLTWU2czJvVGFFYjFoZlozU0NHMkJ0eWZ3VnpqT0o?oc=5
한라산,기타,산행 금지 시간에 백록담 물 떠 마신다고?…한라산 불법 행위 천태만상,2,2,v.daum.net · 경향신문,2026-07-15,2026-07-15,https://news.google.com/rss/articles/CBMiWkFVX3lxTE1ZNWdZT21pYmluT3Rhc2N3Zmg4RmpfbHNKbXlBbjBxeTFpSVNTa0VubmwtZ3ZucndrQms5Z2YyckxvYVAteGhHd21WdGM0RnJoSVhtOWpNdDVCQdIBX0FVX3lxTE9KS0hESHR5cGdxNlRPN1A1X2Fkb0t0cm9FRks3ajVPTUdZQXdaVGJxSWo1dmpMQy1IMHgxU2tnajNMaEVjYUJFWWM1ODFPUEZzSElZemowNXhpNFQwWDlR?oc=5
소백산,재난안전,"소백산 고치령, 통신 사각지대 벗는다…10월까지 재난안전망 구축",2,2,뉴시스 · 더팩트,2026-07-15,2026-07-15,https://news.google.com/rss/articles/CBMiW0FVX3lxTE9WbVlmb2ZpbDVBLU9aaUhYd3V4VVhHdDdYc2ZGZmIzM1dXMUpRTFlpLUpPdDE2b1UzcjZUTHpPMG1FSUFhWkw1VUxQQTJ4dF9JQ3BYMTZnZGliWDTSAVZBVV95cUxQcGhGMXI4WF93dW8xZVhGV2U3WDh1VW1JdmFYZ0hfeDc1NUxVYUNlWGs2QktBTVVLbFdDOGh3T2txbFB5ejhMdTZ1WGZHVUh6eWNrWmxDZw?oc=5
내장산,탐방시설,내장산국립공원 탐방로 일부구간 출입통제,2,2,로컬세계 · 장성투데이,2026-06-25,2026-07-13,https://news.google.com/rss/articles/CBMia0FVX3lxTFByMDJ5SXkxdXVKNnlsS2JPYTVJLWstT2M1ekZYYVR2by1ZVGZoUTNhZVVPLWlyUUVzemhucW5lRENTa2MtQUY4QkRxQVQ5bFRBZmhGclI5ZllLODViSlNLMkF5R1kySlhvai1F?oc=5
(전체·공통),재난안전,"국립공원탐방 4300만명 7년만에 최다…""산악사고, 예방에 방점둬야""",2,2,뉴스1 · 파이낸셜뉴스,2026-07-10,2026-07-10,https://news.google.com/rss/articles/CBMiVEFVX3lxTFBnSkRDS0FNaFZZVU8zY3ZjS2hiTWtJcWJ5b0M5dEEzN0xtMVk1TnlxU05QZEdGczE2U0M4bTJzaUlobnBjd0c5cS1zZnRyMlVvaTlHUtIBWkFVX3lxTE5YT3RtTGJqTml4WVJiX0IxUjlFTmxoUEFTQnVOSzlLM09tN29Fa0ZxamZBZ0NPdHluVWlOMmVXTzViS2lOUFhvU185UTYtUXhfWmVoTGRoeXYtQQ?oc=5
덕유산,재난안전,"덕유산국립공원, 호우주의보 발효로 전 탐방로 전면 통제",2,2,전라일보 · 투어코리아,2026-07-07,2026-07-09,https://news.google.com/rss/articles/CBMibkFVX3lxTE8ySXRENGFKUUR4aTZSLXM2TGZrVkhITnlFS090Tm9lTlNmUzVtek1vRXQyOXRVVmMtUDByb25ucmxxYTlTSHZ5cUFvTW9WcXJ6MXJOcEM5X0xxcEdGVUp3TmZvV09pVFZOZU5QaG1R?oc=5
(전체·공통),행정,"관광공사-국립공원공단, K-트레킹 열풍 속 외국인 관광객 유치 촉진 협약",2,2,연합뉴스 · 핀포인트뉴스,2026-07-09,2026-07-09,https://news.google.com/rss/articles/CBMic0FVX3lxTE9ZV0xYdkR5cFdvY3I2WS1BZWR6NHpLT3NfTnlsNU5YVWM0VVhSTk56VG54YUt4RVdBQ2tNdng5d053aG5OMlQxWldVMk94LVhFT1EtcW9ZWmdYdk5BamphT2JPOE9sZFltRllsX0F2WU5lY0nSAXdBVV95cUxNVEs5TGI1TDI0QmR6cnc4SDhqanpWWURONmxFbXhURy1JdDVfNUJXWjM1bTdSTDRZYTBidEhYUHVnWkwtbVlWZTZ0Vk04b1plNC00ZmFDTEFwOUo3LTA3ZkJPdWFxUVFsSE1mOW9qVHNmQ1pwa1V0UQ?oc=5
(전체·공통),행정,"한국관광공사-국립공원공단, 외래객 유치·지역관광 활성화 위한 업무협약 체결",2,2,디스커버리뉴스(DISCOVERYNEWS) · 뷰티트래블뉴스,2026-07-09,2026-07-09,https://news.google.com/rss/articles/CBMickFVX3lxTFBHRmF3Nmc4LWhnSEVVVThXNE5IbWNwTVg0TEJIcnpMX2hDMjBlSFViX1VQc3VnQUVLUXc2Nmptckt2dnBnXy1PZy1HN0pjYlJUWFBWeXdOSjVWck1reE93VnMyYkRnaER2amNCMzRPNHNsdw?oc=5
한라산,탐방시설,"한라산 야간 탐방프로그램 운영...""여름밤 매력 만끽하세요""",2,2,지금제주 · 헤드라인제주,2026-07-06,2026-07-06,https://news.google.com/rss/articles/CBMibkFVX3lxTFBKMFFIVGE3OXRKd2ZES3Y5R2w3WnpVZklFV3A2UG9pREN2cm0ycDlZWWdnN2cxcXJIQUhlMVp3bnFCd19MUlU4cVR1cDN0S2lWejBjYWdnNkRsMWZhOGdkVWR0MXF5WkI0N1R3SGtB?oc=5
한라산,탐방시설,한라산 어승생악서 즐기는 밤하늘…야간 프로그램 ‘달빛 아래 별 하나’ 운영,2,2,BBS불교방송 · 경향신문,2026-07-06,2026-07-06,https://news.google.com/rss/articles/CBMia0FVX3lxTFAtVmRUNGZsWGtCbHliVlF6MFZ5U1JfMnJjTlBEQkxjNE1iU0JnVEtreTgwblZ1UkhsdWhhSzRadWpmU0NZeUpvUXpyaTZuQUlkVmM5bnlkamJaYjBPMjZFZUlSdkQ4ZjA3OUlj?oc=5
(전체·공통),행정,"국립공원공단–국토안전관리원, 중부권역 로프 전문교육 실시",2,2,뉴스홈(newshome) · 중도일보,2026-07-06,2026-07-06,https://news.google.com/rss/articles/CBMibkFVX3lxTFBuekJvZVRTcHFuQlFqeUdxN09mcHRySFFUdnVCbEw2SzEycS1tVElVMUdWcERhS2R3Yk0xQTZ0eGhTLUtnQXVza3VFNUgwQjdVQnY3SWxpelFPTG1pTmU0UXNvMGxBN1pwUXRMZy1R?oc=5
설악산,구조활동,설악산국립공원서 60대 여성 산행 중 추락,2,2,dt.co.kr · ecojournal.co.kr,2026-07-05,2026-07-05,https://news.google.com/rss/articles/CBMibEFVX3lxTFBjY3FjaTRtMnpKVTRyXzA5U0UtQzZNb0RxNS1HQ3J5NGRGYlVLM1VrWk5ZRnY2VG5zSXE4VlVKdE5jandZSWRFeGI4ZXEyUlMtZGJPMkRWNW9Gc0pvS0FVVlZ2X3pCMGJoWDNiXw?oc=5
설악산,구조활동,설악산서 떨어진 돌에 '쾅' 10m 아래로 추락…60대男 병원행,2,2,네이트 · 진일보,2026-01-15,2026-07-05,https://news.google.com/rss/articles/CBMiU0FVX3lxTE13bGZiblkycjNGRGN4N3ZjdEdFS25GRS1MTVprazRWUWNlWlhwSzFzdEh3N2JXVjd5eVUzc25BNGtuX0JmYTBpNkZxLThmNFp3TUQ0?oc=5
속리산,기타,[픽! 보은] 무더위가 반가운 속리산 연꽃,2,2,네이트 · 연합뉴스,2026-07-03,2026-07-03,https://news.google.com/rss/articles/CBMiW0FVX3lxTFBvYnluS3R1Nno4VUxnaDY2SGZ4VkRQS25vMlFJWWdXaER3REtrVV9VX1RRRFc0MXZ5Qk9DN0pYZkRSZ2JvMm9Wd2ptSkU4TGVNN3dRVzg0QlNwNEXSAWBBVV95cUxNMnM3bEtFSm03cTZLMWVSUkl1TEM3UlU4LTkxVEs1bEVMT1FUYkMzN19ibVZicXYycHFrUmlDV0lzYjhOSEFYTmY0ZUN3Y0cweU1CSnBtWXVDRTMteEhUM1A?oc=5
설악산,탐방시설,"시민단체 ""우상호 강원도정, 설악산 오색케이블카 독립 검증 나서야""",2,2,v.daum.net · 한겨레,2026-06-23,2026-07-03,https://news.google.com/rss/articles/CBMiT0FVX3lxTE1lZ0pUQ2c5QWptUkdkSzVyY3Z1U1lYTGNmNThIbjBubjE2MmVOSW04aWR3d1BOcHdQUU02VVR3VVV6N0NZME5SdnpWLXdsTDQ?oc=5
팔공산,재난안전,"팔공산국립공원서부사무소, AI 산불 감시카메라로 산불 막아",2,2,BBS불교방송 · 매일신문,2026-07-02,2026-07-02,https://news.google.com/rss/articles/CBMiYkFVX3lxTE9Db2VWdk9nakNWWUZ6S3EwX1pvRkpVVldRWERDaWJTT1lzaGIwalpla0NTN1k5LU9DOFgzWGJCZW9aQ1ZNRGZtd3dfSnNfaDB2eE9kanlLOHMzdEVNNWNpUXZ3?oc=5
지리산,기타,"지리산도 주차 전쟁‥차 몰고 국립공원 ""그만""",2,2,imnews.imbc.com · v.daum.net,2026-06-29,2026-06-29,https://news.google.com/rss/articles/CBMiekFVX3lxTFBOZUhVbGNiR3p1VTJyWXp6dUQyS0ExdTNEcjhNUE95SHVqY1BZNHpiUk9WemoxM1RiUjUyaERwQ3NJZVZWLXBCd3N2OHBxTzNzZnF1aWdEVXNqNWsyRFlZTUJVSXNQRVl5MGxLRk5wUjNoN0gybkt6Ml9R?oc=5
계룡산,자원보전,계룡산국립공원에 여름 철새 ‘호반새’ 출현,2,2,중도일보 · 중부매일,2026-06-28,2026-06-28,https://news.google.com/rss/articles/CBMiakFVX3lxTFA5NUFvYkE4ZGMzZmNGZzJsNHdoZmwzSk1oeWpsVjQ3T05wNDNPXzdKMEZYUF94bzdOS1dfWEIxbkxRZEdHOVRsVDR5MUxYQ0xlSGFFeXNsZkFNQ2toc2VQWWJjT0JwN1JNQWfSAW5BVV95cUxOWDJPeVFlU0FlQlUzVHRPQnlzNkJyZEV5V1lIZDdkX3dGV25pcHVHSEZJZUVCWV8tYWJldjJGWEt5cjZSUFAyNGh3QVY5a2J4S1lOOXlrUTh1dkQ0OWozQVhVNjh3eVJqUUNxcjhGQQ?oc=5
지리산,자원보전,지리산국립공원 멸종위기야생생물Ⅱ급 기생꽃 개화,2,2,경남일보 · 타파인,2026-06-25,2026-06-25,https://news.google.com/rss/articles/CBMia0FVX3lxTE1yZ0NEOGxyUlZDejBuZ0dFdUFXYlJndV9ISldDUnFXcVl2cDExZDR5Ql9EcXVleTdpMHAzRTlSX3pKaGMtOENFb0MzOURsem1Ha1hvbURfQUdrQVpSV20yNml4QWVtaGhLTUV3?oc=5
한려해상,자원보전,"주왕산 트레킹, 한려해상 기행… “휴가철 생태관광 신청하세요”",2,2,뉴스티앤티 · 동아일보,2026-06-21,2026-06-22,https://news.google.com/rss/articles/CBMidkFVX3lxTE1qU09UZTNUWXB6TnJ2eGpnel9NRXI1NWRtQWdpa0h4UTNvaVkwU24zZFc0ejJOZVlYYkNBQTAxTkh5T2dDTFV2TVFMdDE1R3Q3bVB5MS0tbGFIVy0yV3RpcEgyMmQyemtXWlBWMVlMdS05S0xvMXfSAWZBVV95cUxORzZScHVqS25rNmVCcHdydl9LWWFCQ2lHQnkzSS03MFVWVGVveHNSdVlITzBncm1LaThLbDh1eUZqLUVoOFM3WmpwS3otRThBdzd2SjBfM3l2Y3UwVWhmY1RaSzQ5bEE?oc=5
(전체·공통),자원보전,"국립공원공단, ‘4대 테마형 생태관광’ 운영…자연 속 특별한 여름 여행 선사",2,2,MTN 머니투데이방송 · 뷰티경제,2024-10-04,2026-06-21,https://news.google.com/rss/articles/CBMiakFVX3lxTE9EeVZZUklJTk9OSXR3WnFrd2dGeWtnejBjNmNXWUJUUXB2Sk1BXzBER2xodmJyd3FpdWktMDdpcnRnSUhsaFBrRmpnWXhjUlZ1dThxUFljemVLZWVNXzIzNUxXeWdaLXlBQWc?oc=5
설악산,재난안전,미시령 149.5㎜ 폭우…설악산 통제·강릉단오제 차질,2,2,v.daum.net · 연합뉴스,2026-06-20,2026-06-20,https://news.google.com/rss/articles/CBMiW0FVX3lxTE44WUF6Mjd2SkRNeEMzZ1QxdWptTHllN3NpZ09UMjdLeGx4d3dyMVZhVmtncXNFVVNpX2oxWTlRcjIzZnJvdjItdFJYaU9OYXJEMGRKaGR6WVNqRUXSAWBBVV95cUxQRU9FQnFuNDVMcGFJQkw5bFprX0ZtWDM3b01ydURpcXhpR0lLMWFhMWkwZXZTdElRRzA0U28ybUY3V1NmdXNLc3ZmbWJJWm9VQVd4YUxYUUxoMExQbW1GN3Q?oc=5
설악산,재난안전,'200㎜ 물폭탄' 강원 영동…단오제 행사 차질·설악산 전면통제,2,2,네이트 · 뉴스1,2026-06-20,2026-06-20,https://news.google.com/rss/articles/CBMiVEFVX3lxTE1ZT29sUFQzV2JKc1VUREtfNTc5WUJ1X1hLSXRCajNoYjFHVkw5WndUcnlRNXh4NWNEOUVmWHZWSDZlamI3bVZWNTIzTVI5OFF1Uzk3btIBWkFVX3lxTE0yOEJTUm80ajliV1JYZFFRWjJVSjRYdTl6Qnh6V2djNEc4bFZrNHloYUVGdFRoWnpjemhsTlhJa200Z2VNUmFCZzRQV1N4QU1wZVdlVzRnaldtQQ?oc=5
(전체·공통),기타,[출근길인터뷰] 등산화·스틱 없이 국립공원 갔다면…무료로 빌리세요,2,2,연합뉴스 · 연합뉴스TV,2026-05-27,2026-06-19,https://news.google.com/rss/articles/CBMiZ0FVX3lxTE1PU0ZSWGJ6RTJMbHp3MjkwLTd5cEU3c2dlY0UyeWJfS1FZUEk0U1pYUHp2ZTk1U3BVVTZhSUszUWdWS1gwOXhHNm1iUTBsQ1ZOSmZ1RWJKUmlfX3FhSEFTRU1aMmpYNlk?oc=5
(전체·공통),탐방시설,"국립공원공단, 카카오·농협 앱에 대피소·야영장 예약 기능 전면 개방",2,2,SBS Biz · 코리아방송,2026-06-16,2026-06-17,https://news.google.com/rss/articles/CBMiZ0FVX3lxTFBMcHd5eVlYYjVuQkhuY1NxcHJUM0xZUXNkeTVhdVBiX05fUkQ2M3BrSGhRMnlXU2NrTkloTWNlc2Q0djdRYUVBSGhYcndLZ3FYU1JGN1drNTFoWlBjVnpUck1hRlRmZkk?oc=5
소백산,자원보전,소백산에 여름이 왔다…눈개승마·함박꽃나무 잇단 '개화',2,2,뉴시스 · 더팩트,2026-06-15,2026-06-15,https://news.google.com/rss/articles/CBMieEFVX3lxTE9LaDZBbWNjdG1KOEVleDRpbm1oa2VKZzhocEQ4d3pXUktpR1FjX3JVelBrYnJIbHd2U3o5VFI0V1hmVmY1Rk15SzJITU9IUWdNU3ptZVN4VG9fVDBEeU5ULTRSOEJsanE4MTZDSjVFZExCcU1uVERQdNIBeEFVX3lxTE9LaDZBbWNjdG1KOEVleDRpbm1oa2VKZzhocEQ4d3pXUktpR1FjX3JVelBrYnJIbHd2U3o5VFI0V1hmVmY1Rk15SzJITU9IUWdNU3ptZVN4VG9fVDBEeU5ULTRSOEJsanE4MTZDSjVFZExCcU1uVERQdA?oc=5
(전체·공통),행정,"[단독] 연이은 사고에… 전국 국립공원, 산악 마라톤 허용 구간 지정하기로",2,2,네이트 · 조선일보,2026-06-15,2026-06-15,https://news.google.com/rss/articles/CBMilwFBVV95cUxPSGtRNUxDTUxmdkFsbmh5X29sSjhNa01LVkxKNm52a2VWcFpRdnpuek8ydUVISUUzTnQzSnhpM0wyMEw2YnpUMkpTYVBuQWRiOWN5ci05ZTN1YUw4X3VJWGVPRGdJdHRUQWthRUJQcjcxRXg3Y0QyWHpMMHlBYUZLc2N1MFM3a1lIVFRxa0llWFd3VmplRWQw?oc=5
소백산,자원보전,소백산에 찾아온 귀한 손님…멸종위기 ‘복주머니란’ 활짝,2,2,세계일보 · 영주시민신문,2026-06-11,2026-06-14,https://news.google.com/rss/articles/CBMiWEFVX3lxTE94ejYtS3IxUmpLTkZINFVjaXVhS2JmVEFzZWxrbDJYa0pObHB4cHliRS1xeTFXd21JZ2Z1N3ZqcmhHcXNZU1hZblpfb3daUko2SU1PS2xXcVnSAVRBVV95cUxOMW5hRTg5cHBkN0lyeUxxN1lvR3Z0ckcwWDZtSlpQVk5Jek8zSUFtU0g5c2xFUzVLQjBnY0VoOFh0Rm1Leko1RGpmdlhtSWg4TV9XMmo?oc=5
월악산,기타,월악산국립공원「제1회 제천 숲푸드마켓 페스티벌」에서 국립공원 사진전 및 청렴 캠페인 운영 새창으로 읽기,2,2,뉴스21 통신 · 문경시민신문,2026-06-08,2026-06-08,https://news.google.com/rss/articles/CBMie0FVX3lxTE9hdWR5bVdpYjBCLWdic25HQ2pfcVViZ2JSSElreU1OMy1rUHNXZ2xuZjgxeVhkTWplSWpIdmtXWVFQNUIyMjZxMExWTXZtQ0ktR0xXTTJRRFhsOHdkdWtTekpUbGcxNjhtVVlSSFVDSDJPNi1hc1U1RmU3RQ?oc=5
무등산,자원보전,[생생갤러리] 무등산서 멸종위기종 담비 올해도 발견돼…,2,2,연합뉴스 · 연합뉴스TV,2026-05-26,2026-05-30,https://news.google.com/rss/articles/CBMiZ0FVX3lxTE05ZUU2TkNTLVBoQ2R5TjdRemNKb3pMNFNyaGZxYm9ZaVFuMi1tX1hOcGFwNlBEaTQxWkFqdzdxTThZN3BUaEZVWHowUjBvalZab0hqZC1LcWdaX2c5NFZ5YW9DbFQzbE0?oc=5
설악산,탐방시설,등산하러 오픈런? 설악산 고지대 탐방로 재개방… 대청봉으로 이어지는 코스는?,2,2,KBS 뉴스 · 여행픽,2026-05-19,2026-05-21,https://news.google.com/rss/articles/CBMibEFVX3lxTE5MT0pucThVRkJsV3lZQjRtNUFEVDNGMXV1RHRBWVg1dUg3OGJIQkQxQ195cUc2SU54ZTF1MmlGRnZqaFQtSUpSQkhpNVJKQ0ppTlJNUUJhTVBMZXpSSEtvRkQ2dFZ0S2tkREVfTQ?oc=5
경주,기타,"한미 장병들, 경주국립공원에서 신라 천년을 걷다",2,2,mylovekbs.kbs.co.kr · 대구일보,2025-10-24,2026-05-21,https://news.google.com/rss/articles/CBMiaEFVX3lxTE5oc0V5WjU2SEdXYmtlT3lpUDA1TkRucVNLcXFMTVhnMlVHMl9sV19YcVpicVgwSGhrTmV3OTJzQ3RZZF93b2VYem1YZUZOaktlSVZMbWwxdVNuUjVPaEd1OEdFN0dyZnoy?oc=5
(전체·공통),자원보전,22일 '생물다양성의 날'…국립공원 야생생물 유전정보 공개,2,2,뉴스;트리 · 뷰티경제,2026-05-21,2026-05-21,https://news.google.com/rss/articles/CBMiXEFVX3lxTE5fTDZvYk8xQks5a19lSmZCLVZaUTRyS0xlTXJVdVNIVU5UOEdNN0hRT1FxMHlWZzRfQlVRcTJveUhZTGhGSjR3T3ozZE9rSVZuZU1yTWpPdGIzeE5N?oc=5
(전체·공통),탐방시설,축구장 6개 '32홀 파크골프장'이 체험시설?...국립공원 내준 기후부 [흔들리는 국립공원 ➀],2,2,MTN 머니투데이방송 · v.daum.net,2026-05-20,2026-05-20,https://news.google.com/rss/articles/CBMiZEFVX3lxTE5sd1M0N1JjekMxcFM1UGkyaEVKUWRMUUJ6N1ZmNzFCZ2RJZmh1ZkFkSVNoYnRBSEhlV1BUSFRDRmZBemFIRUtjTV9zREZfQktMUnZjYndNWjRoczVpTGJybUdDN28?oc=5
북한산,탐방시설,"제주 세계유산본부·국립공원공단, 북한산서 탐방질서 합동단속",2,2,뉴스N제주 · 뉴스제주,2026-05-18,2026-05-19,https://news.google.com/rss/articles/CBMibEFVX3lxTE5STDlPX25ZZnlEdU1uejB5YmZwaDFQaTNtSk1FYUwydTgwcE13TVhIV19jNmRaSUMyeHgxdkpfMl9hX3k3TDI2WTgyRnlNZlVTRk0yRWEyVkwtb3B4ODE3Zi1DbWdGRUpxUjdZMA?oc=5
무등산,자원보전,"무등산국립공원, 너와나목장 복원지 외래생물 제거",2,2,전남인터넷신문 · 화순매일신문,2026-05-15,2026-05-18,https://news.google.com/rss/articles/CBMiRkFVX3lxTE1wMHhpd3pXRDNLdzBpeGFkc0lBajNPN2lJelE5ZW9uTUtOMUhmU2RIUzlLU1o0dWJMUzhtOFJaNm8teF9yaEE?oc=5
팔공산,재난안전,대구시. 팔공산 전역 산불예방 비상체계 가동,2,2,데일리대구경북뉴스 · 연합뉴스,2026-05-15,2026-05-15,https://news.google.com/rss/articles/CBMiZkFVX3lxTE4zMUFSNUVkTk5Kenp0SXRFS2NRVmlkQTd4YnctWGc5U0pWVVdIamxqTldJTlN3MWZGSzRDUUNaUFl4Uk9hNjJyYjg5ZGhRakVsMkgzR3BkMW5nMGg5RGpQQzZGT3BhQQ?oc=5
주왕산,구조활동,주왕산국립공원서 실종된 초등학생 부검 마무리...유족 인계,2,2,sisunnews.co.kr · 진주뉴스,2026-05-13,2026-05-15,https://news.google.com/rss/articles/CBMibkFVX3lxTFBQN05JRnpnVE9US0NzYmFPZEY3Q2U2Y3A1MHptOVB3UExhNUg5WHloaF94V055bmI1aWI3V0c1TkJkcWlrSDhna3lqWmJVUDRvbTBrUzlJMVlKek0tWFVGZDlRYjF5eDVkQkZyVER30gFyQVVfeXFMTzZwc0xKTTBGWE9nX252aW9BZ0JKaHlMLVRjS0dvaHFxMk9EM1VfNjAzYUtkUmp0dU9TU0lGQ091eHdkbDVMT0I2VEhZbHA2eVluSXgxTk9sdkItVzVZTFNpQjliY3NTRXVLNGl6TmdqRmpB?oc=5
내장산,탐방시설,“국립공원에 골프장을 만든다고?”… 내장산 ‘파크골프 체험시설’ 편법 추진 논란,2,2,v.daum.net · 네이트,2026-05-15,2026-05-15,https://news.google.com/rss/articles/CBMiRkFVX3lxTE1qbDFYT1JIdjNCNWNFbkZuQ1pZcDNOY0JPYkFsTjljeDBnTk5CRGVqVE9zZy1TUk9oVGt2X1NZZ0hGUXR6S0E?oc=5
주왕산,구조활동,"[ 심층 속보/시사토픽Q] 주왕산 실종 초등생, 사흘만에 숨진 채 발견...실족사 의견",2,2,KBS 뉴스 · 데일리NGO뉴스,2026-05-13,2026-05-14,https://news.google.com/rss/articles/CBMiYEFVX3lxTFBiUzZYTElQcVZRbE1SbEtyS29rQlBENHFCcHF0OU83V2lEMWRUa01lWEV5WUV6ME9lelBPTEFUY1NMam0zRHBKNE9QVjJYczc3S19nem0yTEhtQnVvbkIwVg?oc=5
(전체·공통),탐방시설,[정책돋보기] 국립공원에 파크골프장 조성 승인…환경단체 반발 外,2,2,v.daum.net · 세계일보,2026-05-14,2026-05-14,https://news.google.com/rss/articles/CBMiWEFVX3lxTE9lZTdIY0pCMzZFR0RxWWIySlgtSnRuTkZqUWVodHRpTTJibWlhWUFPVGd2dnVqbWxIYkE0aGxic3FJR3R5OGgtWWM5NkRmUEgySVNraEdOUlXSAVRBVV95cUxPRkw4eEtXekZKTVdGVmtBVFA5UFhGSVRlYVN3ZWlkMW1zM24yeFM4VUNrTkpFbmRzd28wc2J1bXpwQ1picFd2Y2tWYlE4a0xvWjgxalU?oc=5
(전체·공통),자원보전,"국립공원공단, 수은과 국립공원 내 5ha 생태복원 협력사업 추진",2,2,서울경제TV · 지디넷코리아,2026-05-13,2026-05-14,https://news.google.com/rss/articles/CBMiVkFVX3lxTFBjbHk4ZUlYc1BuOHpsZHA3eExxcHNjdS1FSlJ5U0w0b1dPVVMxTU9fQy0zb0hpMFk5S3BnVkFuRjZMQVA4NFhnVnlhb3ktRllpNE5Cd3R3?oc=5
주왕산,탐방시설,주왕산 실종현장 가보니‥탐방로 벗어나자 바로 낭떠러지,2,2,imnews.imbc.com · 대구MBC,2026-05-13,2026-05-13,https://news.google.com/rss/articles/CBMieEFVX3lxTE93Sklld1NvUWFSMkNUb3pic0JuR0JsUWlQWTBfUzlFd0tGOXdwa2xrMlo3bWZfMHNTanJTTHpLYnZZbEF6MndTa1dlMzFMTHJFT0lpX0t5dl9wLVpZa2REaXc5dTdFelNmZk5yeWhiUWdsWEtpUGVYUtIBeEFVX3lxTE01MGs5aHRXcVNpdzVUdUZiNU85dTBlVEhybFpKWnJKUUFHNUVWU2xvUFpWbzU5WmY4bEhFWi0wMXRweW5aQ2h2M3hkUUVtU2hZcG9lSW1RRFNkazFGb3hWNUpsU01UVWFoX09JeXNvdV9EMktmdk1SSw?oc=5
내장산,기타,"내장산국립공원, ISO45001 인증 획득…안전관리 체계 ‘국제수준’",2,2,뉴스21 통신 · 전라일보,2026-05-12,2026-05-13,https://news.google.com/rss/articles/CBMibEFVX3lxTE9JeklYblFKd3FuWERaQjFZYWcydEtBTV9KMnlETU9SUXExYVd5NEJUeW15clE5MzIyM19PeG1wdThhM1drSmdIUFd2QXlFUVFjdm94UU9NYkRNR011eGxOUVRJQTd0eVFVb04zUdIBcEFVX3lxTE8wN2luOEpoclppbFAyM2dGNlhDUXVoVWJWakVFeW5WUlNTWDUtOTdNdE9tNC12eE42LXdIVnRVdTh2UEJGWUtQMDQta2pDa1c4dGNLNGhmREdnenJpaGhmeWg1Q3F1ZjZ2TmRqODNBb3o?oc=5
지리산,재난안전,지리산국립공원 재난안전 관리 대학생 서포터즈단 발대식 개최,2,2,대한투데이 · 목포타임즈,2026-05-09,2026-05-11,https://news.google.com/rss/articles/CBMiakFVX3lxTE5FTUFVbUlqMmlaLUlOYXJaSEhVMThrbVF0U2ZZai1ETjZQQkRjZ2dLZ2FIaURfZUdBUTFfUXo0Qy16WVRjQTFsWi05RVBGSEpscmUyd1hDY1hWeG9scG1fTjlDS0JEOGFYUkE?oc=5
덕유산,기타,"“야생화 지천”…덕유산국립공원, 초여름 꽃잔치 열린다",2,2,v.daum.net · 헤럴드경제,2026-05-11,2026-05-11,https://news.google.com/rss/articles/CBMiVkFVX3lxTE00RXpVTk9uN2ViUDFOeG1MTm5WMUE1d2VUb3pPNEJRYmRUMXF4RG9MNjZpRENGQ3NmOFJKd0FoakxwV21ra0Y1TTVpTHViU3MwaUN2WEln?oc=5
덕유산,자원보전,"덕유산국립공원, 5월부터 6월 초순까지 화려한 봄 야생화 만개",2,2,뉴스N연합 · 환경일보,2026-05-06,2026-05-07,https://news.google.com/rss/articles/CBMiaEFVX3lxTE16Vl9uOWV2ZE5UNS1PZXJNY0ExdVdyYlFOcm9MQmRDendTNGFHYnVVaXQ2c1E4M2kzQkN5ZGNMWm9SQlRRVE84aHloOEFheXhmT1JDNUkxX2N6RzA4YlZxMmx3cDVtbTlk?oc=5
팔공산,기타,대구 팔공산 기생바위 기도터 철거 시작⋯‘긴 협의 끝 원상복구 착수’,2,2,v.daum.net · 경북매일,2026-05-06,2026-05-06,https://news.google.com/rss/articles/CBMiWkFVX3lxTE9fWUJsdmppLURwcWZBWG5XRlRIcG5sMGVSUUJDbFRMSjBZS0loRkl4MHpZbDU2bUkxR0prVjBtUGc2dVg2NGFvUnZuOEZpZU92R3hDcDFLSEdJQQ?oc=5
한라산,자원보전,"""털진달래 만개"" 분홍빛 융단 깔린 한라산 늦봄…산악사고 주의",2,2,news.sbs.co.kr · 연합뉴스,2025-05-02,2026-05-04,https://news.google.com/rss/articles/CBMiakFVX3lxTE9RSFpjS1h4VEFKQWxJTjRMcTZnZjFaeGtBbHQ0ZXE4ajJRRzlybmxfLUltTEVHdUFGVmZFTzNKNW1jSXV6VUlBWHhhRkdNZWs5dEtKSlBWT1JfS3B2bXU0U2gzbVVBb21ZX0E?oc=5
북한산,구조활동,"북한산 인수봉 암벽등반 부상사고자, 2시간만에 구조",2,2,강원일보 · 동북일보,2026-05-03,2026-05-04,https://news.google.com/rss/articles/CBMib0FVX3lxTFA2bi01RmgxTmNCczJ2cGcwT092V3E5V2U3djhzckZYV3FNdTFsdllBdHM1RGliYW1LOXBmYkwxcGtNNXJXbUo5R2tVVHdNSnpEREVzRUhiVUNjSVNsV2FSNjNNMTYyNzZVem1IdHFhcw?oc=5
내장산,기타,정읍 내장산리조트 연결도로 2029년 완성된다…잔여 구간 국비 전액 확보,2,2,뉴시스 · 전북일보 인터넷신문,2026-04-30,2026-05-03,https://news.google.com/rss/articles/CBMiVEFVX3lxTE0xZ25XdUhyNHFwUDZ5WENfZGRvOVlQdWs4SEl1Q01xSFE3c0JibGRMYXhUV0l3d25yN3pjcVJrOUNFZjNtN0VBZUlNTWwyRHZhSVJoeNIBWEFVX3lxTE5kZGxRUEhrbnlOWUxtYzdqSV85Mko4NWgtalpGWmtza3dwajc1SVUwaklXYnQ0c1ZZRnY3d1pZM1JETGxrdFUyaG0zeFdhZkUzSGlFdEd1LTI?oc=5
팔공산,탐방시설,팔공산 갓바위 '양방향 탐방' 길 열린다…차량공유 시범 도입,2,2,kyongbuk.co.kr · 뉴시스,2026-04-27,2026-04-28,https://news.google.com/rss/articles/CBMiYEFVX3lxTE1OOFAxYWVsN2hSa3FNQnMwR3d6N24wYUduWEhjRWpSQ1VNek96VmEyeFpZbi0yRXlUMGh3WDIxVWEwbzhKbEFVYXdJVUM4emIzbUdiYU1fUUVCYXFZWXFyN9IBeEFVX3lxTE12czdtYTBVVE00WmRSMGtfeXJDMlFtMnozcEZYRmdkMjJLTE01ZmVzWkE4S1hPd3JuOVEwcDRFOTdiUDg3VlVRU1FTX1lhU1A3MDNFR3h6RVpRSTU5LXZMcXpsTy1TRTJYSF9KbmZuNGFhU0ljVHkwZw?oc=5
지리산,탐방시설,"주대영 국립공원공단 이사장, 지리산국립공원 탐방로 등 집중안전점검 시행",2,2,뉴시스 · 진주인터넷뉴스,2026-04-23,2026-04-25,https://news.google.com/rss/articles/CBMidkFVX3lxTE5WRWgzRjNaUlM5SThDcF9ZVXg4NkxybHZ4c2FEa1dFcXJVRnlTVzVHUTM5eTFnWnByZnBYUnpNc0lqQldnS3EydlowTDJ3aWRrRUMxSGJhNU1ETFl1T29GX09VNlJ1WWRjUXN0QXhFVTVBcjlVb0E?oc=5
금정산,기타,"""금정산 국립공원 마스코트 됐어요""",2,2,연합뉴스 · 조선일보,2026-03-23,2026-04-24,https://news.google.com/rss/articles/CBMihgFBVV95cUxPbjVKeHh2RGtCcm5CQ0lhV2hvN1FUX3Jjd2N2UGJuRnZzakw3c3hjQmhhMUFQTGF1dWVTR0Y3STlQeW5fay0yVkJhRGNoZmlmdktibFdFaXcxaUVPQ3h0a2o3ejI4aHV5OHNFcXVGOERKMG5pZDgtX2xFVWxFdlRIVy0xdm54UQ?oc=5
금정산,기타,(현장+)도심형 국립공원 '부산 금정산'…'보존·이용' 균형 관건,2,2,v.daum.net · 뉴스토마토,2026-03-03,2026-04-24,https://news.google.com/rss/articles/CBMiYEFVX3lxTE9RbmZ4T2VHWnhHM1NNNmhZM1B1bEw2OEFnSk9ZZzVYMXlKanhOMDZPU3NMM0ZhVXVDcXo2bTRhTVkxWWd0SExSOUFVY2Jva2hwc01OSTdLUEdRamxOdTBHOA?oc=5
북한산,기타,"학교안전공제중앙회, ‘21일 지구의 날’ 맞아 21일 북한산국립공원에서 ‘탄소중립 나무 심어’",2,2,everynews.co.kr · 시사투데이,2026-04-21,2026-04-22,https://news.google.com/rss/articles/CBMibEFVX3lxTFB3b1lBbDB5OWtkOFROODBDRFNHMHVfMUJaOWw3MFNvbkwybWJwVXpETVlZOFRLYjhYMllwTVdCV05DQzlrMENRU1RnSFdqWXVaai12VEVhUThUcHU2djhCc2stYVdSVGFpVUVLMw?oc=5
무등산,기타,무등산 산행하는 문재인 전 대통령,2,2,뉴시스 · 더팩트,2026-04-22,2026-04-22,https://news.google.com/rss/articles/CBMiYEFVX3lxTE9ONGc0WVRIYXFPUkkzWHRBRGVPX2w4d2h1MzBqd19QNmZSc1dib01hcXZaZ3V3QzhOaHFLbUU0UEVWbUVlNlFmY0pUc2ZZZnFKVVNTcVQzeWlXdG1xQXVReA?oc=5
오대산,재난안전,"오대산국립공원, 산불예방·청렴문화 확산 캠페인",2,2,ecojournal.co.kr · 뉴시스,2026-04-17,2026-04-17,https://news.google.com/rss/articles/CBMiYEFVX3lxTFBpekVKY21vSkJJM0ZlUGd2Z3VWN2h1dUxydlk4Q25HOEhCd2E0cW15bFZGNHFSbEFRLUdjU0djSmtNTVppbE1USW9IcmhJenhCOWpKaUtQWkctcHNqZE93adIBeEFVX3lxTE4tUGJsT05kUmZKMXVPdF9OdXNXWXAtWXlFcEpYMFlHUFN4RFNodE5lREVfb0pDMjd2WnlWdWpFS1ZQMzRkSWRuaVJqTS1iZWxUV3hZR2xwUXF2cF81Z0FSczlRMTBsOThvN1N1M0VsOVVvRllpZlhYYQ?oc=5
태백산,기타,"태백산국립공원, 강원랜드와 합동 식목 행사 추진",2,2,주간한국 · 참뉴스,2026-04-16,2026-04-16,https://news.google.com/rss/articles/CBMia0FVX3lxTE1Lc3F6aVF2Yk55NzlMLWRVNWZsZkdkWnVTcWNQR2VaUU9YdmRoYlp0cFl0WWxlQm1XaXlOY1QySVdPbEJaRmJ0SUxyZXpiaHU4X0FGSGVnbGhtS0VHMXByME5SWHZaWXpzNlBr?oc=5
(전체·공통),기타,"국내 국립공원 첫 '한옥형 카라반' 상륙…변산 직소천, 7만원대 '특급 힐링'",2,2,sportsseoul.com · 네이트,2026-04-16,2026-04-16,https://news.google.com/rss/articles/CBMiU0FVX3lxTFBybUllTFk5QllzUHpIZkhZb1d6Y3FOMk1IRGdyZTVhMDZIV01ySmJpOWROXzBrR2pKQXYyUnRHQU1MMHY1V3JyOHFmVXdiZmpLREpj?oc=5
태백산,탐방시설,태백산국립공원 소도야영장 16일 개장,2,2,데일리안 · 참뉴스,2024-05-01,2026-04-15,https://news.google.com/rss/articles/CBMia0FVX3lxTE5ibG5iTVhlTlFYZzNpNG13emNBMEFhME5EVVZwYU5nNi1HNFMxOVhCNGNEcnotUTNsdVlHeUQ3LVVNVkpoM0xIcEVOak1RT0hoQ1dkMEx5b0tBenRkbE5Nak5TRzg3cHkzNTFz?oc=5
지리산,기타,"지리산국립공원경남사무소, 지역상생 환경정화 활동 전개",2,2,경남일보 · 대구신문,2026-03-17,2026-04-15,https://news.google.com/rss/articles/CBMia0FVX3lxTE9XVWZHMVhxaERqMzVHRDRybmdmZXBqOHBkaFNmM0NfSHJjNnppZmRGcy1hcFAzWURFLWtVVDF3Mkg4RkVjZV9tZDM5Ny1KcFJZOW81VS1EM3dRQllkbTNCNmsybkFMeXh2RjJn?oc=5
한라산,탐방시설,한라산 관음사탐방로서 즐기는 생태체험 프로그램 2종 첫선,2,2,연합뉴스 · 제주사회복지신문,2026-04-13,2026-04-13,https://news.google.com/rss/articles/CBMiW0FVX3lxTE1CdWZQbG4tMEItZDRILWZ0QzA0WWNtYWh4eFN1RHlMeTZ3a0xBYlF3ODdDVVRnTlN4dzkzcXBQMFk5TjM3V241NHc4UHNQTERpYWhSR3BKY3o1ZEnSAWBBVV95cUxOQk1qNmlLYlpaa3hMbTFNemZkOHRBaHE3enJGR1RMdFJ6RzhDNFd1bmo3RGhuODB5WUNfbC1RZTZ5NldtTmhlRHZXcGpIb0YxZ2Z3UWVtazFNRkM1a3d0N2M?oc=5
무등산,자원보전,람사르습지 무등산 ‘평두메습지’ 생태 탐사 참가자 28일까지 모집,2,2,동아일보 · 환경일보,2026-02-02,2026-04-12,https://news.google.com/rss/articles/CBMidkFVX3lxTE50OGFNQ3BDWXVSUlRFeklNeDd1UlU3akthZDRiN25lRFV3NHVZSTZTRjg4Vm1BanB1SEZIWDFwZmFaZXYxSnZSa1J1MmJ6Wk9YTHFyM0lKNWdrdW1nNGpsNGRhOHpfdlJVNDFuTTRQUXJ3bzdXNWfSAWZBVV95cUxQYTVaNWF4UXNjY0txeF9COHdiWWJuUGVMN3o4bU16LVJMV2VfQktDRXNDMEZRS2o3Szg4WHZsWG1vbDdmdVlSckt6R3VBZmpuc3pKbGxqNFV6bnZmR2Z4a085SHZRS0E?oc=5
한라산,기타,한라산국립공원 정밀토양도 50년 만에 다시 만든다,2,2,DWBNEWS · v.daum.net,2025-11-07,2026-04-09,https://news.google.com/rss/articles/CBMiT0FVX3lxTFBzRnVtSlA1XzBKUldGOTF6ZFFHNEtrYjBXbnV3ano3NjR5Q1I2cGJicDlnTkpuWjFJNHNFQkpWdTlmOF9MRHJmaXQtUVU4eTg?oc=5
지리산,자원보전,"지리산국립공원 전북사무소, 함양연꽃의집과 ‘오감만족 생태체험’ 성료",2,2,newfilenews.com · 뉴스경남,2026-04-08,2026-04-08,https://news.google.com/rss/articles/CBMiaEFVX3lxTE9LVUFZMDNaNFZ4UF9RVy1yeUNKWmJ5RURaNDQ1WVVoWmMtNXd5UHJJTzUzWHRoaE1ObzRfWFdKTVpIM0hxdDZreW5ONDd6ZkhZMmwxUXlXeUV1bzNSRG9VYktlOVczV3Rm?oc=5
변산반도,재난안전,"변산반도국립공원, 청명·한식 기간에 산불 예방 활동 강화",2,2,연합뉴스 · 전북도민일보,2026-04-01,2026-04-01,https://news.google.com/rss/articles/CBMiW0FVX3lxTFBoZjhUS3hkQU1IbHdQOHNaclBUME5GNTJIZTI4T05vcGJ1ckdJY3dtd0E0c3kzZHpidXpJdHB2MVdJMWFVaURkZ0RvejVRWDg2U2hYM3hCOHRjcFnSAWBBVV95cUxQNGU4dHpCZ3czaG5OanNXYkZrRjlCSjdWdlcxX096RWpNNHhyaUtQeHNBRlNIWWlkUkp6aWY1V09vTUdYaDF1QTl1RTFBUzB2Yy1BTWJIdjdTV0dMS3VxdUI?oc=5
북한산,구조활동,봄 햇살 가득 북한산…해빙기 안전사고 주의,2,2,연합뉴스 · 연합뉴스TV,2026-03-29,2026-03-29,https://news.google.com/rss/articles/CBMiZ0FVX3lxTE9pcVhobkdUS1RDZ2g3c2VDam9HYkZtZ3VseEhtRUJ4RkhHOXJhdXdrSFNmREw4OTdVT0FyeXJQTUtickRFUFVNLW9URkMwZmxMdWxSTlhXRllwVTAwSWo4TUxmcS1PZEE?oc=5
소백산,기타,"소백산 토종 철쭉, 서울 도심 공원에 뿌리내린다",2,2,tbc.co.kr · 영주시민신문,2026-03-26,2026-03-27,https://news.google.com/rss/articles/CBMiU0FVX3lxTE9oR0IzUm9XRl9zQnNiekVodnlUTk5HMV9HY3RMcXo0TERIR3luYlloUkNrNVk2c092LTZQNHBCa2loYVhOb2M0eTF1bDhqT0FOWFdB?oc=5
한라산,탐방시설,"한라산국립공원, 4월 신규 탐방프로그램 운영",2,2,지금제주 · 한국시사경제,2026-03-26,2026-03-26,https://news.google.com/rss/articles/CBMibkFVX3lxTE5ZUGpGdDZBeTFDX1dCeWxyaWpiZEl0WEtBeW9tdTlId19tZWkzQjhNSW9FUG43UkpFR1Vjci1uSzFma3lTV2E1b1gwU2xyd05SRGthZEJMZ0VIeVdHNGhlQXUtMTZtZDkwb2JhR2p3?oc=5
월악산,재난안전,단양 월악산국립공원 산불현장서 80대 숨진 채 발견,2,2,연합뉴스 · 중부매일,2026-03-26,2026-03-26,https://news.google.com/rss/articles/CBMiW0FVX3lxTE1OMk54TkliLUVsdllrT1FNcTRMTVgtQk5VZmU5MkdfLWtid2VNRE8wR0VfTVBxLUwzakd0bVVRUXl5RFpqVEdHemlxRmdCZU9KdXpFSzdXRm95UjjSAWBBVV95cUxOSmNZODZQUUxiQ1owZVNtcllCcFJMWmFJUEdoTlMtN0xIa21EeEJpZ1dOdjFITERYTUVJMnVkTGQxYy1UeWY3eTBlbVRYX0gxR2FMUS1aVzY0S0NzbnFtczI?oc=5
북한산,기타,북한산 트레일러닝 전면 금지? 사실 반 거짓 반,2,2,OhmyNews · 월간산,2026-03-23,2026-03-24,https://news.google.com/rss/articles/CBMifEFVX3lxTFBhWEtWV0JvTDYzNnptOF9VV2tOb0NxMHZibDh3V29lUE9XVEhELVItQ05tLWxWVWp5X0t2LVI1NG01OW9EcmxtbUVqVFNja2NOSGJaRTVhQlpfV0Jsb25JNXZOYkxUbVduMkZhNUU2LUVyc1lpdFJvUDlFWXE?oc=5
팔공산,행정,"“산이 국가가 되다”…팔공산, 국립공원 승격을 고하는 산신제 봉행",2,2,view.asiae.co.kr · 아시아경제,2026-03-20,2026-03-20,https://news.google.com/rss/articles/CBMiYkFVX3lxTE4wOVJxN0FzbHA1bDhBT1dtZFlKdVFHRmU5VmdTUEpSTHVVUTdmblVFbkxvbEZMUTgyX01KeklxYWpWcGhMTjFPVFJ4cktjcnc1dklocGF0aDlwTG1xeEtSb3FR?oc=5
금정산,자원보전,"국립공원공단·콜핑, 금정산국립공원 보전에 맞손",2,2,국제신문 · 양산신문,2026-03-18,2026-03-20,https://news.google.com/rss/articles/CBMib0FVX3lxTE0yTWNSY3drSjlRcFRvSE5fb05EeUpHdXl0OGFUd3JQOXdLMy1iOUVwZVZDTFNDbWpiQ2l2cFJaa1lUaWVhRDBQMWZOU3Z3VC1nQ0RmUGItMnlSRTUxeDlNQWVfalM1bnByUkZxZ1Baaw?oc=5
태안해안,행정,"태안해안국립공원사무소·한서대·태안군UV랜드, 드론·AI기반 해안쓰레기 모니터링 업무협약 체결",2,2,중도일보 · 태안미래,2026-03-19,2026-03-19,https://news.google.com/rss/articles/CBMibEFVX3lxTE1VRFRrZk5mWklaOUtkR2FQeElPU3BWcnpWM0ZtQUszeFVTWGJXdmtoR2k3SUJBekNRLTZuNUIzV0FtQVFsWkRhWW41RmhFOVdHdnU2NDZHUGJhY0NiYWdIRHZEeWE0eFNPcDdNSw?oc=5
금정산,자원보전,"[르포]부산 도심 품은 첫 국립공원 '금정산'…천년 고찰 '범어사' 연계, 문화·생태·관광 시너지",2,2,전남타임스 · 전자신문,2025-10-12,2026-03-19,https://news.google.com/rss/articles/CBMiTkFVX3lxTE5QdEl6YjBPMFB6VnRveHBJLXlrcDNwRGp6dEotMlVEbi1FWUd4VlcyMjROTHJwa01PeVlTMmdjSk9qWkxaaXlsV0tyZzJHdw?oc=5
금정산,기타,"[기고]금정산 국립공원, 녹색문명을 이끄는 거대한 힘",2,2,v.daum.net · 경향신문,2026-03-18,2026-03-18,https://news.google.com/rss/articles/CBMiT0FVX3lxTE5aN0o1Q2d3bkJubUVQQUhqQndXNG1oY0lwejJBb1BaWjNvcDM1S2gwM3YzeVc2SW5vYmJuZTRiRW1FbFUyTFdmb3pMZXVoZlk?oc=5
변산반도,기타,"변산반도 국립공원의 내소사 등 산사 6곳, 기차 타고 여행..코레일관광개발 론칭..빵지순례도",2,2,디스커버리뉴스(DISCOVERYNEWS) · 헤럴드경제,2024-06-12,2026-03-13,https://news.google.com/rss/articles/CBMiVkFVX3lxTE9hY19ObHpzRUNVSTFMaUpCRDhpemVOTS1GSkhUTHRReUp1b3c5dFhnWTBQa1NaV19yN2NSRWd1SFZVSXpnaWdKQmJwQ2hjem10dUVmWTdB?oc=5
금정산,기타,금정산 국립공원 청사 유치 경쟁 후끈,2,2,v.daum.net · 부산일보,2026-03-11,2026-03-11,https://news.google.com/rss/articles/CBMiVEFVX3lxTE51WmkyNXJsQ2JRWFpXNVVteU9LVlRUVm44OWo5dnY1bjNBa0liMDdLWG1UY3M1emROSEdISEpRZWFRbFdtV05veU9KTXZkb0QySWJYag?oc=5
치악산,기타,치악산 남대봉의 겨울 풍경,2,2,강원신문 · 뉴스핌,2026-03-08,2026-03-09,https://news.google.com/rss/articles/CBMiXEFVX3lxTFBGM0VBSXFUUzhWVURrR3hENk84dl9fMG9wUTNEdkJLVjEtdmJKZ1hEVmxTV0lxQ0N6RVZkem56MG9pTW13b003SF9jWElKeXJoSWx6b1hCaXNSR3Ra?oc=5
금정산,기타,부산 선암사 '금정산 국립공원 백양산 시산제' 봉행… 도심형 국립공원 시대 개막,2,2,복지TV부울경방송 · 시사매거진,2026-03-08,2026-03-09,https://news.google.com/rss/articles/CBMic0FVX3lxTE5ud244TTFaYnk4MVZRTmU1M2sxRjFqMTdSYVV5X2t0NzdOZ3EtVkNiRjEwYVh4SjlQbzRkUVd4X2cxMzdpU0hBWm5XNlZMSFZYbm1SYU0wZEJCRkZ1OEtPcXJYSFF6N1o0eE5KQzRyTkJSVWfSAXdBVV95cUxQT1A4cWdWeEF4LXFpUjNtc3JsZ1VNdzI2NWxkVElweTZCcXVQRUZ1dktuRXp2UlpyUl83eTRmUm1kbU5KSm9kcmVvdW5PazVDdk04SXRSdmFVaHN0c2FwS0tYVDRvNDJGSUgzOWhLbDQ4Tm8tVDNBdw?oc=5
(전체·공통),기타,“국립공원 등반신고제 철폐하라”,2,2,연합뉴스 · 월간산,2025-11-11,2026-03-09,https://news.google.com/rss/articles/CBMiZkFVX3lxTE1xTG4zUDdHaWk3blJNaVF0V0xnbDEtcGtCVWpjWEdfN1otX2JscXpiWjJzUnctSHFIZmMwUklsLVRtU1FRbEo3cjhza2toZGtxYmRMYW5USHc1UkZLbm43Y1VVZ1FmUdIBakFVX3lxTE9XN1N3Z21XVDFiNWVqQUJKVlI5Q1FlbC1kc0diWjFrWWJNODZLYVRNSGlUVjFuRGswdnVieHRYblZwbEZvWHllM2dEanVEZ0tvSThxVWowRnRCR1puNk0zYnEwdlVoUFluOWc?oc=5
오대산,자원보전,"오대산국립공원, 양서류 로드킬 예방 생태 보호 활동",2,2,강원신문 · 연합뉴스,2026-03-06,2026-03-06,https://news.google.com/rss/articles/CBMiW0FVX3lxTFA1UWJ0bnF1bG45NDhqSE1uZnZXc0hQTGo3NkNraWFrRkJobmpvTF9IYmtsdWdGeFdTZmZJZlJuejNTbm5rN1dUcW51TWRHTXlkWHlDNjRubHNlRkHSAWBBVV95cUxPZDBhWjZDRy1QYnVVMkdMb3A0U2N0aEdxNUk1aE5VZUFENTFleWpUUUR2bURkVklGTzU3cEkxc1JMZlBobk14SjYyaDlGQjk3ejFUMmVLaXpUUTNsNkU0SWo?oc=5
금정산,기타,이재용 예비후보 “1호선 범어사역에 금정산국립공원을 병기해야”,2,2,국제신문 · 에너지경제신문,2026-03-03,2026-03-03,https://news.google.com/rss/articles/CBMijgFBVV95cUxOVl9wQ1Raa0tzY1p3TWNpNWZZdDRKSlF1T3o1RUFJRmxabVA1Q2RNYVkyenowUjZITGtIU0xmMHBTd2FpU0VVNnJLZ0hvdDhPVE1Rc0ZEUmNvQ0JISng2aDRCNWY3MWpnRTRmbTFaR0xiVzJBVnhHSlhWUkFoaTFZcFhsbE1tNWUzMGhxWGdR?oc=5
치악산,기타,겨울과 봄의 교차점에서 치악산 비로봉을 오르다,2,2,로컬투데이 · 치악뉴스,2026-01-05,2026-03-02,https://news.google.com/rss/articles/CBMicEFVX3lxTE8ySFlyZFFqVjlKMjRpajZ5Wktqd1pSVVk1TUMyVU1ONjh5OGZlT1hob0NtcEtmczU5dHQzLWZHSktzNlZsYVJ2bTV2NU9TRXlob0h5UWhvTldwZGs4SjVSdFNyemhqTW9PTzZWLVNuUTc?oc=5
금정산,탐방시설,[금정산 국립공원] ② 야영·취사 금지…달라지는 탐방 방식,2,2,v.daum.net · 연합뉴스,2026-02-03,2026-03-01,https://news.google.com/rss/articles/CBMiW0FVX3lxTE9acC0xR1oxaHhsMGItaF9yMmY4WlVvYmtLN2VqWG1BakxvczJOMkZ5eVdKOFJKdEgzZjhiRHI1TV9zVzVXcUJDaVlYbXFKMTBQVHB4RF9iS1BKdGfSAWBBVV95cUxOU3Frd3V3OFlSdFBSeTJRSW1mV1Y5aG1wTk0tcW5ObW43SFlIdHhXUGJFU0lnd1ZZaGUzN2V6Qkk0YzhuNjJjcGpiemoxbzVWWVJpVDBleDVJd3plWXJWdGk?oc=5
금정산,행정,[금정산 국립공원] ③ 운영 첫해 예산·인력 부족…관리 공백 우려,2,2,부산일보 · 연합뉴스,2025-12-09,2026-02-27,https://news.google.com/rss/articles/CBMiW0FVX3lxTE5ZM0RQelBkS2taTEszR1E3eVU5eGcwS1VJTUpyS2RSYmRGV083cVk4eXhnSDZJVVp0LS1LZjhWNDJPYlZDaXM3WjFkU01PejlMdjhzZC1waVJGMUXSAWBBVV95cUxQTW1oY2FmcnozT1BYb0hydkNDOTYwbi1xa1dvM0FpMnlkYl9FTTI3THNUX2tpTDZiYm92N05zX1g2MkcwcU15RVU3bmp3ajE2MVJsVjVYbWpSX1hrek02Ykk?oc=5
변산반도,기타,‘봄이 오나 봄!’··· 변산반도에 활짝 핀 ‘변산바람꽃',2,2,소년한국일보 · 연합뉴스,2026-02-23,2026-02-25,https://news.google.com/rss/articles/CBMibEFVX3lxTE9OX0hoUnB4MURjQTJEcEpVUW9HQ0VaSWk4NVhWbGhrb203YnBobnRkbkNXR1hOenRjUEFhOWdGdjFYN3QtNHFFUzBVa3FpTms5RWxjQ1dZWGoyWUQzemc5U2dQZHdZYk9Iam1TMtIBcEFVX3lxTFBjaUhlSnBZMHB0UkpjcGYtb0FwS25MUVZLRklrN1VIT2ljWm1Rblk0bVMtMDFBZDFKRkRZX0ozTDVHcXJSNy1QWVQwVHV5Rm9MWHFhTVVJajVzaUJGQS15TF9CcWlENVV1VVJXRHJiV1A?oc=5
금정산,행정,3월 3일 금정산국립공원 정식 지정 앞두고 막바지 준비,2,2,LG헬로비전 · 환경법률신문,2026-02-23,2026-02-25,https://news.google.com/rss/articles/CBMickFVX3lxTE94Z2F2dE1vUnl5b0xCZUs4c1lOYVZwSUVGU0hpaFVQV2laN2xmTU1aeDNtckZZTXQzQ0hMRi0xa0M5S2ZoZElhU0hTcm5aWUNfWEM5REE0QkZNaE9NN0V4aFVuVUJncEdKeXctRmx0c0pPQdIBdkFVX3lxTFBJNFJsYm03dkJQMVlRMk1qeUVyZThJMEhtUVlCS1VmUmNtcGJ0cmNURVpvNnRRbmVvbWRKN2pEM3RPZFdqaVB2UE9tTHZpVm1XRG95LTVlVzFZcUdfX3VZMDBCSndWU09XaHhEenRnSFR3dkdhbUE?oc=5
태백산,기타,"영상앨범 산, 박석신 한국화가와 최혜윤 팝페라 가수가 떠나는 태백산국립공원 태백·정선 함백산",2,2,참뉴스 · 한국강사신문,2025-11-03,2026-02-21,https://news.google.com/rss/articles/CBMicEFVX3lxTE51Y3RqQXY4NVhEa1VWcUFYMGlhVjBYQWNJbU9TakZrNEgzMUQzMGZvVVFDWHVUeXRmOTVYTDl4SGhBS2tSNFB5cGdiQThNTTRKZG8xTl9FZlc2dU1RZzF4cmtEUjZMVEcyVGdRWmJoSUQ?oc=5
금정산,자원보전,스물네 번째 국립공원 부산 금정산‥생태·역사적 가치 높아,2,2,imnews.imbc.com · v.daum.net,2026-02-16,2026-02-16,https://news.google.com/rss/articles/CBMieEFVX3lxTE1YYTdBNUJJRk04X0RTV2tjRHVSMndvbFYtWTJPLTBKdlprNlEzMXRYRDZ1dzF4emRYQ0JXZ1ZhVVROQWVHRVBzUkZ0WlF0Qkh0YlJwcEEzSHNySmJacnkwUW5PdVZPQW9IX05ULVJHQUFqTDRxRXRXStIBeEFVX3lxTE1VbGFoMWViRTUtVXJCcUZQYUxBb0ZnUFpJb2sydkR0YmRvOU1icTRHaXBmUTVaQU9sM0lCLXhFZG1QSWg1Mm50MVFPU2NScEZ1UGFEQVR5Z3VUTlZ1Y3F5RkJhenhPamlqNXEtZ002QUJZSlNoZjlwaQ?oc=5
설악산,탐방시설,"""이젠 고성서도 울산바위""…56년 만에 열리는 설악산 말굽폭포 탐방로",2,2,v.daum.net · 뉴스1,2026-02-14,2026-02-14,https://news.google.com/rss/articles/CBMiT0FVX3lxTFA0WVcxQnh2Z1g5UE8yakNGYnA0LXdhMldtUk5SSVVTQ3dKX3c2VUc5alJMU1N0dDI3Y1VhOHZ2aF9sMG90d3V3R1NoNVQyLWc?oc=5
북한산,기타,북한산 ‘멧돼지 지도’ 나왔다,2,2,JTBC · 월간산,2026-01-06,2026-02-10,https://news.google.com/rss/articles/CBMiZkFVX3lxTE9zVVV6TnlPcmE3c0RnZFQzMVNCa0ZiM1JyS1hneUlPOFFIbGJLNURSRmNVTHhRVGZBSTFBeGgzTWlJTjJjMUlGcnBMQ3A0Zmp5OW55OEJ6MG43SEJpWVBLX0ozUzRGd9IBakFVX3lxTE5WN3VHMTNLTHFMOUxzd0U1YTV2VVc5dzEtNldSYTlLVkNRMWpKbTEyUVpTM25DSUVJTWFEaEtKWF9hdDNMdk1KUXhaN2gxMS1hY3hkRHhHTWVHR3l5REJKbVVDN3pNeHJwS2c?oc=5
월악산,기타,"월악산국립공원, 유아 대상 어린이 숲학교 운영…탄소중립·기후변화 주제",2,2,kyongbuk.co.kr · 경북신문,2024-03-14,2026-02-06,https://news.google.com/rss/articles/CBMib0FVX3lxTE9Ba0tuTzNKcjYxV3RCU3pnYTdkeWJna2liVy1fQzA4NmRaaDBqaWxxMllfMXRtX0pEZkM0ZHpBS252OEV0b0Fxdi02em9GN055TC1tVUgxSWZoTnhVOUJYMm9EUlNKLW5HREdoTl9Dcw?oc=5
태백산,탐방시설,"태백산 눈축제, '낮보다 아름다운 태백의 밤'",2,2,강원지방신문 · 뉴시스,2025-12-29,2026-02-05,https://news.google.com/rss/articles/CBMiYEFVX3lxTE5XaFc0RkJjN1BNeXYzYVBEdEk3NG1wbWxSRzZqV0JuTkVkQk5ybTdVaXA3a2tJWXpWMWJSUWx4NjBWaWN1MFNIald5ZXBNXzlzZzY4QlVjY3JfMXZEaWRFbdIBeEFVX3lxTE1vLUsybDhmM0NSTG0zeGRSSVJLRmtWTkR0dGpjUEtfa3hlZ0dUX1BGbmRKQmtwOHBmQjBLczNLU3JjS3Z0OXRwUlN1NDk0M05TMFZoOFJaNmViSXNldXFEejdDaXpLWDFZdWFqbnVNQV9MOTBmMkJwRg?oc=5
설악산,기타,설악산국립공원 인근 하늘에 뜬 UFO?…눈길 사로잡은 '렌즈구름',2,2,연합뉴스 · 중앙일보,2026-02-04,2026-02-04,https://news.google.com/rss/articles/CBMiW0FVX3lxTE5Bb1RZMmVEVFd0N3U4UXJpZjF5eXRQVmVGbTU2bFgtYVlFSjQxdXkxNnFkS3REbjJ1M1Y5ZkdIOUk2OEJoV0gwTE1EUDNid0xyeXQ1NDdnb0htcGfSAWBBVV95cUxPdVNGS2l4YmhLLXFsWHhaZ1pfODN2VU9zSDhWWWhtdlJmWnVuMTREc0RaajFsNTJyM3BHRUgzc2cwUnR1aHAzRTZjTUFhY1F3cWVhZzh4MDh0Z2RBdjA4ZjQ?oc=5
소백산,자원보전,"소백산국립공원북부사무소, 야생동물 서식지 보호를 위한 유관기관 합동 불법엽구 수거 활동 실시",2,2,의학신문 · 충청타임즈,2025-09-22,2026-01-29,https://news.google.com/rss/articles/CBMiaEFVX3lxTE9yZi15RlkyZGprYmlPOTQ4NURvT3lYQTRCeXV5T3NBZTdLX25ZM05qSW1MejFGdzBJMldFcWZTcl9tNmREaG12YzI3VFhDOEUxRHFSZGdkd25WQ1JYdlp0dGpReElXN0hs?oc=5
속리산,자원보전,"대만꽃사슴, 속리산 희귀식물도 싹쓸이",2,2,v.daum.net · 연합뉴스,2017-04-13,2026-01-25,https://news.google.com/rss/articles/CBMiT0FVX3lxTE02dnJaYTEtZWFKUHJWVzYyUHZVU0pTM3p4N01YT3BUM2VtT3hrX3RuclNaNHRoOTc5NVVrOUI4empIQXVYMGsyVENkQ0JwcG8?oc=5
가야산,자원보전,"가야산국립공원, 식물 깃대종 ‘설앵초’로 변경",2,2,idomin.com · 뉴시스,2026-01-21,2026-01-21,https://news.google.com/rss/articles/CBMiaEFVX3lxTE5Zb3ZUY2VJZVdwNnQxZWZEN0RMSmhOaG9xMFJSVU9NT3pGVTNXN1FQVm5fOTN3REpsNWxMdTBrVk5sNmlLZThPQVNHeXIzdVdFQlYxbThNWng1SlVNc2hMNF9QVWlUUzla?oc=5
덕유산,기타,겨울 왕국 변신한 덕유산,2,2,타파인 · 한인포스트,2025-10-28,2026-01-14,https://news.google.com/rss/articles/CBMiTkFVX3lxTE0zM2RYTldoZFV2NnpKeGxCa2ZmY1I2a20zcllBQ2FCUGpIWTBZUE1DUFF1bVpHYUI0WksxX0RVdWlLcWF2NnZLclR1NGtPUQ?oc=5
변산반도,탐방시설,"변산반도 직소천자동차야영장 신규 조성,",2,2,부안독립신문 · 부안서림신문,2025-12-11,2025-12-26,https://news.google.com/rss/articles/CBMiS0FVX3lxTE1GbHlfczBzMVp5UTdrM044Z0VKQl85R1R4clZWZ3NLVnJ4SEFUTkhKUnlKdG5CRlJtcUVFaGVKTFlaQXpLTDhSS0Npaw?oc=5
북한산,기타,북한산 등산객 멧돼지 주의…AI 기반 안전관리지도 현장 적용,2,2,뉴스1 · 서울뉴스통신,2025-12-21,2025-12-22,https://news.google.com/rss/articles/CBMiakFVX3lxTFBCMUFoaG4zSnd4ZFNZY1pycGw1b2RtSW9oNFNWMkpERDViZGRCSXFIZmQwZWxmMEN6eGhJQW56QWtDRlV2T3V2VlFYMHN5a1dscHJ6cmxBTjF4NzM0WS1CNWtIdldNRWJ4Wmc?oc=5
북한산,행정,"""북한산 등산시 멧돼지 주의하세요""…공원공단, 안전관리지도 마련",2,2,네이트 · 뉴시스,2025-12-21,2025-12-21,https://news.google.com/rss/articles/CBMiYEFVX3lxTE9Wamw2OV9FTWdBVXJlNFgtdXFPc3QtQmJsNjVqejZOWGJmWnE4OVpWZ0Nta2hMMEI3OUpPQ2FELTB3Z3ZpOGVndHdlekpFZ0tJQTFzMU5kbmhiRWZiOExnS9IBeEFVX3lxTE01Tl9ITjFlQzctb1RjLUlTSGItYk9VVkhka0pPOHI3WXFLVEE5SHZvLS1vZjQzMXVyLVBqOW5BWWJIci03bGd3M1hkX1BZb3h5MU1DcWEwNEVYV215c2xlbHlscFdsdi1IcVhyY0Y3Zk1uRzB6NHZtLQ?oc=5
설악산,자원보전,'죽음의 울타리' 걷어낸 설악산…눈밭서 나타난 멸종위기종 정체 [영상],2,2,v.daum.net · 중앙일보,2025-12-16,2025-12-16,https://news.google.com/rss/articles/CBMiVkFVX3lxTE9pNE9ncXBfRHVDSEhfdWVIWGdJcTduZXE5N2t5TU9XZ1psWTF6QkFrV1dSYmpsNU5YSjlWVmFMWTk2YnZ0TmpEaFlDNkVhZ3lLcXVzbUdB?oc=5
(전체·공통),기타,"‘일제강점기 군사 유적’ 거제 지심도, 국립공원 중요문화자원 선정",2,2,idomin.com · 아틀라스뉴스,2025-11-17,2025-12-08,https://news.google.com/rss/articles/CBMiaEFVX3lxTFBlaGNwUGRKX0UwRVZoQ3UzYi1qTFI0SnVkYk0zVmJKektuRUdMV0NFWTJHbzFsZ2RsLWFjQ09xVmd6TGtQeGxtMzhvelVYSGpDWVlIMWNYdDY4NGcyUkIybE5NZFc3ZlJf?oc=5
(전체·공통),자원보전,"롯데케미칼, 국립공원공단과 해양 생태계 보전 협약 체결",2,2,민주신문 · 전기신문,2025-07-09,2025-12-04,https://news.google.com/rss/articles/CBMiZ0FVX3lxTE1CY3h6YW1vUjBkbklkYnVoNHJhaWxUaTY2V1pvSGhnRUh2ZVdsNnpPdnFYdEpMTGhRR1FGU3RlOHB4Q0M0cFdtcnBWQU9ndGstelNZMjFHa2Z2b1BvSzFoTlNPekJFY2fSAWtBVV95cUxNOXVVM0RjU2hldTN1Q1ZvMmt4aFRNMUxCX2ZIYVVhdDZWY3JpbklQbldHZ3BzN0N3bGxBYUJRTE9yY0tEZ1ZVQ1FUb0EwYVJWa2l0a2p3ZVFOZW1MN3J0MW9YZlZ3WWVRbW5wWQ?oc=5
무등산,기타,무등산 정상부에 내려앉은 하얀 눈,2,2,OhmyNews · 뉴스1,2025-09-30,2025-12-03,https://news.google.com/rss/articles/CBMiS0FVX3lxTFBQUXJyQmtSU2FEbUh1ckdsN3JyREp1dTdlMFpOY3lYQXM0dVdYWlphbkNwVzc2VnlVNFVCblItV3FTUGVlTWVSNTFXNA?oc=5
(전체·공통),재난안전,'국립공원 산불감시' AI카메라·진화헬기 확충…전담조직도 신설,2,2,강원도민일보 · 연합뉴스,2025-11-30,2025-11-30,https://news.google.com/rss/articles/CBMiW0FVX3lxTFB2dGJmMWRsamlKN2QzRTlUcmVKY1Ztd0lHVXBtS004VnFIZWdCUnZYeDRPV0RMdmxoVl9Mb3ZUWENsZm42NzEzZ283a3NGS0ExQmV2bTVBTnFreFXSAWBBVV95cUxQaG83YlBRRlJvNERzaEoyS1dudF8weVA0RlFmTzhNcENEMGJ4Z3J2TDg3RTFWQWlEdm9leW02SWVndThLR0I4X1VlcTRQdFJKcFdhRVpRVEVpOG5qdmpRVWU?oc=5
금정산,기타,"금정산 국립공원 임시 관리사무소 위치, 동래구 확정",2,2,부산일보 · 연합뉴스,2025-11-27,2025-11-28,https://news.google.com/rss/articles/CBMiW0FVX3lxTE9wM0lJN0JXMnphQlV4cWhuYkI2a0tpTHJMNFFGTDVIM1hPdWNET0dSNDJkMk1Rclp2T0Y0OGR5NjhWUU8yRkxsTzJXRk4zTFFSdm44SmVKRjNsNjjSAWBBVV95cUxNZVd6QVEwdVRMRUVzbGw4UnRRTU0wX1hXOHVBZzJlZVJfY194bGU1M2pXcVFudk1rWkZmaEUyR0NPamJKRXB5VHU2T0dJa1Zoazg2bWtrVkNtMlRFVzhmSUo?oc=5
한라산,기타,"제주 한라산국립공원 산악박물관, 올해 12월~내년 6월 휴관",2,2,미디어제주 · 제주의소리,2025-11-26,2025-11-26,https://news.google.com/rss/articles/CBMia0FVX3lxTE1uN3ptTzIwcks3XzlXdjNLSGpraC1SLXliTUV5WlpDRzNBeDlOUmNTZEFGV0FiaHowYVdhbVZjQzVMMk5EeVZMdW5uM0p3eVN1VGhISlROMFMyOEZDcy16UUNRelQtUW9Hd1Rv?oc=5
금정산,자원보전,"[부산광역시] ‘최초 도심 속 국립공원’ 새 이름 얻은 금정산...시민의 손으로 지켜낸 ‘도심형 보물’, 생태 · 문화 · 관광 지도 바꾼다",2,2,부산일보 · 한국지방정부신문,2025-11-03,2025-11-26,https://news.google.com/rss/articles/CBMickFVX3lxTE1VRm95WmxuYzNLUUM0bGpzcGxjZ3VPWV9pcHFxUF94MUhrWG5WMUVwbVd3R0Rudy1CVnlBQ3AwR3dQYm5zcFFSMXdsck1Vbzk3am9Pel9TWGJndlh6N2RENmpmQUkwQ3hOa1NvVGtzNDc4dw?oc=5
금정산,행정,"부산 금정산국립공원 지정 축하행사 ... 범어사, 부산시 등 800명 참석",2,2,BBS불교방송 · 연합뉴스,2025-11-25,2025-11-26,https://news.google.com/rss/articles/CBMia0FVX3lxTE1fY2E3eFdUZ0FHbG91OVg2eVZvUWVlYnNxLWpWQW1pbFM3Tl83bDNNamM0ZkI2X1hMWk5CQ2J4VzhaSFZsa2JuTG1ndjl4eXc0cXFqeGxoV1dpUWozb3VGOG5iMFZLREFQRFo0?oc=5
(전체·공통),기타,"""외국인 15만원 더 내라""…美 국립공원 입장료 올린 이유가",2,2,sedaily.com · 한국경제,2025-11-26,2025-11-26,https://news.google.com/rss/articles/CBMiWkFVX3lxTE5POWhqRm55QmNFR2ZSMXRydXVNRXJOUHIwcjFmakx3OUpOQVcwTlQ3M3VhWkkwNmhkc0ZBbUtOSnZ6eGllVlFiVjZWTVR1eVdZNFNjcEdLRFo1QQ?oc=5
태백산,기타,"태백산 사길령 산령각 등, 국립공원 ‘중요문화자원’ 선정",2,2,뉴시스 · 스포츠조선,2025-11-25,2025-11-25,https://news.google.com/rss/articles/CBMiYEFVX3lxTE95eVd6VVJXMWd4QmtWR0puUFEwZ1EwNEpyQngyUmpYWllIWGdaMGtISEVWYm90YlBwSER0b3o0TTJxc1Y0dUhUYzBCRldsY2dVMnAzMER4Rl9weXBxcUhHNNIBeEFVX3lxTFBtNS01cUtpclA0YXVMdjY4cG51U0hqY3VuNk8yQWRRbkdxUnJqT1pIZFhOaEozNTZrTWp1RE5fMG94SW5Td1JXUjl2Qk9NMGFuSEdwTVJyem9HekdJQWZJazQtSm1GUVZIeGZfR09VUlFuc3hCUENaOA?oc=5
태백산,구조활동,태백산국립공원 인근 상가서 불···소방대원 1명 부상,2,2,강원도민일보 · 경향신문,2025-11-16,2025-11-16,https://news.google.com/rss/articles/CBMiWkFVX3lxTE9aRXg2bUk5dWYyRjluaFJ4eUN2OFNwaVh1eVYxd1VzWWxyREUzUzg3d2xMRHRWX0hHMkt2NUUxMlNEWTNYUmtra2M4SERnVzMyaU04LVR0X1kyUdIBX0FVX3lxTE5yVy1lWi1JVzFLMUU0MFZEQ0cwMlhWdWdOc05USUdkLW00eUhLWjE3bEFYRXVnUGxnbVFkZmtDcUJlYUZoZ2gzOWJCZnZwVUJyeUhpSEZNNldwdkdKVHBZ?oc=5
설악산,행정,장엄한 겨울 설악산 울산바위…국립공원 사진 공모전 대상,2,2,e2news.com · 연합뉴스,2024-11-07,2025-11-13,https://news.google.com/rss/articles/CBMiW0FVX3lxTE5vTmRCYjZnWHNwaTV5SURHUWlvcVI2eTBQTUhwcGRXNVVLQzhZMWFqTlRmSlVpakFjWFFkV2FVdkotRUxhOTNtX3ROdG1NNS1iM0FJZlhJSmpHVFXSAWBBVV95cUxNdkRfTmRQTG5UeFFENmItYnRBb3dXbjlpRUFoc0dPRkJtSEdEX3V6ZTY3NjBDTTd5Q0xxcUFkNmEySjlkV19yUVVDNy0xVm5feVplRjVFdFhKRVI5UDFBRXU?oc=5
내장산,기타,“내장산에 이런 사찰이 있었나?”... 한국전쟁 때 불탔다가 다시 살아난 단풍 명소,2,2,LG헬로비전 · ardentnews.co.kr,2025-10-31,2025-11-13,https://news.google.com/rss/articles/CBMibkFVX3lxTE5aaS04QTJvS3JrZnlpcFBlbUpLc1dobE9uUUE2NG1ybUpmeHp5dVRTQ1N0TFE0WUk1V29BRFhSUTVkX3YtTHB0NjY4RTFOeEZoY2gtV0RSSHBtUUZnd0h2TTRSOGNNZXRPeS0yMXVn0gFyQVVfeXFMUGw5cm10blAzd0hWS1JVTXhLbGh3Y0ZqN2R3RkRFOTI2LXpMQS1nTVAyQ1Vua2wwRm83N1dBNWE4aUYwNGNWQjJJc1FzZ0FTbkVYYXRZeE5JNV9FR285bE13S0wyeEhnLVU2Z1Atcko0U3hR?oc=5
무등산,기타,"무등산국립공원, 숲 속 결혼식과 웨딩사진 촬영 진행",2,2,남도일보 · 로컬세계,2025-11-03,2025-11-03,https://news.google.com/rss/articles/CBMiYEFVX3lxTE5OSDRNbS1CUmVydWQxX2JJdGM5d3hLb0dmampFLUJwZlM2cHJsRTd3ZGdjOW5tcE82a0k0S1k1S3RTVWtyWjYzcW5vY3MwQktyT2FCaGlWTktST1dCWGRRONIBWEFVX3lxTE95MHltY0dwaXFxQ0RRX3RvT24telZvWHVDUWlQdGFFRWFlRFdvaEJncDRhVUo4ZlpJZjItRUpwY1lzdzl4LXA3Y1lQM1dSUjlJcjdQVXRxX2k?oc=5
내장산,행정,"국립공원공단 '내장산 자연사랑길', '변산반도 내소사 전나무숲길' 등 전국 7곳 '가을철 걷기 좋은 국립공원길’ 선정",2,2,소년한국일보 · 전북의소리,2025-10-29,2025-11-02,https://news.google.com/rss/articles/CBMiZ0FVX3lxTFBFbHJNMFZLTkE0SnQ1Y3hSZG41eWd6cG9LYTlGeGMxSVB1Skhsd2RMQllLQXlveDJwLVRvTlM3bkhRZVBuODREeXVqYVVuNG5WazFYbVNnaXdYMmJuMTZDaU9tal9NSnc?oc=5
지리산,기타,지리산 단풍 산행 전 꼭 챙기세요…등산로 56% 한 달 동안 출입 금지,2,2,네이트 · 한겨레,2025-10-24,2025-10-24,https://news.google.com/rss/articles/CBMibEFVX3lxTFBrSjVTc0tCWGl5d2NUMlhFaHFaXzh4MUc1cGRrQ18yZF9qT1FKamxjbGdmbkFZNFJzNlp0Rkp5VFA0b3JzeHEwVWVHdGFLWldCWFd0M0FwdlE4WElJQWNVZUJzY2dCWTZCNVpqTw?oc=5
무등산,기타,"“무등산 정상, 시민 품으로 돌아와야”",2,2,드림투데이 · 연합뉴스,2023-02-27,2025-10-24,https://news.google.com/rss/articles/CBMiakFVX3lxTE5mVkU3VHc3X2hSQmw1ZnJFVTZVcHQ5VWFjQlBRdDZ0WVVLM1VXUENmNi1FbVAwR0QwV3Z3Sk9iblFhSmEzdlBGbERlWERiMDBfSFRXVTBOTGtSd3NvNGZyQVMzcWFqcE9rWFE?oc=5
태안해안,자원보전,멸종위기종 꽃시계 ‘대청부채’ 태안해안 서식지에 100개체 더 복원,2,2,소년한국일보 · 한겨레,2025-10-21,2025-10-23,https://news.google.com/rss/articles/CBMibEFVX3lxTFBhQmRxUkNqTk41RnNiYkpPXzAzM0paMG9KU3h6TnB2eG56bnpVSS1mUENhNnF4R1lTdHlsVnN2b3Uzcmh2V2NtbW1WWk9mZVczNDBKdVVobUw4RnRCdV8waklJblk1cG9DazA5ddIBcEFVX3lxTE85SDItTmwzV3hQYWs4WHNJY2FpdEw4LXlhRkZBdVhTMHgwbkQ0RHlIN2xDR3VDWXZPd0EzalF2aXYxbmhleHhpcUtBbV95UlAwQXVuWWJIVDB2UXBXRTVSMWpUVkFsMFlCSHMwQWEzR2I?oc=5
(전체·공통),탐방시설,최근 5년간 국립공원 부상 516명·사망 51명… 추락사 20건은 비법정탐방로서 발생,2,2,에너지데일리 · 의학신문,2025-10-20,2025-10-22,https://news.google.com/rss/articles/CBMickFVX3lxTFByQVI3aGJrWDMxSlZmOXlqQ3dJaHpiZVNXVnZ1Uk00NFhLcFFzTjdnTDB3Y05iTEdHRGRRWm1sdE9EQWw0VF82VlZVTFVRWXRxUXFsVDh1MGJKRnJta09GdmVKQ0hvajlCQy1FdW9pU0tVUQ?oc=5
변산반도,탐방시설,"변산반도생태탐방원, 전북 세계지질공원 배경 특화프로그램 운영",2,2,donongnews.com · 부안독립신문,2023-10-03,2025-10-21,https://news.google.com/rss/articles/CBMiZkFVX3lxTE84ZmhDTENxSlYwNGN1d0V3cjBxQTVHZEVDZm1QXzBRYmUwQkZtak82WEtGbm5lR21VZ3JlLUR1SUpuWmprWlI2SFI2SlVRbFQ0UDM5U2UwOTI3WFE3TTNiR2lfTmVDZw?oc=5
설악산,기타,“사람이 죽었어요. 절대 오지 마세요”…설악산 금지구역 ‘이곳’은 [수민이가 궁금해요],2,2,v.daum.net · 네이트,2025-10-19,2025-10-19,https://news.google.com/rss/articles/CBMiT0FVX3lxTFAzcjJhM0Y1Zjk5cHYtQ2ZyTzhXeHcwSFlqSEVSY1JxU25GQjNFaEVvN2tRNEhXb2dOc1V3NFk5REgtUXZoOGpiMmhuaTB5OUk?oc=5
태백산,탐방시설,"태백산국립공원, `백천계곡 단풍축제` 개최",2,2,매일신문 · 서울뉴스통신,2025-10-15,2025-10-15,https://news.google.com/rss/articles/CBMiYkFVX3lxTE9mX2lFMkZJWFVJbk5OQ0duZlNfVU1CR2xyN2JROWE0dkNUZGpicEJucXM4eXlPMnRTNE1zMWZHajYzbjZaek05T1JiUDZtQ09FLW5NZGdsb0RaTWw2b2d6OS1R?oc=5
설악산,기타,"""제발 오지 말라"" 촬영도, 게시도, 좋아요도 '노'…설악산 어디인가 보니",2,2,view.asiae.co.kr · 네이트,2025-10-13,2025-10-13,https://news.google.com/rss/articles/CBMiYkFVX3lxTE1sU3d6aHVPcEZxS2NlS2liVm9ZdDFMaGJ1cWhqTkRtY25Uak4yTDI0bXRIblplN0JaNVZmdnFNYm5VVEFvYWtINEtUMW1TRW1IMFQwMHdXQmJoUU56eFlISlR3?oc=5
태백산,탐방시설,"태백산국립공원, 유휴부지 활용 ‘숲 속 쉼터’ 새롭게 개방",2,2,뉴시스 · 참뉴스,2025-10-02,2025-10-03,https://news.google.com/rss/articles/CBMiYEFVX3lxTE1PbTl0Ukd6aEpfYkt4OWVqc2JKaDZXc29YbkJMandWN3ZtYTJGaWV5U0MxMEktcWNIOEE4RVVpdjRDTWNyYkctd1o5ZE51ZUlfT1gxMHN4UjdLdXN6cE9WS9IBeEFVX3lxTE53dURzU0xEckxPYTVLc2dBQ3Fia0x6X0I0RWM0NUVUQ1lJZFIyRkFyem9DS055RWdrTUx1OU00YXY0ZFhObVFxN0VjRS11U3NvMjhZZkVaZ0x0cFA1enJod2dpcGFNaTlIY3hiYmdHeWFGaGM1RzVObw?oc=5
오대산,탐방시설,"오대산, 치유·문화의 순례길 조성···3일부터 스탬프 투어 시행",2,2,경향신문 · 불교신문,2025-09-30,2025-10-01,https://news.google.com/rss/articles/CBMiWkFVX3lxTFBfaGxjZWRIdUFxSlVLdFV0TGMxX3FJRlFfZjJXT0VoUkJPZ3U5ckhORHR5N2VjeGxxT213XzZ0ODVLUVF6cmJRZWd1RGlCOGJpZUZvQkduU1B0d9IBX0FVX3lxTE4xNThUdmpPdjNWVVRVWEdIYXBxNE0ySnZGNjlHSHhCRi1LcExqdFJLdWRTQ3REMW9KZ2M2Z0lnTjdTTmpBV1JnWjB3eHZSeXdWSG5oNURzdmlrcVR5SUFz?oc=5
오대산,기타,오대산국립공원 새로운 천년의 숲길을 열다,2,2,연합뉴스 · 치악뉴스,2025-09-29,2025-09-29,https://news.google.com/rss/articles/CBMibEFVX3lxTFAyejFWaTRDZV9iNEQ3a0ZaTERNeEl3M29DZXM5MEdZREdnZzczSnRma3pJcTRfZDJQYXB5V0k1Z0RPTzFQYkp6ajRRUmQzclZGdUF0UjRQREU1UmZFVXJ5SGtJYWdzMElkTjhDLQ?oc=5
월출산,자원보전,"영암군 월출산 깃대종 '남생이' 20마리 방생…""지역 생태계 복원""",2,2,뉴스1 · 연합뉴스,2025-09-01,2025-09-26,https://news.google.com/rss/articles/CBMiX0FVX3lxTE1JZWk3amFQdlVGSWg4eXNSMTBTazN6c25iYWs5VUdHc3FEcWg1SGZuenJ2blIwN3lJTjM0cklLNi1TTE1xNEFOZ1VfRC02N3dxWVhsb1Y4X09BZ013WkJj0gFkQVVfeXFMTVFOM2hlN1M4ZVM0bU52QTQxQzNMdHdRd3gzdlVyOGNObUh3a2J4NFhvY2l2eTVvUldyRlItb19FOUFGZVhjWFRzUXN6YkFiWWdpU1RwZi01UzBBY21NTEdYb0tZSA?oc=5
변산반도,자원보전,"변산반도국립공원, 생태계교란 생물 배스와 블루길 합동 제거 나서",2,2,로컬투데이 · 부안독립신문,2023-11-24,2025-09-23,https://news.google.com/rss/articles/CBMiZkFVX3lxTE9DOVdPS1VSMy1jVXR6OU9hZDdmaXhZV3hpMzYxR1o1aEtfQTBTNndOVHBqMTdMdEgxTlcxS2UyRThPLUpzM29qeXFILTdnS2lzb2N5UU5oUGRuUHMwY09aUHZYbTJWUQ?oc=5
소백산,자원보전,"소백산생태탐방원, ‘생태관광 숏폼 영상 공모전’ 대상… ‘전 객실, 그림 같은 뷰 감상 가능한 소백산생태탐방원’차지",2,2,v.daum.net · 헤럴드경제,2025-05-02,2025-09-15,https://news.google.com/rss/articles/CBMiVkFVX3lxTE9xNDNDanVvOWYtV0l4UEp5MU5LVmlGcWdUTHlYRFJVTFdDQXRESXFLell3VTU4LWZDd3NxcGlsVVFfRE92SEc5V1lYaklvbk5xbWtZV1lR?oc=5
지리산,기타,"지리산국립공원전북사무소, 안내 리플릿에 ‘보이스아이 코드’ 도입",2,2,임순남타임즈 · 전북일보 인터넷신문,2025-09-08,2025-09-09,https://news.google.com/rss/articles/CBMiVEFVX3lxTE9NTXlBa1BHVTZ6ZjBFMWlLcHQtT016Ml9vbkJjNDhJWkthWHJWVGh4VXF4ZThNLVBuTjN5eWcyMFgyNUF2YlE4SmRaV1lTNmNmU1pKVNIBWEFVX3lxTE4yM19oVS1vSUlEby04UWZ6QWJ5c3ZBTXRHOFk2R21nb2d4Zk96QW93aXN0a0pQd0M3b2FYZVozd1RMMWhDa3ZFV3Zvd2pVQzFMbDJtTHRIaGo?oc=5
무등산,기타,"""도심서 30분이면 절경 포토스팟 방문 가능!"" 무등산국립공원, 당일치기 완벽 가이드",2,2,브런치 · 여행톡톡,2025-09-06,2025-09-06,https://news.google.com/rss/articles/CBMibEFVX3lxTE5Ca2NZNVZhYW9ycTJ3X0JrSFo2eHl0ZVFSNWFyUHF2TkpRMFB0Q2djNXBvQWNmTG9GVm9NdjZ4THU0VEtBOVRVNGF4X3FuMG1kdk1jRGpVYmVCR0RnMGxxN2lLN2g5Tmh5SFR4MdIBcEFVX3lxTFBoNWdpZWt1WkhLQk1rc0E4bjZRUURuUUJva0dwOFVhYWpobWozZVFIbHp6dmVfZERuR1lXN1Z2RS1Pb0taR25RbkY0VWlIbFJYQld2SkloeFl3ckJMdzlMVF9hSjlnRlBTUWVaQ3VSRTk?oc=5
한려해상,자원보전,한려해상국립공원 '사천 초양도 상괭이 이야기’ 생태 교육,2,2,뉴시스 · 환경일보,2024-05-28,2025-09-01,https://news.google.com/rss/articles/CBMiYEFVX3lxTE56cTZnRVVmV3N2VEU5YjZRNkEtd1o0YU5TNlQ0ZEkzYkRrM1ZDR0VGVDNNMHRTNGMyWHJhOWxKRWRKRXRNdGhGZWFNZGVoU240LWlycG5SaUhld2RWWWhFdNIBeEFVX3lxTE1IMWJ3bGVNVlBrOHMxekNwbGplVU5GcnI5UUUzMkw4VkJ4V3RYRU8weXZQZUJPN2dVU3R2VTVSMzBBUFR4ZC1FSE1QSUJscUpsaXRIR0RzSzdoNzhjZVgyc1ZhLXVYWWZYOXo3bTV6RXZMWEJPQkt2aQ?oc=5
경주,기타,경주 명소 인증하면 선물 드리는 오악잇기 스탬프투어,2,2,대구일보 · 연합뉴스,2025-08-26,2025-08-27,https://news.google.com/rss/articles/CBMiaEFVX3lxTFBLdldXQmVSenZweVM4d0NmVFF0RXhtbFFRNl9mTktkVWZsQkZIa2VUUXhuTWVZMVJJeElqTlFtYXhMSE1SdndfZEJ3d0phWkVSeHR1cTk1UWxnOGw4N3R4YUg0TUpvWnM4?oc=5
덕유산,기타,덕유산국립공원서 '여름밤 별빛시네마·불꽃 낙화' 9∼16일 개최,2,2,무진장인터넷뉴스 · 연합뉴스,2025-08-06,2025-08-06,https://news.google.com/rss/articles/CBMiW0FVX3lxTE9mRVNPVy1MMTUySGhIUWpBM3pHOEw3czJheVQ3VFNKQmJsdXhYNGxJUHA2bkd4S01mZFNnQ0c3Rk5teVlKb3JFMzVLMlIyOFVJMGNEX0VISl9NU0XSAWBBVV95cUxQUld2QWxMNkFMMDdLVF8wa05SaXRiSXB0ZEhzSm5GNUtLUW5xQmVrOGhsY0s2SG8zNlJyUnYtSjA0LXZxclV6enBxaUN5Vkhxc0tUdWRUNzdlV2Z0UjFWSTY?oc=5
지리산,구조활동,"실종된 지리산 국립공원 40대 직원, 계곡서 뼛조각 발견 무슨 일 ?",2,2,knn.co.kr · sedaily.com,2025-07-31,2025-08-01,https://news.google.com/rss/articles/CBMiR0FVX3lxTE1pVjU4RW43NlpFUU5aXzJ6WXFydWtJc0Rsb0JXNXc4cXh6UjFtM1RxNjNoX2U2VE9HdExVdGQ5bG5LaVRoNTQ4?oc=5
덕유산,기타,"푸른 여름을 걷다...덕유산 국립공원 종주, 설천봉→육십령",2,2,mylovekbs.kbs.co.kr · 뉴스컬처,2025-06-20,2025-06-21,https://news.google.com/rss/articles/CBMiZkFVX3lxTE95d3NGbFpmVVRhMjFXR0h5VWs4ZUh3YkcwbWkxcjdSX3VRRkNUTGhwS1VwTkxXM0ZFZGR3M0gyQ1BGSGJ0SWlDSHVLdXh5MU8zcEwxRXRJLUdUZGNMRWNlaUFnZk4wdw?oc=5
한려해상,탐방시설,한려해상국립공원동부사무소 학동탐방안내소 개소식 개최,2,2,gjn.kr · 잡포스트,2025-03-27,2025-06-12,https://news.google.com/rss/articles/CBMiYkFVX3lxTE5QVzJEM05PNDhYODdGOEo0T0NQYWxtbjBCRVhDdVVieDNraGlSYjhPRkZmWGdiWXFjTGo4WHZKaVFtZWs5VGJmX1RnNHNmVGY0OXk4OTI4SWNERVN2c0VHNVZn0gFmQVVfeXFMUFJoNXB3bUo1RDBmV3FIWkY5b1c2VTNtWklUQW4ya3JQQ1FOdTcwdXA2RlhzcVhSU01tWFFFN1draFp1aDloOVViVkFhTHRCNzdCMy00ZnJabXlEbWdkZFhyQl94RFdn?oc=5
내장산,자원보전,"SKC, 내장산서 블루길 생태 교란종 ‘블루길’ 포획 작업 벌여",2,2,주간한국 · 한국아이닷컴,2025-05-28,2025-05-28,https://news.google.com/rss/articles/CBMicEFVX3lxTE90SkI0STE0RUIxNVNReVRJdmhvRGJTWUJSc29UcjFmWkpEcVpRUHNPektaNlRyZUhwTEtRejRUVkR5XzRTWVozUmFJeVJHSWpyNFlMWnVWMUVDOG1lZ29fNTNwcEFaUDZZWUxadk5KNFPSAXRBVV95cUxQNXplbXVlMmdlck1BSUMyYnVyaG50eXhUMExyYUhzbkVVLTBYMmZHVDRLYTlBTzNpV3F5RGt4NHhzMjZteWltZlVsOV9nb1RTM0gwTThiTndTM25IV1lrblVLVktWZXhBZmpyYWVHMWdySXk5LQ?oc=5
(전체·공통),행정,"국립공원공단, '안전똑똑' 운영…도심형 공원 위험요인 즉시 신고",2,2,v.daum.net · 세이프타임즈,2025-05-28,2025-05-28,https://news.google.com/rss/articles/CBMiS0FVX3lxTE5yYlNEdHA4OUdpaVdnc21zMHMxbWpnOEFKRGtMWW80MFV5UjZZdmpUVG9veE9VRFBSZkFjelhWdkdMc3NVdEtlaEhhSQ?oc=5
경주,기타,"“청렴이 기본”…경주국립공원사무소, 전 직원 청렴다짐 서약",2,2,kyongbuk.co.kr · 위클리서울,2022-03-23,2025-05-15,https://news.google.com/rss/articles/CBMib0FVX3lxTE9XYVYwWXVIN0wwdmFFeWhudFJFN01lNy1NRF9DeS1TeV9nVDdlX01jWjl5YXFyTW1ublFweHlvMFEyMnhNdFBWX2ctNFdsX3J2cFp5SktRTldEcU1GRXhIeWoxbVdkUHJ6RmF5d1ZCMA?oc=5
지리산,자원보전,지리산에서 반달가슴곰 만나면 어쩌지,2,2,경남일보 · 뉴스워커,2024-08-13,2025-05-14,https://news.google.com/rss/articles/CBMia0FVX3lxTFBtTnNqYnBjZEM1TEI3WlJOM3hoaTlVNkpSNmI1NHY2QmhLbHpoSktuVGh1cGZVNmJqLUpfTmFPdEdoZTdfQUVzZW1NYlFzckpEaS1BendQX2I4T2h1T0lqVHdHSDV3RjlLbWNJ?oc=5
가야산,기타,"민간경력 신임 사무관, 가야산 국립공원 봉사활동으로 공직가치 다져",2,2,법률저널 · 피앤피뉴스,2024-03-26,2025-03-21,https://news.google.com/rss/articles/CBMiZ0FVX3lxTE9Oa21BaVA3UnFzSWVsVXZNME5UaTl6UWdpdnNPelZyOUs5NkpRcm9PSXNha1dSUHFyazhvUTNyczNxLXJyWjVwR0U4Tlh0bTRwampYaTRaTGNaY1pvZS0yLWVqWUh4NzQ?oc=5
한라산,재난안전,춘분 앞두고 한라산 폭설...정상 개방 연기 51일째 통제,2,2,제주의소리 · 한국일보,2025-02-25,2025-03-18,https://news.google.com/rss/articles/CBMia0FVX3lxTE9CdXc3Ri1wRng0RXpfRngySWwwTHQzVXlIbU9BUGlNeXVxZFFBVWh3QUlIbmdHVGJrcFBCeTYxQUpZdVhvTVRFdXVaQ2puTmotODFFS182ekVCbkFieXdnbF82RnlJNzBxZGZF?oc=5
(전체·공통),탐방시설,국립공원 연간 탐방객 5년 만에 4천만 명 대 회복,2,2,koya-culture.com · 대한민국 정책브리핑,2025-02-14,2025-02-15,https://news.google.com/rss/articles/CBMid0FVX3lxTE5MdE1SaW1VVkhyZVhHcjhhazNjUGFLUmlCb1JONEpDZHB3WmpES1FqbkxxOVpZRFBIem1IWEFpdzB6SEZUTFlROVQ2TTJHUUhYMnB4LS1KZV91TUVrNWpaRGRuR2Q4QllkQjVKblJCRmpZR3BwZm1j?oc=5
치악산,구조활동,원주치악산산악구조대원들 라이프세이버 선정,2,2,강원신문 · 강원일보,2024-12-21,2024-12-22,https://news.google.com/rss/articles/CBMieEFVX3lxTE5qQ2RGdHBVS01nWUw5ZnZwUmVBdWNZVm1aN0pUbGtGTlNGb25GTXI4aDFhd1pxVWQwTlNUdkVQTXlhWVBLNl9KVmJueXJOaXc0TXNSdkY1XzdiY2Z6VTFSUVA0WGVoUHZoT0U1SW5iclFDRy1TQlJQZA?oc=5
덕유산,기타,"""덕유산 정상 사진촬영, 이젠 줄 안서도 돼요""",2,2,연합뉴스 · 전북일보 인터넷신문,2016-04-15,2024-12-22,https://news.google.com/rss/articles/CBMiVEFVX3lxTE9QTUNwc0ZVSzczU1U2YV9GemlsSXhHSmllWTNHXzZHU3RtcFhSZkdPM08tVERhSUpGaURZdDBkYzlfeGZ1WGR1ZUl0WlowbkFXdVRZMtIBWEFVX3lxTE1TRGxiN1FCX0hNMm1lQXZ6TXdGeEgyYlJId3BxeHc1clVCVGpQcG55ZUlPMHlBV0hSN1V3OEV2Q29nOTdjYmUwV2xBRHM1ZG4tNEVFR2Z0V3k?oc=5
월출산,자원보전,생태의 새 장 연 '영암 월출산국립공원박람회' 성료,2,2,남도방송 · 뉴스워커,2024-11-04,2024-11-04,https://news.google.com/rss/articles/CBMib0FVX3lxTE1vMzRWMEZ1czBBRXIxV3AtLVRvUjhzSjR6WDRtcHNxbUppSzZ5b2RHTlJoR2hLdUVqLTdiWGNqTWhtQlRlVmpZSjVPNlJrTWYyVTZDM0ljZ211aFpIU0JQallieWx4dmp5ek9weEpXY9IBc0FVX3lxTE9WRTZZS3BwZTZPb0hxT1VscjA1OWxJQlFQMTZXNmFhZ2NGbWVFT1lkMUpld2Y2NW5hcWVLUGFTc3gwZUR3OW9tZTFuMExfX2F1V0NxRHNzV2hPZDdNdm1JVHVlT2NLNG9iczczOTExMDNWZ1E?oc=5
내장산,탐방시설,정읍 내장산 케이블카 급정거…탑승객 50여 명 부상,2,2,KBS 뉴스 · 중앙일보,2024-10-29,2024-10-30,https://news.google.com/rss/articles/CBMiW0FVX3lxTE5XeU5uaUNBLThCOVFYQU1pcDZkRW1ydHdCeTdmSlRWeWpERTMxTTdmNm5SM1JIb1J6dFd0eXJtTFBmbm5SMkV0aFVUTVJqMGdiWU9ScDRuZEJqOVE?oc=5
가야산,탐방시설,[가야산 신루트 르포] 성주와 합천 잇는 52년 만의 개방 코스,2,2,대구일보 · 월간산,2024-06-19,2024-08-09,https://news.google.com/rss/articles/CBMiZkFVX3lxTE9idFdfdTgxOXVFTDZXM0ZRUFkwMU84Rm1JMUpIZGNsMzlkX24wOTBua1R1UmRHUFRsMU01bk90UGE4OTc0ZElyb1hsdXF5R0JGNWhiZEMxRndmWTFHQ1FlVjdXY180Z9IBakFVX3lxTFBFbTJLODVYeG5NaEFNT3FxOHBMMzFyOWpoa24ydFYwQ1hQWWdyTUV2WnFsdGdGVE9NcWFJWlRTNmU2WlFiUnhQb0p2a2k3Q0JodnZOUFVqT3lNOUdZblZlYkVfcDNuVTFwQ0E?oc=5
월악산,탐방시설,월악산국립공원 놀이숲체험장 조성,2,2,뉴데일리 충청세종 · 제천단양뉴스,2016-10-07,2024-06-27,https://news.google.com/rss/articles/CBMiZEFVX3lxTE1EeTZwVjNPS3UtMXBZU1pKc0xfX1BGbk5UU1BVZkhGWk4wT2JIOUV4OWR2enE2WEltNDNySlJQYVRfN1U2aS1HQk9qenFHZmlRM1ktZVRVX0ZqcjFON2JjcHRhZTc?oc=5
가야산,탐방시설,"""반세기 만에 열렸다고? 등산가에게 희소식""... 성주 가야산 법전리 신규 탐방로 52년 만에 개방",2,2,kyongbuk.co.kr · 발품뉴스,2024-06-18,2024-06-25,https://news.google.com/rss/articles/CBMiZkFVX3lxTE9oU1N1Rm1kSmFFZEFseXhFRTZpbXhxbkQ3TUlTeVpFcTktZlUzYW9PR0NtTVZXRmxaeHhGWmhMYVQ0aHRPNUN3dDUycERUUW5qLTVOTmlJU0xQeWJHNUJ0VWZEZTJCd9IBbkFVX3lxTFBGbmRpd0dObXJiejV2TmtCMjF5UTVFVnlESnFnS2w0c3NQR0liczlXeHI1blJIdzlGSmpacnJySkpUbVVMM19ReEpUOU5WN2E0ZmRzRXFNUmxsV1diVW93VVR1TnhZRmJ4VXVkY29n?oc=5
(전체·공통),자원보전,“국립공원의 아름다운 자연생태계 한 컷에 담아” 사진 공모전,2,2,K스피릿 · 에코타임스,2019-08-01,2024-05-29,https://news.google.com/rss/articles/CBMib0FVX3lxTFBhNWlLR29LVWNJNFRiWVpnQmRkbWNaOU4wRGo3QWlmenE0RXg0M3B1WENmVmREbkFJaDdJLWctdXE1dHNITXEwR3BnNExTcXhYNzFvTVlYOXhqVm9CSW54SzhnSXhjR0kzM1dlakdzb9IBc0FVX3lxTE9KS0ZOTFowWU5fcWxWOVR5ZHFsT1Rud2RUSUlYOVM2di1EazVxVmphVzQwWHJsQ2pZdXJRMlFKem9IQmRVekFqY1pFd0hFWjQ5SGFTTVV3YVFBMFVQYkR5U2d6Tld0TDRVY09ySmxLSkYzZnc?oc=5
태백산,탐방시설,[국립공원공단] 태백산하늘전망대개장… 국립공원 저지대탐방 문화 정착,2,2,글로컬저널 · 워터저널,2024-05-01,2024-05-02,https://news.google.com/rss/articles/CBMickFVX3lxTE9EdGxtMm9Tbi11UTFDcnE1bHRQMlVKMEI4SWxvMGRwSWlySDgxNzNOVzI5UnIxczNReG5ydlNvMTF6U0hQQWs5NjFEcUVyYmh1aUVpMUU5RlA1RUcxY2VKWUZLdlZHNjFiTEhBMm84c0lmUdIBdkFVX3lxTE91SDM1UExTdHZ1ZDFUN1haN0NKV3VRNmY4SnlmczQ1N3kzeTdsZUkxZ2FRSTM3M1FaS3lEZm44NS1FNnBPQjRuckF3S3VmcTl5b05YWlc3a1dlS3JNVUswZmdWcUVNSHJjYjBvS1NCb3FGbExwX2c?oc=5
북한산,기타,"'산에 올 땐 전기차 타세요'...워터, 북한산에 급속충전소 연다",2,2,매일경제 · 전기신문,2024-02-29,2024-03-04,https://news.google.com/rss/articles/CBMibEFVX3lxTFB6ajF6ZGw5ZGdBdzFXYUExeGRzLU1oN3Z5eXBKeWZqVVlFMXZkbmM5Wl9WY1ZNYnF2U0ZNRjI0UlFzaGNhSmpwa2Y1d1hsQW5QMXMtYXNqb19XSWszbXhjdGJXOXJKeFRjOWNTQtIBcEFVX3lxTFBmT2tMbVIxM2EyTjNJM2ZzRHNjWGV3LWxjS2VDVzdKaFZaSVItUFU3dlYwRVJDODlPZW8zS0FUTVNpeXZ0eHJwcnNZa1VTWjB3RmZTMUs4SlIzdkxxNHJRZWpzZFM3Q0N1eTJlLXRmZFc?oc=5
(전체·공통),자원보전,"국립공원의 아름다운 수중 생태계, 온라인 화보집으로 감상하세요",2,2,K스피릿 · 한국경제,2024-02-15,2024-02-15,https://news.google.com/rss/articles/CBMib0FVX3lxTFA1TmtZZDYzLTRHM2loVG5tUmVCV19fT0ZEcTRaaldBeHZ5bmd2WlRkMWNlTWpoYUM4XzZCY0h4V0pDNkpNdE9aVlpDTE9RNTU2Vmt3T1FTNENEQWZNTFNORk5mUXZwZE1wSkNtYlJMTdIBc0FVX3lxTFBRQVV4VUljbGhPb2czMFhwQ3lqMGQ1WTA4UGVITmlNNW1CR1BjMGRxUnl4Q3dYSmZFbmZwbTlIekVleE0xOGNDNTV2bXNHbFBudnBLVlZLVmVLbXBfUk9zbE1HejRBRmZRam4wcUtuSTdZSzA?oc=5
설악산,구조활동,"[전매TV] 설악산국립공원 특수산악구조팀, 설상구조 현장 전원 투입",2,2,ecojournal.co.kr · 전국매일신문,2024-02-05,2024-02-05,https://news.google.com/rss/articles/CBMibEFVX3lxTE9QUXNCZFNCbmJNOVlrazlsTFhUdVJQSnFWSU00ZFhBaWNNVm9CazZOUFlXRjFON3hlWXVLWC1jX3d5bVRsOS1lekZKQnRxNzBaQ2dTdExvMUM2QWRSNl9hYnV6ck1wRXBPS1JFeg?oc=5
무등산,자원보전,"[SDG15] 무등산 국립공원 중턱 목장부지, 자연숲으로 복원한다...국립공원공단",2,2,SDG뉴스 · 한국조경신문,2023-11-20,2023-12-19,https://news.google.com/rss/articles/CBMiZ0FVX3lxTE1WcHlSV0s4MzJyTVZ6ejE4V2JMTWtPeVdBSVlWOVc0TzFEaV82VHJUVWxLMjZyN0JGWTA3TEpiVUJ5cUxnVllrVFpUZUxZSUdfVDRhQm4wbUp4NFRqdzlabFd6YWdHMmvSAWtBVV95cUxPSFNVTms3R0doWkc2Z0RBUkpMNnBabHRwY0pnTWFOOXMyUFREcHFsVDJCclIybjM2bmk2ZXhOeGpjQTU2Slc4TDhMN1FEdWZSbV90WXRWdzhIbGpkWGdraXYtbU92VEh5cG02dw?oc=5
계룡산,기타,[국립공원박물관] 계룡산국립공원에 개관,2,2,워터저널 · 한국조경신문,2023-11-14,2023-11-14,https://news.google.com/rss/articles/CBMickFVX3lxTFBieG9BV3ZjVWEzMnREZ3JvZnlWRzQ4a3h6YlJuNnN6Ym9wTHZ6VFpHNHB0Vm5WaURydVpWWUxCQXZUdTJnM3BQUHBjSjNpOHl4SUE5ZkY3MUpUclpUSUx6RDZkcXN1bzEyT3RxQjZmZ1RkQdIBdkFVX3lxTE5aTnkwRHhvMzhmUW1rWjhfVWtGa1BGRlA4X2NTVTB0SndFSGdveHRBbWhQdWxqMklMbkdOV2dmOVFiX0JCUE9mSUJwNVpCVzBmaWpFT0tJZVBxWDd4a0llRVpNUDJHRGp3S1IzOVR2NDJmRFdxY2c?oc=5
치악산,자원보전,"치악산국립공원, 공원 내 사유지 23필지 84만㎡ 매수해 복원",2,2,ecojournal.co.kr · 연합뉴스,2023-11-01,2023-11-01,https://news.google.com/rss/articles/CBMiW0FVX3lxTE1DRkNNUld0X21Pb2lFYi1OcnB4MVFNZVk2aDg4a1VVUW1haXVCTEJLcXBReWZqbEZNN2VpVWo2a1Z1eldmV1hyUThVZTJmVkhsN2p5ZXFtLXZnN03SAWBBVV95cUxNRy1FbGpsVjdZM2FidHJEby1NblVSSFFhbjEza18zRlg1UWxmemdMYnZQZjFTekNYSHVHRkJvNjFKc0JBNTJFM2M5RlVWTVJHZU55NGQ3M0NrVU96RWtxNzU?oc=5
치악산,자원보전,천연기념물 일명 '황금박쥐' 원주 치악산에 8년째 산다,2,2,연합뉴스 · 원주신문,2023-09-04,2023-09-05,https://news.google.com/rss/articles/CBMiaEFVX3lxTE9VN0RSd2s0ck51ZmtDOHRaMWVjaktWMV8yWUF3OEw3VlRHVlFiM3owQXUtQWFjNzBTRjBreHVIOURFY2NuSlJ4RjBUMVNDaGVLQWJZRE94YkFhZFJLVEJrRFNJbjhBVjZW?oc=5
(전체·공통),기타,국립공원 '알짜' 예비객실 직원이 부당 사용…권익위 적발,2,2,대한일보 · 연합뉴스,2023-08-02,2023-08-02,https://news.google.com/rss/articles/CBMiW0FVX3lxTE1kUkQ5T1FWU1I5ZV93ZVhqbjM0aTJXYzAwMzlKRmgyeFBYdkYxbVU1NFAxTUdhZXlSN0tRUEZwNTlhM3YtWVdNeV9KRWdCMWs5ZXJNbFRHblhHUUHSAWBBVV95cUxQNk1JWW1kVTRUX3gyMjNtZC1DTFVCdGN3TUpoWGFJX2xyM0w0MDdTeE9FdkYxaXRkdXY1NUNlUU10aDBaN25LdkFvd09OaGE3OTZiM0xSU0ZUbjRVMmlCZ1E?oc=5
계룡산,기타,계룡산 국립공원 '반가운 손님 호반새' 둥지,2,2,금강뉴스 · 중부매일,2023-07-25,2023-07-25,https://news.google.com/rss/articles/CBMiakFVX3lxTE82aml5NHZna2lPMkZBZVh2ZkFuMU9ldEplRHdSM3Y4dTV3YXpEaEhrbVNmdnhFcUxleGtKVDJVeG00dF9jT3hHOWxUbkVvMWNOQ3BZU0ctWi1rV2w1YTdFRHZoTTJrSjBrc0HSAW5BVV95cUxNekU2VU1PTk92dU11SXJIaGVFWVRDZTVuclBKX29kR1hDUjZmalE2X2g2Y3hkTjl3eHdxb1g2N1ZmaERhandSdzc2VC1zemJnTzlPamVvWnBkVVpDWFVpam5nZ0QwbGpwYWdvb0JaZw?oc=5
(전체·공통),기타,고흥 도화·봉래면 일대 643만㎡ 국립공원 해제,2,2,남도방송 · 드림투데이,2023-06-13,2023-06-14,https://news.google.com/rss/articles/CBMia0FVX3lxTE9QSzR1bHBxUlBmekNDaTZTb1JMbjdQUDZWWHBRaXU3cmRsSGxiMnd1eGFjUDhjSDZWcU1senlneDFVSUFxTklFQ3BNRHotVVdac0lfc3FYNFU0dHhVdmktTTFnOXhGUnVXbnow0gFvQVVfeXFMTjRjUEk0M1BiZzZzRTQ4OG9FZU1VZTByZHZpNWw0dnFtTFVlWmRRb2lHcU10QmZSZVNIZzdNRXhZdUQxMGNZVzRWamZKTUUzNjBMenV2dVpkQmZhWGM3eTk0ajBDYjNEcGV6em42Vmt3?oc=5
(전체·공통),기타,"국립공원 구역, 여의도 면적 12배 규모 추가 편입",2,2,지디넷코리아 · 파인드비,2023-05-01,2023-05-02,https://news.google.com/rss/articles/CBMiZkFVX3lxTFBaNGtnWXZaVVpqQ0FteHpHdVlhYW9HZVltMHJLNWdSbnY3SUhNVlZpOFVOYm53X1V1TUFILXVYeXdOQVg0am9abmNuTUhLUDA4YVhIbVRyQzBXS21fb3luWGRjeURjd9IBakFVX3lxTE5WT0JJYmRXSFJTUDdaRXcxWXFMMjZUQkxhbE9PZTNueWRGMHlKTlBlNU12cHpYWHIzVVYxQ0R3TEJpUVlZQ3cxZDV3Rm1meEhraDlVOFA0VTRoX2lqT2U5R0lyam9NbnZIN1E?oc=5
(전체·공통),탐방시설,‘2023년 한국의 국립공원 기념주화’ 예약접수 개시,2,2,부산일보 · 헤럴드경제,2022-02-16,2023-03-02,https://news.google.com/rss/articles/CBMidEFVX3lxTE5mNGRmT1hUX2w3cmdWN040X243dGt1NG1VUnluWkEtcVBDSlhGZlNoeGNMTU41Y0JCOVRibmxlblpvOUhJM0xGRm94alFSWTdPRnh0R2dBU1R6TU03c3lId3hLb2Y5RV9XTFkzNDhmaGtmMUpk?oc=5
(전체·공통),기타,‘다도해 해상국립공원’ 계획변경안 통과...‘흑산공항’ 건설 확정,2,2,nhanews.com · 한국조경신문,2007-09-27,2023-02-01,https://news.google.com/rss/articles/CBMiZ0FVX3lxTFAySVJ5dU8tNGlQSDVBc3NGSkNzbXptQ1dTVXVYcWZwSXQ5Y3pzdXRWNlF2N0pSYUVLWnd2QWtfRm1zd1M2dnJ2OVh4QXNab2pCdG9nSmlXSEU4ZzlsM2RDYU42a3RwbDjSAWtBVV95cUxOMTgwSjFmQzRxUUZsVV8ycUJXVzhGa3hxbVV0cW9qRkE0SWVrR3h4dFBFcDlqOGwyaFpFU2p0OU5MY2Z3T1ZLWU1sNUFKb2FqZ2pValNjSmNNZ1hHMTdTRno4YXlHYkkxb0w4WQ?oc=5
(전체·공통),탐방시설,"국립공원 탐방 가기 전, 혼잡도 확인하세요",2,2,경향신문 · 지디넷코리아,2022-12-05,2022-12-05,https://news.google.com/rss/articles/CBMiWkFVX3lxTE5BSkZiMmpkbTJEUWluLUkyYU80bE40dnVvVzRoaGJWbXN5TEFHVmZRbEY1aVRwVTRmalJld2ljU2N5TVByZXZxWGpuR2ZCRHZJb01Ja2hydUktQdIBX0FVX3lxTE9vckhjUHRHWDJPMEhzc0tDU2hLZW9hbm1fRm1lTXRmNE5nMVcyNnFPM3drU25GdThhS2V6NzFabUJQRjBDc1V6S3lxN1lKd2hESTQ3NFlkOE1fVnN2Q2tZ?oc=5
지리산,구조활동,지리산국립공원전남사무소·순천소방서 합동 산악인명구조훈련 실시,2,2,로컬세계 · 시사매거진,2022-09-17,2022-09-17,https://news.google.com/rss/articles/CBMiYEFVX3lxTFBsVk9IdDVQQjc2eWN3a3VSLWY3SllOYllqYU1QT3lUSGR3ZC1Zc3JVSjlKTTVhaWNOZ2JVWWo0MlVqS2FPNHQyR24zbG15d0Z5eHBWWUJpLWk0YmRjV3lrMtIBWEFVX3lxTE9rS1kyMTFhOExhS2Q1aEI3bUpMYWlDRVNyN05TSXVyaDgzbnIxb1V0dUt4NFlXRGltV2VqbHJEQVRBODNGR0dDTjlhRlVVc2plUXNvMTNTLUo?oc=5
(전체·공통),기타,국립공원 해양쓰레기 치우면 ′5천원 상품권′..′해치움 캠페인′,2,2,대한민국 정책브리핑 · 시사투데이,2022-08-04,2022-08-04,https://news.google.com/rss/articles/CBMiW0FVX3lxTE1jOHBWSXVfa3BpenpIUG5LYVo4QU1jcUtfUDdMY1F4RF9rZmZTRGd5cnAybVFoQzBjVThzM3B5cThlY0JOaFZueF92emdQVWZ1QzBrMG13ZUszdnPSAVZBVV95cUxNd0VQN2VtM0xXellOdHB3NlctSW5KM2hpdTNVcThPS2RGZC1OSmlKNVExTjJFNFF2aFozM3R0TTNqeFdVdUJYRlNFYzhVM2ZURDY2ZFJRZw?oc=5
오대산,탐방시설,오대산국립공원 소금강 탐방로 '1569 율곡 유산(遊山)길'로 재단장,2,2,연합뉴스 · 쿠키뉴스,2021-10-25,2021-10-29,https://news.google.com/rss/articles/CBMiY0FVX3lxTE9aU29PeldCMkNNR3NzN1B0QVZPSjNGU25qUndDRHVVTm1rLVN6RE5yclFObXAxWEk5aHphWC1iUWNJTW5sY1ZJc0lJZmliQUxWY1Nfbk5BVU1za2ttQXR4R2lxYw?oc=5
경주,재난안전,경주 남산 문화재 7곳 탐방하면 기념품 제공...선착순 200명,2,2,뉴시스 · 파이낸셜뉴스,2021-08-03,2021-08-03,https://news.google.com/rss/articles/CBMiYEFVX3lxTFB3SkJlcHgtN1dRQ0p0VUdaX0Mzbjd1REhzSVM2SXFhamhvcjY1U3lUSWt3d1FsdG5zZEx0M3NvN3lGMlRENlVjYjN0Rk9oenpxMHZmOFVLWGNWZmhhTEZQddIBeEFVX3lxTFBLQkhSVThfdElfcHB5VE9sWGhpcGtuZnhIbl9jQThnSHZnaTB6eG1LeV9ZbU1PSnRGNlBKOUJob3ZqNGJBNFc4UkhhbVJkakVlbkVaMUdrT3hwcDZuanQ5QmJLSFk5UkVCZDhkampRYk1qWjhVelNJeA?oc=5
가야산,기타,가야산국립공원서 ‘둥우리버섯’ 등 미기록 버섯 17종 발견,2,2,대한민국 정책브리핑 · 한겨레,2021-07-28,2021-07-28,https://news.google.com/rss/articles/CBMibEFVX3lxTE5EempzZ1V2ZkNrU2lMQUt0blVnWUtuN0NfRlQ1ZWlJMzloU0wxTklsX2lNa1dJZF9EVzE4SE1hVzl4RkFtdmlDWWlYdTNpZU82bDJVb0VLVmk2cFBoWjJ5ZW9ONzNTdm9Wb016SQ?oc=5
경주,기타,경주국립공원 2021년 ‘山타는 청춘’ 성황리 종료,2,2,글로벌뉴스통신GNA · 특급뉴스,2018-10-29,2021-07-05,https://news.google.com/rss/articles/CBMidEFVX3lxTFBNaUw0S0FLMXprdllGZW11STVrUmNTU2ljQ291R0NESmRFdzY0Mk1hSjNWTWxMTDI0d3R0a2JmZUVzU21peTV6NXZlX1lOSWpnOWkzRXhhUGlfN0ZST0NJZkpDWWhLQV9EakhMN1VfMEFmakNU?oc=5
북한산,기타,[사진톡톡] 새롭게 태어나는 북한산 백운산장,2,2,세계일보 · 한국경제,2019-12-02,2021-03-06,https://news.google.com/rss/articles/CBMiWkFVX3lxTE5lOG14RFlJdGZ5b2xjQjVhVkVmeDRiSFdjRHdNVnprRmE0dDBSR0pWRUYzWGhQUDk3R2JwVXNTOFQ0bUViQ2s5ZDFwd2R2ZllNLU1DMWhscmZQdw?oc=5
월악산,탐방시설,"""충주호 악어떼 구경하세요""…연말까지 월악산에 탐방로 조성",2,2,연합뉴스 · 한국경제,2021-01-29,2021-01-30,https://news.google.com/rss/articles/CBMiWkFVX3lxTE11aWF3cF9US2JqMDBScWlvakFZMGUxLUpxRnlYd1ZlN1hJSnNwTmotc3hOc0k3UDdLRktVejd3OGJvQlA0NWc0ZDdXejZsN0p5VS1fdXZCRExNZw?oc=5
속리산,기타,"속리산국립공원, '명승과 지명이야기'책자 발간",2,2,바끄로뉴스 · 보은사람들,2020-11-30,2020-12-03,https://news.google.com/rss/articles/CBMibkFVX3lxTFBpWG1CVU9DUFpaQUVab0lIN0xuVmxxTTQ0a2hRSWRKSG91aWRHdjlhNC0zQldjZDM3XzdpQ2FDMXVXTDRrVllwSGtYUUVlN2tud1JaWXhrMTlnaWFOT2wzc1p3NE8wS1Z6YnNPcTZB?oc=5
한라산,행정,한라산 '국립공원 50주년' 사진 공모전 수상작 야외전시,2,2,제주뉴스 · 헤드라인제주,2020-09-17,2020-09-17,https://news.google.com/rss/articles/CBMic0FVX3lxTE1McWJtdDM2SUh1bVp0ZWk3bDVhRzJWQmtqNE1jYXJUNDV4aU5ybTVkVndRa1RhX28xeS0xY3Z3RFNROF9ocVVUMmh5TGU1UDk5Unh6QnJ1TkMxTUR3SnZqMWNWZFZjTEVkWTdHR2QzZ3Y4TW8?oc=5
지리산,기타,"전석호 측 ""'지리산' 출연 확정""…'킹덤' 김은희 작가와 재회 [공식]",2,2,뉴스엔 · 한국일보,2020-08-31,2020-08-31,https://news.google.com/rss/articles/CBMibkFVX3lxTE9yb3JlMGlzcmVZNE5DQ2cyUUFBd09Vdm5mZEJoRWhzbHQ3bGhOcklTeDczcU1uTFdoQkJWWlNEYW1haGJzblhtNjQxcXdKWWllcUVYYTdtcVRyYjR0UEJDZTY1bGRKQlI0SHY3QVZB0gFzQVVfeXFMTjVHdFFpSUgxakV0LW9adTVCaFAyZHE0dWFSMXNyYmNiWEkyYWJ6ZXM1Ymd6MEc4M2RvR2hFM0ZGckVSOHJORGtTWGY3ZVRqeGphdElSMjlqbTZlZVB6SnJXMDFZeGhLVjBFWTBTN1A1ZkZ6OA?oc=5
계룡산,기타,"계룡산공원사무소 ""계룡산성, 고려 대몽항쟁기 지역 방어 목적""",2,2,연합뉴스 · 특급뉴스,2020-07-14,2020-07-15,https://news.google.com/rss/articles/CBMiW0FVX3lxTFAxcXNWM2FocG5Ta2JJZVhadkVZVFAzY1BKN0E3YzhhREViTmZSQnl1c09LeGlWeXRidnpqcXdEWGsyVXBUTjBPaWw1ZjE0bWZNMHdGamxQN0lscmvSAWBBVV95cUxPaWJNUC1FVzJPNUhJT2x6NE5JMEI0eXptenR2N0Y0Q1Z2UTB0U1EtNDgtaS1Kb2FMY09LUEhlbElidC0zYlVvc3NTcGM2bC1yWllXOGRzcGRWeFd2VVpsbVE?oc=5
태백산,기타,‘민족의 영산’ 태백산 스물두번째 국립공원 되다,2,2,greenpostkorea.co.kr · 한겨레,2016-04-15,2019-10-20,https://news.google.com/rss/articles/CBMia0FVX3lxTFBMQ1VXa2hBQUZtaklJNkwwRGhCYVhFbV9mNGs1dFduaUtSN2VrMVpaTFBZY1BXU1g4NDByWXBiYVd6bkhiN081NXFqdGg2b3F4M3pEZE9kRjNfX19lNmVmc3JPSkNSbmVDc1lR?oc=5
(전체·공통),자원보전,"바스프, 다도해국립공원에 ‘해안보호 솔루션’ 적용",2,2,greenpostkorea.co.kr · 산업일보,2019-08-20,2019-08-27,https://news.google.com/rss/articles/CBMidkFVX3lxTFB3NUphYnFUUUJieXMzeEl4c0FNYVVZRFBjMXp1aGZKODFFRllhYWhhZXRfT3JVNFBUd3dGWVFJTkhlWUY1UTlsb1AzNFdFRU1JYmZMUW5nSFNVQmRpTUpMaFVIaW80M21xeTBZRE1DQmNjbFFVTWc?oc=5
(전체·공통),기타,여수 남면 주민들 “38년을 참았다”…국립공원 해제 요구,2,2,뉴스탑전남 · 한겨레,2009-05-20,2019-03-14,https://news.google.com/rss/articles/CBMiZkFVX3lxTE5TbzUwWHlVOEJFNTk2R09sVExMT3hNTzFsLVdud01jaVJGSW1zWXhqVFk3emZ1aGgwV01WWjFTSlE2dW1idGhGOGhYbU5tOGdXWklTZENFOEdDeWkwMTZhcVBMOEo1UQ?oc=5
지리산,기타,`지리산 호랑이` 함태식 선생 별세,2,2,뉴시스 · 부산일보,2013-04-14,2013-04-15,https://news.google.com/rss/articles/CBMibkFVX3lxTE54WVZWekFuWThodDJ0Tl80Rm5OaVd6RnhaQVhmaVlpN2lTV0kwaU9rVFdaMVBsSEZmbE8yeHNaMFlxTW12ZVQxUFpvM01JWGpqN3Y4V2U4ZnFZQ3VNOXZ1c0wyZTZsa2dORDZvNmNn?oc=5
오대산,탐방시설,"오대산 소금강계곡, 소금강산 자동차야영장 200m 한시 개방",2,1,여행레저신문,2026-06-22,2026-06-24,https://news.google.com/rss/articles/CBMihAFBVV95cUxNNDR1X2R3X080Yl94elFOaGdLcUpjaXp6SkVaMEs2SEdsZUs4Q3FQTVB6c3hLempRQlJ4OGJZa2syZE9hVmR3aDhQV19QdXhqcTNCTTBxR0JaT1ZnR1VrSU1VZ0w3QWR1OGROZ21BRllKQ2Ffay1xY1ZmM0Z2Y01TeGRYTjk?oc=5
팔공산,기타,대구·경북 명소 팔공산 골칫거리 ‘굿당’ 70여년 만에 철거,2,1,v.daum.net,2026-05-24,2026-05-24,https://news.google.com/rss/articles/CBMiT0FVX3lxTE95TnJCTElRdXdpYXBmTENKTGE5NWVpTDQyRWRqNWs2aDliN3RrSVhpMW12QklTdHcya2RvdGl3QjNQNmNkQXB5M2kyYV8ydUU?oc=5
월악산,기타,‘월 228만원’…월악산 국립공원지킴이 2명 뽑는다,2,1,퍼블릭타임스,2026-02-05,2026-04-17,https://news.google.com/rss/articles/CBMiakFVX3lxTE1NT0drMkJkN1k2emNBLUU2WGRzQjJURGw2RVpQTTFnZFJnaW42dk9zZV9YNWEyaUxkREZuckloMXFzRU1fNzNDTUFjQUtqX1cwMjJSbTVUcXFJTE5KWU5ac3pUT29uMFZLU0HSAW5BVV95cUxPQ2JqQUVJMFpOQWViVnA1VHBrVG1TNkdqVUtEaG9QbVpac0g4M2E0NHAtYkg1a2FmcHZ2OHFqcElGMFUwMERQVHliV0RmWTVfUlpyRmFMY055TTM4TFFwYk1COHl3SlB3Rlp4MDJsUQ?oc=5
내장산,기타,"내장산국립공원, 봄철 숨은 벚꽃 명소로 ‘주목’",2,1,ecojournal.co.kr,2025-04-09,2026-04-02,https://news.google.com/rss/articles/CBMiY0FVX3lxTFA2MmphX1VmMEZOZEkwdm5rek0yS3JsanB3UjBsU2RXb3FCdUwydHZ6SWlpZEVUWmFvYzRtUEtDX1dJbGJvRGcybWlaZ09hcnVUajBnN05QUEpBWWlfbm40YjAxUQ?oc=5
변산반도,기타,"돌직구 직소폭포, 로맨틱 채석강… 춘흥 깃든 변산반도",2,1,헤럴드경제,2026-03-30,2026-03-31,https://news.google.com/rss/articles/CBMiVkFVX3lxTE1yUVVhdVc3V0NrUlkyckZQT09CZmNyYUQzUVY5THBVTnNWRlRnNWpKV1FGa1RoeXNpUmNyb2N5ZVpkQ2o1bXdNbUxObzJ1d1lHal80VVN3?oc=5
태안해안,행정,"‘태안해안국립공원 지킨다’…국립공원공단, 국립공원지킴이 13명 뽑는다",2,1,퍼블릭타임스,2026-01-02,2026-01-21,https://news.google.com/rss/articles/CBMiakFVX3lxTE56dW1VdFlld2hDRHdwdjVTNlJURlE0YlZrN0JOdGw2SlJPTW85U3Q1WmZWLUF3WDcxeHdiNlpqdVBzVmVxWEVTcTItZ0ZiWHJPVVNoQXZrZl96RHp1YXczcXBZSDlsZUU3OHfSAW5BVV95cUxORkk0ZGVmNG95OHplZWxFamJMaW43VEZQcXN2dThkcldROFVkWmRfd2RRQ0ROMnBZazVaMlRiN1R1LV9ybm45eVU0bV9iR043c3VDYXR4M2laZ0lyQVZtRDNxT29OUkd3M3E3Uk9xZw?oc=5
태백산,탐방시설,'태백산 하늘 위에서 태백을 보다' 발길 몰리는 하늘전망대,2,1,뉴시스,2025-04-11,2025-12-15,https://news.google.com/rss/articles/CBMiYEFVX3lxTFBkcW9wVG85b3lqeHNBWlZWUWRGQkkwS2pkMk5xS3VxMVp4TFNUcFBINGdYcUdsMnYyamlTQXlhRU1EdW90ZV9mc3BfWjlHQWNFSExUbkVEZFh6dmJHd1lUX9IBeEFVX3lxTFBlUWJTMVc3SC11T19YQXVFckotU1ZycXJoczJsZnM1LTJaUFdmcDJaRHdMajFmdFNHbDF0bE5UdTE1WEg0RkZVWnpESXRDS28tUGhJMGVHbkxtUmZuY3ZRRy0xUGdKUTY1dHpFUUxacVdqQlcxTFMxQg?oc=5
(전체·공통),탐방시설,국립공원 숙박 시설을 ‘가족 펜션’처럼 쓴 공단 직원들,2,1,조선일보,2023-08-02,2023-08-03,https://news.google.com/rss/articles/CBMihwFBVV95cUxPWng1UDhkcFJvM3N1Z1pqRUVNOHkwNjRuUXEyTmdaSXlhNTc5LXIzaEpxTUp1N3RONi1oNEFJYk83ZGgzQktHdjlMaUJUcDk2RGxrVm5SUk5maFVzWGtrbWswZFBtTVZwcHowdnJWOXlYVVdpTFlvM2o1RncwVlpxanQ5RGlXcW8?oc=5
북한산,기타,"[자막뉴스] ""왜 고양이 밥 못 주게 해!""...북한산 캣맘의 행패",2,1,YTN,2021-11-20,2021-11-20,https://news.google.com/rss/articles/CBMiXkFVX3lxTE9IUDE1Q2VCTWFSVEVha1M1MmJrN1ZPa1JSX3NUc0dDakVGaHpCa1Y0N3R4SmF2ZnljSmxrQTJxY084YkhSNG5kWGJ5Wk1iSWtqX1hyLUdYSjM4LThwMkE?oc=5
속리산,기타,속리산국립공원 세조길 세심정구간 올해 마무리한다.,2,1,바끄로뉴스,2016-11-08,2017-08-11,https://news.google.com/rss/articles/CBMiZkFVX3lxTFBYVTFNYk5xVmhDRDBnZmlENzhqblRsRWktcGRzRl9HbXBTTERTaFJDalQteDdlTXBLTWZucTBtelB2SVFlWHk3azFHNS0wcGgtcHVHTnhRbV9QdUE3RGdFeDFNVUEwZw?oc=5
속리산,기타,속리산국립공원의 숨겨진 비경 '오송폭포',2,1,바끄로뉴스,2016-05-03,2017-07-21,https://news.google.com/rss/articles/CBMiZ0FVX3lxTE5LMTFhd0ZPcHJYRVlpMk8zdnBlR24yZkVNTVRVb0Y4bkVTbkxJbEl6WkpNSmE0VEQ2Y3d0ZThNMjZwWVJUam9EUUszRjcyVERJTGE4UXZSZzhaaTZJaXlueDJhY25vMlk?oc=5
북한산,자원보전,북한산국립공원 정릉지구 하천 생태 복원작업 마쳐,1,1,파이낸셜뉴스,2026-08-17,2026-08-17,https://news.google.com/rss/articles/CBMiWkFVX3lxTE42bDF3TDNYQk5nYVpuaVZlYjAtVF9zaTQ5Z0RzWkY1YldsT2pKMVBPMW10Zko0Z0YzZWtNM29YSHRvQy0wY0JXNUdjcWk2OW5XX1NmWjN4djFIQQ?oc=5
북한산,자원보전,"북한산 정릉천 복개 구간, 자연 하천 복원",1,1,한겨레,2026-08-17,2026-08-17,https://news.google.com/rss/articles/CBMibEFVX3lxTFB6N2gwdjFpWUh1WFJoYUR4YUhxYUh2SWNOUTN6SWtlcHAyN3BGTTFCd0hOaW1rQl9zZGpRM21tcjVLNWFXSlFyMDMydVlnU1Y4SWNKTnJWSU9nczVRRlptOG5kUHBtVXlJT3dUNA?oc=5
북한산,자원보전,복개천 걷어내고 낡은 상가 철거…북한산 정릉입구 생태화,1,1,소비자를 위한 신문,2026-08-16,2026-08-16,https://news.google.com/rss/articles/CBMiSEFVX3lxTE9BM3dnbDhWWEotVEpFZVZfdXVSWFdNYmwtbl9hNGdkRUgtTjVrS0lPcUdiT2xiR0JPRjh4T2FFZURhaHpMVEtkZg?oc=5
지리산,재난안전,"‘딱 두 달만 열립니다’ 해발 800m 지리산 계곡, 9월부턴 출입 통제",1,1,뉴스와,2026-08-15,2026-08-15,https://news.google.com/rss/articles/CBMigAFBVV95cUxPcXpjR0pISjBsVmF2N1dtcUJoOGVJRl80Szg2OU5aRHQwQUE1dkZTTmhKN1h0QzhMN0RWalRQMGpGLUdUTDBNaFlQSVpRX3RsbjRzQXVpNnA4azRmd2NDSERjN0F3TzBMZHpaN3JVdGRrVl80WDNWd2gwWW5fQ0dUOA?oc=5
덕유산,기타,덕유산 당일치기 코스 추천 BEST 5 — 2026 최신 가이드,1,1,네이트뷰,2026-08-15,2026-08-15,https://news.google.com/rss/articles/CBMiU0FVX3lxTFB3Nk9rbF9IT2loSUFqYjFhRXJYVmRxdUg5bEFMbmRqM1F4NVFuT0xzZWM3S1VPeUJkVEF3X0QzVE1QbUJoZmRfUmVLZjFCZmZTY0pZ?oc=5
(전체·공통),자원보전,[칼럼] 국립공원(國立公園) 자원의 원형을 지키는 디지털 보전관리,1,1,정필,2026-08-15,2026-08-15,https://news.google.com/rss/articles/CBMiR0FVX3lxTE9nUUdTUDY0QVhNNkhYQmZnbFA1eWJGNWxVM1k4LURVZmlVMVVIU3NaaHBMemVfelFHN2xDUlRpWjFOSGxsRmFv?oc=5
(전체·공통),기타,"""이름 없는 독립운동가의 재조명""…'국립공원'으로 거듭날 효창공원",1,1,대한민국 정책브리핑,2026-08-15,2026-08-15,https://news.google.com/rss/articles/CBMiiAFBVV95cUxORVNkNUU5YUZvVkVhdkhjbzN2bTlTUW9wNzhTZnJnNVFndUNVNGVmUEJTMXhNcDlvU1ZDYjBlQzZ2OFdfTU5xMzljUjhXeHdDNmxONWxrejU2MkhxTWVmWWlPcDRnOS1WR01NYmtFZWV6SVFXWDQ3aTNBbkpmX3RHdE94SmF0WTFO?oc=5
한라산,기타,"한라산국립공원 박원철 팀장, 감사원 모범공직자",1,1,제주MBC,2026-08-14,2026-08-14,https://news.google.com/rss/articles/CBMiT0FVX3lxTE0wT3VzU3J2b2RVLU13MjRwbVJRUmxTMzB1MnRWTlppUVJwb28yVHAwOV9Yc0lUMHlkRTRHb1dlSm9nYkdGcUlCTllReGN4RHM?oc=5
팔공산,행정,팔공산 국립공원 승격 토론회… 9개 기관 업무협약,1,1,환경과조경,2026-08-14,2026-08-14,https://news.google.com/rss/articles/CBMiiwFBVV95cUxQQlNTeFdhUmtDQTFmYzRSa3p3X2pWVmNPQlk5UnFEUHBDaTQ4Y3h1S3VYZUo0am85cE8xczUzOEpGcFRVa1czRFVaUDBoeVRISEtSeC1rNWlNRTJqVEsyM1FIRTRHVDBhbnRsTVBPUVJqRVVIbG5adXdwUFd0ZDZLdWtKaEVrcnR1RVBJ?oc=5
팔공산,행정,"팔공산, 국립공원 지정 위한 평가 추진",1,1,환경과조경,2026-08-14,2026-08-14,https://news.google.com/rss/articles/CBMilwFBVV95cUxNYkZPWTVlV0FVaExCOVEzemRlcXBuT2NtLVFva1dxN1RSVjVhdmVYV2FxUjJCQ0phV3pyQ3I4MGFmRUFHRExuMEVYcm5iSldnVE9QRnVrYUlaNkJTZlQyd1VGRnAyQ0RPdDZkUHZnT3VqemNadHRzUnBQeEpUZVVwT3VTdHV6bUViYXh2N2JWUTlodmJFQmw4?oc=5
지리산,기타,광복절 맞아 지리산 천왕봉에 광복 바위글씨 등 재조명,1,1,뉴시스,2026-08-14,2026-08-14,https://news.google.com/rss/articles/CBMiYEFVX3lxTE83YnhwTlhnLVB1RDU1VDhVMjVfT2RoTkV1NjN6UHdkd1FCUDBsZG82UnE0b205RFRoMklGNW55TzJ5c2tFVlA4U3B2T3hKT3FCbGpPdkFhazNHM1F1cDdHcNIBeEFVX3lxTFA3aXBnYzdPVG5UNjN1RFBiQ21WdDFTZ0hHNUk2ZUFQWHJlcUtTd3N0aG5RMWhkc2o1WW0yTTNZSlVlcFBWNU5aSnd2N0NzaDVDLXNPZ2c3Q0ZnYnVsQkI1Ty1PNzNzemlhY2N1dDZrZlRhQ3dVU2YxXw?oc=5
지리산,기타,지리산 천왕봉 바위에 빽빽한 '392자'… 100년 전 그곳에 새긴 비밀은,1,1,한국일보,2026-08-14,2026-08-14,https://news.google.com/rss/articles/CBMibkFVX3lxTE95VC1BZTE2YVJLb191LXZFYW5NVkdXNkJHMDJ4QldzR2FuUENhRmUxS3hLRll2SVBBTTZwbE5rdEJfZGluOTdkZkpScnRaeEFudEpZckVQSExrU1NuVm5SR21aUExnelMtQWxlOFNR0gFzQVVfeXFMT200R2ZtdTVrNExBbU9zTkJoZTBVWFdzb1lRanZqdWhiS2Z5dWlFb05Vdi1naWlGNWFhUzRmLTFFczg1WjlWMmtiOWI1SlZTMmxFb2p5M1ZFS2E5OXNBZXJacDR3V3huZER6YXJuRzZZeXJWZw?oc=5
지리산,기타,"지리산 천왕봉 바위글씨 392자, 북한산 석굴암엔 김구 선생 친필",1,1,한국사회복지저널,2026-08-14,2026-08-14,https://news.google.com/rss/articles/CBMia0FVX3lxTFBVa1N4bXFPNjhPWlNKb3VBSWxIbjh6dWpSZmNzbkxPSE5YWTM0VkdfUGpFYm5PbVJENTNxbzJmbkVSOV9PZnVsVWNyS3FURmVNLWpsazdSZGZZaUowaWxmV1RxNXlBZEx3U19N?oc=5
북한산,기타,광복의 함성 품은 북한산 바위…국립공원에 새겨진 선열의 ‘독립 염원’,1,1,경기일보,2026-08-14,2026-08-14,https://news.google.com/rss/articles/CBMiW0FVX3lxTE43V0tJTlVjSzl2NnVxSWh5dnVuSlV5TjFucmhWb21VaHMzR2RsSktJeGtDTlVSZ05lZDBVSFNHLVhHVzIycUNjTnJRaWJxSWFjZ1FCUW9BRXdseUk?oc=5
북한산,기타,북한산 백운대엔 3·1독립만세운동 알리려 새긴 글씨,1,1,연합뉴스,2026-08-14,2026-08-14,https://news.google.com/rss/articles/CBMiYEFVX3lxTFBTdV9ZWThJaXA0X0toLTRaTGNYeVlRLUtjM3lGaUc0eE5TbFR5Vk5JSHE4S25WSmFpS3A3UHBwZUFVZ2pVUFQ3QjB0V2w4M0pVU241OFk3WjU1bzVGa0wzS9IBYEFVX3lxTFBTdV9ZWThJaXA0X0toLTRaTGNYeVlRLUtjM3lGaUc0eE5TbFR5Vk5JSHE4S25WSmFpS3A3UHBwZUFVZ2pVUFQ3QjB0V2w4M0pVU241OFk3WjU1bzVGa0wzSw?oc=5
북한산,기타,"[단독] 산악마라톤 대회 금지한 북한산, '서울100K' 허용 논란 [오마이팩트]",1,1,v.daum.net,2026-08-14,2026-08-14,https://news.google.com/rss/articles/CBMiS0FVX3lxTE5CQ2IzblpBVnU3b1VkNGUxT3FRYlc4VFIzRWpwdlhBdl9KbTdGWUlMbkQzcE9JR3VaZWxubW9HQUJEeWlHcVc1VTZhVQ?oc=5
북한산,자원보전,북한산국립공원 분묘이장 사업 추진… “생태·경관 복원 앞장”,1,1,환경과조경,2026-08-14,2026-08-14,https://news.google.com/rss/articles/CBMid0FVX3lxTE9tNjgzVWdZWEJWdWltX24zTWc2MzBnUUNTNFRzbC1oT09WdWFuTjVVa09WeURJc2lJUVowNDlDbXlBeU1Jem93Z3FidGFuUTM5MUZ1dXN1cjlZZWM3czJ3WWx1dDJGUjctUDNxNy16d1VoNmVyd2NN?oc=5
계룡산,기타,"건협 대전충남, 계룡산서 플로깅...“건강과 환경 함께 지켜요”",1,1,디트NEWS24,2026-08-14,2026-08-14,https://news.google.com/rss/articles/CBMia0FVX3lxTE1uRHcySGxUSTZfQ3hFQmtaWFJVSUk2MVFScDZkMHo5ZkZsNlhjSWVyMVJPSEEyakhkbXBjVV9zczFKUUkwNzc1TV9pdjc1TXhPWE1mVnYtbndKd2lyTjFzQ2h5NFZKZEdlMnVn?oc=5
(전체·공통),행정,국립공원에 새겨진 선열들의 독립염원...국립공원공단 3D자료 구축,1,1,BBS불교방송,2026-08-14,2026-08-14,https://news.google.com/rss/articles/CBMia0FVX3lxTE05WDdIMUZ4Qi01aEVqUEJXUF9QbXNJQTNoanpodkY5Vlp4VHR0YzRCcUIzTlFGTTJLYjlleU16OGpmRGxkaWR0bGhjUkFMc1Fual9WUDV5enRqRUxjYnNaMVVzaWR3cHd1bEUw?oc=5
(전체·공통),기타,'국립공원에서 만나는 독립운동의 흔적' 광복의 의미를 되새기다,1,1,인디포커스,2026-08-14,2026-08-14,https://news.google.com/rss/articles/CBMiQ0FVX3lxTFAzSDR1TFNEN201SnczRWFmRTFxOWs3TkRoVlVtd1VoMFRjbmVuOEc1UUdscWVUVmFNd2FEQ0lQUnFMSFk?oc=5
(전체·공통),기타,김구 선생 필적 암각문 등 국립공원 내 광복을 기린 선열의 뜻과 역사 재조명,1,1,헤럴드경제,2026-08-14,2026-08-14,https://news.google.com/rss/articles/CBMiVkFVX3lxTFAwRHlGbVUzblRvLXU5bkp1dGR5MVh5WldCTkMtUnBxbE93R2owUlJxSjVGQU1BTjJLNk1CMUJqcDV6dFdfUjBoTFlxUjdaVl9LSHFnZFN3?oc=5
(전체·공통),기타,[포토] 국립공원 내 광복 의미가 담긴 역사 문화자원,1,1,우먼타임스,2026-08-14,2026-08-14,https://news.google.com/rss/articles/CBMicEFVX3lxTE9nLUswLVpDTTFRVlpCaXNvazRTdFJBdndQdnNTUEV0Zi1WT3hjOTg3UHJCdExJUTdyaWhoeFA0Q2ZBZnJFM3BJQko2X1JqNmh3czktMUFoN2pPVUpBcUE0dFptajF6bjJvUHdRc2N2VXbSAXRBVV95cUxNNDhlem93X1BMRFdCZ3J5ZEg2Tk5rekpvbmQyekFDdjE4UkE0cXFuZGkxb1lzeUpIN2d0Mmp2NWpLaHIyYXpiMkoxQkFEZzhoTXFpYmQtbjVvb0tSWV9TZDgzek5aLWhPcmY3RG5IVFFLbzVDVg?oc=5
(전체·공통),기타,"다가오는 광복절, 국립공원에 남은 선열들의 흔적을 찾아서",1,1,핸드메이커,2026-08-14,2026-08-14,https://news.google.com/rss/articles/CBMiZ0FVX3lxTE5laDJZT3NjMFp3alduZTJteks4OXlwTllTZ19PSnAzOC1ISDFVTTBBcWFGLUo0OWNDWkxscUtDR054VmdaMkZlc29IZGpDLXA5blBJdW4zRGJpNFBrd05GZUFybkEyWUXSAWtBVV95cUxOdXI5NGJhTjZWQ1RfVU52eXBNSzhqa1N5UVpWM3lKaVZCVnQ1LWhvRXN4WlpBTE1JcDF2REVuX2c1VllCM0RDR2dBOGdwWXdDSGRIdGx0VGxYd1NwUmRyT1RPMEJ1MXAzdmIyMA?oc=5
(전체·공통),탐방시설,"국립공원공단, 멤버십 제도 도입… 탐방객 재방문율 높인다",1,1,환경과조경,2026-08-14,2026-08-14,https://news.google.com/rss/articles/CBMiggFBVV95cUxPT1AzaHMzcnJQcXl6THlMMG1QMDdnRkJtQXpuTWs1elE4R2o0Vm1TS3E3RUZjMTR5aXdFOTYwVUc4ZWg1bTNUM3dFd3ZPRHRpejNnYW4wNjQ5Nlg5bHlDdEl2bmE1VFM3TGZGR3AxLW1HeUYzTkdkWDBoTW50b2VTT1N3?oc=5
한려해상,기타,"태양광패널로 만든 변화, 한려해상국립공원 에너지자립마을 탄생",1,1,경남도민신문,2026-08-13,2026-08-13,https://news.google.com/rss/articles/CBMiaEFVX3lxTE4tUWlzYXVEYXllYWdOWl92eFktSVhVVThCSnFNYXNnLWJtcWRFWGZ3eDlRUDR1eXBFWGlidVIxeEdnS0dHSFFCVGZ1Ym1zNzhUT1d1SDhpSHc1dEk0c083VU1QUHFxa3kx?oc=5
한려해상,탐방시설,한려해상국립공원 마을 13가구에 태양광 패널 설치,1,1,geojetimes.co.kr,2026-08-13,2026-08-13,https://news.google.com/rss/articles/CBMicEFVX3lxTE9UdHJHQlJGVzJuSUV1NXczN3B5aWhsekRWeUhKQTZJYVcyaGt4MmlHRkVGODVsd0o5WFBCcDFjMXBIZlhsNC1YeV9WQW8wYXcwS0Jhd204cVRISi14VDZaMXJtT3lLU0duOGdQVXhJVWs?oc=5
한라산,기타,"제주 절물휴양림.한라산 약수터 먹는물 수질, 모두 '양호'",1,1,헤드라인제주,2026-08-13,2026-08-13,https://news.google.com/rss/articles/CBMic0FVX3lxTE9VUklHbWJYS1JuaGQxUWJlVFNZMmNTZVFyWmdhUGRNbjNpUWhGSG5vQl92Qk1lWDdWOVphRGhrdnB6YWdZYktTZDBJbjNDRmNleEFBUksyR1gxU0hYUUdKbDBKaVpBREZYaDhIYS1CYXhEcFk?oc=5
지리산,자원보전,"남원보호관찰소, 지리산국립공원서 자연치유 숲 체험",1,1,로이슈,2026-08-13,2026-08-13,https://news.google.com/rss/articles/CBMieEFVX3lxTE9lNmF1U0hVeWplYXFUZ3lmTFJTbVBicUJsVzFXcFowZUdZR0NZcXI2X3BCZjVNbFZnOE03X3RQbXlvQ2FwOXFVaE4xbVhmZHhvRjZ3ZlBibTVaQlUtR0FqMjhWeTlLNGNtbDQ3ek8xeHlpQXhEOG9GUg?oc=5
속리산,탐방시설,[보은소식]속리산국립공원 체험 프로그램 특허 등록 등,1,1,뉴시스,2026-08-13,2026-08-13,https://news.google.com/rss/articles/CBMiYEFVX3lxTE85NnByekpfbW1vdnZIcHZiZkw1REVlMmVnVTk2Sk9KWjBJZTJkVTVoNEpXclFhajVxdzhqMHVlakNVVENUMkotVXZBMHN5WDhEMlJSQUF5SHJWUkJiNGFTWNIBeEFVX3lxTFBSTHduQVRhWUR0ZDQxbUF6QnBrRERMUTh4TnlNT2ZLY245Q0g2cVdfMFhnbE1pbmp5UDYtbHpsU014aW5teU1oWnpMWmNWZW9CVGFIRVNIMFdIaDhpTHpJdDktMkwyT1pWNElnTm16aVFtSXpGV2llTg?oc=5
(전체·공통),기타,"거제·통영 국립공원마을, 태양광으로 에너지 자립",1,1,GIB 거제인터넷방송,2026-08-13,2026-08-13,https://news.google.com/rss/articles/CBMiZ0FVX3lxTE1hRVBTMGMxd2tIWms5ZUc3dzRNQlVmS1F2ZGdHUGtJeFNzb2FSS29IMDhWOEFrMk1NdnhHRkdaTWd6Nl9neHNockJHUGdfT3pDZjI5WS1rWjFqQXV5Z0t1ZWFvMmF0X2c?oc=5
팔공산,기타,"대구시, 팔공산·비슬산·대니산 '3층 이하' 고도지구 폐지한다",1,1,연합뉴스,2026-08-12,2026-08-12,https://news.google.com/rss/articles/CBMiW0FVX3lxTE1Yc3phVGplR2d2YXJKcWdCdUlKTUF3MHdTT1ZfNUJBSWx4NEZhZ1FHenpwYUJJdGRYRW5IdEVENzZZMG81Wjh3N21TTHVVeE5FbWxMMzRjOG0teEXSAWBBVV95cUxNTVIzT2VPVmdsakJ1N29VRlZfXzZyYk5RZVVzUFh6cW02Y0FmVUx3aG9nLWsyLXd6TXdaZEFxeDV6VndESUxsbUZRN3RtYXVUdGFyQ3puVVhidnN2N2kyUnQ?oc=5
계룡산,행정,"계룡산국립공원·배재대학교, ‘바이탈안전센터 운영 업무협약’ 체결",1,1,매일일보,2026-08-12,2026-08-12,https://news.google.com/rss/articles/CBMiZEFVX3lxTE1fYlZpNkY2RG1pWFliMUNabC1ONVdVUzdnNHpKWFJzWEk2Uy16LTU3aGlQVWQwZjZQSjRKM3dsSDd4QnhkemJ5YjhfNnJkVkMwZm4wMmh5MGRXTjJyRGpaeGc2dGY?oc=5
(전체·공통),행정,"국립공원공단, 여름 휴가철 질서 위반행위 집중 관리 나선다",1,1,서울Pn,2026-08-12,2026-08-12,https://news.google.com/rss/articles/CBMiiwFBVV95cUxPYVdzT0NKZGZmSlFSbTlzenpsM2RYMzRuSTRlcG03SV9ORVVpNlV6VHY1WHRnSF85UFhGYnhRX1FXWXBsQ01Gd29fUzBPWEJZUHZieVhteWdPV2x4TEc4NFJjXzRiY3ZKckpLay1tTFZhMFBoUlRDTzBrZVVFaGliNmdETVN6UXZoSkxz?oc=5
(전체·공통),자원보전,국립공원 곳곳 무인 카메라… 멸종위기 야생생물도 포착｜D:이슈 Alexandre Carrier (tpKVYahCXt),1,1,Mshale,2026-08-12,2026-08-12,https://news.google.com/rss/articles/CBMiW0FVX3lxTE84VnVOQU9SaUdFTjRLbFdrZzJRRllnV2pZUjFlanEzNERYNmVvOFYzMk1mbjNiWjYwZzlWTlF5NWJFR1EzMFMtWkhZZk5DZ2RZZE1DOG5tclJZcGM?oc=5
오대산,기타,"오대산국립공원사무소, 오대산 람사르습지 탐사대 성황리에 운영",1,1,원주신문,2026-08-11,2026-08-11,https://news.google.com/rss/articles/CBMiaEFVX3lxTFBHSHlIdDV0X3VVb2JlWnNaU3RjcDk1LWhiZ1hua1NQRkZ4V09vbmEwMVNXNC1ORDFmMmczODZqaExseGxmTU53MW5MVUd0UDZYTDN1MWUwZHIwZVhJQ29ZWl9RQzY4ZnRR?oc=5
월출산,기타,"우승희 영암군수, 기후에너지환경부 장관 만나 ‘군민발전소·월출산’ 지원 건의",1,1,글로벌경제신문,2026-08-10,2026-08-10,https://news.google.com/rss/articles/CBMibEFVX3lxTFBJc21GcDNza3Rab0ZmbkxadElScksyd2FYVGc1ZXg2THF1SFpyV2ozTkNmMjlScDBmUEtZcEY4NzlQampOUGdGTFVZbi1qMVhJQi1udXljZDVKbGtVN1l4cm56WHBIbl9yQ1MySNIBcEFVX3lxTE1aaG1yS1Nxc0hQaVp2cFRCd3ZwN0dQMm9rcnJWa3hJN21nQjRNY3MzMndJaDl1LWtiM3ZPekc3VXp5VUI2MHdkMzU5aUItZ05pT0ZWRERaVkF1RW5ZRWVyV3BmazdyUHB0Q1F2X1VqQVk?oc=5
월출산,기타,"영암군, 군민발전소·월출산 등 7건 정부 지원 요청",1,1,theleader.co.kr,2026-08-10,2026-08-10,https://news.google.com/rss/articles/CBMibEFVX3lxTE14WEtzc05jMnF6NTk3RmJoMi1PS3licVc5T3RyTGFtRW1FRmNhTklTc1BIbkkyS2Q0ekp6dDg1a3hHZGh3QlhDYjl2NUZSSlNmRnRIbTN4UHFrVkR3X3hLRzNXWWxTV01NMWZ4NQ?oc=5
오대산,기타,"미래세대, 오대산 람사르습지에서 생명의 가치를 만나다",1,1,강원신문,2026-08-10,2026-08-10,https://news.google.com/rss/articles/CBMiaEFVX3lxTFBDNVdlRUZ5YWwzTGdveU5QTlBQRFZxeEhNWUM4UTNpRHJrNVJkYWVWV2ROeDFCaThGV1l6Y2MtbnpRLTNZSGhyU1FaQVpjMGFWT1hLVjdYUkNvdjVtWDlXWTlhQXpGckJh?oc=5
소백산,자원보전,여우들아 소백산에서 행복하렴!,1,1,kids.donga.com,2026-08-10,2026-08-10,https://news.google.com/rss/articles/CBMiaEFVX3lxTFBlLTBKLWZHZHhVMVVjWjJQZTJLdWdyRzdETnNrdENuMXpzNEp4MUZDREUzLWZOYnNvTFhIdklDM0tyODNYOE9tMktpdENRTzc1TENNclRjb2o5VERvT0kwM0JncC16SDdJ?oc=5
(전체·공통),탐방시설,폐교 살려 국립공원 야영장으로…남해 덕신야영장 ‘성공 안착’,1,1,경남일보,2026-08-10,2026-08-10,https://news.google.com/rss/articles/CBMia0FVX3lxTFBULXhxaVZET3pSTlYxLWVLODdPNFdMVlF5elplWUk0am9ZN29vLXRUSGJfUFdScUhKb0tGYlBMd3BmT3h2cU9TX3hCMXhLVUN4aFZtbGd0OXM0YU1NVUI2RUR1c1Y4aVJLTnJz?oc=5
(전체·공통),자원보전,"국립공원공단-남동발전, 아동 생태체험·치유 기회 확대 '맞손'",1,1,뉴시스,2026-08-10,2026-08-10,https://news.google.com/rss/articles/CBMiYEFVX3lxTFBtNnplV2cyWVVSNXpVX2FXT3ZDQXkzdTR0U3ZzVlhMRjBlRk9vaEtrTVF0NEpLWENTYVRiWEtsRXM5ek9raHZucmxUNnV0MWVfeXVTLTFmQXJxWE00dGNFSNIBeEFVX3lxTFBsNTNxYlhieEw1Ulh5MW1yRUNjcEk4TVR2SkhoMTZ4a1d5V0RFejhJUEVTNjlKLTRyTmx4Rm82blhyTmtKd3lnalNRTkJMamZWWUF6bVBPYjV2cGJCY2tlSXFpM3JhcVNYbHpSTm4yRDR6a2FmREFzXw?oc=5
(전체·공통),재난안전,인도네시아 활화산 국립공원서 550헥타르 불태운 산불 진화,1,1,뉴스1,2026-08-10,2026-08-10,https://news.google.com/rss/articles/CBMiXkFVX3lxTE53el9PbDF4bFhkZEtKSWdkcXdrOWJPYUdyMnVjakFKQmM1UW5LcnNEd0JrbFJTMURpMUFwWGdnMzlOejhEUmp0VnFPYzFMUjIwZFVKQUJfUjdFMElfOFHSAWNBVV95cUxPRFFJdlZ5amZDRE1ueWhKMHplOENmOFA2NlR4Rlp6UURTNFBYNXhVTmdzZ3pNMVdXZWpZUWFVUDgwV19tbkFmNjhIbEVlSFhSZTd3TzNuVTFteW4xSnh2TDE3NVU?oc=5
(전체·공통),재난안전,"인도네시아, 산불 확산으로 국립공원 폐쇄 조치.",1,1,Vietnam.vn,2026-08-10,2026-08-10,https://news.google.com/rss/articles/CBMihwFBVV95cUxNNFdwdnQ3LXA5ZzlJSF9XSlVjT0g4UC1tdFdwTEh4cFhGUl9UaUF2SFkwVU5KTnp5SGw5dlVuMjZxTDF0dWY2c1VkcE9DLXhiWE5VRVNuQndDREQ5TkZqME9vTy01d2VZenNleTJ0ODVWbENwT2pBVTk0TE1BOFRtWThnVVhHSk0?oc=5
(전체·공통),재난안전,인도네시아는 브로모 국립공원의 산불을 진압하기 위해 노력하고 있습니다.,1,1,Vietnam.vn,2026-08-10,2026-08-10,https://news.google.com/rss/articles/CBMijgFBVV95cUxQX2pHZWFEWWpHSG5xdHFvTUxkRHEwSGwzTHo0Ql9HUjBfdVMwNGFZQUF4LXo0TkhKc0UzWFNTcHNxUndxcTRZTzRmeHVvaWVuQktmVGo2VzE0dDJVeGpkaFFEMldfUDB0bTlGenp0TGc3X0lEUnZXbFc3VmVKZUtEV2R3VXZlMnFEMnZySXB3?oc=5
한라산,행정,"세계의 보물 한라산, 국립공원 지정 50주년 맞아",1,1,환경과조경,2026-08-09,2026-08-09,https://news.google.com/rss/articles/CBMiaEFVX3lxTE1GRWkyUUN5aExUWllmMnBSN3dHbjlRc0wybndaVi1xbXlXcUdMN011RUg1eXRMSmdHLUd6YWxHMjc0Y2ZET08zSHpjdDR5TjAzUVVLQzI3c05sdkd5aEJOM3RlQVpqTkx6?oc=5
소백산,탐방시설,“캠핑하고 자연도 배우고”…소백산 야영장 호평,1,1,kyongbuk.co.kr,2026-08-08,2026-08-08,https://news.google.com/rss/articles/CBMib0FVX3lxTE82VkJOMzNMR19zemhjbTNuS3FEZmZtcXYtMUpmc3JPR2dRNzJBd1BWdnJlUVZlODNVeE11SnBncjdHd0NmLS13MGZ5b0MtS3VfUlllLWMxRGVZUjNlaDBRTzIwM2Z2SllBOVJDY1ctaw?oc=5
경주,기타,경북 고령·경주 고속도로서 사고 잇따라…빗길 단독사고도,1,1,뉴스1,2026-08-08,2026-08-08,https://news.google.com/rss/articles/CBMiX0FVX3lxTFBzVGlUbS1RanpOb0NJTDZQb2w4bU56aDFQZkppRFNNdm5XeG1nVExiMkJ4Vi1tN3JFUXpkSEdHRG1tRGpMcVg3N01jdkxpOXRmbVFGRnpzQ1IycDNyelRJ0gFkQVVfeXFMT1RCVGtIOWt6SWdJUzNZaHBfbzAwY1VjV2hFdVRoR0tWa3ZTaUlPU2NTTXc4TTlnM0dUZFJmUmQtOHZTZ0FWRDBsSElTRHZodGhQYVdKcDdxWFAwNzJuVV93ZFZSYg?oc=5
(전체·공통),재난안전,레이니어산 국립공원 산불... '선라이즈' 지역 전면 폐쇄,1,1,시애틀코리안데일리,2026-08-08,2026-08-08,https://news.google.com/rss/articles/CBMicEFVX3lxTE0yMjhnQ1NBUHBUTlk5ejdZaHpVd1R1ZGF5LUExQUZlTmU0dm5yb0EzTERaWGhvVUlMd3JiQmZfOVNMT2VMTHZoUHJfNDFIYkViZVVLWHlKS2twOWtvMklUOFF1NFVpblNEXzNzX1VlZ2PSAXNBVV95cUxOTXA5Mno1LTh5REQtMlBLWDNZbE9LbVdQM1c5bWwxZjFWSm5meDd1VGRvbEVCbHRLZWNJa1JNOU0zYndTRWFxRXpfanhTYlhfUFJMZ1V5VnhWeHBVZEM5M3FOTjB1MXFUREJiTmc3NUVfOUVZ?oc=5
지리산,자원보전,"산청군지역아동센터연합회, 지리산 생태체험 ‘숲속 여름나기’ 참가 > 뉴스",1,1,더코리아,2026-08-07,2026-08-07,https://news.google.com/rss/articles/CBMicEFVX3lxTE8ta2d4Q3p4VHVDbVI5TFpaUHRweENzT2lVaWRqcmZRWTJzNnFFaVRoREUwN3hPMEFLSDB4amFVSlpnbEdWWWsyZ2k1QWNXNW5INVlUaUM1Y2xGNFp3cDRIV0hCcjBJaDdvQzJDSzlwQzI?oc=5
소백산,재난안전,"주대영 국립공원공단 이사장, 소백산서 물놀이 안전실태 점검",1,1,뉴스1,2026-08-07,2026-08-07,https://news.google.com/rss/articles/CBMiVEFVX3lxTE1xSmpkRE12YVlPOG9iRVJFUllIM3VmNkhCczFXWEIyOUZTaVg1QWNaNGJCelFISGpsNWR1cmRncTk4dERwRXp4WTcwd0xHSnZhWXd5ZtIBWkFVX3lxTFBObDhhSTNNX2lleUxDTW1fM1pzSEhJLXZWSlIwREk5cGtyV3VNMWxEdlFyY1d3SmRrYllxbXN3NlI5czVJTWtUYnpCWFQ4U1hmTFU5cFZuNVd5UQ?oc=5
무등산,구조활동,"광주 동부소방, 무등산서 20대 온열질환자 구조",1,1,진일보,2026-08-07,2026-08-07,https://news.google.com/rss/articles/CBMib0FVX3lxTFB4OWZzUFZwTlZBMk9uUUFkLVVJRlhxX09YeFRnUGV6aGo3d2Y2d0ppR2Qyc3NLLXY1ckhMVFhYdC1JSWp6aGhxWVRTdzdHdDZuSl9DTVFib2JfWHpYQkRkaHdGYWx1OC1GM21TTFVXaw?oc=5
덕유산,자원보전,[김한기 작가 칼럼] 백두대간 덕유산자락 무룡산-삿갓봉 지나 원추리 군락지에 매료되다,1,1,캐어유 뉴스,2026-08-07,2026-08-07,https://news.google.com/rss/articles/CBMibkFVX3lxTFB6Q2ZmUGR5al8zVDlWNGVheENJTUFfcDhsbXFKYU56LXktb3JfeVpsVVhSNndnSWJPSTZjalgwck13YWZQTS1VclRLWDVKMzhuUjNxVnhMd1pFb19PYWh0ZzZtWE9wZ1RxbVV5b05R?oc=5
금정산,구조활동,금정산 점령한 기도터…헬기로 40톤 치웠는데 아직도,1,1,MBN 홈페이지,2026-08-07,2026-08-07,https://news.google.com/rss/articles/CBMiVEFVX3lxTE11aWotYlJJNzhwSENDby0zelpvRThpclBQM21hVXM0eWFsZHRyN2RHdG5LQkxqMnhzOURmWEsxdGh0RzhCNklLZGhEeE11YjlSWHV4R9IBTEFVX3lxTE42enBfUzZyVkExSFMwc3EyYkc3b3FtUjdybWFtc05JS1hwaDdIMU1Yc05peHlVZmlhOWNtdm9UM3BOa3h5YmFlTmlDVzc?oc=5
(전체·공통),기타,국산 위성으로 국립공원 산림 실시간 관리…기후위기 대응력 높인다,1,1,환경포커스,2026-08-07,2026-08-07,https://news.google.com/rss/articles/CBMiY0FVX3lxTE91NTJLLVl4UzliaDh3bC1GSmwzdU9DVUh3dm1DaGpRVjJ1WFllUVlQazRiN0pidzA1aVdFLUYxY2RDeXc1UFlaWEw3TU9CNXNLZWRBeWZEbmVrcUdNZHNKZmlydw?oc=5
한려해상,행정,"국립공원공단, 다도해·한려해상 섬 22곳 해양쓰레기 집중 수거",1,1,2news.co.kr,2026-08-06,2026-08-06,https://news.google.com/rss/articles/CBMiaEFVX3lxTE9NVzEtWUExNTFTbDcyVjZiajdZeFp3N3hnMGc5NThfLVZUODlvcnVtR2UtaDdmNFphbWdmWHE3WnBWZVBFYXpBWnc4anhYWjg0ZHNxTEJGRXIxc2MwOUtxOElhLTlnRjNm?oc=5
지리산,자원보전,"""산청 아이들, 지리산 생태체험 떠난다""",1,1,시사일보,2026-08-06,2026-08-06,https://news.google.com/rss/articles/CBMiTEFVX3lxTE9kY01zMXBMVjFheUdxMG5rNW9PclVEMUhBNnIwTUp3SVgwUFJOcDZPSmM2eHktWlpXXzBjUmFNQjN2OXVwZXRnUUhmcTQ?oc=5
소백산,자원보전,"“여우야~ 여우야~ 뭐하니”“소백산 간다”···‘8개월 자연적응’ 28마리, 다시 야생으로",1,1,경향신문,2026-08-06,2026-08-06,https://news.google.com/rss/articles/CBMiWkFVX3lxTFBGdWVXLU95TWE3dHg1TkkzMW0zQ01GZjhSR2xINmJ4NTlDUktMbGw4SGFVUzlQWkk3TENsSk1vSGFfUTZSRWkwZGZ2ZFp6NGZkdDJDajJJT1ZWZ9IBX0FVX3lxTE9iQzBoZ1Z1NENaa1M2cHNYYXFvRHBhc2JWWS1EMG9LbkxES2U4MTVZUVZ1XzJocW1HakFBRS1BUXpIUzZITjBpVkFERk1iaGxZcFVmRjFKeUg2ZUxSc2ZV?oc=5
금정산,행정,‘한국의 비경을 담다’ 금정산 국립공원 지정 기념 전시회,1,1,부산일보,2026-08-06,2026-08-06,https://news.google.com/rss/articles/CBMieEFVX3lxTFBVQ1M4V0JjdjdTTlJmam1EOWZpQXVPU3Y1eFlvbTJNUWotX0dqZ0VjWTB3TjRNQVAyRWN5ZlhtcW5veVFoODdhaGNkYklTNWJyRWNIRWdfYlNzQWRfbHdSUmdqVXJKREdXSm9RY1V2ZGtVOTlPZ0d4aw?oc=5
(전체·공통),기타,해상국립공원 환경 주민이 지킨다…주민자율수거사업 확대 - 머니투데이,1,1,머니투데이,2026-08-06,2026-08-06,https://news.google.com/rss/articles/CBMia0FVX3lxTE5PUHdOc2xuTmRwck41UmZVOUFWd1hTRk8xNXhMS0gzZ3BDTVJ6ak9mdXNVVmVQWXVPSmlZOTFuS2VfV0JuUm5naDdzYnJrN2pIa2dJb01mVXNkQmFmcl9fNFViSWkxSTBUMGZj0gFwQVVfeXFMTUdmMVBEbUVzNUdVSDU1Vy16WkRYakJ6bUJxVHZHM0lXVG04SUNFYlNzckhhbU9tdlRYcDFLX1pOZVpDR01fTUZkd1hjSHVsMTJOOWdJY2FMVktXYUlDRk5qU2VNcmZQWHBobmhvc01Wbg?oc=5
지리산,기타,"지리산국립공원, 성삼재 도로 불법 주‧정차 단속",1,1,화순매일신문,2026-08-05,2026-08-05,https://news.google.com/rss/articles/CBMiRkFVX3lxTE9nbGZZU1BmWmRTaktMTVNtQW1UWFhlZENQU2xuUHJLMzhGMGhVRjJmQ3VxbVg5MGZaeS1tb2tzeEt5N0c5S0E?oc=5
지리산,탐방시설,"지리산국립공원전남사무소, 대학생 서포터즈와 여름철 탐방객 안전관리 및 안전 예방활동 펼쳐!",1,1,대한투데이,2026-08-05,2026-08-05,https://news.google.com/rss/articles/CBMiakFVX3lxTE9SUE1DRWYwS2FfWjF1b0JmUGlXd1BjdEgwMjVINmU1aXFmeF83YUh0LW1LN3huTlNnUWlYVHF0bWlqdTdqNldHaVJ0cEhDUmNkZGlQMjZwSUNoWnhna0FVWng2RWtqeFFnYkE?oc=5
지리산,재난안전,전북소방 ‘폭염·피서철 수난사고 총력 대응’ 지리산 뱀사골 점검,1,1,safetoday.kr,2026-08-05,2026-08-05,https://news.google.com/rss/articles/CBMiakFVX3lxTE9QN3B6V2h3dmVvcDNQQjlueDdMZGc4TGVjWWFGVEY2MWdIek9qWEtFQU5aU0JkYzFPLThoOWxhVE53Y1dNcUNCVXkzMEJjVUZ4RVYyNjBQRzdDZzZtY1YzLTVaVmRqaXd3bmfSAW5BVV95cUxQR1RGY21iQjMyRDBfUk9mdXN5aTl4ZDByLVBoYUtwVDBrZ2hYZjc2TXlXb1owNHdHbTU0YjFYZlJqaWRvR00yb0EtdTdMOUxCOEs4eE1Fdkt0cEZqdVhYeDZNMUhBc2dHcldJZlVrQQ?oc=5
오대산,재난안전,[평창소식]오대산 찾는 청소년 지킨다…민관 합동 점검 등,1,1,뉴시스,2026-08-05,2026-08-05,https://news.google.com/rss/articles/CBMieEFVX3lxTE9NWURWZGFBbGpNUmU2N1Z0aVZkWkZEWGFnNlhzdV9tcFJNLUVKWmVzUWl4SFJ4cDE5elBHNHBJLWdkWm5YZDJFV0NKaVNxUlVpbTg5VXJjX1FpdnZDcWdTUkVoRnJvSTVuN3pqOTU2VXlhc01kN2x5ZdIBeEFVX3lxTE9NWURWZGFBbGpNUmU2N1Z0aVZkWkZEWGFnNlhzdV9tcFJNLUVKWmVzUWl4SFJ4cDE5elBHNHBJLWdkWm5YZDJFV0NKaVNxUlVpbTg5VXJjX1FpdnZDcWdTUkVoRnJvSTVuN3pqOTU2VXlhc01kN2x5ZQ?oc=5
계룡산,구조활동,"계룡산국립공원·공주소방서, 여름철 안전사고 대응 공조 강화",1,1,로컬투데이,2026-08-05,2026-08-05,https://news.google.com/rss/articles/CBMicEFVX3lxTE8wLVJNaWhWTVB6d0xWR2xTUGxpNlpNcUhKZ2tqVS0tbGw3MklOWDRkekppVFcyTGFwSFpjWHBMelFka1ZUcWZ1WlVzSW1ueFJGMUVhMWVQT0xGOVRIWEpaX2FvV3I3S1AxUTJSVmtOdVk?oc=5
계룡산,구조활동,"계룡산국립공원사무소, 공주소방서와 여름철 안전사고 예방을 위한 업무협의",1,1,모빅경제,2026-08-05,2026-08-05,https://news.google.com/rss/articles/CBMicEFVX3lxTE1sXzdHbzdwRnpHWXJ0c0dobkVHck5mM1M3b3g3cFVtWjNpSGZNdUR0YUdFcllpQTZSQXRFV3BjUXV1cFpFT3hfYlcyV1Z4T3dpd2FSX1Q4czd3akJEMkYxZF94a0dOYnJ0R0stQnY5R2I?oc=5
(전체·공통),행정,"국립공원관리공단, ‘국립공원공단’으로 명칭 변경",1,1,환경과조경,2026-08-04,2026-08-04,https://news.google.com/rss/articles/CBMizgFBVV95cUxNVDBhNUR1SFJDZE5ST0tuU3cySnZZekhWdGUxTmlWd3FlX0hGT3dGUWxtYTJwSC0ybnFJeDRYLWY1ZHNJbmk3c3NXWG1aOTBvV0Q0THByS1ozanRWMDRMSENTVFNqSjVocjlnc3E5eDNvcHA2U0tFaDhLSmlrM1RHUmdVTTFWUDVDOEV5V0RZQzVYclNzbEJ4ckRINjN0bDBVRzBka2Jhc2RscmZRcnlYckQySnVwc2xMN0phb0ZkaFV4MHQydXAwTWM3WV9OQQ?oc=5
태백산,자원보전,태백산국립공원서 희귀식물 ‘흰솔나리’ 개화…자연의 귀한 생명 확인,1,1,서울경제TV,2026-08-03,2026-08-03,https://news.google.com/rss/articles/CBMiZEFVX3lxTE1Cck83S01tbmp3TTg1OGotamU1a0poNFVxNG1QY0U3SzBuZ2E4WjFUYkJLb2RfeUhVc0RiYkE1dFRqcVN4Q0Nkd240bmVISGJUTXB6eVpWNTAzbFJxX1h3ZTFwMm0?oc=5
지리산,탐방시설,"지리산 달궁2야영장, 별빛 이어 국악으로 여름밤 물들인다",1,1,v.daum.net,2026-08-03,2026-08-03,https://news.google.com/rss/articles/CBMiRkFVX3lxTE8yQng2VjN5eTBjbkRTZFZtMmVBUFh5X0hhS0hKZzFzazFLMVRnYUxvMTVxcjZicU81ZXJuTW15ejZYMGZDa2c?oc=5
월악산,탐방시설,'안전한 계곡이 국민 품으로' 월악산국립공원 덕주야영장에서 확인,1,1,대한민국 정책브리핑,2026-08-03,2026-08-03,https://news.google.com/rss/articles/CBMihwFBVV95cUxQZ2UwcEFwWkw1bnhFdGlSUGEwb0sxcjdIaWJweUxjbGRkeG1ZbWpxWXB0d1A1OU5PUktEQkZleWRRSk9HaHJCY1FhTzRrd0xyN05wZFYzeE9ZLUlkSG1FSTU2Qk5SNXN0bWRkQS1sMVZMMUtHSnZZSjk5b2ZBWGttWmV0YmsxZzA?oc=5
경주,탐방시설,경주 열암곡 마애불상 탐방로 새단장…보행 안전·접근성 높였다,1,1,kyongbuk.co.kr,2026-08-03,2026-08-03,https://news.google.com/rss/articles/CBMib0FVX3lxTE1INWxhTWwtYTNIdXVmbEFpODY3eTRvSjBsVjkyamdpbmZSM1dfSkVWSXVKdG1WcWZDRmktUEY3N1pESWt3VDgwSFE3M2lxSXV3bFVUcURSYWNTTDQ2SVotejF2bF83Sy1JTl9ETnNrZw?oc=5
(전체·공통),행정,국립공원 해제하고 3년…남해군 늑장 행정에 주민들 '분통’,1,1,뉴시스,2026-08-03,2026-08-03,https://news.google.com/rss/articles/CBMiYEFVX3lxTE9nNFFwNFZmTjJCbzRZQVB4X3dwdDg3bVVlWG5mY2NTUXZWZC1GLWVLZGlBY3QzbDlaRDV0TVBMZExWUXUzejVBMEVRSHhZdmFNLUxZLTRLd0lCSTNaeUIwetIBeEFVX3lxTE9SeGtxRWNJdWh3ZjZ6TVBZbWJQT3hyajZfZE9kaXNTVlBrRU53S3pwV0xFM3g5dFBHSlFWXzlGV3FmOVRoWllUMlVzUzlYU3QwTndhMnhhMUFkM1ZnZXFzT3RZNjV2Q1FOTUllZlhqTGg2Vkswc2pxTQ?oc=5
(전체·공통),행정,"국립공원공단, 최초로 민간기업에 미활용 특허 기술 이전",1,1,서울신문,2026-08-03,2026-08-03,https://news.google.com/rss/articles/CBMifkFVX3lxTE5ZQWRRZUdsWC1naV9Wem0zUW95dzd1b2xSTjVLZ3VBdEFtOWpfZVVkRTR4WXRzb0J4VWdCakdHR0diM0pjeHRYeXU2ZW5oMFJEOVRvVFBZejUwaG51SDN2a1JSYVU3NmFzTm9lLU9BT090ZVFFVEZtOWlhZ1NxUQ?oc=5
팔공산,기타,'팔공산 모노레일' 추진…국립공원 첫 사례 도전,1,1,tbc.co.kr,2026-08-02,2026-08-02,https://news.google.com/rss/articles/CBMiU0FVX3lxTE9MMnFpMHJ6WTdkbGxTSjhHSk4tY0VVZVZ3T2c1RU5jT3FEc283SWdaUEpkdEh1OWp1XzBnQ2pXWHRsVHRpWU5HeDY4QkxXeUd4dk9Z?oc=5
변산반도,행정,"변산반도국립공원사무소·부안군정신건강복지센터, 업무협약",1,1,ecojournal.co.kr,2026-08-02,2026-08-02,https://news.google.com/rss/articles/CBMieEFVX3lxTFBRU3NrY2V0dmNybVlTdFFEYUk5blRlZGRLT2RCNTdNVGE5dzRtNXZDbm9RQkllMFhSRldyTzBnTnMzTWZkWTUyNHh1X1E0MFRna05KYXBtTC1xc1M1VlpQSzFoS2xHMm1SemtJRDNabTFUd250WG9uYg?oc=5
계룡산,재난안전,"계룡산국립공원사무소, 여름철 물놀이 안전관리 실태 점검 및 현장 합동 순회",1,1,충남일보,2026-08-02,2026-08-02,https://news.google.com/rss/articles/CBMic0FVX3lxTE02WDlpNXU4VWZKUlBWOEhBQnFCRWM4dms1QWxPekFVZ0EwQ0hFU2xCVDZzcmhody1CYUZuaVFVenAyMVE1MS0ycERiS1NZRWtUeXlYWjBZVEJsN2dWcmswNEk0MGRHbF9GZmpFN1c5bVhuWjQ?oc=5
계룡산,기타,"""입장료 무료라 더 좋다""… 계룡산 7대 계곡 으뜸 숲길 따라 걷는 8월 피서 코스의 '정체'",1,1,여행톡톡,2026-08-02,2026-08-02,https://news.google.com/rss/articles/CBMibEFVX3lxTFBWWFRJY3JyVEFlWW1oYmZrZ3ZnbGJQazh3U29rRDEtQkhvNU1jbDIzRVVEdERCQXMzUVN5OFYxc0tKemZCd0RpR0lkVGJsTjRSNWlhRkJEcWEtWUNPYkhLZlpXbjFuRmVDUC0xYtIBcEFVX3lxTE82YjNiMTB5RFhrUkhybVBsZ0toMXR4SF9JN0JWN1JvUElNU0x3cVRrRHRJRkxudkh4OVp2dy1CeUNhQU1XQVhlNngzQ0dfcWtMa2FGa2xJbVRpeWlSWmh1TktvQnNXQVEzNXgzYXNQbDA?oc=5
한라산,기타,'한라산의 어제와 오늘' 특별전,1,1,제주매일,2026-07-30,2026-07-30,https://news.google.com/rss/articles/CBMia0FVX3lxTFBjSVJHQTdCWFVMWmlfLWVXcGdSVnZqOXEtMmhteGlhRk1NUXJIYUE3U05HZVpZUUlTblAwMGI2dERULWRMMmhvM2dxclNKekpocDM2YXVEQ1VBYmd4QlMwLVFsQldJREFxMmRn?oc=5
치악산,재난안전,"[포토뉴스]국립공원공단 북부지역본부, 29일 치악산국립공원 합동점검 및 안전문화 캠페인 실시",1,1,강원일보,2026-07-30,2026-07-30,https://news.google.com/rss/articles/CBMiWEFVX3lxTE9CUUI2V2dzNHpHSDhabDdDaHVIaVJzUkd1T2Z2c0lmdUNUX3ZtQ2VKVUFrd0FnVHhRa1pkRzVkbl9nS3NQT3EwcWcyVG1MTGU2QWFURWRUMUY?oc=5
다도해해상,탐방시설,발달장애인 자연 치유 나선 다도해해상국립공원…해양·산림 프로그램 운영,1,1,매일일보,2026-07-30,2026-07-30,https://news.google.com/rss/articles/CBMiZEFVX3lxTE5nd2VRbC1fNTBYM3RNT2dLek5yRTliVGVSQVVJYXJ2Vk5mZXFYT3BHTk5RaFZPOFI3U2dWcUgwaE9nV1N3Y2pXeEVvWTZzVW94Rnp2dE04Q0lzc2oxZktpaURwclg?oc=5
한라산,구조활동,한라산 정상서 50대 가슴 통증…119대원들 9㎞ 등반해 구조,1,1,뉴스1,2026-07-29,2026-07-29,https://news.google.com/rss/articles/CBMiUEFVX3lxTE04aTMwdUVJRGRYVjktdlY3OFdEWG91LS1jQVF5ek5MX3RLeEM5MHVCOEVRVXFnWmcyb0o4YTllYm5uU3cwdk5PZkVobWZfd2pB0gFWQVVfeXFMT3JFQXg2cmpaVUZZRkRka3FHYlNFekhDVy03Ynd5eFZURVIyc3EtdkdDNFJCRWNGdlJ5cjcyRWNsTW8wS3hxVFVOcmJGQUtxUnhxWVFZVEE?oc=5
태백산,자원보전,태백산국립공원 외래식물 제거 10년… 화훼장식으로 새 가치 창출,1,1,서울경제TV,2026-07-29,2026-07-29,https://news.google.com/rss/articles/CBMiZEFVX3lxTE5pZGExa0lkMVQ5OGhuWHB5b0paOTFpbVhnSFFCOGw2N2FzQThxOEhsb3JDeHdzLUQxMFI2S21zOVpDcXRSaWpVa09ZVGhzSTB5aUZOREp2S0JtRFllaWJvSVIwT0I?oc=5
태백산,자원보전,"태백산국립공원, 시민 손길 모아 외래식물 퇴치",1,1,뉴시스,2026-07-29,2026-07-29,https://news.google.com/rss/articles/CBMiYEFVX3lxTE9aZWo0aDFGU1RTcm03NEVUNWhtazVHSWdoajFSOWNDa3Y3VUJ4clV0WUtWUE1GWE9sVm9FOXdtbG9sZWREQ1NmbktWdU5ZVGRBVVBlLWU1VmFMV3JRSzZRQdIBeEFVX3lxTFBLZTRYTVNlSTdKYzdWTTVaOG85Zk4tT2NfSm9QekpTNmdjR0lmU3M3dEtRLXI3LVFEVnFqMHlRd2VoS0FaTDBRSlVVU0hncTlyS3V2bnF4dHJuaDNMbVVIQUVZTWN1dzJEcTBlSmx6LXpsR2RuRWhhaQ?oc=5
소백산,기타,소백산국립공원·단양구경시장 맞손…지역 특산물 판로 확대 나서,1,1,충청타임즈,2026-07-29,2026-07-29,https://news.google.com/rss/articles/CBMiaEFVX3lxTFA0SVdZc00wd01SVFRDY2tENGFvdngwbmFBZ2FkWnJTMTVmU0VYLUNidHZfWnBBX1hWVjcxdnZaNVVaXzA4RUI3Rm9WSnhKeHhmNmNudFFiUmRGREQ2UXNfalgwRzVwOEg5?oc=5
변산반도,탐방시설,"변산반도국립공원, 탐방문화 개선 프로그램 마련",1,1,세계뉴스통신,2026-07-29,2026-07-29,https://news.google.com/rss/articles/CBMibkFVX3lxTE9tOTdxNnpqbzlEcG9iX2JXZDkxVy10MXdsRktTQWZpTFZ0RjBrbnRsVFJsaGJSWll1enRJQXh4VXkzREZkXzlHemduMGpMeUk5UlFRTmE2NzMtaTloWFZaa2ZtSC1vMGZ3dUFIT0h3?oc=5
다도해해상,탐방시설,다도해해상국립공원서 전문기관 연계 치유프로그램 운영,1,1,ecojournal.co.kr,2026-07-29,2026-07-29,https://news.google.com/rss/articles/CBMid0FVX3lxTE5CQ3NpQ042d1dkT0dYRzUyaW1kUkx1S1NsdFpPdDVsZDdvUEw4VnJTWUZya0VSRXJLaFNJVWhqNDV4YkF3cnRSbDQtem1EZlBjTjBDaVljUjFZQjZJT3NkNGJQMGhpTlFneW84ZVlsUTdqWWViUFUw?oc=5
내장산,기타,[포토]내장산국립공원서 발견된 야생 버섯,1,1,뉴스1,2026-07-29,2026-07-29,https://news.google.com/rss/articles/CBMiVEFVX3lxTFBIcW5pbmVEcWtRbFh2NUdDdUpHT0gtNF9TdWtUeGdLUFZENmFaQmxZNUppcy1GQnoxNUMzRlBPSWVWamtReUJ2MnR3SlUwSjVsUjZLSQ?oc=5
내장산,자원보전,내장산 야생버섯 다채…‘건강한 생태계’ 증명,1,1,ecojournal.co.kr,2026-07-29,2026-07-29,https://news.google.com/rss/articles/CBMid0FVX3lxTFBkVkJRR3hVZ1BRUTI5MEdTekc1LWxCeGpDRXB4SGs2ZTBYcS1xZVJZbHc1bWVNZENicktMdjJLWFllMkdRMmVZV0N4Yzl6QVNjOG1keHpFREJsb1d1djJEWTFkQXFCUHpsNHNHZHdSYnp0d2hIakNn?oc=5
가야산,자원보전,"성주군시각장애인등생활지원센터, 가야산국립공원에서 오감맞춤 생태체험 실시",1,1,칠성고라이프,2026-07-29,2026-07-29,https://news.google.com/rss/articles/CBMibkFVX3lxTE92YmJjRTdCVDFkLXRoWXdqRGNDekVMY3F4SzM5c3VRMENIby1BT3ptclJ0T1EtWHZMRnRKMkg3Vjh6OWRxSHkxcW1VQk01cWEyRUJXNlAwblNFall0bnZiemdic1NzdkdXdHFFMHpB?oc=5
태백산,기타,[여행honey] 서늘한 고원을 찾아서 ① 태백산국립공원과 숨은 여행지,1,1,v.daum.net,2026-07-28,2026-07-28,https://news.google.com/rss/articles/CBMiS0FVX3lxTE9WYnFSdWtuelFieTZVXzBlbEFmemVBVmRadHlWRmZFMERqRWM0SWptVzFkRjBkRFJDNlp4N09uZm1RQkNfVXZmMkRBVQ?oc=5
태백산,재난안전,폭염 잊은 태백산…천상의 화원 활짝,1,1,천지일보,2026-07-28,2026-07-28,https://news.google.com/rss/articles/CBMiakFVX3lxTE82T3doU01CZWV2LUpVdlN6UWI1bTlISkNLdXNyck1JVFlqS3NBRHVhWmpjd2lmZ1BsdTNjSFFMTFFhc1RiZTJrTFFHdmt6UlVKNGg4LWhyLVlueHRzaWN6OC1lWmw4S0JFb2c?oc=5
가야산,기타,"가야산국립공원, ‘어서와, 가야산은 처음이지?’ 운영",1,1,성주신문,2026-07-28,2026-07-28,https://news.google.com/rss/articles/CBMiV0FVX3lxTE90ckhTUUtwYk9xcTBhTGMycDNudV9OZ2RER2liMU1kbU5FaHBpWlhnR3NETEFRbkZxQk1aZjZkWHBzQWlKZDlxZ2tURm0zdU5aekxLZ2ZBaw?oc=5
팔공산,자원보전,팔공산국립공원에 멸종위기야생생물Ⅱ급 ‘대흥란’ 활짝 피었다,1,1,한국공공정책신문,2026-07-27,2026-07-27,https://news.google.com/rss/articles/CBMiQ0FVX3lxTFB4Y0NUZjEyamhBZUhUdXNCTTlFVUtyZ3YxU3NVZUpzZW9HZ2pKZFRtbEhBcHIwUTZfV1B5cXFWc2NsTU0?oc=5
지리산,자원보전,지리산서 멸종위기종 또 발견…1급 무산쇠족제비·2급 대흥란 서식 확인,1,1,한국경제,2026-07-27,2026-07-27,https://news.google.com/rss/articles/CBMiWkFVX3lxTE9paXNuOTNaQkplTmRfc2Z5ZWp1RWtwNUVXWGZPZGNaQUV6MnUwV1F3UXIwU2libjNQaGYzbWlTUkdiTjYyak1vNFZ6R3JyblF4YkJyZWlCdUMwUQ?oc=5
변산반도,탐방시설,"동아ST, ‘제21회 청소년 환경사랑 생명사랑 교실’ 개최...변산반도국립공원 일대서 체험형 환경교육",1,1,세정일보,2026-07-27,2026-07-27,https://news.google.com/rss/articles/CBMibEFVX3lxTE1nRnFQX0RnYlZUbzlfbVo4UHpQdlU1NW9jSVdIaHBFcExYSmRIYzQ2OGR5dWlpOXpZeElkQnV3UWtNSFRTZzcwVGlMVm9kdmVxZUFXaktnWTFJSFlWc2tjNWFSMzRtMXN3b1ZBWQ?oc=5
다도해해상,자원보전,진도 다도해해상 절벽에 멸종위기 '지네발란' 개화,1,1,연합뉴스,2026-07-27,2026-07-27,https://news.google.com/rss/articles/CBMiW0FVX3lxTFA3bkNHNjR5UGFtUkFyazdkcnBXU3V2NEhVcVBzN2NfLWRIUEJOcDhXNURmSUJvZGVUYUh6YXMwRVVoa2hQWTVyS18zUFJoNDNvRHp5NjZYTnQ4cDDSAWBBVV95cUxOekxTS2VFcUQ1SE9RNW1TUnFnajJHQllidXpqcnd6WDNKOTVRbm1udk1ZMzlabkRPUl91Mm1FeF96b0pWcGVqZDZTQUNReld3X01tYnlQLVR1NUUxYUluVk8?oc=5
다도해해상,자원보전,"다도해해상국립공원, 멸종위기야생생물 '대흥란' 서식 추가 확인 - 머니투데이",1,1,머니투데이,2026-07-27,2026-07-27,https://news.google.com/rss/articles/CBMiakFVX3lxTE1BS2QyVllxSW1JVDhIeWxHMEJ1eXVSTjBENE1ON3FuTkdLM2lhbHRsTXZjWXpSZEdpVGtkcGFiX0dTaF9zMnBzWlk1TjFZMXJ2dzl5TTJLRVFIemNoRHRkWnQ0NkRUOEFSQnfSAW9BVV95cUxNWFJfQVNpSkJGODJjU3FrYmZlTi0wS284VjdRX0J5V19aYm45aU1nejRPWU9xc3hScUw5aHJTc2RGUm5YMG1JRGhoZzlyWGxvWmZQR25ZQWVPeVR4dkdyT1IwLWs0LUlSSHZrRUFFYjg?oc=5
내장산,기타,내장산 자연사랑길 일방통행제 확대 시행,1,1,전민일보,2026-07-27,2026-07-27,https://news.google.com/rss/articles/CBMibEFVX3lxTE1lOWY0UjhkQUtEWVFjbUdjSGVsVTFReXRqWU5rS1hCcTk4S1ZyV3R4clRqRkNLZk1NcDJyVXEzd2YwTXVvOTR3TkU3aGxGc0JpbWlWOEVRNFc1ZWZLQ3RNdzF1S0tiLURCelBQWQ?oc=5
지리산,재난안전,"지리산국립공원, 산불예방 공동 대응 강화",1,1,v.daum.net,2026-07-26,2026-07-26,https://news.google.com/rss/articles/CBMiVEFVX3lxTFBURGRwNDIyMEt0eE5SZjd5Zm5iLW5NVW1GMFI0QkRYSXJyUEJmazZZY1lwYmk2c3RfWTB1TVdOb25jRkFVLUFIQVJRclR6VEdGdFV0ZQ?oc=5
팔공산,자원보전,팔공산에 핀 희귀 난초 대흥란…생태계 보전 노력 결실,1,1,gukjenews.com,2026-07-25,2026-07-25,https://news.google.com/rss/articles/CBMibkFVX3lxTE9ubERvR0JzWm1BVThWSGxIWVRFdWU3LWg3cW5Wby1Qd25SSmFKZFgtZ1RwcTlrTGNCdlhCY1o0ZFRGMGlfdWVtX0JsY05vb3dEX1o4ZnFWQUhSclZLNG84NFBtdG4yM2Zjb0oyamV3?oc=5
(전체·공통),기타,“국립공원이라고 여름철 손발 담그는 것까지 단속 말도 안돼” 지적,1,1,정읍신문,2026-07-25,2026-07-25,https://news.google.com/rss/articles/CBMiZkFVX3lxTE9YYVU5ZEYyUXgzQjF3OGZJaTYxSTF0Nlk3OEJXenlQYzRCcF95TENlTU4xVS13RktGejdfdS1CZ0pkeXdVVkRXQl9HNDZMRG10UG8tLTZlWjk4T09ERU1Pb0EwU1J3d9IBakFVX3lxTFAwZUxlMWxaT0J3T1ppbGlYYVVpRVlNUHRqNk5hTmNnOWhKM2lIM0dJZVN2OTMwZEo1T2tWcVRITTVJQnVtOTFZLWcyUjVKamx4cXowV1ZxdFdhcHp1MVp5ZEdLamxfckR6cWc?oc=5
(전체·공통),기타,“계곡 걷고 별 보며 쉬자”…국립공원에서 즐기는 피서,1,1,동아일보,2026-07-25,2026-07-25,https://news.google.com/rss/articles/CBMidkFVX3lxTE1ycWNGbDhFc2NwYXBHTW1iRW41cmRsbkhVbEdTVUw3NlZzaXVGYl9vM3A1RENscDJFSWNCMUNIZjZyNHRUX25kTXBBSG84aFVaZUxLdWJIQjVUN2hpbWZfWlVaX05hYm1zTncyZk5nY0JQU3BKQVHSAWZBVV95cUxPM0wydk1POEg4b2RUdWtqU0tEWDdVTDE0c2o2VlpKbHQyZUkxTHQyc3MxbGVObFA0MzVYZkFEZDNZWG9EZ3BIa2hYNXZTZjhEalMydW9heVpqVF9GZ19xQTM0LTBRR2c?oc=5
설악산,기타,"""설악산 꺾고 등산객이 선택한 1위 여기였네""... '100대 명산' 속 8,700만 년 화산이 빚은 돌기둥",1,1,ardentnews.co.kr,2026-07-24,2026-07-24,https://news.google.com/rss/articles/CBMib0FVX3lxTE9tTWs1dnlmcXNxYm4xLThOQm0tSGpFd0Y0djE0Z3NUR2xwM1Z5MGh5dUxaYjRldkE0cl9SemJjZXJwMVQ3LVg1QzVYZEpLWGNvOXhSQmwzWWhzV3pCTk5aVjNocmtWaUJLQ0s0V1owNNIBc0FVX3lxTFBxZkF1UDBKU055X080cERXWHQwSzJGc1dxVWtmSE1lVU56RUs3cGpZRG4tYlJzWXlBMm9TdGt4bFRnSWQ0M25zSzFDbTU4MjVUZzJqTzQ4NzAzRzdhTXBSYm5FOWdldnRnUVZnMEFPLThVelE?oc=5
한라산,기타,백록담 물맛 보려다 '쇠고랑' 찰 수도.. 칼 빼든 한라산국립공원,1,1,v.daum.net,2026-07-23,2026-07-23,https://news.google.com/rss/articles/CBMiT0FVX3lxTE5PVllsZkhmY0RyS0xNYXhDUVdRa1Rta3lZaE13emlNYmZZRzlEWU5OVmxib0tQNGdFb3NVLWtSSktNdGFhRlFybWxjbkhKV1E?oc=5
한라산,자원보전,다음달까지 한라산국립공원 무단 출입 특별단속,1,1,한라일보,2026-07-23,2026-07-23,https://news.google.com/rss/articles/CBMiaEFVX3lxTE1CRmNVbzdROUZ4MlBWOVdHRmg4Y0ZNRm01aXlIZGtfX1RyY2lFMTdhVFpOMjNRb3gtQlpzYzltcFpHb19PNk5ENGROV1k3MzFWdEFfQTdpaXJVUFZUYTcyTnVfanZuS0Nt?oc=5
한라산,자원보전,백록담 들어가 물 떠먹고 SNS에 자랑...한라산 불법행위 특별 단속,1,1,조선일보,2026-07-23,2026-07-23,https://news.google.com/rss/articles/CBMihgFBVV95cUxPVWpaa0hycWVwbUdxNlZIS0toUlBkWThzb05qQ29NSmFrV1VLRklOS19Qa1hZNGh6WVpNb01zc2JsczFocG5OLW1pbFY3Yl96OXV1eS1wSDNDOUFFNEpIQ3dPSEIxTDVITEh2SFZva1VTTjlFWE9GeTMtV0t3WEN4N2VkSW0ydw?oc=5
한라산,자원보전,"한라산국립공원 불법행위, 꼼짝마 ... 특별단속, 강력 처벌 예고",1,1,미디어제주,2026-07-23,2026-07-23,https://news.google.com/rss/articles/CBMibEFVX3lxTE9SQmh0N1p2XzU0UFVGWnFGVVhsQkpHMURieHhUb3Z6bjItaVROTHE0MHhmT2E4aGlXR25tN0o3OWRZRTBZNnBlWjFndGVoMGVqbFVqZ280clZNVUp1Mi1aZ01mTGFMRXVkZDkzZNIBcEFVX3lxTE8yX0RzRGtsSWNydUo0c25QU2ttNTV2X2JXN3JnTllnYjRVOUZCWUxxVk83Z3ppZ1NrMVh5QW9mbjZzcXJOTWhGdXNpejBTZTRnaU5SSVZFeGJDdm05M1BIaXVGNS1WNlN4Z3FLYWlyRHU?oc=5
한라산,자원보전,한라산 무단출입·불법야영 특별단속…백록담·주차장 집중 순찰,1,1,BBS불교방송,2026-07-23,2026-07-23,https://news.google.com/rss/articles/CBMia0FVX3lxTE5DU1lzY0JvQXNTN1dER19zS1VEd19HRHZWeW9SLWtqNTBDaV8yejFadzhONWpvaEZoUGNoMGktWUFZVm9EWGF4eHVGSUVmNGlERzRobEVSaWtwUDNzVHN3ejJudUkzVUtNb1dV?oc=5
주왕산,탐방시설,"주왕산국립공원, 예약 없이 이용 가능한 `숲 속 피크닉 존` 운영",1,1,매일신문,2026-07-23,2026-07-23,https://news.google.com/rss/articles/CBMiYkFVX3lxTE5kcFZUMmJJM2Izd01JX0tEc0VYZkZwRjJUUGt5MXcwS1gwSzk5ejZGSjdRT2ZWVTUwOC11UU1FaVRxVXRvb20zY2VFb2M4NjhNM3daU05hQnpnVGpwS3I2TF9n?oc=5
소백산,자원보전,[포토뉴스]소백산 능선 수놓은 여름 야생화…날개하늘나리 개화 절정,1,1,매일신문,2026-07-23,2026-07-23,https://news.google.com/rss/articles/CBMiYkFVX3lxTFBsOW9vZDRPN3lKUUtBLTVMVUxIOXpwSlJlc2hFeDRHRHV5QW1LWW1nLVZ6WU90MjF2THI2amYtLUltQkxvMU8yNjlldllsSDVqZmdiTGVRSUhDanhSa1ZhdXdR?oc=5
소백산,자원보전,"소백산국립공원, 여름 계곡 불법행위 집중 단속 돌입",1,1,kyongbuk.co.kr,2026-07-22,2026-07-22,https://news.google.com/rss/articles/CBMib0FVX3lxTFBmUU5ZT3lsRlN4SENjcjB6dWlLQnMxQndreFA1NkNUMHRKVFNfanlnZTBKVUFIRnFVTWhyRW5sRnJNcHlMWUdlVlFKSDhpa25uWG5lWlY1cUR3Y3dUMWRhUDBfQ3d4dWxBOXJXMGplbw?oc=5
금정산,기타,"숨쉬는 동천과 환경수호운동연합회 부산환경시민연대, 금정산국립공원사무소 방문",1,1,국제신문,2026-07-22,2026-07-22,https://news.google.com/rss/articles/CBMijgFBVV95cUxPTnBNOTBtcmVrbjJTY0Z0cXFndW1LS1ZLRVJKLUdFMXo0aW9HRDdwcVZMTW1MSEFTQmhvOVhhUVJNMWl3WEp2Z3dacVRhck5SeDhZTzN3eWhzcnJHNXRDZEpsUVRWNU4zdXVSNVo5ZDJBQ3owZDNhSERsb04yb2lSdEd3elY1MDFkbGZMYUlR?oc=5
가야산,행정,"가야산국립공원사무소와 해인사, 대장경·반달이 캐릭터 상품 출시",1,1,뉴시스,2026-07-22,2026-07-22,https://news.google.com/rss/articles/CBMieEFVX3lxTE1IVDB2WDhRbmI3YVRaOWVfTWc4c042OFNacGxjUzI3Zk1na2gwMmJFSEJTT0RVMUFYa1hDR1JMa1JpRWhsMkZwV0VmS29kRU1KSndOeHJSaVVsWUdDWTI0dVkyN0lLRDdrVHpubnVVeVBiZ1lXZzZxWtIBeEFVX3lxTE1IVDB2WDhRbmI3YVRaOWVfTWc4c042OFNacGxjUzI3Zk1na2gwMmJFSEJTT0RVMUFYa1hDR1JMa1JpRWhsMkZwV0VmS29kRU1KSndOeHJSaVVsWUdDWTI0dVkyN0lLRDdrVHpubnVVeVBiZ1lXZzZxWg?oc=5
(전체·공통),행정,"국립공원공단, 화암동굴·만장굴 등 여름철 맞춤형 지질공원 추천",1,1,해양레저신문,2026-07-22,2026-07-22,https://news.google.com/rss/articles/CBMiV0FVX3lxTE9fRmgyNnNvZzhkOWZsZGxhNkQ1N25adWNDSjVtZE5xeU5waHpaaXlmR1Z2VkItQ0lJZXZCbGZFX1pIbFpsTHYtVWFVZlNZYVVPdC1JUUo2VQ?oc=5
한려해상,기타,"""2km 반달 백사장이 전부 은빛 모래라고요?""… 입장료·주차비 모두 무료 한려해상 여름 해변",1,1,ardentnews.co.kr,2026-07-21,2026-07-21,https://news.google.com/rss/articles/CBMib0FVX3lxTE9lQ2h3MEluazQ1N0F3R2V4NTg2MjBVX2d3Q2Z0cGU0MlZ2Wnd5QlpKaDhHakJYMGl3aEdfVmotVWlYM0V5RXBXTkhrSWluaVhyVkRJVkRrbTVCZnRKaTJzMkJ1SVhNdUFtT2dPOVMzUdIBc0FVX3lxTE9IMVUwQThsY3Q4WmMwOEozMkpUNmRBZzdUMjBfb1hid1JzczZZZDJBN0JGSFhmVG1UVlU5c1R4amd2ZDBDYnJ4eEJOWmhORmJZMjZGallpa3k5UUFuUXNvTzNmelJvdW9xX2tmbFItMUxub0E?oc=5
팔공산,탐방시설,팔공산 국립공원 내 모노레일 설치 첫 '주민설명회' 열려,1,1,tbc.co.kr,2026-07-21,2026-07-21,https://news.google.com/rss/articles/CBMihgFBVV95cUxQWXp6SXBqSnNRRFJlYTcxSnFzVEluZEdtYmZON1FkQmFCZGVfWnlsZFdqcVRrYUROZnM2ZEV6aTZ4LVcxaEpRb1ZfUWVCZ1UyNHNoZ2pDMHRLNW5LbHNDZ1FCT1FzeEJVN1pKMW1Jbzlud1NGMnBrVnh0VlRRdE5yMC1kV0JGdw?oc=5
지리산,자원보전,지리산 구상나무 보호지역 멧돼지에 수난,1,1,부산일보,2026-07-21,2026-07-21,https://news.google.com/rss/articles/CBMidEFVX3lxTE45dUtSRk1SMmpqU0I0MjN0cElKLWJJLUFfSDBaOUR3bjJKX0VTU2xfRnh5ZVgtUnVtWVBHUzV6OEFoU3UtRk45ZkZIS29JWXQtWW5Sa2I3ZmlTUzV4dUNrUFZscEpuZi1LZlkweU45bXplSUtn?oc=5
북한산,재난안전,집중호우에 쓸려 내려간 북한산…산사태 '비상',1,1,news.sbs.co.kr,2026-07-21,2026-07-21,https://news.google.com/rss/articles/CBMiakFVX3lxTE5HVlh1SFRrTTZZY1NmTWF1aWEtNVd6dFdIZVplODM2VUZLQkNncWdnMnFKZFdEa1MwbjJ1SHozenhZalJWWTRMVzZvLVlJLTNZNV9hUzA1UFRVUXhWSEhQeGExUmViYjNpaWfSAWZBVV95cUxOVVhJUXZMZEF0cjlIX19EM295clRRZE53N2VibWZxMFNPcWxNdEZYUU5BdnA4VkNQVjNGcEQtbXdSdlNXXzBFekhqMDljYkNMM3B0ZmhHT1dWQmlUdWNIUGdKYTQ5SVE?oc=5
계룡산,자원보전,계룡산 '갑사마루' 생태 관광지 준공…63억 투입,1,1,뉴시스,2026-07-21,2026-07-21,https://news.google.com/rss/articles/CBMiYEFVX3lxTFBoOVJvMDAycXNEcElGdl9zMjhhV2VjZFRKVDF4VjYxdGlmamlEVGhYU3pvMUNVTlZkZ1lOVVpCSWF2RnpuQXVVYXN2ZmJzWXVlXzY4QjRrVFZLRVFlUndqUNIBeEFVX3lxTFB6TnViTC1MNmFVN016QnNPU3FMRERnNWVsVTdocGViOEdBcG9zVDlqRmN3SVZSMUl3VzNqSWplVC1yX2VPX3M5eE4zYy1GZXFQRVRqS3JCZkVXdFdoOVBhUTlaNXNxRmxCWkc4TlRvX0gwcDFDbHVWSQ?oc=5
(전체·공통),자원보전,"""이젠 제주도까지 갈 필요 없어요""... 산호빛 해변과 천연기념물 숲을 품은 국립공원 섬",1,1,ardentnews.co.kr,2026-07-21,2026-07-21,https://news.google.com/rss/articles/CBMib0FVX3lxTE5sNko2T3VEQmo0LUhrZ2VLeEFOeVhONDk2Wmh6Q3JLRXdGVUxFMXl1VG1yYU0ySHMxZjVwZzd4aGUzTXdrMHBib000d2hsdGI0UWdsZW9RUkltTE1SUXQ0cW05aHdLUkpXS05WaVc3b9IBc0FVX3lxTE1Fb2dKV2hJOF9vTHdnbENFd3dJNFNoU0N3eUNnOVZnQTlneTRfZ1dFaHB4eVp5ZGdwNzdhcFl6dDBkMzB2aTMwUk43TGExSFMzcVA2T0VvMjN6UWRsUXdnZXRyV3ViWFlaVTI3Q1NGNlVSRm8?oc=5
주왕산,탐방시설,"주왕산국립공원사무소, 지역 사회복지시설에 온정 전해",1,1,청송군민신문,2026-07-20,2026-07-20,https://news.google.com/rss/articles/CBMic0FVX3lxTE5TcW5CLTZyQ0t4UVRyWUJQd24zc3JtbC1qUGJzLXFLbDZXNk5ySmF3OUFEbk96cktwUFlnekI5aDBaeUlaNEZOYnl6cG5oZEFhWHIwVjNrMWdPMHBuWlV6Zkl5Yk5oRzdxZ1ZDYmUwN05vZzA?oc=5
주왕산,탐방시설,"주왕산국립공원사무소, 장애인 거주시설 찾아 생필품 전달",1,1,매일신문,2026-07-20,2026-07-20,https://news.google.com/rss/articles/CBMiYkFVX3lxTE4tMGxmdUo3VzcyNFkyY3RfaFpLemdLNVNaeVdwUUFfWi1yQnk0WTh4ckdYR0lMZ01vajdacG5PNDFIWHJyVC1wOXJYVlpxZ3Q0dmtoXzRHdTBhMFpyLXhQUUZR?oc=5
소백산,기타,"범꼬리·냉초까지…소백산, 야생화로 물들었다",1,1,뉴시스,2026-07-20,2026-07-20,https://news.google.com/rss/articles/CBMiYEFVX3lxTE1ucFJxbTNPeHlkeDh4bE11dl9zR3hZZFFVNFJNTDVWTVZmMXlrbzVpcS1NQ1dnOUNtT1VuNlV1WHRtd0hSajFpUkdLd2YzOFdNQVJfYXY2dzlEVVdhdlB5btIBeEFVX3lxTE9VZ3BtSE1MdXZ0cTlyNE9iRUFvS0FsOTY3bjBzT2ZsM1B2cFpsaGQ3MVFySDJLdGhHNUZyNW45RFZKam84WFFYdW5SdmRQV2g2STVwMVdWNE1aUzdhdGZQcGdGY1NiVlFFc3B6NjRqZnlwNi1BMW8tcw?oc=5
내장산,탐방시설,정읍시·내장산국립공원 맞손…월영습지 가는 국가생태탐방로 열린다,1,1,환경과조경,2026-07-20,2026-07-20,https://news.google.com/rss/articles/CBMickFVX3lxTE1rUzlMaTEyNjlQN3hhdkJ2ZU5JMzVpT3lUbUJHNWlNSmhZZU1qeTdJeDA4UGdsTzYydGFZc09TcWFObHRwbFZCYXZDaWx4aUpYY1R6UG15eWYtZl9DcVdSN1VfZ2FZekNuenR6aFpDSGQ1UQ?oc=5
(전체·공통),탐방시설,"새마을문고, 국립공원 체험학습관서 ‘피서지 독서문화시설’ 개관",1,1,taeannews.co.kr,2026-07-20,2026-07-20,https://news.google.com/rss/articles/CBMibkFVX3lxTE14bmZRUVVFWjRxMWVVUHc4RlBwdnJ0cFpfUGJIS21DWEpnR2RyblBXcC1sX0xRUGdIczF4bUg3QkFIWG5PMDBjM1ZpU3BtLVlsUzA1cDlsa2Q5cG5xZVFyQlVnZDdDcm1SX0ZadEp3?oc=5
덕유산,자원보전,"덕유산국립공원, 여름 성수기 불법행위 특별단속…과태료 최대 200만원",1,1,내외일보,2026-07-18,2026-07-18,https://news.google.com/rss/articles/CBMib0FVX3lxTE9RQkJ4a081NzFtLXpUa2RBVks4Umc0S3RfQWJBbkhJMXE5UmdvemZUWk9aY0lzWTJ1ZElvNUFrZ2RGWmF0MjVUbmZUcURrWmZZRXRKWDE2ckE5UmNUMHJKMVEwdXp1a200eDY5MkNKdw?oc=5
지리산,탐방시설,"여름휴가, 지리산 달궁2야영장서 '별빛과 소리의 향연' 마련",1,1,localm.kr,2026-07-16,2026-07-16,https://news.google.com/rss/articles/CBMiZ0FVX3lxTE1RTnlxWDJsdHZ0M0lGM3N2cTRhZnJTeFZuQzhLd20tYmx6cnVjaVV3b1hJYkpDOS02QldVMU1EMnJhakxDS0hwUGtQZFgxOEtDeXdiYVphZFNQY1FJa2E5aEgzTjd2NWM?oc=5
북한산,기타,북한산국립공원 환경리더 양성…시민대학 9기 운영,1,1,ecojournal.co.kr,2026-07-16,2026-07-16,https://news.google.com/rss/articles/CBMiY0FVX3lxTE92WkJGVGlXVFRuaWdoUHdubGRVZGFMS0ZDbUYxWWlIeXFneHJKRm5iRWx2Tmx3b1RjeTVNN3J5REdua182TXlVSS1yMUxPSEliVi10YnlyRDVTTVQ1XzYzaHdodw?oc=5
내장산,행정,"한경동 내장산국립공원사무소장 “내장산 가치, 보존에서 시작…지역사회와 함께 지켜야“",1,1,아시아투데이,2026-07-16,2026-07-16,https://news.google.com/rss/articles/CBMibkFVX3lxTFBhWW0zZzNKSUljamMxVzN2QTZPZ0c5ZHQ3YVN5a2cxOGo2TzVwandISmhpMkdURUx3SkJTQlJ0SmV3NF9waWtGeDFXQ1p4b3dpc05zZDRIcWEtWlV6LUVyMVpJcVNIQTR2OU01dFV3?oc=5
계룡산,기타,"계룡산 동학사, 참된 나를 만나는 ‘명상의 숲’ 개원",1,1,불교신문,2026-07-16,2026-07-16,https://news.google.com/rss/articles/CBMiaEFVX3lxTE0zRTRTLUhSd0gwallqMGVXWVlUdm1nRy1wZE8td2tSRTBaemVtcmIwM2l0T1Jlc2U2MkhGMDNidkxTWlVNTmkwUm9JTWVqX3JscGVMQzRoRXFSYU1FV3BiaHJmc0pFZ0Rk0gFsQVVfeXFMUGZldE9TNkdtV05oSGZvb3RGNjAzZURnUEpya0FDTVlTdk1EVmJrMWZEbk9aZWo5SXlLWS1SNl9yaGpYMS1zSVZ6SWdvanZrSEljbHlIcGo4UW5KV1d4Y2tTZmtrLXJ0VllCRjIx?oc=5
(전체·공통),행정,"국립공원공단·한국남동발전, 감사 전문성 강화 '맞손'",1,1,v.daum.net,2026-07-16,2026-07-16,https://news.google.com/rss/articles/CBMiT0FVX3lxTE5NUGJ4cTI4S0s2cU5xRnlxRDBqOVF2Q242R1N1aDN2amRmanczWWNKZFJSWWpQdzJaQUFTbkpQS2VRd055c1dRbjI1OXhKYkk?oc=5
한라산,기타,“새벽 2시 몰래 올라 백록담서 술판 벌이고 스키 타고”… 얌체족에 신음하는 한라산,1,1,서울신문,2026-07-15,2026-07-15,https://news.google.com/rss/articles/CBMie0FVX3lxTE9OWEpLbHJ0MXE5dEgtOUZfMFA2Z2VfZHBobE5WT04tU2x5NlN0SG9VZFRTV0ZrNnlkMlZlUWVqTXJzbG5tRy0xY1F1NWtWd3BzVWZCX2tjaGVTaXZ5Q1F0QzN4UmxmQWp6ZXpXSTAzT0pHZ1NWVDdPUWpTVQ?oc=5
주왕산,기타,"주왕산국립공원, 올 여름은 ‘첨벙’트레킹으로 주왕산 절골계곡 일원에서 새애관광 즐긴다",1,1,씨원뉴스,2026-07-15,2026-07-15,https://news.google.com/rss/articles/CBMiZ0FVX3lxTE9XSFBQRlRwVGgzeTIyTFJITmNJSGxkT0pXSFlRTTNHSmpRQzJVbmRjdmNwbng1Q3lDbC0zWml3dHY0VWM5dExRNVBpRmtnbldfWC12Tk9QMzFmODZJMXBXSVlfVXB4NU3SAWpBVV95cUxPamdiNm43UkM4NmdwSWlSVDlIWTQ2WC1LY3MwcThQNV9DQWU4TE1leEdTTzNpSVM2R2I1RWEtYnN3QVUwVWhjdkZlVm85Unh0bGFnQlpNM3ZlY0hhR19xa2Yzbm9tenl2cXBn?oc=5
주왕산,자원보전,주왕산 절골계곡 `첨벙` 트레킹 첫선…물속 걸으며 생태 배우는 이색 탐방,1,1,매일신문,2026-07-15,2026-07-15,https://news.google.com/rss/articles/CBMiYkFVX3lxTE9jMllIcHVPN29nbUhXSm15QzJGcWVfZzlfZDFiQmpOUlM4dGRtd3hWUzdsaGU2LUJvcWVLVS1RWUlsTThKQkgzXzNJUTVqUmhXbEVNeXRWRklGYXliRUZXdUlB?oc=5
소백산,기타,소백산 고치령 ‘통신 불통’ 끊는다…3억4000만 원 투입,1,1,kyongbuk.co.kr,2026-07-15,2026-07-15,https://news.google.com/rss/articles/CBMib0FVX3lxTE8yZVFTRmJHVGRlR0g5U2NnSlJYTVFTeU9GZjNERGFBb0tnOFl3NmlZRWxmMzV6U1YtZG5POEhFaVI5azJzNDFWSm5IVC1YZkxYNkpmYnlzYkZTYzR3ekZZckFJQl9YcHpCajRRcVJaMA?oc=5
소백산,기타,"소백산국립공원과 영주시, 통신3사와 손잡고 국립공원 통신 음영지역 해소 나선다",1,1,gukjenews.com,2026-07-15,2026-07-15,https://news.google.com/rss/articles/CBMibkFVX3lxTFBmUDYtQUh0QWs4ck9SbFFqSlhyNFNsMWJLNl95OWJOZ28xMUNZalBtNkl4QUE5UHBkc3hZaVcxb2dfa0ppb1QydHRoTmx4TVBuX1hCWFF3TjZmTTZUWWR3SUNzdk84alA2U1FmNF9R?oc=5
변산반도,기타,"[김찬희의 방방곡곡 이야기(54)] 곰소염전, 내소사, 그리고 채석강을 품고 있는 변산반도",1,1,뉴스투데이,2026-07-15,2026-07-15,https://news.google.com/rss/articles/CBMiXkFVX3lxTE9kT29ieG02TTRIRlpJYWs0VTFtREJQYktsREpod1RzakQyalo1RE55bWhST09xUnRUQ0EteTZtZFlDNm9GMk1qSGFxVW9CWTRzOGhNZnpqUU8tUGxvNkE?oc=5
금정산,기타,국립공원 산악 마라톤 제한 금정산 등 전국 확대…“과도한 규제” 비판도,1,1,부산일보,2026-07-15,2026-07-15,https://news.google.com/rss/articles/CBMidEFVX3lxTE1UbkVTcXFxakJNVHhIY3FuY2cwRWY5STM0UFhQcGNiSS1CYlcxbFJvVFJ0OWRvU29yZXRsWm5kME1nUG1UdEtlQ0pYcU02MFlmTEJ2NmxNWEJrMGMwZW90WDJiUTV6c2RWYXlsV2NES0Zwc1Ja?oc=5
금정산,기타,'대한민국 제24호 국립공원'부산 금정산 현장탐험 늘어,1,1,한스경제,2026-07-15,2026-07-15,https://news.google.com/rss/articles/CBMia0FVX3lxTE8xUnFsUHRyYUZvQnotTzVPUFgyMktGaGE5dm52b3J6ZlhOcy1IVXlyaGdwTTMyMEQ0ZU9VVk0xaXA3R0xmUlM2YXV6MUFRVGo5SkFOSlNwbG1TcjVLTlZwZ09WcGRkck1DWXRn0gFvQVVfeXFMT2ltMEV6ZUpPaHBvZVV3VjNXWGU3Z2lKb29tclJ3dHlQa3ZJRWs0N0dIUlZDcjdjYlVYRFBzT2ZwMEVRMVZvYmlINjZSMk84dGFhZnJBdHVBYU1FVnRmUm4xUkNxQ1ROek9PWW9QR1Z3?oc=5
한려해상,기타,"한려해상국립공원 여행, 거제 해금강부터 남해 금산까지",1,1,여행레저신문,2026-07-14,2026-07-14,https://news.google.com/rss/articles/CBMijgFBVV95cUxOSXJRV1BWdng4RVF3VjJTbjJaQXIzQUptaHoxcGtGOXh2ckFqVnJkYVUwRXpUMUxuelNDN1dhNmNxQ2pwdGhfWExUcURUNzJINzFCa0VjcTQ2TmdweUJaVjVXVXlZZVk1VzVydjJUUktERzZRenNUQ0Z6V1pTN3JsRmtldndyaXBNeXNHcXFR?oc=5
월악산,탐방시설,"월악산국립공원사무소, 월악산 송계 양파축제에서 청렴 캠페인 및 홍보부스 운영",1,1,v.daum.net,2026-07-13,2026-07-13,https://news.google.com/rss/articles/CBMiT0FVX3lxTFB4NlV4UlhLOXNQYzNxSFBfSTEtTEZObDZHSHJEZU10WXdzU1U4T19YSlFCTUZiNzN5RTZUMUdvcTRGOWxpLUNjQmhwdC1wRTQ?oc=5
(전체·공통),행정,"한국관광공사-국립공원공단, ‘K-트레킹’ 상품 개발",1,1,KBS 뉴스,2026-07-13,2026-07-13,https://news.google.com/rss/articles/CBMiW0FVX3lxTE1hUmxVcjZMWU5zT1dQUk9hR2c3dkJ6NW9kZmFKVkxvdEFadXZzSXRaUVh5SGh0WC14TmxYYzFkWVVaelVzUzM1Z2dVY1l0OEhiNkFDWm14Z0hzVms?oc=5
(전체·공통),행정,"국립공원 지정 때 인력까지 함께 검토…정부, 위원회 운영규정 개정 추진",1,1,에너지데일리,2026-07-13,2026-07-13,https://news.google.com/rss/articles/CBMickFVX3lxTFA0YTJwUmRIR1NCNFBsNmFhR1I5N3ptWXBtX3N2MkNKLVFlZXFDWHpoOVZjN1BiNjFTT0JmUDdjYlUxQS1kN3B6emtDREZOQVh4T3l1OWlFRkRsYkdCeVA0MGxZWjk2Qnk4eElUTWFxWHQzUQ?oc=5
팔공산,행정,"한국가스공사-국립공원공단, 팔공산 국립공원 연계 사회공헌활동 펼친다",1,1,대구MBC,2026-07-12,2026-07-12,https://news.google.com/rss/articles/CBMiTEFVX3lxTFByNlFldlVRUWpXb0RfVkg0WWJCS0dhNWdZai1XMHBzN3VkTWplSjB6LWhjOHZQX0NSR3VvZlNyaXVlb24zVXRodTZuNTI?oc=5
경주,자원보전,"국립경주공원, 외국인 대학생 생태복원. 문화체험 프로그램 운영",1,1,CBN뉴스,2026-07-12,2026-07-12,https://news.google.com/rss/articles/CBMib0FVX3lxTE9oaXdYd0tTcGY0WUQ3MFV3NFREQkl5VkFjZG5za3FhR0tIUjJHcy1wTXRKa21ucVRJTFFGc3h2TFd0ODFlb2tiVUEyWjBqcmhlYWQ5dnR2clBtV2FUV1I2bk1SMnZ6M3oweU5OMnlncw?oc=5
경주,기타,"경주월드서 사고 반복되지만 ""사람 안 다쳐 처벌 못 한다""",1,1,네이트,2026-07-11,2026-07-11,https://news.google.com/rss/articles/CBMiU0FVX3lxTE1FdTBDclhRQl9ELWpCZmFzZU5qaTl3ZHUyeEpibWFGQXJ3clRCYXB1QXRGckJxRVRTcEQzeG43LWR1OG9XMUdXcHgzQmRfRnUzWUNn?oc=5
경주,구조활동,이번엔 대관람차 추락…경주월드 2년마다 안전사고,1,1,네이트,2026-07-10,2026-07-10,https://news.google.com/rss/articles/CBMiU0FVX3lxTE9zVFB0d1pQSXdJdFRyd2ZONWFYUjNfWk5keUpOVnZPMnNjemgzdXNnLUxZdUxxMW5SalJBU1ZNc0s4amZKM3Jkd2FlcmZmcThldXZF?oc=5
(전체·공통),행정,"국립공원공단, 국민 안전산행 교육 거점 본격 운영",1,1,환경일보,2026-07-10,2026-07-10,https://news.google.com/rss/articles/CBMiaEFVX3lxTE93REdidDFtUEFMMUVTUjBTeXRhVHEzcTd5MmJsSFR5YmVoNDU5a3lQODhqSHBtWk9maTgybHJ6X2xDM2tpcFpxYkFVVnZURGVVN3JIeGNKc2x4VWgyekZmYWtTTFRtX0dk?oc=5
(전체·공통),행정,"국립공원공단, 산악안전교육센터 개소",1,1,데일리안,2026-07-10,2026-07-10,https://news.google.com/rss/articles/CBMioAJBVV95cUxNRUU1VkUzQUkyeVJYUUozcmlicHdWNlF5SmdNbWU3NVJoLXc3V0xlV3R0Z3dWVC05cFJCRzR1OTZKdTFhZmJBX1o4QnZUcm5oMTRTb2sxdUNZbmtRNmN3bGhscXRCenU5azItM2IyeHNQeDFlY2VEM0lDQmdXWXR0MDg5WjVCNzZCS3FVNm5FcEZnb2JJal9XV2pyc1pPWFN1VmFobF83cnVWam5qNUNiTWZoWXdOOGlvUHpGbTV5SUlwZkhOMFhRdTlqWXdEX09lbndlbGZUVTlDM0xIYm5YZTdTNHUyUEJ0VE1sTkJrOFpXVVFRQ25zeVljdmljTFlCM1EtUmVXdlpfWUFNWGlaNGw2aU00MHZSMkdScjNQdWI?oc=5
팔공산,자원보전,"가스공사, 팔공산 연계 생태교육 확대···대학생·취약계층 지원 나선다",1,1,이뉴스투데이,2026-07-09,2026-07-09,https://news.google.com/rss/articles/CBMicEFVX3lxTFBWNkl1Q1hwZlRHYnNCNnNTa0hpYmd3WE1ZcjdCTngzWWt1bHRNZVp5aVBMZ0xiNDFVWkZTMzNOMFRvb004bzNlTDAxQlBKRmxwOUw2LVJWaG5ZbWhrc3AtUkVJTFlGMnJQalE0eGlWbV_SAXRBVV95cUxQZTllTFhqbXJjYTEzeGJ6dUp6Si1tZDlRd1ZyQ2E1QkhpeURza0ZvdDgzMXlkcjZrdFRmQ3p6MjdZRkdiZVZwcy1tOVZ3S2c3TVBXYV9ZLTRRaFdhUWNtMVdrdll4cWJzLXZveEluVXMyZkhHcg?oc=5
덕유산,기타,덕유산 관광곤도라 하계 성수기 방문객 편의위해 운영시간 확대,1,1,프레시안,2026-07-09,2026-07-09,https://news.google.com/rss/articles/CBMia0FVX3lxTE12YkI0U3pjU0gzdVctNXdMZERrMndIZVZueDVZci1BRGh0TjVzcm1OUVdKLTFnZ1JuOFc3bmVKWWpSTTRhSUtPdVVBRzVPOWdQNGJRN1lLWFJKTW1BT1VMY1FEOWJBSmZtVWlr?oc=5
계룡산,행정,국립공원공단 ‘계룡산 바이탈 안전센터’ 운영,1,1,중부매일,2026-07-09,2026-07-09,https://news.google.com/rss/articles/CBMiakFVX3lxTE5DTFFhZnNtNEwyNWtoeGd1N1JmbmRiSzZibWFWVksxaEhnUDFJdkRFRmVsazRSeXJPRXFFcWczNUV4TllERmtsZEl6WURCZ0x6a092ZmdZWGdHNktEXzZwbG9OZ2c0Z3pOdVE?oc=5
(전체·공통),탐방시설,"한국관광공사·국립공원공단, 외국인 탐방객 300만명 유치 맞손",1,1,thepowernews.co.kr,2026-07-09,2026-07-09,https://news.google.com/rss/articles/CBMifkFVX3lxTFBFRE9kaGZnZ1VQTXhyVzdhMk9xZ2dkVHZZZzhTX1pmcmNIUzAwcE1fZjV5b0Z5amg0dFZTMTc2YnVHOGl0TGFpRlQtRUFPUjZ3S0p6VE51NEI0ZUdwMzUta2pyNWwxRkFNX1RkYllQZkxhbFFUQUxMRi1lelVxUQ?oc=5
(전체·공통),기타,"한국관광공사, 국립공원과 손잡고 K-트레킹 외국인 300만 명 유치",1,1,2news.co.kr,2026-07-09,2026-07-09,https://news.google.com/rss/articles/CBMiaEFVX3lxTFBSc3NWUk0xMV8zX2FTUjJRYWtlZWRVZUNDT0NJWTk3VWdCNFlhV2pHSEpOV2lUQ3F3YzBqeWhtejZ1T3pjb19QMFdJa1FheV9jLTVlTmlGZTRxaDB3b0pjcDhrek9USzhh?oc=5
팔공산,기타,"70년 무단점유 걷어낸 팔공산 계곡, 시민 품으로 돌아오나",1,1,v.daum.net,2026-07-08,2026-07-08,https://news.google.com/rss/articles/CBMiT0FVX3lxTFBINGhmVHQ4MDU0MGVHanhyTnBoN2p3NzVBcXpDXzg3dzRONkJRUkR3NjhUbHMxdzRkdUlNT0Z2VTJvZ21CNUNzc0tIWDB0c00?oc=5
팔공산,탐방시설,팔공산 찾은 윤호중 행안부 장관…“계곡 불법시설 완전 정비할 것”,1,1,대구일보,2026-07-08,2026-07-08,https://news.google.com/rss/articles/CBMiaEFVX3lxTE9QUUQ4U3ZQWVY4YzJ0N0RGenJ0d1h0TUlxS1V5NUd4TVB2UGZycVFkVVNpOFNhZFJ4aFpnWGduZHJKbnNqbmotaTR4VEc0RHJyNE5OWl85SEUwQWhzbE1kc2FGZGxSQ3Q1?oc=5
소백산,자원보전,"소백산국립공원, 50년 방치된 연화봉 폐통신주 철거…백두대간 경관 복원",1,1,중부매일,2026-07-08,2026-07-08,https://news.google.com/rss/articles/CBMiakFVX3lxTE1Bc1d1MlpDb2Z5elhvQTVtRXdZTHE4V1k4UmZpQlJqNlVYbmFkNGMzWDE4emhmSWhibEVTdWZRWmh4NEl4NF83bm0wQ09RNTNUTzBLaEoyVjNJT2oxa1RmVXRIMmVhS3JhMlE?oc=5
(전체·공통),기타,"""제주만 찾았다면 아쉬울 수도""... 올여름 다시 난리난 해상국립공원 여행지",1,1,발품뉴스,2026-07-08,2026-07-08,https://news.google.com/rss/articles/CBMickFVX3lxTE1jMHF1cnlCMjI2aV9xMFlIWERpaDhNOGU1NGZqNEQ0azd0OEVOVTQwZmxrNEJxVUhBQ2JEeklCbjBnQjRDOFh0SHhKQmppSGduTmtzM2NRT0xFVUgxelR0c0JUM3JaazlSQmZBUmtuekI4QdIBekFVX3lxTFBxZ0pLWXdvRHhEVkVmX1hzbVI3NDRyR1M0VXQ5ZVVmUlgxcklfUmIwOUhlRXp6Zmk5ZHdYUGpIemtxVnl4WXFuSGlscmY1M2I5U09GQU9OMEpzdDRsdlM3dTV5SzVQc0ktRGtvZEdPUmEtWncwRk9Mb1dR?oc=5
(전체·공통),탐방시설,"국립공원 대피소, ‘카톡’으로 예약 받는다",1,1,월간산,2026-07-08,2026-07-08,https://news.google.com/rss/articles/CBMiZkFVX3lxTFBueGhjVzZpNDhWcW9mX0Y1eGtKQjM2OFdhNjR6bU1hMDRJNENGYzZQU3ZjSklRdVFDeFBMaFVCOXJ6SlI1ckd0Vm1MRkVPaGVwM3Y1MG5KMWRYdHRIUTJ2U0NoeVNVZ9IBakFVX3lxTFBlUDN5bm4yYi1pblRmWll6cDY2R2JvNWs2ZzJuUUJhM0QtbTJlRUVNSlVVY2VFdExFSDQ1WWJGaTF3Z1NxSWNjQTRMcjI4dnhVTFdhaHBvcmhHQU55LVl3R0xoSl9QN3lKNEE?oc=5
한라산,기타,올해도 제주 한라산에서 별빛 가득 밤하늘을 바라본다,1,1,미디어제주,2026-07-07,2026-07-07,https://news.google.com/rss/articles/CBMibEFVX3lxTE9yVEsyS1dtR3VfbEF5dzdOT0gwQWZfYXRrRGRFdWVwYmFRN3Bab0RWNm9ydkxjS29lZng3c08xdkZuZURUT3JrdF9CM0JobjV6VE4yN2pQTEJ4M2o3V1Rlek1CRUpKdXBuSUQzcNIBcEFVX3lxTE1aLXV4c3A3TEMyekFnLUFOMnN0RDVoQmpjMmhkMTAwanB3dkRuaklnT0dqS0hXSnAtQnpLaFJDYUpsV2ZFaW80OVRoWDd0QjcyR3JfQ2psLUFialgwVUk5QzBYSmV4NlB2VmUtam5xNGQ?oc=5
경주,재난안전,경주국립공원 장마 총력 대응…산사태 위험지역 선제 점검 강화,1,1,kyongbuk.co.kr,2026-07-07,2026-07-07,https://news.google.com/rss/articles/CBMib0FVX3lxTE1uczAxT0E2Q2JuYnRuUkpNX2IzNFNGWGFHYlJOXzVkRDF5V1V6cXNXejI5el9Od1VGU0xuNWQxcUJSdFNGdWphQzNpNnUyWXR2NlhKTWpfemQ4M1FqaUtxLVY1bFlwdE9ic2pIbFpuWQ?oc=5
(전체·공통),기타,"국립공원과 곰, 지구의 절반 [뉴스룸에서]",1,1,한겨레,2026-07-07,2026-07-07,https://news.google.com/rss/articles/CBMiZkFVX3lxTE85c0xKS0xUNGtYNUlENTcybXUyUXZyMGJudnhrbG1fSEtHbGlLLWZMV1g0NzVwMkZhOGdBRkppYVRRcjB4YUZITFdySHFETEhwakwzM0FvRHZpQ2NseVBqX0JXeXdtQQ?oc=5
한라산,기타,"한라산 어승생악 정상서 별·야경 만나는 여름, 단 120명만 허락",1,1,v.daum.net,2026-07-06,2026-07-06,https://news.google.com/rss/articles/CBMiRkFVX3lxTE5rUS1JbnNvUGVpRzR6TU9Ca1VuVkVHRVB5MWVLcGczcWV3Y2pUZ3BCMUg0QUhoMlNSeGRNX3hoQkZDY3JmeVE?oc=5
설악산,구조활동,설악산 울산바위 하강 중 추락사…고립된 3명은 구조,1,1,월간산,2026-07-06,2026-07-06,https://news.google.com/rss/articles/CBMiZkFVX3lxTFA1QlJSNXkzUFdfcGR4d0phVXpvbnptRHBGN0F2QmZVOTdfeWpnYlFZSkd6UW9yUDNGRGZUX1NkOUNzMEVrZTlWSkhJWFV1MkNIMUFIdVRwRDFaNEE1WnpSczRQLXFOQdIBakFVX3lxTE9GaUhIbnh0Um83bmJ1NkVRWFpXdlFOWTB1NmNmQ3F1UmxuY0JtTmswLVROeXJ5MjIyMExYRE01eW9Nb3VGZ3lLYVkxOEJMNGxyZGVjblE3T1lHTHBMOUd1STd2V29MV3BnT2c?oc=5
가야산,기타,"올여름 피서는 성주에서… 가야산 품은 포천계곡·무흘구곡, 자연이 선물한 최고의 쉼터",1,1,v.daum.net,2026-07-06,2026-07-06,https://news.google.com/rss/articles/CBMiRkFVX3lxTE42cWhQNlhWWndEU1ZWTS0yZVlTek5NejV1SWY1cEY0b2JBRm5meUc3NmlFN3BaQXAzSlFkTXQyUjFJMVlNQmc?oc=5
치악산,재난안전,"장마철 재난 선제 대응… 치악산국립공원, 여름철 안전점검 강화",1,1,강원신문,2026-07-04,2026-07-04,https://news.google.com/rss/articles/CBMiaEFVX3lxTFBpQTdnYjN0eXhiNjViaWlmQ05wVGk0LVBfQjduem9fRllSZ216eXNwU1RQanRXZllqcjlackxYbU9LTl9RSC1uWXRVUHBZU1FlV1JHOGw1ZXU0cHY3b1NmamlYVjU3dlQt?oc=5
북한산,탐방시설,"1호 탄소중립 야영장, 북한산국립공원 사기막야영장",1,1,ecojournal.co.kr,2026-07-04,2026-07-04,https://news.google.com/rss/articles/CBMiaEFVX3lxTE5jdmFVbjcwby0xWnU0SEVEUjQwc09VbFRqTUd4M29lTXhqRkRnMVo1eXE0MmNPOTJ1Y3h2dGV5VG9GVGF2cEVuSlVhRFZRam0xY3ZkRWp2VWFsWS1sSE9qR1JLdXF4WFdf?oc=5
(전체·공통),자원보전,"""천연기념물 지질유산이 이렇게 가까이 있다니""... 남한 최대라 불리는 국립공원 절경",1,1,ardentnews.co.kr,2026-07-04,2026-07-04,https://news.google.com/rss/articles/CBMib0FVX3lxTFBBaW1oclRXd1ZHd2NMNkE2aHREOGdleVdpUlFlOVBtRERiS0ZxY0EtU1NHMFVDcHM0TjBxV0ZCWEttT2xQQ3F5MzBTN0g5YmYtSE55QUtyWkZGbWVHOExsZXVhcFFKZlZVSnBtYmRIQdIBc0FVX3lxTE1pUHpJdlExWlJraEhETnhGRGotOXVJQXgwRmlnaFZIUkhtNHk5WXR4cFg2RnN3bTJhVzE0X2tDS185NktNSFozSFJIdW5aUlMyWGZ2QUc5T09QNk1IYlVFRzFobEZjZm1WRzFCRUZVQzFtZFE?oc=5
치악산,재난안전,"입산통제가 만능 아니다…등산객, 치악산 산불 잡다 [화제]",1,1,월간산,2026-07-03,2026-07-03,https://news.google.com/rss/articles/CBMiZkFVX3lxTFBqaHBaZEVPcUlMYi05TFdDc3pGMUI0bHhkbFRxa2hhMjMzbGxLbjRNbzhITjNaMnU4cUx4cUs4TktHa1NySGhOYnJ6alNQWnJVNTkyN3VIN01lTG9MZTQ5c0tYN3BsZ9IBakFVX3lxTE1IQkF5OGl3RzJ1TXctYkwySFI1dXZ2YXRTQnEyUHY4X0dGX082dzNwLUpiZ2VQVkI2NDFfaXJSSWNIQVRXU1JLcjJ1elVhZDRlVDczbC1rQkhPVEdKRjlFWFBlZjctUWFrUUE?oc=5
(전체·공통),기타,"[길따라] 자연의 심장부로 걸어 들어온 로봇, 설마 했던 국립공원까지",1,1,연합뉴스,2026-07-03,2026-07-03,https://news.google.com/rss/articles/CBMiW0FVX3lxTE1nTHFIT2drUi1lcXhwbjhMd2k3UmJSTTJCbjNJaWdpZlZPNnhZemIxQXVkLTJkeVVsaEp4SWtEZHZweW1OempNTmtpUDBrQ2ZGUzZsWkZBSFBtVG_SAWBBVV95cUxNMmtmWV9ldy1fNEgzSnNKRC0yQVpuc0xndlREb0Y0aGRaR2VVZUFiY19FZmVnSVNQUDlWM2w3cmF5eWkwNGpVQzUtbF9nRGZrSHJ2T0lmYldtREFld2tOV1Y?oc=5
팔공산,재난안전,"팔공산국립공원 AI 산불감시카메라, 야간 화재 조기 포착",1,1,뉴시스,2026-07-02,2026-07-02,https://news.google.com/rss/articles/CBMiYEFVX3lxTE01WUpmZzlPNHF4d0wwd2NUZFkxdGZ6d3JGQkhiUHc3Sk93M2RoSEVLWTJqM3VZMklmR0JQckJSMFFFczNMWGhOdUhMSzVCUjRveTgzaTFuMTFlRGREVVpROdIBeEFVX3lxTE9ENXhyWm1LZVpKSXpudTQ1RllUWDBpOFZzN0ItNmhXZTNaTEhQbkJkQWFkbnZlUzNkQW8xU3lRX25wTC1sVEhxcVpENXQxSk1ody1GUVRvY1pCc0hOeGowaTMxTnRzMmNKRzRIXzNldkgta01uRjZMRQ?oc=5
태백산,기타,[배건일의 걷다보니 108회] 천상의 화원 태백산국립공원 금대봉과 대덕산.,1,1,경기남부뉴스,2026-07-02,2026-07-02,https://news.google.com/rss/articles/CBMiYkFVX3lxTE5haExXVC1PV0tON3JvcXBxOXprMUdxQjA2LXVTUjAyd3FVRHhKOVhneGZibnhOUlFRVjlHRElteEJ0OGl1YlZFeXo4cm5ueGhXaHZ4RDU1dGhXakxyNi1vV0JB?oc=5
지리산,행정,지리산국립공원 전북사무소장에 강길영 부임,1,1,전북일보 인터넷신문,2026-07-02,2026-07-02,https://news.google.com/rss/articles/CBMiVEFVX3lxTFBSWU45a2FmdGhSRkdNU0cwU2xpYzlhUUJ0OUZYNmRRLTF2ZURiYy1lRS1yRFBZY3UybEY5RnZiY1gwR1lYMHVibXo4dVE4dzhDeVBHbtIBWEFVX3lxTFBSMi1zOEJEUGlwNDRWS1NHenE0cUVGWXpoSElwVFpBRFRtcERiQ0EtX0xzd3lhM09LMW1oVHlQWkFXcDkwTnhJbG1rcmFnSG01elk1NERvekM?oc=5
(전체·공통),행정,"국립공원공단 노조, 정부 E등급 및 현장 축소 정책 규탄 집회",1,1,강원도민일보,2026-07-02,2026-07-02,https://news.google.com/rss/articles/CBMiZ0FVX3lxTFBJb0NvZk1YRXhubnpHNlN0RDFIT21YbEpIRWtQUGgyNC1CRHVZNENIY3ZhT2FCbFJwOEtQZTV4ai05QmszSFN2SGxjM2ZseGotclVYVFhleXFVeWRPS1hKVFROSUFkNmc?oc=5
(전체·공통),행정,"‘경평 낙제점’ 국립공원공단, 분소 축소 강행에 안전 위협 지적 나와",1,1,안전신문,2026-07-02,2026-07-02,https://news.google.com/rss/articles/CBMicEFVX3lxTE9lV0xablhXUkdrb1d0T05QNkk4MUhpbzVPdGxibWcyX3k5ME55Rm1oaE04WmJpaVFwVmN5SWc0YVJyRkpaREs1RWIwX012ZGRpWHViUlg3a3VEclM1VlBwUEJkRW51dFkwTU12ZVJ3U04?oc=5
(전체·공통),행정,"국립공원노조, 공단 본사 앞 규탄집회…""경영평가 E등급 책임, 현장에 떠넘기지 말라""",1,1,서울경제TV,2026-07-02,2026-07-02,https://news.google.com/rss/articles/CBMiZEFVX3lxTE5JMV9DZE1WdElSZFROVmp2V0ZRUXdPc281MmVNOTkyTDFnQnhUVVVwZjltajI4OTdKVFUtbExWdEh1NDZVdWVwelNJUkVXcGs5NkUtZjc2VW9vY0xBQXk2YzVmZ3Y?oc=5
지리산,재난안전,"지리산국립공원 경남사무소, 민·관 합동 안전점검 시행",1,1,경남일보,2026-07-01,2026-07-01,https://news.google.com/rss/articles/CBMia0FVX3lxTE5fblFDNk9mYkpCWnNrRmdTaWdvWnFnY1lOSHpHelJFdVNSWmFKMkJra1dweGNfaURTQ0kzUDZaUnBjYnZxS29aSWM3RHNTV195cEVEQ1BEUm85WW5oT1p2aXBMWUhwUy1vTVo4?oc=5
지리산,기타,눈앞 지리산 두고 20여년 갇혔던 곰들… 마침내 철창 밖으로,1,1,한겨레,2026-07-01,2026-07-01,https://news.google.com/rss/articles/CBMidEFVX3lxTE9vWWpDMldJWElmalFPTHhEamVlSG9Oc1ZxdFpMWW1GU3NHRWhrTlB6alB0dWg3YTFLMERpMURxQVBPak5UdDJ5NFF5aXA1aWFXb1NYQXZWckR6cHpmakRUNWtNS2JrWkIwRlc1T1JFckhobDVY?oc=5
설악산,구조활동,"설악산 암벽 추락 50대…들것에 싣고 13시간 걸어 내려온 구조대원들 [고마워요, 공복]",1,1,네이트,2026-07-01,2026-07-01,https://news.google.com/rss/articles/CBMiU0FVX3lxTE5YTllldTZaY256X05lZWdMNEZSbF84RkNKYVFHand1QjRwUEpLOHgzZVJVc2RUVWl5dlFUcFJwOHJyUHFJTTV6NnN5c3c1cDlZaU8w?oc=5
계룡산,기타,"[기고] 우거진 계룡산의 녹음, ‘안전’이라는 준비물로부터",1,1,데일리안,2026-07-01,2026-07-01,https://news.google.com/rss/articles/CBMiowJBVV95cUxPVGFmUFFOMjhSUFRVYnh1RXlKRkNyV0VMUGticW1FY1JxRVVJRW9FcGxDQl9fQjFsS0l4WDlFLXNNN3pyclk3enJpelFWMFVnYnBDR2Nmd3FpSGtWRkJaOWRVcVR3Y2RDRVdWdHQzeFVUTDR4Y1haQkIzNXpHak0zby0xa2VlZ0lQS01rSzFXV0x3LUw3b3kzWWxmZE4tQWpiRzJfY0prbWhpOWt2UkNhTWtWenBweDA0OFV5VlFSeW5FdlNobnF3azlCZ1Nlb0JYWnJoeC1BVkFhd3JfSGVTUEVsSWN4MHNRVTZtMG53STExUnllX0ZrdC1JbTRtQU8zSEpWeGk3dkd6QWduOVhGNjBuR2JEc2ZYUzctSm83VWFFUlU?oc=5
지리산,자원보전,지리산 노고단에 활짝 핀 멸종위기식물…'날개하늘나리',1,1,뉴시스,2026-06-30,2026-06-30,https://news.google.com/rss/articles/CBMiYEFVX3lxTFBLUjk0VjZiOHJsbVpmdEFmWllLREZXSVVQVklMSk9WUVhhR21WX3ZjYXZLQWNCUjBUX0c2X2ZZQ0FrbmxuYThLVE5hUkxBRGVfZWVBVlZKSmlyVUFrN3d5MNIBeEFVX3lxTE5tdl9iMURqd2ZIdHNjdXRCUU5ONUhSR2dNRS1GRmRFSkNfenBpZVhmazg2ZHYwWkpySWV3TnNFZHRSTzdoazhtNmRsZUtfWUQtQ3RpNldtZ0hQQnE3a2dXdk11SU1qb0N2eW95YTBXcmxqaWc5a0ctRQ?oc=5
월악산,기타,빈집에 서울 청년이 들어왔다…제천 월악산 밑 MZ들의 귀농일기,1,1,뉴스1,2026-06-30,2026-06-30,https://news.google.com/rss/articles/CBMiX0FVX3lxTFBONzlWei0wZGVROXVvVnlkMkFwOEFVeFlJZmpzS2NJaUhZbWZLQVQ2T0NKMDBxaHg2NDA3NVgtV09OUDFRbkxiM25QSFJWNWN4WS1uck5zN3V5YkZQZlVB?oc=5
(전체·공통),행정,[기자수첩]국립공원공단에 내려진 '경고'…안전은 변명이 아닌 책무다,1,1,서울경제TV,2026-06-30,2026-06-30,https://news.google.com/rss/articles/CBMiZEFVX3lxTE5sU3NVaU1VNHFJUmhSZlBKTEJvaThyQjdJaFZKRkktNTNlNXdMcHUwUk81Q1F2MXhLczI4OEJBSVBHMTIzNl9tVXRGQUUwSnJ0NVVUblRtUkpUdGEtZGhITDRnc3U?oc=5
북한산,구조활동,"국립공원구조대, 북한산 염초봉 고립 외국인 2명 구조",1,1,뉴스1,2026-06-29,2026-06-29,https://news.google.com/rss/articles/CBMiVkFVX3lxTE1GVVpKRHltQUpHZ2dDQXp0WUo1dEdEVnVEN29nYTN5b3ZzUFRKelp2RzRfbnYxT1Q5NUhRdlR4T2lkdjRIc1ZoTHlaM18xOWZpc3JvV2d30gFbQVVfeXFMT0VyV0RzcVVYSmppbVI1Z0tIbFo4NEN5Y19ibEd6N1JzTkJkWEhRTVpEQU11a3BjMlA3YVJGM1M1R1VDLVY4QXJ0SzhTaWZBTGR1cTN2czlza0ZvUQ?oc=5
(전체·공통),행정,"[단독]국립공원공단, 분소 통폐합 놓고 노사 정면충돌",1,1,서울경제TV,2026-06-29,2026-06-29,https://news.google.com/rss/articles/CBMiZEFVX3lxTE1xNXJ4OXJObjhfSzNKTDg1aUNYZkFWQTg4eW5lbEZiVkZVVlZOZmhRa1VZY2NRcGQwaHA1WVZTLVFmb2tGT2pOQlJBOWZYbms3b09WWHY4Zkd4MmhqbVdCZXNYalE?oc=5
월악산,탐방시설,"월악산국립공원, 닷돈재 야영장서 ‘푸드존’ 운영",1,1,중부매일,2026-06-28,2026-06-28,https://news.google.com/rss/articles/CBMiakFVX3lxTE1aSU9fSjRuM0ZnU3phMDMyeUl2VXFmLVFrQXdVX3gtOVFBUG1ZT25WZWtSS3hvUFJaUFJXUVo0UnJlS0F4dVozUjZBNEJvczRDWEI2b0tRUndqU0xhNXF2ZTV6V2lsc0JsVmfSAW5BVV95cUxPNFh0bW9lcU9ISHlwajRYWElsYkN5T0tfRF9HQVhoa29ISDRCaGFxeEJVOTJCcW9nOHhzT1BvMjFRRy12Q29RNDhLcTZEM0dqbndWbjY4UUpnOWl2dVViVVV2QS1MaXB2ZENSeUU0Zw?oc=5
월악산,탐방시설,월악산 명품 푸드존 개장…맛집·피크닉 함께 즐긴다,1,1,kyongbuk.co.kr,2026-06-28,2026-06-28,https://news.google.com/rss/articles/CBMib0FVX3lxTE9MYkRyczVvYnRCTGhucEJaRlpIcmtkcWhCeEJYWFZRX3VlTUJvMnNRZjJNYnhfWnR2X0hZajRxTUNhdU5vTDR4dWFjTUVmSlMwNDN1OC10c2dJV2VpYUdWWlFnQWRXOGtCMlk1RDlEbw?oc=5
변산반도,자원보전,"스카우트 대원들, 변산반도서 환경보전·생태교육 ‘홍익인간 챌린지’ 펼쳐",1,1,부안뉴스,2026-06-28,2026-06-28,https://news.google.com/rss/articles/CBMiZkFVX3lxTE9FY2xPNUQ4RWQ5REpLYmZBMkEtNXZESWRLOFJUUVlIVlpDcUZwd1hXSU9uaHRWaXZSMmczRmhZeUNlRGVXRTRJa0Y1ekUybVZVLU40YlhfbGRENFA3eWJWeWZRYkRqUQ?oc=5
(전체·공통),탐방시설,[바로간다] 차로 오르는 국립공원 고지대‥탐방압력 이대로 괜찮나,1,1,imnews.imbc.com,2026-06-28,2026-06-28,https://news.google.com/rss/articles/CBMieEFVX3lxTE1sOGpqd0dQTW00Q0pBV3huN2RNdWVEUXFOR2czVDVOTXBzR2tEVnhpQ1U4eG1vX3JJcUVMcUMxSUl1YU51VnlnMFIzU0RzM1N4QUFiRms0UGJTaEZBOHBpaEhONlZvZ2lSZDByMElvaklOVEs0M1FHSQ?oc=5
설악산,기타,설악산·운장산서 연이은 사망사고…여름 산행 조심해야,1,1,MBN 홈페이지,2026-06-27,2026-06-27,https://news.google.com/rss/articles/CBMiVEFVX3lxTE1LLWd1VTBOU0JDY2ZwTHlsZ3FZaUQwWVJyc1F5aDNMVk1ZNC1nWEtSVmJsZ0owbHM1OW11N20xdVFDV3dWam5rTjhoWUEzeFhHUEdVWNIBTEFVX3lxTFBxdXJNV01wdlMxQmMyekx6OWlqRGFfWXoyV2NzMDJkUWtoTElvanlvVXkzZ05nSzVhdnl6VWVYVmJrYVhUSkg0N0NscEk?oc=5
다도해해상,기타,"""15명이 450년을 지켜온 섬이라니""... 다도해해상국립공원이 인정한 11번째 명품마을",1,1,ardentnews.co.kr,2026-06-27,2026-06-27,https://news.google.com/rss/articles/CBMib0FVX3lxTE5WMzhzblRLenBfQVEzYTJ3Q3lBM2NxNEVzSE82ZlpSZWNKNDdtcUV3LUtVUVNuM1lCbWpoV3FaZXAxQjV4SmNqUlhmZDhuYTRMRUprQzZYdU1WT09IWXpDQlpQdklTbEpPRkpSTjY4c9IBc0FVX3lxTE9OUkVSWVFmdWtsTFVqRTI5SmN4SEpCZjFpS0NTcTFlNzNPelNrc0Z1UU1ZWnBiYjJocEw3c1BjNDNLeVpHSGtRLTBWX3BfQVZ1T24wckJUVkc1OGZFM29fV3YteUgzcnAxclV3TW0wM0M5dlE?oc=5
계룡산,기타,계룡산에 등산객 발길 이어져…오전에만 1039명 몰려,1,1,뉴스1,2026-06-27,2026-06-27,https://news.google.com/rss/articles/CBMiYEFVX3lxTE1EdXQtNmV2TF9hZXZaYUZrcUJZSU55dUpzWjIzT1J4UXRsbExWVGlEMW56ODAyS2tMRXNUR1lYSDE1ektNWkVWQ2ZIaU00TmtybkUwQVRKR3c0dTVlLWx4VNIBZkFVX3lxTE0zb1FGQUQtR0xONUZsdDM4WVp6UVVxYmxiUmxvVDVrRXU3Um1rODZFTmt5X3NrX1RWSkUwMTVudFkxbmhMbFpPUEFKY29raXBhUEFIeTZjeXd2YS02WTFocy1zTHNCQQ?oc=5
지리산,기타,"""지리산·설악산 제치고 만족도 1위 했다고?""... 유네스코가 3번 인정한 주상절리 절경 '100대 명산'",1,1,ardentnews.co.kr,2026-06-26,2026-06-26,https://news.google.com/rss/articles/CBMib0FVX3lxTFBvaFlfWEJlQVZYcl81ZmZ5WjRrVkhCMWhwbV9EMEoyS3hwMGJjdVdzb1NfX2Zndm9qRFJ6RlNBa1FOU0hmZ3VqWU9Wa2J5OWhQUzdEZkhWaHJkVmZ4QWhkOEV1OHE3cUo0S01yNk9yTdIBc0FVX3lxTE1MRVI4QTJQUzRqb3k2czBGMU9Nb0Z5aUhaWWxEVUJpYUgzVEpBeWNyRHc5a0tWLU9QODQybEZLNTNqd3ZQOXRVcmpndGl1akpSRVRTZmhiRUVoQ1Ztd28zRnd0QnVPelZwVTNoeUtoQ0plS0U?oc=5
경주,기타,망원시장·경주국립공원에 AI 붙인다…관광현장 실증 착수,1,1,아시아경제,2026-06-26,2026-06-26,https://news.google.com/rss/articles/CBMiYEFVX3lxTE11amZuWDhuZkpzVFNaUmwxZGY2QnV5ME5RTEhTNnRCV0xDNExDemV5YnpEdVRtYXRNRWwzUHFzOGlZemdaNDVVT1lUSXl2VFdKUlgxNTRTamR4eXRCMzh6dQ?oc=5
한라산,자원보전,"한라산 중턱에 조성된 사토장, 생태축으로 복원된다",1,1,헤드라인제주,2026-06-25,2026-06-25,https://news.google.com/rss/articles/CBMic0FVX3lxTE5lTlMwMW1hMnJYbWVBeE8wcW5XLTVsSXF3NEdIRElsZkJLRWp3R3VDdHdOSXFkbWRMMUtINlQ0VExkRXpBMndZV1FaWFkydGNRcTZlYWd3NWZGS2Q2SElyVjA3NlcwcW9XQ2VZU0xCdUExNDA?oc=5
내장산,탐방시설,"장성군, 내장산 국립공원서 즐기는 ‘숲 속 여가’ 프로그램 개최",1,1,브릿지경제,2026-06-25,2026-06-25,https://news.google.com/rss/articles/CBMiWkFVX3lxTE5MNDhqQ2JSY3BNejdIQm1YeEtjSmRnUTRHT1B2WnhMZ0dVV3NkMjd0cnN5T1hKRGJldUEtNGJPdTdIMVVHdFZBU2hwWXdvLU1zLVdtUXl3SzFKZw?oc=5
한려해상,자원보전,"""한려해상 국립공원이 발아래 펼쳐진다니""... 해발 212m 기암절벽과 수국 군락을 품은 섬",1,1,ardentnews.co.kr,2026-06-24,2026-06-24,https://news.google.com/rss/articles/CBMib0FVX3lxTE9wT29iYmVqVkdqdUR0Z3d1YUtHVE9fWERCN3RMT2o5WjJfOVlaTlhUSWdmdmktU1hvbEM0WkFlMXhzMDNfWTJ4RDkyb3VSS29aYXc2bWdkcllnLWRCRlBHcEtSbWI5Zm8xSnJST0JsWdIBc0FVX3lxTE9SX3F5dmI0blBSd3FSTEZ6THBMNFpuTXVjLVN2XzdEVXpXc1VXaDNEZzE3NHVEZml1YkptZzVuRTVvNm9RUnotYkhhQWg0NVlhaEhJWHJzcXlIbnNGLXFrdXhVU2JCM1FVQTBERmtIUHdCQ1U?oc=5
지리산,기타,"지리산 천은사 상생의 길, 초여름 숲길에 피어난 ‘대흥란'[포토뉴스]",1,1,타파인,2026-06-24,2026-06-24,https://news.google.com/rss/articles/CBMiWEFVX3lxTE05ZUl3a3EwaFM0MkpfeGVRa2o4LVVQRm5oUDQ5UHRRN1JqRzZwZ2N0X0NiUkREMkN5TjQ5ODJUbTJOT3ZNV3JWUzRfb3hWVnQ4dFNpWko1dnU?oc=5
북한산,재난안전,"금한승 차관, 북한산국립공원 산사태 재해복구사업 현장 점검",1,1,연합뉴스,2026-06-24,2026-06-24,https://news.google.com/rss/articles/CBMiW0FVX3lxTFBRYno5eTZBTlRDeWNydklDRmlBbnprRzVraXpxdzh1Mk1jOEdIZl91YV92bDduSDMtZlR5aWgxNmtER181UWV1X3V3dVRrNjhFcU5xSkdjU1U4Y2PSAWBBVV95cUxOSHpDbVJtU0pxd1FnUlJENlg1ZkJhdnBwWFBqRFNnRjBJYzJEMFdDV283Rmd0RHZrVFdDdUg3NHBaSW00ZnNLc2FZbFpTUWd2RWstaV9RaXJydXd0Y3JxQTk?oc=5
설악산,탐방시설,"강원 시민단체, 새 도정에 설악산 오색케이블카 재검토 촉구",1,1,연합뉴스,2026-06-23,2026-06-23,https://news.google.com/rss/articles/CBMiW0FVX3lxTE1UUnVkWl8xa1lfVFFXaEd6X1NNTVpYblUzc0Q5Z3hUaDFaNWhkRnV1NGpGY3hWamdXUVpCSHJVWUJHUnpmUTVmb01Jdnd4SGZIbnRDMWVtQzExZFXSAWBBVV95cUxPT0tOZE0zTjB2YTR6NVlrT1diS3Z3U011Z1g3UW9ZUG9CSnV0V2tLZUcteXdjOUJIZlRPNU9rTmt3OWlIM3dqTHllUWppekwyTkhMTVRUdTE2M3l2SDdFNWk?oc=5
(전체·공통),기타,"[현장]국립공원 ‘탄소지도’ 펼쳐보니···숲, 탄소 202만t 줄인다",1,1,경향신문,2026-06-23,2026-06-23,https://news.google.com/rss/articles/CBMiWkFVX3lxTE9yZ1J5Y1FTcllvbnMxQkRQc3NfRGpnWjhXLURJQjVuWk5JUmlzanFSc1EyTnBFYUtBV0VsQlNWODRhNlhoS2Y1cEJVVVhqbEdqWURBRHQxLU04d9IBX0FVX3lxTFBDUmxtbWFYTTdjQTZiWW5YNUh6VS1pRWFzWjkzbmtvNHZzWEVJZVdWc3BfS2dId2ZRYXZxZHdUSmZZY05fd2QtNjRnTDhaNE44OHI5blhXV0xLalpDUDk4?oc=5
주왕산,기타,"주왕산 절경 속으로 첨벙, 국립공원 최초 계곡물 걷기 드디어 출격",1,1,이치저널,2026-06-22,2026-06-22,https://news.google.com/rss/articles/CBMiaEFVX3lxTE5QQkljanVaYWJMNzBtRkZGV3FNMUhGcnRJLVNqTzk3LTFfdTVZekVrRVNuQWJqUjlVbnF3MGRIeXh2dUgwWFRLc1A4TjRDSXByZU5Ya0s5dzNJZGhSa1F0NXJhcWRoTTB6?oc=5
금정산,기타,'환경의 날' 찾은 금정산 국립공원에서 참여한 '기후행동 실천 캠페인',1,1,대한민국 정책브리핑,2026-06-22,2026-06-22,https://news.google.com/rss/articles/CBMiakFVX3lxTE9pcUJ2WWc4bHc2U3NKQWc1bEF5NmlJNDJwdE16NjVJWlg4eW0zUGtad2FWNGJZQXJVYlhrVWZqd1JBbk5hbkdFY05wUFZLU2VRNzNZSXVaUzZhTnhMMEZXNTlEdG1jQkg2UVE?oc=5
(전체·공통),기타,발 담그고 계곡 걷고 섬 누비고…국립공원 여름 여행 떠나볼까,1,1,뉴스컬처,2026-06-22,2026-06-22,https://news.google.com/rss/articles/CBMiZkFVX3lxTE9pUnRGYk02NzFtMmlIcnV1amNrRTBva1R1QXZWcGV0LVkyYmNPNjRsWkdQdVlQOWdqOFc0UzN5Nm1sME9BajB2a3ZCbGltOXZzV1d5aG93M2p1bGkyWHZxX0ZRclA5Zw?oc=5
팔공산,기타,"""팔공산에 올빼미가 돌아왔다""…울창한 숲 형성 효과",1,1,뉴시스,2026-06-21,2026-06-21,https://news.google.com/rss/articles/CBMiYkFVX3lxTE40YXRkMlZmVnJaNk9QTXc1bnhKdjNfRUgzaVlVYmEzY2JKdXh3QktmbnJsWng0bWF6VDVnRjZtemZIMzhMLU5oX3NQeG84R0Z2TVlKbVVTc1FVX0hwbjhRLU9R?oc=5
지리산,행정,"지리산국립공원공단, 수액 채취용 폐호스 철거",1,1,경남일보,2026-06-21,2026-06-21,https://news.google.com/rss/articles/CBMia0FVX3lxTE5PUkJOU0pSUXRLS1pSTmlKSUxWWEFyUTFKdkxNVE9BVWJMalkwTnlXbklWSXp1QWoyWkJ3UHBWRTZ4c0Y1SGhJMEtVdzQ2X3JlU2ltbjlHZUdUTEZidEQycWxFYm1vMENrYXY4?oc=5
주왕산,기타,아이는 왜 길 아닌 수풀로 향했나… 주왕산 초등생 사망 46시간의 흔적 [사건플러스],1,1,한국일보,2026-06-21,2026-06-21,https://news.google.com/rss/articles/CBMibkFVX3lxTE9JaV9vRUN0ak40dEY3TFlSSUxvNDlKSjF2QnZkakxocS15ejZ3azdJckZpZVFsRUxXU1dBYTM4akRCVzFkekk4dHZSeW01U0F2aUREdHZFSnNFendoRmlzNXVGaHFWRk8xR3cxWUtn0gFzQVVfeXFMTnZ4T2dJM0pPX21hME9oN2JxX2JTNW5HUkFZaDRHMFNTTFI0YmRoRHdUNjVlVk9LdW1CTmJYWmhtZFNsYVJWVHNDdHJyd2txTWJ0amhWbV9ZLVo4cFhnWEd5U2w1Snh3ZWhLZmI1a1VpQUJUYw?oc=5
월출산,기타,"[기획칼럼] 바위의 시간, 달빛의 숨결…5월의 월출산이 다시 사람을 부른다",1,1,대한뉴스통신,2026-06-21,2026-06-21,https://news.google.com/rss/articles/CBMiV0FVX3lxTE5nZlVvd1ZxaUp2X1hVWXFJVWpjSmZ1VDNKVEVEaUxSd0dNRjJfU3VBZEptM0VMUU8tMTdNdlc2V3lvQ096eWkyLWdaaTdUQjIxdVBiWVZjMA?oc=5
월악산,기타,"""월악산에서 이탈리안 음식 즐겨요""",1,1,v.daum.net,2026-06-21,2026-06-21,https://news.google.com/rss/articles/CBMiT0FVX3lxTFBPY1pqeGp4X0pfSzJENDVCemtUSnNjbTU0cEdxWkwxdGRTNXpoLTAyZGtJbERCWFlqbmZ2TWNKR1RZblA3ekRVZGFRNTVYZ3M?oc=5
변산반도,기타,"""유네스코 인증 절경, 무료로 즐기는 부안 변산반도 트",1,1,브런치,2026-06-21,2026-06-21,https://news.google.com/rss/articles/CBMiR0FVX3lxTFBDM0FvUlc2NGk5dmYtUmlzaXVQWlAzczYxb2RuTEpUTWtUc1V2cUhCM3ptT2ROdWtVdC1kMlo4SmdzNUVmZ1FZ?oc=5
(전체·공통),자원보전,국립공원의 생태계 서비스...경제적 가치로 따졌더니,1,1,강찬수의 에코파일,2026-06-21,2026-06-21,https://news.google.com/rss/articles/CBMiW0FVX3lxTE95WEZjcTlqNVFXSVd6M1gxQklIY0c5d29kb3h0VlZYQzU1LXFkc2N4QmVZNl8zVFZCcVR0RVRTQjdWQ0JxTGpnOGx1OXRMVWJfcTFHcmQzUUlJME0?oc=5
(전체·공통),자원보전,계곡·섬·역사 품은 국립공원 여행…테마형 생태관광 7월 개시,1,1,해양레저신문,2026-06-21,2026-06-21,https://news.google.com/rss/articles/CBMiV0FVX3lxTE13cUpTZFpDaVNWSi1fcWY2X1g5Vzcyaklzd25MWDFpR1NPWHMxWWl3NkdlRFdsUHdHVnMteGJ4VVBlLUxpSzRrbnpLeTd6WlJVanp3alNNOA?oc=5
(전체·공통),자원보전,"국립공원공단, 지역 문화·자연 자원 연계한 생태관광 선보여",1,1,뉴시스,2026-06-21,2026-06-21,https://news.google.com/rss/articles/CBMiYEFVX3lxTFBYNl9zY2RYeGpBcWhBdE52aEpEQ29Hb1U3Q0RKc3VuZ04zd1lsQVAyR25oT1N4LUJFTjR5UEtCcHpOTm1QaEEySEZER0Y0RXdVVFNOQzJfQzN1RTM1T18xUtIBeEFVX3lxTE1ENHQ3eUM4d3NyeWNRUVExOW50c2txaUY4S3J1dm02TjdueWFTQzI5YkUxeVQwZWNVVTRqemE4ZDZzTVlQQ3Q0RDJZVU8tVW9GN1M5VHpmNGV4TkdKcjdoRGIxektrLXIycEMybXd1d2dGZzlwck9HNg?oc=5
(전체·공통),기타,올해 여름을 시원하게 보낼 수 있는 국립공원은?,1,1,한겨레,2026-06-21,2026-06-21,https://news.google.com/rss/articles/CBMibEFVX3lxTE9ENzNkTml6a2xyM1JsS2JOS0xPODVYR2d4enRPdmpFVlJ6ZjhpeDI0Sk5lOEgwREFmTktMMDhkRElVeGJuS3AxZ0VNVW16bnFuQll5MVF5ZmVuUHZjakk0cTkyYzJsTDd1YVJkWg?oc=5
한라산,재난안전,"제주 강풍특보, 한라산 입산 통제 및 가로수 쓰러짐 사고 발생",1,1,2news.co.kr,2026-06-20,2026-06-20,https://news.google.com/rss/articles/CBMiaEFVX3lxTE1QdTd0eU9STWlSbDNVc3NaQnZscDFxTjdJUmxaSWFwblJicHNlenA3ckxzd2pZTzY3cUZreHpILTJwY2p3R3pKYUlJZHA4UjM1TlgtMnlEeU5vbkgyb0Z5dE1KOVdVak9W?oc=5
설악산,재난안전,설악산국립공원 고지대 탐방로 전면통제…‘호우경보’,1,1,ecojournal.co.kr,2026-06-20,2026-06-20,https://news.google.com/rss/articles/CBMidkFVX3lxTFA3czJUNjRpRmV5UkhwTGh5bEhjbUlHSTdUN2tqV3lkN1d6RlNOeXFNbUNxelotLW9qbHZsVjMydV9mTk1HdWc5MElfOXBzbFFMRnh2R0pvbm4zTEtvR1NfUTV3dGJKUVRXbmdpUU1iOEFCYnpBWWc?oc=5
설악산,재난안전,"설악산·한라산 출입 통제, 나무 쓰러져 행인 덮치고 빗길 차 사고까지···전국 폭우·강풍 피해 속출",1,1,경향신문,2026-06-20,2026-06-20,https://news.google.com/rss/articles/CBMiWkFVX3lxTE15aEc3b25uQUxNUEVjUTYyeWFlZVJKUlRnVzhLMGtwNndtWG9WM1pLaVZEanJEbnNySVdHbWxDRU5rNTlCRmhNUnlVMU5IYnlHYXBZS3BtX0RSUdIBX0FVX3lxTFBQb0Y4R3cxZF9BMndhcWVpSWRHUzctaWhmOWVobmR2dXFLUFoyMUtDbmpIQnJpYmp4SWZXWnVTTDZEc1JHWW90Z2tnUWVELXNBSjRlYVZpS0duMGU1cGww?oc=5
(전체·공통),구조활동,"국립공원공단, 공공기관 경영평가서 ‘아주 미흡’… 직원 안전사고 등 영향",1,1,안전신문,2026-06-20,2026-06-20,https://news.google.com/rss/articles/CBMicEFVX3lxTE03QTRQdXdEYTBvQXNDRDZTdVpqa0MxeU9vS0k5ZzRhOU9wamtXQzJWbF9SckJRMmdXOVNNRVJnYkttc00tRTJhYm13OXQ1UHVXZ3NvZ2t5dUFVOGhnQ3VKZS1FMmszY2ZJN1k2a29URkQ?oc=5
한라산,기타,당분간 한라산 관음사코스로 백록담 못 오른다,1,1,제주일보,2026-06-19,2026-06-19,https://news.google.com/rss/articles/CBMibEFVX3lxTE4wVFkwcEFhMEZtQ19MVnZDSzBEYlFMZkp4MmN2WlI3NEQtR1JvTUpWSXhjSEc1V0VHVkUwWmFKc1kzamVxTFJvYmZ0clBNU2kwMnNpZnhmOTU3bzJvT3F3YXBGbzdrNlZzaVkwQw?oc=5
팔공산,자원보전,팔공산의 반가운 손님… 멸종위기 올빼미 번식 확인,1,1,뉴스후플러스,2026-06-19,2026-06-19,https://news.google.com/rss/articles/CBMibkFVX3lxTE1SWFNCUVFXU0ZMNTNtRWQzbU5Ob2pJUF85ZkdzUHBlZmN0bTBpU3RXa1g4YnZxbzIzb25HckVmczh0eE54SjY4RWNXbl9fTXdfQjllS0l6TV9IZE9FczNXTHpTNTFpR3NnY2VHS1Zn?oc=5
태백산,행정,"태백산국립공원사무소, 협치위원회 개최…지역사회와 상생 협력 강화",1,1,서울경제TV,2026-06-18,2026-06-18,https://news.google.com/rss/articles/CBMiZEFVX3lxTFBMSkl2eDRoWlFKTnBhRk1hdUpuVnA3QkhyTHEtRFl4aDZmcmFrdmJ3cGZGUlhCeVVwTlVSQmpQZXZlbWNqZXJsMERZXzRsdm9LVnRBcnBhT2NueF9vOE5RR0lPNGo?oc=5
월악산,기타,"월악산국립공원, 시민 드론 순찰대로 공원관리 혁신 나선다",1,1,kyongbuk.co.kr,2026-06-18,2026-06-18,https://news.google.com/rss/articles/CBMib0FVX3lxTFBseERNME5EaFdnWXE1U2lqd29EOVZlMm1VU3BEVjZyOW02SUZVcFUtSUxLZzYtRnY2U3ZjN0pQblMyczJxaWE2R2ppR0p4NDluWHFyVjZkSld5bWxiYmFwMEl0Y2FjWmk0ZkY1S0FkOA?oc=5
월악산,행정,"국립공원공단 월악산국립공원사무소, 지역 청년 사업가와 상생협력 업무협약 체결",1,1,충북일보,2026-06-18,2026-06-18,https://news.google.com/rss/articles/CBMiYkFVX3lxTE1pbGVlb0RsTWtDWmpsMEZGanFndXJObGFvS1NENlVkSlVIN3U5NHA1Uy1oTUVQZVNyN0ZiRkJMQ2R3Mi1nTWhaOHAtcmRLQnFZNms0MXR2YjF6dWpIaEx0OTln?oc=5
월악산,탐방시설,"'제철 한 끼'…월악산국립공원, 탐방객 미식 체험 프로젝트 추진",1,1,뉴스1,2026-06-18,2026-06-18,https://news.google.com/rss/articles/CBMiX0FVX3lxTE1UYk43YXlQYWlXcWZGSUUwdXQxNUlib0dxTjJocmFuSVY5MmdGc2FHLVZ2ZkdIRE9aYzdaU1B2YjRIUkxSMDdQMUQzMFRKUTVLeVdEV2wwUDBMNDJEVmlF?oc=5
팔공산,자원보전,‘팔공산 올빼미·영주 복주머니란·울진 산양’…대구경북서 멸종위기 야생생물 잇단 발견,1,1,서울Pn,2026-06-17,2026-06-17,https://news.google.com/rss/articles/CBMibkFVX3lxTE9KREVtb21hM3h0SmVXRXZ0UGZKQXhrTlpqQWxsb29RejNKbS1yMzhEOXZNZEpHRXlLZ2haelJEOGdaaWhOYmNEYjh0WWt6SDlkbFE0SXltWHYwVlI1ck05MnE3S0NzMlRQV2V5aGtn?oc=5
월출산,재난안전,"강진소방서, 월출산 위험구간 점검…산악사고 예방 총력",1,1,매일일보,2026-06-17,2026-06-17,https://news.google.com/rss/articles/CBMiZEFVX3lxTE9wMFBvTGd2UGtUTkVzMWVjazVXWmFTOV9hWmd2X2lEN2szcVdWRkI0RThMMF9MNFphb2Rtb0VqNUM2ZklQWkprT1BTbUczOGpPNlN4dDVvRXpIQWM2WHQzXzJqUUY?oc=5
북한산,구조활동,"경기북부소방재난본부, 북한산 119산악구조팀 개청",1,1,경기신문,2026-06-17,2026-06-17,https://news.google.com/rss/articles/CBMiYkFVX3lxTE1neDRUWTNnd0dTOUpZRHZnYkhUWXhZY3FfNkU5TlhSZ1cxd01QM3BXNzh3cGNKU3RYeWRFZnFnSWJiWWljZjlqZ2hqY29ycEZuWGN6R3pTYnNjQW9Ob0pucjNR?oc=5
북한산,구조활동,"양주소방서-북한산국립공원공단, 등산로 안전시설 합동점검",1,1,소방방재신문,2026-06-17,2026-06-17,https://news.google.com/rss/articles/CBMiRkFVX3lxTE91UEVUN283Q25BTjdKNk5rTmpXdnViZkNTNVpYRkRLQzI3OXZWWjJ4ZmgzM08tZkZXaUptd2lZZUw0RzBodWc?oc=5
금정산,탐방시설,올해는 국립공원 지정 자축하는 금정산 축제로,1,1,국제신문,2026-06-17,2026-06-17,https://news.google.com/rss/articles/CBMijgFBVV95cUxNS09DV2huelZ0UDVjOVFiNmQ2ZGRCdnhvRGVnc25vUkRsSDhLV1gxaWktUGpveGtNS1NVaUFFYmhHRDEySWQ1R2RjdXpmeTFOZGFHbDZFMlVnbUsxNEp1Z2pCeUt0MFlnV18xZGoydU5wbU84ODUta0NVVmlyS0xvdUJTakxfRm5BQVF3anhB?oc=5
(전체·공통),행정,국립공원공단 서부지역본부 서부권역 중소기업 구매상담회 성료,1,1,뉴스21 통신,2026-06-17,2026-06-17,https://news.google.com/rss/articles/CBMiVkFVX3lxTE9sSl9NWGpzRGZHcUI2YUYwdFhTVlNwbWM5cmdMNkQ4czllaUZFU05kaldWV3BzcEJwSGpUeGVFYVhGQnc2NWc4d0kzbktNaEdlaG8tekJB?oc=5
설악산,재난안전,[자막뉴스] 통제 기간 끝나자마자...설악산 아찔한 사고 '속출',1,1,YTN,2026-06-16,2026-06-16,https://news.google.com/rss/articles/CBMiXkFVX3lxTE5ZRXZkX2t2MXBodXV3XzVEN2QtSHJUQ3FvOTZkVllTTlZ3ek5LSmJmSHJkVGgyYmRuNEpNUm1qM2FpRl83c09JMExhM2t6WmlIV25YTmU3TzkwWDBXZVE?oc=5
팔공산,기타,"팔공산국립공원서부사무소, ‘제3기 시민대학’ 수료식 성황리 개최",1,1,BBS불교방송,2026-06-15,2026-06-15,https://news.google.com/rss/articles/CBMia0FVX3lxTFBKSmxsTVhjeTh1VkdzVHliakVGOV81Z1p1UjNzQnd1NFhZMG54dFFINFNLYVZQZlE3Q094bm93TEhqdmNUSHBvdFYyeU1sT0xlUlJuYzdXWmNMdUEySEdrZ0NuYUk4QzZxZ2dr?oc=5
소백산,자원보전,"소백산국립공원, 초여름 야생화 본격 개화",1,1,경북매일,2026-06-15,2026-06-15,https://news.google.com/rss/articles/CBMiWkFVX3lxTE41R2tlbFUzZWF3a2V1MWJRdzBjcV81M0llR2tLcFlGMnFyT0QxUzVLZWg1N3ZCenZhWGkwTllGN1dKdTFDRERGWk8xMHo1U1lScWpGMVVlRUJZZw?oc=5
소백산,기타,소백산 고지대 초여름 야생화 만발…눈개승마·큰앵초·백당나무,1,1,한국일보,2026-06-15,2026-06-15,https://news.google.com/rss/articles/CBMibkFVX3lxTE1xRkswWlM4UE5pc2h5RFFVbDlRb2RlcGZ6bkJkc21uMGptUU81MXpPcDRJc011Rm1ydHo0M1cxaEY3NjBWWWVKVkQyOHJmeWlWeVgyejByeDZfc1FkRFV6Q2dfRHp0TjJ2Z2NuMmNR0gFzQVVfeXFMUHNjb3N6WVlHQmJRaktBQXBuNmtOa3VFeFYyUU5XUnc5REVsMmthTG5JaFI2aHZHRjgzWkx2NzVBMmdOeHNaUUZiMzlEX0RlcmsxakNORDd0djBObkVzNFRtamFXMlhmZmZEdnl0Sm9acmJHRQ?oc=5
경주,기타,"경주경찰서, 전국 힐클라임대회 현장서 교통안전문화 확산",1,1,newmediastock.co.kr,2026-06-15,2026-06-15,https://news.google.com/rss/articles/CBMiX0FVX3lxTE95ZVlTa0pybUx1VkpMT01VRkRwNXppNDJPUmt6dUE3YVc2UkhYTF9DOVVzeVh5RHctTjNnTHd4UkYyVUx2bEZyUDRWMzVvUVVSUllSTHRNMGdyUDkwNXlr?oc=5
태백산,기타,태백산국립공원 다람쥐 '망중한',1,1,뉴시스,2026-06-14,2026-06-14,https://news.google.com/rss/articles/CBMiYEFVX3lxTE12Qi11ZkhCcnc5TE1iQW9ia25vMnpkTG95bFZyZ2ZRekN4TV9RS183ZVc2bUExaFozVkFsQVNrRVBDQzRkSU1wWUFTcWRNRm9XbUFOS1Z5ei1YR0NwaWxMUw?oc=5
내장산,행정,"시민단체들 ""내장산국립공원 '파크골프장' 결국 이름 없이 편법 고시, 기후부 '규탄'...취소소송·집행정지·형사고발 진행할 것"" 후폭풍 예고",1,1,전북의소리,2026-06-14,2026-06-14,https://news.google.com/rss/articles/CBMiZ0FVX3lxTFBJcElKMGU4ZUhtOThTYy1FT05Ec0hzQmt3T1FrQXlXRmtWLWlMcmg0VGRYRVY4ZFcya3hGTTBkUTRwMEljREdyZG50bVVrM0Vxdm9qOXFNSXJQbkZLdHRtTHU3UGUyVk0?oc=5
오대산,탐방시설,"오대산국립공원, 장애인 유튜버 성장 지원 프로그램 운영",1,1,산림신문,2026-06-12,2026-06-12,https://news.google.com/rss/articles/CBMiVkFVX3lxTE5GR1dHSzlJNzhTTlhFa3h4OW1hU0xYZGdyTEFRWmsxRHA5eTR5RkJCNkFYNUdwWFNJUlRSejBBc1JCWkItMkxidDBpa09SZjhiV0pybmJR?oc=5
오대산,기타,"""올여름 오대산 소금강 계곡서 발 담그세요""… 7~8월 두 달간 한시적 허용",1,1,브레이크뉴스,2026-06-12,2026-06-12,https://news.google.com/rss/articles/CBMiSEFVX3lxTFB0RFlKOGVaRmtkbHdqUFBuOW9iVTJnNTZLV1dNZ2JkN0wweDJBYU5pQzdGdHd0OWhJemFGNUlpOVJocGxVU2w2WQ?oc=5
소백산,자원보전,"소백산국립공원서 멸종위기 복주머니란 개화…""생태계 건강 척도""",1,1,한국일보,2026-06-12,2026-06-12,https://news.google.com/rss/articles/CBMibkFVX3lxTFB5b2dLalFEVi1YWUVSN05VQUg0U0dsNXRNR0RzRHF1QWxRa2c2TG4tUmswdVNmZWZ5NGxqV09ZRHRJa3FzWWhub2ZCWGlrNkxIT3gtT3pzd3pUQUE2UG56VHR5UkxSLTZORVcyYWFB0gFzQVVfeXFMUG9lbGkzSWUxcEFDYVFPRmRWSXdxWFNnRjFHbjZsT3BfLXpERkF0TnRBN0hHd085eC1PNElCLS0xcXpnU200S1BNd1NaRWt4TG5reXdSVlFiYU5Senk5cGRHRXJvY0N1WkU3Z3dUdG81S19GOA?oc=5
금정산,행정,"동래구 행정동우회, 금정산 국립공원 지정 축하 캠페인 전개",1,1,국제신문,2026-06-12,2026-06-12,https://news.google.com/rss/articles/CBMijgFBVV95cUxOYUFQNkdOeTlpUWQ4WFgtdFpsTHJtdkpOOEFjMlB5WVN3RUd5NDVmbUlCbUh2ODNOOFdzcHhNRjV3a1RwT3BHRk1YWFh1Y0NrYUJqbkg5X3otbG9BLUZQS2dyZGNOc0hsTV9hcXBmM2tJcmNhTEhsVEdhOHZicUMtQWFzQ0s4eGJldGRQSlNn?oc=5
한려해상,기타,"한려해상국립공원·포스코엠텍, 섬마을 환경정화",1,1,다바(DABA)뉴스,2026-06-11,2026-06-11,https://news.google.com/rss/articles/CBMibEFVX3lxTE4tZHdSUk5mNG9QYnVkXzFFalNBbGRQZU41WkR5VVZPTVdna2xUMC1FcW5Ydy03ZUU0WGttS3g3ZWxSYWExeV9qWjRrdExzTjFfbkhhZEVPVXBYT3A4cWRBWlF0dVpNT1V5a0Fsa9IBcEFVX3lxTE9BR0lnTzQ5UlV0VEF5RnhZTUZJUkJjSVZPNlN3eGg1WVZPTWJ2eG1YM2J3Vjd4VXZhRVBudnAxMjd0Q0Z3Y2VHX3dXb0U2X0hfQlNLWDE3dXhPQUJvSjR1b0FHemV1YzJoUUNKOThWdEs?oc=5
지리산,탐방시설,"국립공원공단, 구례군 6개 기관과 ‘지리산 안심마을’ 조성 나선다",1,1,시사의창,2026-06-11,2026-06-11,https://news.google.com/rss/articles/CBMiVEFVX3lxTFA1dDZNMi15WFVOVTBmTFRjM3BLeGhaWFhJR1U4R195UTMweXk4QkFDQl9vbWZ4bmFtX056aXMyd0VyVXJWaHZfS3lzWGxva0VoRUVRNw?oc=5
설악산,탐방시설,설악산 권금성 케이블카 오는 16일까지 운행 중단,1,1,KBS 뉴스,2026-06-11,2026-06-11,https://news.google.com/rss/articles/CBMiW0FVX3lxTE96MXRvMU9vckg4dEJleXBjb3p0VnhFTUc4dDRpNl9hM2doZWNjM2E3aUVWOERtLUhyWm4xeVdkSWhxcWR6S0J3VUo0Rm9lNzZ4Y0RRSG5BZWR2N2s?oc=5
내장산,탐방시설,“내장산 파크골프 시설…‘편법 고시’ 철회 요구”,1,1,KBS 뉴스,2026-06-11,2026-06-11,https://news.google.com/rss/articles/CBMiW0FVX3lxTE9nR0VycnlNXzVZUVJaNi1ESVhSa0FOXzZiMG44bTZNaGFGM0FWUnc4dnA3VlBLWVRsWERoZ3hxOHFlZE95ZWRfTlhOOVRIbmU3cloxd2xVanhxNW8?oc=5
팔공산,행정,"국립공원공단, 대구 초·중학생 대상 '제2회 팔공산 그림대회' 개최",1,1,BBS불교방송,2026-06-10,2026-06-10,https://news.google.com/rss/articles/CBMia0FVX3lxTE1jZWRwZ2plSW9yd3Q5cXVNZk1ES2owbk1yc1hhZW5TZ3kxb2tKN1dfZFdTVEV4b3JkV0NQTDhwMXBmTXNXZUdPZVdycWFMY0VtOS1LVFZ0bF9JME1Lai00ZWtBeTU5LW9URTNJ?oc=5
설악산,탐방시설,"환경단체 “양양군수 당선자, 설악산오색케이블카 전면 재검토해야”",1,1,한겨레,2026-06-10,2026-06-10,https://news.google.com/rss/articles/CBMiY0FVX3lxTE9tVG8yQURBUkczMDNRdURDRXQxQ2pzMC1EY1ZvOXNvaS1INXltSVdwdS1WQmh3cS1Iakt1c2QyVDZKeWpySEp6TWZnd2RBWnJZSGJMdXlFY0tZUER5SWRRNG0yaw?oc=5
무등산,구조활동,"광주, 전남·전북·제주 뭉쳤다... '무등산 실종수색' 총력",1,1,뉴스워커,2026-06-10,2026-06-10,https://news.google.com/rss/articles/CBMicEFVX3lxTFBVUXJUaWVYeFpaMVF3dXhmSWtoSmIyTEZDWEtmUTJ3OEpWVnE3anJJWXZwQTNXX0J3VXhYcGhReHBrS1I2bHo4T2t2UkxfTVN4NmlpTHlQLW9FdGVxNmc4cnNtRXRVOG1MX1NpZjd0ejPSAXNBVV95cUxNZy1PamN6cmFWei1qTUVhRkNJRFhGTWtCbmNqd3RZSFh1dThaTEJxY2JJX213WlpZQTdBMnFwN0JPVUdZU21QYXQzc0YzaXJtVDVxYjJHcG5USlBTU3Ezb0xqdFpRVDcxWGpISHJqclRKR0lR?oc=5
무등산,구조활동,"광주시, 무등산서 호남권역 합동 산악구조 훈련",1,1,목포타임즈,2026-06-10,2026-06-10,https://news.google.com/rss/articles/CBMiaEFVX3lxTE9PV1V0QmhwaTVZZFczT1FQblVqV0ZFbUFFUGJwcnJpaDRlZjNIYVlXSEZaNVI1eUJqTXVhbUJobTRGMDFLb0NERDRSeUs4Zi1Dc0dRT2FvSC1LX3lUUldVVlpNdzRxUjhZ?oc=5
한라산,탐방시설,"[현장] ""한라산 철쭉과 한 컷""… 탐방로 넘어가면 위법",1,1,한라일보,2026-06-09,2026-06-09,https://news.google.com/rss/articles/CBMiakFVX3lxTFBCdFpvMmxLWmthQlZoQ0ZKRUFFS2ZrTGxFNU9kN1lXQk0tNlIzRWNHMzJ2WGJQcjRIeXBPbExFZ3RLQ1VUdTl5YkZVV25jUGR0OWZHLXJ0ZmhOYjh3bFdJWTktVmJKZ1M5YlE?oc=5
지리산,탐방시설,지리산국립공원 구룡계곡 탐방로 10일부터 일부구간 개방,1,1,전북도민일보,2026-06-09,2026-06-09,https://news.google.com/rss/articles/CBMihwFBVV95cUxNOU1XdnRtdmxqTFMyNlI3QXVha0RhRXA4Um1GNUJ5RVZZbFNEdmFISmZSQ0FuVVRoeUZSb20tLWI4V0MzU2dwczFDSGJaT05zQ24wNnZ6TjMycG1CdGQyS1hOVEdjdkJLdzVCdmNjc3JqSkhCU0FFMmxjVUZEOUxXa0NtQ01DdG8?oc=5
(전체·공통),기타,"""장가계 안 부러운데 무료라니""... 중국 왕이 직접 찾았다는 암봉 8개 이어지는 남도 국립공원 명산",1,1,ardentnews.co.kr,2026-06-09,2026-06-09,https://news.google.com/rss/articles/CBMib0FVX3lxTE1rSkZ6TVhCY3ZwYmEtdjFSaFdsbG56Uy1oTW9pSDJBWVg3U0dxMVlfTmNuOHpMVmxLV25GLVI2elVLZ1BnbUV4Vlg0V3BWaklsd1ZXSDZFM0cwb3JnQjFWaGtrOUhqSUpFYjdxNDFZQdIBc0FVX3lxTE9IdXp2dnMzV0kzLTlPVldRM1lmMGpPYnVpX3hCa1RiUTVmZTY0MmstWVUzV2NWY2NCZWFuTWs2S0VWZGdSMFFHSG5vVy1kbXplbGU2U2J6RFhEWXktTlFtUVE3Z1dFSVVIUnA0R1B4LTFWZTg?oc=5
월악산,자원보전,"월악산 국립공원, 의림지서 ‘자연보전·청렴’ 알렸다",1,1,v.daum.net,2026-06-08,2026-06-08,https://news.google.com/rss/articles/CBMiS0FVX3lxTE5NdkVaV25QLVFSel9lQ3BNcHdoSXZucl9RNmd2NXZfdlNmejRkUHdrcW1uMUxfQlZaakp0SmRhWEZoYlRSdkwzRDd2OA?oc=5
오대산,기타,"""천년의 숲에서 나를 만나다""… 오대산 선재길 걷기 행사 성황",1,1,강원신문,2026-06-07,2026-06-07,https://news.google.com/rss/articles/CBMiaEFVX3lxTE5XRnQ5aEIxMThOdWY0bjJWLUtlcmxHemZfcWctU01HU1VRTXZuWXRaU0oyckxpaFdSYURmNGVvN25FeFNZREFmU3lnV2FvYUpNdkNEbTZRVVo1cEVrNFVVTWM3dVduWWRz?oc=5
금정산,자원보전,금정산에 극희귀종 한라별왕잠자리 산다…생태다양성 입증,1,1,국제신문,2026-06-07,2026-06-07,https://news.google.com/rss/articles/CBMijgFBVV95cUxOOERYR2FvWTRFRmR0VGRrTWZMVF9PSFNnU3RCNmlvY205c0lib0dSOTViODQxdU1MQkxMMHNQQTMyMHlJY3VRVVBFbHcxeGtXc1paTFhmWThEZnBHcDRpOENaRC12Y1E5dWt2S1VnWnpPVVFHVS1hSTlLQTN0WlhQY1ZPMGJpdUQ2Q2NBVUFB?oc=5
(전체·공통),기타,지구 반대편 섬나라도 놀랐다…‘K-국립공원’ 이 기술 뭐길래,1,1,v.daum.net,2026-06-07,2026-06-07,https://news.google.com/rss/articles/CBMiVEFVX3lxTE5WajJmUFgwR3VBUjVsZUpDZEZsZHU0VXlaQnAtMEpjaXp0ZzhtY1JnZExDVlpRZVptNHJGVFE0NDNLblNwZjNvby1xZkJnVURlMjN5cw?oc=5
북한산,기타,"북한산국립공원, 753만 명이 찾은 도심 하이킹 명소…서울에서 만나는 ‘가장 가까운 국립공원’",1,1,여행레저신문,2026-06-05,2026-06-05,https://news.google.com/rss/articles/CBMimgFBVV95cUxOeWVMcjdRYlBiVUxTRWI4bXF3Zm5oTWdONkVBdmJ3anhpak4xWXlzZHBUUzUwQlJOaFdkZ0laNHM2NU5YSnRLTEpfOHhac0xUSjljX0Z0VS1uMGxtcDE1cFUwbDZxNjBsWS1xejB6VGtKN2w3U0VfTTRQQjAxdTAwY05aYWpyU1lCeVVTUC0zU1IzRVJ2ODl5ZnNB?oc=5
(전체·공통),기타,"""국립공원 넷제로 이끌 청년들 모여라""",1,1,netzeronews.kr,2026-06-05,2026-06-05,https://news.google.com/rss/articles/CBMiakFVX3lxTFBsNHpTQ0NfRFhWV1ppdkxfMjIzWFJ3cHZ5UTNHRnJsUWhfOXUwMGpsQWgwaWhEVktiX25DMXdYMUllYkFKQXFMNjZLM2hnelFnRTV3bU01c0tLVHlfMEZsY294S0lzaWtubnc?oc=5
북한산,기타,"한국 내 메리어트 호텔들, 북한산 국립공원서 ‘서울강산 챌린지’ 동참",1,1,호텔앤레스토랑,2026-06-04,2026-06-04,https://news.google.com/rss/articles/CBMidkFVX3lxTE1MRmQzUW9GZkl4UjZrZU5hZjNNRUVwdjhiWUwwcXFKOURUQ0prblpUMHBrTDJ6MkJRb2dLY0dTV0Y1RElDcmRtamRqVzRVazVqVlZmNGlRVHp0TklSQ0IyVGZHeThpN1YwNjUzeE5TekNoX1FleVE?oc=5
(전체·공통),재난안전,국립공원에서 환경성질환 예방 체험한다,1,1,의학신문,2026-06-04,2026-06-04,https://news.google.com/rss/articles/CBMiakFVX3lxTE51YU0tOUh4X2ZwaGUxU2lFNVBLUFRMUU9xWENJRU1xeWhKRjhYazAxZGZ4U01DcF9CcFIxMk0xUnk5WFJzaDhNRXQ4S1hzSGZic3oweDczMC1yVnpLQkFMdXRBcWx5OWQzdVE?oc=5
북한산,재난안전,"국립공원 통제, 이제 한파 아닌 폭염 때문…북한산 '82일 통제' 경고",1,1,뉴스1,2026-06-03,2026-06-03,https://news.google.com/rss/articles/CBMiXEFVX3lxTE5CcFE5Q0VkdFd5NWZtQUlOci11alRRU1hGVUNxRm85Y21yZkU1WkpxTU5xM0UybHdyb0F5R0Jaa2U4Ylk2NDFacUFvSDB2VjFYaUktZUZfS2JIZC12?oc=5
무등산,자원보전,노란빛 띠는 목 부분…무등산서 발견된 멸종위기 '이 동물' 정체,1,1,위키트리,2026-06-03,2026-06-03,https://news.google.com/rss/articles/CBMiVkFVX3lxTE9RY3JoRDVfM25oOXF0R0Y0SEVXYldpZlkwMUZrcWJtQjh0YkdNUm1fakpBXzIzZzVfdHR4MEkxUm5JSVpJM3ViZkM3NXJkdkRMSjc5TTZn?oc=5
(전체·공통),재난안전,"기후변화로 국립공원 탐방 문화 바뀐다, 한파 대신 폭염이 통제 주원인",1,1,2news.co.kr,2026-06-03,2026-06-03,https://news.google.com/rss/articles/CBMiZ0FVX3lxTE02QnRtbU1QbVg4VVF1SXJYUUZZZWZEZHN1VjdDblJ5elVoWDdvU1c4OVo3NmhLRU1uRmxydjVJdVpyRzQxRVR1SHFJeDM0VUFUYmpnbkZWaWd2RWs1bXU2bUU0Z3I5bG8?oc=5
한라산,기타,6월 말까지 제주 한라산에 ‘봄꽃’ 활짝,1,1,제주의소리,2026-06-02,2026-06-02,https://news.google.com/rss/articles/CBMia0FVX3lxTFB1U2REUlc0dmR0bU5uYjFUU1NIbXo3TV8yNTg1RmlLdU9PSllHd1ZSQ25oR21XZVpsUE1oaVJzMVlpSU1hSkJpQkY4VlJKSTgyZTMwMDcwUUFvX1V5NFR4bmtvZUZ4VXJyY2lN?oc=5
팔공산,기타,"대구를 감싸 안은 거대한 품, 국립공원 팔공산 [두시기행문]",1,1,나우뉴스,2026-06-01,2026-06-01,https://news.google.com/rss/articles/CBMicEFVX3lxTE0xWnczbERINXRXTWlXcTN4Y3RNT0RFM3V6MXR4aVA2QVZReVFSVjQtN04wT0lmZ0Q5dW1nNTZ6ZFFDTFB6MERZcXVZcmp5WVJ4My1KZVZFU041NkJTd0tRQkx2Nm5ubUpxdGJqOHdzbHM?oc=5
내장산,기타,내장산국립공원서 포착된 ‘동박새’ 가족,1,1,전민일보,2026-06-01,2026-06-01,https://news.google.com/rss/articles/CBMibEFVX3lxTE5JWFNCZExiR3BhRU81WlRpb1Znb0pnTWhndDFtb2xvUnkyVU5faUM2N0dCUGhBMUR0Q1hneVFOUDdMZnpTc0FJMzlqR3MzTWhiRDB5dzU5YmxLc2tVaC1mNzI0ZnoySVdGcHNXUA?oc=5
(전체·공통),자원보전,"국립공원공단, ‘보호지역 아카데미’ 참가 대학(원)생 모집",1,1,환경법률신문,2026-06-01,2026-06-01,https://news.google.com/rss/articles/CBMiZ0FVX3lxTE9MU2Z3ek9ya1lfcDNtQ21aN2xXYUs3UnJYa1lma1N0c3dxYldxdTFUNjhwajkwZGVVSlRBVWZTY0NVYXRqUm9jTlF1ZnY4ZGFERDZuM3k5WVZqNTlkTDdCWENVTW1kVlk?oc=5
월출산,자원보전,[포토뉴스] 멸종위기 ‘석곡’ 월출산서 개화,1,1,영암신문,2026-05-29,2026-05-29,https://news.google.com/rss/articles/CBMia0FVX3lxTE4zVm1QZHpvYnF1WmJPZjBhdFRHWWx1OHNVODBnTlBYMm5xbVhqWlEtLWctMmdnRmJHNGFSY0F3N0dqU3c3WTV5ZEcxY3V4OTBISlNhNGFUbVhwcFJVMTFGUmhWTnAyZ0JRZmdn?oc=5
덕유산,기타,덕유산에서 보낸 초여름 하루 초록 숲과 사람 냄새 가득한 로컬 숲푸드 마켓,1,1,무주신문,2026-05-29,2026-05-29,https://news.google.com/rss/articles/CBMiakFVX3lxTE5CUVFTREpydXF5MVNSbWV6VkxRRnI2MDRjMFN2N1B4MmxLbkl1T1doOER1X0J5U3pMdTJmSDVVSmdpQ0t4dFZOUVhidnJ2dlF1QWJyRkM1T3NIcEZ2S2pzdHNOMEY0dTNuQXc?oc=5
(전체·공통),행정,"기업 ESG 수요 커지자…국립공원공단, 삼성전자·현대建에 설명회",1,1,뉴스1,2026-05-29,2026-05-29,https://news.google.com/rss/articles/CBMiXEFVX3lxTFBsS3ZFc2M2elAtR3Y2ZVloMTd5THcwOUlOVHZsMUxWVmlvTnV5cUY5UnZ5Sm9MOHVGZEEzbDgyS0x5Wm5WM0s2MU9KRXhqLUJoWnU5TG1RbEhDSGpM0gFiQVVfeXFMTzBaT0lSRjhpZ1dRX2V3d1pvYlo5Sjk1TW44elpWN3Q0WW5iamcwUzNQS05RYmxBelZWcDZVVE40ZUVncGpyM3FsakkwYnZXQk5VVFNEbnhFb2U5LVhiTlJlVUE?oc=5
(전체·공통),기타,"동국제약, 서울 도봉산서 ‘제30회 국립공원 산행안전 캠페인’ 진행",1,1,팝콘뉴스,2026-05-29,2026-05-29,https://news.google.com/rss/articles/CBMibkFVX3lxTE96bG1XUUhHdVl4ZGhLazN0TzY2YXZ0TmRwMERDNVllT1ZWTHQydWxTdWo3emw1Umw0UUthdWJ6bG1VV3d4dEpTMlhJbW9talVvRWUyWTFVY0FoMkJ4eW5DM1pqU01GbFIzX3ctVVd30gFyQVVfeXFMUHVVeE41WHpmQ29wWVZfMnR4d3R6V1F5RXEwekVtTTlNZVFkeTREenFkOGtfemJJbjhwWEduNlRDWWJ2RW96TjFwUXZteVBoejJxdV9UcFFBUVMxX3ZPaDNHN0UxbE1tOVd5UDViRllBVndR?oc=5
월출산,탐방시설,"월출산국립공원, 영암 반딧불이 축제 홍보부스 운영",1,1,환경신문,2026-05-28,2026-05-28,https://news.google.com/rss/articles/CBMiQ0FVX3lxTE5mYUVxVmhpOGlDY2ZWOExTLVQxck9ocXN0eXlCZU11a09pS04tWFpRTW1sejVFb2o0dmFfdVd0Mi13dHc?oc=5
(전체·공통),자원보전,"'해상국립공원 관광 활성화 방안은?'···해양생보전원, 포럼 개최",1,1,뉴스사천,2026-05-28,2026-05-28,https://news.google.com/rss/articles/CBMiakFVX3lxTE1KdmpIOWlzUkRSQmx2WklLUFgyalZfMHU4OHgzdFZEclotUkdKLXFQRjJMaVJPNHMxOFdfZGg3YzNGU2JyeENHb3N1V0FKYUlXVXFiZ2ZhclZwcE1mUkZ0OTdGQTNlMVlVd2c?oc=5
(전체·공통),자원보전,"국립공원공단, 축구협회와 '반달이 굿즈'로 멸종위기종 보호 알린다",1,1,뉴스핌,2026-05-28,2026-05-28,https://news.google.com/rss/articles/CBMiXEFVX3lxTE1LX0pJU0dYeUtveXh6S2FxeGNIOUFVUGd6MFJuLV84blF2cVdUcEV6azdfOWNDQTZLeFBFbk85ZVpWS2FFZnloSWMwQjZnRzJ6c21XZEVVdF84eTQ1?oc=5
지리산,자원보전,"지리산국립공원-IBK기업은행, 생태나누리 프로그램 운영",1,1,뉴시스,2026-05-27,2026-05-27,https://news.google.com/rss/articles/CBMiYEFVX3lxTE4zYXZyN3F5dXF4MUUzSURZc1NqNHFjT0VsSW5pOHFzTnNsOGItdS05bjl4b0R0NG5RSUFETzdHZ3FXS2NZVlZ1T1B6NlJ6bjYxMkcwZUVRaG93dHVsSTI1QtIBeEFVX3lxTE5ua2Zpbl9DMDVUc1RfVjdjSk5qa3RNcWI2SzJZcTI3amdTREtIY2dkVHFCSG9ac293dkdOZmtsLU5xdGdPQU9aNF9CS2dtMkZBOGZJUV93YnVwTVk5TUpFVXhZS2QxejEyc0xWWnhmSUhnQ0ZjdDczWA?oc=5
소백산,자원보전,[포토뉴스] 소백산 철쭉 만개… 초여름 산자락 붉게 물들여,1,1,영주시민신문,2026-05-27,2026-05-27,https://news.google.com/rss/articles/CBMiaEFVX3lxTE9aZEZJWFNGT2pkaUp5cktUSWdHeFZTYVhsbkhWaFJDLVEtZ19EWHFDZXJOVGlWcDhLRVZpY3VCTEV3Uk1DaEt4XzZueFdhbEdWNU5RSU1ROTRiYkM4TmxwbXZVSGs0VjVm?oc=5
소백산,기타,연분홍 물결 소백산 뒤덮었다…철쭉 절정에 상춘객 북적 [TF사진관],1,1,v.daum.net,2026-05-27,2026-05-27,https://news.google.com/rss/articles/CBMiS0FVX3lxTE93SnhJcWt0UFpnWC15OEIyNWYzeWhMMTJaM3dxM0Y3NGNlYlMtTmVtN2kzVmtBZjhsc1lOZ2FpSFJyLWx3aE10WXF6RQ?oc=5
무등산,자원보전,"무등산국립공원, ‘멸종위기 Ⅱ급’ 담비 잇따라 포착… 생태계 건강성 ‘청신호’",1,1,투데이광주전남,2026-05-27,2026-05-27,https://news.google.com/rss/articles/CBMicEFVX3lxTE1vaXJZUmpUWlVCVjgxYVUwT09Jd2QwSEk5NTlkYlZzbDcyakJELTZuMU9OcC1EZ21LNkxXZjIwYjN0RzFsMGVGdFJhYWRMMU1SOTNyM0o5aVBnQTB2U3dkbmN1bWc4eElYSkdGM0VJUDM?oc=5
계룡산,자원보전,"계룡산국립공원, 2026년 생태계교란종 제거 활동 진행",1,1,매일일보,2026-05-27,2026-05-27,https://news.google.com/rss/articles/CBMiZEFVX3lxTE0zYU1VU2Q4ZENfTVJVSWRHSjZuaF9GcEgxNVMwSC1VUzZFWW5mc2lfMHVPeGN6SG5Kb3dEbi1aM1Y2aC1PekxvcWp1cFhUMHc0bllVbkZUaXo3WXo5RkhqYlRzdUk?oc=5
(전체·공통),기타,국립공원 등산장비 빌려준다,1,1,의학신문,2026-05-27,2026-05-27,https://news.google.com/rss/articles/CBMiakFVX3lxTE9CUnJPdGdzbS00cjdBcnUwNkkxTXFETDBnY2htYVhQR2ExZjNmaUlMbnVxWDczY3VkNUhqX0VZQXBZeXQ0cWU3SGI2LU5sYlJRU1FhT1dfbmVZcGxzd1hBbGVlRlB6LU1Pbnc?oc=5
치악산,재난안전,"치악산국립공원사무소, 연세의료원산악회에 산불진화 유공 감사패 수여",1,1,원주신문,2026-05-26,2026-05-26,https://news.google.com/rss/articles/CBMiaEFVX3lxTE1PZmFkTm56OTN3VVpLSFZXc3Z5eHBvSE9kZlJIRjVJb01qalZkaV9rby10aE1lZGM4eE1Kcmp5ZEUtaXZROTdvdHYybWd6Ul9RazdZekREeERFemVDY18tUXV4UG0tZzZC?oc=5
지리산,자원보전,기후위기에 무너지는 지리산 고산 생태계…구상나무 집단 고사,1,1,v.daum.net,2026-05-26,2026-05-26,https://news.google.com/rss/articles/CBMiT0FVX3lxTE9ibW1kNVBIVldBWUNJMDJNSFVZeGxEbDRmazNFTFk2am5pRG5mam84TkYtbHM0TEh1MTdnT2FzV2ZUQ0RVNERsWjZ4QkpVYk0?oc=5
설악산,자원보전,“샛길 출입 하지 마세요”...설악산국립공원 특별단속 실시,1,1,강원도민일보,2026-05-26,2026-05-26,https://news.google.com/rss/articles/CBMiZ0FVX3lxTE84NklFOXJ2dmhnVmNONjRrdHg4YmJodzBuUmdJR1F6QUJ4eGpHc0d5NmJKdFVMUEhxRnV2c05xNmRkNWxBenZHbzgxcDhOVjJBZlpuQktfTVkyWXo4Smx2bzlIb2VMdE0?oc=5
무등산,자원보전,멸종위기2급 '담비' 13년째 무등산에서 포착,1,1,v.daum.net,2026-05-26,2026-05-26,https://news.google.com/rss/articles/CBMiT0FVX3lxTFBJSlFGYzhqU01RZDM4LURkeHNFNFFmTzM1RU5hcTBDZXdPQ3MxZ2JKNVdZZ0FFWFJTNWhFeFhjc1hvbjBURDYxY3h5bHpoWnM?oc=5
오대산,재난안전,오대산 일대 ‘로드킬 예방 AI 시스템’ 가동,1,1,세계일보,2026-05-25,2026-05-25,https://news.google.com/rss/articles/CBMiWEFVX3lxTFBPRENMSld2eTdYM21rOFoxNUNJVC0yemxJNmFheVlnS2ZESl9NQmJHeFFaY1ZzMHc2QWJONXFiSmxyaExJSGtleXBzU2hDeDRRTzhDSm5CSDPSAVRBVV95cUxOdER6WkRCVW5lTnJxLWgxTUhVb2V2emhjLTI0aGRHdlRmdnFSQkdKYUNuUTBmWG84dHFsNmVobkpTNERuWFhJX0dZbmlBcHhtT2Nwa1Q?oc=5
설악산,구조활동,"'30대男 5m 아래로 추락' 부처님 오신 날, 설악산서 인명사고 잇따라",1,1,데일리안,2026-05-25,2026-05-25,https://news.google.com/rss/articles/CBMi7gFBVV95cUxPdHlVb0tzQlE1SXpHQnktZ1VQeUdiOHNlUjNFWEhDaU5McnVYVXVBb2VwZUpLajVJbXRwOWNJaG1kRkFISV9lR2piMGFteW5OSGtTMmNFRU9sa1poQVB5TFEyU0lNRTdMdEhFVkF6TVEyRi1adEU0SXdsM0t2MUw0NDE0SEZHM0RtLU9ZVnVhUFdhTFJURkpRbXpZZ1pzRU00TWJvZkd4ckZKck5hZUk2UFZGWGVvRTlfTUFFdnNETUczM25pNEVsWUhhZXZ2dmNWbm1MWXlWcmdwY3Z5RU41Y3I2TThrOEpzSzRtaVF3?oc=5
북한산,탐방시설,"북한산 사기막 야영장, 국내 최고 친환경 ‘4관왕’",1,1,한겨레,2026-05-24,2026-05-24,https://news.google.com/rss/articles/CBMibEFVX3lxTE1jRXNxdUtBRmNXOWpSVXRqRFVoOXRCMG5JWVN1TFpLS1pXTE90UEVIM1hFRDQwMjQ5Mkh0Y2RWSXdTSXpGa002ZWUwTm1qaTJHYnp6dXRsbENObkp0aXdtSHNneU4xVXRtZmtWZA?oc=5
월출산,구조활동,"전남 소방, 발목부상 월출산 등산객 헬기 이송",1,1,연합뉴스,2026-05-23,2026-05-23,https://news.google.com/rss/articles/CBMiW0FVX3lxTE9QZVJqZ2dLeUdaY19WQ2VSd3RmVWdlWXJPSXY5TE94aElKNENsLTQ5dnlMb2RPTnB2dlJpZXE3ZU4weTNtN1h1U2hvVnRPQ0hJSWJpWFRZeTg0UHfSAWBBVV95cUxQeFZFcjM1WFRQeVd0V2Q1YWcwTm5fZHhwVGVkOXVTU3lZYXFKZ2o5c0lhMkZhRHQxMFVMOUlHeGpDQlo5UmxUMHRFVkVWUG1qSWlpSVlBdlF3dlFSQjl0R24?oc=5
소백산,기타,"""소백산은 핑크빛 향연"" 연화봉·비로봉 뒤덮은 철쭉 절정",1,1,뉴시스,2026-05-23,2026-05-23,https://news.google.com/rss/articles/CBMiYEFVX3lxTFBTWVA1QWo0VHB0WEVwcS1GOWoza2lwanVfX20yUnBPRnNDRlFsXy1BVlVTTVdzbDMtNkZZMk42YWkxS0gxNkh5VGpkWk9UWXlxXzFVR3hNaTZtdVphNDdieNIBeEFVX3lxTE84dVM4bXZxajVRSXJVNm1qeXd6cXhRUEV5QlpxZG5UNzdNRE9CeXdEa3hmR1NXZ2FCZy1KLTYzNk9MN1JvY1ZvSVdHWUFkRnVEeWVBM1RlNkFhdGhWdGNtZUlvNU1ldW1CaHY2ekItbWhNUk9uWFRrSg?oc=5
(전체·공통),기타,"한려국립공원, 해양쓰레기 자원화 나서",1,1,geojeoneul.com,2026-05-23,2026-05-23,https://news.google.com/rss/articles/CBMia0FVX3lxTE5aeWE1U0ZacXJDTXRwQkZDZ1dKS2NhZWU1cHVFRVlvSXlWNERMbks5U1JGZ2hYV2VLUEN2YXFjbnBUX3J5Z05uUUdNSGFJQjM0ZC01TF82b1NkSno1LXF5djFPY2RuOF9icHc4?oc=5
설악산,자원보전,"“설악산 1,600m 위 식물이 기후위기 신호?” 국내 첫 고산대 식물 생태도감 나왔다",1,1,투어코리아,2026-05-22,2026-05-22,https://news.google.com/rss/articles/CBMibkFVX3lxTE55dFBLTDNobWZCZU5CSXNnQ2I1dGdmWWNxZTN5VWVvaVJGdG9jZHprNDQ5dEZpbnpJc0REOWE1Q1NjNEtLcENYSjVVTlE2YXN5ZE5URjlJeWVnNC1QbUtCdUtYd3pyZTlmc3N4NHZ3?oc=5
설악산,자원보전,설악산 등 한반도 고산지대 식물 기록·보전,1,1,지디넷코리아,2026-05-22,2026-05-22,https://news.google.com/rss/articles/CBMiVkFVX3lxTE54OHF1WGIyYUZ6cFFCNS1NbDlYSGFGc0U0QU9GVDhWbzNfSkNBZmY2OUpYRzZvdVNnWjJScHRtRU9DOG9jMVNldlVNQml3UVFIZGQtQU93?oc=5
팔공산,자원보전,"주대영 국립공원공단 이사장, 팔공산 불법시설 철거…생태계 복원 속도",1,1,뉴스핌,2026-05-21,2026-05-21,https://news.google.com/rss/articles/CBMiXEFVX3lxTE8zYkZua0lCUFhkQWNpWVJYZlNMMWF3c2EwdmwxOEFGb2l3bU5vQ0VUazd3NVQ0UWxqcjYwd09nVS1vVUFKY0pqYWJQMENGMHVqLVZWaERSMm9mcC14?oc=5
팔공산,자원보전,"팔공산국립공원서부사무소, 사찰림 훼손지 복원 통한 국립공원 경관가치 향상",1,1,데일리대구경북뉴스,2026-05-21,2026-05-21,https://news.google.com/rss/articles/CBMiZkFVX3lxTE54b3FXd2lMaEo1Y0hfLV9scS1NX0U1aVpQTWhhVF9PM1J1RHZNT3p2RHdUdEI4aEFmdTVEZWdhOXlDdEE0Vm5MbFQ0TWdJd3cyQ1ZtN3hqOGVRSDJaZ19OWF9MbURIdw?oc=5
태안해안,자원보전,"태안해안국립공원, 시민과학자·탐조인과 함께한 조류 탐사 프로그램 성료",1,1,태안미래,2026-05-21,2026-05-21,https://news.google.com/rss/articles/CBMiakFVX3lxTFBoY2J3STJtbGhsYU52M29na0l4dDRRTFJSWVhhckhaRHNuWXdDN283akhOR3A0ZngtaFIxVWJ1dUZla2N2dG1kZkV4Q21NZDVfUDdLOVNNcmhCOXBvRG9rYzVRN0JJN1hVQkE?oc=5
오대산,자원보전,"오대산, 야생동물 보호에 AI 도입…'로드킬 주의 예보제' 추진",1,1,연합뉴스,2026-05-21,2026-05-21,https://news.google.com/rss/articles/CBMiW0FVX3lxTE9EX3dzS1owbWtkdUF3dkEwWjdSZXJUdGkxV0RORmtPdm5PU240dTFWUzNGVlRINmtqZmE4eEYwcW1BRnROcVRtTmNlaXVnellCV1B1Ry1LUVFuR1HSAWBBVV95cUxOaVJ2ODIxc01MNnFxOFZwMy0tSWcyOWstUmdlUVFkWTkyczloaG4zQjBrWldWV2R1azNDWnN1LXZwLVEzOTFrZDlkVnRTRW4tNDhqbnA3ZFloaU5zN1BKMFc?oc=5
소백산,재난안전,소백산 협치 강화…재난 대응·지역상생 해법 찾는다,1,1,kyongbuk.co.kr,2026-05-21,2026-05-21,https://news.google.com/rss/articles/CBMib0FVX3lxTE5YcUcxYXNlWElfbTlmNzZjQTFqM05Fb05QUDdWRlhOOC1JaVRZTHNHTFlFSnZMaFRZT3FmYVdudFZCbE5uaG11Yk9aSTdUMHFkcm1QZmZhR1RONVZpNGdaMU4zdWNrWWY5SDFwYnRIcw?oc=5
경주,기타,"한미 장병들, 천년고도 경주서 문화 교감…석굴암·불국사 팸투어",1,1,kyongbuk.co.kr,2026-05-21,2026-05-21,https://news.google.com/rss/articles/CBMib0FVX3lxTE5rUnNnME1XSFNyN0p6VzRKVDlIemY2V2F1b0RvTE1FTDZGRmNqdVd6ODdyNG5xU2p3Ukxob3VwRUplS3NaVkVfQmIzUURGeWlsdWtYSVJDNG90NVJ0QXJYMVUzcTFNQTRMejdGU2RNcw?oc=5
(전체·공통),기타,"30억 쏟고 ""3년 뒤 재검토""?...24개 국립공원 '개발 도미노' 뚫리나 [흔들리는 국립공원➁]",1,1,MTN 머니투데이방송,2026-05-21,2026-05-21,https://news.google.com/rss/articles/CBMiZEFVX3lxTE1PRzdybGVFSjl1Qmg5N0N0RVdSM0RQcGJZeHUtT2ZocTVqZXQwci0zbE1MUFhaalFFM0RzeW52c3dzaV84RHRWUWFKRzJpcHNieXNnc0N2RTNTcXZ1TW1XTW83ZFE?oc=5
(전체·공통),자원보전,국립공원 야생생물 핵심 유전자원 데이터베이스 무료 공개,1,1,2news.co.kr,2026-05-21,2026-05-21,https://news.google.com/rss/articles/CBMiZ0FVX3lxTFBZcDNMNVhaRVIwcmFsUE0ycVYyX1pudy16aFBaYXZQSXpUN2k1ek94Y0EycnROU2ZQWEQyQ0xpclo2RUphbmtncGV1WG41WUp5Nk94WTIwUktrWGh3cjRuM0hLOGtlWjg?oc=5
소백산,기타,"송창식·김다현 온다…제42회 소백산 철쭉제, 3일간 다채로운 야간 힐링 콘서트",1,1,위키트리,2026-05-20,2026-05-20,https://news.google.com/rss/articles/CBMiVkFVX3lxTE5rNHJLWTdMZkMxM3VtWmhiWDl0MUd2NDVzNmh6TmxuS3YyalVzd1VHSXRsaDRWdzkyU05KcjV0b3YxOTFzdk5lUjZ5VVNaMU5EdlNjUWNR?oc=5
설악산,탐방시설,73일 만에 개방된 설악산 등반로… 헤드랜턴 낀 등산객 수백명 오픈런,1,1,조선일보,2026-05-20,2026-05-20,https://news.google.com/rss/articles/CBMilwFBVV95cUxOSmF1cUdRVzY0X1NmNHNNNEZhYng1TXNBcnU3Z0ZfWElBd2NpMktSLVNGZk02dm1NZnJzdm5IN1Y5YTRJWjhIZVVqeHB5ZFN0aHdRYWxMRGRDXzZmSklGVC1VMm1PcnRfTHBpenQ0U1RXbE5KT1BfRzRyVTk0Rko3bGZ5cklqenFtUUlGaXl2Nk80TDFJZVR3?oc=5
금정산,기타,[팩트체크] 금정산 반려견 데리고 갈 수 있나…알아보니 ‘국립공원은 출입 불가’,1,1,국제신문,2026-05-20,2026-05-20,https://news.google.com/rss/articles/CBMijgFBVV95cUxOV3hiaS1LdUxIeWUwYk0zdzVIM1lMT2NXb21VVDUxdjM5a29Wc0gyaUdybFZhUF9xWl9kbXFyeUZqeE95dk9ZTjU5OWFtdDN3N0t0MHBrMk16TkZtR1J6UkZhV0FTdzIzY3VYV2hiMFhadDJ0T213Y2QtWnNUVzB2MWlnZGtSSTRHMjdaZHVR?oc=5
설악산,기타,"""설악산 열렸다"" 산 정상서 비박까지…불법 산행 무더기 적발",1,1,뉴스1,2026-05-19,2026-05-19,https://news.google.com/rss/articles/CBMiVEFVX3lxTE5sTG15QXhESUxTd0tJQnpQa05FbHVKRmk1bVpkcUt2dTZmbG5WSUQzSW9BeHZPQ3VnSkhfX0ZTZXJIeUFHLVFuUWVNOEl2aWtDU2pHRA?oc=5
설악산,탐방시설,설악산 고지대탐방로 개방 ‘인기’…불법행위는 ‘우려’,1,1,v.daum.net,2026-05-19,2026-05-19,https://news.google.com/rss/articles/CBMiRkFVX3lxTFBTWVcyZU55b19CU2hNYmZFNlh5TERGZVluQ3pnN1ZEbmdId29pQTIzVjhZaEF2czBuaVR4RHdSYXd5VTBSNkE?oc=5
한라산,탐방시설,"[심층기획] “QR예약은 보여주기, 현장은 사실상 무방비”…한라산 관리사무소 ‘철밥통 행정’ 도마",1,1,일간제주,2026-05-18,2026-05-18,https://news.google.com/rss/articles/CBMia0FVX3lxTFBfZ1o0WVBDR2sxeW52aTJjVWdrUzhiVEhQU3gzYmIybGFjRFhLMjlnWjU0RmdtVUx3NERPaThyMTNoMHRXNGVUTmlBdnRaeXFLaUpBNFV6UktReWxSWTZuT0g2QkNRT0ZJeXBZ?oc=5
팔공산,기타,"""살기 바빠 못 찍은 웨딩사진""… 보훈가족 4쌍, 팔공산서 리마인드 웨딩",1,1,한국일보,2026-05-18,2026-05-18,https://news.google.com/rss/articles/CBMibkFVX3lxTE82UFlKZzVjYjJEVGEwckxweFJuc0lHZmg5NUl3b09BSnV6dHpYYl80TklMRDVZaW9YZ2RNOEgteUJlSFJwM3ZTZXVldzc5YnZmT1RjX2N3ZTBaTDhtSDllenU2ZTlHTmFvUkREdFJn0gFzQVVfeXFMUHhmTkFRNHQzeTBad09oamNmaVRtVWJicDlveEcwUzRhRW53TEpfVUM0VENoUk9odVNCc2NGVzZpNkk0Y3B6TWxQNkxSdVdVdDhSQmczZXpPeXppRUxZbHRBSjFlN09nc0tqemZTUjhmWGNNbw?oc=5
소백산,탐방시설,소백산 철쭉 시즌 앞두고 환경정비… 탐방객 안전관리 강화,1,1,kyongbuk.co.kr,2026-05-18,2026-05-18,https://news.google.com/rss/articles/CBMib0FVX3lxTE9fNXVwOE1OWHJtQVJSQ0YtbWppcVpOUTBXMFNGaV9aQnZja21tYzdNc0xzYUMxNDhLWWNWYTVLQm02ZHoyQkF3dno1bnRNZHVFdXcxbC1vaDVOcmNPWUttOXc0MVk1TV9yQWotLTRXRQ?oc=5
소백산,자원보전,"소백산생태탐방원, 주민과 함께 국립공원 지킨다…에코파트너 모집",1,1,kyongbuk.co.kr,2026-05-18,2026-05-18,https://news.google.com/rss/articles/CBMib0FVX3lxTE1yZWVLQ2VhaFlXckN1OHV5S0VVMTFVc0dubGlNY21UN2YyRG5Wa1RuQkVPemNjaVdiNTJFWURuWk90b0hBTUJnQ0xwTWNENzVWMWlHdllFdVBnUlpTWXpCa0tZNUtMOGVLYUNEU3dlMA?oc=5
설악산,기타,캄캄한 새벽 3시 끝없는 행렬…설악산에 1.6만명 몰린 이유,1,1,중앙일보,2026-05-18,2026-05-18,https://news.google.com/rss/articles/CBMiVkFVX3lxTE1SUkx0eW1FYzR2ZklxQWZKeTVZSnZuR29PYVN5Ty1PYzJOMUZzaG9heGVTSjdjXzZFdk44d3JaZ3Fac2ZnZVJnRHBQMHlBREdLMUE3aFRR?oc=5
설악산,기타,"“한국인들 진심이구나”...하루에만 1만 6000명 몰린 설악산, 무슨 일",1,1,sedaily.com,2026-05-18,2026-05-18,https://news.google.com/rss/articles/CBMiUkFVX3lxTE50bUtWNGk3b0pOeEVfNnkyX0FPdGloU0hrZVlvZmVjU1Vjc2VzZy1aRFhUY05SU1oydkZvdXVmVFdSNmRRb0h4alR5dWktZmFxVGc?oc=5
변산반도,재난안전,"변산반도국립공원, 산불과 환경,사회 문제 해결에 나선다",1,1,newmediastock.co.kr,2026-05-18,2026-05-18,https://news.google.com/rss/articles/CBMiUkFVX3lxTE5kMWVZZ2tsZU9QUzQzTXBQeDlxMUZCLWxCUWxMbGZJT3hOazNkNEZzdkFWQ24zNWF1a3RhQnlQeUFaa1JManhhVEJfYUptVDF6TWc?oc=5
덕유산,자원보전,"덕유산 광릉요강꽃 개화일, 기후변화로 2010년 이전 대비 2주 빨라져",1,1,BBS불교방송,2026-05-18,2026-05-18,https://news.google.com/rss/articles/CBMia0FVX3lxTE5JVGVCY1R3NFJuUlJQNkNUbl9hOGhycnJlZXNNLUpKX2EwTlF6OUVLM2lDV0xQX0dnUXdGcVZMNV9ZQ0Y1VHlSc08zVDQzWWYwUDhpZ0k1TU5lMkwxUVg1QVFVeXJwYy1SeU9r?oc=5
금정산,기타,"[르포] ""파묘 같다"" 해발 700m 기도터…국립공원 금정산, 해묵은 '무단 점유' 걷어냈다",1,1,미디어펜,2026-05-18,2026-05-18,https://news.google.com/rss/articles/CBMiVEFVX3lxTFBXRnE4WjJENjZzVGZ3Z1lPWGU3RWZocThScHl1V2FRbjRfRGM5RmNFSDhvMzh1WGVIRXQxamt3WTlhY2g0bHp1MDhrb1UyMGRFNEpLN9IBWEFVX3lxTE5LY051M3g5ZEpObUVyY0Q4U196WEFpQ1lqcm5OcVlfRGpVaTh0X1hCNWdnZ1Q5VVFnRlNLd1pGNl9wUTFwYW1WSXRCSHQwQV9udmhyTl9tUmg?oc=5
(전체·공통),기타,"국립공원에 '32홀 파크 골프장' 허가, 괜찮나",1,1,imnews.imbc.com,2026-05-18,2026-05-18,https://news.google.com/rss/articles/CBMiekFVX3lxTE4yakxBRGN5ZHhwMjZIMFhxUUdudWNkRFd6bVZadzdtTkdjdDhHRlBsb1lwV1hpWkhBQ3RoeE52ZUhWWC1oTFY1MzJ1eG1uY1BLU0tuMnhDQk9LY0I1MjZBVU9uSi1keVhSZUMtN2l0dFhMVUQtLXJDaEl30gF6QVVfeXFMTVZRUlVHYWxRT3JsOXp3M2RZQ2tIVWRLanlNaEItMzUyblZfOWN1a0Q0ZnBBSjlhODBDWlZmaVB2c1l2aDhWQVVtT01pcVIwSzBhYzJLU1Q3VmVMcWkzSUlmU1A4MFlpZ2ZBVDJjaW9hSVFyLVlwQ3hKQlE?oc=5
지리산,행정,"풀무원·국립공원공단, 지리산 친환경 산행 캠페인 전개",1,1,푸드투데이,2026-05-17,2026-05-17,https://news.google.com/rss/articles/CBMiZkFVX3lxTE1hQU00azNuOU9WX01fMG1EZENjUU5LcnVLZVVRTDNkMS0yM1pQTF9ZMU91RkRrcE84SmtBand2T3ZDaDlqRDdSMmx1VE4zaUI5OEN4R0lzTFo3d0V3OHRTLWF4Nm13QQ?oc=5
지리산,자원보전,"풀무원, 지리산국립공원과 ‘건강 먹거리, 건강 산행 캠페인’…""지속가능한 국립공원 보전 앞장""",1,1,한국NGO신문,2026-05-17,2026-05-17,https://news.google.com/rss/articles/CBMiaEFVX3lxTE9qRW9CY3lOQ25tZ2FFbmpHVHI5SjRGUzZjeERMRHBtZDZ2akZwcEoyWHZZNGlMdzRmX3AzSlZTSXQzR3B0UzJxS29lRHk2YkJWTmJXQlIwS2V0a2k3WjRUVUJhRDltUUF5?oc=5
주왕산,기타,"【특집】 “조금만 올라갔다 올게”… 그 말이 멈춘 자리, 주왕산국립공원",1,1,뉴스신,2026-05-17,2026-05-17,https://news.google.com/rss/articles/CBMibkFVX3lxTE9TYTJ5UHJrU05CcUNTZWJaOUZJc1ByUGtSbTdJYWlqck81WWRuZXZuMTFBSzdvZDdaRkNfVF9LbElHNG1xQ21hemoxZXotUVBqVnBJMTFSbm50dGtMY24tbWNxc2ticUotTXZiMTVn0gFyQVVfeXFMTzkzbmxZVHdYV3ZSamZ3T1Q3SlpKdDgyUGxuSjJtTHUwT1JhRnBucm50M1A5MG9vTmQzSk1nUlBmOUJTTnNvcHBUYVpabS0yOHpjbm9WMG16MFVxSVZiZEhYUlJZVVVWelBoOXROR2ZvbzBn?oc=5
계룡산,기타,‘영상앨범 산’ 용의 등줄기에 오르다 – 계룡산국립공원,1,1,스포츠경향,2026-05-17,2026-05-17,https://news.google.com/rss/articles/CBMiXkFVX3lxTE1qcllQS3BsMHhKWk9yUWQyOWNBUGYxMmdINGZOWnBGOTE5b1pHMDN6bU9hUFR4emtHU001MjFIc01CMjBUenBLeGRtZDJyQm1iUG8xNl9VdVhQMEpfNUHSAWNBVV95cUxOTGdjMW1CZzRaekg1c1B2b2wxSG5ZUWFRNEU2cjVUbk9Edlk2TFR3NENPamk0eFgxeENRcnYtQUpJTGhHcVYzNEI4X01zVDFUMUgtZExxS1UySDVYN1BDTmJ0c3c?oc=5
한라산,기타,한라산 곳곳서 발견 ‘21톤 쓰레기’ 정체는?,1,1,한겨레,2026-05-16,2026-05-16,https://news.google.com/rss/articles/CBMiX0FVX3lxTE0yQ21KZkwzSGp5X1p3Y3REaU1PMjgtamdRTFdKR2JrY0cycWtmcy1MbmR1aVJGak1tcVliT29qYTBJOTlHX2hkSEpYVjBYY0cxTVgtVW9JZzZTcVBxemFn?oc=5
한라산,자원보전,"한라산 불법야영·비법정로 출입, 드론으로 잡는다",1,1,한겨레,2026-05-16,2026-05-16,https://news.google.com/rss/articles/CBMiX0FVX3lxTE9PU0FxelRvOWFONTN1WndBVXRUV2dLX2k0Ry1TLTN5ejBlMGtzSHRPX2xiVFVzWGdhTUpyTWlKMzdqb1p3VlFWWHV2ZWtaVUpOQmxFUkFjU0poYUdPOEVj?oc=5
한라산,기타,‘숲길 걸으멍’ 제일 좋아…한라산이 보내는 위로,1,1,한겨레,2026-05-16,2026-05-16,https://news.google.com/rss/articles/CBMiX0FVX3lxTFBPZUtKVVllTmRNclIyLTd0b1NkM0JpZFVHdUxyM3lmMTU5aDRHMTZkUmNINkI4d25tSm8zVjNESGZJdDFFemVXYW54Mzh1WmlQREhJSzBGeUIxMGpQOVZj?oc=5
한라산,기타,사유지 없는 ‘한라산 국립공원’ 힘드네…매수 지지부진,1,1,한겨레,2026-05-16,2026-05-16,https://news.google.com/rss/articles/CBMiX0FVX3lxTE1GalpPaWV1eWJuMi1UU1NwMHdnX2JSUExZTlFPaDBac0VWM2dRU25lX2dTSHk1X0JDYWZIV1htSjlhS01QaERNV0w0MGdqSjlkSWRCdGNGSmMycG1tdkZZ?oc=5
한라산,탐방시설,한라산 정상서 새해 해돋이 보려면…신분증+예약QR 확인합니다,1,1,한겨레,2026-05-16,2026-05-16,https://news.google.com/rss/articles/CBMiX0FVX3lxTE9EOFNJWlowX1VCcFVnZmtvaHJFMXJIcTVwNWJockozOFR0XzViR0dOX1FQeWcxOFRpdXExUWZIQXlJbzNHZlpHSWNxR1RiUE5aQWJ6cy1IZWpXWHQ1N2Y4?oc=5
한라산,탐방시설,한라산 어리목·영실에 환승주차장·셔틀버스 도입,1,1,한겨레,2026-05-16,2026-05-16,https://news.google.com/rss/articles/CBMiX0FVX3lxTE9Vb0FEUk82REZVYW1XNmhCekVRMUhEeHVXZk5VVFFkaXN5YVlTWU42cDRUWFdlX2V3MVZPOElQT3JHdWZ3Rl9EWXRYN29Ud0RLUFdHd3VrbURZR3A0VjNV?oc=5
한라산,기타,“한라산 등산코스 백록담 QR코드 팝니다”…웃돈 줘야 설경 구경?,1,1,한겨레,2026-05-16,2026-05-16,https://news.google.com/rss/articles/CBMiX0FVX3lxTE83SEJBOUt1ZUc1QzdhMDRVODlmVmhXbllPeENEOXFsVTZXSUJSWDUzcnkyNXRDYnhKTjNaSVhKWko4ckNaTmRjaXVkVld6VThIZDh4RGtpeHhWTDFuYzhj?oc=5
한라산,기타,‘한라산 밀림’ 도주 교통사고 가해자 잡혔다…“눈 뜨니 풀숲”,1,1,한겨레,2026-05-16,2026-05-16,https://news.google.com/rss/articles/CBMiX0FVX3lxTFBiYVVZZVVRalI0U0g4RnYxdXFNUnZuRVlYa3Z0OFkwbFEwQXpYc3BUSElNdjhwVFZfb3BlSmRRMEx3eTdpa05QSE1LZnFvNDVEazRKZWhDcEViZWtZcml3?oc=5
한라산,탐방시설,"한라산 정상 등반, 내년 2월부터 ‘하루 1500명’ 예약제",1,1,한겨레,2026-05-16,2026-05-16,https://news.google.com/rss/articles/CBMiXkFVX3lxTFBVZVBUVlBYc3huQ3hGbFVwMjVzNEtDbUpPM3B3X2pySlYweU5HLWdWU0RPYUpSVnA2aHU5dlpLcEI2Y0RaUFNHNWNmMzJkNm5tbDdMaDd3MURFdTJOS1E?oc=5
한라산,탐방시설,한라산 ‘탐방예약제’ 시행 뒤 쓰레기·불법주차 줄었다,1,1,한겨레,2026-05-16,2026-05-16,https://news.google.com/rss/articles/CBMiXkFVX3lxTE1WOE9wdFJZQURtWV90aEhQYVBVc1dwMmtTVzdWMlFHMldxRE9uYjlnLU1pdHJoaWZmMkIzazJkZXl1dGkxa3B1NXJlRVczaXVrdC03QjZYRTNYYzB1Zmc?oc=5
한라산,탐방시설,‘꽃 찍으려다 CCTV 찍힙니다’…한라산 무개념 탐방에 몸살,1,1,한겨레,2026-05-16,2026-05-16,https://news.google.com/rss/articles/CBMiX0FVX3lxTE1xbW0wNkkzYTRIUUQxTGJWU2FDYmdsMGt5U1NSMjhVOGtUcGR3UDd0ejJlTDBVT2dnOVd1RUdnTWlDenFCRG1xdmJIT29hUGtqZndOTUEzTXAycXVXaWdJ?oc=5
한라산,기타,한라산 ‘구린굴’ ‘평굴’ 나이는 2만년?,1,1,한겨레,2026-05-16,2026-05-16,https://news.google.com/rss/articles/CBMiXkFVX3lxTE02em96WEFJQ0dVQ1p4b2xOS0laa29fNzFieDNSMldDMERWdXBEOWVXSFdsUWdkZTJmQUhWUGZKMTlqYmpacU1ndUdUZnVIWVd5VDRRa2pud1FDTHdFN3c?oc=5
한라산,기타,한라산 ‘조릿대 몸살’…처방 알고도 못쓴다,1,1,한겨레,2026-05-16,2026-05-16,https://news.google.com/rss/articles/CBMiaEFVX3lxTE8tYXAyMkVpMDlaa1dlRFY2X2xJcUFQYUVxcTd0RnM3N3p0MU9qanVBQ3VoR1dTZzZoejhWLV9LZWtuWWRlN0xZM203aWkzMThWRWlJR3k5NmhUUmY0elNPX011LWdpLWxv?oc=5
계룡산,기타,"용의 능선을 걷다, 계룡산의 봄",1,1,뉴스컬처,2026-05-16,2026-05-16,https://news.google.com/rss/articles/CBMiZkFVX3lxTE9MQTBiLWNvelF3b3I5UFJvYkVOVERna19iSW40M3RRMHJjbjNGMGhicUZJZ0N3RXM4ZmVsTHBuaklub0tpcWZDQldodkd1XzNiVXJBYkIzUUlZS3VIRkJGMHMyakZydw?oc=5
(전체·공통),기타,"천년고찰 품은 백암산, 국립공원 53년 만에 연 관광객 100만명 돌파",1,1,한겨레,2026-05-16,2026-05-16,https://news.google.com/rss/articles/CBMiYEFVX3lxTFBsbXo4M243WDZVSEV6MUw1TTU3bUxpdWlYUWQzVFZPVEJmcm9mTzVuQnZDWmxlVUl3Tm9RU293OURzNmdxMDl3WjVjaGRfRVVWMEVhb3hwVTJoeUVrc2lzUQ?oc=5
팔공산,기타,팔공산국립공원서 국가유공자 부부 '행복한 웨딩 촬영',1,1,BBS불교방송,2026-05-15,2026-05-15,https://news.google.com/rss/articles/CBMia0FVX3lxTE1rLTU4ZWJZaDJqOGZGdE1KaU1KZ3JvSmZHZnN0bkdBaFBvd052YTlqbmVNS01mUzRCVVVSd2Q5dTktSW16QWlHcTFFMFNyclk5amJ2cDRHMzlNNGl4V1k2R0p0M19nQlhFMTlv?oc=5
치악산,재난안전,치악산 등산객들이 막은 산불…가해자·원인은 보름 째 오리무중,1,1,v.daum.net,2026-05-15,2026-05-15,https://news.google.com/rss/articles/CBMiT0FVX3lxTE5NNnhyREdtVGVzRm5NNGpVckVMZFhDYkRSY2F2T002X3QyR2x6cTF5ZUk4UzlKYTN4TlJlQnlpeEtidi1yU1hISUlmOGlIV0k?oc=5
주왕산,구조활동,'주왕산 뿐일까' 경기지역 산도 '아찔'…하루 9명꼴로 구조,1,1,뉴스1,2026-05-15,2026-05-15,https://news.google.com/rss/articles/CBMiVkFVX3lxTE1SaFdNTURZMWhhTDk0YXhsTmFUM2M1anh5Y09JMW5PejhwS2l0akNLTkh4b3k3YmhnV1lmSUtrSDc3SmJ0NEZVQzNxNmNXZUdTOUFrTE53?oc=5
무등산,자원보전,"“훼손된 무등산 숲 되살린다”…적십자 광주전남지사, 생태복원 봉사활동",1,1,BBS불교방송,2026-05-15,2026-05-15,https://news.google.com/rss/articles/CBMia0FVX3lxTE5mR2RFX21vQXZib0hYcG5kZjZKQlJ3OTl3bVhVYlVEakxYNVE0S0pYamxvSnRycmExQWhEbnhRbDJJME1iUDRCdjZtXzNuTFVjRERXV0VPZTlwR3l3SG54NUd6Mm5mUGN3MUww?oc=5
내장산,기타,내장산국립공원 파크골프장 계획 논란…환경단체 “즉각 철회해야”,1,1,환경과조경,2026-05-15,2026-05-15,https://news.google.com/rss/articles/CBMib0FVX3lxTE1fd1ZDLVBQczZNOURNTG1PcDVQbkw1LWIxYjlCRUNkVGV0V2h1eEJJUVpmZEVEcHNfcXR5OE50a0owZ3RsMDJQbTZCWm4yTUNKRnVfSWxqUFVHVnVuMEJIMEFVZ0ZTOHZ5YnZsSTIyRQ?oc=5
(전체·공통),탐방시설,"국립공원 파크골프장 논란…“체험시설이냐, 사실상 골프장이냐” 전국 확산",1,1,한국생활체육뉴스,2026-05-15,2026-05-15,https://news.google.com/rss/articles/CBMiakFVX3lxTFByblE4ZjJfS21qVmw2NVBKa2ZRVDdfTFE5eTdZcDJHZXYzd01qNjRpUlFBLVNfTXZUMDZvLXJ0VUtXZkMwWWxoZU1JMnotaS0zOS11a25BQVREZjJXREpqdUJHQmZIVlVUTGc?oc=5
주왕산,구조활동,주왕산 사망 초등생 부검하기로…1차 “추락에 의한 손상”,1,1,KBS 뉴스,2026-05-14,2026-05-14,https://news.google.com/rss/articles/CBMiW0FVX3lxTFBsNGF6U3dJeGlPU2d4UTZUdzAxS0Q4Mk5hbUN0bXBXUmg3Y2w5ZGQ3R0hCY1Q2REFXTUxNbXRzWFdYTzNhZzc3SjVVWVp2a0kwRkJKbnBaTkcxbjg?oc=5
주왕산,재난안전,"경북 주왕산 초등학생 등산객 참변, 봄철 산악사고 주의보",1,1,전북도민일보,2026-05-14,2026-05-14,https://news.google.com/rss/articles/CBMia0FVX3lxTFBjOC1ITTUxUmVkaWN1U2JIcVFzc05fVFVLZV9jaUIzUVp0NDVzY0Jram5BbVNfcmI2b3ppOXhJUG1FN2t0YUxTNlJYZlpETjkweDFCNHJMQVYtejEtOUJBa2tkZzNab3dIUjI0?oc=5
주왕산,기타,"""이미 상처 큰데""…억측에 멍드는 주왕산 사망 초등생 유족",1,1,네이트,2026-05-14,2026-05-14,https://news.google.com/rss/articles/CBMiU0FVX3lxTFBWMWZvM3lTX0hGWVEzTjl3blBWb29OYzhkakFwR0tYY1ZDV0NEU1o2cEF4R0UwRjRyTEhkNTkzbTJyb0JrcjR3OGY3WXNObzljeXo0?oc=5
주왕산,기타,"경찰, 주왕산서 숨진 초등생 부검…이후 시신 인계",1,1,news.sbs.co.kr,2026-05-14,2026-05-14,https://news.google.com/rss/articles/CBMiakFVX3lxTE1sTkN2bFcwWXZEd21zeGJnTWpmczk3ZFlHRTZqOHZiU0tvMHJiaVE3ejc4UHdXeE5XMm1haWZRV1p1MUpkSDE0QVh3NU9xS2NudVo0SG1WUmRyc0xWTzRES2FNcnF3bDJCUlE?oc=5
주왕산,자원보전,"소백산 철쭉 피고, 주왕산 수달래 지고… 희비 엇갈린 축제",1,1,서울Pn,2026-05-14,2026-05-14,https://news.google.com/rss/articles/CBMiakFVX3lxTE9MbWZIWEt0LWJhYXAzTjdEb1NPMUV6TUpZYnhrNkJQdHJmUzVHZWpQWlZ1Wk9TTmdwX0JVWmZqUTZvZDdMNjBsTld3emV6TFFwVWRHVmNRZDRQalU1T0VkeUhhblA5Mk9KaHc?oc=5
내장산,행정,"전북환경단체들 ""기후부, 내장산국립공원 32홀 파크골프장 허가 '비정상적이고 위법한 결정'...변경 고시 즉각 중단하라""",1,1,전북의소리,2026-05-14,2026-05-14,https://news.google.com/rss/articles/CBMiZkFVX3lxTFBHazg3b3k3T2sxbllFXzE2UGthWVJUeUJDWHhMR3hFY1poRjdlYUxuQ2Rmc0d0OHk1a1hNOVpPbHFjTFMwV3VmcC1acTNscEZTZlROM3BhVlJfN3ZpdnJuTzhqTzRkZw?oc=5
(전체·공통),재난안전,"고흥소방서·국립공원, 팔영산 화재 예방 총출동",1,1,뉴스에이,2026-05-14,2026-05-14,https://news.google.com/rss/articles/CBMiakFVX3lxTE1Gck42aFhINkUxcTRoY2t4UDBRaWYwS19hTUM3T0lYZV9kMTNRdDk1VDZROHJTeGI3QjRhQmpRVU1pcDVIU3pCejhWV3FmdjRGRVRYQ0tJWVBuU2lKZTA0bnF5MXFzeDVmMVE?oc=5
팔공산,기타,"대구보훈청-팔공산동부사무소, 보훈가족 복지지원 '맞손'",1,1,뉴시스,2026-05-13,2026-05-13,https://news.google.com/rss/articles/CBMiYEFVX3lxTE94c1dGajVhSWh6OWxwZWZIRm5peUs0M3poMmhoRDNCNTBMd2xzLUlzMy1QSFVkUGdhcWxfS0pval9JRHYtUHBMRGIwd2ZIU1NHSWJDRG9fNkp0bWJoTlR6WtIBeEFVX3lxTE8zdF81ZzA2SG9TUjZtZ2llUjBfWEVqMTdQNEdRRF9YMWhLcS1nWFZFTlNfcXpFZDYyOWU5ZXo4SDdpTEdjaDJFS085U0Z5X3ZpalJPMExUXzNzVkJ2RlNRcEw1c2Z2NXhkeklwQ0xHQVVZQm5samZ3bQ?oc=5
지리산,기타,"국립공원 경남사무소, 지리산 인력 4명 선발",1,1,퍼블릭타임스,2026-05-13,2026-05-13,https://news.google.com/rss/articles/CBMiakFVX3lxTE5reGpIT2J3UG56T2d4TlBXVGFIMmtieDRoNTN2VGQwM0l5RXByUVBGQ3d6WkRfb0dhTGNQWW42a0Z6TWZrZ09IRE45b1JUS2cycWhWaHc3cnVhWW1PYTNCWEZmSXVRUVB6eWfSAW5BVV95cUxQVm1KUGhmVTJRZVJpSFlJNVBmTFZLNVJaNWlYM0hKOHhkbTZKSUFJUkJCZFd4YU00NHBlaXdUbFRZRUQ2T21NVHFoRWJnMkdGRkptUHY0T0UxNzM0STVjakxEQTJsV3Y0SnZ2dHJIUQ?oc=5
주왕산,기타,"“경사 큰 협곡”…주왕산 사망 초등생, 등산로 400m 떨어진 곳에",1,1,한겨레,2026-05-13,2026-05-13,https://news.google.com/rss/articles/CBMiZEFVX3lxTE5jUDR0SGM2QklRTzJHN25kN0EzeUhnQUNVMC04cmhGSjN5M2xNSXFLTUwyM0FrdUZrcU1OVnU1Y24zTVJCTTlxQzJhRjNGVTFWYWdtLW5Kdjh6TlJHOFJlT0VPRTQ?oc=5
주왕산,기타,"""조금만 올라갔다 올게"" 주왕산 오른 소년은 끝내 주검으로 하산했다",1,1,조선일보,2026-05-13,2026-05-13,https://news.google.com/rss/articles/CBMiekFVX3lxTE1DRy00S0VSOF9UYUduaXpwMjg0MDI4U1ZKZHdJNzZqcS1mTnFfQm4tNXZEazBRMmw0ZTR3alZSZG5WR0NRdGtGSXk2UnF2bTF2U0dGWkJjQzB1ZWN2MS1iNm9mWE9saUNYb0l2ZVhpUG9NLTlOSi1yeUVB?oc=5
주왕산,기타,"‘주왕산 초등생 사망 사고’…11살 어린이, 장례 못 치르고 차가운 부검대로",1,1,v.daum.net,2026-05-13,2026-05-13,https://news.google.com/rss/articles/CBMiT0FVX3lxTE9TV2YxSDdiaUMyX2pLZzlsQWJzb2xQWGlXTHM1WE5tS3c4Qk5uWWp2bzgtQ2NXamE3RWI5eVVUM2pibUZEUDMtb3BjQnZRVzg?oc=5
주왕산,재난안전,"주왕산 사고가 남긴 숙제, ‘발생 지점’ 넘어 ‘위험 지점’ 살피는 예방 체계로",1,1,데일리환경,2026-05-13,2026-05-13,https://news.google.com/rss/articles/CBMiXkFVX3lxTE1RVklheHFia2JPTFhpX0UwdmRjdDNNTXpJaTJVUDdRUHIzNEJNaE9PSVoyQ0N0ZXpFSHB4d0lRdXpFMjVYODRjUmJlc2RBQTVmb3UwVkFVN2lsTlUwV2c?oc=5
주왕산,기타,"“갑작스러운 비보에 깊은 슬픔”…삼성 라이온즈, 주왕산 사망 초등생 애도",1,1,위키트리,2026-05-13,2026-05-13,https://news.google.com/rss/articles/CBMiVkFVX3lxTFA0MXBSVkRmQ085N203VTFOemdoa2ZuTDdLRk1XUWtIeXdNNjIwVFdUcG5mSTZnejg2eUVxS0dabE5makRiY2huZU8xcUlfMXVta1JxYXJ3?oc=5
주왕산,탐방시설,경북 청송군 주왕산 탐방로 안전시설 미비···보강 필요성 제기,1,1,대구MBC,2026-05-13,2026-05-13,https://news.google.com/rss/articles/CBMiTEFVX3lxTE5EamdEclJiQXVQMXRyWW9lYkIzWlg0Ml83MElwdUIydDI4Zl9ZclVpQl9hTVVuMU9RNTB1S3ROanVfUjJEN1NKZnNLU1Q?oc=5
주왕산,기타,친구도 채 사귀지 못한 채… 주왕산에서 생 마감한 전학 온 초등생,1,1,hdnews.co.kr,2026-05-13,2026-05-13,https://news.google.com/rss/articles/CBMia0FVX3lxTE5rU21lM1VvbHU4UGhON1B1NnlqRXhvYWF6Zy10czg0N2FGa0ZabXM5UzNEVW1WRXBNSDFmdFZvMHpKZG96MlVIY29LYl9UQjZZVF9aVHRfdG05Zjk2WXNZLWctS2dpdHdGQ0dv?oc=5
주왕산,기타,"유니폼 입고 떠났던 산행이 결국…삼성라이온즈, 주왕산 사망 초등생 애도",1,1,매일경제,2026-05-13,2026-05-13,https://news.google.com/rss/articles/CBMiVEFVX3lxTE1mTGpDdHRnblktV2t1ZHMwcnhmbEs5Q2pyUjdZVGlpN3E0eG52djhqYVJmOVpGM2xlUE1KaW5Wak03dFNwZXI5dGhJU1FKSVN2MjJ3ZQ?oc=5
소백산,기타,"소백산국립공원, 철쭉제 기간 ‘전기 셔틀버스’ 무료 운행",1,1,충청일보,2026-05-13,2026-05-13,https://news.google.com/rss/articles/CBMicEFVX3lxTE9FWkhvRHhDZEprdWJuM3NiakVWZXJhUnR3b0I3em55N0x4UU1jUUtmT0RrTEFzcmFFcVBQaElHSGZzREN1T3dSSkVPdWxBVzllOEVJRG1idXZGS2ZCMml5dGxOazlpLU9EeEFkVGhQUWk?oc=5
무등산,구조활동,무등산 아래 주택가 내려온 멸종위기종 '하늘다람쥐' 구조,1,1,더팩트,2026-05-13,2026-05-13,https://news.google.com/rss/articles/CBMiW0FVX3lxTE9YelVWTURTVHcyR2ZDMWk0Ml9fU3FFeTlCV1JaLWVNQkxiRVdsNUdwc1E2QkV1eWY1NGR2QzM5NGdwd2VkUmxNVFM2QjNoYmRjVVBwOUlpR0h5QzDSAVZBVV95cUxQRmF5LVBtTTNuMWstQVZDUUdEOTRaSHREdjdUNXdtQ2FJZk4xU0J3ejRHNUlKNktaU0JVNzE5aUhSd1VNaDFGcGRoUVlMWHhwUENVWXVwUQ?oc=5
내장산,탐방시설,"내장산에 파크골프장…환경단체 ""위법vs기후부 ""주차장 활용""(종합)",1,1,연합뉴스,2026-05-13,2026-05-13,https://news.google.com/rss/articles/CBMiW0FVX3lxTE9xZ0lWZjF5UWxHQ0w4TmhiYjc2aWJIYkZGM2R4R0tKMHRHUUhCWnFUel8temlYSmliUDRSM0k0R24yTDBjWUxRSlMyZFU5SWZfN3piU2o4eWJheEXSAWBBVV95cUxQQWVPY1lFbmt3b3JwaU1fTk1LbWVlYm1Rcm5LcUdJOWJiOV9HQnNfak9uTk12R1Z2ek9lUDU1a0tjaW5ZMkk3UDUxM09WVDdUYXhTSEEtMUJ1NjZIRS1VTUE?oc=5
내장산,기타,"전북환경운동연합, ""내장산 국립공원 32홀 파크골프장 허가 위법"" 주장",1,1,전라일보,2026-05-13,2026-05-13,https://news.google.com/rss/articles/CBMibEFVX3lxTE9rcDVuem5MbTJDYmlsOE5ncE4taWk2eHFON3pZSTkzQkVWbzhtTXU0d25FcFNlQ3lhdl9rTU0wQ21fZnVsVzc1Sk8taHRHZHdqTnFjQnVWM1YxcHFsWXNLbHg2UmJQZTJPcFVKZg?oc=5
(전체·공통),자원보전,"국립공원공단, 안전관리 고도화… 생태복원·재난대응 강화 - s-journal.co.kr",1,1,s-journal.co.kr,2026-05-13,2026-05-13,https://news.google.com/rss/articles/CBMibkFVX3lxTFAzZWNqbVE2TmRTZjdfblhYak5femYxaFVlNXpBQUs0RXlLMUxBX0Y2ZngwcGJIbV9PVkN0TWJRaXVKRWtzcDk1V3hGcHplbnNGSU5MUHp5RTlGWFFRSm9FZVNrT3ktQTVWeF9HWmVB?oc=5
(전체·공통),기타,“국립공원 감성 담은 굿즈 보러오세요”,1,1,설악신문,2026-05-13,2026-05-13,https://news.google.com/rss/articles/CBMiaEFVX3lxTE1xYWJkaHdESFNIM24wam1NNnphWEVxRXYtTWdzWEhfd3ctNExuNG9yRGU2SDl2a092cDBPbGpQSWJXQnFIMlVwT1lpeXNlZU1nTDY4OVpoWVg2WkFJb1pJUTFjanJ0T05O?oc=5
주왕산,구조활동,주왕산 실종 초등생 구조 나섰던 소방구조대원들의 묵념,1,1,연합뉴스,2026-05-12,2026-05-12,https://news.google.com/rss/articles/CBMiW0FVX3lxTE9VQzZTeHBWS1gzaXRwcW93T2xVSkVpcVdOMTdqUUI2Q3QtUUZFWW9URXVLQVVrOTBTNVp1MXdoUFNxN25jdmRIUURNZjBvMHBpaVVsWmRkNHhLRknSAWBBVV95cUxOUTluUlNCcmFiWnJza1JnZWlBVDRBYmo2N1FlbFNxSjJ6OGRycVlPSWNsOUhET0NadzUzVV9oekg3ZVJJU2MxR0tuYWhNVmkwMTI3dHozRnc0azdrMldFYkY?oc=5
주왕산,기타,주왕산 간 11살 끝내 돌아오지 못했다…이틀만에 숨진 채 발견(종합2보),1,1,연합뉴스,2026-05-12,2026-05-12,https://news.google.com/rss/articles/CBMiW0FVX3lxTE12TWYtd1ZvUGw5SHFrcXFGQkJieHY0Y3lQNVNkOGFyb2JUNlFjdHBqLTJBRV82MEw1YllmQUJmMlEyYlFYekpMV1BSTmw5eVQ3NTNBRVZwNXRzMGPSAWBBVV95cUxNS0tMQUVzaHEzSHlrcXVUTVdBa2NkcTVTZ0M4NWZkWXRoVG0wTGtfMHJTWVRxWXE0b3hWZlFyOVcyVzB3b2l2aU1WRHNMd01VYWgxSldPeVctc0J3MXdHUU8?oc=5
주왕산,탐방시설,주왕산 실종 초등생 발견된 곳 보니…탐방로서 100ｍ 이상 떨어진 산비탈,1,1,문화일보,2026-05-12,2026-05-12,https://news.google.com/rss/articles/CBMiUEFVX3lxTE9aUWxGVEY0MGJ0V1FkYUdyV1NPZ2t5cjM2a1UxV2dlbnJ2c1hhd1FnNG9JU1lnOFoxRE1YbF9IOVFUT05kOEkxbFZCTm10OWdw?oc=5
주왕산,구조활동,청송 주왕산서 실종된 초등학생 수색 사흘째...12일 새벽부터 재개,1,1,v.daum.net,2026-05-12,2026-05-12,https://news.google.com/rss/articles/CBMiRkFVX3lxTE9nejYyR3RHeUpHQVJaWDhxMmRrZldFUUU4VWJiem8zci1wTmcxV3d2VUI5QXF1UEM0S3VsUmctb3EwVllPMUE?oc=5
주왕산,기타,기상악화·험한지형에 주왕산 사망 초등생 시신수습 난항,1,1,연합뉴스,2026-05-12,2026-05-12,https://news.google.com/rss/articles/CBMiW0FVX3lxTE5LX24xVXlySzRPTjJXNTB6RkJUNVU4UWdKdHNKc2lWREV5UlVNYmVwS3hCYVlFM3plMXJ6ZF8zYUNpQjZJMnZ1a0d3LTdfV0dUQ0FCa1VxSHp2OHPSAWBBVV95cUxQVG10SXVMcGNHZXo5ajNXekRnbjJzQWpIYVpQWlFEVkh4ZFVnRzg4bG9XQXhLWXNncUNhVTZJXzdNVjVnV1FCbEVBbmJhMmpiaG1VUGZwbld0dHdkYnlqNkU?oc=5
주왕산,구조활동,주왕산 실종 초등생 시신 수습… 악천후 속 헬기 대신 인력 투입,1,1,hidomin.com,2026-05-12,2026-05-12,https://news.google.com/rss/articles/CBMiakFVX3lxTE5oU2pvbXNxaXNYRVU5TnBXRkgwekpWdnZ1dG0wTVBlREtlT21RbnRac29UaXY0eVZ1TmUtbU1HcDB4MVhSZXdrWlNleTl0WDNfdW1VU19ib1BhVlZTV0JzRXJCYU1hVGU5UXc?oc=5
주왕산,기타,주왕산 사망 초등생에 안타까워한 李대통령…“불행한 사고 나지 않게 신경 써야”,1,1,서울신문,2026-05-12,2026-05-12,https://news.google.com/rss/articles/CBMicEFVX3lxTFBjenJLX2Y5WWI5ZTdWUnBuTTRQZFVmWV90RE5CWUlSZklIOG03VWtWZmJ0NHl1SXVaX1B3YjZGcTBaam9talBoTU03VVpYd0Vja0hNSGNQVmNXclNJcXVuUWViX1VlZ0wtelBXZ19XeGY?oc=5
주왕산,기타,[사건사고 이슈] 주왕산 초등생 사망 비보…대통령도 불행한 사고 언급.재발방지책 지시,1,1,이슈인팩트,2026-05-12,2026-05-12,https://news.google.com/rss/articles/CBMibEFVX3lxTE1WSWpxS3JoMDlRbWc4MUhhSVJXVTJBRHBlUHpNZkJGeVdQZVl5TWJ0UWJZMm5MTXRBeDlhaEdaY3duM0lkZnJ0WHlNMTVLVVh3aktJUUl6R3Q2a0JiT0VnM0lBb3JZTEUzMzIxbA?oc=5
주왕산,구조활동,주왕산 실종 초등생 숨진채 발견…소방 등산 주의 수칙 당부,1,1,매일신문,2026-05-12,2026-05-12,https://news.google.com/rss/articles/CBMiYkFVX3lxTE9adDd1ZjdoU0pOUS1saGRlS2FnY2IxNVRnRk82cEFEODdzelREMXR4cC1JMmN2NHl3RzFmMFNEVGx6cVkxX0VaT0k3Mi1aQm8xbDctbW05OVZZYkdsUlJJY1Vn?oc=5
주왕산,기타,주왕산 등산로 옆 ‘거미줄’ 송잇길은 주민들도 안 가,1,1,v.daum.net,2026-05-12,2026-05-12,https://news.google.com/rss/articles/CBMiT0FVX3lxTE1KaGJuNmE3MjZNdDExWjBnOVBVRnBRTmpTT3JlX2wxeUtZX25WTWdXcGJpeHJ1WENBckNTeWFHWXNmMVpHUjZVWnF1UWpHU2c?oc=5
월출산,기타,지난 5월 12일 땅에서부터의 높이 120m에 달하는 국내 최고 높이의 월출산국립공원 구름다리가 건설되었다.,1,1,OhmyNews,2026-05-12,2026-05-12,https://news.google.com/rss/articles/CBMieEFVX3lxTE9ZNWNUYVB6U0FtQjJzVjhfQWkwQnp6TFpCQjNUbDlkUG5oNW1MUFVvVHVvREIyQTZQZ2pMS2JUQUY5N0lyLWp3QUJEeFlNUDF5MnozY2Y3d0RZS1BuMUJhYmtHOE5feTVqODE4T1l0T2lETFV2UmlkNg?oc=5
지리산,자원보전,지리산국립공원전북사무소 `생태나누리‘ 모집,1,1,전북도민일보,2026-05-11,2026-05-11,https://news.google.com/rss/articles/CBMihwFBVV95cUxQS0RKdUhmTjhhd2pTeTQ5bmdEenFGZ3hqUXlhREhRSVJSbUFUdF9kLTZ4ZlNmSnpLbGtSQUQ1dE95U1ZpTVpfR3ZacnIySnVJc2l5cVhpbTBLSFhDZ2EzbmFmVzBKd0tCVWlGd0szTWtpS2ZxUkVjRVkwY3AtVHc5bGVRRlJsYXc?oc=5
주왕산,구조활동,밤샘수색에도 찾지 못한 주왕산 실종 아동…3일차 수색 재개,1,1,중앙일보,2026-05-11,2026-05-11,https://news.google.com/rss/articles/CBMiVkFVX3lxTE9FYVdYbWpDOU9TdGZCRklOMzlIa0Z1SENPdVJkVllnY3ZaUkpZM3l4akFqZktaYkt4SmIyclQ3Q01PMnBoalVKUDJLUVkzQTF0V1hpNElB?oc=5
주왕산,구조활동,밤새 비오는데 한시라도 빨리…주왕산 실종 초등생 수색 총력전,1,1,매일신문,2026-05-11,2026-05-11,https://news.google.com/rss/articles/CBMiYkFVX3lxTE5rNlZ6SkFjU2RHZlRYb21XNnFGTHhqUWZhWjF6UXVuZG8tS2J5em5LTzdVRUdKVXpOVlpTOTE5bVp6NktLX01MQmhuLW04SjhzeDZYUXlPUW5nX2FfV0dGZzR3?oc=5
(전체·공통),기타,퐁냐-케방 국립공원에서 새로 발견된 동굴 안에는 무엇이 있을까요?,1,1,Vietnam.vn,2026-05-11,2026-05-11,https://news.google.com/rss/articles/CBMimgFBVV95cUxQUkE3czkyZ2RVZFg1ajZSbVlhUW9qTWl2UGFCZHJNNlozSVpUTkg5OEFhX0dydWdtUEFNM2FWcDBjNkFNYzlYZERpTTZQVHRUNF9FSUlkdHd4NjZIS3BZazdsNjl6Mm1YR1J5UmdlWXNKYUZNbjZyMWptdnpxSkNKcENNQWl2alNRaEdIYTJlNVYtaUNYeDlYMTRR?oc=5
지리산,기타,"지리산 종주도 이제는 안심, QR코드로 찍는 안전 산행 서비스 시작",1,1,이트레블뉴스,2026-05-10,2026-05-10,https://news.google.com/rss/articles/CBMiREFVX3lxTFBUWmN1TmtBcHBTQzZYVXY5UHhxZjY3alVRNUNiX0c3WmFOS004Vncwem1LTEZZRDZmZmV0SFVhUmhHWWJ4?oc=5
설악산,탐방시설,"""폐쇄됐던 길이 드디어 개방됐다""... 설악산·월출산과 어깨 나란히 하는 3대 암산 탐방로",1,1,ardentnews.co.kr,2026-05-10,2026-05-10,https://news.google.com/rss/articles/CBMib0FVX3lxTE0wU2V2a2dhTlpnNFlFeVdFYkVuak1taUN3RTQ1NnkyUmVaTzBUVkJJeVVRWG1nYWdOcS1KTEZ5d3RZaFlLc05lS0g3UzREY3RSUFl2TzA3WWNmY2xlTXNWekQ3TmREYmw4V2dKT2cwONIBc0FVX3lxTE5mZWZYYlVWS1VQMVY0VFRxVU41QkEzNkt1RGFWZmNqYUw0Y25iZVBxWGp6Q3hBUFlGcGtzTlc3YWlvSEVPdHNMYjd4c0liVFJtb2s0X2NPeFAySjBzLXkxZ3NIemx0cnlwaDFEdkZxaEZfTGc?oc=5
무등산,구조활동,"""아들이 집에 안 와요""...폰 두고 무등산 오른 30대, 실종 닷새 만에 구조 - 머니투데이",1,1,머니투데이,2026-05-10,2026-05-10,https://news.google.com/rss/articles/CBMia0FVX3lxTE1tLVFYeWxIZXQ1QjZIc2VSZ185Si04YmpMQUdDaTEyaHJQVmJLNktpUGNseGsweGlyOW9GSTJfWGI4YjdGVnByejRNSWpvb1VrdllILWk1aTVMZFFocVVMQ1E1UHVFb1lhZTFR0gFwQVVfeXFMUGdydGsydF92emVhZUpfZXk4RG5KX1REVlIyUkZZODB4dkdQQThzVm5NbGdPbTJTMzV2V3Nja2NTc2c4M0YwV05jdEUzT0gya001a3JEVTdpU2JUa3IyV1VvMGk5WnBKQU0zZ0w2WDRiZw?oc=5
한려해상,탐방시설,"한려해상, 남해 용문사 ‘한글 백일장’과 환경체험 프로그램 운영",1,1,경남일보,2026-05-09,2026-05-09,https://news.google.com/rss/articles/CBMia0FVX3lxTE5IZTQ0ellwdlhfaUt6UDIyeDFVNjlDLWtBRExkVFBZeERGckFBRzRMRk9PZVNVVlh2WG4wZnlxVzAwbHRfUEFYOWE1ZVdhbEJQZ0RXMmE1QWgtWnZJR1I4ekhjenNScEx4OWg4?oc=5
덕유산,기타,"덕유산국립공원, 봄 야생화 절정…적상산에서 향적봉까지 ‘꽃 향연’[포토뉴스]",1,1,타파인,2026-05-07,2026-05-07,https://news.google.com/rss/articles/CBMiXkFVX3lxTE9PcEZKaDI0dF84VC1CN2E4eXNaUmVWdnlmaU5VT1BlMHpzNUw3RFp4c1VoZTI2VTNQZkRQWVZ4WU0zd2VDWTB2aDM2dmFERkY3WWdsT2JkeEpuNlpQcVE?oc=5
팔공산,기타,'철거' 팔공산 기도 터 가봤더니...곳곳 '훼손 흔적',1,1,YTN,2026-05-06,2026-05-06,https://news.google.com/rss/articles/CBMiXkFVX3lxTE94SU9uaGszT3VPa1RyWFVmZjNUX0EzZzJjbUVWb21KUk9udkJPM290S3pZOWJpeURVVGNwdC1BRjQ0akhpZnNyaDBlX0tsQ21pNXg2SkxRb3J3MmQ2MUE?oc=5
팔공산,기타,"부산 금정구, 금정산 국립공원 주사무소 유치 위해 팔공산 벤치마킹",1,1,뉴스1,2026-05-06,2026-05-06,https://news.google.com/rss/articles/CBMiX0FVX3lxTE1ScE1yVEpMaDliN0RCV2JtckNBMGozVVM2UEI5YklWWHZLNFJTSW1RX0plbXIzRUZXZzYyR3U3SDdhUkYwM1BBS3hHMThoMzdDVkg1b01pWlpXdl9HbDMw?oc=5
태안해안,기타,"충남세종농협·농가주부모임, 태안해안국립공원서 ‘영농後 환경愛’ 정화 활동",1,1,농민신문,2026-05-06,2026-05-06,https://news.google.com/rss/articles/CBMiWkFVX3lxTE90OFptVjhpMUdwektXNjZ5cVZOTzRwX2tqTWQxaUdsTTZKSVkzbk9mbGJJQWpxX21sbVJ4LU9MYklwQVZOdEtmc0pxNmJscWgwaElwMHUzLWVsZw?oc=5
치악산,탐방시설,"치악산 국립공원 횡성분소 부곡탐방지원센터, 공휴일 근무자 없어 불편",1,1,글로벌뉴스통신GNA,2026-05-06,2026-05-06,https://news.google.com/rss/articles/CBMidEFVX3lxTE1JbWF5ZkJkb19HZl8xa3RLVkNsWGJ6elhwd2lua3FrdU5Zbmw3eXJBZFltekMweWExSXp0bVRIRm5ES3ZzM0pyZFN6ajlFN1d1d0NzQmpNSGtMLVJteXhuYmJJMWpPOVF5WHkzaVRkRDQtVlFT?oc=5
금정산,기타,"[오마이포토2026] ""금정산국립공원에서 산악마라톤? 취소해야""",1,1,OhmyNews,2026-05-06,2026-05-06,https://news.google.com/rss/articles/CBMijgFBVV95cUxPdzRqbnlpTk5pMmZCWlpnekNlYkRUTUhZRlFyVW9qMTh3eWo2UENOQW9LQnFlNG9kNFhGVWZaTmhMa0xNSGpQRWV0T3NZNTY0WWNTMWFNdTNDcnBfSEg5Z25JZXYyNkJmcHR3SVptbDFCSkg5RGtwVnlKVWpyQVNlVEk3NTE5c25UMXFNSXNn?oc=5
금정산,탐방시설,"[뭐라노] 금정산, 거미줄 같은 탐방로 체계적 관리 나선다",1,1,국제신문,2026-05-06,2026-05-06,https://news.google.com/rss/articles/CBMijgFBVV95cUxPelczT2QwdHNnSVA3QkxEcXo0MXY3MGlhNXJnWk9YZU02VzVDcUtnd25GdC1Sd3I1YTdzOWNKZmhTY0NPbm9Wc3JfbEdKdW55RXN5aHFfODJ4WWxTdjd2N0YzbExIR3JJcGlWTGNZWG5nM2h5WE4xMmptZmR0eG5aTWdQQXQtV3QxWXlETzJ3?oc=5
소백산,기타,"소백산국립공원북부사무소, 일회용 페트병 저감 혁신제품 도입 운영",1,1,동양일보,2026-05-05,2026-05-05,https://news.google.com/rss/articles/CBMiakFVX3lxTE9sSEhPTkJMem9lWk5fenhyWE5TOVFFSDhKN1VzYmQwTzRMVXdNaXdaY1ZUSWFGZEZCOXZzY3kyLUJCdGZEaTl4eHdGYTZlcWoxTVJlY1R6dk00Y3ZJWnNlUUdfT1hHVXdNYnc?oc=5
설악산,기타,"설악산국립공원사무소, 설악산 5월 초 ‘깜짝 눈’…고지대 최대 5cm 적설, 산행 시 주의 필요",1,1,환경신문,2026-05-05,2026-05-05,https://news.google.com/rss/articles/CBMiQ0FVX3lxTFB5ZjBwM1FFdnBicUJpb2Y3dF95amhySGdmS0hlbjZkOXE3NldLX2w4N1lXZ2FhRWFwSVVWZWl1NE1RcGs?oc=5
금정산,기타,거미줄처럼 얽힌 금정산 등산로 손본다,1,1,국제신문,2026-05-05,2026-05-05,https://news.google.com/rss/articles/CBMijgFBVV95cUxPSnRGejBBakliT0M0UnJsbm8zRnl5eWNnMmhUUWdZa29pVXVCQVZBcmdYcmpGUTRHV0YydmplUDJVR2RPZU01UFhGRnAzZVlKck1BZTE1RjV0d1Y1RTBicDJWQkg2Tk5ZWV9BeE9mbUFsaVlQQW5MMl9pNTVWMUNMTXJSc0JoZzRZYlpfTm93?oc=5
(전체·공통),기타,"""10억 들여 가꿨는데 입장료가 무료라니""... 국립공원이 명품 인정한 450년 다도해 어촌마을",1,1,ardentnews.co.kr,2026-05-05,2026-05-05,https://news.google.com/rss/articles/CBMib0FVX3lxTE9yVnhXUU1nOFhIZHRyYTFyZzJ6SXlzUHJaeUhYYkNhMkJUcFJWdENaQ21reDdxVy1DMGR3cTVVUjU2UUhSaWhLZy1NOFAyUGVyeE5INWpITGhVTWZjVzF5dVBFNlRIdmJaaHZiT1dRUdIBc0FVX3lxTFA1enVSdlZhOFhOTWljZ3ZQUzZvX1ZEX1UtUGZoRXR0Z2U2WWkwM0lHczU4SWtuNFNyRHVoTWtudkh1NjN1VFF5b0s2ZzR4Wlh5clBRTmF6MHoxYUNFV0dMdWl2LXRDcHhnU1dla0FaZjVuMFE?oc=5
한라산,기타,입하 앞두고…5월 한라산에 때아닌 상고대,1,1,KBS 뉴스,2026-05-04,2026-05-04,https://news.google.com/rss/articles/CBMiW0FVX3lxTE51NlpzbE1PZ2F5aEV6QWJQOXhudkgySmcwdEt4Wm5ETlo4eTZWNWVIMWRjb3R6bDRNOFI5SDZkOGx2YllLbFlRVFBaTFp3bk8weTYycG1ualNwc2c?oc=5
팔공산,기타,"팔공산 국립공원, 야간 산행·임산물 무단 채취 단속",1,1,대구MBC,2026-05-04,2026-05-04,https://news.google.com/rss/articles/CBMiTEFVX3lxTE1PS2xpLTlkbDFVUTBuamtlSGlmU0xoV2RXY2ZzM1hDUFNPLURaNnJjM0RIa1F3RzJndkdCQnQzbkl6RE5RR1NBSDNoNlY?oc=5
경주,재난안전,경주국립공원 산불통제구간 5월1일부터 전면개방,1,1,경주포커스,2026-05-04,2026-05-04,https://news.google.com/rss/articles/CBMia0FVX3lxTE02anAxVU1FTFB3a0dWTUlaZFhob181RzQ4eXdsd1BwYU5DN0tfT0lrYnJRd1hWcGQ2ZFkyMmlJbmliS1JxX1ZpV08wUmtqUVc5SENhLV9VT1VqMEtEa1hEbVd4ZngtV1diLTZR?oc=5
설악산,기타,"""설악산보다 더 아찔하다""... 입장료 없이 120m 허공 위 폭 1m 다리 건너는 협곡 명소",1,1,ardentnews.co.kr,2026-05-03,2026-05-03,https://news.google.com/rss/articles/CBMib0FVX3lxTE53QWVlVmxyUU5tTlRJcEFZZU9Cd2QzSVJnc2JUQTJiTGo3cjVZQ0IzeWdSRnBSd2p5TERRNUplRnBjdUstbFdldzFId1hjelVyYkJrWWhmUHJ4U3B2YnB6VE9zUWJwc0lJV21oQ200Y9IBc0FVX3lxTFBBV1Uzd2trVk93NEYySkphM1g0UW1iN29LWmNZYWo4TUI4eTBnMzBGQ3ROMkI0TkJPbUpIMmEyS2o1QUxnd2I5V2o0TTctNC1VUDlxanUySWhQYU5FeHc4cVFSRWVDcFh5dDZ1RGtlNERlcTQ?oc=5
변산반도,탐방시설,변산반도국립공원 직소천야영장 개장…자연 속 안전한 캠핑 공간 조성,1,1,산림신문,2026-05-03,2026-05-03,https://news.google.com/rss/articles/CBMiVkFVX3lxTE4xal9iYkJMdHNDVWo5MmdsYnVqN1dZQWpmQlFDamJPNmZ3R0daREVxNlJWemhSeklBbmQzdkpCX0JyUm83X2VpU1BxZFZXTWt5NzJYdFdn?oc=5
금정산,기타,"[단독] 1500명이 달린다는데… 국립공원 금정산, 괜찮을까",1,1,부산일보,2026-05-03,2026-05-03,https://news.google.com/rss/articles/CBMieEFVX3lxTE9hMEpkc3cxZHRYOHltSnIwcVc4NW05WjhPZDk4MGlFMHg3LS1FbnJid1BxZmtWSVFYSTJ1Yk43eTRBS1BVQWI5TVRXVmpYdlY2QUhhNlB4Vi13NVdQRUkwWDNQWUJTVEVQSk5pUHhQRUo4aHVHQ28zVA?oc=5
경주,탐방시설,탐방객 390명 제한…경주 토함산 암곡길 ‘예약제’ 전면 시행,1,1,kyongbuk.co.kr,2026-05-03,2026-05-03,https://news.google.com/rss/articles/CBMib0FVX3lxTE1nM3JTVWc4YUEyWl93RFBhTkl0OXpEakJfU0Ixb3BhWXhZUU9faDF0WE9VbGVPMnBnZHFqTVdtTGI2RlJsbzR2MHZrb3U0MmJuamxWUkRFamlBNVVYMFZVVnJ1Qm9SM1BkOEtBMFZzUQ?oc=5
(전체·공통),구조활동,국립공원공단 특수구조대 인수봉서 2시간 구조작업 성공,1,1,헤럴드경제,2026-05-03,2026-05-03,https://news.google.com/rss/articles/CBMiVkFVX3lxTE1FMG43N1NKWmxoOXZUTXJWc2lXcEZkOWhlRG9yQUdkT0VqSkd0ZHdxSkFyV0FfTlN2Vk4yZWNEc0NBTnFCX2hZSThJQmxQeG5mWXFJd0R3?oc=5
덕유산,재난안전,덕유산국립공원·순천 주암군 산불…황금연휴 산불 잇따라,1,1,SBS Biz,2026-05-02,2026-05-02,https://news.google.com/rss/articles/CBMiU0FVX3lxTE5ESXFzcnpJWTg2aHhiSzJKaEZiWFNnTDM2YnhUMDkyZHJYZHZDMkpGMjNUdXBnSHlGT3hFUG13Mk9PR2liMzYtZEx6YU83NE9iX2pr0gFYQVVfeXFMTUdWZk91NC0yTXdFcWpEbmFOdnVURDZnYmthWjAyTk1rOXJKRVF2TlpaaWZHLW9temJnRGJWblBucE14Rk51VDVsYmZwUUxseTNPbTRVYTBtYw?oc=5
(전체·공통),기타,1시간 걸으니 악어떼가 나왔다…국립공원 추천 걷기 좋은 길 85곳,1,1,중앙일보,2026-05-02,2026-05-02,https://news.google.com/rss/articles/CBMiVkFVX3lxTFBzUzZ2YUx2SlFTdDJ3c09vN3Bubk9XM3dWVW1zRG5GcFctUHRZQlRFV2FZc1JhQzRhbTNfemZ0UWlxWWRYeEFFQVgtSVAwYUtOZ3ZBTFVB?oc=5
치악산,재난안전,강원 원주 치악산 국립공원 산불 1시간 40분 만에 꺼져,1,1,KBS 뉴스,2026-05-01,2026-05-01,https://news.google.com/rss/articles/CBMiW0FVX3lxTE5ZSUdBVDRMbnVheFpqbnJkRnlWTGxpMUM0em1tc3JoakFMR1RNSEFUa1YySUhsUkE4bXh3QUJEWEpOTmdNS2ZHeE83MWpyQmctMUlxZWpwNFEwS00?oc=5
치악산,재난안전,"치악산 산불, 등산객들이 초동 진화…큰불 막았다",1,1,동아일보,2026-05-01,2026-05-01,https://news.google.com/rss/articles/CBMidkFVX3lxTE5CTlVyQlp4c1FONkZUblJfN2Jsd09rbWktb3Mtc0VvZEtLVG5BVlRWVmNjUlJld3IwdDN0LVpuanh4dEdqLVhOVngwUEEyTVRuU1AtOWd1U0p0SElBWVpTckhLalNGcTJHNVRwRzZUWkRYWmJXcGfSAWZBVV95cUxORmN0Q1Zfc216NjVwM04za2tDd1FkcElWRHRpYTRhTmhoS1JtSzJNOGZFa0RuWThpc1FYMDFTZGp5MUdNR3NkcGpaclhlUDRpOXkwa0lTR1FWajBDU3lRcjZvNVU3TEE?oc=5
한라산,탐방시설,60대 이상 중년 위한 ‘한라산 은빛 소풍’ 체험,1,1,제주의소리,2026-04-30,2026-04-30,https://news.google.com/rss/articles/CBMia0FVX3lxTE4wb2dNUjBacUNsMkFVRHlxOTdKV1pWRlpWcTRVc0VTYzBuYmhxdFpFQmViYjJYNUpCQ0gwTGRZTWVQbVFaNWMxUjlwZ0JrWXdKdGNMVHlZell2aEdJNURtSC1OaTdFUVNybnBV?oc=5
주왕산,기타,"청송 부남초 전교생, 주왕산 계곡 따라 `지질 탐험` 나섰다",1,1,매일신문,2026-04-30,2026-04-30,https://news.google.com/rss/articles/CBMiYkFVX3lxTE5sdGVhdEExZXkzNlg4REVpQ2tZV1pJMHg0OXZvcmw1RlhJWUZVeTV4Y1gydXFuYkJ5TXJ5Ql9vU0w3SFNsdnQxd044U2ktOXVzLTRUbWtMQU9LUDBGMkI0RkN3?oc=5
북한산,기타,북한산 순례길·월악산 악어봉길…국립공원 ‘걷기 좋은 길’ 85선,1,1,한겨레,2026-04-30,2026-04-30,https://news.google.com/rss/articles/CBMibEFVX3lxTE04TVdtT0hXaVpwTkxsZXRMU2NWbGVqcTFrTURtYWxZUzAxS3YwbWp4RjdrRXNtWFg3V2tSaUJ4T0pjT25iM2phWkhtd0xnQmZFNTZWNXo4TEdKTGtNWkpmT1hxTzJ5ZksxTzFYZg?oc=5
팔공산,기타,"“팔공산 야간산행·흡연 안 돼요”... 국립공원, 5월 집중 단속",1,1,BBS불교방송,2026-04-29,2026-04-29,https://news.google.com/rss/articles/CBMia0FVX3lxTFBEUTRqZllOdk95RWNaMFhMTTlBUU1fUjdXeVljWTllc3FreWVxNFFoLVZUN3NlOTRhWFVpQ0NscE9odkJtOEZXdld3UnQyY05Sak1JbWhyaWlhTDNnUElhQXhaQ2JZQXpfT2o4?oc=5
주왕산,탐방시설,막혔던 주왕산 탐방로 다시 열린다…장군봉도 정상화,1,1,연합뉴스,2026-04-29,2026-04-29,https://news.google.com/rss/articles/CBMiW0FVX3lxTFB2QkxzV1BzQkRCYmNIVEZ6SER3ZUk5STdSeklqR01JUFhwUnpQT05yV25yYi1KbnVsRkxiN3JSdWRDeElIa1Jhd1N6c292NW5NR3NmVWtjZHd6OVXSAWBBVV95cUxPeUlZUFp4VEdxYUpzUmU0RGNYQ2xLTUVlaHZUU3BzME4wN3R5NHBfaWhmeW15RjN1QUFmT2ZOWE5valBpRXVGMFZqWjFrWU9SeWRiWEE0MVNYSEdBNkc4dGs?oc=5
북한산,자원보전,"서울시농수산식품공사, 북한산 국립공원 생태계 복구 위해 ‘임직원 식재 봉사’ 펼쳐",1,1,서울시티,2026-04-28,2026-04-28,https://news.google.com/rss/articles/CBMib0FVX3lxTFBvZ1NEMXFhbDlQZWc3Tnc3OFNnci1DZDBJUUxHdmt0MzZlejlPM0hKZ3dvNlN2VG1RRzZ4amNSUDJ1a083TTBYaFhiRlRRZ1hNUHc3MTlrSWJLcGZ3bGZ5Z21nSVpXSzl4VUVtVkFIRQ?oc=5
금정산,기타,[단독] 멧돼지 점점 느는데 총기 포획 제한? 금정산국립공원의 딜레마,1,1,부산일보,2026-04-28,2026-04-28,https://news.google.com/rss/articles/CBMieEFVX3lxTE1pVWpTNzRNanpoV1MtVENrM0xpQkdBNkxjSjNzSFdmZFpPN3ctTGpsVFZoMjBGb01Td2hRS3REWFFoampmdUdXdG5mcGJHdFM0SXFGOTVaLURjVGdtWmg2OUdTdXdVNVgyclRMcEF5enpQMUFTZlJxSQ?oc=5
팔공산,기타,"팔공산 갓바위, 이제 ‘원스톱’으로 즐긴다… 대구-경산 잇는 차량공유 도입",1,1,BBS불교방송,2026-04-27,2026-04-27,https://news.google.com/rss/articles/CBMia0FVX3lxTFBmcFpZekhINkJubWFudkZ1QmMxX0FzQlZQVkV2XzhpUVpJeUNwZlVJSGlmZWJuaGdjSmpYMlV3NkVBMHFHWV9TOGlkeU5tbDZKQTZHODJmV21tNllUbUtnVjFoYWl2N3BnYnAw?oc=5
오대산,재난안전,"오대산국립공원, 2026 봄철 산불 대응력 강화 합동훈련 진행",1,1,강원신문,2026-04-24,2026-04-24,https://news.google.com/rss/articles/CBMiaEFVX3lxTFBJb08xY3FhTURDNFlJQ251bXBweHBTS25JUlVyZ1E0ZTBQUEplQjRvd0JDXzJOOGt2Nm95cUVpM3N0Y043YXVTcV9ablJReGYwZnVLdWNqMnJzenVpcUhEQVdLRXBoNmtq?oc=5
북한산,구조활동,북한산국립공원 특수산악구조대 “소중한 생명 살린다”,1,1,ecojournal.co.kr,2026-04-24,2026-04-24,https://news.google.com/rss/articles/CBMiWkFVX3lxTE0zTjhNSFh5eTF6WG8tSDB2dFMtSjA1b242eXRmcW9HSmhQNGdGNWRGS1M1eXQzNHd5WFBKZU1yR0JqM05kdGdPd2hnbFJXbWtPbmhzeXRnc19tUQ?oc=5
북한산,탐방시설,"북한산국립공원, 프랑스 청소년 대상 국제교류형 탐방프로그램 운영",1,1,환경일보,2026-04-24,2026-04-24,https://news.google.com/rss/articles/CBMiaEFVX3lxTE9malF2VFdtaWdueW5fMUwzb3NkRGhDN04wZGRhUEEzVFRpY0FiaFNILUFTd3RROW9xeWMxWWZEcFF5SlBGaTRQTVRydXdaenQ2YlVVVEJmdnpkWWc0djBJZzVwQzRQbzFm?oc=5
다도해해상,기타,"다도해해상사무소, '바다의 불청객' 괭생이모자반 자원화",1,1,연합뉴스,2026-04-24,2026-04-24,https://news.google.com/rss/articles/CBMiW0FVX3lxTFB5RDB1UkoyUjFLZ0RET2stSHRtUHJBbGVuNnlMcXFjVTN1cGZTQUVFSTEzMUpqekNhMzl2WDh5N1p5OUtteTdoY0FlbzFYejFQMDVmVDNFOFBfYm_SAWBBVV95cUxObDYtVkRIVXBfR3dIY1QxRDIwZFNBSWQ1TDV3WVJfT1EzUlJacnZtZzVyS3NaNVJGTm53LTFYZERNdHlCVlhMTUpCSWo0TUUtNHFEWG5yTmR1ZE9Oa0RTY1Y?oc=5
(전체·공통),자원보전,"""국내 유일한 '해안국립공원'이라고?""... 230km 리아스식 해안선 따라 펼쳐진 생태 트레킹 코스",1,1,ardentnews.co.kr,2026-04-24,2026-04-24,https://news.google.com/rss/articles/CBMib0FVX3lxTE5Ob1FZVnBCWDlTNDYyM1UycTlETE56al9JT0hFZUFxWGI1a3BfUnY2NjZaWVRoOHBnenBaQ1B4NTFZOWstSVlWVlJTTDdCRGgyQmxfRzdvWkNEY0QzbjFCODJyS2s5LW1Kd3k2Wll3NNIBc0FVX3lxTE9aeUsxNTlMd3ZEa1VCck80NGJoX0R3cHhTRHp4TFM0NnhtM2JlU1NxVzNIdmZOLXlIbmdjbktJNF9qdGZDQms3X29nek80RlY5QjdHWS01N19WMkFZb2tNdU5DUnlBR1RodURQUWtGVDluRDA?oc=5
속리산,행정,"보은군-속리산국립공원사무소, 지역농산물 이용 신제품 개발 협약",1,1,중도일보,2026-04-23,2026-04-23,https://news.google.com/rss/articles/CBMibEFVX3lxTE9NUGJQQURrNzdoQWY4MHB3cEtReFU4bXhpTXZwRG81Y0NOU1l2REt4UjE3Z09CQWIzY3NkT09JV3BSX0l1T3lkVGcybjIxMUFVVnVfNmU3NFYwckZmWU1EZVRGT2RjamRUYmxlMA?oc=5
속리산,행정,"보은군, 속리산국립공원사무소와 상생협력 업무협약 체결 외 (4월23일 종합)",1,1,충북데일리,2026-04-23,2026-04-23,https://news.google.com/rss/articles/CBMiYkFVX3lxTE5Oa2lobjhuVHM5Z1FteC1CUjUyaHRfVjl2QjI5S0tzalNEOFBVNDJCSF9uM056b2lTb0dFNmhWdUhHZHBkaGZSLXF0Y2hhREVLLWJ3Q0Izd0lOUEppV1I3Ui13?oc=5
경주,자원보전,국립공원 보전에 기업자본 결합...경주서 멸종위기종·산사태 복원 동시 추진,1,1,hidomin.com,2026-04-23,2026-04-23,https://news.google.com/rss/articles/CBMiakFVX3lxTFBhd0Z1TWFGZGhuM21BZnk2SVNHSnBDek1PYVFtZEtGUF8zQnl3anhJUTc0X00wNjZiS0NNNlJ2eE9jbDJpSGs0WXh3enFUUFZvakVENUlnSXh6bFl3cExFZXVjaFVrQUM4amc?oc=5
경주,자원보전,"국립공원공단-HD 건설기계, 경주국립공원 멸종위기종 서식지 보호 맞손",1,1,경북매일,2026-04-23,2026-04-23,https://news.google.com/rss/articles/CBMiWkFVX3lxTE1pTk13MjFqeFJpWnNtX2JNTWFESFZLWjFBRk9uNkZIX00xNzY0akRlWkZYNDJMZ3lpemJoTVhxNXdxdWpPY0NtS2Y2dzdGZWxQRS1YbDdMRDJxZw?oc=5
한려해상,기타,"강승규 한려해상 자원봉사회장, 'K-자원봉사단' 핵심리더 선정",1,1,뉴스사천,2026-04-22,2026-04-22,https://news.google.com/rss/articles/CBMiakFVX3lxTE9rS2Q4WGNIWVFRRUhqaGNHMkdWdEg0Wm5EeDliMXdhcjJPLWd2MU1VMjhDbzhTX3NDUkZqMVo5R0YtTVkzM3hmekQ1RlRnaTZSRm9rT0lLc1kxblN2T3hweTJLTVFwTnBQX3c?oc=5
팔공산,구조활동,'팔공산 갓바위' 국가유산청 현상변경 허가…노후 참배 시설·취약한 구조 개선,1,1,대경일보,2026-04-22,2026-04-22,https://news.google.com/rss/articles/CBMiaEFVX3lxTE5aZUdSUS1EazMzbEp0UUo4c1ZqX3FwMjY1LV9ueXpMSDVnaVJzVHdiNTZkZDZhTjFaS2Y0SGpzUl9TTDZPeXpzZjdrU3Q3R243WC1zZHpjVWVyX29lOVItTk9QRWFmLU9y?oc=5
태백산,자원보전,"태백산, 국립공원 지정 10주년… 4200종 생물 품고 사계절 관광지로",1,1,조선일보,2026-04-22,2026-04-22,https://news.google.com/rss/articles/CBMilwFBVV95cUxPd0t3NWtFdzN3Rm5EamNKcVFsRXJMd090cHhCRVRyRlVMNVZYUURtdFE3bkI2ZktHWkh1dWVSWnBYVTdwYUVkUW9xT1ZrUHZPc09Gb2tJa3dNemp0NEkxUDlrVXU1cERHU3F3U1dZTndPWGk4Wi1GY2lYeUN4YmhPNWFOd3BzT2RGZ25vX0VjOXFXbkFzX29F?oc=5
북한산,기타,"북한산 또 소나무재선충병…서울시, 긴급 방제 총력",1,1,경향신문,2026-04-22,2026-04-22,https://news.google.com/rss/articles/CBMiWkFVX3lxTFBjV0MzTFpINVFpY0d6RGctS01QaS1ONGk4WXBaVXVXa1Z2VU9ISGhlUWhEc3VKMEF3bFJmeXI1M2lYVzlrbG80d1lSbk5QMzhyYXBvMVdRek1HZ9IBX0FVX3lxTE10ZTJBcWhPVS00OTB4Ull2SmNmaEVpQVRIeHNFT2FVeVhoOUlOS29vUUdtQXBHclREbkoxdW5DWE1EMVRRMDFfcUZPOGNLUkJTU1pfZTFyYm1nVWttWmN3?oc=5
지리산,기타,지리산국립공원사무소 '산골 침구류 세탁 서비스' 큰 호응,1,1,뉴시스,2026-04-21,2026-04-21,https://news.google.com/rss/articles/CBMiYEFVX3lxTE5QNkVkLUM2ZWVOSHk4ODU3b2RfaWJoZm1ublpCODdKWlhmUDJ0a3YwQlVkWmpKSVpURV9LaEZmUlpHVHlzWnJUeV9xMHF0Y0ZtT1IxbThwU1RjVThlV21IR9IBeEFVX3lxTE9wbktCcFVQYjJxRGhFckJlc2J3R2NrclZMTjZMb0JORFFmcF93MnBxQV90U1VkTy1QSHJrTDZyaVh5OThLT0pvd1pXUkswNE1qVnpzTWd6c1RELUtWNElhTW5vcWhpMjFsUmNxejRESS1hQmUxM29xUg?oc=5
지리산,기타,"[단독] 간신히 살려낸 반달곰, 지리산 너머 인간영역 엿본다",1,1,v.daum.net,2026-04-21,2026-04-21,https://news.google.com/rss/articles/CBMiVEFVX3lxTE54Wk5KQTBYbktPTVZHb1ZycHhUVVdSVVRucDZHYkdTd0UzYVRMLXNjWkJnMzhmVWV2anJ2cnZ1VDkwWUNuV0VXc1NnU1M5OG5Ta25Tcg?oc=5
무등산,기타,[이슈포커스-무등산 원효사 상가 이주 갈등]‘상생’ 어디 가고 ‘갈등’만 남았나,1,1,남도일보,2026-04-21,2026-04-21,https://news.google.com/rss/articles/CBMibEFVX3lxTE8tLVJzUDBFUjR2VlNYSFl5eDBGVGg2MUNSaTFHTHItdmVSU2ZfSUtJU21MR0xqeUE5NDF6bEpoeGhXdEU3NmJjb1V3cU4wVGswRnc3Wi00dV9rVjZUdTdBeEcxVkxHdGxvSVk5ONIBcEFVX3lxTE5mT0oxbk82S09manpLLUItcjBlek5BZmE4bXBWZTZFcU5rQnZ1Nk1uR3FzcTV6SU1ReTlhdWF4Z1E0a3Voam5yaGZiVTdWUEVueE4tX1dxX3N1N3BaNDJUWUd6RGJJa1g3LVVJaW1GX1c?oc=5
경주,기타,"황호준 국립공원 자원활동가회장, ‘K-자원봉사 핵심리더’ 선정… 경주 봉사 위상 높였다",1,1,kyongbuk.co.kr,2026-04-21,2026-04-21,https://news.google.com/rss/articles/CBMib0FVX3lxTE95Y2dRRHBobFYwSFR0Q0M2ZjZyM0dEenZ5RXRYMnF6aEw0U1BOLXE4djVoV1Y5TWZCdnJGQkRVay1SaTlqcFhUTzdjM3l1c1JPTlk3dHhBLWlXVzN1YU5XU2NPalppOWlvUlo4aklEZw?oc=5
(전체·공통),탐방시설,대경권 국립공원 연 탐방객 973만명… 여행경비 8000억 사용했다,1,1,ynenews.kr,2026-04-21,2026-04-21,https://news.google.com/rss/articles/CBMiZ0FVX3lxTE5pT1lYcDhqZGU5M0VvM2hSbmtySjI2U3ZFVTd4WmJValVOWkFqVFR0ZG1UOFNmRUkyVlNzblcxVE9qQkNDc1ZWSTBSbTRoSG1LRTl1NmtsWUwxOUliX3BRZ2MyMkRZOGs?oc=5
월악산,탐방시설,월악산 옥순봉·구담봉 탐방로 5~6월 예약제 시행…하루 560명 제한,1,1,kyongbuk.co.kr,2026-04-20,2026-04-20,https://news.google.com/rss/articles/CBMib0FVX3lxTFA4R3B1NnFFUkpQWmI1Z0t6U2JkbFFiSlMxTFBKSjdCdU16Q0dkLWtCVXUxYTR5cmlkTFRrUXYwVElaaFJsVHVIX0g0QXRSdV8tT0R4ODMyXzc2dWdrZmd5dmRJQmJ1WEs3VHA3UTY2MA?oc=5
한라산,기타,"""한라산 가는 비행기표 취소했어요""... 20년간 노력 끝에 탄생한 국내 최초 도심형 국립공원",1,1,ardentnews.co.kr,2026-04-19,2026-04-19,https://news.google.com/rss/articles/CBMib0FVX3lxTFBBZWdKaEkzUTFCS29tR3hFcTN3aE41WkhZc2J3WFFIZ0VJVDNuT1VLUWRqVzd5cUM4T0l5VGRkTFZZdUptcUdlY2Vna3kwM2xSSG92cGkyVGwtWXFpNGNuSl9IVVZqZ0lVQkNQcTE0Z9IBc0FVX3lxTE1XVWllNlRIVFZhWVVGd2JUYk52a3ZZNEdUdFRkNlR4Q3VLOURfWkJoZ2xvQjN5UXdEcFJoN3ZpTjZHeEJRMGJvQ0VUUW1UdHhZSC1NYmRTSFhBVDd2LVU3Z0FpYmpiaEx4NmtsM3NhZFRxbW8?oc=5
속리산,기타,‘영상앨범 산’ 따뜻한 사람과 걷는 속리산국립공원 도명산 ···‘가·무·낙·도’의 풍류를 찾아서,1,1,스포츠경향,2026-04-19,2026-04-19,https://news.google.com/rss/articles/CBMiXkFVX3lxTE5zYVozZVRmRjEwVTZrTXRMOUdRTmVrenF2M0Q2VG5pS1UtTE83cHZpSXBMbzRxOFhwa3haR0lpSGp3LTVVcFptVlRaMkEydktKV0tGQko1TXJVNF9XbGfSAWNBVV95cUxQYjBzMTkwZlYzb1U3T2hhblpoNFM0ajBLNkJCUW4yX2Y2S3NlNWNIWVgwOVkxNFFkTFRMejdlRzRPQWllbDljTXpYd09RUFZmR3F5NVhJNy10NFdPb181N3IyOVk?oc=5
속리산,재난안전,"보은군, 속리산서 산불예방 캠페인 전개… 봄철 산림보호 총력",1,1,dominilbo.com,2026-04-19,2026-04-19,https://news.google.com/rss/articles/CBMibEFVX3lxTE1BT3BfMk1PZms1cjJoMGo1c3R4LUxLWDB1WldjblE1VVFXR1VieElwaEpyeXU2Y3J5Yi1pODI0TURDT0JMaEViMlhTb0hTZ0N1d3dibnNiY1lYSXZTZGUtcGkzamQ5MTZQVzZOZA?oc=5
(전체·공통),기타,"""'왕사남' 청령포가 있는 강원으로 오세요""…4대 국립공원만 2만명",1,1,파이낸셜뉴스,2026-04-18,2026-04-18,https://news.google.com/rss/articles/CBMiWkFVX3lxTFBFSW9WekVtazRWZW1pWWFfTnF1Y2pRZ3pXMkhFLXZrWjE1RzZINWJGSUNRbDdGWkM2X2k3Yk9DMUtncTZCdUJvcTlHOVg2MXMtYy0wRmFQYjRXdw?oc=5
팔공산,재난안전,"팔공산국립공원, 급경사지 낙석 등 위험요소에 대한 현장 안전관리 강화",1,1,데일리대구경북뉴스,2026-04-17,2026-04-17,https://news.google.com/rss/articles/CBMiZkFVX3lxTE5Sd2w5UWw3VTlSNjBlMG93bHBJNUtUdVZwbWR1WGNfT2tITEIxOE40NEI1SVRPZXBWUnBwdGpfaGFQbzc1NXlUczdPSTJtbkdWSWNRdUh5emFmV2dnbS1lSlNUdDRjUQ?oc=5
지리산,자원보전,지리산국립공원에 반달가슴곰과 교감하는 마을 있다,1,1,데일리한국,2026-04-17,2026-04-17,https://news.google.com/rss/articles/CBMib0FVX3lxTFBXZzl0T3RKYTZLOFdDbTY4d0lfbXJVY2tuZ2gxdktEYUdsS1BpVG5DRUNITEEwTkxKeGxIU1QxVWlmTjl0ZzBoUVVleU51ZDdHZ2RqdDJCb3lsTWk3UXBhM2U2ZDhrNnVlbFkzM2lhUdIBc0FVX3lxTE9haTNfSUFtVktzTEdqVE9YWEcyMjdsR2dFM2lBMnlQZUFXdEdhbVJGekw3YzFpcGhDVmZUMTJEbnFaUGVTbVZUcklhWWtDUDVtZ0RJbXJJRXVYTjBwQmpoSm1vUU43LU1FR3pxbnNsZzZhX0k?oc=5
덕유산,기타,"덕유산국립공원, ‘친환경 전기셔틀버스’ 운행",1,1,문경시민신문,2026-04-17,2026-04-17,https://news.google.com/rss/articles/CBMie0FVX3lxTE5wMEtnMmZGcEVTbTBjVWJlc1pQaGVKTG9SS0cwZEFoMm5pTU5DSmMtNjBZSWNPeS1qWnotT3ltNDkzZ1hwaC1sdmNITXpWOFVVZWxOeHhDdG9tdlNQTl9kWThyWVI2a1hPMXp1anNZX3pyVHE0TVp6bldWWQ?oc=5
금정산,탐방시설,양산 금정산 불법 기도터 정비 “국립공원 품격 세웠다”,1,1,양산신문,2026-04-17,2026-04-17,https://news.google.com/rss/articles/CBMib0FVX3lxTE5BQWk1eHhKY0hibUhINGoycGk5UUM4WFNueFR2dmJjcXBWb1RzYkdxOTdEVzNoR0M5LTNtYWI5Xzk5Wmc2c3RiVWdkakRkb1FTVjZLZ3JBZkFtVW0tMHRLWjdMeE9aQXhPWE5UZ2ozNA?oc=5
한라산,기타,쓰레기에 신음하는 한라산…매년 30t 안팎 수거,1,1,v.daum.net,2026-04-16,2026-04-16,https://news.google.com/rss/articles/CBMiS0FVX3lxTE1zc1NXRndfbWRNcVVSOUwxVHJCbmtlZWRIVWNHaDc1S2JlXzM2MnZzdG1PaVBmTjloMGJULWRBalJIWHJ5RWk1SmhSaw?oc=5
지리산,재난안전,지리산국립공원·함양군 합동 산불예방 드론 순찰,1,1,경남일보,2026-04-16,2026-04-16,https://news.google.com/rss/articles/CBMia0FVX3lxTE1PWmFhWU50X3hGUExobjBZRFJmUmJmMFpRdE9rWG9VSkdJSGJYdFI2Qlg5dUpVems0VW1RYXRTSXN4TzdlRENNS0NhZXpvQ01lOVNFMnJXZXRTU3RvUU1XMlJveng5RmVBMkJZ?oc=5
변산반도,기타,봄이 오는 '변산반도 국립공원' 직접 가보니,1,1,파이낸셜뉴스,2026-04-16,2026-04-16,https://news.google.com/rss/articles/CBMiWkFVX3lxTE5ocWFHUDAxN01rUFNqYm9PWTN2V09jZnlkSWgxT0ZpZnFqU0J3UE82UGpEMTNkVGYzc2JVNHVlcDhhR2RTX29KUDhxczlUVW5Td3RIX09kOG9uZw?oc=5
변산반도,기타,"화산이 빚고 세월이 깎았다…변산반도, 억겁의 시간이 건네는 ‘웅장한 위로’ [원성윤의 인생은 여행처럼]",1,1,sportsseoul.com,2026-04-16,2026-04-16,https://news.google.com/rss/articles/CBMiWEFVX3lxTE5DdTJOQWhVWWFaTFgzMGhseWt1MWdzb0prWEJiLVhBUHF2b1lBbjhONmd0OUxaTm5ObmV4bFJBRkpDVHlOWlVzc3Nzb3R2RW4zejR1c1k2TXY?oc=5
금정산,재난안전,"[부산소식]금정산국립공원, 환경정화·산불예방 캠페인 등",1,1,뉴시스,2026-04-16,2026-04-16,https://news.google.com/rss/articles/CBMiYEFVX3lxTE5MVkdVSGsyOE85R2xmLTAwWThqMTdzWC15ZjFGbk9SWVRIRjRZVUxVWUNMLUlCanFvZlhCRDcxTFF6QnItSTVHTEp6Z2NieS1KY3BwRndjR19BbEh1b2RxTtIBeEFVX3lxTFBGSkZHOWFkQTlyd0JGU2ZTZFZkcklUbkswdWs3YVRHdlpSV3lJOG1sam91ZE1xbHNnOGtXMndFQkhBRWVnUXdraHNLV2dSczVGS0xmNDRvbjA5Y2NvMU5vaXJlY3RIQy1aTDluTFVOTDZCWlVjcmZ3Rw?oc=5
태백산,기타,"강원랜드 임직원 90명, 태백산서 ‘삽질’한 훈훈한 이유",1,1,sports.donga.com,2026-04-15,2026-04-15,https://news.google.com/rss/articles/CBMic0FVX3lxTE5ZQ09USFI2dG5QUEc1eFJLVWJqdnhQclRDTVQtb0J5OThLd0wtRlBqZlpTQmVHQ2UwTlVMRU5qRm9WVl81cDRuM1ZrRmVHbEoybXlWTXd5dmFoejVkTVJaTHJaeE1hbjFncnlQQlMxdkQ3bFE?oc=5
소백산,기타,"소백산국립공원, 봄 야생화 '절정'…산자락 물들였다 [TF사진관]",1,1,더팩트,2026-04-15,2026-04-15,https://news.google.com/rss/articles/CBMiW0FVX3lxTE9aU09NM2hVV3lJbFltMW9ndF9RNGF1akllU0NFeFhqQlFadVZFYW0tOGtBM3Q1YW9pUUdfc0xNcURfUjdFOHVUT1hGejZYRG14Vk4ycVJxRHFrQjjSAVZBVV95cUxNd2Y0TFFJdFVCeGFaUjdFS2RHUlljNWpNcW41T2tfUm1UTVFpRmlSMVRhRmlIZG9DcUY3TzVMRTVPWlRsNllnbGpaQmdycDBvenlXTlprdw?oc=5
금정산,구조활동,[현장in] 금정산국립공원 지정 후 대대적 정비…헬기로 폐기물 40t 수거,1,1,연합뉴스,2026-04-15,2026-04-15,https://news.google.com/rss/articles/CBMiW0FVX3lxTE5UdGxoSUZRMFJsNEhnTl92VjRiSWd5NGhoTVRBUjc4ZjZ3T21zV3hQWUhTSGpZY24xU3VTT2ZlYzF5dE1OSjUycXVUM3J4bHRHNkZ0Y1pENWZSbGfSAWBBVV95cUxPeVZwS2JXUm12Z0luTHYzclNJODRJaTZyb0VGSjlaU1Y4Zy1pc1JodmtDTDFJbEl6cUF5ZjBnUnJyaDFoa3dXWXMtR3ljazYtMmljNm5SZTFtTUIxZ1NYd0w?oc=5
금정산,탐방시설,금정산 국립공원 내 불법시설 본격 철거 시작,1,1,노컷뉴스,2026-04-15,2026-04-15,https://news.google.com/rss/articles/CBMiUkFVX3lxTE5MdzU1Y2JzN3lnSVJwSTlzbXZrMnhGMmN4dUExQzZQY2lXLW5pbnZGMVNwdk50M2g0RmctNVR5amMzUEJFdmd0ckZabWZfUUJKVVE?oc=5
금정산,기타,"[부산소식]금정산국립공원사무소, 부산시자원봉사센터 MOU 등",1,1,뉴시스,2026-04-15,2026-04-15,https://news.google.com/rss/articles/CBMiYEFVX3lxTE05NjJ4UzJKYnJLQVpDS0hDR0hVZ0xORkQtVk1PcWtiX2xVNl9NZVRnSXdzNGZrNFNsZVRPcE94TUxqRTMxQjRFRk1PNkpkdmtzR1VhTXBwak5jZVNlcWNuLdIBeEFVX3lxTE9VdGNsX0R6MGVPdDlVVnRPdktmMzdMVUNTdDRtTVdZYTdpV09nNXRrZjRLQjF6ai1EbUpmNlRuOV92aVJkRDBlNklHTlM2MXZ0aXZoYUQ5VXZvckNmM3hXMXFTbnZwaGE2UUxBeUYwejNPMTZudDN1NQ?oc=5
한라산,탐방시설,한라산서 걷고 쉬고 체험한다…관음사 일대 새 탐방 프로그램 2종,1,1,네이트,2026-04-14,2026-04-14,https://news.google.com/rss/articles/CBMiU0FVX3lxTE5laWx5M1E5cm1KejN3TVhJOXo1cmxfbjJYajF4VEpmSGRETXVCRURvWTR0REFXVTVIVnExUjhGRlBGc0o2WXZoMnpGYjNOQjRTTWpz?oc=5
팔공산,구조활동,"팔공산 누비는 ‘청년 구조대’… 경일대, 국립공원 안전 지킨다",1,1,kyongbuk.co.kr,2026-04-14,2026-04-14,https://news.google.com/rss/articles/CBMib0FVX3lxTE4tZjVkM0RMcXRETVdoTDJ3dXhRajl3T3N3TDVOMHluc0dUR3E3MVpCN2IxRXZLcEtsT1g5RFFBaGNNVzhkRTdONDZnbWNOOWw4X20xM3g4ZGtIYUVJUWw4YXdESm5idkxYdEtvVkcxUQ?oc=5
태안해안,자원보전,"태안해안국립공원, 멸종위기종 조사단 발대식 개최",1,1,금강일보,2026-04-14,2026-04-14,https://news.google.com/rss/articles/CBMiakFVX3lxTE1JbWd6VmgzeDJ3LVJUSlh1VlVEcGV0YzFQcUZMNUhwNUhuODdqRDROdGJIaHBWckxneG5Oa1p5MUVHajhsRjN2bEYzbk9ZMERxRWZBTUc5RVpDdktSREtYaGZzd3RzRklCcUE?oc=5
설악산,탐방시설,인제군·설악산국립공원사무소·백담사 ‘설악산 백담지구 생태·문화 탐방자원 조성’ MOU,1,1,강원도민일보,2026-04-14,2026-04-14,https://news.google.com/rss/articles/CBMiaEFVX3lxTE0xOXd6RmtMQWFNaWtDQUZZZ3Q2OXpsNERxNlplMzdFcy1MWW82OVFWRUpoSVNYNzhXWTh3VWdUR1lYMV9TSkVyb19pdVBPU0k5ZTU5WV9BbUFhb21ZQllzdXpVdnh2OVA2?oc=5
계룡산,기타,"봄볕에 물든 계룡산 수통골, 25도 초여름 더위에 인파 몰려",1,1,SNS 타임즈,2026-04-14,2026-04-14,https://news.google.com/rss/articles/CBMipAFBVV95cUxOT2YwV0Q5QTZVNmROTGhDanpXNXRZWW5rZGphclF5MmdZQjcxbTFBYkdjVTdiUnk0cW1aMlNxVm0zQTJzTEdSRkt4eVBCcWNQTXFMcnkwcFk0OHVBYTdwb2RYLUtaejZtcEJBYjlVTmo4NXFWOEdQQkM0OS1ybHJ5MGtNY19xc3BKSTgzZDZsTXY3cDdqdnRuQmRqQjBydkhveU44Zw?oc=5
한려해상,기타,"한화오션, 한려해상국립공원 ‘내도’서 가족동반 오션플로깅 진행",1,1,경남도민신문,2026-04-13,2026-04-13,https://news.google.com/rss/articles/CBMiaEFVX3lxTFBMbjFuNG5EQ0hmblRiWE5lQWdVZkZsWGhObmdNS1NrdEdFczRtVG5EeHZmMXVBaWZYQ1RQS0htOWpIeVVHSVZVSmlGaU5yamQzOU1fenVzYVNCRy03ZGN6R3l2UmxncURh?oc=5
한라산,탐방시설,"신규 한라산 탐방 체험, 4월~11월 진행",1,1,제주의소리,2026-04-13,2026-04-13,https://news.google.com/rss/articles/CBMia0FVX3lxTFByRUN5UTZHY0owQVE4V2h0b25CV01Ock11NUk5aGJDVkZrRzNrdzBqSGFSUVQ5VGJBanlZNGJUN1hlVmRnZV84SWtLU180MDlRTUJKRXhEYkc3amRLbTJXTFJNelpLOGRVX1Zz?oc=5
(전체·공통),자원보전,"국립공원공단, 새만금에 멸종위기 1급 ‘황새 정착촌’ 만든다",1,1,한겨레,2026-04-13,2026-04-13,https://news.google.com/rss/articles/CBMiYEFVX3lxTE5zUXJYc2FNMTBTT2d5WU1LM21PNkVKaWpsUFdvbWVfN0JsSXZhb3R6dkV4WHpLY2JGNkNnSWo0YmVlYk9NWGlmbTNIVjFINWxnd2ttUEFRaHNCbk5pc3NjTg?oc=5
(전체·공통),기타,"""주차비만 내면 하루 종일 힐링?""…가성비 따지는 뚜벅이들을 위한 국립공원 코스 BEST 4",1,1,여행톡톡,2026-04-11,2026-04-11,https://news.google.com/rss/articles/CBMibEFVX3lxTFBSWXY4RndDdEVRZmx4dDVpNlFyUmFMSGM3REgzejVLVlctUVYzTjBGNWkycnZVM3Rpa1htWEtHNWtSNnNJTVpXUFJ3eUsySE9qU2g2S0w2VW0wM0wtMUZmSXlsWWNqdmx2YS1reNIBcEFVX3lxTE92VzN2ZEtKNDRrejlrMk1OM1B6LXlaS2pqckY5d2RPdlluZ1VBUFlhWDltVFB1SkRuNVMzRC12TkRHRWVpTmVqNEVlQ3RrLVNybW5ndVJOWjlHclE3UlVsVkVvTXk0SS1tc1pyRjNmXzk?oc=5
한라산,기타,2028년까지 한라산국립공원 전체 정밀토양도 완성,1,1,제주의소리,2026-04-09,2026-04-09,https://news.google.com/rss/articles/CBMia0FVX3lxTFBqN3MxbFVNQzlOSDFCSS1iMHRLNzE4Tm1qM2FSTEVHMTJrcW15LWRGWmY3ZUQzZ0NKOHZaVml2Y2xXSHRmTnlPQ0VPbm1kdURiQ0doQXo0Z3lsTnVETk1KeTE3VWM0VFZXdW5j?oc=5
오대산,기타,담비·삵 오가는 안전한 길 열리자 오대산 로드킬 87% 급감,1,1,한겨레,2026-04-09,2026-04-09,https://news.google.com/rss/articles/CBMic0FVX3lxTE16cEFmNVZpZzVVWjRfWlpiREtnMlFLYTdOMUxpXzVEcl9IRm9mbkxqbEtzOFlCTmFWSUlibVE5empRVjlDX2ZMYjdFek1HaFY5a3Z5Z3BtVHRPbmdtTHZ3Y082NmZHRG5pZURpdzlpNTMxb3c?oc=5
소백산,기타,"""한국의 알프스라더니 진짜네""… 4월에 꼭 가야 할 소백산 비로봉 '인생 절경'",1,1,여행톡톡,2026-04-08,2026-04-08,https://news.google.com/rss/articles/CBMibEFVX3lxTE9RM253TGV2bi1MbnYzcFBvT3JkV1M1eWlHbTFNeEpiWUFGTFlieEw1d1pRWkN0R3lnd0VQM2hZb1dCLUcwMHI4VTNVcWxzRXRNaEhqVFdxRDlhMTRIQ1VKVFVManBHSFNmcExxddIBcEFVX3lxTE1HOVB0Z2IycmJiYUh3OXlBcDVrQ183bG53T1N1QzZJemZWTVQwTFNFalJCU1F3RGh0bWRGTzFKeDRGaHctZ2JRVmJmZVd6by0xbmcwNnlvanI1MlpiTzZFQkdjUUdOcHJYVUNlOXVZX2g?oc=5
(전체·공통),자원보전,국립공원에 '생태통로' 설치하니…로드킬 연 4%씩 줄어,1,1,연합뉴스,2026-04-08,2026-04-08,https://news.google.com/rss/articles/CBMiW0FVX3lxTE9CX0s5WXdXdDJpV2hWbEVkLUw2SlZCZ3VvSG9jVGctXzByTDdJLUx2aFhFczhVVl9sMWZvTmo1cnFMXzB6dkdFNHdpczRoakVIeFZsZ2lid0FWRDjSAWBBVV95cUxOa1dxd1RrXzh5cDlBb3pGZGh5TzlKRjNISWJRa3pYMzJZc2JFd0FSa0RnREFBTmF5VC1mMnAxaWJXaWpWWnZySVRuelRzU0lLX28yeGpnT2w3RXQ0VkZTQ3c?oc=5
(전체·공통),자원보전,"국립공원공단, 국립공원 생태통로, 야생동물 이용 늘고 동물 찻길 사고 줄었다",1,1,환경신문,2026-04-08,2026-04-08,https://news.google.com/rss/articles/CBMiQ0FVX3lxTE1DQmpzU2puS21OQ3Qxb2QzU2FrOF96NGE1bHlDTExwZFZkSDBhelBtbGdQajhfVXdGUTNSRy1KeDRPcVE?oc=5
덕유산,재난안전,"덕유산국립공원, 산불막는 내화수림 심는다.",1,1,전남인터넷신문,2026-04-07,2026-04-07,https://news.google.com/rss/articles/CBMiXkFVX3lxTE9jWU51UHhxQVVYR1BIS0VrNE9hVGd1Q2R6S09KV2NaTlE4TDdtUTNUbGdmaGRxanBJYkV0VThEa29FV3lzaEVremJHVnlzWmlHT0V3Tm1RT1VXZDQzRVE?oc=5
계룡산,재난안전,"한국산림기술인회, 계룡산서 산불조심 캠페인 전개",1,1,나무신문,2026-04-07,2026-04-07,https://news.google.com/rss/articles/CBMiakFVX3lxTE12eUtZcWcwMFRNdEI2Y1llZ2RHejgyNjl2T2I2a1V5RHBNam9XZFhNVTR0SGduZEhUTTNYVDBMa1AwOTBud2pfQVZjZ0pQSTdVdWdtb0JBbUs1STFXVV9XaEEzZ3RDWXZNcmc?oc=5
한려해상,탐방시설,"한려해상, 탐방약자 대상 생태체험 프로그램 마련",1,1,idomin.com,2026-04-06,2026-04-06,https://news.google.com/rss/articles/CBMiakFVX3lxTE1KVk9nVkFwdFptR0dNdkZkbmJNSUotSEF4NTFIWXNMOUI1Sm9BYnd1OUVxSDV2Unk5LThiREVJVWhaNjB1YUxMUHliMGFiMnBwUDFBTnVqWFhjSkYzbUhhVEFRc0EtbUs2LXc?oc=5
팔공산,기타,"[동서남북] 팔공산국립공원, 400여 년의 지킴을 이어나가다",1,1,kyongbuk.co.kr,2026-04-06,2026-04-06,https://news.google.com/rss/articles/CBMib0FVX3lxTE1DUVF0TXE2S0NWcnpKc2JXWlpZelQ1bWNrSDQzeEx5UDNtellsbkcwWHFSNWcxaWg5bkFheGlQZlhtVmdhOTlxYzBZZDg3bUY2Vi1GNzhCNTN0MTl4dEhuMGh1dUxMUzQ0LTZ0SUIzcw?oc=5
북한산,탐방시설,"북한산국립공원 내 군사시설, 자연으로 되돌리다",1,1,환경신문,2026-04-06,2026-04-06,https://news.google.com/rss/articles/CBMiQ0FVX3lxTE5aUjh3V045d0dVRW9BVGstUDdOdkxuNXE3SFBtQ0hJUkJ6X19XWUJ2QnVKZ0l3bW1nOWR4d085OEdBcE0?oc=5
금정산,행정,금정산 국립공원 지정기념 ‘금정산 사계 사진전 ’,1,1,부산일보,2026-04-06,2026-04-06,https://news.google.com/rss/articles/CBMidEFVX3lxTE9vekRwazRJS3ljTmljNmZYQXFRTUVhdmx3TkNRaFc1U2djTkxuVE9pdkVLMFpndnk1c2t6WTBoVTZERnZPdkQ1WHVhU1ZUdkJrdXBTdjlGQ1VJcXhJR3lTREQzeUJLWmU0YU4xc2FIWjkxRmNt?oc=5
북한산,기타,"‘영상앨범 산’ 도시의 봄을 찾아–북한산국립공원 비봉 위에 울려 퍼진 교가···서울고 동문 8인, 봄의 북한산에...",1,1,스포츠경향,2026-04-05,2026-04-05,https://news.google.com/rss/articles/CBMiXkFVX3lxTFAyUDBhSUtKdjRtUEhpb3V4Q1FUY3oyaThlU1dxemdFUzhXT3IwWGc1bHFpYnpDNUV6dWh3R1NfcWR5dVJkN1FMS0pmTHM3UFV5eE42Y09iZ1FVVnlROFHSAWNBVV95cUxQOXNEcWozbGI3TExJYWVnRHB4c2dTUFN4WVN1UVNsNV9zNzJQUE5lc016YlhfT08xbkJGNmpIdnFiZGtxYjlmWng4b1pJaU9abnYxTFlfNFUtcFozSE5zaGJvMUE?oc=5
계룡산,탐방시설,"“벚꽃 터널로 초대""...’계룡산 벚꽃 문화축제‘",1,1,투어코리아,2026-04-04,2026-04-04,https://news.google.com/rss/articles/CBMibkFVX3lxTE5aLVFzQ1B2a3F2R3VfVFo4akVERzFwR2Ntb1ozLUl5RWx1b1FaSXFjR0p2U3BwdEVpZ2kwbm9LaTk0NGpYMTkxRWFSV0NyWmN6OXdaZHM2VVU3Z29ENzg4U0ZWdVBhNzEydTY3WVJB?oc=5
팔공산,행정,"‘팔공산 환경·안전 지킴이’…국립공원공단, 7명 공채",1,1,퍼블릭타임스,2026-04-03,2026-04-03,https://news.google.com/rss/articles/CBMiakFVX3lxTFB3aWpXTE1BUzFtR29Pa0pvTDFpbmxkYW5VWWUwT0VHT1M2TF90d2JjS0MtZ01BXzRkQzVVWXc3dUR0bWZPNjFWSkRMcXdQUHdqVmd6aVdtWnRBTnpWSTJkMlNabmEtN2FuVEHSAW5BVV95cUxOck9rZUJ0NzROZ1VwMW1xaHh2Ty1LazdQMmVpd2ZIemZrY25wdExCLTZSNzFNU0hkQWJoVkQ1UWtraDV1aEMyRzljS3VUd05IanlOZ2VzSDBnRS0yU0JUbFFoVDFfZzRFbjN0V3J1dw?oc=5
북한산,기타,"""자연 품으로 돌아간 3천㎡""...폐타이어·콘크리트 걷어낸 북한산",1,1,더글로벌기빙뉴스,2026-04-03,2026-04-03,https://news.google.com/rss/articles/CBMiVEFVX3lxTFBKVU1DR2lCOERXN0Z5aTlKd0tVaUhVR1BPRnNKbDNLMW1wZlRoVW4yZUV0eTNKbkcyVVk0QmpSVHYzVENfcnNHWWp2bkJyUFg0UmJzMA?oc=5
내장산,기타,"내장산, 봄 벚꽃 명소로도 '인기' 공원사무소 앞 ‘벚꽃 터널’ 장관",1,1,전라일보,2026-04-03,2026-04-03,https://news.google.com/rss/articles/CBMibEFVX3lxTE9fbU5NdC1Yb3NQQ1hXREl3RUV5UV9ZYVFEMGJNVkxFUW4yd21EX1QtVXlFQ3NSU1pfMVFUdjFSRGIyb1VpeUZIblZPelVCVllFbjRKQVVXWTV2WEFJX0Mwb05ibzd3cmVmaVQtQdIBcEFVX3lxTE50bVl0OXk1T19OQTBNSXpDSDhDOUJmWnJvVExuajR3YmhUaFRNdFdGdG5nSTRjeENXN2hfbXVuMkdoUXpGVGhockM4MFp6Y3dEd1I1dkVCUXl1eG1nLVNwdkxzNmU1X2twMDRYRnBBTGk?oc=5
내장산,기타,가을 단풍 안 부럽다…봄 연한 초록빛 ‘유록’ 내장산,1,1,한겨레,2026-04-03,2026-04-03,https://news.google.com/rss/articles/CBMidkFVX3lxTFB4Ylo4TmVZQWd5Vzl0NHhiVkRMT3J5YlNhZVd2MTU1akZ2Vnl4Ylk2aXJXX3Vzb3NVZ0xiSWdWUVhfbmZmSVR4Z0h4NVEzaGo5OHM3bUVhYmxkaE5Qd2ljcDhJM3QzQkVhTDg2Vk1NU0dteHdsTUE?oc=5
금정산,행정,"금정산국립공원 지정 한 달… “계급장 추가했으니, 더 좋아질 것”",1,1,매일경제,2026-04-03,2026-04-03,https://news.google.com/rss/articles/CBMiVEFVX3lxTE5NSzVDblZTdUFjVWtzR0VHNDRsWU5qbjhZalZURmZlTHhLOEJOTzFCNkFkT3lDY3BvekY2Rjc3Qnl2Z3RsSDVVVjZCUHlTQ25wc0ZEdQ?oc=5
계룡산,탐방시설,'동학사 벚꽃축제' 시작과 함께 계룡산에 핀 봄꽃들,1,1,메트로세종,2026-04-03,2026-04-03,https://news.google.com/rss/articles/CBMia0FVX3lxTE92clRfN2IyYWdjVWl4RkNEdV9qWFJCTTZqYzVFRmtWYmNET0dIYUlaajRFczdHT1cwaV9uVTZGYXZDc21ERFhHUkxDUFdqR0FnSUJIU1NMTnlUMUxVZmc1M0QyQllmTUtFMmdF0gFvQVVfeXFMUGRlN0VZcUFsOG1hekdmRFphejJJN2lBTDlYUWV5VEFrZ3daNGZUR0RfSEtHQWR0SlRYU2h4ODJNSnVWQTZabEpaMVNEZjZaN2NfZmJCOFBTREE0ZzdSYnpldEtpUXgtdThUZ1RwUFFr?oc=5
지리산,탐방시설,"지리산국립공원, 칠선계곡 탐방예약제…""하루 60명""",1,1,뉴시스,2026-04-01,2026-04-01,https://news.google.com/rss/articles/CBMiYEFVX3lxTE51T05kUklkZEkzT0ZKNk5TV09QNFg4Q1NXUkRlczVYUkVxWGhjbVNEQ21ObkZPcnFrelAtcU5SR0pDd2RxcGtrazRCUW14M2Z3LWpqVFlFelYyV3pmdWtyUtIBeEFVX3lxTE52SUNaN3BHa3JyTzV2eWpuVG1GTHlleUN4OXQ2R2FPOUQ5WE81bS0yQzdvRUZteGFodmFUb011ZDBySERRbXA4aVB5OHJoRk8zX3J6WGw4bVZpQVZ6dXN2WHpZclB3dkV6NHNQVGlWSVFZbEd6dDg3NQ?oc=5
변산반도,기타,[여행honey] '억겁 세월' 땅과 물…변산반도를 즐기는 법,1,1,파이낸셜뉴스,2026-04-01,2026-04-01,https://news.google.com/rss/articles/CBMiWkFVX3lxTE13c3FlRVVMblA0R3FzOFBWTXFNM21oOS0zY09XNzZhTmpSeWZUX2ExaWxjTThuT3NmTGstS1VRdGRoNEYyNGwzNndaTXZxSnAzNGRYWkM3eTVldw?oc=5
금정산,행정,"금정구, 금정산국립공원 주사무소 유치 타당성 조사 용역 본격 착수",1,1,부산일보,2026-04-01,2026-04-01,https://news.google.com/rss/articles/CBMidEFVX3lxTE1UeW1sMmN1eEFpQU9KR2szOGU4SlBoX2RSVnVDeVpNczVWWV9tb3UzNGoyV25NY2hPWFJQdTVWcjdhSWZDVEN3dFFTVndkRDFSUGJndDZnMzVkQU4wR2l3YWdzSW1GYkF1MUtIeDJrRE1INzNC?oc=5
경주,기타,"경주교도소, 경주 국립공원과 손잡고 ‘천년남산’ 푸른 약속",1,1,로이슈,2026-04-01,2026-04-01,https://news.google.com/rss/articles/CBMiekFVX3lxTE5uaVliTVhvZzJzTXBOaXN0RkZZT1ByNmd0djJOZlBpS1QtaWFSd3N2clV1VXRFVDF3aWtOa2h1VVVzN1hfUmpCSktjLXR1NVlOZ1pMYmJPemtFdlByZVZDWjg3YWxyQ0JtVDZYYUlOQnVBXzdUMUtWVzRB?oc=5
팔공산,기타,"권기훈 대구시의원 ""팔공산 주민 생존 위기, 대책 마련을""",1,1,뉴시스,2026-03-31,2026-03-31,https://news.google.com/rss/articles/CBMiYEFVX3lxTE9wVW5EbXRMaEdfSFhxNS02cTg2N2dmRkRRbWpaWTdUNFBZN1huUGVRclZXaHlvdkhRdWkxNHRKMGhnNDRDX2dkQ2syLVBoTDM4OXY4ajlLMTVKcFhwVUdxctIBeEFVX3lxTE9ocllrMzcyZEtzY0tfWlFhUjhHeFBvSE84b3haTWVNQjZqZjVsV2lVQmZ6MXF3S25RWDd1M19WckZHakQydmRUTHVNRjhrMjRFdUplaXpJb0lFU2UwWDBTM0FxUWUxY1FRcmJTYWk4cnlwZkJ2aDByaw?oc=5
주왕산,재난안전,청송 주왕산국립공원 산불피해지에 도토리 심기,1,1,v.daum.net,2026-03-29,2026-03-29,https://news.google.com/rss/articles/CBMiT0FVX3lxTFB3VVB2clhIZlFLcUg3WjU5cUFJUHZfR1g4d2h6UlBtZWJYVTYyYzVnTW10cXp3cjAySm5WeFBCSUk0bkVBSUNVZVZ2bUdSS0E?oc=5
무등산,탐방시설,무등산 탐방로 쇠말뚝 모두 뽑는다,1,1,v.daum.net,2026-03-29,2026-03-29,https://news.google.com/rss/articles/CBMiT0FVX3lxTE9xNkhaTGRYcVhhSDhmQ1JubUJadU9Hd3ZDMVAtWk4zVWVYbl91NXYzR0NCR3FpeHRIMDlUWmwyMDZDNmdhX0FPell5UVdqdGc?oc=5
팔공산,자원보전,팔공산국립공원 봄꽃 개화...경기도 3월 31일 벚꽃 개화 시작,1,1,교통뉴스,2026-03-28,2026-03-28,https://news.google.com/rss/articles/CBMibEFVX3lxTE9UdzlkMDh0TmFaeS01WDVURWh1MHgzcm9IcTZNY2xtX2dUU0dpamlEUmIySHF3c3Q1UG1JRU1DdDBWY25hUHFOMXh1V19fYkhSVXlzaVRVNlNOU1REdjdJaHpTM04wOE9MMVFONg?oc=5
소백산,재난안전,영주 소백산 국립공원 산불 1시간 만에 진화…한때 소방 대응 1단계,1,1,연합뉴스TV,2026-03-28,2026-03-28,https://news.google.com/rss/articles/CBMiZ0FVX3lxTE5XTF9zMVYtcjcwWkdEdzA1cWxLX3gwbGF5VGlCVHZ3UTYwQzF4TDMyT3l6a2dwaVplVEE3UEVpcXJUWnBKdXRkWm9abWluUmVRUTBoZzI4cnZtQnJUNTdaS0ZDOFpzWHc?oc=5
소백산,탐방시설,[단양소식] 소백산국립공원 남천야영장 운영 재개,1,1,연합뉴스,2026-03-27,2026-03-27,https://news.google.com/rss/articles/CBMiW0FVX3lxTE9Ua2hhaTBUSnhKZHlReXRiV2ZyODA2T0dTRWVNX09OZjVGa0JpZ3Y3LS01X2l0SnRHOG50TDJCLXR0eWVUclUxUExVZVpEY3VaRng5YnhZV2p5cVnSAWBBVV95cUxQWXdpSDNPU2d0RjlvcC1oSTYyTnNaaUJBd3ZfYlhXWjhvWTFrMmJONWVISTBaZ0laelpFUC1pN0dzVjlXUDI3WjZIeklVMEhGbXp3U2lELWFrS3JlbzBvYXE?oc=5
소백산,재난안전,경북 영주 소백산 화재···1시간여 만에 큰불 꺼져,1,1,대구MBC,2026-03-27,2026-03-27,https://news.google.com/rss/articles/CBMiTEFVX3lxTE9QMVhsOXZGbEd6SWtwNkl2dE1uOExlWUJhb2p3YlVvSWwxNnZaWWd5MXZBZVgwcnJIUzM0dDI1dmh0MzloUzNYZjhWWWo?oc=5
북한산,탐방시설,"북한산 우이령길, 4월부터 평일 전면 개방…주말·공휴일은 예약제",1,1,뉴스1,2026-03-27,2026-03-27,https://news.google.com/rss/articles/CBMiVkFVX3lxTE5lN3pVT1lZZ2J4dGh6Q0pMODdBNG5sNk5DU1Z6U0wyaHAtck1fTl9raXhNTXFodlFoX1QxLVdvcXpKdlFYVGExWXhQOUtOTTNFZG9FQ2VR0gFbQVVfeXFMTWhRc1U4YW9EWUJ5Z2xvcm05eFg3eWVyTHNnMHBoYnloMk1VSk5vWGtERzlvWUxYWGFQRHVfdmUzZTJ6UGZqbWRyNlVFZHlfb2JSOUxyclVwY2dwaw?oc=5
변산반도,탐방시설,야영장·카라반·탐방원…변산반도의 인기 숙소 3선 [여행],1,1,edaily.co.kr,2026-03-27,2026-03-27,https://news.google.com/rss/articles/CBMigAFBVV95cUxPamR0MVZ5NllyeHJxakl2NngwcmJ1Zm1ST1JteXdtX0JQOUpPem0zSzg5RF9pMGFHYWdwcXkyZTJnUURCeTktUFozRk5xdTZmQzBGRVgwYmRjbEVUNWxCS085WFlTWVVBWFVkNl80anYtYkIzTmM4RW92UkhtLXVrRQ?oc=5
한라산,기타,"등산 자신있고, 한라산 제대로 알고 싶다면?",1,1,제주의소리,2026-03-26,2026-03-26,https://news.google.com/rss/articles/CBMia0FVX3lxTE5GaFJORXZMQ0xneDJqRy0tRUtJeThKdlh0eGpZcVh3Z0tJUi0zN1BtbWhNdTA1Q1JtNTRCTUZ1WlpOZmdQRElKWmFIV1JQSFRmcjVaR2RLa1RZY0o3bGd3czNoSDc1VkNrYWFv?oc=5
팔공산,재난안전,"팔공산국립공원동부사무소, 파계사에서 산불대응 합동훈련 실시",1,1,이뉴스투데이,2026-03-26,2026-03-26,https://news.google.com/rss/articles/CBMicEFVX3lxTE9jMDR3RE9Lc0lrS2xNVWZxbWRQenM0UDBnMVBncGpfaUM2TjJ2VWJqdGwwYmphWU1CRkR4Z3RHa0hFTXctdk1vRGJTTjRPVVRTMjJ2UDJ0UjdvYnAxMmJuUF9oLUhPcG52OFZVN3ZtdzLSAXRBVV95cUxNQVpVcXJOX0hhVU9aSHV1RUNRZkowSzVkek8xV3R3TXkyVjJHY1RlaG0xamx2Q19VTGNmUXZ5WnFsOEI4dE9IU2JIMS0tdzZUSlJfTGFkSGNXYU9EdWI4VWlSUjRlWUN2NnNPQ2FJbVVJaE5yNw?oc=5
(전체·공통),행정,"국립공원-한화오션, 해양환경 보전 업무협약",1,1,geojeoneul.com,2026-03-26,2026-03-26,https://news.google.com/rss/articles/CBMia0FVX3lxTE5COXNWZmM2OEFBZVk2cEkwWFJJRzlQTXllZUZPaUNiOHlaMElEMDh5Ym5TM1F4aEJWMUZWemhzQV9oZDhUaG5nSTZvbUViRGozVzN2N2VDUmo4UmZ3UFo3YXpiMTVpOWdpaEgw?oc=5
한라산,탐방시설,코리아넷뉴스 - 국립공원 외국인 탐방객 200만 시대···한라산·가을 산행 '최고 인기',1,1,문화체육관광부 한국문화원,2026-03-25,2026-03-25,https://news.google.com/rss/articles/CBMia0FVX3lxTE1pYmozODhvbVo2VlZpT0wxYXIwLWNuVV94c0ZUM2VfOVRkTUFCMXVkRDlVTjZXUHF3c09PZno0M0pxd1NYb29xRW9rSXJxUTlReTFqblVsSHBpZFhRSnNVWEh1MmIxSmNrenBz?oc=5
월출산,재난안전,"전남 강진소방서·월출산국립공원, 무위사서 산불 진압 합동훈련",1,1,전남인터넷신문,2026-03-25,2026-03-25,https://news.google.com/rss/articles/CBMiWEFVX3lxTFBrdEwxY2pJaEdydDBFNUtIUFgwbUtZZ2pVamoteHBYWmZfYjQ5N2dsZ0ZxbFkzeU41cmFjZGNiNUdRSlJueWhvTllEUHBjN3ktT3BDT0hmOTQ?oc=5
오대산,탐방시설,오대산국립공원 인근 강릉 삼산리 두꺼비 로드킬 빈번...도로유입 차단 울타리 설치한다,1,1,강원도민일보,2026-03-25,2026-03-25,https://news.google.com/rss/articles/CBMiZ0FVX3lxTE12RElhVnl1YjBDZmVpRWx5aFJueTRwU2I5RlNtVVdhRWttTnpIOXg0RzU2REJDcHI4X1hWbXJDSG5Ec29NRWRGZTJoNV9oOWU5Y1o5bjRWbnRlRU1McHk5MzNqa3ZtdWs?oc=5
설악산,기타,설악산 찾은 외국인 11만명…국립공원 외국인 방문 205만명 기록,1,1,강원도민일보,2026-03-25,2026-03-25,https://news.google.com/rss/articles/CBMiZ0FVX3lxTFB0R2VvSERvQzdkYW1FX25MX0xSbEJ6QmhOT1FFSWFrbzBxTEV4ZU9CY1BORlZkdmZqWkFHcTRnODJRRERaNnRoWGEyaUpUdmR5M2lzU0RSNE94TmlwbXVGQWRGQXFlczg?oc=5
(전체·공통),기타,‘K-산’ 매력 넘치는데… 국립공원 외국인 안내는 부실,1,1,아시아투데이,2026-03-24,2026-03-24,https://news.google.com/rss/articles/CBMibkFVX3lxTE00U3QzelVzU1R2ZUFxUG5xbHh3b1otZUtibEs2eXpYX0Z2QkJpTlByOWZZNWRiNU1adWM5dk9uaUV3UUFheWFoVDBPdm5hSXBCUjZhNFFlQmpIZm92d2s5VU9YOW9XMXY1OFlZNHV3?oc=5
(전체·공통),재난안전,"도봉소방서, 도봉구청ㆍ국립공원공단과 도봉산 봄철 산불 대응 합동훈련",1,1,소방방재신문,2026-03-24,2026-03-24,https://news.google.com/rss/articles/CBMiRkFVX3lxTFA2VkU2Vmk2bU82cWowRG9vT0NIaHFGV1hZTEFScElhWFpGM2NrLXZfNjNvZmVjamVROVNjaEp0Rm84NFo1QlE?oc=5
지리산,기타,"영농부산물 ‘태우지 말고, 함께 나눠요’… 지리산국립공원 소각 ZERO 착한서약 확산",1,1,국제신문,2026-03-23,2026-03-23,https://news.google.com/rss/articles/CBMijgFBVV95cUxQeVBPdDlVMXl5V29xaHd3elUzbG95Y1JnMVJRcXBYZ1pacXdpcXEzVWpTNXk4LXdTN01HOXJPQ1ctUkU4dmhLamQydUkyeVNZRGtJQVdWN1JYbExUeFRTLVg3Z3pRczVpeVlyei1zcnpJelpZcFJLZ1Y4XzRoQzFCZDhmbFYxZVVfMFRqdmRR?oc=5
(전체·공통),기타,‘자연의 가치가 국민 혜택으로 이어지는 국립공원’,1,1,지디넷코리아,2026-03-23,2026-03-23,https://news.google.com/rss/articles/CBMiVkFVX3lxTE4yTEljN3pJWEJSM1lGdzViV21BWUw5SEZmZTJjOG1CYjFMa0l3dVlZS1JubU0ya3RhN0lheWx6clZRU0lZczFlOGlYbnVEd1FvelduVXNB?oc=5
(전체·공통),기타,"국립공원, 지역경제 효자 ‘톡톡’",1,1,남도일보,2026-03-22,2026-03-22,https://news.google.com/rss/articles/CBMibEFVX3lxTFBFX1RWWUpaR1kzUEQyWF82cFhJWEZRejZRWVlzeFJyWklEUEJfRkxySk1Gak41NmlfR05DYkRsQTQ5MWpGbE1FLU5Zemwzd1ZncUtad1EyRkozVnlTZ0RCNVUyc0ZwV3JkalZTc9IBcEFVX3lxTFBCZ2dyZDhQVmNLampzRlhuUzJfSnhJSjQ1T0ltS2pkOFU4V1hGTzIxVWtHQmYySFhNQVZwNWRhS0h1WG1Nb0VpVHJiaGlMZEFqVUQ1dTdBYmhzbHREOUQyLWlsTzM5RUVQVjJWMExWQUU?oc=5
(전체·공통),행정,"‘연쇄 방화’ 봉대산 불다람쥐, 국립공원공단 눈썰미에 잡혔다",1,1,KBS 뉴스,2026-03-22,2026-03-22,https://news.google.com/rss/articles/CBMiW0FVX3lxTFBKWVlxdGRnakMwVloxN1FjZ1NKMlByVXoxLUM3N2dpcldWZ3c0cHRmNXgyVXk3UV9PR0w5RVYydVM2WUpadFlQRE9QRk11eDZxMzk2UFh5dUdWOTA?oc=5
무등산,기타,"무등산국립공원, ‘세계 물의 날’ 기념 행사 개최",1,1,서울신문,2026-03-20,2026-03-20,https://news.google.com/rss/articles/CBMib0FVX3lxTE8ydUpCalQ0ZE5BcUlYb2VIWmNnZUxyY3RQXzFYUHhPUUNQYklmVzNaZlE2eEZ1a3lLaWYtS3JyaTc0SFBLMC02dHd6MGgzb0I1WGNTVDBCUDFmSnNUTUJxUUs2QW9BRXZvdWk0SmRMSQ?oc=5
금정산,기타,금정산국립공원 선포 “사찰·자연 어우러진 동체대비 도량”,1,1,현대불교,2026-03-20,2026-03-20,https://news.google.com/rss/articles/CBMib0FVX3lxTFB6RXduLXBkbE1tckhmZXVaeDJ1dnpTQktBUTNXbUZ6amFXOTIzUkpaUUp5elhGTHhuSDIxSDdSN19OdC1YVUpNa25ZNGcwam1nRGhWVHlnLXhBVTRqa2xOcXRkVGZ3Uy1xZXY0eV90UQ?oc=5
태안해안,기타,태안해안국립공원 무인항공 실무인재 양성...해안쓰레기 지도 제작,1,1,동양일보,2026-03-19,2026-03-19,https://news.google.com/rss/articles/CBMiakFVX3lxTE1ZaEIweHdLeEdXOS1DSjVBRUNTa1RYRVl6YmVCWktNS2RvUU5JbDE5QktjaHotcGhFMzNYRXBTendlQkpLc21sTGF5SHJOb21UYU5CclRXdXVfcUN0am5VaUZESFhwS1U3cWc?oc=5
속리산,자원보전,"[창간 36주년 특별기획] 달천, 50주간의 생태기록 3. ‘달천의 어머니 산’ 속리산",1,1,중부매일,2026-03-19,2026-03-19,https://news.google.com/rss/articles/CBMiakFVX3lxTE02RDh2U0xfX0sxREtYS2RNR1pjVm5BbG9uRHBvQU9BYjlyQW1OZVR2UHJlWmZiOGJxX3hmeXZDc3hoekNOWFpPaEdhWG02TmlIUElCSGFENi1wb2hKaURxdjNhcXp3VDUyRnfSAW5BVV95cUxOT0NSWWx1bXYtVWpYcXlvcURaSXJ5aEZPb1o3MjdHR2J4ZTRPM0xTbHpCUnIyRC16d2MxR1A2RDhkRm5VMHlLaWVlR0thLUJ4NHp4UXBmVGg5dTYzZ2k5dHRTVDRJVl8wdGpTVHg1dw?oc=5
북한산,행정,"“금정산, 서울 북한산 버금가는 국립공원으로 조기 안착” [주대영 국립공원공단 이사장]",1,1,부산일보,2026-03-19,2026-03-19,https://news.google.com/rss/articles/CBMidEFVX3lxTE1yT1AzSTBjcVgtQnVvRTJUVld0TzVvR1VYVHdLY3F6QkJYaHJjY2JVald0NE9fUEo2YWlyeS1nZ3hfNUVHY0Z0bTRHZ01MN1A2LXdPOGQ3c21LMkZaNVVTZ0lfejZTNmM4QnpCQ0JyOWV3cHdx?oc=5
무등산,기타,무등산 2000억 소비효과,1,1,드림투데이,2026-03-19,2026-03-19,https://news.google.com/rss/articles/CBMiakFVX3lxTE9NY01jb0F6Z293ZGlyejQxTnhNaU80V3ZWVF9ONWpYOUVPbHN0d2x0b0tqMkVaZmRwR1VFcWNQTjFuZUVYdVV2Skh4cnJlV2wzRkM4aDkyWDZ1aUt5MTNBd1NSSXJzd1ZJNnc?oc=5
금정산,자원보전,"[르포] 금정산국립공원, 새단장 ‘한창’…“지역관광 연계해 생태관광 프로그램 우선 개발”",1,1,부산일보,2026-03-19,2026-03-19,https://news.google.com/rss/articles/CBMidEFVX3lxTE1mbWotVDdybVhhWnlxNm9DS2xsUElEMU5sMko5ZjNBQlRQS1hCTzl0LXVsTVhIcWxlZzZwekN5SWlsVldGcDZEcWdUVGlOcnVpaDQ2X0J1VTNtTy1MMlN1eDUzdEoxcXg5bWd0UEQ0SEFVRmlX?oc=5
금정산,기타,'베이글' 닮은 금정산 국립공원…실용 택하니 사찰도 품었다 [르포],1,1,뉴스1,2026-03-19,2026-03-19,https://news.google.com/rss/articles/CBMiXEFVX3lxTE5EVURSWjg5aHlialh4bGJESHZGaEFGZWNaVE44LXVrWGI0aXRqSko4dmVXeUVfMlc5NnRSNVdNekxjUTRyZWQxZTdYNXV2al9DU2N0blpmSlQ0N2NH0gFiQVVfeXFMUDVNZm13REhkVEhGdWFYcEh6bC02OGxiaGl2eG42bElVWWdGcHh6cWd2MkxKM0p4Rmh2S24yVDFmQ013SDk3WWY4cDZkN1Y5NUhBU1gwbThUZmc1dTJEeGdOX3c?oc=5
금정산,자원보전,"24번째 국립공원 금정산, 생물다양성·방문객 두 토끼 잡을까?",1,1,한겨레,2026-03-19,2026-03-19,https://news.google.com/rss/articles/CBMibEFVX3lxTE9tNXVyelVvbG03R3JQOWVJWU1NN3hpWHl5a1Y5am83c3pQWTZQNnBFZUJ0Q3lvTWVKUzIwbkQ3NFpMdkFxZGlfcXV2VHE0dkNpUnVuN29IQlkxTlZEZmdUcTVDbV9KaXFGeHVhZg?oc=5
금정산,행정,"[헬로이슈토크] '금정산 국립공원' 24번째 지정, 변화와 과제는? _정호근 금정산국립공원사무소 행정팀장 ㅣ #헬로이슈토크 #헬로tv뉴스",1,1,LG헬로비전,2026-03-19,2026-03-19,https://news.google.com/rss/articles/CBMickFVX3lxTE5aS3YwLUpFTWF6NDJvVW1mc0xvUTd1cW8zeUZlS080b2tVcVMzTU9RX05zQUw3aF9pZTlWUmE5dmF1THBjVnltd20wTlp6VDFnYlN3ai1GQmd4TThwLUJsSlhRYWhnVS1HMnpOV0RLeFotd9IBdkFVX3lxTE9ZMFhVTWVGNlFhcW10TlZJQmlGTGEtVzFZczU0Y0RadVp5UjlfalhaUVRpX3g4azBNZkJuVDFITUJ2X0VTd0F2UEtfTjRkZTFOWHNXbTRSaTFLcDBuUUFBQlRpcTJEeXFMSkxSMGFZZWkyZkJva0E?oc=5
금정산,기타,"[공감경제] 금정산국립공원, 도심속 국립공원으로 역할 기대",1,1,BBS불교방송,2026-03-19,2026-03-19,https://news.google.com/rss/articles/CBMia0FVX3lxTE5GY0NFbDQ3dmE0N2w0MFJJdnlRdWdkUUVKLUpad0FzUUJaVDZqZnhrbW5jN051OW1vSndJVGh6UVo0Z2VudWxham40SXg3dTRJRldvb2tYUUVYcXBPMjVscE5IWEc4MGM0cy0w?oc=5
(전체·공통),탐방시설,국립공원 탐방객 인구감소 지역서만 1.7조 소비,1,1,에코타임스,2026-03-19,2026-03-19,https://news.google.com/rss/articles/CBMia0FVX3lxTE9yOG85a0dCZzBBclpSR0NUQ3V0d1hDU19UbHpnQnJfZVJSc29naDQzWWYtMHV0emd6cDV0dHhWWlVGZWl1QndtUG5rS3M0c2R4NXdNc0Mta0YySG53b3czYnRZVmhsZWxMS05N0gFvQVVfeXFMUFl0UnJ6dko1ajFJSmlpenBaRHF1cWhFWkpLcnRpdlVGMEhhY1pjdmlRNl9QWTRHVlQybUlDQkxwNzhxX0Z3LXVuVERTY0pya1hVWE12YnpaeTNnWS10ckJMVjhYeVEtX3ktb2piTldr?oc=5
소백산,기타,"소백산국립공원북부사무소, '명품 마을 농·특산물 직거래 장터' 운영",1,1,충북일보,2026-03-18,2026-03-18,https://news.google.com/rss/articles/CBMiYkFVX3lxTE96azhQRy1IWm9fZU5FWUVsOUxBWXowMG9EekhydW1rckZEZmoxSV9yazFPWERWNDdmN0hlSmVBc1BWaE9BVXhUXzN2eFJiVGhVcnRaTExHS05sNGRwSkRHYU93?oc=5
북한산,기타,"작년 국립공원 찾은 4300만명, 3.5조 썼다…'K-등산 성지' 북한산이 최대",1,1,중앙일보,2026-03-18,2026-03-18,https://news.google.com/rss/articles/CBMiVkFVX3lxTE1SbGliQzNJdWhWdGZIQUQxLXYyYVRITGY5RWJ1UGZlWFdmRjBfR2dLV3c0THZJTjdQcEZwY3dVRHJhLXc4MGc1RWdGN1BVZ2xhazQ0RzNn?oc=5
금정산,기타,캐릭터 굿즈로 만나는 금정산 국립공원… 부산 센텀서 팝업스토어 열려,1,1,civicnews.com,2026-03-18,2026-03-18,https://news.google.com/rss/articles/CBMia0FVX3lxTE9SaDBLblBIYmNrU1pkMHhFUVZPZ2kybTQ2eWNIUzdiMUpIajZNaHN3V2ZWZEw1a1NLSTdVOC1RSjh5QlgtZ0dqaDM3RzFNYy03WVBwYm5jUXZKT2tIUFhuRDFqdzdGNkpkWUpr?oc=5
(전체·공통),탐방시설,작년 충청 국립공원 탐방객 ‘소비 효과’ 4632억원,1,1,금강일보,2026-03-18,2026-03-18,https://news.google.com/rss/articles/CBMiakFVX3lxTE9ZOHd3TW9hbEpqbEZaNUFyVnJOMEMtdVl4bjVWOGdLZ0RwU2FxamsxYzJuZDlqVlp4U3doVGsza3pqN3JKYlhqVjBIWEdoSkxuUENrbTJSOGpzUWtSRWNTaW1OODItYzJVWlE?oc=5
(전체·공통),기타,"국립공원 방문 4300만 명, 지역경제에 3조 5564억원 쏟아부었다",1,1,OhmyNews,2026-03-18,2026-03-18,https://news.google.com/rss/articles/CBMid0FVX3lxTE1yTTVqa3draFFpVGdJdzJWMGg2Z0czYnRCUDY4dG9WZndZc3N1VERyUnlEZTNFRncwRWRqUWxVS2IxS2pVUXpLTzJsVTVqMzB2RXVnUzJsNmhiajNBSjVnUHBhTnRkSDNIZ05nX1ZzbzVPVlR0UTdB?oc=5
(전체·공통),기타,국립공원 방문객 4300만명…지역소비 연간 ‘3조5000억원’,1,1,경향신문,2026-03-18,2026-03-18,https://news.google.com/rss/articles/CBMiWkFVX3lxTE4xQ0VQLWxWamFldHhfdzRtbXBsZDJZN0c3dkpRcXNwZ3ZQS2ZaNG5UcHJod3NKZVlVMDBkRl9UT2xZYVNnQ0VnX3c4T2RoeFpfbzI2TUVKUTd2Z9IBX0FVX3lxTE5JTlh3cE5fMUtKZVkwZkdIT3RBSE5CMG5DeWNpUlhEdFM0Q0JiaFVmR2wyWV91bzExeDNTWGQxVndGeG5VajVkRnd5N3d2dVRQTDN2VVZlNXZNcXVsekNz?oc=5
(전체·공통),기타,국립공원에 실외형 보행기 비치… 고령자 이동 지원 강화,1,1,동아일보,2026-03-18,2026-03-18,https://news.google.com/rss/articles/CBMidkFVX3lxTE9NclJnUkJ5ejM1c2xXc3I0aHE2YW5LbGM3emZNTDVlRFU1MjBKWF90c1FfUmJFTk1wR0tubUw0REFZZDd6elAyS3ROT2NQUVdYWkZNa3VKenFJV1JhUG9QMlJPMFhUTHh2X0ZybXVNZmd1X0Vqa0HSAWZBVV95cUxOejdyMXVEdG9iWWZRWjhIdHlXYTVDRUxDTzZIc2hnMGdGcHN3eUNNUE5oNmp3SzI1TV8wNE5lRUphRGVkWTdCNFRCOG9tcm9RZ0lfNVZNdlk1eVhDLWRGZTZnRi1uZVE?oc=5
팔공산,기타,"팔공산국립공원동부사무소, 자원봉사자와 함께하는 새봄맞이 대규모 환경정화활동",1,1,데일리대구경북뉴스,2026-03-17,2026-03-17,https://news.google.com/rss/articles/CBMiZkFVX3lxTE10eXdHOFpOdHdDUFNVdHNobEozUW9hblJMWlNqM2hQV2JXYXd2RHRUZjZtTWVXTVAzSVFwOEgxNjF4WGg5MVlHY0xZWUZrU3M4SVdMQWFwYjNQQkZzd0tnUlZWYndsQQ?oc=5
북한산,행정,"“해빙기 조심하세요~” 국립공원공단, 북한산 암벽장 제한",1,1,헤럴드경제,2026-03-17,2026-03-17,https://news.google.com/rss/articles/CBMiVkFVX3lxTFBVaU53aXVMelBGeEdjNVhfUXhrbW5UeW5vdjA2UHNBUlhBM3JSWG9NV3l1eWd6bGVXRFBsdHl2X3hpdG96TDlUemEwblIxcVpXM3lnUGVR?oc=5
변산반도,기타,[여행] 서해 노을이 사무실이 된다…변산반도 워케이션,1,1,아시아투데이,2026-03-17,2026-03-17,https://news.google.com/rss/articles/CBMibkFVX3lxTE45WUd0T1lZLWpKZlVDQ3ROMDhhX01zMGhKUldqaVBXZXlFa0tEWVlTcnZlU1hVODNvQTQ0SHdod2VPdk5md3NkQmRRUmpBelF1S1NsLTJyREVtbGpqSy02bV92eG50eEo2OEtaeHV3?oc=5
계룡산,탐방시설,올해 '계룡산벚꽃축제' 4월 3~12일 열린다,1,1,메트로세종,2026-03-17,2026-03-17,https://news.google.com/rss/articles/CBMia0FVX3lxTE5QOEctMFpPNElOZDI4aHZCMEI0c0lwVlFPUVZfRy1WbEpYbEJ4SXpvbzJ4NUtBbU5BOWFaMGJoQXZscjRsOUk0MjNIWnU0WV9aLXZCLWhMWFZvUE5hVUxOTVc3eFNPTjNhS2dR0gFvQVVfeXFMT2tZTnd1X0E4dnU1Wm0wRkhrN2pfcVJhU1BWc1RIVFZmRlY0dTBTTnBKTm9UQ3BtUEZNUlJ0YkY1Um03Zjd3elNXQUhleGgwQVZZX1duLXQwejBjUjBDTXByMVBveVdrWUJkb19DSXE0?oc=5
팔공산,기타,"[단독]팔공산국립공원 서부사무소, 분리수거장 방치 논란… “국민 세금 낭비 지적”",1,1,서울경제TV,2026-03-16,2026-03-16,https://news.google.com/rss/articles/CBMiZEFVX3lxTFBtYmZrYnVBLXJ2cWJhbm05QWZsWTVPS0Q0Y3hXeWQ1dnNhSWNmSGdFTnZ5TS1KeUhZd0ppazhwaUdvSVI1NlNpd3BYaVl3eWhYSGJrYmVkcVowelBqNVpiMk4tTlY?oc=5
월악산,기타,월악산국립공원에 ‘노루귀 꽃’ 활짝! 봄의 시작 알려,1,1,중원신문,2026-03-16,2026-03-16,https://news.google.com/rss/articles/CBMibkFVX3lxTFBpelVqVnZUbV9kNUIxSjVzSW5kaXQ4MzV2M1JTWk1vc2Z5QkhjRk5kMUkzY3EtOEpBQmh3anJQM0tYV2lwbWZtY3AwQWR6ZzhxcUhGYTR1REFXWUUwbDE0RGJfaEQ2LVZabHdndV9B0gFyQVVfeXFMTUdaUFRKbGFBVGo3UGZ0ek92YlItVXlxNUI3dHB1Y3Q2c0ktWl9LUGtXSy1PenlfdUxvbmNLQlh1dTd2eVVzN2J0LTZhTGNGUnRzMXVKRElEcUROWlRldVhwQ05HaEQyQWNTS3JSYTF1SjZn?oc=5
금정산,기타,“불교문화 찬연한 ‘금정산 국립공원’은 인류의 보물”,1,1,불교신문,2026-03-13,2026-03-13,https://news.google.com/rss/articles/CBMiaEFVX3lxTFB4cExSZl8zQUVpZk5fN1pYY2YwNlpMelNpM3R0VFhQU2UzemkzYVRjTXZFQlJNaWpBRWg2cHpGc2tkY0FVeEF3SVg5X1NJSWZwclZsMHJLcnduSExqOEtBbk5SdkF0SzI40gFsQVVfeXFMTWg2a2g0ZE5fWHpZWERWdDlpb3BOQnNYYm9XZldLNUxsMWUyaFZQNDdvWl9NLS02NXRSNWNYRUVxV3FPT2tJZVJxODNTQnFfaWdEdWlzbjl6VWdZLVVGZWRJU1gtM2ZnQmlFWEVO?oc=5
금정산,탐방시설,"[인터뷰] 문창규 국립공원공단 차장 “금정산국립공원, 첫 관문부터 개장까지 함께해 감회 남달라”",1,1,부산일보,2026-03-12,2026-03-12,https://news.google.com/rss/articles/CBMidEFVX3lxTE5Xc0VpOVdNbFVJUFRmT3BNRGpSdUpxUzd5Z1hBTlhnclVNRGZwQVhKdzlrOXR5V3RfVExJYU4xY2JnWUhPcU95YVV1dDBwdzV0djJzS1ZsTExhSmwwajNlWHhNQ0JRc2FmYzNJM0FWSzQzejhL?oc=5
한려해상,기타,"한려해상국립공원 동부사무소 거제지구, ‘녹색순찰대’ 1명 모집",1,1,거제신문,2026-03-11,2026-03-11,https://news.google.com/rss/articles/CBMibkFVX3lxTFBwRU4tNGduVlI0RDlJY0VpN2VELUxXWEpONTdJcUl4M0ZYTlJFVlI2djhZcUhEMXBOMjgzV20yQ3cxZWh5V3ZNNmRXVFpBWjRsZHB1ejVHZ0RpRkRUSy1LUnlfMHQ3a2N1Wnc5S3pR?oc=5
한라산,기타,악천후 속 한라산국립공원 직원이 만들어준 '백록담의 기적',1,1,미디어제주,2026-03-11,2026-03-11,https://news.google.com/rss/articles/CBMibEFVX3lxTFBKS0NVX1VrY2VhRDIzMVFHM0ZnaVlkTXZlLW1EUkIxc19qdDZoMVdiZ1JfQlVzUl9NYXo2MmU1Mlk4LXRNdXhhZmVLMk00RkFJcUlneWQ2bXdJUGRqSTljRkwzVzNBYkQ0bG5ZVdIBcEFVX3lxTE1ERGprNkJvd1pzSUEtdXVUR2FPWFBReDBnVUU1ZDZ6NkFaNEZWQ0RmV2RobTNZVUYzY3ktTW9GaEk4R09IT3Y0NWlfalZXb0Z6VjluSTRiUTQyeERhVnNQRkpDNi1Yb2hiQkV6Q09pc0g?oc=5
계룡산,탐방시설,"계룡산 생태탐방원 예약 방법, 숙소 및 프로그램 총정리",1,1,브런치,2026-03-11,2026-03-11,https://news.google.com/rss/articles/CBMiSEFVX3lxTE43UUtrQUV1SDNKLVZnbS1BWmxJU21fVFE1bTBOZDZCRmp1a2xNV2ZNQUF4S3VCejhSUXlud1F1TkRzRU9ibTVVdg?oc=5
가야산,탐방시설,가야산국립공원사무소 임산부 힐링 프로그램 참여자 모집,1,1,뉴스경남,2026-03-11,2026-03-11,https://news.google.com/rss/articles/CBMiaEFVX3lxTE9QN2ZFNGV1NVBEUkl6U0RuSnV4RUZnc2NmX3dleTVMYmdSbmNqQW5IUFFOcS1Fa0t6ZkFtX3NueHdnbmRwNzFXODR6TjBROU4wZVRCQWJvNS16MUxULUt0NHJUUUNmUnBR?oc=5
(전체·공통),행정,"건보공단·국립공원공단, 건강증진 MOU 체결",1,1,한국의약통신,2026-03-11,2026-03-11,https://news.google.com/rss/articles/CBMia0FVX3lxTE0tZU03MGgwQ3RjTmw5M25hbE9YQmg0emlmczJNb0J0NThPajNtVmIyTklhVkdLeXFiNURIaTdMVkVpbnpMWVhiMWJZNFdDVl80akVkTFFjMlRaN18wNmgtVjlzUFBLQU1tVENr?oc=5
월출산,재난안전,"'산이 '화(火)'나지 않게'… 영암군산림조합, 월출산서 산불예방 총력전",1,1,youngnong.co.kr,2026-03-10,2026-03-10,https://news.google.com/rss/articles/CBMibEFVX3lxTE1wMmVQejVLbzF5QUVmUHY4VkhkM1UwYzM4ejNLYkVPRjZ1aHlDdE1pRGU1dElxTGY3ci04U01OLW5pWW5UbnNPNDI2aVlzclVZRjdaR0FveVBPVHN4cXhsYkFZSHZQbEd2cjBQSdIBbkFVX3lxTE5wSU5NT19QMTFiV1g4djNvSmJBV0lrZnRUY1E1bHVEQnNGUzJMNFpULVJ1VDQtdU5sNjk2TXdmdzBaVVdUV2pWcUpKR3lYTlpuem1sX1NDenBpd3JvWlI2QUFqdUIxV1R1bVliVm1R?oc=5
덕유산,기타,덕유산국립공원사무소 '지속 가능한 여행안내서' 발간,1,1,뉴스1,2026-03-10,2026-03-10,https://news.google.com/rss/articles/CBMiVEFVX3lxTFBjVXJFMlhZVTlXN2ZRWk5CMVhzRWNydVdTanZZNUxGMWhNY1Z1UGNvTXFrTGdHVko3Q3dUTGV2Nmh6NWJrWGloS1FZTmNuMV9hMkdzTdIBWkFVX3lxTE5tX3YtMktFVUhoeThqTnpBQ3RBQUZtQUhiaVRmM0dDLUZBYkJBRTBack9oUXlzOWhERXRlT3hPVmt4bFo0OVozY0JiV0FlVlJwV2E2X1Z6cDViZw?oc=5
덕유산,기타,자연보존하고 지역상생도…덕유산국립공원 여행안내서 발간,1,1,연합뉴스,2026-03-10,2026-03-10,https://news.google.com/rss/articles/CBMiW0FVX3lxTE0xNk81ZVBQT0ktUy1MOUFNelRaTVk2THVlWWE5T0ZqRVZHQTRqUER6OUFnS2FFcWNZUFVaN01WQWpQcjNiY0duaDBwamVxVHQwVlNQal9lSTJkTDjSAWBBVV95cUxPX1djZXpJUUJ5VkhNQmJiTDFYd2pOTlFhMGRuNVRySVdGcXpsX1FxM3VMT19aaU83QVhrWm5QcWRHOGhBOXBVMG5WaURSYkQ5YnNjNWUtR1ZGNWI3WDZzalY?oc=5
(전체·공통),기타,신청 방법 체크! 국립공원 ‘무료 야외 웨딩’ 예비부부 50쌍 뽑는다… 예식장·드레스·촬영까지 무상,1,1,여행픽,2026-03-08,2026-03-08,https://news.google.com/rss/articles/CBMibEFVX3lxTE1FNEpKVzAzMjNPdldoVlBBRGIxcEpwb2NqbURvNU1XT19mQnU5SlJNNXJiZXFQdzd2ajJfNUp5bTVMemV6OTBnc1BzTmN4bnBUSGV5OVh2RkhqaExWVXk1NUlNRFQ2YVYzZ1BDVg?oc=5
지리산,기타,"""설악산·지리산 제치고 여기가 1위 했다니""... 4,331만 명 중 무려 753만 명이 선택한 명산",1,1,ardentnews.co.kr,2026-03-07,2026-03-07,https://news.google.com/rss/articles/CBMib0FVX3lxTE1MWm9fYkJzS0lRSlRDZEtZVHU3UDh6dGxWTmVMRDNfTHpMblV0aWZJbmlscFJyRVhaQndVdDktUDZTWG5LWG1jSEE1UDJma1d1V19ld3ZYeDVZRG9Uamh3a1lHQnVsMVczMk5iRXRIVdIBc0FVX3lxTE9lZmxERTJYc1NDM2J4Wm0xYWpQSzRBSjBad3BMUDdzV1dxeXpycV9FSHlYR3ZfakRFdlBQMjNxb2FjUlNMbUNCUjhEdjZIX0syOW16bkc1eEt6VzdIMlpKLUMwMmkyZVNNbHZ6YWRKY1FadGc?oc=5
태백산,재난안전,"태백산, 국립공원 승격 10년…단종 전설 품고 '10년 산불 0' 달성",1,1,뉴시스,2026-03-05,2026-03-05,https://news.google.com/rss/articles/CBMiYEFVX3lxTE1vdVd1ODZWeF8tNHQ4ejVxaHFFTGtjT3pyNjhGQ0hlRnVMdzZyZGg5MGpLT18xekJCUHc0czBWeE9lOXB5MWpjYXZoQ19WM0VLTXZWbTg1TVZCWHB0YjVratIBeEFVX3lxTE5xMUo5TE43UjlTcnZDdllwTWgtY3JWekhzbm1TOFg4QzBseHBCWkd3eVZmYTcyWFRSel9Vc0FacnN5Si1jdWw3SV9DQnNxLWZILUhHcTRVU0RORzdxaml5bngteEZaYUg5NVg3c2t0c0xsWHpMUzA4dQ?oc=5
(전체·공통),기타,"""국립공원에서 무료로 야외 웨딩하세요""…예비부부 15쌍 선발",1,1,한국경제,2026-03-05,2026-03-05,https://news.google.com/rss/articles/CBMiWkFVX3lxTE9Ma0tBNnRyZ1I3bTZBcXBUMWMwQ1RqQkxEcGlranplS04tYi11SW5peW9ZV2ZYLWhZTnNVU0RvdEhaTkRhdGFGVEhWbFJHdjVjNWVZYm81TGxGZw?oc=5
(전체·공통),재난안전,국립공원 산불 피해 면적 4만배 늘었는데 … 대응 예산은 2년간 두배 줄었다,1,1,뉴데일리,2026-03-05,2026-03-05,https://news.google.com/rss/articles/CBMie0FVX3lxTE5lWUpYVHl4WGtjYmNJdTczSWF5UXk3cFB2UFNvMjhyck1nM28xSk5xOWtLWXlaQXZiaGdlVVBHaGFrOVpaRDhVYVE5UGF5T21QSjgxTmFHMVVPZ3pRVE9VSkh6TXgwMjdJT1d1LWVHRzdLYUtpRkNsT2N0MNIBgAFBVV95cUxNX2FzWXVfS0Izd043eVlIU210QW1BdmNyaVU5aE4zVUg2akczbGs3c0xwWUM1TDZDLTJEdndFNEVhQ0Myc050cWVlV0VRX1ZWcnUwMjJvSXZ6cHcwWjZaMGozeHBNTmoyOHBIZ09EbTNmZDA4eGZtN3I5VVBxRVFtRA?oc=5
속리산,자원보전,"속리산국립공원, 봄 소식 전하는 복수초 개화",1,1,동양일보,2026-03-04,2026-03-04,https://news.google.com/rss/articles/CBMiakFVX3lxTE9oZ1NtQU8wZHNWMm14ZjhlcV9vd3pWaDYwSE1aS0YyV3l2SWttRXpMUkh1Z2x6MU5TZWo5UnBsNzEwMmxhbzFNUVJXT1hJSk4xQmtEdGFTbnM2c3dSN1lxcW5rUEU3c2l5dUE?oc=5
무등산,기타,짙은 안개에 갇힌 무등산국립공원 산수비경을 더하다,1,1,무등일보,2026-03-04,2026-03-04,https://news.google.com/rss/articles/CBMiU0FVX3lxTE5XX05KUUdLbE8yRTJTOS10Q3ZFZldvQXNqUUhEQXZGalRuQ0Y5cWlTVDU3XzdqNnVTQnNnVGJFazdmTHBwSFAtclJBZms2V09wSXlv?oc=5
덕유산,기타,"무주 가볼 만한 곳, 덕유산과 구천동 계곡 힐링 여행",1,1,스타데일리뉴스,2026-03-04,2026-03-04,https://news.google.com/rss/articles/CBMidEFVX3lxTFBnalhGR1AwOFNaU3B1TUVVNFpPa29zcmFjTVA2TmtGd0ZVNDVTUWJjVWRzQTlRRS1Ja3RUOVJnM05YcVh4cExXTTBndkJsN20zdTd5Z1dXZTZQRUlaM2JnZm5kRHpqRzhfc2VGd3ZaLWpMNGNG0gF4QVVfeXFMUHcyS3FvS3RQSTRIdUFtUlJoM0RMWDR0YmxRSUkzMkZRVmRfazdVLXlwdlgzTnBLcHdFTzlfUDIycXNEeWN1RmdRcTN1WThiZGRlZk9yNjVMQXJkVncycDdkU1J4cW9uVVNtU1ZfOFNhSENvYkFKZEs4?oc=5
지리산,자원보전,"생태·기후·보전…지리산국립공원, 쟈유학기제 환경 교육",1,1,뉴시스,2026-03-03,2026-03-03,https://news.google.com/rss/articles/CBMiYEFVX3lxTFBZU25FRWdtZkJOdWNza1ZHZFE2eXNnaS1QTEN1aGs3bVBsUzNZU0VNRU9xaDNQbzhvNzZpVUpiZlhzSkVhZld6V1RNVHVZby1TQlhfRkJRVlpJOEprbGRWNNIBeEFVX3lxTE5QOWtuR3VaRnJjbzFMVlRXQV9PQmgtcFpQQmw1VDk0d0FyZm5lRWEzU2QwdTd1MlJSd1drdjFYSFpkbDRvRklFVkxSWXc4ZXBEMVNBa0lSRFo3b3lGU21fY09weGhHQ0lLRExNVFJZOEtQY2hWblE1VA?oc=5
설악산,탐방시설,"54년 ‘특혜’ 설악산 케이블카 독점 깨질까…“설악산 훼손해 번 돈, 사회 환원하라”",1,1,경향신문,2026-03-03,2026-03-03,https://news.google.com/rss/articles/CBMiWkFVX3lxTE9JaWR2VjRCX0JWRy1STzl0QWpMWUxlN2g0V25Db1IxZ29hM3BWZ3JfRTNKUnBBbS1vS0dsdGRqUG82bjFRMV9OejNQczlmY0VtaTljUkt0QkFUZ9IBX0FVX3lxTE1Id3dVbF91YjZHSWFUTEdRMWZmNzRaSHQyYThfVkVjc3E2NmtVTHpRNHNRT2JodzZlWW1PTFozeURNbFgtMGdmYXp1aC0wYll6S19VSFRCWnRLUjhsV2o4?oc=5
금정산,기타,금빛물고기 품은‘영산’ 금정산 오늘부터 국립공원!,1,1,knn.co.kr,2026-03-03,2026-03-03,https://news.google.com/rss/articles/CBMiVEFVX3lxTE5Dc09ZZGthSGRwMzRqaUZxalA0aWlyYWhQLW5oRFFRZkpwTzlNXzU1UHQwZEQ3QzJ4QjFXbmJhczFPXzI0WHp6RFJwQnRUSlJldkp2Yg?oc=5
금정산,탐방시설,`명산 재정비` 기대감 속 `탐방로 제한` 아쉬움 토로 [금정산국립공원 지정 첫날 표정],1,1,부산일보,2026-03-03,2026-03-03,https://news.google.com/rss/articles/CBMidEFVX3lxTE54QnA0SUE2akxiLVQ5S0hiQzhfbE9saU1teHJ5cTRsbXd3OE5aQnc3ZkR0RGxvNzQ1U2YxVXYzSzNKbktWdG5RenZhV0ItYzRybjdINHdZQThIQ01OSGtVUmJMRWw0NlhtX3F3ejBlaDh2Q1Zy?oc=5
설악산,재난안전,[포토뉴스]양양 오색령 및 설악산국립공원 남설악탐방지원센터 일대 폭설,1,1,강원일보,2026-03-02,2026-03-02,https://news.google.com/rss/articles/CBMiV0FVX3lxTE9kNDQwaktIUmJOZnEtZVhVelYya0hpQmo4Y0RhTTg0Y2VlWUhNWXBXREV4cWFWS3dEcWdjZllhVG5QQmV6Y1JnaHp2Q3J0QmkyWEIwQ3hrOA?oc=5
금정산,기타,"금정산, 공원 `경험` 없이 곧장 국립 직행… 현황 파악·관리 방안 마련해야",1,1,부산일보,2026-03-02,2026-03-02,https://news.google.com/rss/articles/CBMieEFVX3lxTFBLdVlWdWp6M2dRbnl1NnlXVkpOM090bDJpOVJaeVMtWWFJdDQtN2QwLW8zOTVGM1VndklBRGlGTzNyMTUzTVFZTVd3b1pZZEtyTTU0S3A4STN6OV9WaTBTZ1lmSi13cG1ULUJZd24tXzU0R0s2U0JPeA?oc=5
경주,재난안전,경주서 화재·지게차 사고로 2명 숨져,1,1,국민일보,2026-03-02,2026-03-02,https://news.google.com/rss/articles/CBMiZ0FVX3lxTE95U0RsY1FmUS1yNHpRM3otc0NNMHRscGRGVExRT0xUQ1ZtWVAzb3FJUkhtTXZSTXVySHRIeThUZ3M4NUNFbW54RUZENXhRdTZMV0o4UmRxbTdSVTlScUdvTlNyaDhCMUHSAWxBVV95cUxQLUgyY05qVXhHLXI2dFZYM1hXNGYzNXAwam1XUEpNRmM1bTdLLVRrRDFTNmZyamRfdFhPR2pqT0ctWDYtSDNVT0JzeVR1N2loWUo0RVdKOHFTZmNWdFQ3WU1SencxWWFVOW0xd0s?oc=5
(전체·공통),자원보전,"1782종 동식물, 국내 국립공원 중 최다 문화유산…6조 가치 ‘부산 생태 허파’",1,1,국제신문,2026-03-02,2026-03-02,https://news.google.com/rss/articles/CBMijgFBVV95cUxQWl9sNDIzTHpMZXpJOFFJRkFxdjhQQmtOeURzWGVOOU1QQUNvRE1lNHBZbGp5aW1nSTJFbF9WN3BxUjlTV2RRWmFadzVpVndlZ2tqQ09tUDZ6N3RLZkFQZWV3SnpWUk5GODZ0cnF1aldzZkY1XzAwQWFVTkloVDNjOS01cDA2T2RkOVhFM3Nn?oc=5
한라산,구조활동,[논란] 한라산 또 안전사고 발생…한라산국립공원관리소 관리 공백 논란 재 점화,1,1,일간제주,2026-03-01,2026-03-01,https://news.google.com/rss/articles/CBMia0FVX3lxTE4yanlhWThYb0pfbFp6OVliZXQzNGJyRmFzXzRZd1lvLTBXekEwNUFGMGJSMy1aV3lhMndvdkNkYjc5OElVdUZNbXFFbWZWTUhHRkpFTHV5alFIR1Q1TlIzd1NqbDVCQ3pKQ2lv?oc=5
치악산,재난안전,치악산 산불통제기간 탐방예약제 시행… 하루 390명 사전예약 제한,1,1,강원신문,2026-02-28,2026-02-28,https://news.google.com/rss/articles/CBMiaEFVX3lxTE1HVXYwYjNIRjh5MndnU0FmU0NndWg3d2ltTTlZQk5wZzV1WFhRUTdrSUxTLWM0cFhOWFpVN3Z6UzlRUGZ4UzZNQk5IS0taM1NkblNjZlhIZl9ibG5PVGlYcHM5ZjVyUE9W?oc=5
북한산,구조활동,"서울시, 북한산·관악산 등 야생화된 유기견 집중 구조… 시민 안전 강화",1,1,뉴스펫,2026-02-28,2026-02-28,https://news.google.com/rss/articles/CBMia0FVX3lxTFBLb053bzBfLWt2Z2RrNkY3OWxvajF1WWVEMjBzVmt6QW1ha1ZLX0NjUUlLZzF0ZHF1eVZKcGx4SmJtTHhERG1FNHBSYmprZjg1dUVBZDA3OTFyNnVYYnB1d2tIR3RMMElJZlRJ?oc=5
치악산,기타,"김동완, 오은선과 치악산 설경 속 동계 종주 도전",1,1,톱스타뉴스,2026-02-27,2026-02-27,https://news.google.com/rss/articles/CBMickFVX3lxTE5YY29RSnVCLU96aTc1aDdWYmZDa2ZDcm5vVHI3eElWNUhpbkIyVkxnRC1JV0R5MC1rLW51X1NFWDY2Qlphb2FDc1Y0MjJPZ042NFZic3dDR0paMTR4OEJzVlpYOExkY1JKMzRHdFVMTTA1QQ?oc=5
금정산,자원보전,"송동주 초대 금정산국립공원사무소장 ""부산 생태 랜드마크로""",1,1,연합뉴스,2026-02-27,2026-02-27,https://news.google.com/rss/articles/CBMiW0FVX3lxTE0tRy1NRHk0T0FRdUY5WG9jUVRxcXUzaDVLOEU1Nk4xRF9EMTQ4TVlYeGxhbkxUNGJjbEJLSzJXdVpScnpSMVlPYkhNTE9tZHpKWkpIMWpSc2pPN0XSAWBBVV95cUxQS0cxQTRqaS1qWVVmVzU4eGk1XzhUUFkxck5VLXFIMjBsdVFiWjJkNG9id1hITWZCTUl4NTVDU1FMaFR1ZDY1ZVpEckVVcXd4Nmpfb2ZaOTRvUzg5T0JCeUc?oc=5
금정산,행정,내달 3일 ‘양산의 금정산’ 국립공원으로 정식 지정,1,1,양산신문,2026-02-27,2026-02-27,https://news.google.com/rss/articles/CBMib0FVX3lxTE9RTEFoNFIwVHpwRDJmUm1QcGxVcnh6YWgxWFhaTGYwcFJsb20wVV9sZ25XbEJWWjhNYWJIbng5eXNERmY2OXZrU1VqcEdUbGhfaWFIeV9qNU45NXE0aFFSdlFlU3FZb3VfVnMxaHRsNA?oc=5
(전체·공통),탐방시설,[고흥소식] 다도해 해상 국립공원 염포야영장 재개장,1,1,연합뉴스,2026-02-27,2026-02-27,https://news.google.com/rss/articles/CBMiW0FVX3lxTE5Ba042Mm5LeHJSUy1EU0VvMmx5a3NlUjhzb3BteGVPWm5ycHNPOFBwQ1E5NU9pX3FfanViNm5WVTB1VE1JcVY5T05GOGlGbW05WXdSMXhVYV9nQkXSAWBBVV95cUxOSW5vS3lOX2ctR25rS202OWpob1NTVlpxVkxad3FGSTlxMGFMYkt3ZmNmNDhWVEtFZWIzRk1VX1Y1WmlFaFVwUFRodXQ1VWd4T1hTSF90N1U0QzEyeTVEZEs?oc=5
(전체·공통),기타,"""37년 만에 탄생했는데 입장료가 무료""... 매년 300만 명이 찾는 최초 도심형 국립공원",1,1,ardentnews.co.kr,2026-02-26,2026-02-26,https://news.google.com/rss/articles/CBMib0FVX3lxTE1GMzhvdlJURG9nTW1uM29YN0puQy1aVTBFYUkxS3kyNTlHQzYxOXZXak5MaW0tVXRlcmdkR0d3ZnlfbGZfX19iZGFRT3FLcGFkdHo0SUlLcDVvUEprOWs5VHpzbVVLT01rNGNocjdNONIBc0FVX3lxTFB0LUxuUXd2alpYaDhhdFdrRkktZF9DNTctajVKYWJ2THFqUDM1ZUNQS3NFQTkxMjZGc0tPZDBBaE54WDNhNkp3ZkdUTjI4UkF4NjlsaFdEb2UyUlVUZ1o5bmFWT2w3clo1WW11NXpuQktpaXc?oc=5
(전체·공통),자원보전,누가 해상국립공원에 음식물쓰레기 버리나 했더니...,1,1,한국NGO신문,2026-02-25,2026-02-25,https://news.google.com/rss/articles/CBMiaEFVX3lxTE5kSTdLczR2R3IxdUNiX1VWWWRIWlkzam1YdHRwVFJkRFUwcEVGR3JCbk5zUmVDRDJvVnZxMUpyOElXOVJXVW1fWjFuTWZ2ZnU5THd6NUF1YjJsV3p4RFp2QnU1dXRLQmpx?oc=5
팔공산,탐방시설,"팔공산국립공원 도학 야영장, 3월1일 개장",1,1,대구일보,2026-02-24,2026-02-24,https://news.google.com/rss/articles/CBMiaEFVX3lxTE90cXRWRjJkbzY3S05EQWM3VDd2eERscGJEMjIwRjdyVUp4ZThEOVp0ekxwZ2x1azEtWGQ1TW5BdHdqbUZLc3VaQjZMdVpRSVphOFUxWmhqd3ZETnE5bUFlY2xBVmlqUHh1?oc=5
북한산,기타,"자연 속 치유…지난해 국립공원 방문객 4,331만 명, 북한산이 최다",1,1,한겨레,2026-02-24,2026-02-24,https://news.google.com/rss/articles/CBMibEFVX3lxTE5YdXY2Nld2bGhwd2hUcEE2d1AwWUVyUWQwQjN2M1BwRUNfT2tXeE04c3BFcHZuYW0zb29fVnZzLVk1bUxfSlczbFZRQlJuRzlkLVlsNEw4Mm8zQjFhYkVsNlpPb0h1TzVwUHk1Xw?oc=5
북한산,구조활동,고양소방서·국립공원 ‘찰떡 공조’ 빛났다… 북한산 조난객 무사히 구출,1,1,코리아방송,2026-02-24,2026-02-24,https://news.google.com/rss/articles/CBMiZ0FVX3lxTE01ZHc0aUpYRFg1cUNhanFzMkhaZEVrUWFpbGRqWlYybWdpWFYyNklxQmJRc2VOQllQUm5IMjYwbFZPMk54Vmt5NXVWNVgxNWhwWnAyaThqMUUzVWxGbUVJWWg4RWczdUE?oc=5
금정산,기타,"금정산 흉물 '불법 건축물', 관리는 사각지대",1,1,knn.co.kr,2026-02-24,2026-02-24,https://news.google.com/rss/articles/CBMiVEFVX3lxTE1oVGg1M3NzQUJMT3NZa203TVhHc1BENlZZU3dQbEJxYWFzc3N3SjBzN0oyVUExTlhfTkZmNnAxOUthc0dUMnRRVkdTMEhFU3BUdHBwcg?oc=5
금정산,행정,금정산 3월3일 국립공원 지정 앞두고 현장관리체계 마무리,1,1,v.daum.net,2026-02-24,2026-02-24,https://news.google.com/rss/articles/CBMiT0FVX3lxTE9NZmVoaTVKZXlYZzNnMldGZzEyaWNhSG1LaV9uVkE0QlJuOW9aZ3ZNYWhQQ082RmlRN1RNUXRHOHJKXzNNc3ZUQjMzcHEwUWM?oc=5
(전체·공통),기타,‘자연 속 휴식’이 대세…인기 1위 국립공원은?,1,1,농민신문,2026-02-24,2026-02-24,https://news.google.com/rss/articles/CBMiWkFVX3lxTFBITk56ZlpncElyMVZEWDY2ODFyUVVaSlRYcUotRVJNUW82OF9OLTJ3Z1JxaEU4dldqeEJDbzFHNm1DWms5T0xUSFAwbkNsXzZKSGx5U25WMFR2Zw?oc=5
(전체·공통),기타,"“치유 공간으로 돌아온 산”…국립공원, 회복 넘어 ‘일상 플랫폼’으로",1,1,뉴스후플러스,2026-02-24,2026-02-24,https://news.google.com/rss/articles/CBMibkFVX3lxTE1tZ1FjeUZ0MWRDbEdJdHFaOEtUOG0xVU1PbE9FZVZBbkFTcDRBVDhoRThYMnRqN3A2a29VNGdIQnR4OV90ZGVPODlpUXRqN1h6Rk11OF9Gb1p2N0VWSmRmVk1ycXNPdmxhTTh4QXBB?oc=5
(전체·공통),구조활동,"국립공원공단, 조난 시 ‘골든타임’을 지키는 신고 위치 전달 요령 안내",1,1,치악뉴스,2026-02-24,2026-02-24,https://news.google.com/rss/articles/CBMibkFVX3lxTE1iaGxwWW83c2VVSmtBaGJmVThXVUxJYnZpRGxfbGt0cW9CSTJrSV9BcmNFVWtybHBmMkVXbVlKUUhEdlotTjFEOTZIbnh3S1lPZXRPTW1fdW5tdS01MjNMR2ZPdDNFc2FGdV9HMlBB?oc=5
소백산,탐방시설,황병직 “소백산 케이블카 반드시 추진”… 쉽지 않지만 해내겠다,1,1,영주시민신문,2026-02-23,2026-02-23,https://news.google.com/rss/articles/CBMiaEFVX3lxTFBkWkhIemdDQnRYYjB1blpvdTFMMS1oN1NhR0Jzc0tMUWMtdjVPWjZ4emFVR1ljMF9TWjlNejFvUXYwNlhXLS14YjlUZlRZVEFkYS1BUmFIbUVTdnZkRnM3SnZPZ0k2Uzgt?oc=5
(전체·공통),행정,"송형근 전 국립공원공단 이사장, ‘백년의 설계’ 출판기념회 28일 창원에서 개최",1,1,뉴시스,2026-02-23,2026-02-23,https://news.google.com/rss/articles/CBMiYEFVX3lxTE9VenJNMTk4cW5Tell6aDk1RTNFME1uY09hUVdMQnV0S0oxYVlUa0hBcTNlbFVncUwxaG5FVTJrblpucjZrMjVlYldKM3RoMkZOS0VVV1ctVkV0dUNmbWstedIBeEFVX3lxTFA2cU9zcExJQVNOYjVHR0ItREJlaEY2V2IzbHB6TDVxS3M5UnV0ZkZWRHNDdzhlWC1Ed2NqVlRYYnZHZk1xWGRUWnFXRWFBQS1LaWstYU9vZkV3T3NJbjdPT1ZUNXlsa2c0OUhORU5zd2QyUjJzZUdsYg?oc=5
월악산,기타,문경서 14개월 만에 ASF 감염멧돼지 '월악산 재입성',1,1,돼지와사람,2026-02-22,2026-02-22,https://news.google.com/rss/articles/CBMiYkFVX3lxTE41bTh2bnFVN0ZFZXRPTTY2RjgtSUlZc2xBOVVnenc1cV9PTmVvQUdzbmJiUkhBNFJCdkFyOU5BOXFSNzNpSktCb0JySlVTaXJ1ZTVsY2VUZGlSU1pJanlXbUl3?oc=5
무등산,기타,날씨 풀리자 등산객 증가..무등산국립공원 '쓰레기 몸살',1,1,v.daum.net,2026-02-21,2026-02-21,https://news.google.com/rss/articles/CBMiT0FVX3lxTFBFcThsa0lpbXJyUC13VjJfdURCVW5SZkt5WHN2WXhHdVRJbldKUGtlWnJEbzZzQTNvU1lGYWpvZU5lZzM2LWljbklMT1hYUlk?oc=5
오대산,자원보전,오대산국립공원 진고개 일원 복수초 개화,1,1,ecojournal.co.kr,2026-02-20,2026-02-20,https://news.google.com/rss/articles/CBMieEFVX3lxTE1sM3B6MGl2R2stRWRhTVd0NFBobF9JQTNrczlqQ2ZkLXMwTnhJTlFMVXMweEpibmM5UHhhOURBUHBfUGRTcmNyelhCbk1oTXl6NDR0aThwQkVHT015WjRaMkFyZ0U4TDNhTnBCRUJUY1h4UGJiMEhUVQ?oc=5
소백산,자원보전,눈 녹은 자리에 노란 꽃망울…영주 소백산 ‘봄의 전령’ 복수초 개화,1,1,kyongbuk.co.kr,2026-02-20,2026-02-20,https://news.google.com/rss/articles/CBMib0FVX3lxTE9EN2YzUXZrTGh0YWoxdnJkMG1seGpZdVlsbVgyOEVSbXB3cldmdDdLT05rTlE3V2c3N2YtQlpOVEVzdjF2dlJFRG5ZdXFEbldnRjdpT2dXYnFCdXpTNWZaMWprWTNwdm5weE9GQXkwdw?oc=5
한라산,기타,[독자기고] 한라산 등반시 갖춰야 할 장비와 준수사항,1,1,제민일보,2026-02-19,2026-02-19,https://news.google.com/rss/articles/CBMiZ0FVX3lxTE9pV255RXhSbC1wVk1HR0drcE9GVmpIYmQwLWQwQ25KZXRFRzlCSHBXZW1tNDREd1Ewdk1WY3BKM0pwX1pwdnFibDgwaGc5bXpvRzUwaUVoNVdsb0ZfYjR4Sk95dGFRSTQ?oc=5
변산반도,기타,"변산반도의 사계절 매력, 부안 가볼 만한 곳",1,1,톱스타뉴스,2026-02-19,2026-02-19,https://news.google.com/rss/articles/CBMickFVX3lxTE1DX2JaM1V1V2tIekZPd0gtTkxrQm5tTWZYTEpKWDRKVjVLUHZlTkhMT2dZaExrSHlPRElTZWk5WGl2MzVCRFZzM2MtNWo2QnU0T2xvUmlRaC1DcFJSd1cxMUxPTjVYZ29CSDZueW8tQmpLUQ?oc=5
계룡산,재난안전,계룡산 '민목재~자티고개' 8.2km 구간 3월 3일~4월 30일 통제,1,1,메트로세종,2026-02-19,2026-02-19,https://news.google.com/rss/articles/CBMia0FVX3lxTFBjVnoyeUo4Vkttcjh3QXNEN1p2bk14TkRfb3Z0Z3U0RWx5YVpvUFpVZGZnVHhiV2JUNExuQ285aV9vdDFrcTJzRWpCU1J1UFUxamF4QmFRN2ZXUVU4YW5JVlJ3N2pqOU1SR2pv0gFvQVVfeXFMT0NmX01VallYakhXUFZ2T2x2VHJoTGJlQXZrSWYzbEpHUjh5Q0dCanNKeXhMX0VELU5GVzBDa005RUl4bURURW1GUlFIVHhUYl9UeXRTeWVDRE84cm5xVjJEWk9OQW5MMkZPZWhYVEFN?oc=5
한라산,구조활동,"""겨울철 무리한 산행 금물""…한라산서 사망·탈진 사고 빈번",1,1,연합뉴스,2026-02-14,2026-02-14,https://news.google.com/rss/articles/CBMiW0FVX3lxTE5scUh4Y3g5YnBIbHcwdHFVaHpqemhmc0g2OElBU19zY1FfV25NcnRvdV9pb2lzRUVvd1dBOXExTGgxYnEwZU1qQW1CLTF4TzVTRF9SMEVLb0lvbVHSAWBBVV95cUxPM1F5cldQSWRGamJHVjVFb1AycXZXd1ZKalBfNUpmLTl0SkZXeXpPcXJOTTFIbk9tNEhadUhwQkxaS2Ywb0QzOUtOSU9xUGNPT1lnbWQ2OUxXVFZHaHgzTFU?oc=5
소백산,기타,“소백산에서 담비가 노루 사냥하는 거 봤어?”,1,1,에코타임스,2026-02-13,2026-02-13,https://news.google.com/rss/articles/CBMia0FVX3lxTE1VS2QxZkVxODZyaml5Y0JhUjNjdUMya1pYaTlGVUFTMnZQQnRRYUJiRjFXRFhTdG1HbEZqN0NJMU1mSzFwa2VYdmFaRXBfLXlldDVJUHZ6eWZldWN0cE5aLTZfa3hpTzV0Uk1Z0gFvQVVfeXFMTzBLRXJoa1loQTFoMTlDZFhlZjJhRmtJZlFsamxhWExWRWhESkFzVFBUQS1xS0ducG15Z0pBNXROdVBVanpuSmV0MVBQTnZvelBxYWRJN2hmbjBWY2VpMlkwN1hERmpJNWdvQ0ZaaEo0?oc=5
(전체·공통),기타,새끼 지키려 최상위 포식자 담비에 맞선 어미 고라니···국립공원 야생동물 일상 공개,1,1,경향신문,2026-02-13,2026-02-13,https://news.google.com/rss/articles/CBMiWkFVX3lxTE0xUUl5aTZSdFh4SnZVTlVPU3RVLU1hWUM5Q1BTeFBiMDZnWDk2eFRFNG55SC16TGFZWFh3T3prdThFTG03NGlybFRkbzQwSG1KX0tuQkp5TzFtZ9IBX0FVX3lxTE52bldKZExsRUEzMElSek9QRE9EYXdNRGlzUXRGRTZOX2RPUUd2UmRiSkxJZ0NqZGlqaFA1cG14Z2tXTU5tTDEzLXNJcGFnTzNNOVI1b09tWkJKbzFjekJj?oc=5
(전체·공통),자원보전,"담비의 새끼 노루 사냥, 삵 가족의 이동…국립공원 야생동물 희귀영상 공개",1,1,헤럴드경제,2026-02-13,2026-02-13,https://news.google.com/rss/articles/CBMiVkFVX3lxTE8xcWRIRFQxQ1dQMEhQMDRLNjMtcXhmT3VBamNyemhhXzFva3VqTkJES2VtdlNkVDlBcjBLa2w1TDVnVUxObFFNelBpZlRMS0ZxVGdTT1hB?oc=5
팔공산,기타,"칠곡군, 팔공산 국립공원‘한티재’ 불법 간판 난립... ‘흉물 전시장’전락 (下)",1,1,에너지경제신문,2026-02-12,2026-02-12,https://news.google.com/rss/articles/CBMiW0FVX3lxTFBMLXhhV3JkTDU3bkVlNlFmd2hfS0NIQXJKb014dExBenpaSUotM0IxWnZDMTBVRV9zUW03UE1ZV0J4ZzVLM3N4NVdIdktqY0NDRlFCSUZ5V3NYeG8?oc=5
다도해해상,기타,‘다도해해상 국립공원지킴이’ 2명 모집…서류·면접 거쳐 3월 12일 근무 시작,1,1,퍼블릭타임스,2026-02-12,2026-02-12,https://news.google.com/rss/articles/CBMiakFVX3lxTE9fOTkxRTNPOGlzTzMtVEdxYkR3QWtnVG5vUU9EYlh6YWRLTHJmck9XREFPU0ZNX1FLRFJ2MVdCWEY0Smt5QzhpampzOUY4RVBHQnNkRS1sdmFRT0haTXVxdmd4Y2xXamhoNGfSAW5BVV95cUxOVGNRVU1SajQ0QVYta2I1SDU3enVYQnFnTjIzanQwX3JxaDltLWxnT2pKRXRFSzdZLW1MUkJuNzEtd2MzLXUwQU5oWXpoQ3VEYVdIbDNhel9VSEVBOGtMNUhoNS14bEVDMVVnNHh4Zw?oc=5
지리산,기타,"지리산국립공원, 불법엽구 등 수거 환경정화 행사",1,1,뉴시스,2026-02-11,2026-02-11,https://news.google.com/rss/articles/CBMiYEFVX3lxTE1DcUZTNXFYSVM1VEowZ1ZLM1Q4Uk82VVVhZlFRSFBfNkVhdDVEOFoxWDVyX1RUMmg3bVJuUzNSY1U3N0NfWmZ2dHAtOVUxSWNEQXc5V2dWenV3ZTBHMGtxMNIBeEFVX3lxTE96YlhvdVl1WDZxZVQ2NnFPaGl1NjNvRVVqc0ZMYVlpc2tKQS01eHFyVER4QV9oSlpwSXBNVVp5d0JLX01fNUo5N2ZQVVptMEQ2MnRyOER1N21iRWtXdUh1UzgydFhfeXdNOEVkVzdWbkwtUGlRQTFabA?oc=5
설악산,탐방시설,"고성군, 설악산국립공원 말굽폭포 법정 탐방로 신설 확정",1,1,이로운넷,2026-02-11,2026-02-11,https://news.google.com/rss/articles/CBMiZkFVX3lxTE0wMVRoU2U1cGl5U2lJb1phR3ZRRWNqNUZoN194VWQ0RGZCazhWQ1pkWUpYRUlyZ2xGT3pwU1BGX0pCVXNITXVnbzkwMmxRMF9HcWlpMWN3NVlmNm1QbTJ3by1pYk1BZw?oc=5
(전체·공통),기타,"""기네스북이 '가장 붐비는 국립공원'으로 인정했다""... 연 700만 명 찾는 수도권 트레킹 명소",1,1,ardentnews.co.kr,2026-02-11,2026-02-11,https://news.google.com/rss/articles/CBMib0FVX3lxTFBZMnpwcGZOdDhQWXpEZDlVakxkcU9SalRxV2pnV1ZITU5mSVFXX2JsSnEzZGxiWWFTMldiZzNzbEZ6X1dzN1IzSDFoYXVPMWhZSXkzSGFOYWxEZFpTTk41VzhWXzhjcDhjZ2k4UVFJRdIBc0FVX3lxTFBhX3luTnh1Wm9qZktJblk1ZDg4UVVUZ3JPWVhFN3JPcFlKTHViYjVxRjFReUMtWVpxM3d1RU53dGdXUktDMHJHN3lLdGl3bWpsSG13ZkFqS2xnck9FVU0xY2N0N1hZVEhOOXpSdVo4SlFhbEk?oc=5
설악산,탐방시설,설악산 좋아하는 사람들 환호…50년 넘게 막혀 있던 구간 '정식 개방',1,1,위키트리,2026-02-10,2026-02-10,https://news.google.com/rss/articles/CBMiVkFVX3lxTE9wWktVNE1mQ3p5OXUzZ3dYdHIxcWxiY0dQMnVJSEEtekZPZDdJbTFTZFRPLWpmb2s1VXJZeXNqQWU1OGVZTG52b1RQUnViT2U1dTJJeUlR?oc=5
(전체·공통),행정,"한국 산 찾아온 외국인에게 너무 불친절한 ‘공단 홈피’ [국립공원 코스 추천, 최선인가?]",1,1,월간산,2026-02-10,2026-02-10,https://news.google.com/rss/articles/CBMiZkFVX3lxTE1pajV2ZnRFRGNudHNqRk1Yc05BbG1zbkR2S09RRTdKQkV0N2tvOE01c2xHR09pVjU0ZW1EclZLSFBWWEZ4czRMZlRaa1A5emJkV2FXNzJoekVQOEQ3cklDRVFja2FiZ9IBakFVX3lxTE5lVUxPX3FaYUFVampZd2o1RHNWdGhUM1ltZ05mTW9ZcV9DbUg1ek1rams2RXAzNjNBeW43ZkNMZkUweDZDTTZwY3RFcFFnUXp5Q2p3VXIwOXVSVjhucV9yVE9XNmw4YzFmeFE?oc=5
(전체·공통),재난안전,국립공원 지정된 금정봉 산불 9시간만에 진화,1,1,문화일보,2026-02-10,2026-02-10,https://news.google.com/rss/articles/CBMiUEFVX3lxTE95WWdNelVrSHlFc0pXMGtqakN5c3Y4WjJrTnhWaGlYYm5EZHRQbUliVmpnWXZCMU5aeHdyRFpQR2xUc2VYSTduM0wzbjdWcU5V?oc=5
한려해상,기타,"사천시, 한려해상국립공원 녹도~신도 출렁다리 착공",1,1,KPI뉴스,2026-02-09,2026-02-09,https://news.google.com/rss/articles/CBMiV0FVX3lxTE5GS1ptU3VqMGc1VzdWSTZZLUFkZHVZcm9NVHdfSlJkYVJSYjh2THhFYTBwVmRXdWtESDdVdGZOQjhvQy1aT1V5UUx5Tno2WEdQTVRxdWVMNNIBU0FVX3lxTE96QWxsTFN2a29vbzhOV3Ytem5pSlBEaURhWHN3QktGbnZELXVBaFh5RUtuNGVsLVdjZEYyRmp6bTB2eGhrcnJxdWp0Z0hwRDJyMXJV?oc=5
오대산,기타,"[배건일의 걷다보니 83회] 오대산국립공원, 진고개~비로봉~상원사",1,1,경기남부뉴스,2026-02-09,2026-02-09,https://news.google.com/rss/articles/CBMiYkFVX3lxTE1ZaDRzRFBTT1VMTW9FX3hvVll4X2tKQWxPS1hoVXl2ZEg3SVpHSG9BWGVUY1JRTHNDSm15UVBDZW5uRlVicXppdHdfUVBQU0oxOHB0UmdFNHNRMlFMMnFpYkpR?oc=5
금정산,자원보전,"“개발 요구 커질 금정산국립공원, 고유생태계 보호·복원 관리해야”",1,1,국제신문,2026-02-09,2026-02-09,https://news.google.com/rss/articles/CBMijgFBVV95cUxPMVljZktnWVBIaUgyZU1ReWtCQjcyVjZ2eGQ2dUY4cFpHeHFSTHpfNndfSXBwbGxSV0VzM3BjNFdILWp2RHVLTkhnU1NqSFJ5QUtnRTdyT1hzUzRuQnhiRW5JRm5abS1XYzRMa3FaaHUtczFkR3lXak5zaFJiZGEya21zQi1BMGkydDViR1VB?oc=5
(전체·공통),기타,"환경단체 ""통합특별법 '국립공원 해제' 조항 삭제해야""",1,1,연합뉴스,2026-02-09,2026-02-09,https://news.google.com/rss/articles/CBMiW0FVX3lxTE5BbG9NeDBXVGVKSExRY3BqT2JjQ2hlelA3NkRtNUNTRUVNNmxCUmtndHluWktMWmtnRjlBMDBzTDA5Z2RqUk03alR3cl9qZkhobUhHSEdzTmE5QVHSAWBBVV95cUxQYjBLbnl3UWF6RDloT1pPSVJxTl9FNEdTeFZJR2VxNVRMQ0p2UllQU0pVRDZGRHJSQnFXempSUHRyZFFVS2k0bU1NRzRHd2pyRzFVT3ppUmRKRFBMWUJ4MlI?oc=5
(전체·공통),기타,"국립공원, 홍도 에서 '참돌고래' 발견",1,1,geojeoneul.com,2026-02-09,2026-02-09,https://news.google.com/rss/articles/CBMia0FVX3lxTE9INnNRdHZZSUtjcERCTnVhSUhVVmNaRlpWaWdmWThYLVlEOEhWb1h5aTRoWFN1Z2J0OE0xRkRWS0tWYnZhTjBIaWI4cUFTbTdMbVNqd0FwY2ZfV3Uwbi16eG5SdjJ4b1V4MTNv?oc=5
월악산,기타,월악산국립공원에서 우리 아이 탄소중립 첫걸음,1,1,환경법률신문,2026-02-06,2026-02-06,https://news.google.com/rss/articles/CBMiZ0FVX3lxTE9LOHZIMXRqMzlMMVhsNGVmbFFZMm9SbHlWZWUwdTlfNEt5TjlxWWdha3pQT0lwR1M3SFhUZkpWamU4Vkx2MVpwR3g2cWUzVFJ0WnlsV29rbnhEbXM3c29CSm50RTFOVjA?oc=5
한려해상,탐방시설,한려해상 품은 '무지갯빛 생태탐방로' 9일 첫 삽,1,1,뉴스사천,2026-02-05,2026-02-05,https://news.google.com/rss/articles/CBMiakFVX3lxTE9oWFo2SFlITHFZaVdSUzNka3FPUjM3MlU5T2JOQmpwWXZzZEg2R04yQjdWOHoxNWpHVklWSG9wMENhT3NiYWNidGhTZ3JwOGlnTGNjNUVxOVNWa1BvUGx5WE1BYmNEWWUtbVE?oc=5
월출산,기타,월출산국립공원 ‘어린이 숲 학교’ 9일부터 참여자 모집,1,1,영암열린신문,2026-02-04,2026-02-04,https://news.google.com/rss/articles/CBMiTEFVX3lxTE9VVzY5VUFFdFFvcjNwWlVNajROZXpnOV9fdzVHbHRrWWF4YzVIaFR2bDU3WHdBQlF2UDlJWTh0TGRWNjBSZ2NhUWZYdEQ?oc=5
설악산,구조활동,"왜 하필 '노모자이크 시신'이었나…설악산이 ""구조비 청구"" 대신 충격 요법 쓴 법적 속사정",1,1,lawtalknews.co.kr,2026-02-03,2026-02-03,https://news.google.com/rss/articles/CBMiWkFVX3lxTE1WdjE3WUdvQ3E4dV9rNEFXQWttRmlpSzRsVDRkeE5QZHFnRzVIWTdYblljV2R2S2dxX0dhc1IwbERPX0lqXy1RSjNjc2VlS3NJOVNjXzM5MURLZw?oc=5
(전체·공통),재난안전,"대한산악연맹, 국립공원 이용제도 개선 및 산악활동 관리체계 선진화 공청회 성료 - 조선비즈",1,1,Chosunbiz,2026-02-03,2026-02-03,https://news.google.com/rss/articles/CBMiiwFBVV95cUxPS25UUWJ2NW16NnRQYTNDd21XLWdvYVBybEhkX0ZMd1pqR3AyVkZBc3J6NDYwN09TbHpjQ2s0TXpWMDM4aFRYX0NnTjJtcV9DZkxiMlF4X0p6Nlg1c0ZrQjgyNWJVTElxR19hRFloVGRRSWZjUkhkMW5oTEFNR19BbFRwejBxTkFTMzJ30gGfAUFVX3lxTE85TE1laS1ST2RDT0pBX3BwRzdnajdrZ0RqbC1kRzlQMWtRZzlxN2dsZTdUa3RCUlJZR0ZaZGVTUUR3dGJ1WUVEMVQ1ajZIckV4QndtTFdxZG8zRkRLX0RnbE5KMlY1TkVURDNIS0xyUTZfb3pBWTY5eWkycVZIR2xfYTlfSUNiQ1lvYURGc3pYcmdYMFV6Z2tITDNMNmVubw?oc=5
팔공산,탐방시설,"팔공산 국립공원, 이제 유튜브로 먼저 가본다... '스마트 탐방 서비스' 시작",1,1,BBS불교방송,2026-02-02,2026-02-02,https://news.google.com/rss/articles/CBMia0FVX3lxTE1zZzZTN2FYV1ZXMUxOclRyQU5HbmxXbFFDSUQ5cVJmb1lpN2NsWldldExIRS1JN09zVWRkc2Nod1l2NUE1UGxUNXhMUTh4T1VkbzRFRE1vRmYtUENuQXV6LXgtNXN0c0ZZbzdr?oc=5
태백산,탐방시설,[포토뉴스]리얼한 태백산 눈 축제 개막!,1,1,강원일보,2026-02-02,2026-02-02,https://news.google.com/rss/articles/CBMiWkFVX3lxTE52YVpyb1l4RGNla2hid2w2Y1hzd21uc0pQSjBicFZPS1BRSE5idTVlRkZyTzM5QnpqTlJ3TTRuVk1SRVpOUExvSGdOMWxrQ1hrYVM2NmNxbGw2Zw?oc=5
태백산,탐방시설,[월투 Photo] 불빛 켠 태백산 눈축제 '말 눈조각',1,1,월드투데이,2026-02-02,2026-02-02,https://news.google.com/rss/articles/CBMib0FVX3lxTFBrbGpxYkoxcjdkYXluUEZLX1VqcVdTU3FFcWdzaUdlOEQ3cS10dWJ3QWRfUzBMRmxTVFV4MUs4NHdRVjBZS0VCNDdFWmdJOHpNUmc1Sl9vSDFXMDBQRHVFZm1sNWE2S3RGMXJGc3NJQQ?oc=5
지리산,기타,[단독] 지리산 국립공원 물공급량•홍수조절량 ‘최고’⋯ 공원별 경제적 가치 극과극,1,1,브릿지경제,2026-02-02,2026-02-02,https://news.google.com/rss/articles/CBMiWkFVX3lxTFBTVkN6V1ZVMHl0eGFRNjcydkNHdUd1dVlLQzZ6RFR6LTJpSmxhODAtS3lQZHJ2LWhDRDV6SVBZY2NhNjhMSEJodGVDM19qc1BYSzVCR1FBeWFKUQ?oc=5
소백산,기타,'빙어 낚시'하다 걸리면 50만 원…소백산 단산저수지 합동 단속,1,1,v.daum.net,2026-02-02,2026-02-02,https://news.google.com/rss/articles/CBMiT0FVX3lxTE1sYm5PM3I2QV9NLUxkUVc4TU5lS3p5ZG5jVVJoYWEzRTF0Y3d6b3FMSjIzVlBqTG5mQk1ITE5sczQ0Y0phclpNSjdsUzVocWM?oc=5
금정산,기타,내달 새 문 여는 금정산국립공원 ‘반의 반토막’ 인력으로 개문발차,1,1,부산일보,2026-02-02,2026-02-02,https://news.google.com/rss/articles/CBMidEFVX3lxTE1Hak96T2NEb0g1dnJkNzVsczlleHl1elRSWmJtOTR5V1RyMjRJbTN3VW9GS2JlZUNUcnY1WEF1a25TZV9FLWdhMnhWeHk2aTd3YWU4WXo5Y1VMaExjMlZGS0tnTm1zN0V4N0hVcG5Ocmowd1Mt?oc=5
오대산,자원보전,오대산국립공원 내 습지서 삵·참매 등 멸종위기 야생생물 보금자리 확인,1,1,강원도민일보,2026-02-01,2026-02-01,https://news.google.com/rss/articles/CBMiaEFVX3lxTE1OZHB0R21jUkdpZFZ3dFdFV3gtbUhTcUtaTnowTldVajNUYnZBUlZaTmVfNzV2ZEtWaUFVS08wSHVDTWRyZnE0THFjNUdXRjRBTEozUXNUblNCb29TdktzRmc2ZEtaa1g3?oc=5
경주,기타,"경주시, 교통사고 5년 새 43% 감소… ‘안전도시’ 성과 수치로 입증",1,1,에너지경제신문,2026-02-01,2026-02-01,https://news.google.com/rss/articles/CBMiW0FVX3lxTE1VVGpBaGt5TWZySWdPVjhyZ3lySTViSmdaSHZDSW1ZNFJ0cUQ4TGlkZ3JfWFVQR0pLejk5SEZ3Wjdmend0eHhiVXhkZi1yYTRpaU8wci00b1Y3R3M?oc=5
태백산,탐방시설,"""태백산 눈축제: 낮부터 밤까지 반짝이는 눈의 향연""",1,1,공감신문,2026-01-31,2026-01-31,https://news.google.com/rss/articles/CBMiaEFVX3lxTE5PeDBRS0JUQ25GNVBqQk8yNzJNY0dOakxtYW5nQS1GVG80RWVKdVhSQTU5NDJPWnJlVDZtWFpucWctUUI2VHNmc0lRZktlMXV1SzlzMjBDeFJpSHR0di1PQ2RqWTc2Vnh0?oc=5
태백산,탐방시설,"2026 제 33회 태백산 눈축제, 올겨울 진짜 ‘눈 맛집’은 여기… 강원도 당일치기 여행으로 딱!",1,1,여행픽,2026-01-30,2026-01-30,https://news.google.com/rss/articles/CBMibEFVX3lxTFBGbjN5OVBrY2NqeUNralgzTXVCd2pUTFBmZU5jUGpfNjFQOHhEVVhOZFZIdndvdmFzQWQ2NExKSTNQV2ZfMWhKMk8xNFByTkhLd2JHanNRYWhBbzIzZFBfV0JpZEFKNThJY0hKaQ?oc=5
북한산,기타,뒷산에서 국립공원까지 [도시 종주 안산~북한산],1,1,월간산,2026-01-30,2026-01-30,https://news.google.com/rss/articles/CBMiZkFVX3lxTE9wLVU5TE1BUE1XNlJickZpZ1VqVWdiendwWXlCSkxYWUV1SWxOc3FnaHM1V3JTdHY4eGpwNi1ZVjNGNGM5ck04MVdOSkpDUDR5dEtFTFVNYTlBSWFXdTF1WVI2Z043QdIBakFVX3lxTE1wbExOalotZUhrSkFyMGk0Umo5NnIwek8yNGpvaU5LTjZpemo5Y0F3RE5SbDFjZ0s2cHA0N2RQMWNXUjdoLTF2bHAtNkJLdi01dWNGSE5JQkgwN3FYT2U3ZjFUTXA5MnRsanc?oc=5
무등산,재난안전,"""무등산국립공원 산불감시원 모집합니다""",1,1,퍼블릭타임스,2026-01-30,2026-01-30,https://news.google.com/rss/articles/CBMiakFVX3lxTE5fYU5mMTVmdVFqcmhVN216WlBnZy1rcXVJMkFfZW5qVVpxWmNuVU1Rb0lCYzlXREpmWVJndm5vYjRJamRLTkpLQjJvZE4xejVtQjZZYVFDa09QWmNPaUVPZC1EZ2U4QkFSNmfSAW5BVV95cUxQdlBqTVhNM3lUUUc4Qk9qM2dMdnFQV1VKQVN0S3hEcnZhT01WM2R4ZXA0UWlseVFmbmp3NEl4cmViS2dZaGJoS3prbTlRUWdrSWVBZUxLVzNWZ29hb3RWOXltN2U4REtyYmppVHVpQQ?oc=5
금정산,기타,금정산 국립공원 79%가 사유지…가격 3천억원 규모 추정,1,1,연합뉴스,2026-01-30,2026-01-30,https://news.google.com/rss/articles/CBMiW0FVX3lxTE4tRVVBMjUxMjd6TjJ5VEpTN3J1V0V0MlEwNjMtcXBrUmtGNnNvYVZNTHdQakxaYjEydnd6X3Q5cEdFWlpPX3VLN2VSdEsyVEZSRmZiTDVYcm9aa0XSAWBBVV95cUxQSVNaOF9kVldGUGN4OThJMWtnajJKeGRTUE1McTRwd2dRcXlqQ05GTU1lbGdDdHl1OTFucFFUM1V2SVBpTWJoNk91c0NUaHNTLTNGRFdWREpRS1RBLXFwMno?oc=5
무등산,기타,시민들이 사들인 무등산 35년···5만6000명이 축구장 75개 면적 지켰다,1,1,경향신문,2026-01-29,2026-01-29,https://news.google.com/rss/articles/CBMiWkFVX3lxTE9VRVdUemR6RlNCYUhCbTgxMlg5eDF6cGRtaTFsZ3k4d2xwWUNJR3h3LUdxZi0ySnZ2czk5d3ROZVBWMXhZNEswakhOSjRVcXNsTWl3dmNMYTNjZ9IBX0FVX3lxTE1sZDBCMVlyR1JjYjIyYkJrZkxaSmxMM1lXU3VpUWQ1MmdTQUpLaVF2dXpGYnhTbUpCOE9VeG8ydjhUREtZNmp2UXRFbFd3XzFNcjRvdzMyZkw4SThHQ1Aw?oc=5
태백산,탐방시설,"강원도 대표 겨울축제 태백산눈축제 가이드, 프로그램·교통안내",1,1,localm.kr,2026-01-28,2026-01-28,https://news.google.com/rss/articles/CBMibEFVX3lxTE5mb3YtRUl6M2o3M0dVbFJrZjROdU9RWURCYnpJaGVyd25WYkxxYmJaSEQyOHpHWXhxQzEzN1BnSDBLTzVvaFliMGNvOUZXTUhBd2d6dEFJNFYzVXJRSU81UjNieG5pRlNaN2c5Qg?oc=5
한라산,행정,"[심층기획] “눈 쌓여도, 물 터져도 한라산에 아무도 없다”…여전히 ‘무법지대’인 한라산 무능행정",1,1,일간제주,2026-01-27,2026-01-27,https://news.google.com/rss/articles/CBMia0FVX3lxTE43R1lfRnFpRE10TXIxY2JvMGJobHRiUUstaVlSeGUzc296NmxXN1J0MnRLUkRDMmlZRXdOOUx4d0lrd3BEelBvalItSFZxV2NXWERYVlJ2MWM1Q3lnX2NDUHFaNEZaVUdhdm5F?oc=5
무등산,탐방시설,무등산 탐방로서 ´1t 바위 추락´...˝인명피해 없어˝,1,1,무등일보,2026-01-26,2026-01-26,https://news.google.com/rss/articles/CBMiTEFVX3lxTE5UVHVTd0NLLWJIX3VwN3VCZUdBcmNzdWljb1JQc3FSTGZoN2R3YWo4dHpWeXdXTi1UelZYODFCQTA0Slh3S2ZmZTdTZ1c?oc=5
북한산,기타,"쇼핑 후 북한산으로…'K-등산' 빠진 외국인들, 작년 국립공원 87만 찾았다[세쓸통]",1,1,뉴시스,2026-01-25,2026-01-25,https://news.google.com/rss/articles/CBMiYEFVX3lxTE1qOTF2cDFSR3BleFVaeHBuS3hRbmZxVHBlUkJVV2d4X3BkdnZUdXVIVEtSdUljV1FjRFlES2tUdnNjUnFJSzIxbnJFemE4V19vT1BCYlBTVzJnaDhoT0RUVtIBeEFVX3lxTFBvalVIa0txbU5DcktaRzAwY1hfZzMyVFY1V0FELWhaSFlUbU5oZnhHYjhNNkVNam5vb2MtSjNUTVlEMHVON3lkMXVzZmI2N055Vy1sdTJmWFN0UUc3amtjQUdHa0h5UlFhMXJLbUF4UHB0MEJpajJDTg?oc=5
설악산,기타,“한국서 제일 위험한 곳?”…설악산 ‘유리다리’에 430만 명 속았다,1,1,v.daum.net,2026-01-21,2026-01-21,https://news.google.com/rss/articles/CBMiT0FVX3lxTE04aEhkLXp5NjRuREZDLTBXNWxjaVljUlhILWlySUFRZEhKVHNxanlHRWN4TGxlaEpoWm94Mk1STHBJaWpLSEdLTzBNbkZJaEk?oc=5
설악산,기타,[영상]'설악산 유리다리' 가짜영상 조회수 폭발…문의 빗발쳐 업무마비,1,1,연합뉴스,2026-01-21,2026-01-21,https://news.google.com/rss/articles/CBMiW0FVX3lxTE96ZjJjaHZKZ2VvaTVYWmw1N1doQzhBR0JfcWZCakhDX0E1TFY0VTBxdVdvQ2V2NlRKRVNkVmNSeWs2TTdBenk4UUdXbVA5WndEQmY0QjMybmRTZlnSAWBBVV95cUxNakV6T2ZfM0JEMERVVXJ3UG1HQ3lPN25YdEhOLW4wZWVhWUREdG9CTUtlb2FHUlkwVWpYa1N1RzRvQVAtSFdhSGZQd1Zta1poT1BHRzdYQ19kSTdXZy0zOTE?oc=5
설악산,기타,"""설악산에 유리다리?"" 전화통 불났다…가짜영상에 사무소 업무 마비 - 머니투데이",1,1,머니투데이,2026-01-21,2026-01-21,https://news.google.com/rss/articles/CBMia0FVX3lxTE04VGN2THVZTDdQeFQzWWZrUEhOUmp3R2V6cGpncEJXSGxVS1ZteEdiQWRoMUJDbWFnZXU2dzAySU1KblU3ajhfVHRMOTNtRGxTVGNtb3p1U0tVdEY1SGtGZ25yRnU4TGE1V0s00gFwQVVfeXFMTjNXVFRLQmVBc3plZjA4MTF2RldPU3otYXFWT1V0SFlTWS11Snc2TFV1eUIyMFFvVnFfWjJ6RkhzdnlfUGlwUTdpQmxFN2dzZ0ZkS0VjME01T25aaFo0V29wN1oycFpJRGdaU3JsRkRDMg?oc=5
설악산,탐방시설,"""설악산 케이블카 백지화해야""…시민단체, 양양군 항의 방문",1,1,연합뉴스,2026-01-21,2026-01-21,https://news.google.com/rss/articles/CBMiW0FVX3lxTE5GZzVRTWRZTzN4LTJLSW1aOUdSckhaSFpmRVdpdjBfVXFUSEZoblN3LUg2OElfNnl2T0lmQU10WVNnd1RGYmItR1E5NmRNaklpc24xNUFBSnlia2PSAWBBVV95cUxPVkJMaklDWFhxR3pnTl9Fbk9oYkJlTjhqSC1oWklPeWFpakdIRU1TYnZyWnhBU1FFVjZSRjFIWjZ5LVVUeDBFSk12cGJBSElsNHUta3doOWk0Unc1VVotcFU?oc=5
금정산,기타,"[인터뷰] 이준경 생명그물 대표 “금정산 국립공원 민관 거버넌스, 해법은 시민 주도·재정 결합”",1,1,부산일보,2026-01-21,2026-01-21,https://news.google.com/rss/articles/CBMidEFVX3lxTE9pOTlBdzEyYk96dU9fZHNDUjUxa2xvR05RVWFuaFRGdHVNbFBEaDh2aEF4YzRGSFZWdVh4N0pjMkZ6M1NOeXN2QzF5MkJ4TmlRai1kME1qV3NMdXd2VDlGb3JTdTVEY3BaQmdid0J1bFNEdVBl?oc=5
지리산,기타,"유명현 전 본부장, 산청군수 출마…""우주항공과 지리산이 결합한 하늘길 만들어""",1,1,뉴시스,2026-01-14,2026-01-14,https://news.google.com/rss/articles/CBMiYEFVX3lxTE54MTdhZ1NkZkJaN3dZZWI2cEM4anEzQ093amtSZW5kNDNsSXhURVQ2MXpHRTRDQm00WVhIaWt2ZnFHNVdFaGhCWlE5WjZEbVh3Y3BubTNLdEVTVnBvbVNSStIBeEFVX3lxTFBlTmZuSldyWXV4TnRMREZtNkk3aWRDUlRwSHFxMGR6ZnY5d1dDVl93aUh0SF9lckZMV0x6eE56YXBmdldNcEgxQkdrbEZyc014WC1ra0o2b2JDREFJQWpIQnhtUFhCcXlYQnJIUEFQNWMyWGQ1ejg4MQ?oc=5
오대산,기타,오대산에 '디지털 외사고' 들어선다…194억 들여 2028년 완공,1,1,뉴시스,2026-01-14,2026-01-14,https://news.google.com/rss/articles/CBMiYEFVX3lxTE5laUFobEplX3lwdVRNSzJIZXk4RERYUGlwM2tGZUZzWENDZmp2UXFwejFEV2dZZDdsYlo4bWh4eUc0emV5X0RzMVotVXZTaDN6UjNyMS1VZVJUTjhOMS1LadIBeEFVX3lxTE12eG5XbDQ1ZGpSa3piUzBkQ1k2VzFNR0V5LTVpb2gxMlBiYngxa2NJY01uVHBKQWxoM2o3MlJpM0w4V0ZCUXFrRThwS0JGbXJBcWdwUmlPaEQ1SUFtbUFFR1lGTW94d1NHc3JjeWpES0dabnlDblJNZA?oc=5
덕유산,기타,시리게 아름다운 덕유산 눈꽃,1,1,문화일보,2026-01-14,2026-01-14,https://news.google.com/rss/articles/CBMiUEFVX3lxTE1ZYWNKdndlYkJIVmY0dkR3c0pRU2trN3hBWDF0eTBGSzcyc21hbk5KMVROdGMwRjdDQ2ZYY3Y5YW5SaG82aExZdW1ac3VlMldK?oc=5
금정산,탐방시설,금정산국립공원 연내 주차장·안내체계 갖춘다,1,1,국제신문,2026-01-14,2026-01-14,https://news.google.com/rss/articles/CBMijgFBVV95cUxQV3NmaVdZaWprSEhrRVFudTU3OWJYN1d4VWh4b0NHOFhCSkhnY2pKUHNmVHZyVi15Sl9mVjlzT3pYUEMzeURmVDVfcVFNLWhYb1FWS0ZHT3Z6RENabHFZNy15cWhzVXI0azBLOWVWUTBwUTZMSFA5amVQRUFpc19JM0J2OWtDMXRyQVZuX0FB?oc=5
한라산,행정,[논란] 한라산국립공원 불친절 논란 재 점화…“이젠 인사 페널티로 책임 물어야”,1,1,일간제주,2026-01-13,2026-01-13,https://news.google.com/rss/articles/CBMia0FVX3lxTE10ZHRWSmU4SVlTN0YxT2h4MHpPNnA4N3dfd1h6Zm51RUdHdWc1aC1qZmZCRGhweVJVY2VqcVBudnRfc01tUmV2RnpXbl93N1dfWThXOFZPRGlnUlA0cEJILWcwM2VmRUlMOG9J?oc=5
한라산,기타,“무료 입장인데 풍경은 어마어마”… 한라산 5개 코스 중 '압도적 1위' 차지한 곳,1,1,위키트리,2026-01-13,2026-01-13,https://news.google.com/rss/articles/CBMiVkFVX3lxTE9lckRJSnUtT3h0Vy1EQ3pKOTJsWWxSYmhWaFN5aWNOY1hhcEY3alNJT2xKRDIxcngxVFB5VWE3a0hOZEh4NGpIUFl5RjZWTTZrcjRraVhR?oc=5
금정산,기타,"김태식 북구의원 “금정산 국립공원, 북구가 중심돼야”… 힐링숲·어린이 천문대 유치 제안",1,1,sports.donga.com,2026-01-13,2026-01-13,https://news.google.com/rss/articles/CBMickFVX3lxTFBVSEVGRlZPd2hiMVVuYlpnYXJZdFJhLXl3al92MXdVb2ZvM1QtcWVTdjE0cDNYdG80WHZCM1MtYU05aDZCd0xBMzNsOXhMV1Fvb05YTGh2UVY4YXB3SzB1TnpVMDljb2UyMkw1dzBldFdTQQ?oc=5
무등산,구조활동,[무등의 아침] “슬리퍼 신고 무등산에?…겨울 산행 안전사고 각별히 유의해야”,1,1,KBS 뉴스,2026-01-09,2026-01-09,https://news.google.com/rss/articles/CBMiW0FVX3lxTE9FbmJwRHFtblZEQzdNUmR1NEpRbDR4OTc0ZUpCNTlOOTM0R1B5MllNeXZJQy1STjRTajJ0QlpjNEZvQ0VsWnZ1THlhcmMyRjRpaFZuYUlud3JOdG8?oc=5
태안해안,자원보전,태안해안국립공원 생태탐방원 조감도,1,1,OhmyNews,2026-01-08,2026-01-08,https://news.google.com/rss/articles/CBMieEFVX3lxTE9TYlRhR1U1MG1wWFZnR29OcHVWRDdUNkNheHY4eVNFTkZXOWFZTTVnUmt2NkNwdDJNX1JkOG54ZlNwc1FQaDAwQkhkYWF4YkNmUHZJUG9NVl9YaHJoS0g5RFQydkQtT2luMjlCWll1QndDcVo3UVlhUg?oc=5
속리산,행정,[새인물] 김철도 속리산국립공원사무소장,1,1,동양일보,2026-01-08,2026-01-08,https://news.google.com/rss/articles/CBMiakFVX3lxTE9kM3duV0luVnJEdThtdm1FZTRMMGQ1NVRWdW9jQWxpZHBtRzhoN0FsMUxyOE9UQWlUTDYtTEI1N3dmanNOdllhUVdNVENfc1ducWdVakp4dEpnUi1tVF9XNXk5eGlwcjRqaVE?oc=5
한려해상,자원보전,"한려해상생태탐방원, 지인주 신임 원장 부임",1,1,통영신문,2026-01-07,2026-01-07,https://news.google.com/rss/articles/CBMib0FVX3lxTE9ReVREMUNpMmw4eU92VlFpdGstTXdnUzhIaTR6NUhOcTlhUXY5R2pqSUtHLTJQSUdOVlJzbHRKRlhwNG9LbHlOQnNXZ2dfQUtRWkJPckRYVzZBaUdwb0hJUzBqZWNmWmZFT1VjYmVjb9IBc0FVX3lxTE5CWFdZemhjQlF6UmdpaXEtYl9EWnZySjJRWl95b3FSbzkyVjg1RF9CVTQ3c0Z1UF92RC1oY2xTX1JsNm1Vc0dYSGpBeUdyaGZPcGxYQWZLNl9FZjNMZ2hnSTlmYkJMX2VGQ18zQlBmZXU2b1E?oc=5
금정산,기타,범어사 왜 이러나…'노포시장 농지 이어 이번엔 금정산 자연계곡 GB 훼손,1,1,투데이 부산,2026-01-06,2026-01-06,https://news.google.com/rss/articles/CBMia0FVX3lxTE9jeXJsblBSd0tRN2d4d21YaGRiVGJtdG13Sk1uQVZ0bWhPN1MzcnFmVWNiRTNLMTFBQm1GYURwNUJaNjNSSGQ0QzFzWGNubmVnbEdtZzFBSElhbHdCX3M3MjZpU3dWcmlDR3k4?oc=5
태백산,탐방시설,"태백산 눈축제 31일 개막…포스터·로고송 제작, 홍보 본격화",1,1,연합뉴스,2026-01-05,2026-01-05,https://news.google.com/rss/articles/CBMiW0FVX3lxTE9kQUJ6Q0RHVG53dlRyV2JRRHBoRmE1ekQ1cC0xeFYwWGhFSkg2eW12OHM0RjZTX1QydEZITEMzTUliNzUydUhHd1Jud3BwVkF0TFBtRUFNMDVsMEXSAWBBVV95cUxNZXEzN1NtREdUZmQ3M2pnTzNWbUZxbEFuLVZFX0RoU3hQbS13OFpFSGxVNzVBNE5uM1o5RlFqeE8wM2prMFYwSjdwSHFzNkRyY0tfZldpQ1NhTlRmN3E0S1o?oc=5
한라산,기타,"한라산국립공원, 주차요금 전면 인상…시행 하루 만에 민원 제기",1,1,제민일보,2026-01-04,2026-01-04,https://news.google.com/rss/articles/CBMiZ0FVX3lxTE4xblBIUFZMWl9jWi14OVBHOXFrZjI5UkozRFFvdmlJZGdKWnMxMkZjQ0pjcFJqQ1loUGhqZnBZZ1FNekxsTW9QOHphT1RMcXAtZnJfSTVpYzhOTUVxcHpIdmlNaXVtdzg?oc=5
북한산,기타,[단독] 멧돼지가 등산객 기다릴 정도…북한산은 이젠 일상 [영상],1,1,중앙일보,2026-01-04,2026-01-04,https://news.google.com/rss/articles/CBMiVkFVX3lxTE9wMmRUWFl2UnN2dEphUHV2VmlkWHFQM3l4RmFVWkc5R0xXdXBEZzJPWTZINkw3QjZMY3Izc1pCRm9KTXRTVkUtR05qdkoyUUJYNHV2V05R?oc=5
태백산,탐방시설,제33회 태백산 눈축제 개막…‘REAL 감동’으로 겨울 절정 연다,1,1,localm.kr,2026-01-03,2026-01-03,https://news.google.com/rss/articles/CBMiZ0FVX3lxTFBHdXVwVzFYMDlaa1pPeDNiV3dMMzd6eTBTVldZSGhwNkNpcE9tLXVuOTJBZzNXdm9xd2JXTTVMck0tQnI0RUVGbUhxbElsRHR3Z1ZWZXN1LWh6ekNkY3pZbVRHdkdSTWc?oc=5
설악산,탐방시설,"설악산 오색케이블카 문제, 이제는 마침표를 찍어야 합니다. - 설악산국립공원지키기국민행동의 캠페인 | 빠띠",1,1,campaigns.do,2026-01-01,2026-01-01,https://news.google.com/rss/articles/CBMiS0FVX3lxTE5UV3ZQeU05Ni1FTi1fcnBTUUxaODk0b1F3cTVIaUJsRV9pc1dfdWVzcEhZUERKZ2pKcFIzLWVELXM5SllVNENrM0p6UQ?oc=5
무등산,기타,"""힘찬 말처럼 앞으로 나아가길""…광주 무등산서도 해돋이 소망",1,1,광주데일리뉴스,2026-01-01,2026-01-01,https://news.google.com/rss/articles/CBMiaEFVX3lxTE1SSzF2SWVsaFdid3lERGM1dXBLRWJPR2JzOHBNd3hOU1V0ZzJRMU1nbFFjV0FWbS01RVBXajJ0WFFNRWNObkxIcEUza2JRbTJqY2x5dmdiS2JnMHRBTDZvM0JVUDVQNkI5?oc=5
팔공산,기타,"""병오년 첫 일출 안전하게""…팔공산국립공원, 새해맞이 안전대책 총력",1,1,BBS불교방송,2025-12-31,2025-12-31,https://news.google.com/rss/articles/CBMia0FVX3lxTFBFeFJOSm9DX0Z2MkpWMTNGdXI2dXhMU3BUTjhHTzgtMjA3bklYazA3U3poSVVZVXYzblpwMzd3SFJsTFZjbjU4cGJaUDV6N3FQZ3R4NkV2ZHQzLWZEV2V1dkdlbmtKWW5zd193?oc=5
다도해해상,행정,"국립공원공단 다도해해상국립공원사무소, 김보영 소장 부임",1,1,목포타임즈,2025-12-31,2025-12-31,https://news.google.com/rss/articles/CBMibkFVX3lxTFByNVhPalFUcnJ6YzExMU83Tl9FY3ppUlRMbzZhaDR3UXhicHV5ajVSX0JrbUJvem9iRmk1SXNXdEJ0VlVkOGFMRVpVNVJ4VDJ5d3JPSjhpZGx3blZmSVpGOXRGeno2WmJVcXZEbS1n?oc=5
(전체·공통),탐방시설,불멍 가능한 국립공원 · 숲속 야영장 있다 [불멍특집],1,1,월간산,2025-12-31,2025-12-31,https://news.google.com/rss/articles/CBMiZkFVX3lxTE1WeWVJbGVNTGtiV0p4S1FDb2owUXF6dmFHZjVlMWt0bDJhSllPYi1QcmJzV09FVWJYNWwxZE55b0JWUWt4dzFmVDQySklFM01abWVmU0dYMmo1NW1wZ0J5VTk2bDRuQdIBakFVX3lxTE1sVE5xeUs4aDBXMlF0NnJCbDJ2X2xDR3lkeThOdnVEckUxUTJTcU95STBWb3p0Z3h4NXJhU0ptZ2hmVTRGakZMd0lGRmFJRXItUjhaZndEbjNFV29NcmpaZFJaNWhnMHVmWXc?oc=5
설악산,행정,노윤경 설악산국립공원사무소장 내달 1일 부임,1,1,뉴스핌,2025-12-30,2025-12-30,https://news.google.com/rss/articles/CBMiXEFVX3lxTE9MVHBWOGE3VXFybk9PTFpSYy1nVXA5VlRkRTVFWTk1TkpGT055ckRFMHpCdGFjSlZqajRjVlhtd1NtNGRYbkctNkdXR0U5UnRSclJuekkybmFxb0tw?oc=5
금정산,기타,민·관·언 협력으로 금정산국립공원 지속가능한 관리체계 구축한다,1,1,세계일보,2025-12-27,2025-12-27,https://news.google.com/rss/articles/CBMiWEFVX3lxTFAwZy10Y2twY0thclRCRG9VRkNBTkt3d3B2LXpUZEVoa01vVTQwb1pGNm5WUXpNTjN4eUsyTzlJSWFVcFNMNmdXVHRxNEJ3QUxHbVp6S0NZbWbSAVRBVV95cUxQQjVaOUNhYXZKNTdmRUVDc2tsSmFUNEtwNWlkclUwUTdtMTJ1WHRHdFVvc2pZazVDLUxjWnZJSFlPVlE4ZzY5ZnVKbGRIdjJTRV9rM0U?oc=5
치악산,탐방시설,[장보영의 정상에서 쓴 편지] 32. 원주 치악산둘레길-한 달에 한 번 모여서 즐겁게 산을 달린다,1,1,v.daum.net,2025-12-26,2025-12-26,https://news.google.com/rss/articles/CBMiVEFVX3lxTE9YdzAyZnBuM3RhTkxRRlNtN0VYeWsza1NkdnVXYTI5RXZFR3Vud1RVcS03Y25FX0JjU2tXeHFuVlNCcGQtNFQ4YV9RVmZVSFJlV1NReQ?oc=5
(전체·공통),자원보전,"[AI 공공실험실] ④ 카메라가 살린 생명들…국립공원, AI로 멸종위기종 지킨다",1,1,뉴스핌,2025-12-24,2025-12-24,https://news.google.com/rss/articles/CBMiXEFVX3lxTE14YXJ4bGFXMmRDOG5NVzVXOFdzU2h6TllLd3NsRjZwOWFtc0JrQmNvRTEwMGgyX0R2OWY1d1BoNW5KUGluQzY0d29oc1NKUUExWmVzN2JqM3BEQmdr?oc=5
북한산,기타,북한산 등반때 이곳 멧돼지 조심…“안전관리지도 확인하세요”,1,1,농민신문,2025-12-21,2025-12-21,https://news.google.com/rss/articles/CBMiWkFVX3lxTFBDemtfOVNKenIxMzJxTFpzeHB0UnJwYlVQWU5LNGYyTkNOVHVyYnZsVkJOMWhCbFZEanAyNjlac283eWZIZ0doY181QS1HV2NndllmejNFRmRQQQ?oc=5
북한산,기타,북한산성·우이암 멧돼지 조심하세요…북한산 ‘안전관리지도’ 공개,1,1,한겨레,2025-12-21,2025-12-21,https://news.google.com/rss/articles/CBMibEFVX3lxTE5OSTdMNW5fWHJLU2oxOVByekwwWEp1Tmt5ck5GVlBrZzFVVkR6X2kwVXllQTVFRXg2Y1dtd0daVlhmUzhiQTNhWmVzUUF1THFub2lGaTRodU5WZFE0NFJodTdqSUc4dVZoNU1rSg?oc=5
(전체·공통),행정,"국립공원공단, 멧돼지 출몰지도 제공",1,1,아틀라스뉴스,2025-12-21,2025-12-21,https://news.google.com/rss/articles/CBMibEFVX3lxTE5fX3BXdi1nN3I3c2QteFFzM0dpVFlsdVdhcU1VdnlxVzNGRW5IZEltSjJLLXY1Q0pqVmd6c2Y5Yi0tWVhHeHlkQXUzbUFMYmtnXzVnTUJEQk5rOUNMdWpvUWpNM1NmRXJJM3BvVA?oc=5
팔공산,자원보전,"팔공산국립공원 서부사무소, 겨울철 야생동물 밀렵·밀거래 특별단속",1,1,BBS불교방송,2025-12-18,2025-12-18,https://news.google.com/rss/articles/CBMia0FVX3lxTE9TdXNsdm9YZkgxQ2wwZ2wtN3pUUklFeGw0SjJ5MDhZeTJUVkhzMVlJc3BiZ1pfeFdnUHo0Wld1NU1BMTdoNkxQYW5KeHkxZUF5a0dKTGN2T0Y3TkdEejZrd0xJeEt1a3lDbG5n?oc=5
(전체·공통),기타,"""겨울의 낭만, 산책하기 좋은 국립공원 4곳""",1,1,브런치,2025-12-16,2025-12-16,https://news.google.com/rss/articles/CBMiR0FVX3lxTFBhc1BVSUVDNzFZUDJ5ZUw5dl9YY3RYOFhrbGJmbHZSWFYxTmRGZEtDRGtmWGJ2UTBTd1c3Z0RvdEtZRk9WQXpB?oc=5
계룡산,기타,"전문가와 지역주민들, 계룡산권역관광개발 위한 방안모색에 머리 맞대",1,1,공주의 소리,2025-12-11,2025-12-11,https://news.google.com/rss/articles/CBMia0FVX3lxTE5JeXRWNXlGcjhXek5sekhPcGdyNjl1TzRMWFFOMU56WThGYU1rcGhoT1dXbm9oVWVNVmtreTBfM0ZQNktWLXdiWW9xamFVWFRTZXZVZGV6eGk2U2NVQ2lhOV81Mk5SVnBYMzZZ?oc=5
설악산,탐방시설,"""운영주체도, 돈도 없는 설악산 오색케이블카""...국립공원공단은 '어물쩡'",1,1,MTN 머니투데이방송,2025-12-10,2025-12-10,https://news.google.com/rss/articles/CBMiZEFVX3lxTE5KRVBMOWk0ajJNYmtaOE9BYjFuclZSZVlyMGx2UG9iZjVxd3BNeWo5M2pGZWN5Z0pub2NiWVZkV1hXcVhqYVhUMFZGYjRkWHFpa1c5YUdtOF9nOURiQXN5NkJfdnM?oc=5
한라산,탐방시설,새해부터 한라산 주차장 요금 인상…승용차 하루최대 1만3천원,1,1,연합뉴스,2025-12-09,2025-12-09,https://news.google.com/rss/articles/CBMiW0FVX3lxTFBMcFc4N3ZfbnlXSjIweXJwbmFOaFhPcEJYMFBUcU5GeGpPQVYzdlctN1BSVEo5T1NhWU5jOWNPMHp0ZFJjeUNyekcyRlZFNTRZRUhrUHQtOTBpdE3SAWBBVV95cUxQVy1CZFNVbTZudHNJc0dFNlN2R0dXcjQtS0hfRDFqWXlvaDBpa01OMjRxWVdsdnU4VHRTVjA2Z0dWenRNN2d5ckFadThXd21oQ1R3SWN2djg2R3NlbS1QYmc?oc=5
북한산,탐방시설,"""북한산 영구적 훼손"" Vs ""사고예방 위한 필요악"" [북한산 잇단 데크 설치]",1,1,월간산,2025-12-08,2025-12-08,https://news.google.com/rss/articles/CBMiZkFVX3lxTE9MZkJQVXM2b1BtNWZWTUtMMjU4MU00dXlLZ3hVZXJDNjdPWDVnMTUwOGNoa0ZCRm95MnVvUGRORFlvbVM4SlFnX1ZIeFFGZzNRVEJveDk1ck9XaG9CWGc3bEh0Tzh6Zw?oc=5
태안해안,기타,태안해안국립공원 해제지역 합리적 활용방안 찾는다,1,1,뉴시스,2025-12-07,2025-12-07,https://news.google.com/rss/articles/CBMiYEFVX3lxTFBzcktOVjNMRHBrdmRFS2ZWaUNYMjNldGNuazFrcjVYbVlLTGRqbGpjSDVZN1hmM3hsM0lRSHhRd0JKMHYybzZoZWxQVEZHWHR6Y2xiTzJmQzI0S3lMT2xSStIBeEFVX3lxTE4wRUQ0NnRGNVA2VnNqc2t6SUVSOTBFQm9mRkc4VnVPRGw0TXpTQ2VOZ3RwSDUzTXFEbjAzZEVSYl9rZ1RhZmdXTGt1MWpMQU1FQlcwYS03R3Y1NVlhUHdwdEVKLXdKV2p5c01zeWU2SVZjSV92dVhaVw?oc=5
(전체·공통),기타,"국립공원 겨울산, 화장실이 품은 이야기 [왜냐면]",1,1,한겨레,2025-12-07,2025-12-07,https://news.google.com/rss/articles/CBMiZ0FVX3lxTE5LR2wyWHhUNnJPTkpnRkpGNlk4ZC1jNjdURjZRMkltMFZUb21oZ0pMZHZ4RlNReWItV2ZSLW0tbW5laWtFUXVmNkFvb1NzamtaWnZWcHRULVVVMHp3eDZYNTF3NHZVc1k?oc=5
(전체·공통),기타,"""국립공원에서 벗어났지만, 현실은 더 나빠져""",1,1,OhmyNews,2025-12-06,2025-12-06,https://news.google.com/rss/articles/CBMid0FVX3lxTE1xRFg0R2UxUkI1dG9zZWRUOGtNd1kyX0MzMk9nQjB4ckhFZXpDOTZTQXdSUWdsMVUyZVczQTZBN0hiQk81YWktVzR3NW4yeEk0Y0ZWb19NZ0lsUmJ1bUtJNDk3cVFRQTNNakFLNFA0V01WMk9BVncw?oc=5
한라산,기타,"""한라산도 제쳤습니다""... 등산객 만족도 1위에 오른 의외의 '국립공원'",1,1,ardentnews.co.kr,2025-12-05,2025-12-05,https://news.google.com/rss/articles/CBMibkFVX3lxTFBWbng5RXFPQ0dHUEtpZG10Q1ZYVUZSOXEwdDVGN3JUaF9wMGlIMkxmdmVDZ1RaOUhvYlllUnNMNFozRlBTX2ZESUVXb2ZwcjhTLUw2VE1zSVN1RXpMcVhOUlFvRmpsOHlkMjNTN2R30gFyQVVfeXFMT3lQeVhfbHBjX2lxbEc2VG8zMEtHbVU3TnA4T2NjSS1DQTB0VFRXOEJjNXYyOUl6dmtTdF9jQnFTdkNJLTBIYTJFTkVld1NGRVRNVzRQT0F1dEZaaEtKLURhcWZxRFk4UG91bWNaaHRxa0Vn?oc=5
덕유산,탐방시설,"무주군, 2026년도 국가예산 신규 사업 대거 반영....덕유산국립공원 생태탐방원 조성 등 핵심 현안",1,1,전북투데이,2025-12-05,2025-12-05,https://news.google.com/rss/articles/CBMiZEFVX3lxTE5WN3hDOGtDblFySzVINkFtUEZKMUNkbVJqVU00bkhDTjdPRWd3UkM1Zkk5OVhYckoyWHYwUjg0Q0NfUFAxclBzT0JUS3lnVGRlUHBQOGlHb1UwSTk5RWR6b2pEX2c?oc=5
계룡산,자원보전,전국 10번째 생태탐방원…계룡산에 둥지,1,1,KBS 뉴스,2025-12-05,2025-12-05,https://news.google.com/rss/articles/CBMiW0FVX3lxTE90bWN0cFBBWHFwc091M2cwSmhVQmxUM1A2OTV2UEh2NG9FbnVtZlp1cjNCRlNjQnZBa1NGS3oyYUFNandzTXVZSGozcDRKS1RoQTc2OG5rN0tQZG8?oc=5
(전체·공통),자원보전,"롯데케미칼, 국립공원공단과 여수 금오도 해초지 복원···해양 생태 협력 나서",1,1,스마트비즈,2025-12-04,2025-12-04,https://news.google.com/rss/articles/CBMibEFVX3lxTE92SkZOZ3FMVWNhN3NMLV9ONTY2cHlNMzZETkJIa0NLS1BMYy02ZVptRXRjWFl3TzdZaDRUM1FuSFlScTl6QUFsM0NQOGxpUEhvaHNSR1c4eTA1THJ0WUtMNl9sS3puZEJ6MDI0Ng?oc=5
월출산,재난안전,"월출산국립공원, 26일부터 결빙 위험구간 통제",1,1,영암열린신문,2025-12-03,2025-12-03,https://news.google.com/rss/articles/CBMiS0FVX3lxTE9ndjRpVUJ5dkJ4cVRjRkM4UFFpaVhlMkNXVlZiZzZid1BQZXFGM043UHlMSUd6eDZBeXpPbi02dVpmWmxTN011WFB2NA?oc=5
무등산,기타,[포토뉴스] 첫눈 쌓인 무등산,1,1,시사저널,2025-12-03,2025-12-03,https://news.google.com/rss/articles/CBMib0FVX3lxTE94MXVscXdjVm0tRTZKWERkMktvRzJnUTlqT0xZX1R1R0t5NkxxV21Bb25vVWJnX2FHNXlmWmZseUVhODdHZGZXaXd4dWo1UmRjRE8yMl9GQ1JFT0hybGRCXzBFekljc1FlRlF1MWoxTdIBc0FVX3lxTFBBVlgtQWw2XzFtU1l0aS0wcURONmNnZWVQaWduXzdfckF4Yk5qSjRrWnVZNDhWZy1vc0VNVGJqUTlOY2p3ZTNQT3ZWWU56d2t2QzlCV0ZzQU8wd3d0bHhFZ0VoQWpIaURFWUdpWVN1bG10ZDg?oc=5
북한산,구조활동,북한산 절반이 道 관할인데…서울엔 있고 경기도는 없는 ‘산악구조대’,1,1,경기일보,2025-12-01,2025-12-01,https://news.google.com/rss/articles/CBMiW0FVX3lxTE1mQVU4eHFJSE9ROW13X1VCMEVKd1JFZHNnakY5SzZfTFBwTDZPaXh5QVZJS2dmOG5MSUt0YnZpSW90LW1xU1ZyRVY0OFdjaGlJVXl4bVhkWUktZ3c?oc=5
금정산,기타,하루 1만 찾는 국립공원 금정산 멧돼지 활개… 부산 ‘총기 제한’ 2년만에 풀릴까,1,1,중앙일보,2025-12-01,2025-12-01,https://news.google.com/rss/articles/CBMiVkFVX3lxTFBycm51WHJJcDFIbGtPd2lDZzVaSlFWZjdHbm9haTBWMDk5YzVzMFRHNGZrMFlPd3JJZFpYOVFuVEsxbFQwc054dERnWTJmR2J6Ml9ZcWJR?oc=5
금정산,기타,"부산 금정산, 국립공원으로 새 출발... 천년고찰 범어사 지역 문화의 중심으로 다시 주목",1,1,civicnews.com,2025-12-01,2025-12-01,https://news.google.com/rss/articles/CBMia0FVX3lxTE9GZVJ2ejFDRnJZemJ2R1Y3WUREdldSLXZpWlRPZkZ1UDZSRnlQWmIwZzJzUUduallveVNNeEphTW5yeWVGSFZLVHZIU3BpNTdCR2ViRDhjVzhsYkJRVHR0ek1CaWpRS3NjbWJF?oc=5
지리산,탐방시설,[단독]지리산 정규 탐방로에 '정당 리본' 도배…국립공원 훼손 논란,1,1,뉴스1,2025-11-30,2025-11-30,https://news.google.com/rss/articles/CBMiZEFVX3lxTE9vb09mSzAxUGZjR2RDNUNtcnRmRmVPYTRZSzVqUG9hLVFNekg0T0xfQmxoaF83RlVjeUctd3pVTlhraWdDaVBLdEtGSHRCQ2V5cWZ0b3psdUFzU3JsUnBwbFlTQkM?oc=5
(전체·공통),재난안전,초대형 산불 막는 국립공원 ‘산불지도’ 만든다,1,1,조선일보,2025-11-30,2025-11-30,https://news.google.com/rss/articles/CBMilwFBVV95cUxQTVgwcGpuaTl4Y0hyZjd0Q2lxd3JUSzNVRGt3SEtjSENLUVUwMXJrdTdDMDRjcE1SQ2lKMGRwS2draXFscHBJOXh1M0VnWnRCNUttRlgyUXRuNFZoRVo1Zi1SQWlHX3Y5RzhVeVcwbVhSSkpKWXBPZkx4VzljSHd5X2cwT0JXWXg4bHdUTFNPX0ctZlFXT3Rz?oc=5
소백산,기타,"예년보다 한 달 이상 늦어진 `첫눈`…소백산, 백색의 향연",1,1,매일신문,2025-11-28,2025-11-28,https://news.google.com/rss/articles/CBMiYkFVX3lxTE5GU0pIY1QtTnprRC1lOWlYQlU3WXoxTTNuVVJnOTRGbER0SWdUbjdLeUVzVHpoVHQtYUlIN3JHTHNJTmtxY3IzbU83WFNqUDZRbks4Z3J5RFBBamNwUC03djhR?oc=5
설악산,자원보전,설악산 케이블카 공사 예정지에 희귀식물 수백 개체 그대로 있다,1,1,한겨레21,2025-11-28,2025-11-28,https://news.google.com/rss/articles/CBMiakFVX3lxTE5lQmJSQVBjSjlMRGlfb1o3V2FldXVXMkdVdEtOSE9NYWFreS05d2xhVjJ6Uzd2LXBOaXlTRHkzand2Z1EzR2d1X1M0UTFfd0d2dllTbk9sSHNoYWJjNU56cC1ONUZhM2hpZHc?oc=5
북한산,기타,닮음을 확인한 여정…렉서스 LX700h와 북한산국립공원[드래블],1,1,뉴시스,2025-11-27,2025-11-27,https://news.google.com/rss/articles/CBMiYEFVX3lxTE9fMUpZODJaa0hLY182dFByZjdTc19TaTJ5eVRpWXRPVXE3UWEzaTBaNnluWEs1M0pMeGVzUGpSZGd0dFJvb3VtRC1TaG5ETTlEbWJDU3FIRmkyT3V2X2VyQ9IBeEFVX3lxTFBTM0FIb1pZbjZJUXNlYU9laUpHWF83U2lEVTMzdG80cldvek9BUEFxUVJ4WXFmZzBpRWtDdWpQRmJsUktuQmhVN25SZWpHWGxacV9HZG5tcEhnQUpUcHoxMlo1ZEtBQ1ExS05wSDFxb0xJOGVsRE1rbw?oc=5
계룡산,탐방시설,"'체류형 생태관광시설' 계룡산생태탐방원, 12월2일 개원",1,1,뉴시스,2025-11-27,2025-11-27,https://news.google.com/rss/articles/CBMiYEFVX3lxTE02aW12c3Jqejh1eUJBakN3WkxRVVJBR2prcGxDU1ZGSmNRMm9yOXNFMXpWdWJfa3NHUTdVX0dVWDlDNEVkaDVVSTd6cjNFdWwyV3ZVTUxZWXZibG9aR0otVNIBeEFVX3lxTFBLUHhyb0puYzJ1R0I4aDJyeFR1LUVYM0Z4bVdTcDBZZ3pjVGR3RmI2aFljaVg3T21NUG5xV0ZqcVI3N2dsbmxTT1dSNWV2anYzTlFmTjJsRGhBblFuZTNsbTdBRTJrYkwyMzl5RkdaUlBjenVnME5Qag?oc=5
(전체·공통),자원보전,사천으로 돌아온 국립공원 해양생태보전원,1,1,투데이서경,2025-11-27,2025-11-27,https://news.google.com/rss/articles/CBMiakFVX3lxTE9paUFKYjB2bUl5VVFIVjFGclhvYV9HaUpCb1RHdy1aV3Q4OXJOMXVuLVdpS0tZX1EtRWEwQmJRNFFfbU9lMzc5YmVyZUdMOGNBWnNMdjN4S2NvaG5LaXFNZ0EyQURHUjBHRnc?oc=5
금정산,행정,"부산 금정산, 내년 3월 3일 ‘국립공원 지정일’ 확정",1,1,소년한국일보,2025-11-26,2025-11-26,https://news.google.com/rss/articles/CBMibEFVX3lxTE5xY0RkWmtPR05UVXZvUngzb3JQZEZHZTdHYmowT2hhelJjelAza3U3YnNLR0RQaHp2MHBjTHYyZHNGcDdhRGlWcVpEUHozOEVFSGEyeFlCRVBFUDdLV0VUM2FwSVRFZFV4aXU0Q9IBcEFVX3lxTE80eEpnZWFoOFRJMHFFX1BtNXZMSklLZk5qdlllQVNDd0tXNUV0ZEVjYkswQjJZY29TUTk0XzZwR1d0NGRsaTRXNkVFcFByWTh3RFlmT1plSlgyY3padmNCNmRQRFZGLXUyWGhqc2VSeVo?oc=5
(전체·공통),기타,"그랜드 캐니언, 요세미티에도 ‘트럼프 장벽’... 美 국립공원, 외국인 입장료 3배 넘게 올린다 - 조선비즈",1,1,Chosunbiz,2025-11-26,2025-11-26,https://news.google.com/rss/articles/CBMingFBVV95cUxPVlQ2NV9JWmdXUGhvVlJ0OUk3c1R5ejJoUllYWWRFR2hDN19OcDFyYi1sbFFiaTlZVnY4NVBKclNuMnZfLWtQLWNZMkdlRUhqMTJHR3IzZ0ptdnRsRkhxLV9hQ1ZpekZRcEpJNGJ0TXV3eVAzZk5iMWtVdVpwTXVpcC1ULTI1YnVHTnF5T09qb0RPelBCQXJuWHZMeGdFd9IBsgFBVV95cUxORHlacDc1MzUtSm9BbGVjMTBLRXpEd2NPMmNoZDBuLVAzbWlOUkFucXhaV0s0OEtlQzVqeHhlQ0sxcmtabnUtWTA3V3JNSHpiSDc1dnJ2T28tSnEwdUZaQU13dW1YUDhyRkxfUDY4ajJKR1N1NThtY0l1d0c2UDlTWVZNeTc4YzhSLUdkVG8taTNpb3FkamprSVZfODBvMFpjM3RJRV9hUXVHd083aEJqWm5B?oc=5
(전체·공통),탐방시설,"자연과 문화의 산실, 국립공원 내 중요문화자원 탐방 떠나보세요",1,1,한국경제,2025-11-25,2025-11-25,https://news.google.com/rss/articles/CBMiWkFVX3lxTE5HV0RieXJwaWk0ZjhtR18xMTE2WnczZmthQkpYdjhZNzlnQmNoOXNHaFkzQ0dzQmtDY21fczczbVBjWjR2NDdtVzhFUEdRd1F0S3hQcXdtX0lQUQ?oc=5
(전체·공통),기타,"요세미티 등 국립공원, 1월부터 외국인 1인 100달러 - 주요뉴스",1,1,koreadailytimes.com,2025-11-25,2025-11-25,https://news.google.com/rss/articles/CBMiT0FVX3lxTFBpeklkSW1FZk5XVElTa0FTWkxEV3I4RHkzMVIwVFh5T283NUp4QkoxS3ROVzFzMjFWdkRWVzhZQlIyVWxxdHdRcGlTYUF3WW8?oc=5
(전체·공통),구조활동,우민투엉 국립공원에서 희귀 동물을 구조하다,1,1,Vietnam.vn,2025-11-25,2025-11-25,https://news.google.com/rss/articles/CBMihwFBVV95cUxPSlRnN1VuMERvRmNSZHI0eWNGRHd2ck5iU0pBSDNmY3JxVEJ0MEhDTE9SY0R5c0FTWWdhSFItV3A1ellDVU1jT0ROQlVyTHYxRXM5M3RFS0Z3Y1RyZ0lpV01GM1N3T3pPd1ppU296RjhxcWdwY0laZ0xMX3l5WDZJX3RaNjRsdFE?oc=5
(전체·공통),자원보전,해양 연구·보전 한곳에서…‘국립공원 해양생태보전원’ 문 연다,1,1,한겨레,2025-11-24,2025-11-24,https://news.google.com/rss/articles/CBMibEFVX3lxTE51ZDNiaUdyYzdpdWlhcXR5MzE2aW5JUjBTZXphSkNYMEs5MHQzel8xWHdDeEc1VnZtWWxpQ3ZEMFBRdDNOdm9UM0xqdkM2eVRYWTc2NXVaLThsd3VBdzBJRTRFNzRDYW1BY0lZUw?oc=5
한라산,기타,"""중국인들 대체 왜 이러나""…이번엔 한라산 등산로서 '경악'",1,1,중앙일보,2025-11-23,2025-11-23,https://news.google.com/rss/articles/CBMiVkFVX3lxTE1IWmpxQjY0Ym5MLWo1Umxta25yRHpXajRsdGYxN1lFTHYtWHhMdFlwNzE4dDJlZ1hQb0hOUHg0em1zcnBobm9hb2hPQ0U2V0F5Zk1ZQVdR?oc=5
한라산,기타,"""한라산 등산로에서 바지 벗고 대변""...충격 장면 또 찍혔다 - 머니투데이",1,1,머니투데이,2025-11-23,2025-11-23,https://news.google.com/rss/articles/CBMia0FVX3lxTE1qVGRMU0RjellBTGZJUVViRjh4RmtGeVdVYzNkWkY0eDlsUFlMa2owQTEzQ3RKQVFOMVI5cnlDS3dGVzU2X1o1ck91U0FUa0lETGJwNHdNV3VwenktTG5zeTN3dTk0N0plT3Rn0gFwQVVfeXFMTWdSallDUm1ERWd6N2ctbmN0Tm1PUDFjZWlMRjhoTDhQY2ZzWEdLdExJTEdaVGgyU096UlBVMUdQQnZ4NE5FYUloS3dydkU3QkItOHJVa1dmUlUtNmpqMHJaYkdVR2hZUXB0elF6T0xjcw?oc=5
한라산,기타,"한라산에서 중국인 추정 대변 목격담...""민폐 행동 어떻게 안되나""",1,1,한국일보,2025-11-23,2025-11-23,https://news.google.com/rss/articles/CBMibkFVX3lxTE5scVp5TF95d1phelNISmxzZEFScDQ1cElsbkdfMmY4Y2hnSnF5S3QxV2hkR0U1ZV9iQjA4RjRReHdIZ2dEcXRuMmtUc0ZFcVpfUFdCNkx3Z3MzUlhMWl90VGFfajk1dVBoZktVd2130gFzQVVfeXFMUFAxSWVTXzc4Q21sRzdKcS01VEMwSDZITUs1UVZvZTFQbjl2djlWUVN0MXlVSDVqekVITG42T2ExNnV5b1RaYzZxRkRIM0x3QTZPanJGR3VEVG8yNTRseF9INjBGLUJLZlNSbmE4VXFVbVp0cw?oc=5
한라산,탐방시설,한라산 탐방로서 ‘대변 논란’…외국인 관광객 민폐 도 넘었나,1,1,제민일보,2025-11-23,2025-11-23,https://news.google.com/rss/articles/CBMiZ0FVX3lxTFAzNzVvSkdQUEpsSEpQQjBJTnhWdjExckFUVkJ2eFI5blpfMk43b3VjMVUwVFcyZHFaYXd5N3lFUGlVU093SW40clNwNXhtYVB5MmJ4bXRfSnhsbk5GOGRRWk9zbUJ2S2s?oc=5
지리산,행정,"지리산 용호구곡, 더 쉽게 만난다… 국립공원공단 ‘보이스아이’ 적용 안내서 제작",1,1,전북일보 인터넷신문,2025-11-23,2025-11-23,https://news.google.com/rss/articles/CBMiVEFVX3lxTE10ckZPOHNPWFJKU2JhU0hYRUExQ3BQVDNOQUJBZDZqeEpYeTZpSnVrTWhyMFhIUC0xSGtwV1psV05TcFQyRDhiUHNYNTNLTlNPMXdvZdIBWEFVX3lxTFBvQWg4V2Y2dmFmT0F2VlByeVNRYk5PeUR2WkExTzhFM2Q3OWp1UU5CRW9aamdtRUxiUjhqUmdBdFVvVXBOaGJXY2NXNHdiNTFwZHNfdWlEUjg?oc=5
(전체·공통),기타,"""이번 주 지나면 1년 후에 볼 수 있어요""... 단풍 절정인 유일한 반도형 국립공원",1,1,ardentnews.co.kr,2025-11-21,2025-11-21,https://news.google.com/rss/articles/CBMibkFVX3lxTE9qeEo5ZEZ4TC1FME9vQnZNX1hweGNkdy1SNmNOUDJsNkNaMEJxdjU3TnZpY2I3ZllqRlQyNlM1N0tOVVFrSDlxdW1hNkFPb1ozT3NCcVVEZG5XcmQtOW9SWmpVSVZGMkNVQVZYc1lR0gFyQVVfeXFMT0FfZGNBaFZfeHJYVWJMRGlZQ2ZmQnNWV0Zqc05LaGk2LThBaUZSci1LN2s2MzVOSTMyNE9ZcDN2V2Z5STA4TERmZGhSSjVtdVRzdEkzR044cDNBMGtXcTNtUmQ0MVVuVEhrSWR5aW40VmVR?oc=5
무등산,행정,"무등산국립공원사무소, '국민 참여 정책 제안 공모전' 개최 - 머니투데이",1,1,머니투데이,2025-11-20,2025-11-20,https://news.google.com/rss/articles/CBMiakFVX3lxTE5EclhPQUVneE9yWUlmRkNRRVBTeTVUQnlNOXh0QWF5czZ1cTg0YThhSW1MMjZOZ0h4UXhxb1IxNHMtUDlfek9pUFdOUS01cGs2WkJmbmdnQ3NGOUM5UjFrYWxkeFpSaDRzaWfSAW9BVV95cUxQZlZXbUFBdVlCVThmby1KaXEzRHdCVUROQ2JpY29QV3hlam02SWk0WVV3TmhLZF9SdExSTGNwdk5fcDVUa0YwNUxETGNITkticG5LTDVlZjVXb0dFX05rdHBSX1kwUEI4V2tocDBMQ2M?oc=5
금정산,기타,"금정산 국립공원 임시사무소, 동래·금정 두 곳에서 최종 검토",1,1,knn.co.kr,2025-11-20,2025-11-20,https://news.google.com/rss/articles/CBMiVkFVX3lxTFBnczNySGtocGhWam05NzlwTmQxWmNFd0toWDg1Z0w3cDFrV2VXMEVyVTl6SG0tdEtDeHJRSHpMeDVjem9mWDBVSjVUb3A4MVN6RU1RbF9B?oc=5
한라산,탐방시설,"한라산국립공원관리소, 21일 탐방 프로그램 ‘나무가 먼저 입은 겨울 옷’ 운영",1,1,제주일보,2025-11-19,2025-11-19,https://news.google.com/rss/articles/CBMibEFVX3lxTFAwVk9WVjd2alhCU2Y2SndYTW8xV3hfb0l2VXlGTlZpcUVfYk9yNWNORW5MWi1OMWYydzRoNGtqMll4TDFkTkRxZ3FGQlN5TXBVUE1ydFd3UXJxOVY2UU43WUpHc0NQS0hGZ1ZLYQ?oc=5
한라산,기타,“제주 한라산에 첫눈이 내렸어요”···삼각봉 11.8㎝ 쌓여,1,1,경향신문,2025-11-19,2025-11-19,https://news.google.com/rss/articles/CBMiWkFVX3lxTFBCN0ZPYl9BRVpWcWNNSGpHSFdpeG94aVpxQzJVeHFwYTVJNkZqZzI4UGRMS0kyVmJ6MDR2R2hPdHVBMTdDUUxjdGt2aWNKSzZqZU4zTWN1VGlKZ9IBX0FVX3lxTE9SNld3NTZnRmo4MjFyUHNpaWxPaXQzZWJ0bXJ6U3BMOXIyVk4zdGNsVjlZLWEzOUJDTGFvcXFUc1VXNXBmUVpNVm4wal9KZUpYWkZ6ZE9hNlI1TXF1amZv?oc=5
금정산,행정,[근교산&그너머] 금정산국립공원 지정 기념 동문~고당봉~범어사,1,1,국제신문,2025-11-19,2025-11-19,https://news.google.com/rss/articles/CBMijgFBVV95cUxPSk84cG9mZm9vX3pwQWVKZnAwQjc1T1NKcFQ1dmVTbk1zVThuQW5JanBIcHRmOFhyV0dnMlJ6VjNDRHgzbnJJc25KeHBPUjFxUklRVjVBdWNUdVVBaXkwTXdUa3NNWmFnb0Ftb29TWlNBSkMtTFBIZEZqei1NakJHVTA0NDZFRDU2a0t1alBR?oc=5
한라산,탐방시설,"중화권 관광객의 공공장소 용변, 이젠 한라산 탐방로에서까지",1,1,미디어제주,2025-11-18,2025-11-18,https://news.google.com/rss/articles/CBMibEFVX3lxTFBkUEFvOTNZTmQxUVpZVjY5cXZjaXdTTFFNa3EzWW5kcUpiMGpmUlpIWkQxd1JESlVPMFBfektGOXY1VDY3RmZLSmVLdmI3eXFOR25pSkN1LWJGWS02ck9lR2RHV2oxYnk1cjQyYdIBcEFVX3lxTE4zVXB3UnJjZnJucWJLeWg4d1VYcXpRd0xWWk9SOFliNlItcWlJaGNoRFF2VE13RlRLR2lfc1RzM2ZianVpbDd2MXlhX2llYnBqQk5wTEI0a3pPNlpmUVZ4VHpRME12MDF1RW0zcFZhSmE?oc=5
태백산,탐방시설,강원 태백산국립공원 주차장 내 차 안에서 부부 숨진 채 발견,1,1,KBS 뉴스,2025-11-18,2025-11-18,https://news.google.com/rss/articles/CBMiW0FVX3lxTE4wX2NQcE9vWGJvTVZQeGE5VC1WRkh2Ym9PbFYyNGtzRHdoOEFfY2YySEFJWUFTTXQ2bG1hcHZHbXMwU0ZCZXhrRkZGRzNPRWNuTU1IM1lQSlNYRmM?oc=5
지리산,기타,"지리산, 1~5cm 가량 첫 눈…작년보다 열흘 앞당겨",1,1,뉴시스,2025-11-18,2025-11-18,https://news.google.com/rss/articles/CBMiYEFVX3lxTE9IdGRsUGFWdVdOcTJUbmhtSjdLZjc3dlh2NW1sYTVjbDEyeDhNM2l3UUtwb2RfTTJlR05UQWltOGNYX053LWZOQlAtTTBHWHVpWmtSbWVKeC1sNEF6VXZJbtIBeEFVX3lxTE1lNnExX29tdjNvWFN0U3dIRlFGNWNpNHhkWEIzdDZpZ0I5MHRBVGNRTTNEV3NiSDdxTFd5NXROOTMzQWVGa1hCWVBaZnViel9ScUl6Y3J0RVdYWXhPVzM3cXVWdHFzUkZ2TmYzQ1NkemFMRHh2SG1MYQ?oc=5
월출산,기타,"월출산국립공원, 목포대학교 사회봉사센터 등 3개 기관 바다의 시작 캠페인 진행",1,1,목포타임즈,2025-11-18,2025-11-18,https://news.google.com/rss/articles/CBMiaEFVX3lxTFB1Q1lOM2MwdVFzWXQ0RzdVU1JXSXFYSzNvamdtYlpsMlN5V2NuRVZFMElCcTI4YW1pT0daeTd0eVFYR2dJcEtPZFpnTXpxc2V2amF1MzNVdlFBZkRLeUs3Z1pvRzZxYnpj?oc=5
계룡산,기타,"계룡시, 계룡산국립공원박물관과 공동사진전 개최",1,1,계룡일보,2025-11-18,2025-11-18,https://news.google.com/rss/articles/CBMiakFVX3lxTFA0emp3TnQ2Z28tQ0Nfcm1OQVd3LUpuMENrTzloVE5nTUFIZldrdkhlUnNMTWFzQ2ZGMHVsNDJtbVdScGFfU2JIXzhvcWxPWjFQSjYyaXZhNlpGeE9XMnJ1bjV0Y1J4RTBZNmfSAW5BVV95cUxPMjU3aDE2eXpMc2RLVEEzbnA0ZmtEWlJYTGJrQ2NtRFE1dmExcF9RaVdiaTBvQkFZWGtQdjZEeXBDcFByYXhMMlp0LVJCSjdqMlhhYUJYWVFiVlpBSGd4ZUpFZjZCWEVjV0VzanVyUQ?oc=5
계룡산,구조활동,"제브라앤시퀀스, 계룡산국립공원서 ‘AI 실종자 검색 시스템’ 시범 운영",1,1,동아일보,2025-11-18,2025-11-18,https://news.google.com/rss/articles/CBMib0FVX3lxTE5JckNiemd3S1oybE1yTFJXY0VxWGwzSnpmUDlWSk9NYTl6Ym5IVXltZndlV3lZYm41OHY2WGp2dDloSDNrZXc3YTVaZ1dTWVpqOE1ZbW1VSnJRRjlUQV9QTjNGdFZ1Y0RVaDlyU2d2SdIBZkFVX3lxTFAySU1oODNNM3pLMG43c2prV2VwSTlwS2U5U0ZyQ3pyNTJYLXhGQjRwMjROOE1ra0lrUFNDSHN4U2VLeTBKY2JVemVpZEcya3ZWemoxNEY3SDZjZUJpS0FCYU5kTnFRdw?oc=5
오대산,기타,오대산에 새 등산로 생겼다,1,1,월간산,2025-11-17,2025-11-17,https://news.google.com/rss/articles/CBMiZkFVX3lxTE9Wb2s2U3RfMDVaVEdOT3k2M0VDUVE3WHV2RENXT2xhOXVIQmk2bm9ScHVNNWNQRk5OSVp2XzkwRHZEMFRwVEE2WHlNZzcxRFJsWEhKVlpCUndsMFJvclRnOGRMTUZjZ9IBakFVX3lxTE9OSnVaR0FtTnRrU1hYZDlTOHBjZDFtaXBOV0xvUnp3Wk5DSXZpRmJVWDZ0eldWLXBqRUVjalBTT2ptQ0hpbW4xUDR4TkJ4RERTWXg4QVk2bDNOZnNIdjl4bGJxWjhnakdFeWc?oc=5
북한산,탐방시설,"강북구의회 김명희의장, 북한산국립공원 (구)전경대 정비사업 시찰 및 우이령길 탐방 “‘강북구의 보물’ 북한산, 세계인이 찾는 생태·문화 거점으로 도약”",1,1,서울시티,2025-11-17,2025-11-17,https://news.google.com/rss/articles/CBMib0FVX3lxTFBlUU5jUkxJeEVZX3FwaTlUNHd3NGVQWWhUdnUxbU8xRk9VY056Q2o3SU5oT3VScGNiVjktcF9MRG9Way1YT1dlZ2JVZ0NQY01BWVFud0YwSGMxMEk2MXlJOE1ZYzJtS1RDWXVVYTZoWQ?oc=5
변산반도,구조활동,"변산반도국립공원하섬 연안 해루질, 안전사고 ‘주의’",1,1,ecojournal.co.kr,2025-11-17,2025-11-17,https://news.google.com/rss/articles/CBMiaEFVX3lxTFB2MG91MEdjcVA2UEExTGhBTWZLVGJsYUF5dWFSSzU3emdySjdnT3lmdzJsUjRGbHFxaGsxQmt5eV9KYXBYQ1RCYWdieGxfNFktVXlJU2t0SEg2U2Z4NXFzcGYwUmpwZ1pj?oc=5
변산반도,구조활동,"변산반도국립공원 ""늦가을 대조기 갯벌 안전사고 주의해야""",1,1,네이트,2025-11-17,2025-11-17,https://news.google.com/rss/articles/CBMiakFVX3lxTE51ZDhkakR1T1U2OGFoMFI5U1RUSkp2Qi1RcXVJMjVDTzB3bFo1b0FaXy11TDc0a2VHY1VMSEEwNkJzeWYwdW93MlBza3JsQmVpNGI4RV9LdHVmZFQ4MXZHOTFIZ002TXprNnc?oc=5
금정산,행정,"금정산국립공원 지정, 의미와 과제 (문창규 / 국립공원공단 금정산국립공원준비단 부단장, 이동흡 / 부산광역시 공원도시과장, 김합수 / 생태연구가)",1,1,knn.co.kr,2025-11-17,2025-11-17,https://news.google.com/rss/articles/CBMiXkFVX3lxTE1HRGhIcV9fa29KQzZvalRMVVg4aWpPTjUyT3RpaG1TaDZ3UEZBUWxoS1FKbDhBUkwzZFE2ME1obThfRjJjZ1g5OGNLdkRmRGNPM2dWRDMxYVBRNkdmMHc?oc=5
(전체·공통),기타,국립공원형 마을기업 ‘복닭복닭’ 국내2호점 계약,1,1,ecojournal.co.kr,2025-11-16,2025-11-16,https://news.google.com/rss/articles/CBMiY0FVX3lxTE82UXpGdEZXQXNERzlaWnVGLUllTktZV0JRNkxHdnpiazdJdWF0bXZSaHpFY25YV215NzN5QjhQLS0yMTdVQlNTb0ZMRWFVdjZ6SlpDZ0FWR2tMOUpJZHNlUzVfWQ?oc=5
금정산,기타,여도 야도 “금정산 생큐”인데…산 한가운데 ‘구멍’난 이유,1,1,중앙일보,2025-11-14,2025-11-14,https://news.google.com/rss/articles/CBMiVkFVX3lxTE9DbHhUeTJ6cTVKX09zZUp1TXdzMV9WcW8wQmxtc01BcnQ0aDg2VXBNejJnU21mOHJIYnFzQXF2T2NNbmdjTXY4NEsyUEIzbm44cWJVX1JB?oc=5
(전체·공통),재난안전,"국립공원공단·산림교육원 협력, 산불예방 및 초기 대응 체험 행사 개최",1,1,서울경제TV,2025-11-14,2025-11-14,https://news.google.com/rss/articles/CBMiZEFVX3lxTE92SVkxY29meWtjNklENzA0WHJXYmxSYWlsZng1d042U2NKVGsxMmlGSjNXRkl3YjE1OU96aG5ZWU9HY05MVng2VGN1ck55RldmVjlsRlRqMGtGYi1LS2hzNkNsMHk?oc=5
소백산,기타,[포토뉴스]오색빛깔로 물든 소백산 단풍,1,1,매일신문,2025-11-12,2025-11-12,https://news.google.com/rss/articles/CBMiYkFVX3lxTE1RUTBZd3dlMjNScGFOdjVzNEdiazVUQ18wbjRFRThiMnloSHlmNEdKUWdobnlVS25INlg2SjFscmZWczVhcWlpSE9nMWV2bmZLZm0tUmh1Y052cFlCQ1Jua1FB?oc=5
(전체·공통),자원보전,국립공원 내 수많은 문화·자연유산 어떻게 활용할까,1,1,한겨레,2025-11-12,2025-11-12,https://news.google.com/rss/articles/CBMickFVX3lxTFBheWEtM2pJNkZZVEFrVXRLU2V0TjFNZFgzTlNvNkpUcklia3dyUnZfVktwX3NHYkItaWwydXM3MER3c25GS19SMVFhaEI4TVZGVzFBZkYwSDBLd1gwWV93bzdtQjBhSVZQUG1Nd1prYW5EQQ?oc=5
변산반도,기타,"변산반도국립공원사무소, 변산반도 붉은 노을 최절정 홍보",1,1,새전북신문,2025-11-11,2025-11-11,https://news.google.com/rss/articles/CBMiaEFVX3lxTE5TN0Fnb2xVS09ncE1iZHBqaExZWUNBcjZORFJTYWczWEJEVnJMUVlxSmJCaEx0WEFfSXhrazM3VGV3SXJoaU9ob1dhaDlXYlpuOUVHRDQwZmFIMWpteVdFX0pVSlhFOEpt?oc=5
내장산,기타,'가을색으로 물든 사찰'…장성 내장산국립공원 백양사,1,1,연합뉴스,2025-11-11,2025-11-11,https://news.google.com/rss/articles/CBMiW0FVX3lxTE14MFdUbklnODNLMFFtZThtSENVQUtYWkpNWHdvV1lVUzBCeEUtN04wM3NoaGhHeW1fdWxvNzFyZzhwbVEtTDZyS3pBLTFqZGRqWl90MGJvdlpKVHc?oc=5
(전체·공통),자원보전,"[국립공원공단] 국립공원 조류연구센터 설립 20주년 기념행사 개최…“철새 보전 20년의 발자취, 미래로 잇다”",1,1,워터저널,2025-11-11,2025-11-11,https://news.google.com/rss/articles/CBMickFVX3lxTE93ZUxzaXUyeVlHZUtSVXpYcURJQW9Ib2pkZVVXYzlPUmJNVS1ZcFhNLUdsYmVpcEtncWluWEI1azFBUVRVbVVTQ1RMNmZ5eUV0dl81YjBnLTBqZGp0c09yZ2w1aDNxWEcyZDlOX0Z3V2N4QdIBdkFVX3lxTE02ZHAzYU8wdC1GR1d4MlRxc3ZiaU9ia05rV0pGUHFYNVZsT2gxYjVjWmhROFVqUFhVV3FXa3BnVzBHQ3VsVl8zdjdodl9nUlRWWTZTdU95WldWWVpmTW5IenZkR2FHa3R4eVdEUjdFR1o2VE1qT0E?oc=5
한라산,기타,"""한라산 '수호신' 사라졌다""...백록담 지켜온 '표지목' 철거",1,1,v.daum.net,2025-11-10,2025-11-10,https://news.google.com/rss/articles/CBMiT0FVX3lxTE03S0h4NGVpY3VwRWNGZlkzSzNYblJjSHNnblNwb1N5MDJ2MlVmVzhxRVVOM0FCcEpVbVFPeUNvdUh5S0FQOVc1U3QzZlFyT2c?oc=5
주왕산,재난안전,"“주산지 열고 절골은 닫는다”…주왕산국립공원, 일부 등산로 한달간 통제",1,1,kyongbuk.co.kr,2025-11-10,2025-11-10,https://news.google.com/rss/articles/CBMib0FVX3lxTFB6aTRRZVZiakZJY2liQ1gyNmpTcmd0NjViaEd3WjZBd19MUFl4TkcxT2V0cXRmeXdTQW1QOXN5S2tabnoyZ212Z2x4M2oxbEx3Q3ZzeUVDY2o3cHRkeHlZSE13M25SSm9sNHVkeVJmUQ?oc=5
월악산,탐방시설,백패커들 “월악산국립공원은 ‘푸들섬’ 진입로 개방하라”,1,1,월간산,2025-11-10,2025-11-10,https://news.google.com/rss/articles/CBMiZkFVX3lxTE84dGd5LUtRQWtfb0ViWlV5M1liM1FNRFVqUFFNNGFZajV4eG1NSzVXcE5CME10dmV5SU1sMi1FR0piUThoc2JVUHhqcFVPdFNYdFgwQktSd2xHQWQyTTlRekxQckRId9IBakFVX3lxTE0zcFlCTlhqZ3VnN1J2UFEzWUo2VHFUZGtnU2gyNDQzOTd4ZUJURGJJQnlaLXB3aVFsZE5TeXhuS0VQcDBNNXUxcUFKRlR3cEdLQmljdnd2bDUwenJRQ0V5ZEJ2cFdmMHdWY2c?oc=5
지리산,자원보전,[초록시민강좌 제4강] 윤주옥 전 국립공원을지키는시민의모임 대표 “지리산은 인간과 자연이 함께 만들어온 생태계”,1,1,전북일보 인터넷신문,2025-11-09,2025-11-09,https://news.google.com/rss/articles/CBMiVEFVX3lxTFA3bXo4TWVUTXpfWVdWdEhPVldvTXRjZ2dEUjlqWmwtU3R6Yk15UnE2cmdhYU9obzhUVHctMVZueXhmUGE1VUhXUFFfRWZfeWNRNXVNUNIBWEFVX3lxTE9IRmJyQVdNWUdJcnlzVFc4LU5taHBHZTFyck83ZV9xckgyTHFlTXFrM3dqMFQtcGlQVFA2ckltVDhDRnBweXRVay1jdWhHbFk1cVNyZVhJWlE?oc=5
금정산,자원보전,"금정산 국립공원, 단풍철 맞아 강화된 이용수칙…음주·흡연 과태료 대폭상향",1,1,복지TV부울경방송,2025-11-09,2025-11-09,https://news.google.com/rss/articles/CBMiZ0FVX3lxTE8yN3pDWXVKMHo0SWp6VFlYVDhrRmN3TXpvcWZpUzV6MWZ5bzg5eVdubzhZVlhBLVRhZ0E5eXprT3NvV0RKMEtWSERjMmlNUWVKelFJNldFRzl5WTFJQk5NdkhmR2VSMFk?oc=5
덕유산,기타,"덕유산국립공원, 폐비닐 자원순환 시범사업 착수",1,1,환경과조경,2025-11-07,2025-11-07,https://news.google.com/rss/articles/CBMimgJBVV95cUxNMTBIY1VtVHhsYzc5akhtSjN1dW1zOGd0LXZOVHBmS1VhT25LUDJPZE5NcHdQc3lwcU1sR1BnUl9ZVW5hRHJuTVJOcXpCVXhZaWlMOVJNZWpXUGtlZG5CN3NTZVFkZjh6SlplcTdHV2kxWnFFMUxoV19vWWJfMzNReGk0bDE1blpNMWJTc2Q2SlJqUmFkVlE4R0FsZnpncjVBbUhDQWthX0ItSHJFUlRGTGxfNmRacU1WQUpVYkg4OGNMTkNGZlVsZlNHNUNBb0RJWGkyWk9UQVZHT3pmVlM4bDhndE5TTXVsVmhFNTlYYXhvN3NmWnNSMlFGd1JodHRKNWVhX0xnTTlzWVBhcklySG82bW9SOEtSSlE?oc=5
내장산,기타,"정읍 내장산 단풍, 현재 절반 물들었다…""내주 절정""",1,1,뉴시스,2025-11-07,2025-11-07,https://news.google.com/rss/articles/CBMiYEFVX3lxTE5neHZwUjhMLU1FU2NxaXdHQWNTT1Fncl9kSHdBMFdPM0IyTk9ZRVMxRXNVWGtYMngtdmpqb0c5U3hyWVdSVW5WZWFJR3d4cVQ2Q1ExT0tMX0ZUeU1DTjllTNIBeEFVX3lxTE1pWkRDVi11bmpPazVwX1NVOGdhTHdYQW5GbmNHWk9DN0VHdDN0cWFLSjBvTnlkUEV5QUhGUWw4OFpsWVhMcHU3dnJyQWVxbDJBbUlzeDlGNVdEcDhmSXIySzFGUFhKSHpUeGwxOUJRekFreHgzdFVubA?oc=5
금정산,기타,금정산 국립공원 '산성마을'의 미래는?,1,1,모닝포커스,2025-11-07,2025-11-07,https://news.google.com/rss/articles/CBMibEFVX3lxTE10UE5TUWNiZGJydDZWNklSUW1QZFViTHRXMlRlcFBsa0J4bGNsVW1KZjlRQWVNSVEwRzVvX1U0c3Rqb3M5MzI5bjIzZGR0OVRKaE1MMlpzbXBxc1c2dlNFOWhRT29ISE9nN0tEdNIBcEFVX3lxTE9TWjVxZDI1M28yVDZfMGpIODNUa3BHWVM4MFBJY3N3dFRlU1NxQlp2d1dDQ1lJQ1JEaThRQUFqbTR4eDJFQV9SZWp5T3lienBma1RuclhOOE8tZmZuNlUwdFJ2Z1hoVGpGYWlFQl9GMVA?oc=5
지리산,기타,지리산 1만 번 오른 김종관 작가 사진전,1,1,국제신문,2025-11-05,2025-11-05,https://news.google.com/rss/articles/CBMijgFBVV95cUxNcXlPb1ZibkJ4T2hVY2NMaURKMVJWTzM3aHAwSXRSMlozR0o1anFmUXp1RFB2SWZydkZzYjUzMlFoNEFmM0J6dzdVenhJTFo4WTBKSTB4NW5xUG12M3B5SjNjZHBMaXQxOHh0cVlmQTRBQjVuVkY3VDFHSzVvVk5MZEM1U0ZqejQ1VGNPSnpB?oc=5
내장산,탐방시설,"내장산국립공원·대상 청정원, 건강한 탐방문화 만들기 캠페인",1,1,전민일보,2025-11-05,2025-11-05,https://news.google.com/rss/articles/CBMibEFVX3lxTE1FbW9XaXRDSWN4Mm5mdHdPQVp6b0xZOE85aXVzMUQwSjhneXN6NUdUblNNSmNWb3NVOGtTYXJnQzd1b1R3SklWLXp1dWVFVXNOaEZ6cWFINDNKSG4zaU9VbU5oMW14cGEtdkhXTA?oc=5
금정산,기타,"금정산 국립공원, 단풍철 앞둔 등산객 유의 사항은",1,1,연합뉴스,2025-11-05,2025-11-05,https://news.google.com/rss/articles/CBMiW0FVX3lxTE1BTGpkRlBVWG1NLWJCZUpibl9rZXdwdGxFRENwYnIwXzQxS3BXTmVhYmFBTVhKQ080UG05SHI2UmdjWWtMaUhtS1lFektvNkhZSzh3Wl9lZWY5YjjSAWBBVV95cUxOS09aWEY3elhibUtZaC1tWFl0ZnljQnJYN3VWSy1CMUtkb24wVndwYmJWemF4RXI3Q0NubzBxOXp6bC10Wi1JdzdXOFVlb3J5X0hUSnBsVU81ZEs5dG1wYnk?oc=5
(전체·공통),기타,[기고] 아름다운 다도해국립공원을 소개합니다. - 머니투데이,1,1,머니투데이,2025-11-05,2025-11-05,https://news.google.com/rss/articles/CBMiakFVX3lxTFBHYm5WY3V5V3RDTUtLaE16OXgyNTlubm5CUVF6blJJMWsyZ0RWUVdqS3Z2QjNrbFZPdlFBY2kxYTQ1dEVoYUlRNjJlenAtNjdiSS1QdDFDa09vZWRCQ3dfX09LaEFrWkVDTXfSAW9BVV95cUxOUWpOT0pFcjZTMWc3UEdzQW16ZFUwRF9RcDAzZDY5MHdLZWFVMVVOTWgwcFRZT19FNGxRRlp6andoTW1VQ3RoMzZ1VDc4ZUpVVG5QdXV5ck1CTXpoS3dWMXpCbUJTQTNkQ1B2cHprdlU?oc=5
(전체·공통),자원보전,야생생물 1782종 사는 '도심형' 국립공원...뭐가 다를까?,1,1,뉴스펭귄,2025-11-05,2025-11-05,https://news.google.com/rss/articles/CBMibkFVX3lxTE1yNTNTR3VDekQtLVJ5VXdRVUJEaTYwUEJpWmM2NWU4bmlScS1vS0JtekhyMVluWG5kQ3VKNVlSbGwwZXhMSVpKcDdCQUtRelJpeVk5SV9TQnNWaUtZU2dMa2dOWmxNWWJSZ0VHWUtn0gFyQVVfeXFMTWZreEd3ZEpubU1kMmJOQ2NvT21hak1vMEV5VGNKZzBsRGFsN1ZpbTAyY0lkQ3BaVXVTMV9vc0J4U1VEdFBBS0l3RzJncXExX3I0MHNGakVNVXJGZjhKX0dISXFDZ3lkbE1NRlNFRnFUSlpB?oc=5
설악산,기타,오대산·설악산 등 ‘가을 단풍 명소 7선’…걷기 좋은 국립공원길 선정,1,1,강원도민일보,2025-11-04,2025-11-04,https://news.google.com/rss/articles/CBMiaEFVX3lxTFBfN0xPVEdIMXpkajl2XzZLZW5pdDRqejlvS0VvdmFWd0paR0VXVXpJejdGbUVOeUJTWWx6a3NPRlNlbDRrNUVCX19fb3lrakl6LW5HZUlqYnRrY1I5MUFwSkdXcWtiRWQ3?oc=5
덕유산,자원보전,"덕유산국립공원 생태인문예술 행사 '자연의 숨결, 나의 물결이 되다' 개최",1,1,내외일보,2025-11-04,2025-11-04,https://news.google.com/rss/articles/CBMib0FVX3lxTE1aQmZSRWt0SHQydE9WYkNUbkRfMHRMb3prdEFTSWdEUjNXbHJwRW1SdEVoYXRqblFCZ0N5MlA3UWFRR2ZCTGdhUDJuTlg4d0tVQkdncmtxc2VkcEJMRFRPUXU3OEk5WWtqZFk5Z090bw?oc=5
내장산,기타,내장산 아니어도 충분하다… 단풍 시즌만 되면 방문객 몰리는 무료여행지,1,1,발품뉴스,2025-11-04,2025-11-04,https://news.google.com/rss/articles/CBMiakFVX3lxTE00b185eUUxaThvVDFIMU1BdkV3enNxa1k1S0M4UVFUYmEzV2ZkQ3dsc1dxMjBfN0pZUk5qQ2pTSTJjMG42MzJBTXotVzRldmt6bUFCbzJDVk14STZFTUpXRGptVmFSN1QyYUHSAXJBVV95cUxOcmFVUjFDOXBkYkpfRnljMTVIRUN1ZnFYN3NwWldreWY3SnF4X2tPbUNZMTdyOXRPNDlCdEhMNFNzeExUaXpJemp1bnd6bjBkLWF5WDNscGlnMHdMMHpfMmt1SHpqYVVicmViM0xVZkdBTUE?oc=5
금정산,행정,"[부산시정]-금정산 국립공원 지정, 80대 기능보유자가 70대 기능보유자에게 폭언",1,1,knn.co.kr,2025-11-04,2025-11-04,https://news.google.com/rss/articles/CBMiVEFVX3lxTE9OQ3BuVTA4RngwNURRWXVpVWpTX1FNb1otNlI3VXJ3MGZ5RzlfS3N6MUFlRG1XOEhRSEJLREItWVpMa0xjcDhuWHNEMnc4Ul91NXRFUA?oc=5
금정산,기타,[기획②] 금정산 국립공원 됐지만 풀어야 할 과제 '산더미',1,1,LG헬로비전,2025-11-04,2025-11-04,https://news.google.com/rss/articles/CBMickFVX3lxTFBnSi1hWTczT1NXZTBGNWdTU29BRk5kbmRFWnJQRFhKdGtZYWNyMWNyUzhvTk1NMGdqb0U5cUFTSVlCSlhTbTB4S292T3I5TTlaWUxiakhxdGFNcGVuR2NGRUxJYWQycEMxSkFnMENSYk5QQdIBdkFVX3lxTE1iX2tTUWU1Xzh2ODBSekEtWTJmaUZTdEFWMmV6VnllT0VtUkRDdjZFNWswRFI1Vy01TncxS1FfbzE3U0tfNTRyYTRGTWgwUzlyYXRfZ3M1RDhBVGVhM1VaOHNDcFVLMkhXTkx2bEVKLWhsODlDVGc?oc=5
주왕산,탐방시설,"[위클리오늘] 청송 주왕산국립공원 상의야영장, 11월 재개장… 가족친화형 캠핑 명소 새 단장",1,1,위클리오늘,2025-11-03,2025-11-03,https://news.google.com/rss/articles/CBMib0FVX3lxTE5YaVJWdG5kZmQ4LVFRdU5lRFNPX0VzYy1XMFhWYkM3eU9aWVY2NzgzMmUzbU15MndNU2Q4SDQ2SXM2dEo3dkg1ZlRMZW9McjJiNEtuOGM3Mm5QTm5qdXI5dVhFMkQ2dHpNYXdFc0Itdw?oc=5
변산반도,기타,변산반도국립공원 반려해변 입양단체 모집,1,1,ecojournal.co.kr,2025-11-03,2025-11-03,https://news.google.com/rss/articles/CBMiaEFVX3lxTE1QNXd4UEhad3BCQXh0R3Z3elpZRlNLeVZJZFZJSnBnS2VuNy1KZGpiSVhUUmM4bnZiUmdyeF9SSHVKQVVTaWlmOTRncFE1RDdiZVNHN05yMkRyNGJQVmNjU2xzNzRhcjRH?oc=5
내장산,기타,"대상 청정원 호밍스, 내장산국립공원에 '초간편 국물요리' 매력 전파",1,1,v.daum.net,2025-11-03,2025-11-03,https://news.google.com/rss/articles/CBMiRkFVX3lxTE1uLUV6NkxPaGlwcXNUWTRTamJiQXpDbVBXUTVvUU0yb2tNZVl5UngwWnlDQXNpUkUxS3RhVk9YcHFqcW9LNGc?oc=5
내장산,기타,한국관광공사가 만든 ‘똑똑한 AI 집사’ 내장산 상륙!,1,1,sports.donga.com,2025-11-02,2025-11-02,https://news.google.com/rss/articles/CBMib0FVX3lxTE9oSUVhVktBUXF2aE5KdUJBNEtnd052c3dHTUZpcFdZMmZDeXBWQTBtMWNkUTVRbkN0ZF82SVMxaldHV2dZelRrUTI3X1ZfT3U4RzMwOFdrVzYzWTBXWXBnUTFpU2VuQUhiNnQ4d3BOZw?oc=5
금정산,행정,"부산 금정산 국립공원 지정 확정, 국립공원위원회 '금정산국립공원 지정 및 공원계획 결정(안)' 통과, 지정의미, 기대효과, 위치, 등산로",1,1,Naver Blog,2025-11-02,2025-11-02,https://news.google.com/rss/articles/CBMiWkFVX3lxTFBUUUN1NW9hX3gzUDFqbG5IYm9kY3Z4bmlETEhxbXA2ZmY1QzRRZkdHTHVWZGVUV0RxNW41RHJselM0b213UjloVmtzWEQ4NWtYYlFhTkpOQWtVQQ?oc=5
월악산,기타,"월악산국립공원, 청렴문화 확산·고령층 안전산행 교육 실시",1,1,kyongbuk.co.kr,2025-11-01,2025-11-01,https://news.google.com/rss/articles/CBMib0FVX3lxTE82ZEllU3ZmbFZqRm1VYkFGaHVOZGs0S2IybjBtNU5BZTViblVVZ3IxU2ZTSFVoSURjc21xMG1mc3RLdWtWSlRhOVpmczYtazJIVExLekZtbDB6UGtTdVJta040T1M5WnhKMFBnWXpDSQ?oc=5
설악산,기타,"설악산 국립공원 일대, 단풍철 맞은 행락객들로 인산인해",1,1,강원신문,2025-11-01,2025-11-01,https://news.google.com/rss/articles/CBMiaEFVX3lxTE5jclVLcHhkTDJQWGtnWGNCMGoxaFF5NmZBZktQQ3czZUUwMGF1dVktZG9sa3pjRXRjNjhib1piY0JQVzZnakZEdm8zdmVuSWhSZlNMNmVxN2pDX2p6NFlMZldWblgzQkli?oc=5
금정산,기타,사유지 80%인데도 20년간 설득 통했다…금정산 24번째 국립공원,1,1,중앙일보,2025-10-31,2025-10-31,https://news.google.com/rss/articles/CBMiVkFVX3lxTE9PNDBzVXFNUS1jdG9DekZnSDBlZTZUeW5SQlQzZU14cy1rTTh3WnBJdjF2dlpXY3dubkIzZERMTGVvVktFZWswdGtiVkdmaWNOZ0dBWW5R?oc=5
금정산,행정,"[카드뉴스] 20년의 기다림, 금정산 국립공원 지정까지",1,1,LG헬로비전,2025-10-31,2025-10-31,https://news.google.com/rss/articles/CBMickFVX3lxTE50WnFNTHZMYmd6a0RNOEhSM3UxNTJpem5YRTByaDJtUi1PZ05yN2VHajZlVDJuNTFMWDJ1cHNFRFpoeW9XTC1QdEpxUHFtWTdDdUJWcU9fOHBlOUhtOUcwYW50YU5nbEE5NXZoazZVNzRDZ9IBdkFVX3lxTE1hdXh3cWJELUVhV3p2cURLN19WT2dVN0tyR2hpV0hnNG1UOGRrcFYycVAxQl9pWFN4SUF3ZldWZld4dENjdWZ4enMzZWM0U1B5VWZ5YVMxeENyUVNLeU5Qd1NCdVBmMHNCUWJuVG42ZDM3T2laOVE?oc=5
금정산,행정,"부산 금정산, 국립공원 지정…""경제 가치 6.6조, 매년 400만명 방문 예상""",1,1,중앙일보,2025-10-31,2025-10-31,https://news.google.com/rss/articles/CBMiVkFVX3lxTE9oTS1ZWG8wTEhfcFUzTm93cHJCdXVOT2ZId1RCcTZfV3JfQy1MRzc1NXE0X3VGdGFtcWhCWHU5R04yZmpLajhrNGstTkpBWDZZQS1xeF93?oc=5
금정산,기타,20년 숙원 금정산국립공원 드디어 결실,1,1,knn.co.kr,2025-10-31,2025-10-31,https://news.google.com/rss/articles/CBMiVEFVX3lxTE5oZTVHa00tOU9MdkV0aWFKTUo2b1FBcHJBWHdqcnlDbFBiSXJJbVZkUV9WTUJzSXVtMUNNOEFFQ0FJcE9EUUhHa214V1lnQ2RZRE1qUw?oc=5
계룡산,기타,“플라스틱 줄이자“ 계룡산 ’먹는물 충전소’…국립공원 최초,1,1,연합뉴스TV,2025-10-31,2025-10-31,https://news.google.com/rss/articles/CBMiZ0FVX3lxTE1JYUZJVXY3d1RaYm9CNXc5b0s5QjRrQnFBZ2p5WHoydFRoTXRFaTd6aVFNTTJqcDZxV3NBdldFcEpRQUFWNEpnYVQzREpGXzI4NzRaeHZsdGxpRUxiUzZ1ODNmOXJ3TlU?oc=5
계룡산,기타,이제 계룡산 수통골지구에는 '빈 물통'만 가져가도 된다,1,1,메트로세종,2025-10-31,2025-10-31,https://news.google.com/rss/articles/CBMia0FVX3lxTFA0SHM5R3JUbDliRGZ0M21BRUlMcVhHQ1lWQVczMkNkZmp6NGJBRTZCYVVOY1RQQ3FZTUJXZmQ5bDU4aFprMG5NTUNGY0ExaXlwTlQxU3BOY3R4TTRlakx1dlNRYnVEZmtrWWNV0gFvQVVfeXFMUHZCVXZWejlIVE9XbEw1SGJsVWRhWFVfeVZsZkZEMlVmZ0VwUlJkb29Ia0hRMFRwRm1yQXROeGxLS3dhejRncUFaNWRPOU41OFRicEYtTWxSeXZnSVgzWjJlY1BfWkRYSjkyOUJCbUhB?oc=5
한라산,탐방시설,굳이 왜…훼손 우려로 탐방금지 한라산 남벽 오르려던 일행 5명 적발,1,1,문화일보,2025-10-30,2025-10-30,https://news.google.com/rss/articles/CBMiUEFVX3lxTE5qNktKS1l5aGdJV2IwUkNVMWhZTXBNcWtYZFFDUUZ6TVNVWUk3a0dwVVVBVVZ3UGxmZFhvVU8zYVpvT19tSVh3SHBsRXVPZy1G?oc=5
주왕산,탐방시설,사과처럼 울긋불긋 주왕산 단풍...탐방객 안전산행 당부,1,1,BBS불교방송,2025-10-30,2025-10-30,https://news.google.com/rss/articles/CBMia0FVX3lxTE0wWXA0NDUwb2JKOE1ZZVVuVUVKTXdtSjBRdVVERzctS2NiU0p2Y0ZiN1kzMTctM042UmI3X3F5RjcwY3ZFNmxSQ0ZIaHBmVGhQa014TGl6N0VwTmlTbjFmS1RHaVFmRHFNQ180?oc=5
(전체·공통),기타,“이번 주말 당장 떠나볼까”…‘단풍 절정’ 국립공원길 7선,1,1,농민신문,2025-10-30,2025-10-30,https://news.google.com/rss/articles/CBMiWkFVX3lxTE1JVG9BWlBvUWFiTWVvNUhuc3lJNWtOblgzSGdlcXlMU0hoX3c5UnhGZEF6YVlYYVJoMjNEeGthcHJ6Nm5ZRTlQaFF5VGQ4WmdlQmcxSjNtZUduZw?oc=5
태백산,기타,해발 800m 쉼터 '태백산민박촌'…연평균 1만6000명 온다,1,1,뉴시스,2025-10-29,2025-10-29,https://news.google.com/rss/articles/CBMiYEFVX3lxTE5ialh1YWlfdXFMSzFQUlgwRGdjdTU4cnBJZWpRTXFsdnNVVWpwM2djbDJDTjZaZXR2SDZvcUlhaWhfdWtiZmRNREhlX0xqRlRwSlVsZG9CNkZSTzJiZEpwcdIBeEFVX3lxTFBHQzRQcFRDTkJ3UjhBMmktLWoyZmdXX0ZXdm9IUDg0cnplWUxDa003dGxQWjhWY2V3ZFg5MFdKeEk3V3RCWEZCbVFPU1pGd2N4UTJzNWI5MEI0MndwaVdkSXlQcVFDUEMxc2xEWHRfdWt2U1ZUT2szcw?oc=5
한라산,자원보전,한라산에 웬 꽃사슴?···생태계 교란 우려에 제주서도 유해야생동물 지정,1,1,경향신문,2025-10-28,2025-10-28,https://news.google.com/rss/articles/CBMiWkFVX3lxTE0yX1Jfd0N2ZVZTRW1IVUg3NTBoNGZCSDV1M3diS0FIa1RPczhHSEd4QWFXeUoybEVYT05EbmpPNnZia1JPSXh1NXVhQ3lHanFvYkFCRk5PUWpqUdIBX0FVX3lxTE4zNFZOb20wbExvRC1GeGxIQ0FfU3FiemQ5VVNNMVU4a3JmUFBjR2I3MXV2eW1zc254MTFCNXM5TGdfY3JXb3FFYy1LejVfY0tHQzFMUlJLd1BxTXlSeWtZ?oc=5
월출산,자원보전,"영암군, 월출산국립공원 생태탐방 투어 연말까지 연장",1,1,뉴스워커,2025-10-28,2025-10-28,https://news.google.com/rss/articles/CBMib0FVX3lxTE00eHpPMkR0dDI1dzl4ZEdfajdfeFp0dlNfUnJIT09mQ2dQaU1zYmxKVUc4emVTaml4cnpEbTBtdGw1dE8xY3h3QXBid0VURFBZWm85ZE1QMmpHVGFaRW9CeUg0NFQ5Y3lPMDVKanEySdIBc0FVX3lxTE9DdHRodUkzMzd2NHZnZ2lVei1NN3NYVU11SXNUSzJJTmdSOXFINzR4cVVIWHVmV09JT1c5UGFyVXdhOFlUSVBxemN3QkY0bFh3bERKVzRKMlRUY1JXal92T1duLVRGZDMyajB1bzR4eUZqMWc?oc=5
월출산,자원보전,"월출산국립공원·HD현대삼호, 생태계교란식물 방제 활동",1,1,남도일보,2025-10-28,2025-10-28,https://news.google.com/rss/articles/CBMibEFVX3lxTE1lTmdYbV9uZ2FmUVlVclc4M05wT05uQk5SVVItZG91NERqVDh3R0FMWVZTUllKTXRZVk9tendoc3ZMTFM1aklydm9ScHBoS0FFeXJpVXFwbUdwWWVLWDgwZWxFMUtsWXJEQ3dJSNIBcEFVX3lxTE9WaDQweTdFNjdWSENqTVhsRmRwZUpkRjBPM0ZFLWpIYkZlemI4NmZ3d082Ni11Wko4ZTFmdlQyR1RUSXFkZXNqSkRUS21jMlZ6ajIwcmVxN1prT3hTZGExT3JHZGRzcU14bmxlaEVCYlU?oc=5
변산반도,기타,변산해수욕장 주변 도로에서 본 변산반도내 바닷가,1,1,OhmyNews,2025-10-28,2025-10-28,https://news.google.com/rss/articles/CBMieEFVX3lxTE84ejI1dEhaVVUtTGFmMUtLdWp6OHhPUzRMejNROHBETlhYZWhzWjNmSkxJcG1NNFpIdi1iaUVKUmJma0tUalFxS01tWTR4S1BLQndSUEdpQmZZNWpOT3pCa20wWXRIUUNROHhsQXF0eXRtbkNtdUQ5Vw?oc=5
주왕산,탐방시설,"주왕산국립공원, 청송사과축제 참가…국립공원 가치 홍보",1,1,네이트,2025-10-27,2025-10-27,https://news.google.com/rss/articles/CBMiU0FVX3lxTFBIT196bTZVU0paWHNvYTVTS2NYN3diM3FpaElBZ180SWx5dXRqc1FRVjExNUtPM3FhdUtGU3gyaUNVUVU4TDA3dnNrRE1NNWtTWUg0?oc=5
속리산,탐방시설,"“속리산 화양구곡에서 선명상의 진수를 만나다”...괴산 채운암, 선명상 수행 프로그램 진행",1,1,BBS불교방송,2025-10-27,2025-10-27,https://news.google.com/rss/articles/CBMia0FVX3lxTFBRVE1na00ySWQ2MjJOY3drY0hQZTBsaDdyN3ZjRHp4WDRNa2pwOGZWRVhQWV96dzB4U0RaeWJpT0Y3ZHpubU9Ea1JKNGhISUlENzZtYXFUMF93RzVodjVMWGZnRTIwcm9kZkdZ?oc=5
무등산,자원보전,"""잘 살고 있어서 다행""... 한반도 멸종위기종, 무등산서 무더기 '포착'",1,1,오토트리뷴,2025-10-27,2025-10-27,https://news.google.com/rss/articles/CBMicEFVX3lxTE9iZ3hlemdTWVJhZjZieXNYbUppVTdHLXFUUkhjTzRJMjhlRlZnbjc2SmNMRU9iMF9oeDhKUkhReG9UdzFXS1VJTmhTc0RLdTlOd2g5N2pUcURCNTBmOHVjNm1NR1VNRkJNNk9MU1ZzSHY?oc=5
무등산,탐방시설,"무등산국립공원동부사무소, 화순 고인돌 가을꽃 축제 참여",1,1,남도일보,2025-10-27,2025-10-27,https://news.google.com/rss/articles/CBMibEFVX3lxTE5uTEdYSGh3cTJWYmtUQmFjVDdoLU5DcThHMXpOZjRnc0JLT0N5VmZkbWY1WVJhakRuWGJMelZQWTZ2QUplaTFFcEdUN2d2Z09sVnJlR3lIaXpCa1Nxcm1FaGRTQzlXNUQzSFBCeNIBcEFVX3lxTE8xMnhEb182eDV2eXhMV0hEZG9IV0lzdklwTEpBR1pKZkRkeV9acXVKaklOY3RnMDdqZHVRQzhiRDJNYXdFNVZqTV82WFUzU0dxemdwY04yWVd0WnVTTDdWVzZDMTlDTF81TjZNZWo2aGg?oc=5
내장산,탐방시설,"월영습지 옛길 복원…정읍시-내장산국립공원, 생태탐방로 조성",1,1,연합뉴스,2025-10-24,2025-10-24,https://news.google.com/rss/articles/CBMiW0FVX3lxTE9tTGROVmpPalBEWUVIVmhzNjk1NWpSa2ZVSGx1S0d5UjVvQmptUzNCV1JTN2Z3S1ppbjlRVjJDeXZVbGZCeHZaZTF5eVR0aGFzMVk0SjByUXNiNk3SAWBBVV95cUxQUU1CbG9lS09LMi1fRWJGWUNhZ2p0VUVhaFZCd2hlR2FLeXJ5MTRGNDdqa2dzUkx2SXk3Q0I2MDdXMW51bl9pRzA0bm12QjJST2FyRkk5ZnpnelByMWNVQlE?oc=5
속리산,탐방시설,"속리산국립공원, 휠체어 이용인 위한 무장애 지도 배포",1,1,보은사람들,2025-10-23,2025-10-23,https://news.google.com/rss/articles/CBMibkFVX3lxTE5JTG9sWG83ZEwwNkhxOFU4ZWx3X2FKRWpsTzZCQWs4REIyUDkxUS05VUxhQnY4eHFkMzEzZHZZMUdwUGZlTFl6VnhSV0hNdW5faU9mVkJDaEJYNnNtdFVHbDA0VGE5anc4UHMwenJB?oc=5
(전체·공통),행정,"관광공사-도로교통공단-국립공원공단-보훈공단, 이해충돌방지 협력 위해 맞손",1,1,매일안전신문,2025-10-23,2025-10-23,https://news.google.com/rss/articles/CBMiWEFVX3lxTFBPRjBJSjA4SUpiRlUyYllxX1pVVVhQZmxObEpzemI3QWE5TWh2dmt0eDlnNTBkc2NxWjB5TmF1OTJZUFJ0VktqOUdVUnozUXZpcnN3UTZucTbSAWhBVV95cUxPbno5QjdFZUZ0M1I0eWR5WWtUaVlqUFdwUU5tdTBpbVZ0Wm9jSUgtZm9TMzZRZ2dZZ3ZQUlI3ekM3UmFEZzBFZFVtcVVocDllaHBVUU5SMWFmelMzc0t6TkptYlNvV29RQg?oc=5
태안해안,자원보전,"멸종위기생물 Ⅱ급 ‘대청부채’, 태안해안 무인도 자생지 복원",1,1,환경과조경,2025-10-22,2025-10-22,https://news.google.com/rss/articles/CBMieEFVX3lxTE1XenFjSEVRTWk3am90MVkxZFpDemxVemgzOHE3QTZnb2VSMDFyTnNIMjI0YUdRdl8wWENZdkJVeFh2bDh4akEyRTNhQ2V5ejc2TkZyeC1SVDJDWDJac1p0SXFPT3B5ejVkU3JEV2NueUV1dXFJTHBDVA?oc=5
내장산,기타,"정읍시, 25~26일 '내장산 웰니스 트레일 페스티벌' 연다",1,1,v.daum.net,2025-10-22,2025-10-22,https://news.google.com/rss/articles/CBMiT0FVX3lxTE85Z3Y3R1BtWlo4ZmxFUFNTNS1hdkpsTHBuUWkyRUhoOThsR2Fvb1JMWjY1bHVYazZ0b3FScC1POTQycFpXN09PREo0MUhHZEU?oc=5
속리산,탐방시설,"속리산사무소 ""단풍구경 휠체어도 OK""…무장애 지도 제작",1,1,연합뉴스,2025-10-21,2025-10-21,https://news.google.com/rss/articles/CBMiW0FVX3lxTE8waUxqTXdYMklsLVl2aDhEdXBfMGM2ZkdPRDRPRkF4R3c5RWhHX2x0ejFPLWo0WDE5MnV6UGN5dUV3ZnJ3bGhJb0dBdkNQblloQ2xlaGtQTE9oNWvSAWBBVV95cUxPWkpRT19sLS1ldkp6Q0xhbEQ0amw0ZThyTFBEdk5iM0lrUTdzZHpnQS00MGY1ZlpkbGRtZHBwX2RNeFV5QkdweTJneXJjNFROWnN4ZzZwdEx0WTB4VG9NbUk?oc=5
설악산,재난안전,“여긴 사람이 죽어요” 설악산 1275봉 ‘출입금지’ 당부한 이유,1,1,문화일보,2025-10-20,2025-10-20,https://news.google.com/rss/articles/CBMiUEFVX3lxTE1NV3ZSX0IzM1drR2lvWkN4YVZjVWtEd3k4ZVJEaTZ0bXJibEtkekFuU0xqRHoxanNmaURXbGU2b1pnZVEwTzR3NWE5aHVSWTA1?oc=5
(전체·공통),재난안전,"[단독] 집중호우에도 ‘해발 1460m 출퇴근’ 국립공원, 38년 만에 대피소 유연근무제",1,1,조선일보,2025-10-20,2025-10-20,https://news.google.com/rss/articles/CBMilwFBVV95cUxOS3R5dTgtRWNrSnJ4cm5VelBHUkhTSTY5ZGZnNlE3Vk5ET2F6M0dGOWlJelJrQVI3VmxBWTlIckNSMXhjMUF5YXdVMWVzc0lkOGppXzNCcEdSNFVNaldQVlFCUXktYlpUMXhaNkMzMFpGMmVUak1iSE45NWw3bkVRSzNHSFNiNEgwNXAzREhiNkRZellFRHRZ?oc=5
설악산,구조활동,"“인증샷 따라하다 추락사”… 설악산 1275봉, 사고 속출에 ‘출입 금지’",1,1,조선일보,2025-10-19,2025-10-19,https://news.google.com/rss/articles/CBMikAFBVV95cUxQV1V2eWZBemY4eFBINF81Rm1HdkRzQUxqNV8tQ0NMMWFlRm5KWk40c2JHQkRmZzNtSm1vbW1RdHhXZXJyNFJGLXFmbU9ITnh5WDY2Q3drRjduYy1WTXVMQ2tDOV9vaGlfdHZsOVlRR2ZSbW13Z1RGREV6N1VuX1FyYi1lSVFUXzB4VW85cUVmTGw?oc=5
설악산,기타,인증샷 찍으려다 영원히 못 돌아온다…설악산 금지된 ‘등반 명소’ 어디길래,1,1,twig24.com,2025-10-19,2025-10-19,https://news.google.com/rss/articles/CBMid0FVX3lxTE1fN1E1eUFGc0NUZ0NOQkFQX3RUWmlTeTh5Q0MxcmVJY25MMHN3VjBmODdVZmJURTludVVHdldtcWxTdjg2T0Y2eUZMSUdDZ0E1U3QtbnFWTGpDMmhMTG90V3gwcUJUU1g5YzZwbmRrVkpMRVFPWUtF?oc=5
(전체·공통),자원보전,"국립공원공단·㈜에코프로, 해양생태계 보전에 나서",1,1,중도일보,2025-10-18,2025-10-18,https://news.google.com/rss/articles/CBMiZEFVX3lxTE5OODlLQnQ1UnJuZXptS1d0ZVF3MXNtTFdqOGswdFFwaF91OVBoSDdCZVA3NDFmSnRYUW1MWmdpQkNpQ0YxWXBVNGVEczI3MlE5VGtDVzB5ZUp4TW84dC1XVElCZFQ?oc=5
설악산,기타,"""인증하러 갔다가 영영 못 돌아온다""···설악산국립공원이 'SNS 글' 삭제 요청한 이유는",1,1,네이트,2025-10-16,2025-10-16,https://news.google.com/rss/articles/CBMieEFVX3lxTE1JTzYtUHQ3YjQ1M1hwamg3b0hHdzRjWlhtVWVvbTFlNVhDZE5BcDZKdVVpSlBlQjJldVdxOXJjTzFsbFp2alFiQzlCdXlhaWlzamt2dkdHaDNiSVVMNHZDdmljekU2eENZVlMtRTVfRlNzSVJNTU54NQ?oc=5
변산반도,행정,"""변산반도국립공원, 지정된 장소 외 차박 안 됩니다""",1,1,뉴스1,2025-10-16,2025-10-16,https://news.google.com/rss/articles/CBMiVEFVX3lxTE1DSjRfdzVRazBKRVRHblhtWFZkUlAzNmZZOGFaSmt0SjhqVzZhYW9qdHVJNVVjTzVCNzFVeV9wOEZ1LWI4TVBNXzJCMXBsS3M4Z3hiS9IBWkFVX3lxTE1VVk5vd2JPRUxCTDNXX2ZqdGJwXy05YlRoMjluTkoweHJpTUVwTncyVWI2NHVSNnFYWlc4UW5HU2syaF9LWEctNlY4THFscDgyYVpWQ3MxcHdrUQ?oc=5
변산반도,기타,"변산반도국립공원, “불법 차박·캠핑카 더는 안 봐준다”",1,1,전라일보,2025-10-16,2025-10-16,https://news.google.com/rss/articles/CBMibEFVX3lxTFA4YTFxU3V3dFkwWFhuR0NiQkQ5LUlvdTJHTGRQSmZTU1dxY3RHZ2p6RGg4cUp1TkNsMzF0UXVVM0YwUExqTThLWW80R0hFaEFrdmxMcDE5MlVyVkpldEVWcWk4ejlDNGdfVWNXU9IBcEFVX3lxTE9jeXlyRXNjZnpzX2VJS1pKU3pkYWFQbjZjU1kzLWZka1FpaHZRNURkRENqX2NnRWg5S0tXZGF5U1lMLUdqMjFsc3gzdmFpWTFKTTM0TVZ6dHVxX1laYWhpRDJnd2xXT3g1LTNxYjJjREs?oc=5
덕유산,탐방시설,“국립공원의 품에서 예술을 만나다”…덕유산서 열리는 가을 치유 프로그램,1,1,타파인,2025-10-16,2025-10-16,https://news.google.com/rss/articles/CBMiWEFVX3lxTE9IZ1lBNUFJN3Fmd1pqNVJRQndCb3VsU0ZIc3pFdmtpR3RCSjBJVFZiNlJZenVQOVhqMGc5eGp3N3pJSTE0NklFbzYxcS1nT1hYNTY5cDQxWE4?oc=5
(전체·공통),자원보전,"캠핑·차박 늘자, 국립공원 불법·무질서도 쑥쑥…집중단속",1,1,뉴시스,2025-10-16,2025-10-16,https://news.google.com/rss/articles/CBMiYEFVX3lxTE85dnlpRGVVb0wxbUcwM2JQNTFra0VGUnloaFVDWG5aelJlQWNkQWw5OFZHUlZTenhBRlFpSm9uX3Via0s5S1lRYW9OZVBkM2ZlZUlsUFVZWk5nOFM2MjdPRdIBeEFVX3lxTE9QdS16TVRhZ3ZZOFJOLWdJTGROakV3S0o0bmU1cWJoV2pyWjdxN01vQlYyaEZXbjJwODJNUkEycmtGV1RGcEd6b3pCcmhUVUwzMDdMNHpBdHBWREg3YnFsUkxBdFVQb0JQX2ZzeFJacXIyN2lZc1RDRA?oc=5
한라산,기타,'고양이에게 생선 맡긴' 한라산 흡연 단속,1,1,삼다일보,2025-10-15,2025-10-15,https://news.google.com/rss/articles/CBMibEFVX3lxTFB5LXNsSXl5V1VsdVJXRnF5ajJUNU91SkU0RnRFMjNvX2Jsc0FhNWFtaS1wb1lHb3p3Z1ZheGxIbTBNUEFiZ2RQTDh6VkR5ZG4tem9fcWJ6cXJPZmdDbzFUSnhIY015aXdWNUFZMA?oc=5
팔공산,행정,국립공원 승격했지만 관광인프라 부족한 팔공산...인프라 개선 촉구 의견 많아져,1,1,대구일보,2025-10-15,2025-10-15,https://news.google.com/rss/articles/CBMiaEFVX3lxTFBRazcxU3dPNFV4YVRCZzhNMzdFTnc0SGxMalVrZ2o1NjhRVkNlb244UHN1NXdJdGZJeHZpdktWejI2cHdDVDY2NEZNajZQVDJOODRTTlJ5T2pBMTYyNDJJRm1IRXZZQ3lV?oc=5
설악산,기타,"""설악산 금지구역, 제발 오르지 마세요"" 경고 나왔다…무슨 일?",1,1,sedaily.com,2025-10-15,2025-10-15,https://news.google.com/rss/articles/CBMiUkFVX3lxTE9VWlVSeG1uYUdQLTNCVDRNRzdNbXVpX0poV0xtZGFxYW90R2tjMGNva2hHeHBkMlZleVdPRHVVQ001LTI3MTcybzQwRDlocVE0QVE?oc=5
설악산,구조활동,설악산국립공원 “추락사고 1275봉 출입 금지…SNS 게시물도 삭제 요청”,1,1,강원도민일보,2025-10-14,2025-10-14,https://news.google.com/rss/articles/CBMiZ0FVX3lxTE43R0NSOTk3Q1drdnR3RmhyckdBb0M1TVhNWWdnclRxdjMxaXVMU2FyazZZSzRkSUI4VkxFU1ZwQWV1ZjFGYkNfLUlaejkyMlZLN184R3RDcFV6d2VxUTk5dWdPcmRVSk0?oc=5
무등산,자원보전,"광주시인재교육원, '무등산 국립공원 외래식물 제거' 봉사 활동",1,1,한국NGO신문,2025-10-14,2025-10-14,https://news.google.com/rss/articles/CBMiakFVX3lxTE84LXFMVUxDUFRaOVJER0xqMnhybTJxUXpkMTExbHZFNkdubTZBSnRmU1NtM2daa09nN1YzUnJLMjRnX2xGUl9wb2l1Y1FPNlJtVTIxRmxLYzJERjBNM2lwVzAxWkNEMHpZNHc?oc=5
설악산,구조활동,추락사고 속출하자 “인증샷 다 내려라”…설악산 금지구역 ‘이곳’은,1,1,농민신문,2025-10-13,2025-10-13,https://news.google.com/rss/articles/CBMiWkFVX3lxTE4zU1BOeldLaWRoZWk2VnctelY0NkRha2JUMEhVQWtvZ2dqUW82X3VTdjNjWkczNGo0V0xkVHJFcUFleVE0ZTNaOG1YeFIxbTR2cnVfcFB5ME9Kdw?oc=5
태백산,탐방시설,"태백산국립공원 '하늘전망대', 추석 연휴 발길 '북적'",1,1,뉴시스,2025-10-10,2025-10-10,https://news.google.com/rss/articles/CBMiYEFVX3lxTE1MTm84R214Zzc2VUtFeU8yQ3MzVmtHMkdpdm5WSWVVczBObV9VWkhIN21ZNGpITmlwNGtHdGZWbXg1ZXEwWFJCS1QzdDMxcWJyTWZLOHJ0THdpQ0NTUm1vTNIBeEFVX3lxTFBjc2NSRFBqNW81S3dHV3hpM1g3S1ZqWmFhdnhMUlZhNFpRSkFFOXFpSFdJVlBQV1RWWWZtTzNOMVdTMW1QNExmejB3NWR6TnhuVkdKdy1LeUFtRzZTYTFZNW1Qb0lsclZhMmFMUWtuLXh2VzU5cWZGSQ?oc=5
무등산,기타,“무등산 정상 오르니 영화 속 한 장면 같아요”,1,1,진일보,2025-10-09,2025-10-09,https://news.google.com/rss/articles/CBMib0FVX3lxTE5zNEo4am5fdFVnMm8xSmRCb2NNRDBxOUktOS1sRFZiZ0ttX2FMNVRSYVUyNmRDNk5TUUhKdlF0aUhwUUZxaVNJa1RPMXFTeGhPbkZHOVowTWxIVHQ5UlJHWWhQZmVlTVRVSHZ3QzNVNA?oc=5
무등산,탐방시설,"무등산국립공원, 추석 맞아 아동복지시설에 생필품 기부",1,1,남도일보,2025-10-07,2025-10-07,https://news.google.com/rss/articles/CBMibEFVX3lxTE53ZW1nenNuS05kbTRDdDVTMDdpcEVFQVNDWVYzWWZET092UlJTMzYyVllSQUVNUUx6WVR5Qnh4U1ZQT0liZWdoRU43b1NzdGtfMjN4WkJNUVZtVXM3RFRXN1NUelFQY3pHTlN4UtIBcEFVX3lxTE1CdEtBZGR4aGlMYnZjX1A2b3NGY1NyenFtOGdxUV9NejVjR0hGTjF3cTYyUVdMaEFlX1JhOGZETXlCVjBOYlZHUk56RWhKNGxrbFp0RmphZFdjdGR1Z1JyRmhvVGdLVkEycWcwMk9jQlA?oc=5
소백산,탐방시설,소백산국립공원북부사무소 ‘연화에 달과 별을 밝히다’ 탐방프로그램 운영,1,1,충청타임즈,2025-10-03,2025-10-03,https://news.google.com/rss/articles/CBMiaEFVX3lxTE4xM2EwRFh5VkZxWHdoMzZ6cmo4akd1ZDdicnNwWFY3SVhGUU5OUGtscUpMamFHV0lVR0tiMDkzclF6Y1ZqbjBMVjZvcG5jenAzaF9sSGJoVTQ3WUdlZ1NubVVDSThQWjYt?oc=5
오대산,탐방시설,"오대산국립공원 천년 구도의 순례길 조성, 3일부터 개방",1,1,강원도민일보,2025-10-02,2025-10-02,https://news.google.com/rss/articles/CBMiZ0FVX3lxTE15eXZyZGRacGQyWFk1SnJOLXNOckZLV0Z3N3lJeFlXZVBXaXFMUHN2X3JPZEhibk11UWtfWnV5TDM3LV94NHE3WDI5M2xXbmpiU2Y3U0I4QUZLVjhrVXZIUFNTM1lvWjA?oc=5
오대산,자원보전,"오대산국립공원, 자생 토종 잎갈나무 증식 성공",1,1,연합뉴스,2025-09-30,2025-09-30,https://news.google.com/rss/articles/CBMiW0FVX3lxTE1KcE9DUjdVWUFaWU5mc2o1YVBlU3ptejBvS0pTN3R4S2V2WFhGblNoUWItRGdTRlRTUlZUV3hfWVN1aUhET05UTXlqNlBmTDh6ZFE0eE1seXllVDDSAWBBVV95cUxQZ3RLM1J1ajNEUGhEZHY1akMxazVvdFl0dmxjVDEyVFBGaXVLd1hoSGlRUndIRnZObDFrRmt6ZlVDVlNTd0ZNV3B3UnRLZ2xIVUtSUllfZTlOb0IxR2t2V2Y?oc=5
(전체·공통),자원보전,고라니 사냥하는 여우… 국립공원의 먹이사슬은 잘 작동 중,1,1,kids.donga.com,2025-09-29,2025-09-29,https://news.google.com/rss/articles/CBMiaEFVX3lxTE41OTVIeFEtUlM0UW9jVUVNcjZVV19qRFlBdUlhYzR1OWF0TndPQ1EwZ3ZIc1llblMwc0UyTnpBNEVMZ2NfT2ZGQTQxNEJ0b2pURExyenNzdkY0M2U1TjJleG96SmV4UlJY?oc=5
오대산,탐방시설,오대산국립공원 디지털 안내시설 설치 운용,1,1,강원도민일보,2025-09-28,2025-09-28,https://news.google.com/rss/articles/CBMiZ0FVX3lxTFBGZ3NzQXJQTEVxYkVtXzdZTVpIdTNFSnJtY0ZxVUpHYzUzczkxVjdWSkdEWXZBWVBoYkVucUFPYXRtM1AwaWFja1luZHJQTEViVUt0d05TR0xOTkdLSlQ1SHVrSjVzaVE?oc=5
덕유산,탐방시설,"덕유산 ‘호텔급 야영장’…아이들과 함께라면 전기 없어도, 양손 무거워도 괜찮아",1,1,한겨레,2025-09-27,2025-09-27,https://news.google.com/rss/articles/CBMidkFVX3lxTE0wZnc5R3E4elgzN28zRXotc1pfa01oUXNrYW1GaHpHTTZab08xSW9tQTIwSU1MdDFhT1hON1VhWkNmb2tWajdLWUlETXVhTDVrQnVFRlJwU2NCWFBhVTYyRVNVTEJIUXE4VzNBR2JaME8wTmJhUWc?oc=5
(전체·공통),기타,"포스코DX, 국립공원 디지털 전환 지원",1,1,정보통신신문,2025-09-26,2025-09-26,https://news.google.com/rss/articles/CBMiaEFVX3lxTE5CczYwWWFBb1g1RTN0b2dPWmdBOXNaR0x5amVkeTFGbGtEamVyOHQ1MXpnSi12YXhXb3JxSWtxUzNBYzdlNlF4dUVJT2NMSGdoRFNOanZ4TGh5RnlucUxwTURlR3RCcjlr0gFsQVVfeXFMTTBwSE9yOWpMb3dmS0V0eEx6d2dtZHdxdnJhbmUtTU03UTZqazRSNVR6NlV6ck9jbkZhTHVuLVVKRERsRDQ2Mkt5UHpvQmVVRVZya0JYeDdDLVk1djJNZ0VyYTFKREZRcGltT1Nx?oc=5
(전체·공통),자원보전,"“국립공원, 균형 잡힌 생태계 먹이사슬 형성”",1,1,에코타임스,2025-09-26,2025-09-26,https://news.google.com/rss/articles/CBMia0FVX3lxTFBwTzlDRXIxVnhncE9WSzg5N0dIV0FXWDJPdzc4RzlOQTVZYmlJcDZTSk5IMnhmWks4ckVDdUIwNUdDVGF0ZGZTckhwWkJJeEUtazVrQTZJWVpOb2MzOW1pbzIyTVFHSzV3S2lr0gFvQVVfeXFMTjRZZUJ3UTR4cGJrS0UzVGdrNkMyUXh0dEdpdnkyME9fcERacjc1SWIyd0R3cDVIQlhlS0thYnZpSUdFRDhqbldmaWQtUmRpUm50N1A0Q1NqYWVjR3ViMWxRaFZBbGFFdlNYU1BuUUkw?oc=5
(전체·공통),자원보전,"멸종위기생물도 녹아든 ‘생태계 정상화’…국립공원공단, 먹이사슬 장면 공개",1,1,v.daum.net,2025-09-26,2025-09-26,https://news.google.com/rss/articles/CBMiVEFVX3lxTFB2a2U0UjJhZUpReVdvZTAwUzluMHV5OHRXdGNOaV9DSHZQbHpTdU5uUTV5Z21hSEs3b3J4X2NwTXQwRTFQSjUwUnVQWi1NeURqcTJYRA?oc=5
설악산,기타,설악산 비법정 등반 부상자를 비박하며 구한 대원들,1,1,월간산,2025-09-23,2025-09-23,https://news.google.com/rss/articles/CBMiZkFVX3lxTE5sSWZFOVhfQ1FjVzZsVGxzaTlqOWJ2c0cyazlpVFFPNmVUR0xhN19KaGdvaWNxTFdrVHZ1eDBIbDBEUkp1QnhGY1JmSEtnY28yM1hBWGtONktHdmt1V3V3Mjc3Mk1QQdIBakFVX3lxTE1iMHJVNkxGNVRoVC1JdDczeVkyQTl5NG1YeHFRLWttZU10eTUzSkI4b00wanhvdk10NVZyTWU5d2tIOFRHZXR0NVo2Sk44UHF3SVZQQV9zeUpPWTJ3WkZ3V21WeF9LeWlkWlE?oc=5
설악산,탐방시설,"선진국 국립공원엔 절대 금지된 것, 왜 설악산에 설치하려 할까",1,1,v.daum.net,2025-09-22,2025-09-22,https://news.google.com/rss/articles/CBMiT0FVX3lxTE9CRDF2WFlNb05reWJVOEwxakNQOG55QmVGbGNLemJySzlGYms2SlM5ZVEyOG81SGVBS2ZIYmw1TFdKT1Z5cjlXMEV5cmFjUEU?oc=5
(전체·공통),기타,[SDG 14] 국민이 함께 만드는 깨끗한 국립공원,1,1,SDG뉴스,2025-09-22,2025-09-22,https://news.google.com/rss/articles/CBMiZ0FVX3lxTFBJNkxtczZTckZLN21acktMb3FRdld5eTQ2ZkdSVnV0QzZEcjhEa1dEVWliSEFGOVN1aWNQbzVEN084WlBZNWdVNTI2YU5WbDhnRl9YTjNpOXBYNFFHVFVsLV81bDJiZ1nSAWtBVV95cUxOeTJoMnRwX01HMUd6bk14MTZWaURiWS04OFpQeWRncHVlSHgxYk53U1Q3NFNrRG5MMHZ1Uk1haENjeDhLTVg4NnlrX0lVSm9oMGpXc3ZVMW1wSzNrWjZjWWRNVS1pa2VScldISQ?oc=5
(전체·공통),행정,"국립공원공단, 해상·해안 국립공원 플로깅 행사 진행",1,1,환경일보,2025-09-22,2025-09-22,https://news.google.com/rss/articles/CBMiaEFVX3lxTE1XVk1Xbk1rR2tJWlF4b0RDTFJjQkhCU1k1bUpaa0o0Z29ubUdBNEttREFTS1JzY1RhVFcxODhSdkJzdlV5YWphOEg2SUxxYThNcVc2Tmt4d0J5emdJQlROMnE0Vzdyb1hv?oc=5
월악산,행정,"월악산국립공원, 제천시·충주시·문경시 청년센터와 업무협약 체결",1,1,아시아투데이,2025-09-21,2025-09-21,https://news.google.com/rss/articles/CBMibkFVX3lxTE5oQlA2a2NWeGwySnJZY09neGpZX3VhZHVQZk5xREM0MkZ6Q1luWktqRGtxOHowWnAyaFFpZFRoUlc0c3JYOFpBWmNNVVR0WUg4NDBLNkJIQ2RySDBtR3RrclNOWUtOc294am5ROEpB?oc=5
무등산,기타,2025 가을엔 무등산! 단풍·등산코스·맛집까지 명소 3곳 추천,1,1,고향사랑기부제 위기브,2025-09-21,2025-09-21,https://news.google.com/rss/articles/CBMiVkFVX3lxTFAtRVVubHRsbTJKckN2MlpKYXlHNjRBRHZqN0ZTQTgtV05vMy1hbTNnZVlFTm9NMmdhaGo1eFJMQ1Q2blBlWTExa09UWWV0RmpLTDJRbU1R?oc=5
무등산,구조활동,"무등산국립공원, ‘안전사고 연구 워크숍’ 개최",1,1,남도일보,2025-09-21,2025-09-21,https://news.google.com/rss/articles/CBMibEFVX3lxTE16LUVvVXdXY0wzT21Hd1lWbWFmTUpCQW5PSUlDdEpBaE5oWjNjZzNZRVZDYmJLWmdLdElTNmtQYXEwMDBrM2Z1eUNFVUMtSGdEWUJlNEwtXzh6SDhTZVVpeGk2aXk5VDR1RC1GX9IBcEFVX3lxTFAxdVZfU3JsT0VUSmE3MkNCbGp6WXdlY0RLT1o3STJObVE0TXo1TllPal9hakVBLUpQWnBtZjRBbzladHViVEpDeFUzVmZ5WUxMRWJUZFhiMUwyX09wakc3WTdPeXZPcXNfY2t3TTRuY0s?oc=5
(전체·공통),행정,"국립공원공단, ‘대한민국 새단장’ 주간 동참",1,1,ecojournal.co.kr,2025-09-21,2025-09-21,https://news.google.com/rss/articles/CBMiaEFVX3lxTE9rUEM5YksySjlQWWdsbVlXbENGSHdGMlFHTHplMXBpOXFaRXV5MWpzUjNyc2dqanlIa2c0NE52WlRGUlR6WC1MN0I3eEVzTnBfSFBkU3l5cnI2VmNCTnIzbVgxOENsa0Rz?oc=5
다도해해상,행정,"고흥군, 다도해해상국립공원 협치위원회서 지역 현안·상생 발전 논의",1,1,남도방송,2025-09-19,2025-09-19,https://news.google.com/rss/articles/CBMia0FVX3lxTE9hUHJTcXVrb1NXOExlX2tKSy1fZmNKOVdMOVhvX2ZXa0gtUm1MWl8xT2dZOGkwcXFmbFFTdjYzWEhISTQxOTI1M1NUazZVa2NyamVrc1J2cUY0SV9zVjFweWdIaklOcTg5Z2pF0gFvQVVfeXFMTklIS2pHVWRKVFhFWE1razEtdVpObTd5LXRSTzBDU05QNFIwbTJMMjZxYTVTU3lwZDlJWWdlWjlLcjNSTXVzQ05zM1VpNDVYeDNHWXdNa0FWV2NrRFd1WXB2bHh4MlZubkpWV0p4Z1lR?oc=5
무등산,재난안전,"무등산국립공원, 재난안전관리 노하우 전수",1,1,남도일보,2025-09-16,2025-09-16,https://news.google.com/rss/articles/CBMibEFVX3lxTFB1dFBOSkU4ZDlEWGpJRTNzRlFHeTA3UEg1Z21LSjJWSFJBSEtkZWF1OVBBR0NxNWM2c0t5NUxKSGU4RFpjNVRHME5Dc3dPcklEaURDRnNCNGFua2F6N0pZTUg3TGc5T29HYWxHRNIBcEFVX3lxTE4yYkUzSnViWGZzbzc4MkM0Qmo3WnhuTU1CVXhXTGs3OWVObHZsMVU2Ymc2cVNQUm9WSGRtSXcxUmhyWkx1NUFmVGZ3cU1QaUZPQXVXQnpEZlhscVlLcjA5MW1mUHZLX1VhNXNFUmt4RkM?oc=5
경주,기타,"경주국립공원, 디지털 기술로 마애불 3건 정밀 조사…새 도상 확인",1,1,kyongbuk.co.kr,2025-09-16,2025-09-16,https://news.google.com/rss/articles/CBMib0FVX3lxTFBIV0MzQmRtbm4wUnVKVEZTRS1ucWVvckN2bU9RUlR3bHZmNm1EaDNSMzRvUXRmazZvOXdyWUUwRUJiSlVicnVhTGpSY2pEbDYwZldjTVoyT092RkpoUlpVdEg2WkxOU2QzanZuenZJSQ?oc=5
경주,행정,경주 비지정 문화유산 3건 새로운 특징과 가치 밝혀져,1,1,경주신문,2025-09-15,2025-09-15,https://news.google.com/rss/articles/CBMiWkFVX3lxTE53OThpR0NnN3JfaEhyV1BmVXh1M0RCMXZ5RDljZmhnR2Izb0F6WEV1MmJuaXJnNjFpbVBtTDJ5SE1Ick5JVDJRd3JoaTVKOS13VENPUDNhS3Bfdw?oc=5
치악산,기타,"""자신과의 싸움""..원주 치악산 트레일러닝 대회",1,1,G1방송,2025-09-14,2025-09-14,https://news.google.com/rss/articles/CBMiZEFVX3lxTE5oYW11VmNWR2ZXSkszamdvaXpKMkV6bWdRUnNpdTVFRTczVWUyTktnRmU2MTltbFZvYXNyQmhlOXB5b1ZYYVBxTHJ1TUcyTTQteFQyck8yQjRkT2ZGLXpqTnZqUU0?oc=5
(전체·공통),자원보전,“기후변화에 개구리 산란 앞당겨져”…국립공원 생물상 변화로 확인,1,1,전자신문,2025-09-14,2025-09-14,https://news.google.com/rss/articles/CBMiTkFVX3lxTE4ydW1LcXRob2JsTm5JX2xrcnphT2VMZEVpVmFyMkxKNF9aSk00SWxZdGpjQk1XWW9SNkh2a2ZEbUtkVnhBckpINFhPOVpuZw?oc=5
(전체·공통),행정,도심 한복판인데… 대한민국 최초 도심형 국립공원 승격 앞둔 '가을 명산',1,1,위키트리,2025-09-11,2025-09-11,https://news.google.com/rss/articles/CBMiVkFVX3lxTFB2TDZtUGVfcENISXkyeEdfVXUtMnNGMkJzNVh6OVpZZzRFMndPdHY3REpvV1EyazlpeUFfMzV2TVlFNjVUVEF4Y2RyUUFUdnp6TGttQS1n?oc=5
다도해해상,탐방시설,다도해해상국립공원 탐방안내소서 한갑수 작가 도예품 전시,1,1,ecojournal.co.kr,2025-09-10,2025-09-10,https://news.google.com/rss/articles/CBMiY0FVX3lxTFAybmgxWk0zSTVMb0o3bktXRGxhSUJ1OW5RNkJSTnY2cG0xZHMzdl9vTlB5cDFxX3RFbm1NTS1BT3pXeDl2ZzRiaVdwcUhlcU5NR0wzbkdmdDNadkZ1cE1obDdGSQ?oc=5
무등산,자원보전,“광주 무등산 평촌마을에서 반딧불이와 생태체험하자”,1,1,농민신문,2025-09-09,2025-09-09,https://news.google.com/rss/articles/CBMiWkFVX3lxTE5BTk9EeG1ibWJwNUZnNm1WSWpNYVFpTzQ1SVZ0dGdRelNZUVhzTmJ4YVZOMGVJWTMtd2EybFg4blhmMDctSUtYakRLdlp2TjlWYzh6M2E0SXJYZw?oc=5
팔공산,행정,“팔공산 국립공원 승격 당시 약속 지켜라”,1,1,대구신문,2025-09-08,2025-09-08,https://news.google.com/rss/articles/CBMia0FVX3lxTE8wXzhnUGcyTzI2cXdDNG5hd095RnFOUmNXaFFPZWpFeGVFOEwxaEVfM1lWbkFMMkt1X2RPaWFueGwzVFQ2cUdrY0dvQUlaYmpsY0hlWUVoMDIzTW82MGVXTkpZYkF6cjI1aWU4?oc=5
다도해해상,기타,"다도해해상국립공원사무소, ‘반려해변 제도’ 운영",1,1,ecojournal.co.kr,2025-09-07,2025-09-07,https://news.google.com/rss/articles/CBMiaEFVX3lxTFB6R1JnQTFMeXJpaTk4MFQ2eklySDU4LWhSa09ZeVVWYVpnRnEySV84NWtDUm5HSGtBT1VVZ2JRNU5rTFVtM19Ra1BJNi13V3paV3BpRDB5N3RYSzl5Z0Q2TlY5M0lFOU1l?oc=5
한라산,구조활동,제주 한라산 오르던 10대 말벌에 쏘여 긴급 이송,1,1,제주의소리,2025-09-06,2025-09-06,https://news.google.com/rss/articles/CBMia0FVX3lxTFAySWdBbUhvLVlvbHFaRkdvcVlOV3lRZ0htdk5FWFdubVFkSl9wcExqYU5FQ3o3X2RKaUx2cERNWldXeF9tZXFGdWlqU09TbkwtSFlzNHA3UVJ6VXBEVjZ3R3AwUFQ5TGxEY0dB?oc=5
태백산,탐방시설,태백산국립공원 주차장 폐아스콘·폐콘크리트 산더미처럼 쌓여 ‘눈살’,1,1,강원도민일보,2025-09-05,2025-09-05,https://news.google.com/rss/articles/CBMiZ0FVX3lxTE5iQm9NTXhQQXQtVmhiOWgwUkxJZFBGTGVUZkdhamM1Mm9uUURfbUdFYUIyd2FmdUd4enctOTU2VGE5cGZXSTk2bzk1UllSVlF4VzlLWW1UcElMS09Jdjk4VndaVnVCcFU?oc=5
한라산,기타,한라산 지킴이 반세기 활약상 ‘한 눈에’,1,1,제주매일,2025-09-04,2025-09-04,https://news.google.com/rss/articles/CBMibEFVX3lxTE5rMTQxcnVRaFcyVVpaLVJQY2ROY0h2X1dObG8zZmRfREpUUTdpRnRpeWJuTWRpZHU5UE1laHoyOHdYSDA2S1BCR1dmV2M2c20yWktjNGNJSFVxa1ctUmxwZ2kzZnV2SWtsaU9sbg?oc=5
경주,기타,신라 천년이 살아 숨쉬는 경주국립공원의 지키미 ‘경주국립공원 서라벌자원봉사단’,1,1,경주신문,2025-09-04,2025-09-04,https://news.google.com/rss/articles/CBMiWkFVX3lxTE9MbXRqbUI5Xzc5ZW51MUhoV1hWZ08weWlmUFNDWG9ITlNEUXB0OXoyN1d6TGMtNEIxSGJzS0ZKdTVJZkVQVlpONXFUVVNUWkNkejUwY19pZ1pEUQ?oc=5
오대산,기타,오로지 대중교통만 이용해 다녀온 오대산 두로령 트레일,1,1,OhmyNews,2025-09-03,2025-09-03,https://news.google.com/rss/articles/CBMid0FVX3lxTE9wcGV0WHc4YmktamowOHA4LS1KTktXMGpiUW5MeUtrYnhRZ3hCQmkzWnRSVTIwdnJ0czloMnp1T3c4cmIzaGxsX3BwdlMxX1lVMmlOMGh0UXRIS2Jnb0V0UDZLczRQMXZULWM5MHd1TnBWOWpDTEVz?oc=5
(전체·공통),기타,자연속에서 다채로운 경험 즐기는 국립공원 나들이,1,1,K스피릿,2025-09-02,2025-09-02,https://news.google.com/rss/articles/CBMib0FVX3lxTE5LNTVYaDR3NGU0ekJHZ3NrY0I0cS1Kd2ZPYTk3U2ppRFpjeGl2Um01QUJqdDlWRERBX1I5MkhmSG9KNDhOZTNoRFBOYjZUdXJQVkNKODk4VnFSa09hRzZVUll6ZTQ1T21kNEo0TDZzUdIBc0FVX3lxTE1zSV9pVjI3OHJGRllfcVBkdzgySjFKeEZ5eE4wTXV1MWJ4b0xqVmNXb1NlWDV4R0FmM2pZUWxLNjRGYW9HbGt1SXVxRnljZUo5dklmNFJrazdQRVFKc2lHM1dQT0VCSmsxbFo2SkQwQ1dVVVk?oc=5
한려해상,탐방시설,"한려해상 ""상괭이 직접 관찰하고, 다양한 체험해요""",1,1,뉴스사천,2025-09-01,2025-09-01,https://news.google.com/rss/articles/CBMiakFVX3lxTE9jS21fMDljWWhPWHpvZVVBa3hGbGNlM3FDUzVqRUlKS1RnbjJMaFdyOUlScDQ0cVJGdXFXUGNtN2xpT05nMnVnTUVybGZWUGlWQkxEQmx6QW5jekhWRndrTmR5YXVHcGFNVkE?oc=5
한려해상,기타,국내 토종 웃는 돌고래 ‘상괭이’ 한려해상국립공원에서 만나요,1,1,국제신문,2025-09-01,2025-09-01,https://news.google.com/rss/articles/CBMijgFBVV95cUxNNEE1YnBoZEk5LUprMmFudWxBREVTWWwzcDFKUmtrNWJQOWlSRGRZM2gzVFR2ZTdrdTc5bEU1UnFNaGNfVmhwVEY4WkViUzZicjBsNU1DZDBBeTZvQmxvWW1aRVdPTXowRC1wMklrdmVDQlk4QTRXWmJtRE1HS0plbHQyWGdBeVAyZlRjM3B3?oc=5
치악산,탐방시설,치악산국립공원 구룡자동차야영장 휴장,1,1,ecojournal.co.kr,2025-09-01,2025-09-01,https://news.google.com/rss/articles/CBMiWkFVX3lxTFBFUmtOaW1PbzNZdnozSGJmdHQyVGRQMERTcEIzTnNJV3hHc3ZXR2t1Zm5INHpTWWJqWmFMTERDeEdGNXZvNnVlTlhBYXBsVGlqQnlSNVByVVBQQQ?oc=5
한라산,기타,"한라산국립공원, '한라산 구석구석!!' 네 번째 이야기",1,1,제주환경일보,2025-08-29,2025-08-29,https://news.google.com/rss/articles/CBMiaEFVX3lxTFAwY0VyWUJEZTNKOHFsc3hYblBqWU4za0hhcW5VQjRPenczNm8wUWQwWnU0V1c1djJrRW9CVzgzWkR6NURueEJxckc2eHhvbjM3clZ4Snc2WnRmZ3l3UUg4UkFSNjNWWUMy?oc=5
소백산,탐방시설,"소백산국립공원, 달밭골 명품마을서 체험 프로그램 연다",1,1,영주시민신문,2025-08-25,2025-08-25,https://news.google.com/rss/articles/CBMiaEFVX3lxTE56akp5eHFNOUZuY09QejFrRlNWcHNRZW9Vem81WTZZNy03Njc3QUFFdFpPbmhCZ1JYVGV0UDBjRzFXS016SnRYSjNHMk05amZHcGhpX2hJOHdLZWc2bUN2MTJCTXZORFY2?oc=5
다도해해상,탐방시설,"다도해해상국립공원, 탐방약자를 위한 ‘수상휠체어’ 활용 생태체험 운영",1,1,전남인터넷신문,2025-08-25,2025-08-25,https://news.google.com/rss/articles/CBMiU0FVX3lxTFBEMGIybUItQnhRUGdZZUxsbU5zMmUwWjZUS1dEZU1yTG9BaWN5dG93S0ZEQUFmcl8zdEY5dDJCLUF6Sy1HZXlpbFI1QTBEQ3J6UzVz?oc=5
덕유산,기타,[황우진의 별밭이야기-77] '덕유산(德裕山)',1,1,newspeach.com,2025-08-23,2025-08-23,https://news.google.com/rss/articles/CBMiaEFVX3lxTE5iaHZhbDJLME9ReF9vQS16d2RsMjB2eTRxUGs1Q0R4VGFOVlhzX20yQjJaeV9COGJNMUJ1V0YxWDlsS0txV0QtdFJzV0d2blF2THkzRGxROHNlelY4Q0hUN2xfcFhLTWNl0gFsQVVfeXFMUGRXZzBwN3pLaWJIUWFQc0hWRWprUlowQ2pYNmxfRnRacGtiZ3c0ZXBlM1M0NU14dko5QW5wc1NmUHg0VUtid2MtY1pjUWJWT3QyUm5kbGJMLTVVSWpNdGNYVEtWU0JzQWdvN0l2?oc=5
지리산,자원보전,"지리산생태탐방원, ‘지리 산책단’ 참가자 모집",1,1,남도일보,2025-08-20,2025-08-20,https://news.google.com/rss/articles/CBMibEFVX3lxTE1oNW9JX29qNHFhd2NkVFZZSXpJc3V6U1pTRV9JS0xRcVZYVmxCNGpuSzk4SDlKaUgzMmFkM1R0T2MtSWNXZXAtRGtFZElzVVdldDhZT1N2WGhKei1MOW8wWExtUEQ4M05ucnByZQ?oc=5
(전체·공통),탐방시설,기암괴석•노송 어우러진 “조선팔경 국립공원 여름 탐방지” 정리,1,1,발품뉴스,2025-08-20,2025-08-20,https://news.google.com/rss/articles/CBMiaEFVX3lxTE5OOUVPWk5WMWdXcFZiUUlnaE5xQUU0STRNbkZOOWxQeUx5QXotS1Rwa1pfZnZZajJuUE5GY2ZrQ2xWOW80SWhja094YkNXU3V3am1wLUVJQ3J1MDk0QWFEaUlRbG1rTERD0gFwQVVfeXFMUFFkaHRBV3RjSmpkZndfOFNoclFvSUJrVGdLdXRQZzhJVnltb1U3RzBOa00tT0JQdmRVMFczeElVWlZfaUhqZkZfaURxYXB3TmY3a3hBVFoxOVNuREY1U2R0ckhkelVsSkNvZm9ncXpfOA?oc=5
(전체·공통),기타,모두의 바다를 위한 에세이 14. 해상국립공원은 국민 모두를 위한 공간이 돼야 한다,1,1,현대해양,2025-08-19,2025-08-19,https://news.google.com/rss/articles/CBMiZ0FVX3lxTE5DSXZxbkM1SHI5T3k2UHVQTkh3U1Etd2hTazFVZEoyQXd2eU9BTEwtWXNmWDlOS0owVDhXYVVLRkZ1MmlVdWVtbFpzVHNnNlkyMDlhZFhfMTFSVUs4d0VZUEt5SXhTc00?oc=5
한려해상,자원보전,한려해상생태탐방원 위험요인 발굴 이벤트 진행,1,1,gjn.kr,2025-08-18,2025-08-18,https://news.google.com/rss/articles/CBMiYkFVX3lxTE1VelFibDRnbUQ3akhuNkxHd3NLZjgtdV9rR1ozb3pnQlVVQWFBMXBiOW83TWNuc2NQd1JEQmUtZk5zc0R6aXB6cnhma1MyRWN0OVZpeHJ1eTRCRW5WSWhPUHdR0gFmQVVfeXFMTU9QN1hwd3pXWDZqbnBBVlhtWjZfcThrUWlJYnRidmtuemFMOG9zeWpDaHdBcUpMal96QlJPeWhiUmxiV2gydWxGTjhkWTFncm0xY2pNdkQ1SnB5WVZ2WFNLUkF1VlpR?oc=5
월출산,기타,"월출산국립공원사무소, AI 기반 문화유산 보존체계 구축",1,1,남도일보,2025-08-18,2025-08-18,https://news.google.com/rss/articles/CBMibEFVX3lxTFBPa2d3ZTdmclFxTDB3Zlo4TFA4OC0tRm1Gbl9VbEpfRE11dlhjWEVZUm4xYWp3Nk9wRlQtSERwaGZ1TGlUTzliM2RndHgtSHJ5UVRra1lMZ2Rvcl9QTGFKVXVESFBtQ1lWVm8yONIBcEFVX3lxTFBFZFg0S2p0NlhldTdrOXVBc1hXRDhnZE0zX212dGptUFUyRVFyVEdMeXZaeVFtRmVjUktXZU02RnZETkVhT3drV01oWnZsT3NoaUx6azhfQ3JsSms2N1I3WFpOQ0dHclc4ZXo2aWdmeTk?oc=5
무등산,탐방시설,"무등산생태탐방원, 취약계층 아동 대상 생태체험 캠프 운영",1,1,로컬세계,2025-08-18,2025-08-18,https://news.google.com/rss/articles/CBMiYEFVX3lxTE9tc3VxMkF3c3FIWkp6ak91VVh6N0FtNm5LcXZ5Z3lKcE9PcGh5SXpfdnotZnJvM1ZpMG5vZzltcVdWaGlOOGtzQ0xaSW5zcU1ncUdROVU1SERLbjJ1eEQ4MtIBWEFVX3lxTFBJS0VpN1NkTENkeDlUbTdHX3FMODRwYzYwUGFmYnowV0oyMEd1TkNKN2RKWmM3V29VUEZBWnpLMmU4bUw3U2FDSVFWOEZwYzZyWkxULTVJb2w?oc=5
치악산,행정,"치악산국립공원사무소, 환경교육 활성화 다자간 협약",1,1,ecojournal.co.kr,2025-08-13,2025-08-13,https://news.google.com/rss/articles/CBMiWkFVX3lxTE9vMzVEWUYyanRtc2VQVThlcW1lTkVqZENsekNKM2JhbWZhQ1QxUjZDaDVqZDdvcFhEVnpDMW5kRXJYMVFKNDhDX205T1B5cjM3cUdNU0ZUbnpOZw?oc=5
지리산,기타,"자연과 함께하는 동행… 하동군장애인종합지원센터, 지리산국립공원과 맞손",1,1,포인트경남,2025-08-08,2025-08-08,https://news.google.com/rss/articles/CBMib0FVX3lxTE9PVThnSTFHelBwQ0tvT005Zkx0LVlaWEdDVUpPQjVXSWE4aUpFM0taQkpPMTA2ZU5od242NnJvT0hrdmIyZ2hlUVFETWdTenNwQXpNTHBxLVphbjg0amVpZ2hrVE9KRGVrRFp1YU1ORQ?oc=5
설악산,탐방시설,"속초시, 생태탐방로 조성 추진…설악산 자생식물원 연계",1,1,연합뉴스,2025-08-05,2025-08-05,https://news.google.com/rss/articles/CBMiW0FVX3lxTE9LY2ZuSmF0S2VMVERIX0oxTGlMdkwzT2FGQzJrTmtJbnRJQ1ZCakloTF9iNkpVMHgtWEVQT3F0Q1J5RmsxZDFGNHlUbmE0V0xCZUJVREZGTThXNFHSAWBBVV95cUxNaDVENTBxZldKbFMxajZ2Z25fVmREV1FndUNrWE1oTmpGeHZnYi1lY01vMVNwVFBybUQtNEZwUUZHVmNvNkpHZ0RVMEhNTkU3MG51V1hXcTRRcjFNU3hnaHU?oc=5
한라산,구조활동,무더위에 한라산 단체 등반하던 학생 탈진.. 산악사고 잇따라,1,1,JIBS제주방송,2025-08-02,2025-08-02,https://news.google.com/rss/articles/CBMijgFBVV95cUxPYmVDQWgzb0VMQmJESWZ2Q2lfeU95cm9aTjVRQWZsd3J6bnY2WXhVMDR1NkhSUlc3OTVQYk55LVdja3BCemhxUGNMckMwT1g1cnRyVlFWajlEaGVQcGdOWDlRMkROVTdibmRBQ1d1WUNyVUlablhUd2RGcnV2c0dJQWtKN0JHNFMxTVl0OGxn?oc=5
지리산,자원보전,"지리산생태탐방원, 합숙 고교학점제 운영…'생태와 환경'",1,1,뉴시스,2025-08-01,2025-08-01,https://news.google.com/rss/articles/CBMiYEFVX3lxTE12bjJZVG9ZNnVaYS1OUlpXcGhRc25WaUM5T2hFNlNfbWJhTTVvbnpQSnlHbUtHVmpWNEVIdVY3LWlPOG1tWWJJai1SeWFyMUE2ZmJIRFF6Njgtc0dXUmNvN9IBeEFVX3lxTE54N1p3TzNjMDQxZ2Jvdi1la2lYV3IwWjlUN0lWT3RiNWF5RFN0Y0hNR3JyOXZuWkNuS1A1ODdIMDFoYXVVTS1VbC0zVVdSR201UFBkUjhUNS12VWctSThOaEhpWk1QV1JKbkpqUWVXVVJFYXpWOTF6MA?oc=5
지리산,구조활동,"지리산 실종 공무원, 하동 계곡서 신체 일부 발견",1,1,포인트데일리,2025-07-31,2025-07-31,https://news.google.com/rss/articles/CBMicEFVX3lxTFBBekhPTEg5ZEtQUHRsZXAwbUh6N1BvRGVIYlBFNTNCQkRCU0JXU2h5NWVabkRmNmg1OXNqRnBacFBtUkdOdEZpampGWmVNNDI3azNUM0ZaMkhPYWdKMHVsNU45dlpkM1hyLS1MdzZpaVnSAXRBVV95cUxQNWtRMkZnNGtQbDJnYVdYWmZoMzdtQmFxckVyRkk3S0htaG42ZlpxZXRiQTMyNVYyQlBWLWhKRUhwR0poOGlWUjBHNU5VQlZpZlpEVE1hUUhVWVpfVnlVMEpGUVVXOFFtLTJsZGU4QWQ2bTVpTA?oc=5
한라산,기타,추억 속 한라산을 찾아서…'기억조각' 사진展 내달 5일 개막,1,1,헤드라인제주,2025-07-29,2025-07-29,https://news.google.com/rss/articles/CBMic0FVX3lxTE9QUWE0VTItVTIxYW9raVgtOHE0Nno5UlRCbDhOZ0hDYjVlRVdVdGUtOVVnUzc4NWNoaDRxM2NHNUJHRUdwV1R2NlVtVm9pNmxvRzIzYjBXWDhtdHdDaDZUYWNMU21fZXZpdy1vdTZFcTVlaFU?oc=5
치악산,탐방시설,"원주시, 내달 2일부터 매주 주말 치악산둘레길 트레킹버스 운행",1,1,연합뉴스,2025-07-29,2025-07-29,https://news.google.com/rss/articles/CBMiW0FVX3lxTFB0OGNKQ1pTSTVSZnltYWRQbjBMM1BDVThSNmszejVmQXYtcVFqOWw5WWJaanpuQ0tpeFEyeGNzMTAxODI4bDg5MGpmZGVSTnFMWXV5NXFObDdLZ0XSAWBBVV95cUxPSUdqWkRmRnZORDNrZ3UtZlBFa1BZc3RfSmRGNmRNWjRxTkstMFBURXdTUG9WalRDZXJmTmlVYlNQUHhDTmlFVmJqYlo1cTlJOW9TekNpZmhRTG1FRWF6bGU?oc=5
덕유산,탐방시설,"놀이와 치유, 사유의 공간… 덕유산 국립공원 ‘숲그레 생태놀이터’, ‘별그레 하늘탐방로’",1,1,무주신문,2025-07-23,2025-07-23,https://news.google.com/rss/articles/CBMiakFVX3lxTFAydmlFTUJ2TzBabDlhRmQ1YmwwV0dJbTFoUDM5N1Vwdk01OXo3Nmo2RmJfeWJMVFdfQ25KMUNKLW5lOXhXYVctenNHRFBYOTdMMllRME5SczRjN3JEWVFYTUdldTA3WDQwR1E?oc=5
설악산,구조활동,‘설악산 케이블카 87명 고립’…멈춤 사고 4시간 만에 ‘전원 구조’,1,1,공뉴스,2025-07-20,2025-07-20,https://news.google.com/rss/articles/CBMibEFVX3lxTE5hTERBeU05Mm8yVWRfZC0xU0pZbTBUMDJJUWc1R1BTdVU0eERVZ3hnRnV6ZDNaMnhWWkJLR0tIRmhhTFNMWEdkb3dYVkltNGxwUl9KUUtsRUtLNDlmQ1gydHFSWVI5dEJ1YnVXTw?oc=5
경주,자원보전,2마리 한꺼번에 발견…경주에 나타나 난리 난 '30cm' 멸종위기 동물,1,1,위키트리,2025-07-19,2025-07-19,https://news.google.com/rss/articles/CBMiVkFVX3lxTE1wYzcwQl9VOFl5YmxscThaOFBJYVFRNTdCeXpLckdkbHI2dF9MUlA2UWkzdnZfLXRjaHBDbXBidTZIVVhueG43ZEpmR3ROU2hhR3lVSVF3?oc=5
한라산,기타,여름밤 한라산 어승생악서 야경 감상하고 별자리 관측도,1,1,연합뉴스,2025-07-18,2025-07-18,https://news.google.com/rss/articles/CBMiW0FVX3lxTE1RYV9pWHZGakZkZFR3Z2dBUjdaeGZsdFF0eEExc21VWlhPek12S0tMTlBUdEI0TDdwNXp6NmFBdUlYT09qUDY5Q1VXazBTQzRGMGVRN3NmNUU2NzjSAWBBVV95cUxOd29DUG5YSVd6NW9JdHFQNVZxdnkxLUJ0VEYxZHVwNGFrVmhmU3A1eVdaRzhIemJXZVBVVjFDbnBqWHo2Mkx0UHlxWXJrb0NUcHB0T2IxeUlfZkdnZUpqTUc?oc=5
지리산,탐방시설,"[구례소식] 지리산생태탐방원, 자율형 공립고 프로그램 운영",1,1,연합뉴스,2025-07-16,2025-07-16,https://news.google.com/rss/articles/CBMiW0FVX3lxTE92X0hDRHZzcUptVFhHVjR4VkROMy16czZRaWEzdE9HLTYwaGJDLTJpaWc4eWtZd2JVQjVfUlhNSFlRU25KMG9Oal9rdW03dUtZT3R6WFNBYVA2QVXSAWBBVV95cUxPY25fU1QweFVTaS0tcHpHbU9ZSjMwZy1EeFZaQ25VMmFoQkJYak1XUFFaOXRHMzgzcnB6QXpXWXAzaHNLTDFmY1M0eWZEV29uNmdOcU9QV0JSVW1Td0s4NVU?oc=5
태백산,탐방시설,"해발 800m 고원서 피서…태백산 소도야영장, 캠핑 성지?",1,1,뉴시스,2025-07-14,2025-07-14,https://news.google.com/rss/articles/CBMiYEFVX3lxTE84RGo2aXpBM2I0VEtuU0YwbGhLMXIwYzc1aDFQSmpaNWdvY0V5RlhDM1podFdqdnBXTFhjdkJjN3VSbEtXNjdLOWZrWWtBVWxLT0hJb09Qa1VreHFfV2tfQtIBeEFVX3lxTE5vMDdtTTNtckIySWtxUFZFOFFnOUUxd1VNY0hXYldiUmtsN1dqbGtVRXZlTWRnZURGWUhCMEttZ2tMdjNrWEIzZ0tIekRZT1lCYnVXdm5SRXluVlNyU0R0U0Mzam1Uczc2Vm0xUWg1eWtFLXNzUVZOcA?oc=5
무등산,탐방시설,"4억 투입된 무등산 탐방로 화장실, '경관 논란'에 대책 마련 촉구",1,1,한국일보,2025-07-14,2025-07-14,https://news.google.com/rss/articles/CBMibkFVX3lxTE9uUnZYZUVUNDBZdDlYX2o3WW9NaGV3M3dCX09GaGpuWlBqOXR4NzhsbWFFWW51NHR6OGZLV0FwcFhST3VtV2NEcnQxMU9zbUpzaHZvZGNncTMwR1pZQ3JnM2VkNTBHSTRHZW9RaDVB0gFzQVVfeXFMUG5hS3Rjd2pJTk5Ob0xhdkJkcnhxOFQ0RW5JWUdJX2JLTlROSkp1UDBXbHg4elFOdFVxNGZtLWJhMWRLUkk2NDhobEdOOElUS25fcE1pdjUyWmFNeFBrNFpRS3FfcGU0TlVmQVJpanU5UFROOA?oc=5
지리산,자원보전,8년 만에 카메라 포착...지리산 돌틈서 등장해 난리 난 12cm ‘멸종위기 동물’,1,1,위키트리,2025-07-13,2025-07-13,https://news.google.com/rss/articles/CBMiVkFVX3lxTE1yTHBEVElHQXF1NE1EaUY0MGhtUzBVOEJUQWpqYml2bkdzQmkwNEVoZEVhXzNaMTg3czVwZGtTaUxqNlpyYmItQ281WWVlcF9jbUoyYkZB?oc=5
소백산,자원보전,"소백산생태탐방원-문화유산활용진흥회, 지역관광 활성화 협약",1,1,kyongbuk.co.kr,2025-07-10,2025-07-10,https://news.google.com/rss/articles/CBMib0FVX3lxTE50bjhDUmJFWGdFVUpiRy1WSFhxQ1FjTVRseTRXTWVhWHpSOHFBSnk5d21WS3BxR2F1cUpidHRIclZrNXVqNm03SjR5R05Fdk1VaGlJZnAzUWJFY0ZYTkF6TlQzN0dzcVZZTFRSRFhnMA?oc=5
경주,기타,"‘경주국립공원의 자연과 문화, 과거와 현재’ 사진전",1,1,omate.kr,2025-07-07,2025-07-07,https://news.google.com/rss/articles/CBMiZEFVX3lxTFBrenlQNlA5OG52YkdhLWlRdGNKY19QUDF4RmdDVHYzamFUaWdHbUxiQWJNQWVGQ2JUSzRwdmNZT2NOQkZFcVBBdnhTN2d2ZGxybDJYdnk0RmdCMklmRlRBMlFyUG4?oc=5
팔공산,탐방시설,"대구 경북 근교 계곡 추천, 팔공산 동산계곡 포인트, 주차장, 가는법, 팔공쉼터 평상대여, 가볼만한곳, 7월 8월 여름 휴가지 꿀팁",1,1,Naver Blog,2025-07-04,2025-07-04,https://news.google.com/rss/articles/CBMiV0FVX3lxTE13c3luOUdZWGtyVERHSzI3eDZVbzdBZnNKSFpkeTV6VG9KNmx5R0JUYmh0aDd6eDhKcmo5ZDd0cGpnNE4tajdHT09EMEVTLXM0cVRqWm9DRQ?oc=5
금정산,기타,“국공이 죄다 막아뿌겠네” Vs “부산의 허파아잉교” [국립공원 임박 금정산 르포],1,1,월간산,2025-07-04,2025-07-04,https://news.google.com/rss/articles/CBMiZkFVX3lxTE1NMlhrblU2YXl2bDltdHBFZ3RFUmdYX1htallDeVk0bks4REJLUXh5OVg5c2ZPOGI2cTZQUWI0dEZFYTduZXdFWW1LQzdVNkQ2UkxFWENBelduNnk5dk9PcjFJelBQQdIBakFVX3lxTFA1ejUxR2k4amduckNnTTNoN2dza3dUbWhxUzN2dDRpdTNoUVU1N0VEZEdBZ3djZVpLemE0MjgyQm0xWEFadFFaM0pZLVN2OV80eThQNW1SeG5xNGY1QkI4OVIzNUQ3U3BfSnc?oc=5
금정산,기타,"금정산 최고 조합은? '가을, 범어사, 북문국수' [금정산 앙케이트]",1,1,월간산,2025-07-02,2025-07-02,https://news.google.com/rss/articles/CBMiZkFVX3lxTE10eVlQVmRLYmRfc2hnbklhd29uX0N1MHI4eDFuS3Z2a1J3V1dCYW9ib0hpRko0TWw4X1JQSlNYVzRwYTZEanJ2VzNBT0N1VlF6cEdoNHVGN2w3d2RsOTBBT1Z6U2FKZ9IBakFVX3lxTFBkUUZLSU5OSEloOGxqc0d6T2hnYlBNR19RQzFTRDFCejdnZTZwaFVIRl9jaXhXNG9WRTBDR3hYblV2emVaSTE5VFpYSEN6UkpfOVJndXdJQzgxV253OEUwbFpHNkktb1dkQXc?oc=5
무등산,행정,"무등산국립공원, ”광주시민 편의 무시한 행정 처사“ 규탄",1,1,전라일보,2025-07-01,2025-07-01,https://news.google.com/rss/articles/CBMibEFVX3lxTFBoTXg5dG5sLVlPT1NRYWZySWlKZGFhMGtPYzdXUGJkYV9BNFRIOXQ2T183TEcwcjZBSTRwbktXNmhvWkRLV25lUks0MHpkbkR4RThzS0VBcE1rWi0tVjhSbHRybHhSRWlwN1RRQtIBcEFVX3lxTE9Ec2RXTUk4b043SGdaX2UyampaQnktM3E1T21pZ3Q3UlBDc1RlRWhTdzBKclktZmFaNUdxSHJabDU3MTJGa0RlcWJZaXZuck5hTjZxbXZXZDZTN2x1YXdQTHQ5eG41bDhHRkkxdUlFY1M?oc=5
지리산,기타,지리산에서 야생동물 질병 전문가를 꿈꾸다,1,1,데일리벳,2025-06-30,2025-06-30,https://news.google.com/rss/articles/CBMiakFVX3lxTFA2NGp3aUNjM1JWNF9BX2FFWm8xQ3dmWkhQcmlxY2pQd1phMVJrSzdacy1tdHBabUVRUnV5SkQ0dmUwcnV1STByQmJrbm1URmtfYnRBajZidG5HRXVxX2lneHRjYnF2RXVUU1E?oc=5
속리산,재난안전,"속리산국립공원, 재난 예경보 시스템 합동점검",1,1,동양일보,2025-06-29,2025-06-29,https://news.google.com/rss/articles/CBMiakFVX3lxTE5aTzdBd0l6ZEpiZmJFSVJlb2xRa3BXck1jTmFIVm91ZkdiVHo2UFE3M1Z4cG12akV4TXRHeWtyc01LM0NJVUNlaUtWRVRYLVNUUmVhNE9RcGdYLXNDOWlCNGNmaHNBelB2M2c?oc=5
가야산,탐방시설,"가야산국립공원사무소, 장마철 대비 배수로 정비활동 실시",1,1,대구신문,2025-06-26,2025-06-26,https://news.google.com/rss/articles/CBMia0FVX3lxTE4zWHVKODhsRXEyQ2puTWlfMWF6WWtNSlJYdC1EVC1lMTBMZjBybGpmT181VG9NSkRGdW5BMnVQNzRuV1R1TkcteUlmclNRMW1xdnlKeXdEV3NpLTdvUUlGM0JyME9WOWJBd0Vn?oc=5
무등산,행정,차수민 무등산국립공원 동부사무소장 부임,1,1,화순매일신문,2025-06-25,2025-06-25,https://news.google.com/rss/articles/CBMiRkFVX3lxTFBZcnI0RDZwRUFEaWlBaXlLdUxSM1duUlBCTUtZWGpxSzZkanQ2U3I1ek81VHVxUkl1Qk1SNnNJbTNPYUpRZGc?oc=5
치악산,행정,"치악산 국립공원, 대한불교 조계종 구룡사와 업무협약",1,1,강원도민일보,2025-06-22,2025-06-22,https://news.google.com/rss/articles/CBMiZ0FVX3lxTFBNRnhrZUc2VGRhN3pKQ00tclcwVTVCUnFfVEQxOE9DYkxYeVF6TnhQTnpCaVJHT1RvNmRlVFZ4Y1RnbGpQVE1HcHBSbEFaejlUYmVhMWV6RThKT3hld2wyTjlReVd1dDQ?oc=5
주왕산,재난안전,[르포] 주왕산 산불 현장 가보니…검게 탄 흙 위 돋은 '초록 새싹',1,1,뉴스핌,2025-06-22,2025-06-22,https://news.google.com/rss/articles/CBMiXEFVX3lxTE5uaGpGc3NLb1lGYjIwcFNLeXNaR3h0R0RqVl80WF9xa1FPZDdLeng5LXJSNjA0bkhMSVBPdk1sb0YyT0tIT3lwSUJITHlpUkZuRDNEbmdMVVprQ19V?oc=5
태백산,탐방시설,"태백산국립공원, 당골지구 방치 소공원…하늘전망대 관광명소 거듭",1,1,참뉴스,2025-06-19,2025-06-19,https://news.google.com/rss/articles/CBMia0FVX3lxTE41Nmx0SWh1V1FsZXBieXZYNmlqVE1tZmxKVkwyYmZYRzZ0bmpHeWNBRnhxRmVGR1I5a3lJNVZPRXlOTWdfZVcxb2tJQ2VLYWRld3dOa0pISUdiX3R5TFZrMEZwVndyS1NNYno4?oc=5
태백산,기타,"태백산 ‘하늘공원’, 버려진 공간에서 다시 피어난다",1,1,파이낸셜뉴스,2025-06-19,2025-06-19,https://news.google.com/rss/articles/CBMiWkFVX3lxTE0yR0pYbmRlZEQ0MHR2S2k5MjdoSEZ2Nmt0aXptV1V3S3EtR2NvNG95SDlZeHVKRXpZSEtnQm5XamktN0w5SktLejJjMEJKVmEtbHVJVXRHOW5wdw?oc=5
오대산,행정,"오대산국립공원사무소, '2025년 상반기 협치위원회' 개최",1,1,강원신문,2025-06-19,2025-06-19,https://news.google.com/rss/articles/CBMiaEFVX3lxTE5hazl6b0RKa3RlN1NXZnFmTnhkU3BfeXVZY05UOUxNZmxlc25FUnBqbENBSGdEQU5sOGRVN0x0VXNTR1QzWjBBUmxIMWNYWlNRZUt3X3VEOGRXZ1BmUS1yUjRWUW96TDho?oc=5
(전체·공통),행정,국립공원공단 사칭 납품 사기 발생… 실제 송금 피해도,1,1,영주시민신문,2025-06-18,2025-06-18,https://news.google.com/rss/articles/CBMiaEFVX3lxTE0wNE1vY0w2S1A2R3VaX3Z6TldKdW1QMjd0TVpJN0VuT2N1NndHRy1xSTdJZ2pYRXZ4aVlJZjlxbzhsdExHbUlUaGNtX3N2a1VTbXY3WUJFOE9XMmhjRzNiYmFxM1lWbmVh?oc=5
한라산,탐방시설,한라산 탐방예약제 완화하니…성판악·관음사 탐방객 10% “백록담까지 못가도 좋아”,1,1,경향신문,2025-06-16,2025-06-16,https://news.google.com/rss/articles/CBMiWkFVX3lxTE5CNmNLMFZtTDlnSUZhYW16d3pFcFJXcko2MTQwUTh5ZnhwUFpJaE4yTkJ4aXVKODM2Tl9sU2o2bmFiUVJxUnZOQnktS3JacVo3VndSeG1wdUR6QdIBX0FVX3lxTE9tbDFYQlNSTWZ3UkE3ZHN4T1Q1MlZfNUQ0RDE2czlsaUtVVDNkZE5xWGpQZGlJR21SejJFNlR4NHFLV2hTM18zVzZwamx6MjBlSjF6ZTNYMllyaTBCNDZz?oc=5
한라산,탐방시설,한라산 탐방예약제 '환경훼손' 논란 손목밴드? 이제 그만,1,1,미디어제주,2025-06-16,2025-06-16,https://news.google.com/rss/articles/CBMibEFVX3lxTE9pbVF2ZTFORmNONmNleWpSRHk0OG5KOHFfeWJ6LWNhcmNfTG9VUDVSQUVBN21HYU8ydk96WnY1ZVFIMHRBc0I0Y0JDYzdubDFMTGd6aWdZRlNsSGJCTlY3OTkyNHNpcUtITm5JWdIBcEFVX3lxTE9mWnhoMXVuTlRjVnhPSHFteFotMi12dVZhNHhkZ285dEJ4eXhVaEE3U1hLbFNSdDU4V1RTeDJPWmYwcW9oZU44c3JfRUtoR254djBCZ045ZWxqcFAxRHZJWFlYeUp4eVFLSEhSOHl0Rmo?oc=5
경주,기타,경주국립공원사무소 지역예술가와 문화유산 사진전시회 열어,1,1,대구일보,2025-06-15,2025-06-15,https://news.google.com/rss/articles/CBMiaEFVX3lxTE1WemY2N3htdkRERnZqYTYydS1ZbnAwcExrb3dnSHpMUW9VblhsUmJFVTl5OE1aOS1TMDFEQmhndXNfSWhUZVpyS0Y5Qy1xc3FFVXlyX0pUbDRiT00xeTVJS19uSFlyRzBl?oc=5
속리산,기타,"속리산국립공원, 내달까지 저탄소 도시락 1200개 제공",1,1,소년한국일보,2025-06-13,2025-06-13,https://news.google.com/rss/articles/CBMibEFVX3lxTFBSWlRXTU9GNW5vQlNXOXJHZllVS2s3aXhsSTVVdTdGYTF0dkhiYkxvc243VU94Vnd3eDNmalcxOE9TT0ZQR1lYSGNnTmhHdTdIbnYxN1pJSW15emZ0Qi1FbHRuc2libS1GcXpBRNIBcEFVX3lxTFBNVXl0ZURSWlFzdVZwUHNiblVfdWFWVW5QU3JfN01tS0d0OU5JODJDY0xjUjNUZ01HTW9wTnA4Yk9wOEhFX0RTSzlqa1ZUbXVqTkNScUtSdkVsYmJJdXE1QlQ0Y1BSVXI0Ujk3bG5mUjI?oc=5
(전체·공통),재난안전,"집중호우 예상 50분 전 '대피 방송', 전국 17개 국립공원서 실시",1,1,대한민국 정책브리핑,2025-06-12,2025-06-12,https://news.google.com/rss/articles/CBMibEFVX3lxTE1uRUhLaTdvcVJnM2Zuajd5U055QmpCUm5NdEZmaU41OWdSLUZvOVFlNnNsdnp5YkpyOVhoQVV3ZnhIMEJOYjBaSVdUd3pRblduZ0lGeTNqaV83eXN2ekhLczc1d0JieUhFWTJuRg?oc=5
설악산,기타,"속초시, 설악산 진입도로 만성적 교통난 해소 나선다!",1,1,세계환경신문,2025-06-09,2025-06-09,https://news.google.com/rss/articles/CBMiX0FVX3lxTFBhLW05WFAwOHNzTHVOSzFQdlJiRFlKUjZoNURvaFBnX3A3cmhBdTFSSTVvX3MzTTlOc09feTd0bkQ5QjN5dC1qSml5VXhHWE1YUjNzd1BwbnQ0WHRiTThR?oc=5
설악산,구조활동,강원 설악산 출입금지 구역서 절벽으로 추락한 60대男 사망,1,1,중앙일보,2025-05-31,2025-05-31,https://news.google.com/rss/articles/CBMiVkFVX3lxTE5zTlNFTXBrREFidU1jSjJ2cVhqSG1rbG1EY0ItbEVldlhfUDlIYXhQc2RDWG4ybFlSb0lGQ2tnMmR4bDZWV1VJbGlVRW9aeklRdXBYaDhR?oc=5
월악산,기타,2025년 여름 월악산은 여전히 그 존재감이 있었다.,1,1,브런치,2025-05-30,2025-05-30,https://news.google.com/rss/articles/CBMiR0FVX3lxTE4zYXZYYW5nZm9sMTlvcEg2SDNtSHYySENzRTdEbE5sVWY1THRiZGl6ZEN3VUlNSDdndnlYMlJjXzJGdzB0bHlF?oc=5
(전체·공통),기타,국립공원 안전위험 요인 신고하세요,1,1,의학신문,2025-05-28,2025-05-28,https://news.google.com/rss/articles/CBMiakFVX3lxTFBHVmd3VzhVV09JX1FSQWIyRkVLQmhVUFVwMHZQRW93WkotMm9pQ2FxQWpmZ2VxTHI3STkwckNaZGJwVktLTkx6Z3VuQnRjYkhBcG5jWVFQYzRsamc4bUNKWnRyY1N4NmUzdVE?oc=5
한려해상,탐방시설,"""장애인도 바다 체험해요""···한려해상 생태프로그램 시작",1,1,뉴스사천,2025-05-22,2025-05-22,https://news.google.com/rss/articles/CBMiakFVX3lxTFBTVEdlMVJIVXpZRkh2UXozdWhCSHJ4bEFURi02VGQwQnZyYXc1YXZyb1pMWTRoNklqd1YzYWJVRU9wUWpyUmhoSWIyR2IzcnZJTlJuQjJlSWMtSGdzS1RGTUt0TV96dDI1c1E?oc=5
내장산,탐방시설,[정읍소식] 내장산 잇는 생태탐방로 '솔티마루길' 새 단장,1,1,연합뉴스,2025-05-21,2025-05-21,https://news.google.com/rss/articles/CBMiW0FVX3lxTE5TRzRiZ2hTQ2Y4bWJUbDNWSkp2VkRzbUYzNTY1VFdRcjRCZ09GQ2VVc3NtdWNEVjQwcFN5XzlPRURTWkpyTGtUTG5ZX0REcXNWM2t2Q1dIRkZhY3PSAWBBVV95cUxQYjVZR2NTTkp4enFhTzZnQTFuMkZHSlhvVTRfdXdIZlVyQ3hheThSdGoyYUJCWTlqZHJnTldqaGNudzM3WWxQcjRHYlg5V2lCOF83WTBxU3Z0czZJQ2xLS3A?oc=5
금정산,자원보전,"금정산 국립공원 지정 코앞, 무허가 불법행위는 수십 년째",1,1,환경일보,2025-05-21,2025-05-21,https://news.google.com/rss/articles/CBMiaEFVX3lxTE5CSDZud1VGcDQtczY1a2U5Zy1mWGRDVFV4bVBoZm5oWEFMWkFIQ2N2QWhqb2xIamRxd3hEcTBBTnVjQl80VE1zc2FWUGhITFBqNzMzSHNma0JQdjdiLVUzZTFFMmhaN3Za?oc=5
금정산,기타,"금정산만 국립공원? ""백양산도 국립공원인데…이름 왜 빠졌나요?""",1,1,LG헬로비전,2025-05-20,2025-05-20,https://news.google.com/rss/articles/CBMickFVX3lxTE0wdTFYeEtqSktiSWRpWXRQaWFsOUNJeUV3bWtEeTdKbTUzY1ZQMVdJUllKYjZKczNHVksyZzlVcV9sMFdfQ0FGRWxCRXEtNTdwaFo3SHY0VHV3R3JZNnFNSXpwc2lET0xDX2xWbkR5OERuZw?oc=5
무등산,기타,다둥이 가족도 반한 ‘무등산 숲속 명품 태교 여행’ - koya-culture.com,1,1,koya-culture.com,2025-05-17,2025-05-17,https://news.google.com/rss/articles/CBMiZ0FVX3lxTE9NVlJ5RGVoc0ZJWmV2SzNXUWFOcDhVckNsMnpCTVBoZThvYlVhRFpxdDdRNTFaYmFwZ0JvN3U0QS1PVEthYndtMGFiMTFEbVZiNjA2M0JBTGtvQ1RqbzVmR2NtdDVnTjA?oc=5
월출산,기타,영암 월출산 국립공원의 숭고함 미디어아트로 재현,1,1,프레시안,2025-05-16,2025-05-16,https://news.google.com/rss/articles/CBMia0FVX3lxTFAxbVFISHJhS0dua3JLZUV2cFR2bjByMkxGd3VEVGR4aXNmcElFeDJkVHlULWNXMUxERC1sQkJIZDZFNDhuNDlPaEJuNlk5RElER09uUktOLWFRcXo0SG1sS2NpcUdrSXdnbFNR?oc=5
설악산,재난안전,설악산 옛 희운각 대피소 강원도등록문화유산 등재 기념식 열려,1,1,연합뉴스,2025-05-15,2025-05-15,https://news.google.com/rss/articles/CBMiW0FVX3lxTFBDZmhHVkNPazV4enVxWTNTdGFzdDB3eUhrMlNuNlcxbnZBR3VPbnRjeUtPcWJoQkNEc0NLZ1g2XzNUQUlWcndJRFR3UlZ0Z2F1QUI3TXIyS2haMHfSAWBBVV95cUxPN2MzbFRqV1pjdlB2eS1jTjcxUW5hWE9yTlZsYlFCN3lxYkZ2eXp0eDJ4cGVNZEg5S1RyblBicUo4RTBhSjg5dGVfZDVYYndSMFdxMEgzZmhQd282bTZTRVI?oc=5
한라산,탐방시설,'쿠살낭을 아시나요?' 한라산 구상나무 알리기 프로그램 마련,1,1,미디어제주,2025-05-14,2025-05-14,https://news.google.com/rss/articles/CBMibEFVX3lxTE5vNUF1QnFKWDhvd1F3WnhkZFZnZTZMWjFoOFIwMjJ4VG5WYy1sbkFWcncwbjJaclgzcnl0NXJvXzZKMENDMjVEQTA1TER1UHFCRzgtb2RiMW1HTU41Q2pRNGc4ZWcyd0RBaHFFRtIBcEFVX3lxTFBNeEJzZzVUYzVfNVczWUZBNng1WkhsRnZQTHVway1DbGRIOXdPNW0xb01ZUHo2TmFPZlVzRW9zWjFMWi1QRHRoSEVULVZjazlKcnFSU2J2U3NNNTllRWVZTDBDYUZSbG1QTDZIS1ZlbkY?oc=5
(전체·공통),기타,"[국립공원, 상생의 공식①]고령화·경제난 겪던 시골마을...국립공원 속 '명품'이 되다",1,1,MTN 머니투데이방송,2025-05-13,2025-05-13,https://news.google.com/rss/articles/CBMiZEFVX3lxTE9tM3Z4RXI3UXMzN1B3RGwySVRVTFlmTGhjdG1yTjlBamFWX243YXM1QVEzWWdwYmlqam1Fb3EwOHRadVNDYWRCaXd4SE1mc3lud0dBZmgzMldDbExtSlNyd3RvU1A?oc=5
지리산,구조활동,지리산 산청 구역 등산 중 조난..3시간 만에 구조,1,1,투데이서경,2025-05-12,2025-05-12,https://news.google.com/rss/articles/CBMiakFVX3lxTE5EUXRadjZOYUdYMld0Z0ZKWllycVljWXF2dEotTXVCTlVRcUU3eUY3NGtGN2lkeUdpQU5xTTJQQzBVams3M2N6SmhQZGpNMW9aQjVMekd3NkhuUS1GV01wSlpWQ01TVkFzZkE?oc=5
무등산,자원보전,"태백산 열목어, 무등산 수달…국립공원공단, 깃대종 캐릭터 공모",1,1,v.daum.net,2025-05-08,2025-05-08,https://news.google.com/rss/articles/CBMiRkFVX3lxTFBUX2dhY2lBZ1cxLUhsVDQ4ZGJjTE11ZzI3QTB3eFVySVFhOUd2SENQdmc4NmFFZXVvZkYxRFFkcEdHR3oyNVE?oc=5
무등산,재난안전,화순전남대병원 전남환경보건센터-무등산국립공원동부사무소 협약,1,1,남도일보,2025-05-02,2025-05-02,https://news.google.com/rss/articles/CBMibEFVX3lxTE40aXY4cHNud0RWd2lVemxKaEdxOUVjbzV3SWNORHFXc09wRUlnQzY1NHdsLVg5SHFDODRCejlDeXdXYjJrMlJxbDRmZGlsWXlIZmlINURweHR6My1velZ4Z25FQWdYOElOTzEwYdIBcEFVX3lxTFBqZV95dFZ2dTgyQnVzc2xRN2RvSEJOQ3hOVnFjM2JPcktlVFk3T3djb29qbU91b21lUVl6VmZ6d2t4Sk13d3ZkZElkNnJGWENKRlhMNW96ZmJ2QjZZLXItaUR2LVJ5eWtYWFJDOW5KUW4?oc=5
오대산,기타,월정사∼상원사 선재길 따라 오대산사고로 떠나는 여행,1,1,연합뉴스,2025-04-28,2025-04-28,https://news.google.com/rss/articles/CBMiW0FVX3lxTE5XMm4xaXl4X1lWbHhkMkg0Q3V6bExycFdpdWhTSWVMNzNXWVpjS0FzUmp4THVaRDI3M19uZjJVZy1Uejc4djQzMjAxcVFGVmhLN21QQ3RfWWp4Y0XSAWBBVV95cUxOamlTNVFjR0RWQmxfZXJBMTA5MGlMV29FU19xbFNndGhaTFFzdVJOWHFtTlNzZEh6cjItQ1ZwbVd2dmVXWFhCRFRzeXpfYUczM0p1NHNPRDV1enozYkRVSGs?oc=5
가야산,탐방시설,"가야산국립공원, 첨단 드론 활용 자연자원 보호 및 탐방객 안전관리",1,1,대구일보,2025-04-25,2025-04-25,https://news.google.com/rss/articles/CBMiaEFVX3lxTE1qV1ZsenRtN1lhSnROcy1wb2RFeFV6UEExVXZDc29RMjdqRXRXQnYtcWZmQVhjRFdJaGUwbjA5TkI3WUlVdjZNSjhrX3VKb3NxSXQxVFBnRFV2NDNYTkRCcGpmd2E1aHVw?oc=5
(전체·공통),탐방시설,국립공원 케이블카 확대··· 환경단체 강력 반발,1,1,환경일보,2025-04-25,2025-04-25,https://news.google.com/rss/articles/CBMiaEFVX3lxTE0yN1VHZXlUcUlxR29xcXlqb2VyVjBlYXhjUTRHWTk4M1ZoM1VOSktYWmFuZkpfZ250T2c0V05oSDdzRW5NX2tfNUxXUmZLUDlXQnlsd3lrcURld1JkTUVIczZIMmFwei1O?oc=5
가야산,기타,"가야산국립공원, 드론활용 '에어-레인저' 항공순찰",1,1,BBS불교방송,2025-04-24,2025-04-24,https://news.google.com/rss/articles/CBMia0FVX3lxTE41WUtHZldGRnJZNkFtYlVUOXZSTzc2THp3akpsR1FjSDZhaG5BSDlZX0MwU3dfWGtKLUVsekVQeGVyWWwyTjhvQkRJRWlDUmJEYlFsOW0yTUVieXFDSzNlcm0wYXdxYVRYOXp3?oc=5
(전체·공통),재난안전,"""AI로 연기 감지, 위성으로 땔감 탐지… 산불로부터 국립공원 지킬 것""",1,1,조선일보,2025-04-22,2025-04-22,https://news.google.com/rss/articles/CBMilwFBVV95cUxQYnl6SktPYUdpSUN5TkxxNVMyS2ZLTWlwci1HOWJxeFgydTZPejEtVDVYcVV1ODdwTDBPWmdhZWo3bFVOVGpiZHZsRGR4Q1pQYlg0SndGRmJwWF9FWXIyc0pRMTVvWmVZN1Y4X2ZxYXJJbjk0QXdIX2diVGVsN0NkZThOMkZIS2tzRk0yTjAtdk9uYkFWUWNJ?oc=5
(전체·공통),기타,국립공원 점자안내지도에서 3D 점자지구본까지…시각장애인 공간정보 접근성 개선,1,1,지디넷코리아,2025-04-17,2025-04-17,https://news.google.com/rss/articles/CBMiVkFVX3lxTE5fN1BLYjBucXpnbmgtY2pNb2hOWUg3RHBodGFUZzJQQVJTWGItRE0tM1pnM1pKclY1SmgtZ2xzbXYxZmFtMWhsSFhka0tMTFJOY09SWUFB?oc=5
(전체·공통),탐방시설,국립공원 7곳 점자 지도 배포…탐방로·편의시설 등 담아,1,1,네이트,2025-04-16,2025-04-16,https://news.google.com/rss/articles/CBMiU0FVX3lxTE9GbllSZzdvQmg2LU1ZaEdSUmhjU0Rnc1pFeEVNMHFxX0dxWjBSUWtPQWRHWHAzalYzVGgzSnJwWERKUzc0NkVJRVdpVmp0RDRGVm0w?oc=5
설악산,재난안전,"설악산 '구(舊) 희운각 대피소', 강원도 등록문화 유산 등록",1,1,연합뉴스,2025-04-10,2025-04-10,https://news.google.com/rss/articles/CBMiW0FVX3lxTE0zNWtZUElsNm5zaEV6MVhINHM4WFhIb1MwNl9PU2doc3hiQW9RNVZQQ3h5dkZnQ0J0WmVOWkNPQVYzX0tkbzRpUEVsNEx0cXNvMmd5Ti04d29fajTSAWBBVV95cUxOT0c4X25tamZQVWlmNUo0RUszc0w3aW5IWU5LSE5nX3VWWi1uTVgxTkhUWUw4dWtkd3RJYWVXZlRhR3hJQk9nRGM5cEdzVVkzY0tRd3JHcXc5djFtMmNYckM?oc=5
주왕산,재난안전,"[단독] 국립공원에 난 산불, 국립공원은 손 못대…‘3분의1 소실’ 주왕산 피해 키워",1,1,조선일보,2025-04-09,2025-04-09,https://news.google.com/rss/articles/CBMilwFBVV95cUxPVjRNV1hkUG9YOC01R3hZRkNkc0NBakVyY3VVSXFPcEhpbGRLZTFEeTJ6aGtoOERxNHVEdTFEUDZKZDFENmo3WVNGVEVybXRVRVExVVBjV0oycE5jQjJsWUR4dnV3NlIzVUJudEh4enExZHdNbk9BWXJHUzdBenJtbGNKUm84SEQtdHQ2dmtGSGg0MU5MaE04?oc=5
내장산,행정,"내장산국립공원사무소, 전북 1호 ‘사회환경교육기관’ 지정",1,1,ecojournal.co.kr,2025-04-05,2025-04-05,https://news.google.com/rss/articles/CBMiWkFVX3lxTE9QeVZPX1gxdkRCSDJQX1pQaEV1Z241VFRPUmhiS0NCUnVtRENaNS1kdHp4aDMyOE5WUnAzdlJsODhYQWo3STg3akxnZnYyR2thXzhGWktXc19wZw?oc=5
(전체·공통),행정,"국립공원공단, 상수리나무, 물박달나무 등 자생수목 10종 선정",1,1,매일안전신문,2025-04-04,2025-04-04,https://news.google.com/rss/articles/CBMiW0FVX3lxTE45X21zc0h4UDNUTVNiYTNTNmNSQWhBdElwWGhkTnRpWnIwMWJrTGEwYW9nZTJkUTc5andBRW5Fa2N2WDE0QU5iQWxDZXhyZWJPVVdwVUxtQ245UFHSAWhBVV95cUxPWHpzeGNvSUlKOUxtejF6REdWMXJBejkzUFJweWt5d3NEelFaNUdwTVBncGFuNWNHR3FMMFotUkZKTFFhcWJ1ZG9rb0dsQVhQTEhxZkFWcFVqeHdLVVFmbWFUX1FTbFNWTg?oc=5
다도해해상,기타,"다도해해상국립공원과 여수시장애인종합복지관, 줍깅 및 청결활동",1,1,여수넷통뉴스,2025-03-30,2025-03-30,https://news.google.com/rss/articles/CBMiaEFVX3lxTE5Wd2xQemgybmF5YUpjaXJobmhCUHFtVzNSQW5wNkN6aXZsVXFuekNOUGtiemtpTTMxLUlYbFhqUkFsZnNHeFFneHdJOEVfU284WTVzRGVVMVZhMENOS0VzbUVwbXh2RU1n?oc=5
치악산,기타,"치악산, 사진전·야생화로 전하는 봄의 속삭임",1,1,뉴스후플러스,2025-03-28,2025-03-28,https://news.google.com/rss/articles/CBMibkFVX3lxTE4ya29vQmtyOUIxaWtvZFJSU3A5aTNQa3VrMFBzeldrdkVIWmhRcUpnQzlvY1dCVGdiVDNOZHdDc1NCdnluUjlaSkJQNm5XVG51RlY0OUtZNHpLRF9YR1VwZDl2aFlTMHVIenlzU3J3?oc=5
팔공산,탐방시설,팔공산국립공원 은해사탐방지원센터 개소식,1,1,경북TV,2025-03-26,2025-03-26,https://news.google.com/rss/articles/CBMiZkFVX3lxTE5uYUlZQkVUcV8ya0R3djRkRk5CUnY2Q2tUZ0I2NVhaQklaYXd4Si0wQlhydllQX09oU3RGQzh6TU1iOXg3dk1WYl95Z0NEMmZOZi1IeHJxNWp6alFiQ1p1MC1RcG0tdw?oc=5
지리산,재난안전,"[종합] 영남 산불, 사망자 22명으로 늘어.. 하회마을 지리산국립공원 산불 저지 사투",1,1,폴리뉴스 Polinews,2025-03-26,2025-03-26,https://news.google.com/rss/articles/CBMibkFVX3lxTE9Dd296S0xCMXpJM1lwaW1laEdrZUgzY3dzVmdWT2phVnlhZ3l3djQ4ZE1KYnhhTGNKOVVKS2ZDMzhqdHhycEtxYk42WVF2cDE1NmlyT3V1NnEzTzNNNU1CcmctSVRuMHI0V3FKUVRB0gFyQVVfeXFMTTNjVTA0T1IwcjJ1QVV1MlVwVVAta1hGYVNNUGlYNkY1QjhnVHNUVzMzajR4ODltVnlHRGV3d2dtaU1mcjhaTHhxcXJaWmZYQUZicF9ORzJ5bWRZMGF5ZjJsN0F2aFMwMEJSSnNJbFBLRGtB?oc=5
(전체·공통),기타,국립공원의날 5주년…진우 스님 “자연과 사찰 공존” 강조,1,1,현대불교,2025-03-24,2025-03-24,https://news.google.com/rss/articles/CBMib0FVX3lxTE5OMTFkdlhoRDZLVmxIYkVGRDJZT0dJbzFYLS1sRTVrWlRvZmtVZlZWMW42OFRsd19UYktPT3RacVJ0UTNjNDBaT240M21oOFNaUnl5bXM2YlhzOHN4cXNHb3lCeDJrVHF0cFB2OVVVWQ?oc=5
치악산,기타,“아름다운 공존”…24일 '국립공원의 날 기념식' 치악산 구룡사 개최,1,1,전자신문,2025-03-23,2025-03-23,https://news.google.com/rss/articles/CBMiTkFVX3lxTE1sODAzVDEwS0hoR0xNOFdXYVJuSlhtaWNZcnBQMHVCRWtYWkZNOVc2dWw3QW9Mbi0xUl9HdE0zYTl1Zi1CR0o2cVJlN1p5Zw?oc=5
팔공산,행정,팔공산국립공원동부사무소–경북대자연사박물관 업무협약체결,1,1,매일신문,2025-03-21,2025-03-21,https://news.google.com/rss/articles/CBMiYkFVX3lxTFA5TDFYV1FEdS04RmdDS0x3MzlqVmt4UzQ1b0ZyMEVzNk5TMVUtZ2xoeE9NM3h0U045MEVhYlJ5cTdPWlg3SVVaOEZVTWVTWGJrZFhmSkhMSm9MYVlaeXRkMjFR?oc=5
다도해해상,행정,"다도해해상국립공원사무소·여수시장애인종합복지관, 협약",1,1,ecojournal.co.kr,2025-03-21,2025-03-21,https://news.google.com/rss/articles/CBMiWkFVX3lxTE1RbVVBRGlqTjdwTDBTdXg4NzhLR01KTm4xWlpOeFFPQmIwUC1CWHZkSmF1amVQYXJQSE1LR0kxWEFWbE04aFRkNFZkS25LUTA4WU1BOUFVdlFGdw?oc=5
월악산,자원보전,[영상] 월악산에도 산양이 많이 산양,1,1,뉴스펭귄,2025-03-20,2025-03-20,https://news.google.com/rss/articles/CBMib0FVX3lxTE81anZpS1k1d2g1VGlTRkU5eDZ3SmtINDlNNk9ibmk5dEJ4dkQ0MEtZZlNKR0pGdUJnTUstTURmdEtCU3NxOGxBT2JoSWpCRnZURVB5TnlqQnMtMkNZYnNZSF85S0p0VHNGMXNfa1hmNA?oc=5
한라산,기타,설산 휘감은 ‘잿빛 비명’…한라산 크리스마스트리의 비극 [포토다큐],1,1,경향신문,2025-03-18,2025-03-18,https://news.google.com/rss/articles/CBMiWkFVX3lxTE5YT1RjZFhvLW5oQUl4R01hdTA2QmxhMnl5YVlSYk5CTmZiVUlwOFdtWW9tZ2kyYzFxbm4taENZdnozbDRwVkNfY3dLYzhrc0tCZ3dwYUxmZGNiZ9IBX0FVX3lxTE5MMWNpWE80elNid1hKV05mNVNkNEdXVXlhd2VfZHcwS1gyemFQODJEaTBMQl9RVXQ1aVZCWjJoZjFEODVhUGxfZ1RkR09Bb2pHSWFLMXNLd21IMC1qY1h3?oc=5
한라산,탐방시설,"백록담 보기 쉽지 않네…한라산 정상 개방, 18일로 연기",1,1,뉴시스,2025-03-17,2025-03-17,https://news.google.com/rss/articles/CBMiYEFVX3lxTFA4UVFMOWxZdG4waFRzbVg0V01FTEo1dzFzZ0pUTUFBcHBYYlU1T2dyMlpURmhzUm9Bb1paQmw5dG9WU3VxOWh2T3NDVHhvSWVueEl3VXZ4VGFFbkF0VHZUWdIBeEFVX3lxTE9LZ1kydmhGNXd2S1piNlJNT0xFTzJNNEZQT0VGOGt5YmJ1OHlGbUZxTU1RTm5yYzN2akV0bUdWV0hOcDNSR3F1S1Q5REZCa1lLd1UzYmxTX2UyX0JhOC1TMHVEV0ZLS2NnTmNVcDVlVGZSMkg2NXFqWA?oc=5
무등산,재난안전,산사태로 파괴된 무등산 초목 5년만에 70% 복원,1,1,진일보,2025-03-17,2025-03-17,https://news.google.com/rss/articles/CBMib0FVX3lxTFBNTlR2MGRnb3ZINXlMa0tKR3N6OG1vVnZqc2FHSUJkSG1rNFdWMU1GSXVSSEp1bW1FQmhyYkRTMUhGdWIzLXdHQkJudUlsalVkZGs3VlEzWmxwV2ZpRXJWWWtrNmZWYjlONDE2cHdUZw?oc=5
오대산,자원보전,오대산국립공원사무소 강릉 삼산리 일대 양서류 로드킬 보호활동,1,1,강원도민일보,2025-03-16,2025-03-16,https://news.google.com/rss/articles/CBMiZ0FVX3lxTE40c1ZCUEpXNzFuNGtDNlJaZjB3ZndqYW9WUURxT2tmU1BCS1JFQzhDQ2ZJUXVYNGllTnVacVFuelJISUNJQWwzaXlCTzhpbjhoZmVzLUl1NFc2cDZMZ3RYODRxWDl5aWc?oc=5
한라산,기타,"""허술하게 도전했다간 큰 코""…한라산 산악사고 흑역사",1,1,연합뉴스,2025-03-15,2025-03-15,https://news.google.com/rss/articles/CBMiW0FVX3lxTE1qU3liTVREdjNMLU9CRkVESGhqVUhvdWhROE50YWFuVFlaUUxva3FGYmc3cWl4RDkzUW5saXRsX0JHSnRfVnpHWmFQd1VYcWtQU2hHekJJbm9GcjDSAWBBVV95cUxNT3dJakNwOTl4V25PVmthV0FKVUtZQWF3djkwUFVEN2tRTmppaVFXaUxLV0RRdW0tc2kxd2VhVHRFS3VKbDV3T3dQWjVQbVJ5dDlBWElKNTk5RmpIeWp4dG4?oc=5
설악산,기타,사진사·은행원도 뭉친 ‘설악산 어벤저스’,1,1,v.daum.net,2025-03-15,2025-03-15,https://news.google.com/rss/articles/CBMiT0FVX3lxTE9EN0dOSGdPalR3TlUyNVlSLUhSR0FWX2dhZGZseXJPTHVjMW5xMDVRQjlnZFNiRmxMRndzbDhrTVpwMlJwQ3o3UG1pUTE0bHM?oc=5
주왕산,행정,"주왕산국립공원사무소-경북북부제1교도소, 업무협약",1,1,매일신문,2025-03-14,2025-03-14,https://news.google.com/rss/articles/CBMiYkFVX3lxTE9QY044SXg0SkJ6dEtYNFBGa2tWdTRWOG9sXzA0aFpTQW1jWjFlNVJPYVVOdDFQLUUyWDZucm1ORDJnOXRDOU0tMUxNV3BqaHk5ek1yS1NTV2JrbW9qak5HR0pB?oc=5
오대산,구조활동,"오대산국립공원, 양서류 구조활동…11년간 5만마리 구조",1,1,연합뉴스,2025-03-14,2025-03-14,https://news.google.com/rss/articles/CBMiW0FVX3lxTE0xZV8yMzI1Q09tN3YxMXgta0puc0xNdHotU05OdEljZXF1U0Jna1BXaWtqLUdXVV95ZV9YVGZhRkdlTFhqX2poTWY1MTgxS0hfTVcyWnpGVnZHUG_SAWBBVV95cUxPeFp4NHV2R2JGLU54eGNJc0NHc3h5TnB4QVVmeFVEWUcwSzVvT3RaNHJjbnVEd2tYbTJpX1A2dEFSdWZ3Qmp6aFJ5QU1KZjgyOTdLc2VXZk5EVGdabVp2QTc?oc=5
팔공산,행정,경북 칠곡교육지원청·팔공산국립공원서부사무소…생태환경교육 업무협약,1,1,매일신문,2025-02-21,2025-02-21,https://news.google.com/rss/articles/CBMiYkFVX3lxTE16Vi04OXQtSi1jOWFXZ284UjkxYWxiT1dBb0lZa2JhQ3MxVGktOTc5NWFGZEl0cTh4aFA4UmZyeS1hY0RoZkRJbzF6blJmdURfT0MzSGtrWnFaQXVqYXkxOGRR?oc=5
(전체·공통),탐방시설,국립공원 탐방객 4천만 명 돌파...“불교문화유산 체계적 보존과 활용 절실”,1,1,BBS불교방송,2025-02-19,2025-02-19,https://news.google.com/rss/articles/CBMia0FVX3lxTE1qMnBlNEtack5UejJYMjk1amVVdE1YRDR3c21pb19CNURlSXlBUXhYYUhqdGxIR1NOVXVYdGJLVnlyM0hidWVuV3c3ZmVlTTU3NGxZb0RGaEo5aHBrS2xxX1ZwOENCQkVFUkVn?oc=5
(전체·공통),자원보전,요즘 국립공원이 야생 서식지 보호하는 3가지 방법,1,1,뉴스펭귄,2025-02-18,2025-02-18,https://news.google.com/rss/articles/CBMibkFVX3lxTE02NE04LWJFZWRVcGt4M0FfOXA5ak93ZVVKdVZtcVBCaC0xSWJoalZCajl2c0hJLTVlOWhtbzFVeThsbVAweXE1elhKZGFWcU9ReW1PVVhaTmRLQzJQNDUxemdodUVaUmJUZFZSMEF30gFyQVVfeXFMTWxBeHVvU1RPeE40NTZ4QWpVTDRPUVlyZVl6bXQ4TlkxNnlqaVNZRXB1djZmSG54eHJzeUVhM2YtWUVNU1d6YmhYYmlaRDdzR29PLVF5clNROGNlcEkwV19QSGdHdHgxOVdxaXhjekhIeXBR?oc=5
(전체·공통),행정,[정책탐구생활] 인산인해 국립공원… 과제는 안전 불청객 ‘야생멧돼지’,1,1,브릿지경제,2025-02-16,2025-02-16,https://news.google.com/rss/articles/CBMiWkFVX3lxTE1ZckpsaGNnZXZMMXZVNFlxUms3WFVWT3ZHbVFEcGRqa0VVdXdnSEFpbU1FY0JSM29lZEJrcnF2bFJnZ2VxeDNGd3RjYmJHN2I4TTZLUWhJNWUzUQ?oc=5
(전체·공통),탐방시설,"지난해 국립공원 탐방객, 5년 만에 4천만명 돌파...문화재관람료 폐지 효과",1,1,BBS불교방송,2025-02-14,2025-02-14,https://news.google.com/rss/articles/CBMia0FVX3lxTE5mM2ZfQUlIMl91NFhXUzlmN3MwaU1fdHRWUllxdVBXWHZZTVpjbEZObmtiTkdCT2ZjT0owYUxCMm1MTFZRbjFSeEw5aGtsWnllWjRYNDZGRzZCdTExcTZQY2RHRkYzTHNTZThJ?oc=5
소백산,기타,"소백산 들머리, 단양역에서 출발 가장 짧아 [중앙선 단양역 특집]",1,1,월간산,2025-02-06,2025-02-06,https://news.google.com/rss/articles/CBMiZkFVX3lxTE5CM1p3eTFNalBuckdPdG1FVktFM3FaYjV0OHJ6c25xU01mWnpBenNmcjIyZzg0a2JUTHRlaXBVUi1pSXZTOFBRbFlHU0gwR1FMZ0NNcGNjX3NiVlBvUDVyazd1T0swZ9IBakFVX3lxTE5JeFBBNWhKMC16RFd0cGpFWjFtZFdSdGxOTllmRDVHNDhYLWlGbndqaWtjMFdDbEp3bFB4ako4bVdlS01QbVpLOE54TGJINHc3YXNxWFVGbGQ5a1AwSjFPQWx6YTkySHFkSVE?oc=5
지리산,기타,"지리산, 설악산 등에서 새로운 내륙습지 18곳 추가 발견",1,1,파인드비,2025-02-03,2025-02-03,https://news.google.com/rss/articles/CBMiZkFVX3lxTFBlazNoU1AzaHlRUG13N1hwTUtROEVHa283eGlWY0p4S0FHbUZ3c3gxak1ydTJkSTVJejA5S3lSdGlVNVZFTndXT3plXzNYazkyUWFNeGhJQVBPd2dtczlMYll6OW56d9IBakFVX3lxTE11TWV3Z1g0Ty1sYXhkWFMwVTdZWWVxMWw1Y25lSTFFN2FZNDdiVVhsZ0FpM2xHaUZsMHV2dVFnbHdORi0tZUFSUUZaT0VVZ01tUjlocWhOcDJLMXRKdHRjZm5mN2ZQU2NfZXc?oc=5
속리산,기타,국립공원 야생동물도 수난…속리산서 5년간 올무·덫 81점 수거,1,1,연합뉴스,2025-02-01,2025-02-01,https://news.google.com/rss/articles/CBMiW0FVX3lxTFB5bnhETDZRaG1zNFA2RUJxd3NPc1BCNUo1UjFfMnR5NDFnM081dWJKSFNsZkNhVVRvcDcxRF8zX1ZXM0lubXZvSVJNbVAtOEtTdnZCc1R6dThURDjSAWBBVV95cUxQZ0ZGZ21qaERDUldZMEVQLUNrdV9zY21BZlBpV0Yxa3RkdEtfNnBlR3dXbXYtRjJmZ1IwU3pfbHR1R2RkdW1YQzgtcURkbEV4S1N6ZF94ZUFSdXA0bV9ZZW8?oc=5
월악산,탐방시설,월악산 인기 탐방코스는 악어봉…두달여만에 3만2천명 찾아,1,1,연합뉴스,2025-01-27,2025-01-27,https://news.google.com/rss/articles/CBMiW0FVX3lxTE03RE5WT3YwdDBGZWROWWUxdllCNkFCS3diTUpLZHNPSmtBUmd5WWJWRHNCNFRLcW5PazlCdHRySWxyeFRzX0tES0laYjV5Yl85QWVPRnNaRFdvQ2fSAWBBVV95cUxNb1JER2U5SDJPaEtmT0hIc041X1N5VUxaY29LUjl3UFNyMERSVXJXeDZHVm9UT011YTR0YmF1U3FlT09ybTRkYjlhdnF5b2VhNlZSYzJCdHBXRFFrOEN0aFc?oc=5
경주,기타,국제 건축상 받은 '독서 명당'…경주 신라천년서고 더 핫해졌다,1,1,농민신문,2025-01-20,2025-01-20,https://news.google.com/rss/articles/CBMiWkFVX3lxTE5yMDhRaXYyeTB4bkdCX0swQVN0anYySWZ1RlZhcFVNZGtaaUhubDNkWnRwaE0tSjZlM1NlN0pTUWRiQ2x1V1pkSXo0NkN2ZG9kSHlfN1dvUFBCQQ?oc=5
내장산,기타,'정읍 내장산에서 설경 감상하세요'…겨울여행 상품 출시,1,1,연합뉴스,2025-01-16,2025-01-16,https://news.google.com/rss/articles/CBMiW0FVX3lxTE9ndFJWM1YtdnVNU1R4UElraXQ3U2JBWUs0Z2M1VWgyaGYzRW1PTVI0cUo4OGJiN2J5a2g2Y2dvdG1kT2Uyd0ZqNGY5UVA0QkxOa0h1b1kyOVRtZ2PSAWBBVV95cUxPSXo3SFN3OHVZeHY2UDV5XzBKaENGZGZVazJHY3czMUlCQnRaVTdMMDV3Ump5dkVvZzlCTUI4ZVE0ZENnNmhYYTNBa29QYm1oYzJ4YzNURlJhYndMMFBuY0M?oc=5
내장산,기타,"“겨울에도 내장산, 순백의 설경과 고요한 숲길 보러 떠나자”",1,1,전북투데이,2025-01-16,2025-01-16,https://news.google.com/rss/articles/CBMiZEFVX3lxTE15Z2dWYXBtNlVhc1RTUF95OVZmNVB1d2RLWU9BTG5HWVduZzZ4UG16Y2pHOE82Y2FOUVlmVndManBOOF9PWTFrXzRGUUpEdGhKZHpzY09qNEduMmw2NV84NDZPcDY?oc=5
내장산,기타,"흩날리는 눈꽃 속으로...겨울 여행, 내장산의 유혹",1,1,위키트리,2025-01-16,2025-01-16,https://news.google.com/rss/articles/CBMiVkFVX3lxTFB6Y09jTEoyX2xpVy0wVEM0ZzU5RkQ4ZjE1NFJscUt1b2tleGNMUy04WFlZVkkzbWVRVzVwYUdyU1ozM3FoYWpwRkh0R0hPNHNOMFFQMElR?oc=5
가야산,기타,가야산국립공원 안 유물 나온 옛 절터 어떻게 보존 활용할까,1,1,한겨레,2025-01-15,2025-01-15,https://news.google.com/rss/articles/CBMickFVX3lxTE9VN2kzdjJLTGFVd1d1dnVscUNPSGJqejdWRGFLOUZvdWJfRmdoUmFJSlo3STFMSXB1Ti1CV05uRjN6SlFlZlJMRURldDdsUV8yT1I5eWlqNlN4ZU02N2dEWVZMWGkxSWRTQkRGZDJfQkdLZw?oc=5
가야산,탐방시설,가야산 법전리사지 정비·활용 모색 학술대회 열린다,1,1,법보신문,2025-01-13,2025-01-13,https://news.google.com/rss/articles/CBMiaEFVX3lxTE9XdWw4RHNxUk5ndHg4NUNpbVVDa2RIdjNNVlNrbk9lX0duMUoyRldQanVHdThMWFh4TkxKZnB0Q0dVbGVQR3VVSDh1SlNIeDVRSllfSUVZc2U3VHZNWTN0SnU4T1NmMkxL?oc=5
치악산,행정,이상철 국립공원공단 치악산국립공원사무소장,1,1,wonjutoday.co.kr,2025-01-06,2025-01-06,https://news.google.com/rss/articles/CBMicEFVX3lxTE92ZEFoc2Z2ZTJfZkJvTjF4OFdRWS1TOUFVbFFrbkhUaUUyOFBjRnpLdHNpa2dFWFJEQ0Q5eWc4Rk9SR1IySDczX0t0OENBLVZ5QXNuYVFkS2Nrcm1rckE0ODVWb1Voc2RWVi1wVF9xZHM?oc=5
(전체·공통),구조활동,국립공원 안전사고 5년간 연평균 23건…골절·심장돌연사 주요 원인,1,1,뉴스핌,2025-01-06,2025-01-06,https://news.google.com/rss/articles/CBMiXEFVX3lxTFBEa2tqekZrSklPU2Jqc0hMcnp5c0RoYnN6TlJNQndtMWM5U2lMMDNUTWxDRzU0bzJuNXo4Zi01c0xodHItNHF5QkNUUzMwcXpUS1RxU0wxV09vSWFz?oc=5
월악산,기타,"새날, 희망의 기운을 전하다 – 월악산국립공원| 디지털 KBS",1,1,mylovekbs.kbs.co.kr,2025-01-03,2025-01-03,https://news.google.com/rss/articles/CBMiswFBVV95cUxNMDNaNVA4UWtta2ZpUmJRRnBFNC1YUWh5dWN2Q0t3Q0Mzc296aEw3UlFiWk1IMVRfc3Znd2FPaDhiYm1RSW9lSmUxQXBsVTE4eFA0bDgyNTJnM3A4TXVzaW1URDdlcXF1R3NIMTdrRUtLLWNZd0VPZVJzNHZZWnJPVmh3NmtES3VUTXZfWGJWU24yNzFGaG94TmFmNjRlWks5S2tlMHVvMnczcy1JNkxqd2JDMA?oc=5
(전체·공통),행정,"위로보틱스, 국립공원공단서 '혁신업무 유공 협업기업 감사패' 수상",1,1,지디넷코리아,2024-12-30,2024-12-30,https://news.google.com/rss/articles/CBMiVkFVX3lxTFBXYTg4Y05QZktXdlF0eEUzQW9qZkZmb1EzRGpQdHVjcVVTQmU0aVluVkdTWXB6VHE3dXB1emZ0dXJ1MnNUcHRhLUsyYVBCcTR2cWFTeFJR?oc=5
월출산,기타,불꽃처럼 피어난 바위산 – 월출산국립공원| 디지털 KBS,1,1,mylovekbs.kbs.co.kr,2024-12-27,2024-12-27,https://news.google.com/rss/articles/CBMiswFBVV95cUxNZkhQTHFPYXNka0Vta3NHclpHQm5zcDNHRWt4cFNPYUtIc3VwcUNfNTF6MzVVZGdCOEhhel9SLTNmclJ2OTBEM09JcjMzMk96MHVaMThaWnNvT2EybkpoY0dWZWZwUkE2c2kySE5aeEJtMHcwbWN6YWlXbXlyRnh6Z3dnWnozTTIyY1A3VHFSUlBReWlXbzNneXJ2azZHSXVEMFc1azNvaHZrZG5kY013cVR0UQ?oc=5
치악산,탐방시설,치악산 케이블카 쟁점 ‘수면 위로’…찬반 입장 팽팽,1,1,wonjutoday.co.kr,2024-12-23,2024-12-23,https://news.google.com/rss/articles/CBMicEFVX3lxTE9SeklwRkxSd0s3ZkR5R0ktN1VzRXlaMDB6TVA4eXFvY1BRQU56RXJFWEpMUjc5dkloa05Ya1V5YnRjQW1ZQVhVS21sYl96WlczbGRrY2cyczU3WmVUYTRJVWJZR3FQS2VzMlNqZkJpWTg?oc=5
덕유산,기타,덕유산 향적봉에 새로운 정상석 생겨…'포토 대기줄' 분산,1,1,뉴스1,2024-12-22,2024-12-22,https://news.google.com/rss/articles/CBMiVEFVX3lxTFB3QkNJS3dEWXBNX0k4RkRzLXU0R0JDNVlvay12STB2MUpmRXNDQzJ4d1JWZGZ2OWszb2lxWTExU2RPVmQxT1RVRmhRQ2tMcWpZWkNwNw?oc=5
덕유산,기타,‘일출 명소’ 무주 덕유산 향적봉 정상석 새단장,1,1,v.daum.net,2024-12-22,2024-12-22,https://news.google.com/rss/articles/CBMiRkFVX3lxTE1UVFItM3FVVmxyMlNqd2tENXREeHlvSHBWaEdRWjBRWi1nM1NUbzEzM3FiU29XUktURGpzYS1pTlZzTWsyMlE?oc=5
덕유산,탐방시설,"덕유산국립공원, '38년만'에 새롭게 조성된 둥근 정상석 설치&제막행사 성료.",1,1,전북투데이,2024-12-21,2024-12-21,https://news.google.com/rss/articles/CBMiZEFVX3lxTE11d3NwbThnWnQ2eUEwYkJ4TW5udnhtYXBmLUZGdTNxaWVkMHoxTms2d0dnczhXTmpJN2Z3M1VmQTYzWmNZWnZnQUdELTdWYjdpNG1yczVjQm1JaW5VUFp0N0dzT1Q?oc=5
(전체·공통),구조활동,"임이자, ""국립공원에 특수산악구조대 편성·운영해야""",1,1,매일신문,2024-12-19,2024-12-19,https://news.google.com/rss/articles/CBMiYkFVX3lxTE1WTjV3MWo1N3FJTnFvS1JJZ0VaUHpLRWFlQ2R2Tk1aSDh3Mm5WbEFHV203cnpIMmJQT0c4SXVUQ1IweEVqZ1hVNmttTWJtWC0yZ2ZCZW5CTnhFZXBtYm5Wa29n?oc=5
북한산,탐방시설,숲속서 태교 여행-휠체어 타고 북한산 탐방…국립공원은 변신중,1,1,동아일보,2024-12-03,2024-12-03,https://news.google.com/rss/articles/CBMidkFVX3lxTFBvNGpCTlBOUjBVSDhFVUZDX1hFTjd1bzlXSTRjcFJ1eEVGQzJBZmlLeG1qTWdyNS1SOUNfR1pSU3JpYjBGcjZRR0FWaUVQa2hLMlZfcVQtbVZTbF9GV0o1YXJUNmx2T0pGN3ZESHVIVVZKYlNjdmfSAWZBVV95cUxNbFlMN2pyaWxoSXlxc185VXRhdmdOWGNfWjZJd05wYlRSZ21LRmlqZ2FWc2M3OGVXRG5hUGV4WUtQNHB3aWxnNElpWnc5d2R3ZldWVThsdFhDRlNvRVQxU0FaZWVIYnc?oc=5
설악산,탐방시설,강원 평창·홍천 등 10~20㎝ 안팎 눈···설악산·오대산 국립공원 67개 탐방로 통제,1,1,경향신문,2024-11-27,2024-11-27,https://news.google.com/rss/articles/CBMiWkFVX3lxTE9WWml5b2w1cXhkQmhZUUcwOHZsR2RoUTdLZ2Y1dGN1aHdPa2tvSjFFUXk0UzhjaDNMZjNhMjFpeVZqTmVxR0t4QzA5X1RvVUpHVW5XeHlDbWZsQdIBX0FVX3lxTFBuSG9vUXZQd3dHdGFrVWk4VjhhS0JnLW02X0JSQml4RlU4WVlYRWxnYm9ybmNlOGEyUTJTYWNZT1JpVGEwU05CSjdoSWo5UXUwdkMwSUlLUHBwb0pRaW1R?oc=5
설악산,탐방시설,설악산 백담계곡 탐방로 조성 사업 제동,1,1,환경일보,2024-11-26,2024-11-26,https://news.google.com/rss/articles/CBMiaEFVX3lxTE45ckJjdUdLeFNEdjNVSTlycEZjNVZPQkxSVElFSXRUdk9ZY2dCX1RwaEgyaTJjX3ljbVpDV2JiWUZmbW9ZRVBhQjRaU0FFanhyZk9KLUx6Rmx3cTBmeTluTktVQVpkR3Zo?oc=5
금정산,탐방시설,"범어사, 금정산 국립공원 동의…부산시, 숲길·탐방로 지원",1,1,연합뉴스,2024-11-26,2024-11-26,https://news.google.com/rss/articles/CBMiW0FVX3lxTFBLWW0yQWx0STJCalZ5SzVkSW5wTHFZMXV1ZFJydC11enV1aVdodVJCdXBhdnBmbUh4ZzZJQk9pcVFRZVQweEw0aWtMdHdid3ZPWjFWUzkzUHYyd3fSAWBBVV95cUxPNy05cGEzZGlrcjdjbkVlUER1ZUtmLXp2R3FUOG1NYUxPWFRXVHgzR2M3X09xODZrWjJXS1dqWndrNWtiRFlvZXF4d2NlS2k4eFAzdTJCQThNeGZfNjhZVWc?oc=5
(전체·공통),기타,[ET시론] 입는 로봇으로 국립공원을 더 안전하고 편안하게,1,1,전자신문,2024-11-25,2024-11-25,https://news.google.com/rss/articles/CBMiTkFVX3lxTE92UDV0WVg1T05JT2M0dS0tc1gzMWg5cFZwdE10MlJQazE2eXUzUE1Ed2NNZE9uamFHV0JMeTBBaTJ0QzBWYURXaV9YVFZ3Zw?oc=5
오대산,기타,"조지아 공화국 공원청 대표단, 오대산국립공원 방문…선진 공원관리 기술 교류",1,1,강원도민일보,2024-11-17,2024-11-17,https://news.google.com/rss/articles/CBMiZ0FVX3lxTE5ZT3dlZlJkSmE3dmZka3Fta1BoQlZrZWthUWxzV0NLREVkZVpUcFBKWEVYX1ppMXFFbkZoaHFPdXJwcVlNejVRNEJYZ3AtcjZqMUVUQTB1eXRIZUVmY0lKZ3NxYWtpZWM?oc=5
북한산,구조활동,"[영상] 북한산서 60대 등산객 헬기 구조…""근육 파열""",1,1,news.sbs.co.kr,2024-11-17,2024-11-17,https://news.google.com/rss/articles/CBMiakFVX3lxTFBmNkRmMnd0b1I1cGxVOFNsN0JUTGhDVHJwR0xfTEdMQkEya0dKLWJMd25zMFFNMlhLSDdQR0JGTzdQUTY2R3JtRzhRekRxSFZkVnYtWFVmaXNneHB3VlFfd1NkbEJYNkxlTlHSAWZBVV95cUxONGFPWEdUV3p0UGZaNUxLU0FQVGNzRHdlV09xTU5jaUxPaGd2S1h3U2FVeVdpT2MxMkJDTDFqNFlMRmZON09pQU9EY3RIbUtDeTA5aFRIRGJwcDhrN0dGR1lxLVVzVmc?oc=5
월악산,기타,월악산국립공원사무소 문경분소 준공,1,1,영남일보,2024-11-14,2024-11-14,https://news.google.com/rss/articles/CBMia0FVX3lxTE9KMDFTeTNqbVE3N0xGUVlZaFBKa1ZvMkI1dGlBR2FGOUl0bEM5UTVfWGtmeWt4bUpIWklGVWVNUV9CM1daZDBKM0h6S1Y1RDhVLVQ0U3hvX0FoMndKakJLTUxiUGZWSVVwYUVJ?oc=5
월출산,기타,영암군에서 월출산국립공원박람회 열려,1,1,ktsketch.co.kr,2024-11-12,2024-11-12,https://news.google.com/rss/articles/CBMiakFVX3lxTFBWRkdMQzhPZEZVSUFjMXUwUjV0SWhZWHNDVl9CYWtpa1pOSGhOVkV6cm1NeE1PTEF4YV9vZW9zbTFiRkg0X0V2Q2RoRjlTLVFUQ1F6LW5HZTktbUoyTDBrWENMUnkzRC1Vcmc?oc=5
태백산,행정,태백산 상고대 포착한 사진…국립공원공단 공모전 대상,1,1,연합뉴스,2024-11-07,2024-11-07,https://news.google.com/rss/articles/CBMiW0FVX3lxTE1SS2lzNm1SVFlMaWxSLXkzRWhIZ1FiTnNlb09XRkJ4NXJTN19VR2EzQ0xTcUU0RUV2MGZfS2s0Qm9FMFdCa1hkVnlHb2F6MnZnM3VPXzBMTzQ5clHSAWBBVV95cUxNaW1ORGwydlRnX2loYWVPc0tWNF81ZkRvV1VaNXJfSmo4a3BJQi1kc0JSdFBwWlVZcHN2Sjhkd1pKQjdqbm9ibkRYdGpqLU9uOUZkREVwZHpWZWZpeDh2R00?oc=5
월출산,기타,영암군 월출산국립공원사무소 도갑분소 장애인화장실 이용 불편,1,1,에이블뉴스,2024-11-07,2024-11-07,https://news.google.com/rss/articles/CBMibkFVX3lxTFBRTmJQRHRKZ0J2RXlXaWVyaW05SWZpUDRLNEc1VThnUVFzazVmbDFXOFVrRTVOZmZmajg4OUpPMWxBZU5LMm04VTNMR2V4TUtFR1J4dE9ZSDlNbTA3bFNSS2ZIMHM1dEU0cVdndmVn0gFyQVVfeXFMTkJzVGpvYW5SMlVGWS1laGdQVkFkZ0Y0M25pdnpRODl1VjhkeEdDcFV3VVFkUW91SHphRXZwZjFpUl9qSFJWYWd3TFliT2pxd3M0WC0yblhmUEY1ZlZ6X0tKM0x4Ykk4NXZvSWZmS1l3SXVn?oc=5
가야산,기타,"선천성 심장병 어린이들, 올핸 가야산 상왕봉 정상 올랐다",1,1,라포르시안,2024-11-05,2024-11-05,https://news.google.com/rss/articles/CBMibkFVX3lxTE1mYXhDa1ZDWUVXeHZ6WDdRTEFNNHE1ODlkTWduaDN6M2FEbThCUVhyZElVTDNReFQ0QlprVlJlc2Y0SEtLUFVJYXZ6eHYtY1hsNWtMYWN2NnRxdVJnZWZzbVdlU1R0LS01X1h0NFZR?oc=5
(전체·공통),기타,국립공원 갯바위 구멍 뚫기 금지,1,1,환경일보,2024-11-05,2024-11-05,https://news.google.com/rss/articles/CBMiaEFVX3lxTE5DRGpaVU9ISXotakhmcDNtOTlJSkpsTmFfZ2NTTjFqbXFFcUE5U09aMzh5cWEyck5IcjJXY2hMQ21ZLWpsRmM1Nko5SkE2TzR5ak5OaEc5b2JKTWFpMmUxVUJyQkxUQnda?oc=5
내장산,기타,"정읍시, 내장산트레킹 상품 인기…특화상품 성공 단초 ‘기대’",1,1,tf.co.kr,2024-11-01,2024-11-01,https://news.google.com/rss/articles/CBMiVkFVX3lxTE52MlM1OUJYTDBWeFNhUXhvY1VNcFJseThXajZQSUllcmFCRVVmdF9VWnpOZEpWU2FYUTVEbF9jZEVCa2VuWC16UG5QQjRkc1VDcnFYWGZ30gFWQVVfeXFMTnYyUzU5QlhMMFZ4U2FReG9jVU1wUmx5OFdqNlBJSWVyYUJFVWZ0X1Vaek5kSlZTYVhRNURsX2NkRUJrZW5YLXpQblBCNGRzVUNycVhYZnc?oc=5
월출산,기타,"영암군립하정웅미술관, 월출산국립공원박람회 기념전",1,1,진일보,2024-10-30,2024-10-30,https://news.google.com/rss/articles/CBMib0FVX3lxTFB3bDBKMDFsY0FkdnloUWdTcTY1ME4xR0ZHNXRFcVJvaWVUY1N4YU5MV3N2TzBuMlpKOVRiSVZVSjJUZXdVWmR2cC1TbS00WjlLUlVLUzY0WTNNUHhPWnp3T1lHQ0RjemU2MnB4aEdUYw?oc=5
(전체·공통),기타,"옐로스톤 국립공원의 인기 그리즐리 흑곰, 교통사고로 사망",1,1,YTN,2024-10-29,2024-10-29,https://news.google.com/rss/articles/CBMiXkFVX3lxTE5BQV9FdldkUnNGU3RSSGpmdDdDQXFra3FmWTYzWHZyQThoWUJDRS10ekFncUNDZGR0U3pOOEZISXBZeGwxUVh4bVNpeW1TMTFJOGM1VWxVTXhkYjhtT1E?oc=5
한라산,탐방시설,제주 한라산 탐방 중 눈 앞에 가시 철조망? 불법탐방 특단 조치,1,1,미디어제주,2024-10-28,2024-10-28,https://news.google.com/rss/articles/CBMibEFVX3lxTE9OUXBMb2xPZEVvM0c2X3M1SzFDMzctSXFZR1BxVXBXX1VsSThreUh1WVhHcl9Pa3Jfd0I5ZkJLX0Rzb3EyQ1JydU5SZ1FSWllXcXlNT3BHNkxkdmZjTHZmNmVkd1NKWnFNYW0zMNIBcEFVX3lxTFBqaFVyTkJNWjBLdmJ4d1U0LVhjNXdHQVRyUGE5Nk9LenVFR3Z5dU03MDVmeGxROGswTEljYnVBVy05ZmxnQ0cyUWxaU1FqUkNtbS1PY0dUU3JxTGpLMlcxR0d6Z0FkM25IbDl2dzZFMDM?oc=5
변산반도,자원보전,"변산반도국립공원, 깃대종 부안종개 활용 탄소중립 실천 필요성 알린다",1,1,전북도민일보,2024-10-25,2024-10-25,https://news.google.com/rss/articles/CBMia0FVX3lxTE9MZ2h2NlpNM3F3TzI3dW05NGYzeE0wNThBQjlmam5HY0xOWVFKcU5IYVZTMmVVaGFIMFhjbmhRTU5BaFlHOGducnFhZ2pLVXBBNU1aenNtRDluWFQtWGU0a1Y1ZlZwTzdGX3hF?oc=5
(전체·공통),기타,다도해 바라보며 ‘이것’하면 불법?…해상·해안 국립공원 ‘비상’,1,1,농민신문,2024-10-24,2024-10-24,https://news.google.com/rss/articles/CBMiWkFVX3lxTE9pWnIxU01NS2huSS1iUGtSeWdsbjVWZG1aM2lhY3drd0lGS0FHTDRJc1VVYTNfYTczcTQycHhra3B4dWZHV0Zyc2M1QkxuV2h5Rm9aZWd3Q3I0dw?oc=5
주왕산,구조활동,"청송소방서, 주왕산 실종자 3시간만에 구조",1,1,청송군민신문,2024-10-23,2024-10-23,https://news.google.com/rss/articles/CBMickFVX3lxTE1GV09LQUR6VHZfclYzdmpjb3B2S01feWNrcDhIV09EbU5uODVHT25URU0zZGhNS3FESVNJYnV4aGhOUVJ6ekZ6WGU0dGtKNUFKc1lUUTNoUGZGUUk0elFJT2Rldm5laFM4bWpka2tsRlM3QQ?oc=5
설악산,재난안전,"'초속 36.8m 강풍' 설악산 3명 사상…""입산통제 안해 사고났다""",1,1,연합뉴스,2024-10-23,2024-10-23,https://news.google.com/rss/articles/CBMiW0FVX3lxTE93ci13bDZOZU1PQ3ZRblg4V3F2bjVxNjhPWm9HUmQ1VkxZLXBJRzdhY3BjZks1aFQ1S2l1ZjYtMC1OU0hPQ0g0eEUyTHQzOXd0M3VRcDEwZ2JxSzTSAWBBVV95cUxOWTJwaU85VW1TcXNNZnJvWU42azRzLU5mei1fN2thM2tOZmd1T0doS2g5eWE2eU1WMnhYN3lRQjN6dTJHLU9VdDlacXFjZ191VmhybGw1Y3FOLVROdW5WRnU?oc=5
설악산,기타,"설악산서 강풍에 부상당한 등산객 배상 요청… ""천재지변"" 거절",1,1,중앙일보,2024-10-23,2024-10-23,https://news.google.com/rss/articles/CBMiVkFVX3lxTE1vOENvVElrZXBpLV93c1k2by0zSUE3RzU3aHhqa3lMSXRYRzRfTWUzOENtaFVrU05UaHM3eWVKZTNvVTZKQmVSMW9oZ25mTEdqLXY0aVh3?oc=5
내장산,기타,단풍 명소 '내장산' 주차·등산코스·포토존 싹다 알려드립니다,1,1,위키트리,2024-10-22,2024-10-22,https://news.google.com/rss/articles/CBMiVEFVX3lxTE1YMjdFNllEZEJEUlJfcnNNQUxrbVZId2xMcloyX3Z4VXAtZlNwbEpIZWVXR1hFMXJXcExHd2tnZFYwX1pxQTg1QUQ4YVFsMFI1SGw0Mw?oc=5
지리산,탐방시설,로봇 착용하고 '지리산 천왕봉' 산행 체험해 보세요,1,1,뉴시스,2024-10-21,2024-10-21,https://news.google.com/rss/articles/CBMiYEFVX3lxTE94OVdNM2lNYU9Ta2pla01EaU9fRlhkeXl0UWZCOTVqRWdKWFZsUkpDYThDSm5ZV3B6LTdjSzBWSEdCV1dZZVZTWjNDeUZkRFNvVS02TTgyV09iM2pyTERNNtIBeEFVX3lxTE1yQVYyZzZrNnhmdFJlcThnSnNxenhHRS1hTHFxYTNTRUVtUVdvOUhUMzZxZlVaTDVWXzlBcG5FMDdzT2hkMV9TQVc0LXI4NVFTTE5PbkVyb3liSVJOUUJmR1k2LUNCOVRkcXhBelp2WlBQWkU0Tlhsdg?oc=5
팔공산,자원보전,팔공산의 가을을 즐기자...생태관광 및 계절프로그램 참가자 모집,1,1,BBS불교방송,2024-10-17,2024-10-17,https://news.google.com/rss/articles/CBMia0FVX3lxTE1DOGh0NDZYTkpZU055VzhrbzNrald6YlhkZ2doNnRVdFU4Vkh2V3gyT0RCNE5sWWdTUGdlU1pZSE5jUG5tMlRrOWVBN2VVanFOVEJqZ0tOSFZualhtY0VuZkhaMXJfSVJ6YVJF?oc=5
설악산,구조활동,"""설악산서 여자친구 길 잃어""…스웨덴서 온 구조요청에 조난자 극적 구조",1,1,조선일보,2024-10-13,2024-10-13,https://news.google.com/rss/articles/CBMiekFVX3lxTE1kRGg4TG1IdWF3SXhFQlRZNzNhQUV3SnhIMmdNaWNNMkhqb1pkU1BUZzRjY2hmaDFEb0VmQ25pT0pXNVVpcURYRTJMUjZ6N0xIM3dkWkR4cEVBc3lpSDVHTDZDenYzRC1YZlpSeWwtZDdtVG1aMnZxZlF3?oc=5
(전체·공통),탐방시설,"""국립공원 '착한탐방' 인증 참여하세요""",1,1,강원도민일보,2024-10-13,2024-10-13,https://news.google.com/rss/articles/CBMiZ0FVX3lxTE9UQkVjMnpDUlBnRldmcDNLX2V6ejZlLWtCWEh6LU5MVWFGbUE1ekhKZUFvX3JYN2dINkxhM2NIRUxTSFJQaWRRMGR3d1pxUFhOY3ZuNWxJRnA2eUh6c1NpSmlrTk0wZWM?oc=5
지리산,탐방시설,휠체어타고 고지대여행 지리산과 소백산을 탐방하자,1,1,에이블뉴스,2024-10-10,2024-10-10,https://news.google.com/rss/articles/CBMibkFVX3lxTFBGS1BEMnpYeHhrY2w1X3ZTQjNBUGQ2aUZCNy1IeVF1OWNmRFNocmJCX2N6a1pTWUE3UzRIc21UdnYtYnBiSWZDNXFZWVdZVjVrZ0ZBN0EwSERzMjh6X2JtVnlMWUdQb1p0UExibGp30gFyQVVfeXFMTTFiekNtbjh4LTZhZHVBVEVEQ3JwSjF6TXZDM2I3QlRzS3NrcDJ3VzA0YlpCUHBrQV9WTHZVR3Robkd4b1VDN3lWOHZOVmtCQkk3VkpoMGhoWUdXa0g5LTRRb2ROVFhaZU9wX2VWMkhsU1pn?oc=5
설악산,기타,단풍 보러 산 올랐다가 '으악'…설악산·북한산보다 위험한 이곳,1,1,네이트,2024-10-10,2024-10-10,https://news.google.com/rss/articles/CBMiYEFVX3lxTE1fdmdiRS1yMlVXQUt0ZUoyMUF0SjBlUEdMWG42TG5BaGNRNll4bTRaSVQ0Q016aWZMVmRvMUxkeTRzOGkyWFNSSlIwUS1jZUZSOHlzcEVmVm9Od01ETXgxaQ?oc=5
(전체·공통),구조활동,매년 100건 이상...여전히 안전사고 많은 국립공원,1,1,문경시민신문,2024-10-06,2024-10-06,https://news.google.com/rss/articles/CBMie0FVX3lxTFAydUhJdnM0d1p3bktQaUdlTUNUQ21xdmU2UnVYNXgzNmZCSVNMREJVbjh6WmdHR1puQkZRcEtESnE3Z2lEYkF6MmZCQXplcGNNVnBOdExNOWZLQVdOeTdzc25yRVVfOHl6RU54VXpYdzdpNmN5bkRmcm5oNA?oc=5
지리산,탐방시설,남원 운봉 고원에 생태체험 '지리산 에코촌' 조성,1,1,연합뉴스,2024-10-01,2024-10-01,https://news.google.com/rss/articles/CBMiW0FVX3lxTE5yODFQdUJZS0hIaEtkZ2xRZEtJQWRoLXZMVVJ0aWZCNXpqeGZMWGt3dFBJeGRYcnAxaHZGYUpSZGxvQTJkb2EtSlFtODhXZTRRdkVFaEl0eXJaa1XSAWBBVV95cUxQWkdGVjQ3X3gyVVlJYVlDR001TW10eTRIYW9HX1RoUHRwYW9hdHRnVGViRmN0Wk8xYUphWXVCelJUSmlodXZqOU5Cb2ctTHJIYS1xVGhEbmpOcm4ycHdib1Y?oc=5
한려해상,탐방시설,"한려해상국립공원 장애인 바닷속 탐험, 스쿠버 다이빙 체험 운영",1,1,한산신문,2024-09-30,2024-09-30,https://news.google.com/rss/articles/CBMibEFVX3lxTFBZQkpoV1IwMzNvU0lHcWxCMEpFemF6ajJJN2ZvMTM4alpJbV8ybmRDNjdvZ1MwWkxXaWZWdjE2ZnBlazFNZnB6cG1OYUFOWnRuVEJNWG9SQ1hDMEhhS2RjSU1JZjEycG5mTHFsUA?oc=5
속리산,기타,"속리산국립공원사무소, 청렴계단 걸으며 부패척결 다짐",1,1,보은사람들,2024-09-26,2024-09-26,https://news.google.com/rss/articles/CBMibkFVX3lxTFBFVDJvbmxLT0ptbU1ibUtCUVNNU2Q0cHk2VHJtV2NBTk1zd1BpcnVWdnRyUTFIQnQ1YWFpbnJKTU8zRy1kVmVzMHNrOG5xX29TUFlkR3dKUHpvMFBoc0l5TWhlS1V4NDduall0WThB?oc=5
월출산,기타,"11월1~3일 월출산국립공원박람회…'월출산, 달빛 넘나들이' 주제",1,1,뉴스1,2024-09-24,2024-09-24,https://news.google.com/rss/articles/CBMiX0FVX3lxTFBBM09HV1hNaElZcUxpUGxnazJ3eGlxRnJWMEY1OS1sX2Z3VHBRV3NodjhpandzYnRjdEJRazRxX2psOTlzNl9RNk4yN2ZSVXNQa0I4bC1rcWZUSVExS0Vr?oc=5
경주,탐방시설,경주국립공원사무소 가을철 탐방 시 벌 쏘임· 뱀 물림 사고 주의당부,1,1,경북매일,2024-09-22,2024-09-22,https://news.google.com/rss/articles/CBMiW0FVX3lxTE9hNlRZX0R6elNLWVVwS2lnOVFfSkl4TWRxZGpqa2prc0JLb0RYcjV3ZGZ3bjM0aGRydktxbnd0cGJ4QlpXSEwxV3JlMFdGSWoyWnJ2RTJiRmJFTTg?oc=5
(전체·공통),기타,미국 글레이셔 국립공원에서 곰 습격으로 등산객 부상,1,1,시애틀코리안데일리,2024-09-20,2024-09-20,https://news.google.com/rss/articles/CBMib0FVX3lxTFBhM2t5bjdpb3hqZGd5X1FoSDNlQy1TSWNCV2lvWk9xVk9LS1E3cW9rZnhBTUtTM21VaUtMNWN6aXY4eVhlWDZJYk52SUY1ckM2RlFOMmtNTGJSaWloRThaazZQcEplUXlDYmRaemZ6a9IBc0FVX3lxTE9YX25GTHhOOVlPdlBhS0hVVVNjc3dMTVlueUlOM1BaSTNvTExZV2dlOG81em5oRmdydVAyOXdRdW82TEJqRExPNlZoWjJNcy0wLU9RVlJuS3l1WkFWSUhObWRJem9lNmo0V1ZVcGZBTUZERFk?oc=5
(전체·공통),기타,"'부산→서울' 8시간 10분…국립공원 2만 인파, 크고 작은 사고도",1,1,뉴스웍스,2024-09-17,2024-09-17,https://news.google.com/rss/articles/CBMib0FVX3lxTE9SR3lUUlN0Wi0tdHZlSjRYekhMT3YxT1J6UUJzTWx1UXREX2VfR29NRFdEWEh0TE1BWmk4S2JkRGd4LS1ybUt4UElUc2ZJNzZCMnAzdWVQMVZqalJyb01nZVJScnVkYWRjbUxvdDdtSdIBc0FVX3lxTFB2eC1iT1FTdlU3aHB4aVhwdGduX1BIV0lROVAyOWJmanVIOXVPaE1PVUpPci03Wngwdm9RcmRmWEFBUm5XQVFNUGszTm5kaDBkRDVTalNwLUppVXRfeG5PSzJJYkJGaHBvWlhRTm95aThqNUk?oc=5
설악산,구조활동,짙은 안개 속 13시간 밤샘 사투… 설악산 조난 등산객 구조,1,1,강원도민일보,2024-09-13,2024-09-13,https://news.google.com/rss/articles/CBMiZ0FVX3lxTE9CM0k1LVdiTFRfeXZic29vZ05Vakx3U0JvVW9QUF9kTktlNUFBNG1mWHJJVkJtZUxYTTVHdEVHXzZ4TnUyZDZlcEY4OGpDZzJlWE5qSFJkODhpVmZxalpBS1ZVQWdDbE0?oc=5
오대산,기타,오대산 명소 평창 월정사 앞 금강연 휠체어 타고 관람 가능해요,1,1,강원일보,2024-09-11,2024-09-11,https://news.google.com/rss/articles/CBMiV0FVX3lxTE1WbUhaRjZKb1lMQzZWUzJfbzVfSEZZd3pQTFFLck9UVDlSRmpVTjRaUDRHSFFEMEhETDZqUE9nbkhQRUwyd2htUjd1QkxQTHo3SE9menQ3WQ?oc=5
오대산,탐방시설,교통약자도 오대산 명소 '금강연'에 더 가까이…편의시설 설치,1,1,연합뉴스,2024-09-11,2024-09-11,https://news.google.com/rss/articles/CBMiW0FVX3lxTE5nczh2cDd2SlZZVXNMMlJNWFRpVnV6aHlsTElVUTFTNjBEanZEcWtyajFvRUVuRlFIQ29MNXVISDRCMTI3YkhYMnVGRWpuZHNESzdLTDZqZjlITHPSAWBBVV95cUxQVTU1akkyQTZGOHgwV3IydHB5MEJIbmlXcnd5SV9HSzBGbWhHR2hSZ3dSV2lPaU9BX3MzX2NWTVpfOVlGWF9qT2U3TGVFRUt3XzQ4UE1BbktxZmxZSE9TTTc?oc=5
북한산,구조활동,북한산국립공원도봉사무소 뱀물림·벌쏘임 ‘주의’,1,1,ecojournal.co.kr,2024-09-11,2024-09-11,https://news.google.com/rss/articles/CBMiX0FVX3lxTE9EU1NYdEpuWm9Eb0tDQTFMQnoxNUZlVkoyZkp4SW9DYjNoNzBhRTBuQ0NNQTBSWGxWYkdXNC1lcUlmSnVJaUZPa2ZGaGNSb3hGQ0o0Rk5NOXZheGhvRzlR?oc=5
(전체·공통),재난안전,"국토안전관리원, 국립공원 소규모 교량 합동안전점검",1,1,중앙뉴스,2024-09-10,2024-09-10,https://news.google.com/rss/articles/CBMibEFVX3lxTE84RzNUNDEtT3B5cTRvbENxWEFOWlZyNXpBcUlVRTRCMEZIalhjUDlLYlpXRzJtM2tBQXlNMzZBXzBCek1YYTZxWnFtdGtFdFpSYjd3VEZVTjV2VEh3MGp4WW50Y2NHbXpwQk5BYtIBb0FVX3lxTE9oMWFNenNJVzR0Uk1vLW9uUDhBa2YteGJCTG1MSkxvcUFCZnlKTFpNUGZrRlBMdXE2bzRSWUVxTXV5R3dzVk9hVFpmNnJpZkFxaW5aZHR2VVJuQXFEckxKZ2d1TjBYOGJFVThjdlpSaw?oc=5
치악산,자원보전,[포토] 치악산국립공원서 멸종위기종 ‘금강초롱꽃’ 활짝,1,1,뉴시안,2024-09-09,2024-09-09,https://news.google.com/rss/articles/CBMiakFVX3lxTE9sQlFIU2dWdGh1ZDdKdWRGRkZTUE9RQlpFdTQwQnJaenQ1bnFTU2NlUkZPSXBJOGkxUWl0b2diTWZqa2tQeXIzQV84SEZCMDBLMzdtc3JhVHpIYTJwT0lQaDdzUHI0aW5oWmfSAW5BVV95cUxPUzNhOW1WTFFuSzZ5ZFpVU1ZRaVBhUkZhTnd4NnVleXdRQThyVk5WY1pJQTdtenJvUnVwd1RsbTVjck9KU1RNNkRNMkk0bXFRN0ZlcDFfa29uNmswR2czUmVqTU1rQjdid1VvM1JhZw?oc=5
치악산,기타,우아한 자태 뽐내는 치악산 '금강초롱꽃',1,1,연합뉴스,2024-09-09,2024-09-09,https://news.google.com/rss/articles/CBMiW0FVX3lxTE5DbkppUzZmd1puX0d5UnQ2RUtDUDZtVzhVS2JMaDVqVkxPZlJMLWMwWEFnLXgtSDVBdHdNU0dsUDc2TGNmNEJpWE5tV25ZZFV1Zlh6dEtjalF5QnfSAWBBVV95cUxNcllSMGZtdTVjdVBtZWZvUnYzOWktM0hJWVBfTDNieDZtMnFiQ0xGdWw1MUt0NFUyY3NtZjlSVXlaR1cwWmpFaTl5NDE0cDNQOG9mS3lJeGRQSlYtQ1FnWm4?oc=5
내장산,기타,"내장산 국립공원, 우리글진흥원 이가령 교육원장 초청 스토리텔링 특별 강연 성료",1,1,dhns.co.kr,2024-09-08,2024-09-08,https://news.google.com/rss/articles/CBMiZ0FVX3lxTE5ieGw5M0ZzOV82NmlCcGx0cnJKYlgwazNzZ1BKdU9zRTlSOFBVUTV0MXhDXzZ2X29uNm9ONWU2NjRuUUg5YXJGN3JlOVJqYlAxcWhhV3EtbmtTOEN5NnBJdnMta0JKOEE?oc=5
가야산,기타,[포토] 가야산에서 가을꽃 향기를 느껴보세요,1,1,ynenews.kr,2024-09-08,2024-09-08,https://news.google.com/rss/articles/CBMiZ0FVX3lxTE1xdDhja1lhVmtJeUpyNGl5Q0gtR0ZKYi1WbUgyd1VOVnhvdGpOY05GNjE5NjVjOWRuRUdtaWxkUzluNThNbzVMdXYtS1VJLWxtcnJMWlpKN3pmTUdXUzNZa2xicXAxcTQ?oc=5
가야산,기타,"은분취·물매화 방긋, 가야산에 가을 향기 피어났어요",1,1,뉴시스,2024-09-08,2024-09-08,https://news.google.com/rss/articles/CBMiYEFVX3lxTE9xR3JnX0pMUkJ5ZVpMU2ZzeEI0Y2RPWmRLTjJnRTVnN1FpbEkzWDZmMnk5Sjc0OE5DVEFiZUhtVjRYQ29HVjZmZXJUOVZHbWh6dkdDU1o4Szdid0RVVTFnR9IBeEFVX3lxTFBlVFE2a095VjZ3aHk1aG1GTkNNUUQ0MzRSVkxwRjR6WGg2bFZCWkVPM2pqdVBhNUUwakFXZ2FXREliOXJIZkZzQlhnTDI4REExSUhUdHBWOW0tSEp5MXI2YnQ2d2p4bS1idEdoMUl0UlRmLXg3ZDEtRQ?oc=5
치악산,탐방시설,"영상앨범 산, 가수 김동완과 함께하는 ‘치악산국립공원 종주’ 등산코스… 성남탐방지원센터, 상원사",1,1,한국강사신문,2024-09-07,2024-09-07,https://news.google.com/rss/articles/CBMicEFVX3lxTE9QVW52RXlrZWREcjhWWWdSdUNHajhWVUIzY1V4QTdRS0w5Q21pS28wdnJNcEliTUVpODJpYnJkV1dudWJ1c3IzVGJZRmRFYlJDbXluc0Frazh3ZGtPbUtVQXZRcVdMQXJiTGJRQWxyOU8?oc=5
계룡산,탐방시설,"계룡산의 비경, ‘계룡하늘소리길’ 탐방 참가자 모집:경인투데이뉴스",1,1,경인투데이뉴스,2024-09-06,2024-09-06,https://news.google.com/rss/articles/CBMiQ0FVX3lxTE5IVlZycVB0RnRNajJObmlUTlAxZFF3cFVKTVZxdWRkZURPcDB6VFE0VGlBOVg3Y0REb1NlNHFvU2ZDcXfSAV9BVV95cUxPV1NJZEFpeUdGblFIaW9GSks3SXhQcXZtd0QyNG03SVhiVkdDenlBODUydVB2dHY1UlJBT3JTS3pMemstQXAtd3hFMDNsc3VEempyRkxvdUU5aU5mZ01UQQ?oc=5
(전체·공통),자원보전,"국립공원 생태자원, 지도로 한 눈에 볼 수 있어요",1,1,대한민국 정책브리핑,2024-09-05,2024-09-05,https://news.google.com/rss/articles/CBMibEFVX3lxTFBuUXNzQ3NfcXd1Z01BdENsMVl2SmE4MzEydUZyNUFfNWNtd04xNWVkelNVczdfN2hlbm1uVHdKLTRvV0xkbXVicjRWdkxHMVVCYnFFLXZSaWJhRUlhRXJQNWdVX2wwQUM1ZlJQWA?oc=5
경주,기타,“사고 비용 빼돌리고 갑질까지”…경주 버스업체 잡음,1,1,KBS 뉴스,2024-09-04,2024-09-04,https://news.google.com/rss/articles/CBMiW0FVX3lxTE9zMXBfX0RNVUdjb3I4N2d5TXVGdl80Q1JZZWdMeEZIOEFXeFhLRUhXeFE0WlRhMTJGRjlBeTBYTnp2M0VOMkJwOGR3VTBGU2F5NUtFYkhxNXhKWk0?oc=5
한려해상,기타,"한려해상국립공원동부사무소, 종합청렴도 향상 ‘도전! 청렴·윤리 골든벨’ 개최",1,1,hanryeotoday.com,2024-08-30,2024-08-30,https://news.google.com/rss/articles/CBMib0FVX3lxTE1qZWV2S1FPVDFVTFczQVd4MDJJRnJEUjdvUDRZM3JMWDdFY1FnV1JGSWs1bFZUN3J0NFl6WGRGeldLUmRjRmFIaFNHcW45d25SSTY2MkEtNUJ2MTE4MmFheDNyVU9fcWliYXkwa3dHQQ?oc=5
무등산,자원보전,[생태여행] 국립공원 자락 청정지역…'무등산 평촌명품마을',1,1,우먼타임스,2024-08-30,2024-08-30,https://news.google.com/rss/articles/CBMib0FVX3lxTE5PNGh2a0FXR3E2eXhnelNDa0NyNURmY3F5RXotZ1NRZExVb3hBNW5reEJXbkJ6OHlIeFRXNlhDMGFGeVhDZ05nU0E3S2tUak94Y1FyeWNkYlF2MW9YM3lNaUIwMmNMTy1RUXM2OVc0a9IBc0FVX3lxTE42Y0ROMmFiMFUzU0NYSE5uSTdkZWJ1S0NDdkxfbzNBdHhjRHJUckxsVkRwVm85UVM3eWhIYXlTMjZpRDhVS2Y3Umc4dGhWQ19GbW9pdDBSUXFYSW9SdTRDV293bDFyTDNCc2tqTjZRaFZwejg?oc=5
내장산,탐방시설,내장산국립공원 탐방로 붉은 백양꽃 '활짝',1,1,jjn.co.kr,2024-08-26,2024-08-26,https://news.google.com/rss/articles/CBMiZkFVX3lxTE5wN2p5SUpGdlJ6VlN3ZmJmZE9QdW5FX0JYdDRTbGlqMlo0S0FwY09mSjQzYkJicktSMlZPOU9tbU9VRXpWWTBGc2xqakFHelp0NVdOa0pRaGlDX3BoREZ2X2hwQkg0UdIBakFVX3lxTE84U3RLUmgxY1lKWWtiQ3JnRU5WeV8zejB1UFBjTlpWc2ttSzU1QjR0WVdrRnNXLUMzTktzdzRCQ1ZGQ0luSnJKSWtaRGkzWWR3VjRfZnRxM2V2WHl0VnE4U2VBblFRSWNLcnc?oc=5
(전체·공통),재난안전,"태풍 '종다리'로 차량 18대 침수, 3명 구조‥국립공원·산책로 출입통제",1,1,imnews.imbc.com,2024-08-21,2024-08-21,https://news.google.com/rss/articles/CBMid0FVX3lxTFBGWmp4WEJfUmpRcGJNRTFRTjdZbERocnc2S1lvZlpSRlJlYWFjZEwxUWZVZzRRTXY3STZoUHdaWDEyUkNGaHBqRUZmWk5qbXc5X3JwZFdkTjNnN2dhVWlXOFlXR0JLdVRjWm1RZ0JjU3QwNzBJeXZn0gF3QVVfeXFMTXc4b1hRSWxpQkE0c3M5ZWowVUtUbER4OFVib0xtVDdXVlh0VWVaSUN1a3k0aGQzWGUta184Z1hCTnNMLThMQ0RiSk11QW5KNXlTZ0dSaWo3ODBBakdhbUVodktVVTVfakI0QWJsNkFQMXNZazNZcXM?oc=5
속리산,행정,[청년의 꿈을 응원합니다②] 이일수 국립공원공단 속리산국립공원관리사무소 6급 주임“진정한 노력은 꿈을 이루게 한다”,1,1,당진시대,2024-08-09,2024-08-09,https://news.google.com/rss/articles/CBMibkFVX3lxTE5GTktlSXllNWlOOFZJWGx0VVRXRHRtWVFpVW1EZ1ZMTVh5MVZMS0g0enJkaXhrWEFxRUN0aDdkRDU4N29pdGZUS3hBYWJIeWNWUTJSNERqaWE1THZzWTRWb0ZyNkRGWmthQzYyd093?oc=5
변산반도,탐방시설,[변산반도국립공원 야영장 조성] 국립공원은 ‘국토부 2중대’…직소천 야영장 개발 비판 나와,1,1,부안독립신문,2024-08-09,2024-08-09,https://news.google.com/rss/articles/CBMiZkFVX3lxTE9OVEY2SjVxYXNrLUgwUVd0WW9lOTdiLWI1Qm9PalhnSnVCeXJlNE1aOUlMRUg0NG9qSWdqSU15ZUlDdmxFZzFPZDJnLWtIY0o1NnZnd3ZfMW9SMGMtSTBSTXoxNF83QQ?oc=5
금정산,행정,국립공원 지정 코앞인데… 산악자전거에 신음하는 금정산,1,1,부산일보,2024-08-09,2024-08-09,https://news.google.com/rss/articles/CBMidEFVX3lxTE9tTjZyYk9GOHNXeGtEM1ZTYmx0bUZiUlItanFwenlJSE9vMWVQanZJdXhlX1VUTFdmVGpfdVZXSnpEaWxEOE1TZU5Zd1E5dkUwVjhsbkFKYmpsMkFZV1RReEdMMmlxbnJoN2JqOWFTSmYya01n?oc=5
팔공산,자원보전,"멸종위기 18종, 천연기념물 13종 팔공산 `국립공원 종합 계획` 나왔다",1,1,영남일보,2024-08-01,2024-08-01,https://news.google.com/rss/articles/CBMia0FVX3lxTE4waUhJbUlla09yb1lMNFV4QjFLZ2RyVnBuODFrSUNiOXBsbVdXUWRoaHI3Q1pEdFVCRjdmMnJMNVVEQ2xxLW15VTl2LU1DS3l3NzlMVlRlVmRKVmhpY2ZQcnRqbW91SmZSaThn?oc=5
지리산,기타,휩쓸린 가족 못 구하고 발동동…지리산 물폭탄에 103명 '대참사'[뉴스속오늘] - 머니투데이,1,1,머니투데이,2024-07-31,2024-07-31,https://news.google.com/rss/articles/CBMia0FVX3lxTE9McWIzMjRPYUNxLXVHR1NWc3R0T09DTXBUYW15bnMyeTNSZG83elFkNmtoQWs5TVVaS3gwNzdVOFpXdjMtWDdQWXh6REtIZDFJYlhyU3VkdkN6b1R1ZWd4OHlNSVQ5b0hycWtj0gFwQVVfeXFMT1NNVlpSZUpycF9TUkRSTTMtVjljOU5SbEVuSXJxa05FRjRNMTBsM1B6YUx1dHhKd28yclpldndqTWhwYi1aY2xQY2pKbFpteThaV0dzQVpnOTExR0JhLTh5SXVVc3N3bHd0eGRkWHl4dA?oc=5
팔공산,기타,팔공산국립공원 종합관리계획 수립,1,1,대구일보,2024-07-30,2024-07-30,https://news.google.com/rss/articles/CBMiaEFVX3lxTFBRTE9KSmxYLWxJS2xVWGhucXNYUVlBZmxRcVlDaVk5djVmck5Ya3ZDZy1UeFRQckdYa3A3MEUwZEJqOUJha2VaX05fYWg0bTFsUmdjMWhfX3RYaUxoYTlkeEdaMFhxNk83?oc=5
팔공산,탐방시설,"경북문화관광공사, 안동호반·팔공산금화자연휴양림 문화탐방·치유 프로그램 운영",1,1,뉴스웍스,2024-07-17,2024-07-17,https://news.google.com/rss/articles/CBMib0FVX3lxTE1QVkxjQkRPZlFBcS1kSExyd3JEWXg4R01DOENJdmVtUVR5Z3hhNTdBZzRLQVhRZlhDLTl2dk5RZ2xpSlFJME5Na1d2YVFsREh4NS1fQlZlZFEwQWhCTnAyZlpHbGI0SzJpeEJxU0hOMNIBc0FVX3lxTE9FbGpXZV9fbGc0STIxV0NIYUlnWWNHbnpIRWc5UDA4WjJHRHNEYTAtSWtaVFhrZndkTUQzZDFYS3Nxbk1maUpRbDhBTThxa1V2b1RlQS1pVUZTZEFCeENmYUdnSjNqYTdHWE1CMHZnWkh2ZVE?oc=5
경주,재난안전,"""경주 토함산 3곳에 산사태보다 위험한 '땅밀림' 현상 발생""",1,1,연합뉴스,2024-07-16,2024-07-16,https://news.google.com/rss/articles/CBMiW0FVX3lxTE56UXJ0bVUxYmRpYWdoUk0wakpzZ0ljWkV6WUxKS3ZQR2lrZmZwcXU5cjZVZ211UURoT1VjM3I2Uk10ckpMdkNTWFVOOU1aaWFPSmp4LUNJdTVBdnPSAWBBVV95cUxNby1aNFJ3anpmUTR2dGluZUpZNlJUWDVDbTEyRnVKUjB5MjVwd095ZkZzdTdYbl9BVnFoWVkyU2VGVWl0WU1lNENPaFR3UkJxWXg1bGlGbTRWWXlIZnJDYlU?oc=5
(전체·공통),기타,바익마 국립공원 내 ‘곰의 집’,1,1,VOV World,2024-07-15,2024-07-15,https://news.google.com/rss/articles/CBMihAFBVV95cUxQQ01NMHVCMV9xS3ptWlFvYkN5RFRyRVJKNy14RlFGUk1tcjh6a25zdnlQZUJLQ2p4WHNRYmJTSDV5OXFCckhUXzFCS2tSM2kyWlNZeWdad2RjWlZ0ZTVFUEJpZkYteElLNnVWSFoxLVE5QnNmdEhod2Q1LWdhbzU1MDBkWkw?oc=5
소백산,탐방시설,소백산 삼가야영장 “다양한 체험활동 이용하세요”,1,1,영주시민신문,2024-07-11,2024-07-11,https://news.google.com/rss/articles/CBMiaEFVX3lxTE1fc3hfZ3VoZ2NFX3pHTlRyQVY5WDdfaFJzSjFyVDNpcU9TaEFBRDZ4aXBva2xMNWlBZFJVeFFRbTlKREVfQUVVdVRjUG9UenBlcV9kLXY2VGV1NmJyR29TWFkzZmt3OHI3?oc=5
북한산,자원보전,북한산생태탐방원장에 장맹배 고양시청소년재단 사무국장 영입,1,1,퍼블릭타임스,2024-07-10,2024-07-10,https://news.google.com/rss/articles/CBMiakFVX3lxTFBCSkotZVdpRkJJQWRjMnl3dnNUUmtYSi1LT3pqaXBWWXhidXRDQ0dOVVdTSmE1VVJrX3dJcmxPYzk4U2gtLXZsbTdmcDk4Z2xqZFFXR2hYemxWVkZZUUZHUFM2Wi1ZQmR4T1HSAW5BVV95cUxNSDBfRnhOZmhCTUZvUnNYVVZaemNObXBmNkR5N0ZkM19wdXhaUGRtRUNyUG0yNzBheG5ETG02UEpPTXNJUTJUb2gyb2tiaWNZT1NWeG5oMHROcjlsZDk2Q0VOS0Z6a19hQ01XZ2J0UQ?oc=5
경주,재난안전,[정부] 경주 국립공원 산사태 피해지 범정부 협력 대처,1,1,워터저널,2024-07-08,2024-07-08,https://news.google.com/rss/articles/CBMickFVX3lxTE5zelluQWtfR1NFRm5HM3lPLXdISWZMbnhQV1pNUDhGTWIzbDVuMkpBQ0NDbDZ1cG1FemtFaGJwNExIZU9qcG82dDFCNHpiX0NMNzJ6QnRRWUg0VWN6MmpRak1DdTZCR0F2VVlOMWx4NWN1d9IBdkFVX3lxTE82Vm1UWGdCbXE0TmNpRjdtbWtvVXVMREFJNmpINmtmY1NXNWJyWWZfdHRUbzRpdjVRcks0YktEOEdRbVprUG15Zy1TUE1UVHp3U280eF9wcW1ReGZWaGY3WmpoMEZZTkFCVmRRbURibXpuVmZFb0E?oc=5
지리산,재난안전,"'지리산 폭우 참사'… 장마 시작되는 지금, 다시 주목받고 있는 사연",1,1,위키트리,2024-06-28,2024-06-28,https://news.google.com/rss/articles/CBMiVEFVX3lxTE9oMXFRTGRyVjlDREJJSXRXVlRyZWdCM0x6WDdCREt6T2NmbmFDWWZMUnkzWWpNUG9BOWlDNFhRTVROY3BMNk43Z1BuLUZVbTJ4cE96WQ?oc=5
태백산,자원보전,"태백산국립공원, ‘자생식물 증식장’ 조성",1,1,KBS 뉴스,2024-06-27,2024-06-27,https://news.google.com/rss/articles/CBMiW0FVX3lxTE9hR0FYdVJ1bWpoR3JHamZRdmtXS19EbDh0Qk1kdnhRSmFqbi1nUU8yMndfQldIZEE2VmxRaGNoUFIzelJmZW9zN05xekRWUEVzRDZoMWV4Y3pyVFU?oc=5
(전체·공통),탐방시설,국립공원·미술관서 야외 결혼식…공공 예식장 48개소 개방,1,1,파이낸셜뉴스,2024-06-26,2024-06-26,https://news.google.com/rss/articles/CBMiWkFVX3lxTFBiaFlwUTk2WHNCa0lUUUxvdjNFWmpIOWxhY1IyVTA3RlQ5ckc5MFJOclc4MHBfVmxENXFQeG5WenZNVGxpTlVoVVZBbE9lWmRya2dXcWkxci1Tdw?oc=5
치악산,기타,“치악산은 역시 경유형 관광지”...당일치기 방문객 70% 이상,1,1,원주신문,2024-06-23,2024-06-23,https://news.google.com/rss/articles/CBMiaEFVX3lxTE9sTTg4VXlnQUpkWF9PSHVHNzRJM09lSXczQktRRmcwdUhkOWtfRHhNdUdKZFEzLTdvVHQwOUhMZVhZVWZORWVmMXgwaUhyZFpfWFQtUGtHMEJ6WHd3MWEzZ05SaVZZQXJu?oc=5
지리산,탐방시설,"지리산을 시작으로 국립공원 탐방로 타이어 매트 전면철거, 자연유래 매트로 교체",1,1,K스피릿,2024-06-19,2024-06-19,https://news.google.com/rss/articles/CBMib0FVX3lxTE96TXRnNkM5SDJ0MFZxLXo2aTRRNkp4X0Zhc2VhU1ZSNHhGdHotU3p4ZzdGeWFHdnFneHk0aFZveDhtUVZtQ3hNNml2SEg0bDJqMWhpX283ZG5LbHdEVHVUdlRyRFhET3BhczBCS2lWQdIBc0FVX3lxTE1CV240emZBNGpWUFlEOERabGE5TS1Kc1QwMlFBb0diR0doVUQ3cDA3dnJEX3pKRjZSaEZKXzUyOXNvbjF3MXJJaEtZeXFDMnFsek1jX3U0SHROUnhfUDVYb2lQLU92ZnhLR3ZDRXVUTnlNREk?oc=5
(전체·공통),탐방시설,국립공원 탐방로 타이어매트 전면 철거…야자 매트 등으로 교체,1,1,지디넷코리아,2024-06-19,2024-06-19,https://news.google.com/rss/articles/CBMiVkFVX3lxTE11clRzc3ZEUnQtdEJLN0RWdy1KMTRNOGtIR1ExY2V6N1ViR3l1VXRKc2YzYVBmVHdGOVJKdFJHaWZnZWE2cEd4R3FRLWV0NWtNd0RGN1ZR?oc=5
내장산,기타,정읍 내장산서 조선왕조실록 이안 기념행사 열린다,1,1,전북일보 인터넷신문,2024-06-17,2024-06-17,https://news.google.com/rss/articles/CBMiVEFVX3lxTE1qckpVZHp0VXFEdFZqLWk1Qnl2cXRjbEUyR25fVl9ib2xCMDRaR1Rlb2RBNkdWRHlNV1hxdW1WLW02VEtXX1pZc0I4TDkzS1VsOTJzWdIBWEFVX3lxTE9BYU9XQVR3Z2ZLZmMyWElBZjZfMkN4VVR5MHhNZEsybmlLNVdoNnczc2tHRFBOYlVpVkRzNkZjR0NwVEp4NHlBMXA3SHZFcTdta3ZQektWanQ?oc=5
월악산,기타,월악산 산행 중 땅벌에 난사 당해…20분 만에 살충제 든 레인저 출동,1,1,월간산,2024-06-12,2024-06-12,https://news.google.com/rss/articles/CBMiZkFVX3lxTFBYSHFBVGk4QlhOdURDNXdsXzh2TVE3S0NmSjRpNVhpaktEMXFmZ3RGZTBlUVFNYjJ0Szg0WUs0WHhvRENvaHBTQ21hMzlNMHAzbkpBZ0NRVWZzenhncHk4TU56SE5Jd9IBakFVX3lxTFBtaVV5Rms0ZGNwU2JiT2lYd3lDYU1OUlRsZ2oyb01mZjN0VUpGaFNJbEhSVWZJMUtMM3lGeVNTR3cyQUVndEhUZ1lxTWRqUU1aRDI5S1JyU3k4aS1Oa1hVeWlROU5NNzk4Nmc?oc=5
(전체·공통),자원보전,[포토짤뉴스] 기차타고 편안하게 ‘국립공원 생태여행’ 가볼까?,1,1,토요경제,2024-06-12,2024-06-12,https://news.google.com/rss/articles/CBMiYEFVX3lxTE9XSVJjNnRvdVhSODZkdTk5XzRPMm5ydkhuUWVVZUo4Yms1RXFNZGRBRzVMbzJVY0FlSldSdUk2ZElKbnRjZmVtek9lN20wX0t4emY5eXNvWjNUWWMxbkhOU9IBb0FVX3lxTE52U3pMcHhkby1KM2s3QlFvakZVdmhsZmNYcER2NmNNVkFEMjVEYzVJaDZOWHBEUTlVQ3BveWUweHI1NEdZd2ZranpnaHIyaVBZc3NYd3BPY3pVR0lDb3JuQzZKZ0V5S1VTQTVRY3Y0Yw?oc=5
설악산,구조활동,[산타는서기자] 영암의 작은 설악산 '월출산'…등산 중 응급사고 대처법은?,1,1,매경헬스,2024-06-07,2024-06-07,https://news.google.com/rss/articles/CBMibEFVX3lxTE1xTXJ6clBnLUgySmcxY19faGNDQ21nMVFQNnlzaVlRNkFycmlrMXpQSGtfckN6QnAxZnd0UTFtWU1pLWJYYWZnM1A3OXF3Q0dUdGhfanY0SDRsRWhtbEdUR0FFM0E1eWw3M2hYbQ?oc=5
금정산,기타,범어사 결단… ‘국립공원 금정산’ 8부 능선 넘었다,1,1,부산일보,2024-06-04,2024-06-04,https://news.google.com/rss/articles/CBMidEFVX3lxTE1oSm1yTi1mcERhampXNnNGWDh5MUhqUVZoZzEzNy1DeHc4MlF1UG5ISlEwVDFRSjlUeHlBN19ZX0dpSW5ieFBvb1NLYzY1TkZHb0stdmZaVTNVRmtqSzNOSXZiTWZWM2xDTXNPdXFsMi1NMV9W?oc=5
(전체·공통),기타,"범어사가 띄운 시절인연, 국립공원 열매 맺을까",1,1,부산일보,2024-06-04,2024-06-04,https://news.google.com/rss/articles/CBMieEFVX3lxTFB5OHU3ZUpla3ZWLXJrU3BjSzJMc0ZiZzcwaUV2QjEyenZDNlhWMXhyYXoxeDlBdG0wZGFSZFNMZjFwcDNnZnlmVlhUMEFZbXRCcFBCTDhSUXg4U1NmS2lqRGZ4bDg3V0RkeWR6Q1pNOFJBeFJMTkctUQ?oc=5
무등산,탐방시설,"""어머니산 시민들 품는다""··· 무등산 생태체험공간 조성",1,1,무등일보,2024-06-03,2024-06-03,https://news.google.com/rss/articles/CBMiVkFVX3lxTFBzU2Q0Vm1zeThPZTl4NDRCcEdOSHBFTVZuUzQyaHNvMEd2NnNLYjduSTdYeDdZZXZMQ3hwWXBwVGgxdXlGVXprX1d4MDVndkZzX1lvVGp3?oc=5
설악산,자원보전,"""철도 터널공사로 설악산 지하수 유출 심각…생태계 파괴 우려""",1,1,연합뉴스,2024-05-31,2024-05-31,https://news.google.com/rss/articles/CBMiW0FVX3lxTE5oTEtrVWZ4N3NBNXpzRi0wNi16MFNKNXJ5NTNHSnl2M3JqUzk2bzJZRG12Vnk1RmZ6NHRqRlJqT0NnQ0Exak00UmFjQ3cxZ09qaUVyZGR2M21CMFXSAWBBVV95cUxON1JFQzIxSkxtMjZDVXVYTkZ6MzBGVmp0VG1FOHVhU1JmOVR5NTZhQWg1STUzd1BVQVRQTi1iZUp5X1pPTXVyamFzTGwtMDJSOWYyYlRzTXhvZWtTTFJydmU?oc=5
한려해상,자원보전,"[국립공원공단] 아기 상괭이의 놀이터, 한려해상 초양도…생태 해설로 관찰 지원",1,1,워터저널,2024-05-29,2024-05-29,https://news.google.com/rss/articles/CBMickFVX3lxTE1aWGhkdVRhTXlCbVFiN1hoUFJIWmgyX21sZTVwc2Fta2NrM0lZMlpVV0U5Qk1hclluQ3NyVUxCdlJFNUQyeFJJci1iMjh6Q09PN3FPVW01RVAxTDFyVzRCdjJTemRMYjlMdUM0cko2bUVwUdIBdkFVX3lxTE1RTnRMVGhqODNHUjh3WXhJbnd6bTJEbUZkNmQzUlRqc1A0M1pHZUlyRnkzU3BKMDVLbHo0UTNGV21tMGFxbkdrcDdHRzA3TXZkTmZnTXo5Y29BWTRld3FxSl92VVBvVXBqWlZvYTFQbjI4azY0U2c?oc=5
소백산,기타,[걸으며 생각하며] 소백산의 진품 걷기 코스 '죽령옛고개'···특산물은 '덤',1,1,woorinews.co.kr,2024-05-21,2024-05-21,https://news.google.com/rss/articles/CBMibEFVX3lxTE1tNnpnb1N2eXl4NmZUelBiN1lLWkRrM0VkamZsN05nallXZS00S29QUk03ZDltNzFDaW94SEhrT2t6b0pDZlkxbWlUTFhqUWhpWm5jSkRjUmdhd05BdjdubnhvNWdISGZvTXhaWdIBcEFVX3lxTFA4RDdTSVNzWk9Ua2RCY2hOMUtFbGlsNGhQWjA0R2lMRURWNmpzSVpqaDcyR0JZWkdJcnNuN0s2azl5UlNMMTlsU1NyZ1hzQlk2ZXp0XzdKT2o1LWV0em9YeHNpdVJZb21jTWFaLTlVbEM?oc=5
지리산,구조활동,“제발 가지 마세요” 지리산 비법정탐방로서 조난자 4명 구조,1,1,부산일보,2024-05-16,2024-05-16,https://news.google.com/rss/articles/CBMidEFVX3lxTE1TUzNsMWh5TGJBV0JPRkd2UURmOE5pYXBSeGRmZUp1MG9hV3VVS2prR1FLcHhkeFJGTlc0ak14MUJPZTNMLWU0ZXlzWUJZcGtzb21pRDY1aXBjQzJfanJMYlFRSi1PNG5rdVNnOTJMNS01T3FS?oc=5
무등산,기타,무등산국립공원 평두메습지 ‘람사르 습지’ 됐다…국내 26번째,1,1,한겨레,2024-05-13,2024-05-13,https://news.google.com/rss/articles/CBMibEFVX3lxTFBEMkJxSTBteHF0QzQ1dncyZE9TdmtVeGhzckpxQmpLQXB3Z1YtbnVBMU5JWVhZSE5NM1R5TEpEZ1FiN0VIdVZCSlJBcUV4dGg4aWFjUFFZSHdaV3g0ZnBNNnhBZV9CR0FBcVZObg?oc=5
오대산,자원보전,"오대산사고로 떠나는 생태관광…""드라마틱 서사가 있는 곳""",1,1,연합뉴스,2024-05-03,2024-05-03,https://news.google.com/rss/articles/CBMiW0FVX3lxTE16X0cxTEJFeURXWjh0eFdoVnVvcWhJNzAzRkpnY2NwVXJIWmJ3ZlFuVlF3b0F0YXdITW92OXVJM3ljWW03T1ZSS2VoRVEtM3d1MlNLVlkwRFc1UEHSAWBBVV95cUxQTDRXRm10aHpOQ1FDMEt5NWdHdTduRFRhenNpLXp0LTViNmoxbnRwQjRzNlVVd0daMnlrN01VZEQwTkdVVUtKRXZ5cHpTQ1AzUWlYbm53UjVJcHBlMW1JamM?oc=5
태백산,탐방시설,국립공원 저지대탐방 문화...휠체어 이용 태백산하늘 전망대개장,1,1,교통뉴스,2024-05-01,2024-05-01,https://news.google.com/rss/articles/CBMibEFVX3lxTE4wUFBLZGR1Z2lXb0tnYVpRZEM2aVp3S25fdVQ4dU83ZWhJUTVZN2NmcnZmV0Y4ckNqNDFvZktpMFdhSE9GSUs2TVI2RThUSFMxdzd6bnhVdXpfdGlfQjFPeEJ0cWI4UkhuV1czMg?oc=5
태백산,탐방시설,‘하늘 전망대’에서 만나는 태백산,1,1,서울신문,2024-05-01,2024-05-01,https://news.google.com/rss/articles/CBMihgFBVV95cUxOOE82MmhscDlTb2N4UEdZS1JqeXRLdjViZTV6YVQwVldSQ083LWVrM0NiamdrbmxsLWdfUzQ2UGJzTkF3ZHhLZGdxWHBpRzg5b1BDOThkVERIMkVEcUI2RUVtcGYtVG11WmhIT2hncWdYNzZLWDQ4R1hoQ3J1MWNTa214TjR0UQ?oc=5
태백산,탐방시설,"""휠체어 탄 부모님도 갈 수 있다""…태백산 '하늘전망대' 가보니",1,1,중앙일보,2024-04-30,2024-04-30,https://news.google.com/rss/articles/CBMiVkFVX3lxTE5CdjlqMGNhbm55SnNYMlVXZ1BLSWRieGVraDBFVUtlaktNYlpnVm1hN1FoS3pESWJVWXl4MHcyOFBJQXJvdVVUTlFVV1djV0FOTjZNd1BR?oc=5
소백산,자원보전,"영주시, 국립산림치유원·소백산생태탐방원 우수웰니스 관광지 선정",1,1,데일리한국,2024-04-29,2024-04-29,https://news.google.com/rss/articles/CBMib0FVX3lxTFBOMkwySEQtVldOUFQtOWt6TXFfemZLR011WE1GR3MzdFF3alkyaWFBQWVGcnhmQ0cwOEdwSEplMnRXN3ZSNjl1TDlESGVGN1kxT2VreHVLaW9HZ1dGcUV4Xzhfclh2eVlIQWQxVmkxMNIBc0FVX3lxTE1QMWhGNXlQbjg2NW5XMTMxcmdMeVJmYTlsVU1VYXo4TEp6SFVTdHo1RVVVS3pRSHZnWmNjakR0cmpGRzlMWUhTd2FSWVctWVJTMWthQ1pZNWRYNVJBZzZmNVJWWDl5MHBxbWVZaW03T1R5X1E?oc=5
경주,탐방시설,"경주 황성공원, 근린공원·문화공원으로 조성",1,1,한국조경신문,2024-04-28,2024-04-28,https://news.google.com/rss/articles/CBMiZ0FVX3lxTE5kOVdCcEhwY1VHV2xYdjN4bTBFalM0ZVc3X2Vlc3hRY25Uc0tId2dGSUR6UnJOaWpTWmczOURRQTFFS2lNWkpLV0N5em1jUmFPT0M4TlBzN3ZiMDlXbU5NMnpCMlZfOTDSAWtBVV95cUxQUFVCdHU4dWt0NUFweGV1UEFoT1FfMko3eHNsd29DbVJqZVdNb1dZY2E4SF83UEk3Q0xhS0JUOV93ZGJmVkZ5UUhFQldLZXVhYVJoR2hKMUVZNWRtWVBwN3NWZ3hYSGYtVWpLbw?oc=5
속리산,탐방시설,"""속리산서 큰입배스 낚으세요"" 국립공원 이색 체험프로그램",1,1,한국경제,2024-04-24,2024-04-24,https://news.google.com/rss/articles/CBMiWkFVX3lxTE81QkpjY2FhU29HMWdXbXNHbWJ6UGhMTGJFM2RsWklvbFUzVlVDN1dDWVl6QmFwcTFhXzJ0TVFZeEQ5ZjNpbWFnaHh2VDNpU2xJWlZMdU1yY0xkdw?oc=5
팔공산,자원보전,"담비·국화방망이, 팔공산국립공원 대표 생물종으로 선정",1,1,매일신문,2024-04-17,2024-04-17,https://news.google.com/rss/articles/CBMiYkFVX3lxTE5HRU9EWEl6NEVkaE5VaFliRXFFb2ZMdExlbERxRmZRbk1RWWI4aGJRLTNPTGZDaEVhcXVWcXNnQWRWdkVxYURoQUhBckJOMUxZSlZyRjNqZHRublVPU29nWVN3?oc=5
다도해해상,행정,"다도해해상국립공원사무소, 지역공동체 업무협약",1,1,ecojournal.co.kr,2024-04-17,2024-04-17,https://news.google.com/rss/articles/CBMiX0FVX3lxTE54VXNVWnE1UTUxUzVVc3prR1E1cmR2Mml6VkJJTEJ3NjhKc1dSOFlTaWRWRkV5Z3V6ZF9YSDBIelRDYmk1N0ZScll2eHVvSEpMOWtjbG4tMFlrdTFFLXBJ?oc=5
무등산,자원보전,"무등산국립공원, 희귀식물 '왕다람쥐꼬리' 시민조사단 모집",1,1,광주in,2024-04-14,2024-04-14,https://news.google.com/rss/articles/CBMibEFVX3lxTE16UDF0b3VHVThsTU5uUmlmTWF5UFVBM3dZV2ZObXZDZ2ZRSWhZU213SDV3UjNuOEU0bWliU1c5RGRwcHVxUjlOMWo3RUZUeUk3SWd3UjR1WjZoMVkwQ3JLV0I1bUduY0hham5CNQ?oc=5
한려해상,기타,한려해상·다도해 15개 섬에서 작년 수거된 해양쓰레기 430t,1,1,연합뉴스,2024-04-13,2024-04-13,https://news.google.com/rss/articles/CBMiW0FVX3lxTE9Yb1hYWUxqeTI1NTBDVV8wdWdHOGFuWHNGZ2JreHFOMFFqQldYZVVxQzFDWWt4VkswNVpiWXlRcXJuUHhwdmVaYnhXeGk1b1VrXzhFOXZWR3FjeXfSAWBBVV95cUxNMC1vTVFIcnpiUFVuRG9rM1ZNeHpKMjhWUXYzMGpQSVBQdENEY0tMOFV1X3ZRS0FaTHVRMXhSUEwzNE90QXU3OEd5cXFEZmtQMXhYM3FhVk0tWUZ0TDFkSXc?oc=5
변산반도,기타,[르포] 벚꽃 핀 ‘내소사’…“변산반도 국립공원 멋지네”,1,1,아시아투데이,2024-04-04,2024-04-04,https://news.google.com/rss/articles/CBMibkFVX3lxTE5RM1VZSGtvRlJ0UFVYU1VKcU45UHk1QUsxQzZ0dXlLNUl6QkdNNHg5SWhKbTlHN2JzTm1aRHZBYlVjZVFibVpYWk5qMWRtWDlEUjlLZUdHal9TY193bkNta2FuUVkxN01RbHpYLWRR?oc=5
태안해안,기타,"태안해안국립공원, '어르신 여가 복지' 기회 확대에 팔 걷어",1,1,데일리한국,2024-04-03,2024-04-03,https://news.google.com/rss/articles/CBMib0FVX3lxTFAtRkE3RE5scUdUZlZFTmNhWDFBWUlYSFBkNjRFNzFoREpfU1c5bWwtRGtPUE45VU9qU1BKSVdPc2dpZ3lGbEFVX3M0X3I0NDlvQ2FkSzhaOFplMWJ1aEZMUl9lWVVSanpsTGFjcXljONIBc0FVX3lxTE5LTjhnTEowcnNmcTh6cThhLXRjdHJnYVpfQ0RrV1dDR2hBdHd2RkwxSmgwV0lMcXIwMlpPTk5uV2o5MW1QcGZyZ2Nual9QWFQ3N1I3d1BmZEJBQ1NNX0RaRi1mLUNId3ZjY3ZaR19aODVjbUU?oc=5
설악산,구조활동,인터뷰 / 손경완 설악산국립공원 특수산악구조팀장,1,1,설악신문,2024-04-01,2024-04-01,https://news.google.com/rss/articles/CBMiW0FVX3lxTFBsWExaWlRZc2FTc0dHTWV2SHVTbmdUUFNiMXlNdk01T1BfOFNfbFNUUnpCMXRESGxtWGZpb2NtdjdYbllCMU4zeHVleDRRdXhndG1VdGwtSlkzOFk?oc=5
경주,기타,"경주국립공원, 테마별 의상대여 서비스 '시간여행 사진관' 운영",1,1,이로운넷,2024-04-01,2024-04-01,https://news.google.com/rss/articles/CBMiZkFVX3lxTE9OSURwa1hreE9MR1hZU2ZTV2JHR2xsQ3FXS0d4ZFg4UWpmLXV6NUFrNFFBV0dUdEZwT1pkVTV4VHN6NEtCV0RtdHQ1dklOR0tWSFItZG8wWjRjdXBub1I1NEV0TkV2UQ?oc=5
경주,기타,"경주국립공원, 추억의 교복·신라시대 복식 무료 대여에 사진 인화서비스",1,1,kyongbuk.co.kr,2024-03-29,2024-03-29,https://news.google.com/rss/articles/CBMib0FVX3lxTE9YaHJfWmd1d3ZoUENoZEx4amZYdWJHMzZ6anduUWhpc2xBYWFEU1JmNzZhVm5qV28tRWlKX2E3UTVVT0w3QTlON0Zla2psOW5lZjJwZ0NGVTVQaTNwQkkyNmZRbjFqUWI5SlFoY1ZDOA?oc=5
(전체·공통),탐방시설,"국립공원태안사무소, 태안해변길 주차장 등 신설 계획",1,1,OhmyNews,2024-03-28,2024-03-28,https://news.google.com/rss/articles/CBMid0FVX3lxTE9XVF9vSXB1WFF4ZktfRG1TbFExVlhvMXBUdXB2cjJVXzVNdTR2VG9aSU5VMnNaVGpaOWlVd2gwaDBTc1FJVFY4REprazE1SnBtd2o4ZlVzcXA2c3lfSGZGY2poeEYwRW9Ka01tQUJCdWdwcjNWcktN?oc=5
지리산,구조활동,지리산 국립공원 “구조에 보행보조 로봇 활용”,1,1,KBS 뉴스,2024-03-18,2024-03-18,https://news.google.com/rss/articles/CBMiW0FVX3lxTFAzelZsbjNybHE2V3QxczlDbFNKdk1fWDJBeWpuNTdPajBrQkttN2NvamdxRHFLVVdJSXhtSjNCNUJ5aldZM1JuaUdXX0dfbEtNTjVyXzh1bzdzdHM?oc=5
오대산,기타,"""오대산의 모든 것""...오대산 국립공원 점자 안내지도 발간",1,1,뉴스핌,2024-03-18,2024-03-18,https://news.google.com/rss/articles/CBMiXEFVX3lxTE1mUFVqRXRuOWpDYU41SU5zTmtyUnlYMU9YU1dVNVJVSGVJTjdjSjlScElQWG1SdDZwbHRoV1JKaEprbkVBa0xNTGhGSkQ2ZXJBVS1CejllT2g5cVZE?oc=5
오대산,기타,"국토지리정보원, 시각장애인용 ‘오대산 국립공원 점자 안내 지도’ 제작",1,1,국토일보,2024-03-18,2024-03-18,https://news.google.com/rss/articles/CBMiZEFVX3lxTE5EWU56SllaSDlEa2VVOFdHMDJYZWRvaUhBam5xb0dWcW5nLVFFSkFTeUFZdXA5dWM3R3NldHhIMU1IcmN1N0R5UGZhZFYzSW5iWUxuZ3pBb01SeUx1SVFWY1FoVEU?oc=5
오대산,기타,시각장애인도 국립공원 편하게 걷는다…오대산점자지도 19일부터 무료배포,1,1,중앙일보,2024-03-17,2024-03-17,https://news.google.com/rss/articles/CBMiVkFVX3lxTE9COUh0ZEc4WjdrODM2WVEwMGwzSURFbjJRSjdJNWlfQmt0VDNyQ3lIRFVRTmFoMktPLVVQcHUwamhGUk1EUGpwRHNDZ0JMNlpYWU9WbUh3?oc=5
소백산,탐방시설,"영주시, 소백산생태탐방원과 웰니스관광 프로그램 '여유만만 심신(心身) 돌봄' 운영",1,1,포커스데일리,2024-03-15,2024-03-15,https://news.google.com/rss/articles/CBMiZkFVX3lxTE1jZU05SjlGU1F3ckVhbjVROUw4S3BVUndCMHFEcVAxNUROQ2oyYTJmY2wyMzlZU1AxRG5mc1h6em1OT1U4WHZod0hiQXFSWXNsb3RSQzJHQ0pJOWNsYU1YeGRLcF9LZw?oc=5
북한산,기타,사무실 출근하려 매일 40분 등반…“북한산 암벽사고땐 20kg 장비 메고 달려가죠”,1,1,매일경제,2024-03-14,2024-03-14,https://news.google.com/rss/articles/CBMiVEFVX3lxTE1rYlBmZEhvYTZXZFNXek1wRUJJZWtkcFdyNy1hRzg2dFBEUXdycHFDN2lHMzlYRTdaLVdlMWlKRmFvSW5WVkJvSGJEVWpQTW8zRklyZw?oc=5
지리산,기타,"지리산국립공원, 전통사찰과 함께하는 환경정화활동 진행",1,1,이로운넷,2024-03-13,2024-03-13,https://news.google.com/rss/articles/CBMiZkFVX3lxTE5lQnJ0cTZfRU9KTHNlUWYxZHFOSU8wMzBjNUlJMmlZdEVvSkdXTmRCNFBoUko1VVYxUWllQW5QX1RLNURsUXRxVEFKZWlLZzRhVU9aZ3hZLUxjTDY0bDJZZXNoYTgwZw?oc=5
(전체·공통),자원보전,[라이프 트렌드&] “매년 4000만명 찾는 국립공원…온전하게 관리·보전 위해 노력”,1,1,중앙일보,2024-03-11,2024-03-11,https://news.google.com/rss/articles/CBMiVkFVX3lxTE92T2hKR3ZLcmg5ZlhYMkNIeEZsTUdUV2lGUEQ3MVFhNEVjLVk1eDRiQnVLclBsdFNNRWlXaURDMmlTT3BYaEUxSEZpeENsRzRkeVd3bUx3?oc=5
(전체·공통),기타,"""키 40㎝ 넘는 반려견은 국립공원 못 가""... 시범사업 실효성 논란",1,1,한국일보,2024-03-09,2024-03-09,https://news.google.com/rss/articles/CBMibkFVX3lxTFAtYV9LeVppV3FoMWthaDk3LWZlZERaMWlvUml5d3lITUhVcUJRaEhfQzYyXzFtRUlMRmdGT3M4SUt5VWdrdUxHSExCZWpCMHk2cTRiT2RLTTczSTAtb2Utc0tpeXRIQnpReDZaNk9B0gFzQVVfeXFMTnZQekxmVm5VYUtjZ0RJLVUyWlZxVGlocGlScjVGdkkyMzB6T3U4U1NhcDBEWmJJWHhYSE9Vc25sOHRvS3pOZ3pWcWRjeG5QSVY0UGhpdXJrQklyNEJXRHZlemktS2ZXcjJQQ3F2d2VkaVppRQ?oc=5
팔공산,기타,팔공산에서도 클라이밍 가능할까?…“다양한 연령 즐길 콘텐츠 마련해야”,1,1,매일신문,2024-03-06,2024-03-06,https://news.google.com/rss/articles/CBMiYkFVX3lxTFBOUEhIVVRWYV9XeUlXd2dZM2NNbTRiSTZmUFh3TkZfdDBDOTYtaWlxX0l0S0FFblBtcG9rc1BVNFotY3pzUnUxa2dpNndnbDh4YWcxcU9zcmQ0UVlPRU9GUjNB?oc=5
오대산,재난안전,오대산에 4천ℓ 대용량 고성능 산불진화차…국립공원 최초,1,1,연합뉴스,2024-03-03,2024-03-03,https://news.google.com/rss/articles/CBMiW0FVX3lxTE40OXI5ZjVzRTY4SF9RWXV1MEdPXy1LQm1LckRTOGZ0T21Ca2FWUEoxdjRYMGNtdlR0U1FLRmhmVnBzVzcwRjVEc3hHTV9fUEJLcmQtRTk1a0x4TEnSAWBBVV95cUxQTXB2b0MwTmZhSmo5VjVRV1h2RWR3aUluRjJlb0RBelZzcTZ1MTdFbXZJbE1VM3lWRkNrWXdkNl9BeGtFTmhQRURqVU94djBvSjhUUWtrVi1qSWo0di1hS1o?oc=5
내장산,탐방시설,"내장산 국립공원구역 해제 후, 고작 전망대와 수변 생태탐방로?",1,1,정읍신문,2024-03-03,2024-03-03,https://news.google.com/rss/articles/CBMiZkFVX3lxTE9EcWtTRHBGNnVQUTR4VjJRbVJCZU5ISjQ5eHZLZU9nSm1HWTRuY3NMVWNmakU4THVBNEx0NjE0VHdmY05Eb3JJUzdfcHd2RmxHNi1IMS1leEJWMXRlSzl6em1DdklTQdIBakFVX3lxTE5SMXZ5X0o5b3hkRWFnRXFRRGpQUk5DbmRaWHFUT0YxSDZYeGlfdktDRXVSRFA5bVp6VDJ5N3dfVXpQQi1hTzJwMzhYM2RISnJvOFE2X2hNRUhiTEhpUExGUEhDWndwZTIxUnc?oc=5
속리산,구조활동,속리산 문장대 등산로에서 40대 남성 추락해 사망,1,1,KPI뉴스,2024-02-18,2024-02-18,https://news.google.com/rss/articles/CBMiV0FVX3lxTE8yWl96ejlKd1FrZTY4U1VNd0FuRDVqUjBZSTVoNHZDdG1CWkgwZk0zR3BWdUVoaUtHWFVDcjBiaWU2MEk3MUU3cHo1V0x6OHZWZHV5MThsMNIBU0FVX3lxTFBTU3JWSjNEX0xzdDhHTVVtbnlVTFo5ZFAteXc3WGlQWVBDMzRQSWYzUTZDb1RMOEZwYXpycW5hc1ltRHpwV0tPYnFTTnA5YS1VODY4?oc=5
경주,기타,[10년 전 그날] '샌드위치 패널+인재' 경주 마우나리조트 참사,1,1,전국매일신문,2024-02-17,2024-02-17,https://news.google.com/rss/articles/CBMibkFVX3lxTE16d0NYU1RpM3h5Wm13aGJkblRvcTR4NkJLTnNZSlpYajhEVkV4dG5wLW11LUM0MjBBcHRUei1vZ3dWTE02NUFmRk1UNmY1dmwyNHN5R3F1Ujh0ZWkyWFl1RnZNcTV0OEQ1X1FBdDVB?oc=5
덕유산,구조활동,"[조난구조특집] “블로그만 보고 한겨울 덕유산행, 나는 너무도 무모했다”",1,1,월간산,2024-02-15,2024-02-15,https://news.google.com/rss/articles/CBMiZkFVX3lxTE11S3hvaGNBVlJ1dHlrUkl2ZFNRNFA1Z0FNY294QXFSSzBGT0VwUElSRWd2YzB5NjkwV0FoSGhfbXdqd19COUJFS1dJZzNMUmNPc3dBVlRXX1pMUG9VcldHT2pHU1hYd9IBakFVX3lxTE1oTDZnd3F6TXQ3QkVTaFVuRGx2c3M4RmJRVEppMk1lY240a0FrUEwtSG1pOHlKdk1CaDd2OC14bFBpaC1sbDdpNk9SUGRSQjNpLU1iSENOZkxSU3VyLWVLc2tDVVljRlZYblE?oc=5
(전체·공통),자원보전,"조류 따라 감태 일렁이는 해상국립공원, 자리돔이 물속을 난다",1,1,한겨레,2024-02-15,2024-02-15,https://news.google.com/rss/articles/CBMibEFVX3lxTFAyY0xiR0RZcXFLVkFjX2hteVp4OG1fVW9kQ2hral9qYkpxbWo3MHYycWhNVXdjOC1IV3ZvRG5pWDR5ZWtCWkNueU90VlhXRWdBdU9sSDlRc0RUcVhOcVVfeFlhMkw2Ry16RWJwQg?oc=5
변산반도,기타,"온화한 겨울 날씨 탓에 변산반도 개구리 산란, 한달 빨라",1,1,농민신문,2024-02-07,2024-02-07,https://news.google.com/rss/articles/CBMiWkFVX3lxTE5vZFVZLWxIajZkZ0lORzh1cjVSVDNERlRmYjV4cXVpdkpXZ3JjQkxCdnpzLUZ0cjl3cU5RczlmQ05CZDBsMU9CakF1cDVBMGIzSUNnYUJTbGFIZw?oc=5
경주,행정,[만났습니다] 김창길 경주국립공원사무소장,1,1,kyongbuk.co.kr,2024-02-04,2024-02-04,https://news.google.com/rss/articles/CBMib0FVX3lxTFA1cDhudmM2QzFfZVh2RGJCR1BteWQ1NlIyTjFKQUFYQzNKcGtpMkFFRE1LS1NqVzVJNmxtV1cydUUtV1YteElUeFBoRU1JLWJtc3ZmODJzRTJuR3lBMGtZMHR6Vy1EVGhtcXVSZy1YTQ?oc=5
한라산,기타,"최고 35만 원 웃돈 한라산 입장권, 판매 글 처벌받나",1,1,월간산,2024-02-01,2024-02-01,https://news.google.com/rss/articles/CBMiZkFVX3lxTE9vbnpxOUpQM1lyU3hXdEpNZVc0NjRpZC1CX3AyUUd1TnVUMmY0RTNibkVjR05lZGFlSXBtVThDbmxfTzJFdGgxZ3gzT0pTLXAwWnRYZ0JGczhJbmwxdXNqV1YyYkZXZ9IBakFVX3lxTE43Vnljc21idWxTUHRmUVVvMkdzdFlsTnNSYzd0M1hLaGROX3FNR1JWTDdJV3Y3eTZ6cGRONTFRZS1FMGV1ZjVNeVBrRnA4WVhzZENmVDdPZFlUcmVfR2s5UFNPNnhlWEpDa1E?oc=5
월악산,탐방시설,"[월악산] 월악산 상선암주차장 전면 개선, 하이패스 결제 시스템 도입으로 편의성 향상",1,1,문경시민신문,2024-01-05,2024-01-05,https://news.google.com/rss/articles/CBMie0FVX3lxTFBzVkd0UU11M2NCcUYwVXJqeEFJR2MyM2prZzhqQ0JsZHd5Q1VCcVBpTGZEQk1yd0pleDB1VWdURUQtb3gxTlkzd2htZHpwN0xRQ3BwWlhDNHZsUVNkY0tRTzIyR1J0M19VWURHYUFXSTU5WHpSbVdON2MxQQ?oc=5
팔공산,탐방시설,“팔공산 마스터플랜에 탐방객과 지역민 의견 충실히 반영”,1,1,월간산,2024-01-04,2024-01-04,https://news.google.com/rss/articles/CBMiZkFVX3lxTE4yZ1JzQTdzTzFVVEFuMXJRSk5lTUdEQkVMbURkdlNtbnEyOWh0SFlsanM2aktIQWt3TVdBNmE3Q252RUEtZ0M2T0ExRkZWTHF5a2g0akx3eWFLeHZiUHg4eHlMb2hqQdIBakFVX3lxTE84cE9LUGRKeGdpRzdVMFlSVUN4YTQtNE5RWDZLS3JFM09uLWRWWmw3V2N5Z0JPc29rMjJLZTJsTzk4RmpENHBxNHV3S3RMODNWclN1UTJIQXFKYTRuNVlEYzlISjA5WFRkbHc?oc=5
팔공산,기타,팔공산 자락에 ‘폐반사필름’ 산더미… 군위군 ‘나 몰라라’,1,1,twig24.com,2024-01-03,2024-01-03,https://news.google.com/rss/articles/CBMib0FVX3lxTE94TEp1VW0zYzBfYTBrNVJQVTFEZHU2V1lkZ0VtT21CNHE5ZDItQUtSSkhMN0N4VFF1TzQ2TnZfOG5CQ09DVElWM2MtQWpvUzQ3VEliY3QxcXlXbWxNbjU0cFVYemhmYTluVkkxU1NtNA?oc=5
다도해해상,행정,이전웅 다도해해상국립공원서부사무소장 부임,1,1,아시아투데이,2024-01-02,2024-01-02,https://news.google.com/rss/articles/CBMibkFVX3lxTE1xRTlab19XaW1CNGFvbUdXQWVvQ2RtTUVGckRmYnJ3d3FabTdESlZBejJTV3VCOEVXNVZvanZaLTdQNzRvWktOZUNkdHNvbVR0a05fWnYyQjF3NU10TGFUY25MUnJlakJaNnQ0NmdB?oc=5
북한산,기타,일출보다 경이로운 60대…반팔∙반바지 차림 북한산 정상 올라,1,1,중앙일보,2024-01-01,2024-01-01,https://news.google.com/rss/articles/CBMiVkFVX3lxTE14SGZuTS1KcXoxVFg3bW94Wnp1czRwUzdsRi1malRGZ29YTlE2OWI5WDk0LTEtV1Q4eWc3dFRoUVlPdDBDSTZZT0trWGV4MUJqSHhfUC1n?oc=5
팔공산,행정,영남권 광역시 최초로 “팔공산 국립공원 승격”,1,1,한국조경신문,2023-12-29,2023-12-29,https://news.google.com/rss/articles/CBMiZ0FVX3lxTE1icF9LeEhjbWlaa1psLWRQTkdSNm9iR0kyVGU1SkJlTi1OVzBwSUJoazlsbFVhZHpJZ1Vwc0hvX3FSa1RqQkplUmtzNnRELVhyRl9VYTdGOXZrdWlxWXpzV3VMempLcmfSAWtBVV95cUxQN2RWclQ2Q0h2SnB1TU00V2FzWEhQQ1IwbEU4eEVCSlJuVW51a25xVFlOcmpvRk9lamhkRE1nMWFjN0ljQXJBX0N3YjFjdjJFVzlhLXBTeG50ejlnSnM3X0hwdndjNmxRYUlpYw?oc=5
태백산,행정,박선규 태백산국립공원사무소장 부임,1,1,참뉴스,2023-12-29,2023-12-29,https://news.google.com/rss/articles/CBMia0FVX3lxTE5QV3hLeHRmV2plN2QzZzByZUNuVFB6d3NzWlR0a2dwdll3T2ZUZUs1ZXo3ZkJIVWlYcFBiV2o0a2FfNHNVWWRFSXU1X1BsVERrUFdEX0FMSnM2MTdJeTc2WENmVnc5ZFB2NThN?oc=5
팔공산,행정,"팔공산 이달 31일자 국립공원 승격, 도립공원 지정 후 43년 만",1,1,매일신문,2023-12-28,2023-12-28,https://news.google.com/rss/articles/CBMiYkFVX3lxTE4wV0VUNjR5bEJVY214bEdFQ3hVY0J1TG51MGdaTktKMFY3LUxpRE5pVWdCWG9wSHdrVzBGcVRNOWZsckFNVk1ZSGdjN256WDlsZXRWZFA5d3ZpV2ZGWERWdENB?oc=5
덕유산,재난안전,[픽!무주] 폭설이 빚은 덕유산국립공원 설경,1,1,연합뉴스,2023-12-23,2023-12-23,https://news.google.com/rss/articles/CBMiW0FVX3lxTE5hUUFMY24wZDRzV2YtNTBaa3lxWXEzendzOHRfS0I0dzY3V05oWC1aZWdyd0JxWHl1ZUVFbTVqVHIweWtjbzFuZXhEZC1KazZSbVRmbHBwdjNWWmvSAWBBVV95cUxQSHB6U2g0OVAyUklqZU1nRnRwWUR1RVRhSDhjUmk0b3NqYjJIUC1GX0xjV2lReWQ5UU12Vm9LOXBoaFhOSE9GdE9DQmFsLWxGV05wTTctekhqWVlkZW5FS00?oc=5
가야산,행정,"조점현 가야산국립공원 소장, 바이바이 플라스틱 챌린지 참여",1,1,경남도민신문,2023-11-27,2023-11-27,https://news.google.com/rss/articles/CBMiaEFVX3lxTE1xWnJyTU9FenRrQjdqelYzWUZuVFd6NkJsQjhJZUM1UjNVVkFCXzgxRk1DMHJ1ZDlqdGRfVDZ4TzdDWnpjWFl0THktUzRzVjBFSDVHVlpybzlzWjdFRHJTS2wzaWg3X28t?oc=5
(전체·공통),자원보전,다도해국립공원서 열대·아열대 해양생물 첫 발견,1,1,연합뉴스,2023-11-25,2023-11-25,https://news.google.com/rss/articles/CBMiW0FVX3lxTE9sam1CM3djakZLempxT2hmbWM1bFJTckFVLWZUMGhacWNKekNnQnRCRk9DOUdYZ0xhRU1zbzlyUEd2cm5zRVlGbHptaTdJMl9UTUR2WFhPQzdYMjDSAWBBVV95cUxPWWFtMk1pZlRhUkpITW5OcFdEN1h3cFpDaTRVQlRDWWtMNVZDQUtpYVRKakVjZEoxTXViRnYyemdUQllCMllrdTliLUZfMVJVYzhYRkZReGg1NTRWUUJDSDQ?oc=5
내장산,기타,코리아넷뉴스 - 걷고 싶은 그곳 '내장산'에서 가을을 산책하다,1,1,문화체육관광부 한국문화원,2023-10-31,2023-10-31,https://news.google.com/rss/articles/CBMia0FVX3lxTE5pd2pMV2s2dXJGTm4xRWhPMVQxT1lydVR3VVdkVElkaWZWYzVMcFZtX2RISjd1Yk1PSzU4emRUbms4OVQwUWhaSVpIR2RINUhvSEJRQ3N3dVcwTk1IUGN1UXhjdDhjQk5DSkRn?oc=5
설악산,구조활동,"등산객 몰리는 설악산, 구조시간은 북한산 2배‥이유는?",1,1,imnews.imbc.com,2023-10-28,2023-10-28,https://news.google.com/rss/articles/CBMieEFVX3lxTFAyWkwwTjZad1FqN0ZxSGplSmIwQ3BPeExoZ05FQ3p5d0xWU3VFUmZrajZWSXFvZVBLY094dDRkajZuM2MwbFlLWGtYMjFrMjE5bXlORkctQ0VnUmVmX185WTVfSTIxMDRiRC1NQWFNcWFXQWlWdmZIS9IBeEFVX3lxTFBSOG16aTZhUXhueGlsWDJoRUJSa3BvdDNUTGJuTmhKVXVaSF9rRkpCRU9PUzM3R2ozUUpYNTNaMENaUzV1cHdqWXRPQ0JMSFNxaWd1T1NaRThkTmpPOUhaSVl3V1dzLU1iOTlEdFJ0YnVUN2V2UTJwMg?oc=5
(전체·공통),행정,[오늘추천 공공앱] 국립공원 산행정보,1,1,대한민국 정책브리핑,2023-10-24,2023-10-24,https://news.google.com/rss/articles/CBMibEFVX3lxTE45QTJIVkZyUXAtcTQwUnRnblhtX0lUR2ViLXZkVFdCSEtJUFk5dHI2Q2RqTk1IQ2Z0UldiWjlQUzcwVnAwS3RiWW96blpVMkg4ZnFKS05RTkxRekJPZjkteUV3VDIwZTFISDhkXw?oc=5
다도해해상,탐방시설,"[전남/고흥군] 다도해해상국립공원 된 거금도 적대봉, 명품 국립생태탐방로 조성된다...13.2km 생태탐방로 구축에 총사업비 50억 투입",1,1,한국지방정부신문,2023-10-20,2023-10-20,https://news.google.com/rss/articles/CBMickFVX3lxTFBnRk9TY2R0UTdjTllzbEFqaHB4aDlsMFBwdnFlMFhPal84U2hQb0RXcjZFbnBBU2dweHdXUGRvRVA4bHNZQ2pzVHIwZ2xhdHI5SERQVGhrcDQwQU82U2p4RExic29kTklEU2YzVjFHdWtDUQ?oc=5
가야산,기타,오는 21일 제12회 성주 가야산 사랑 산행 & 숲속음악회 열려,1,1,영남일보,2023-10-18,2023-10-18,https://news.google.com/rss/articles/CBMia0FVX3lxTE5fQWdZSU11RWVKaU1ValFxMnR2cTFJOFZvNU0wdjVtRUdZN1VwOTFuYzVTejdZT0JzQ29oWmVWd3pUN1dKZXh3eXYxcW9HdHoyWmU2TFEzTUxVMWxjX3pJM2JpYXozYUUyMEZn?oc=5
주왕산,기타,"“경북 청송 주왕산에서 맨발로 힐링해요~”, ‘느낌과 쉼이 있는 맨발 걷기’ 행사 열려",1,1,BBS불교방송,2023-10-16,2023-10-16,https://news.google.com/rss/articles/CBMia0FVX3lxTE93ZHVqVTU5MG03ZkpuQ1R1X2dXVWo1Tm1ZTXpJMHdpdm1LY3Q5blgwUFpKV3pSMDJQTHNiSmdncUhxc1ZMN1VPUWo1WEhETW9wVU1TWWQxZlFhY3R3RjM1c3dWSGtTX3l0bEJB?oc=5
변산반도,자원보전,"변산반도국립공원, 할머니 손맛 향토음식...‘마실생태밥상’",1,1,emozak.co.kr,2023-10-12,2023-10-12,https://news.google.com/rss/articles/CBMiaEFVX3lxTE9sR1VkV2RpczVEcGxITFNMV080ZEtSdE00em9EMGZFd3JoV1VEbDdhMm1fTU5Eb29HZUtVeC1KU245OEk0SlUxSWkxdnhlbzNUQ09BcVVEbEs0VTZMSjFkbUhwdkNENEVq0gFsQVVfeXFMTVV1bHhoRU4tRkZFdkJwUFo2NFpUWi1QUWJSUjhLLWFoclRfSnpOZ2lzbElZdEhyQ1BmUTVRRkVQYzhpa2wwcVpzd3dobWZuY0lKUkZhY3c2SDkzT1d1MXJCbzBfa3J1M3RuY25m?oc=5
다도해해상,기타,다도해해상국립공원 내 전복 양식장 친환경양식 국제인증 획득,1,1,프레시안,2023-10-06,2023-10-06,https://news.google.com/rss/articles/CBMia0FVX3lxTFAyV2c2cE9DZlRUZVFZbFlCUFBUeFNGUzZ0cEN4V1JCNWhjWWhud2dqSFd5T29kWHRkVVk4anlnUFhLM2Z1eFRTVUI2ZFBLQjQzbmc0QmRraDdQdUdSTUhLWnR4UVB1YzE1eENv?oc=5
(전체·공통),기타,"다도해국립공원 전복 양식장, '지속가능한 양식장' 국제 인증",1,1,연합뉴스,2023-10-04,2023-10-04,https://news.google.com/rss/articles/CBMiW0FVX3lxTE9hWG1RaHZqWUNrTWtXa0d5LWVwZ1VjVTRRMEltS1M2TnFPam5SVy12cEI0ME1NaVhFYi1pX1p2NFFlYlV0QVpTTG41V1R5bmxzY1lMMThmQldNZTDSAWBBVV95cUxPZmE2V0wzcDYxMVNHMUduLU1RaEY2V1VQMTJqdkdObGdpQ0FabkFtLWowUE9sTmcxVUw4X3ZqempIdGRCd3pqNGxIU0czUThtekxFWWYyM3I1cUp0dXVaUkM?oc=5
소백산,자원보전,소백산생태탐방원 “숲 속 결혼식 어때요”,1,1,영주시민신문,2023-09-25,2023-09-25,https://news.google.com/rss/articles/CBMiaEFVX3lxTE8xdmJqM1lCWWExTEdIQ1RSQlNfUThwT05hTG1SeDBYOGx1TEZqYXB5VTdpNk5TUTRHWWxFQlRibm9aU1pfNmRzZFp2ME9TY2JKdmM3QTZlS0xHQi02YUhJdXBKZE1wY2g2?oc=5
지리산,구조활동,"지리산국립공원전남사무소·구례소방서, 산악인명구조 훈련 '구슬땀'",1,1,남도방송,2023-09-20,2023-09-20,https://news.google.com/rss/articles/CBMia0FVX3lxTE9seVBWYmkwcGxFS3laM2txSTBPN19WODlvOEZWNmNIQWxwNFN4SDVyRThCSjZvejBNSkk4TUtKeGhYVk8yaFhhZFJTY0hxU19XOElPb25yUldEaVl3bmI2NTQ2SFNVcmxVWVFF0gFvQVVfeXFMUFNyRE9xVHYyYWhPQkpVOGFJbXl6YURaSkxoaWJfNmZqamQxc29ISm10X3ktN3pXaXZNOGYtamFjV0dQbE1nUGRCaHIzWFJLYm9aLTJZWnZMbWl2c3gzcy1fMm5NTGFHT2QxcjJ1dTE0?oc=5
설악산,구조활동,"설악산 ‘실족사 안내판’ 논란, 누리꾼 “너무하다” vs “오죽했으면”",1,1,주간조선,2023-09-19,2023-09-19,https://news.google.com/rss/articles/CBMiakFVX3lxTE5WU240WWZicHJLczB2ZEowdlotS2Z5QzNiUnU0dzlrSUIybnpuVHRJRE50bGk4T1lkeHdMUl83eGQteHZjODNQaVNjZVVEeURKa0VxWHVBb1dUaVN3dE1MNDBabzdVZl96enfSAW5BVV95cUxQUGpCdFYwcWZvVWFOaW1JZUlkRDlQYmlLVVJ0bFJ4Y08xVExjaVc1cjJIbkVmMlBOVEFkMDZRMlhiUHZkTnpDTFhtX2FtYUs4RFRSdmVpeGRwd3pwREU1NWFFSHNDY1ZEMHZUOFc1QQ?oc=5
설악산,구조활동,"'추락 등산객 시신' 사진 걸어놨던 설악산…논란 커지자 ""철거""",1,1,v.daum.net,2023-09-18,2023-09-18,https://news.google.com/rss/articles/CBMiS0FVX3lxTFBxbWFaeF8yQ0tNOVRWUlowNjZ2SjFkaGwxekJCdWkxZE5fdzc3LXJUUjFBX29fYkFBVmlEVTJ3ek5zQm9ob0JqVkNwTQ?oc=5
무등산,탐방시설,'57년 기다림'…무등산 정상 인왕봉 23일부터 상시 개방,1,1,연합뉴스,2023-09-18,2023-09-18,https://news.google.com/rss/articles/CBMiW0FVX3lxTE9NNmtxSm5nV3BOdVBFeUVPZlRDdU93bFpreE1JRVg0UjlIbXl2bjBSU2pLQWYzYi1wUTEyU3J4ei1wOTRhM1ljTEJlOWR6TjlTajZyR2Myc3pwWXPSAWBBVV95cUxQVWFpTW0wUGtfTFJ5SENLTk9HVXBfcW82aGlEMWFBWVVWTTdZZkx5aWNveEs5c1RDeGF4MlpkUENlWHhUeE5JakFKZ3o3cTdUbzVOXy1ib0lRbFVXZWJrUHE?oc=5
치악산,기타,"8년째 치악산국립공원 찾은 황금박쥐, 그 이유는?",1,1,OhmyNews,2023-09-11,2023-09-11,https://news.google.com/rss/articles/CBMid0FVX3lxTE9kRFpDdEpOSmUzZUFvQWQ3T1JobmowVHI0Y3FGam01U2JjQWlFUEFtSU90Sl9DX19nSVNIRDlMXzVwN3Uya3MwN3Q1VGd6N2ZkcjNPNUM0R2JoTi04cFk3clZnRWl3SjNCS09uNE44Y3BPNW43RWtz?oc=5
북한산,탐방시설,북한산 도봉지구 국립공원 청소년수련시설 증축,1,1,ecojournal.co.kr,2023-09-07,2023-09-07,https://news.google.com/rss/articles/CBMiWkFVX3lxTE5nVU1MMVdZZGUzcXdIbnloWENEVXZwMUF1ekZZM3k1dkE2NXhMcDllc0Rmd2F0b2NPcVdzMDdkRUVJS0tFUzNLd2hZbS1jTGdEdVZIVHk0RU43QQ?oc=5
가야산,자원보전,가야산국립공원에 벌써 가을꽃들 개화했어요!,1,1,대구일보,2023-09-05,2023-09-05,https://news.google.com/rss/articles/CBMiaEFVX3lxTE9pZ2dxQXhkaEE2MXJ1aFgtZU9IOTV4dWxab3hmdGNaZmQxWFg5Qm5nQklIMTlzUGkwWk5hRWhJb3JLYXJ0aTFDdFpnTVdyVGxCTGpJTm95cklQSEdyM0prVXJORk10bm9v?oc=5
팔공산,기타,"[심층] 팔공산 국립공원 ""지속가능한 지역상생"" 방향으로",1,1,대구MBC,2023-08-30,2023-08-30,https://news.google.com/rss/articles/CBMiWEFVX3lxTE5YZW5BODVYblpQTFl5eUZ2XzgybE5XU0hQckVVcWNOMncwZGpQUHE0cU4waWtjWjhCaGpWc1pURHR6cGpRWmdWaGM2a3puVFV5a0JVQ1VwSUo?oc=5
월출산,행정,월출산국립공원사무소 – 덕수학교 취약계층 사회적 자립을 위한 업무협약,1,1,전남인터넷신문,2023-08-30,2023-08-30,https://news.google.com/rss/articles/CBMiU0FVX3lxTE41eWpCcVJndVI4X2VfcW85N0FPTzRpc1c4UFU3MUdQZzZUa2pzQ0V5cXd0RktRQjcwY3ZFdWxWRzNwWmJZOVVfdzU1THhKQXBQeTZB?oc=5
(전체·공통),행정,"국립공원공단, 민관 협력해 탄소중립 실현",1,1,한국조경신문,2023-08-30,2023-08-30,https://news.google.com/rss/articles/CBMiZ0FVX3lxTE1hYmxHUk1sVlhFMm54YWwyS0pPVVowMVlweWxyUEhOWkhhLV9Hbl95d3pRVWFDOGd0Q1lQYzZHY2NXZU9GSTdJOWotc1pKeUdRWHhwNGprejUzd0FHVHdsakwxQzQ5ZjDSAWtBVV95cUxQV0FFWE1SNWhlejd6NWlYaHRZc0hIYWRSVnM5YkxENWpKYWh3RW8zQ1VBbmNnV0dSaC1NS0owSldrZ2xsbGxIQjd3Uk11ZjhDdGM4eFlGM2dqRGJTZ3RHaHVQTFJoSkxaVXVVVQ?oc=5
북한산,기타,"북한산도봉사무소, ‘국립공원 청년학교’ 성료",1,1,ecojournal.co.kr,2023-08-23,2023-08-23,https://news.google.com/rss/articles/CBMiWkFVX3lxTE5tQ19XVXc4TlVsMExyd3RpelU1NHZZcHJKOHQ1VzBfaEZSazdIVEkzRk5DeW11ejZSREd5Rko0ZFNYRHMtd1QzUDdzUm9wcWNEMi1rX2tUNWZZQQ?oc=5
(전체·공통),자원보전,"미국 국립공원, 43개 생태계 복원프로젝트에 586억원 투자한다",1,1,임팩트온,2023-08-14,2023-08-14,https://news.google.com/rss/articles/CBMiZ0FVX3lxTE5JMWxWeVlCVnBKVWt4VHpmUlhON0hTMFJRajB0dkFiUGpKUE9hWThTbzkxajhaTHFTY2huS21zNDNwZ2lQMHAwaWpPS0NIbmlnR1dtV2dMaDFEYWFGQjRlV3RfTXJmLTDSAWtBVV95cUxQRWVNXzR6WmRobVpqd3MwVEtQNWhLSUlmc1lwdF8weFk4VTB3NU1qNXFjUVlwVDhCeWdxbHRWN0YyUFdxNEVsQ3llVkZrUExyZFFPTGJlMVBuVzRLQjRCcDgwaDFJX0V6SUhuSQ?oc=5
가야산,탐방시설,"성주군,가야산국립공원 인근에 위치한 가야산오토캠핑장 금수문화공원야영장 으로 오세요!",1,1,씨원뉴스,2023-08-03,2023-08-03,https://news.google.com/rss/articles/CBMiZEFVX3lxTE5wWU9heFpQbGZlakpnLTl0enIwdDIxR0pESm5lb3Y1Z0lrZDdZZnoxUTdMVXI3QmxLY3l3ek0wUzM4WWs4UkxnLS15RDdKVThCRm5URDVibGsxZTVGbXJhVGNVTETSAWhBVV95cUxQRTJPUW5xNUNCb3U3V3pfQTNkd2FWT1FvcmNXSTJsdEgyaGc2ZDR0dWhlQ3lUX0R6OGxTWlZrY0U1SENPMDl5a0VYSEt5YkxucklNa0Vnd0xlSktELVphZXBkdE5EZ003eA?oc=5
무등산,기타,무등산 급커브길 달리던 차량 넘어져 5명 부상,1,1,KBC광주방송,2023-08-02,2023-08-02,https://news.google.com/rss/articles/CBMiYEFVX3lxTE0zNHF3VVZpSU5KTW82dkpQMU80cEx0dUU0M3BfbjF6b0Uxc1VBWDh5MFFteVpTeW9XVjdZWjRHYTFaNGNrODFoOHVLMUp6WXFwTFhMckI4bVROSDdvTGpQRw?oc=5
(전체·공통),기타,"국립공원 내부 독채 숙소, 직원들끼리 별장처럼 이용했다",1,1,한겨레,2023-08-02,2023-08-02,https://news.google.com/rss/articles/CBMickFVX3lxTE0ySk1rQ1pHOUtkbVZYdVdvc3ZDcjJTNjFXdkloMzF6cXJqdkFya1QycGZVMjRBMEdGWFBXRG1HYV91QkI4ZXpmYUNpdlFUZUVMZi0yVS1pTGVqLThLcm40TUEyWEdidjZVM0J2Q0hyVW9uQQ?oc=5
(전체·공통),자원보전,‘국립공원 생태탐방원 예비객실’ 내부직원이 독차지,1,1,위메이크뉴스,2023-08-02,2023-08-02,https://news.google.com/rss/articles/CBMiW0FVX3lxTE1xb1NWWEVuNm85N0lvcmdmeDJnb2N6NFVkVHF1eUNPMDJlWUJZQURacDMtYlVicEhNWFN6dDN1anN1V3VYUTJnbHk4R3pfT0Y3Y3NUUE9RTkJHMk0?oc=5
변산반도,탐방시설,"변산반도국립공원, 35년 만에 고사포 되찾아…미사용 군사시설 철거",1,1,부안독립신문,2023-07-25,2023-07-25,https://news.google.com/rss/articles/CBMiZkFVX3lxTE5TRFEwUWRRSXZMLUxFVE14aWhibUk3aVV2THM1VTIyaVBwR1I5LVoxN2xlOEpGVE1vQU5tYks0S3MxNEZrdWhuUGNpSnp0WmlMN3N5Wmk5cDcxRnJxR19CeVRMbzJYUQ?oc=5
월출산,자원보전,"영암군, 월출산국립공원 깃대종 '남생이' 대표 캐릭터 선정",1,1,파이낸셜뉴스,2023-07-12,2023-07-12,https://news.google.com/rss/articles/CBMiWkFVX3lxTE5BNHpVTnVwbzEtMExTQU9Yd0t5YUtqU2tZU25GajhnVlVnMnNLaW1RS0RfWEtXbU1VSEh2akVOTmVQeTJUYTB6UUVPWjdVU0JtUlhocERsUFdIZw?oc=5
(전체·공통),자원보전,국립공원 지정된 탐방로만 이용해야… 샛길출입 등 불법행위 집중단속,1,1,우먼타임스,2023-07-10,2023-07-10,https://news.google.com/rss/articles/CBMib0FVX3lxTE1QX3ZVTjRXTTNoR1A3eEVYbktSV25yY2s0WEc3Z0QtVXVJQWp2UVJRYVU3V1l4c21MbzVqWV9sczVDNTFSQUYwdk9oUWZoRW5od05jNVlRTWhRMTVfa3JhMUR6X3E4eEIxc2pEWXlrZ9IBc0FVX3lxTE1kT29TMGJic2k5eDY2c3ZWZmhNa1ItRk5xQ08wdmppNjd2MTZ3Nm0zSDcyTHB1RDN0Vk54RVJGbmZNQWhkb2dibEJsbVVzaVZob3pWXzhINkJoRHllVWR1dTNMZWRQZl90M1NVNWRTenB1NTQ?oc=5
팔공산,탐방시설,[팔공산 국립공원 승격] 자연·역사·문화 가치 뛰어나…탐방객 500만 시대 준비!,1,1,매일신문,2023-07-06,2023-07-06,https://news.google.com/rss/articles/CBMiYkFVX3lxTE5vNTdYRWw4Y1pBV0VoY0dGWXZqd0gtbHk4MXJHZkpzaWx4MDB0MHBNb1dnQ1lUMEVFeVYtbjdhdHo3RVdrUndnX1JndHJ3WmtncGNTaWJUR1otb0Q4cVZGaWVB?oc=5
변산반도,자원보전,국립공원공단 변산반도생태탐방원 7일 개원,1,1,ecojournal.co.kr,2023-07-04,2023-07-04,https://news.google.com/rss/articles/CBMiX0FVX3lxTE1QNkZndllBOF9OYllvNlg4WUphNXB6ZFNUc3dvWEN2N216VG90NUYwblZoZDNnQk1FcnkwRGprNU5CN3M2eTFnUW92Si1sc0xacWZlRHFna1dWanQyNzU0?oc=5
덕유산,탐방시설,"거대한 산 품은 캠핑의 성지, 덕유산국립공원 덕유대야영장",1,1,주간조선,2023-07-02,2023-07-02,https://news.google.com/rss/articles/CBMiakFVX3lxTE5DaHJhbkNLaUpWVGZ6VGRFTWZuY1Jfem0tQ0duTUVLYTFYVFRhV3hrNE1qUTNLcDVLOEdfOXVHMzBGeURGb0lKMG1vUGRQN2lXaEtsNnNibVFMRVQ3T1g0VWRPLXlBX0lxSlHSAW5BVV95cUxOc05oQVBjbS1hbkg0SFdTd0lEN1ZnMTNaamlEVXlJeFZiOVpsTHNKTUVnVnRqZVUyQjNnV3gzUWl3SmxuckRHekxWdGdpdEY0LVV2aDB4VE9JTTdDdEVCS01HZXR3Ung3Sm45eXg1Zw?oc=5
(전체·공통),자원보전,"올 여름방학엔 생태탐방원으로…국립공원, 여름캠프 참가자 모집",1,1,아주경제,2023-06-29,2023-06-29,https://news.google.com/rss/articles/CBMiWkFVX3lxTE1TemliS1MtWExyU2FqWk1HdnNGSWgwT0NUZF96NHI1dUUwQ3gxUllrbldTd2tvdmN4RF9jUkNuSVgzLXdvU2RTUW0zSTdibTRVTlVEYTVGYmJIUdIBWEFVX3lxTE53ZDFrTzFhVGRNOENBaHBfR2xYd0JyUDhXTS1tSXZRSTQ3c3B1dmRqUUk2WVNBMXRGNm42N0h2TllENTM3RzVuMVFnWDJja3hfZlMwTDRTLTI?oc=5
(전체·공통),기타,"여수해경, 고흥 다도해국립공원서 해루질 5명 입건",1,1,남도방송,2023-06-26,2023-06-26,https://news.google.com/rss/articles/CBMia0FVX3lxTE1STzMzdHRqQnpQbjhLT2FDbDZWQ2M2dzRVN3VBc1gtMG9WNVdQMDNXOVh4MEJObE5COXYzcGc4V1FIeWdiU2VpZ25tdTdDbGVfU0VDOFh5cnB2cWpIWUd1eHB6a2p2MEhGZ2Zv0gFvQVVfeXFMT2wxakdZT2FTa1VucWk3QlZzNkdRQXFueG96UjVFSjUtaUhQVnR4anhxN2VFeXhleWw4enhfZXUtcndJeGNoSnd0WHpYRTZ2ZTdGbW5aeHEwN3RLcEFNQVFUcWNsTkdRYUVVckZ6dGJJ?oc=5
지리산,구조활동,지리산 비법정탐방로 이틀 수색 끝에 조난자 구조,1,1,경남일보,2023-06-25,2023-06-25,https://news.google.com/rss/articles/CBMia0FVX3lxTE1vQkpVX1liNmtlQnpJTWJVc29kVGF6ZnZLYzNiLU8wWE01YnZlNFJHaDlWTDJ1ZmJCRkpoYUwwVXBPVkZQWFViYlVwSjRic3p6VkF2TWo2SXpOc2VxTmxMZUViM25OMFBadjBZ?oc=5
한려해상,기타,한려해상동부사무소 공원관리선 ‘국립공원103호’ 취항,1,1,한산신문,2023-06-23,2023-06-23,https://news.google.com/rss/articles/CBMibEFVX3lxTFA5cFpLSTlYdUFUYmUzX3otQ0tUaTZTMVVpUFVwZzMzS3FUb1gtZnFULVBjNmhZemktZTlXdlhlUXJLSkZOdHJHOTBVYWE3NGJ3TzZjVDdoeG9zVGlVakUzeGwxMFMxZ1dNWktfOA?oc=5
다도해해상,기타,"여수 다도해해상국립공원 일부, 28일부터 해제된다",1,1,여수넷통뉴스,2023-06-16,2023-06-16,https://news.google.com/rss/articles/CBMiakFVX3lxTE9RSFJpQU9ROEdtd0pGNWotOEhUYXR6bjVWa25EanBZV2ZtaGdPT0ZFNzloc1BQdTVvd1VtTXlGUHk5czM5Vks2OVNrNGhxakZ4b0VPV05iR21Ray03ZnVVazNXRTViSllndHc?oc=5
다도해해상,행정,"고흥군, 다도해해상국립공원 195만평 지정 해제",1,1,에너지경제신문,2023-06-15,2023-06-15,https://news.google.com/rss/articles/CBMiW0FVX3lxTFB6RTZIQ0lPMGx3NTVsaDRHVmUyUFl2NUUxeUIzUWxLZllfTnpYNkluZHlyYTI2aUpRZVc4VnV6ZlNSaE1LS0NZV1NybDFTV1JHQmZXUWZKS2NaQjQ?oc=5
(전체·공통),기타,생활비 주는 국립공원 ‘한달살기’…나도 한 번 도전해 봐?,1,1,한겨레,2023-06-15,2023-06-15,https://news.google.com/rss/articles/CBMiZEFVX3lxTE1ZX2t1VmVWaERXMnJqQkNkS3d0RGQ0Tk1NYndFSnoyQkt1ejRIaUtNSUdDSnMtcVhxYVVqdUdEdWFYOF9MS1N0QlN0MFBUOHRlZEtaZnBDM3llTTduOHJEX0JqUUU?oc=5
다도해해상,기타,"고흥, 40여년간 다도해해상국립공원으로 묶인 일부지역 ‘추가해제’",1,1,아시아투데이,2023-06-14,2023-06-14,https://news.google.com/rss/articles/CBMibkFVX3lxTFAzbnBrRE11ZjZHUHNtdGNMTnlCYXFNSFJBeXVXc3V4TWpsUk5WQjlvU0VSejdqMWV6ZzFtUEZIQjJDb0xQa01ZdTAwN25ET3FJWnhtUEI4ZnMxdEZpTmZnU2piMVZwcXNsRlAwbVZR?oc=5
무등산,기타,"염소들이 ‘무등산 초록’ 파괴자…40년 방목 여파, 복구 나서",1,1,한겨레,2023-06-05,2023-06-05,https://news.google.com/rss/articles/CBMiYEFVX3lxTE5OSWhJekhqWkt0SlpVWGRsMk92MzNGRV9zWV9LbFNnb0U3TXlmZXl0TGlnLVVuNUd4WFdkSjFBOFpPcDd1MGJkQ2c5RTBLQjVwT0lWREVZOTFLNVBmU3ZSRA?oc=5
속리산,기타,[진경수의 山 이야기] 岩谷美가 뛰어난 속리산국립공원 ‘낙영산’,1,1,뉴데일리 충청세종,2023-06-02,2023-06-02,https://news.google.com/rss/articles/CBMiekFVX3lxTE1IVVdOMjZabzRjQ3B5ZTc3YU5wYjQwSm5pc3RuZFBIemlzWk91MHdHcE5VNVhwU2FVS0ZqSGg5bl9BTkx5dGpBMWpUSDZKRmdkV1ZfOE40Q3k0S2dhT0FOemdjQTBYMFh6V0J1TG5XVGpXbURrYXNRWGxR0gF_QVVfeXFMTlVScjhGSTZVZU9ET01KYjRkNDRQRXZiZ1pCbUxOb3dYS3hjd2liVXdHRWIyRkJYQjBwNjJqSXg3WnAzSHVkemZ2Sl9rSGFzRF9uYUFrZnJTcFprbFNiY0luMGN3aHltdmtZXzdZNUFad09sb2RCNWQ1LTZ4TGhzSQ?oc=5
북한산,구조활동,"[포토 르포] 북한산 국립공원 불법 '개 사육장', 5마리 구조 성공 '전말'",1,1,더팩트,2023-06-02,2023-06-02,https://news.google.com/rss/articles/CBMiXkFVX3lxTE1NTVhlcnVHZ0lIRmxva2QzVG1hZHpMSWxKdjJuNjM0TXVPbmpKekV2cGR3a3ltSDVzTUIxaS1XUjdINy1ScWdzaFUxa081dW02QVo4b0NONkJrM3pNaVHSAVhBVV95cUxOaVBHbmpDV0EyX21YX2c0MUNJU3FsVk9HTGQ0WExDZnNQNWU5eVBNZ3ZiWTJhSElGSlQ1RzZZMkxjWjk2QnhQNm5aOENaUjJIaUZYaVRJVWZ1?oc=5
팔공산,기타,팔공산 은해사 부처님오신날 봉축법요식 봉행,1,1,현대불교,2023-05-30,2023-05-30,https://news.google.com/rss/articles/CBMib0FVX3lxTE45dnJDQkJtSUh4T001U1dnbzJlSFpaSDJaNm5kdUxwTktrU05yOW5la3V6b1JDV3JHeUVCX2o1c0Q0bmdOTXFUQXJVNFlHdHZmWGYyXzQ1eTBrb3BfSlI0M0JUM1Qtaklva2lPNWJnbw?oc=5
(전체·공통),행정,"국립공원공단(환경부) 주관, 아토피피부염·천식 환아를 위한 국립공원 힐링 가족캠프 개최",1,1,sisunnews.co.kr,2023-05-26,2023-05-26,https://news.google.com/rss/articles/CBMibkFVX3lxTE9GcVc1UDdzNVVfdUFNWENIOWs1eV94bFQ4UGl6NElyNHhpejB2dXJIMFg2cHpwR0I2M3FybG5heUlNV3p0R3FMQ3J5ZVFyYUNWMTRnUkFWWU8yS2VNeFR0dzJHOUwweEFQdkZMM2Zn0gFyQVVfeXFMUFlEMkdTMUJZdC0ySE1fdWF6dzNtRi1QbzZMZ1F4c2w4TmJxc18zTHV3cXV4N0hCWS11VDBoMEdmbER1clM4alRMWUdLR2p5VVY2R0kyUGVxRFB2cGE5YnhXMlpwS3VsMWFMNHlONThINUhB?oc=5
(전체·공통),자원보전,국립공원관리공단은 돈벌이 중…공원 내 산 깎아 대규모 변산생태탐방원 세워,1,1,부안독립신문,2023-05-26,2023-05-26,https://news.google.com/rss/articles/CBMiZkFVX3lxTFBzUVE0SUMwcGc1QjVpNG5wRlBhTUR5eEh3a3NDbERVcWwzVUJyNW5iVUx2SWVyRGxHZWlDMWZfVWRHcGNsa1E4ckZraVhOTzhCZFJtejlHeWloN2dwUWwzZmtGMV9oZw?oc=5
팔공산,행정,대구경북 대표 명산 '팔공산' 국립공원 승격,1,1,tbc.co.kr,2023-05-24,2023-05-24,https://news.google.com/rss/articles/CBMiZ0FVX3lxTE9qTDBjemdncXc4bUc0OXhaUG40MmR4Vi04VTFXR2xxenk3YmRYWUQ5NU1aVjUtUG9hbldLVEQ4NXJsUVZ3MU9XM3lEcElDQnV3dm5iZmRZNmxtS3NETDc4eWk2THpSenM?oc=5
(전체·공통),자원보전,국립공원공단의 내로남불?...'변산생태탐방원 공사' 비판한 부안독립신문,1,1,전북의소리,2023-05-23,2023-05-23,https://news.google.com/rss/articles/CBMiZ0FVX3lxTE5peGpJMWp5QmE4NWNZZ1I2RUNMQ3dzNXRleVgtUm53TGsxSFBxcjlkNXNoTGVZZW5qWXVpV1hpQ1BTSUxOMHpfa1BSM1d3RXRJaHlIc01sZ0hWTVEyaTBmZGZCQndtYjg?oc=5
(전체·공통),자원보전,[소년중앙] 자연과 문화적 가치 뛰어난 국립공원 어떻게 지정·보전할까요,1,1,중앙일보,2023-05-21,2023-05-21,https://news.google.com/rss/articles/CBMiVkFVX3lxTFBLSGJTZlpNdElkTUgyeDd0YlItQTdYNFl3TWhhdU5OWkU4WDJ6STJrNlVaS0lsZU10OXBmblpsV1BRcFJhZl9tM1E4UmhHWjJzRWxJZ2JB?oc=5
가야산,기타,가야산부터 성주참외하우스 들녘까지… 힐링과 역사기행의 훌륭한 休공간 ‘성주 10景’,1,1,조선일보,2023-05-18,2023-05-18,https://news.google.com/rss/articles/CBMijgFBVV95cUxPYS1lNldudm1MVElFWXppZkFwMU05QnJLeFF2bFRYUVpuZHVuZm1aTG96RTdEdGJRS1diY0lOMURIMVVTUDM0b1M5WjBkRHRIU1psWFp6QjVRRUlhaXJQdk9XMGV0akNRdWFEMWl6WE56YmpuRDFuZkdxUTZrSTBicTZwMnhMYl9DTWFxaVlB?oc=5
한라산,기타,한라산 국립공원 1100고지 휴게소에 웬 프랜차이즈 편의점?,1,1,제주의소리,2023-05-11,2023-05-11,https://news.google.com/rss/articles/CBMia0FVX3lxTE9idVlfOGh1cl9wc2xKUVVnRkFEanZ1bldJTnBhVm5JS2k4OWpWbzRWbjlTS3ZKWl9obXdqWFlkdnRXUnRDV0pNWDRxM3BadzRKeGlaWkExYkZlNkhEUFV5TGlVdUdiOXRkZTl3?oc=5
월출산,탐방시설,"영암군, 월출산국립공원 생태탐방원 조성 부지 왕인박사유적지 최종 선정돼",1,1,아이뉴스24,2023-05-11,2023-05-11,https://news.google.com/rss/articles/CBMiTEFVX3lxTE05MzJaNEU0LThwUzMyZWd1ZkRsdEgwVlplb2VjUG9WTHNtNlQxX1dLbGl0aDJZZGtMbVJiNUQzREVmd0txQnVSblNqQ3U?oc=5
월출산,자원보전,"한마음 영암군민, ‘월출산 생태탐방원’ 품었다",1,1,디스커버리뉴스(DISCOVERYNEWS),2023-05-11,2023-05-11,https://news.google.com/rss/articles/CBMickFVX3lxTE9ITHl0Mi1FVXNuaGhGUUlsSkJYd2JqVzRxN2RRZ0NULTZaV09idFJOVVU3MnM2VExFSHV6cW05ZkV2RjJNaUZJYVJhbUEwR1ZCME1wYVF0UVNFYXhWcjNZdFh0cTRVaVhLVnkwSk9mV0l0dw?oc=5
무등산,행정,"무등산 평두메습지, 세계 인증 람사르협약 등록 첫발",1,1,뉴시스,2023-05-07,2023-05-07,https://news.google.com/rss/articles/CBMiYEFVX3lxTFBLMy1BSVhsdlRuSExSZndQVEFzcVVnTzl1OXpVeGVVVXBIWVotUE1FNzBNcWk3VmpnLU1wSHJlcjEydFdUWlhtQzVLT0k1RDFkOFp5ckJZT3MzMXdTM2o3VNIBeEFVX3lxTE1TN1ktMUxtTlptODVTeVZKZXYxcDVmZ2d3NUhIS2tJck9nZE1acnBzS2JkRmdEN1RFM3BGLWtEbHN0NUN3Nk9OdU9CZ3Zzclo3WmVTWUs1cHNsSkdoalNrVWd0WFh1dWQwczhkYjE2Y1Q1N1EtOWNydA?oc=5
속리산,기타,배스 잡으면 ㎏당 만원…속리산국립공원사무소 배스 수매사업 시작,1,1,경향신문,2023-05-05,2023-05-05,https://news.google.com/rss/articles/CBMiWkFVX3lxTE42Um5tZ2tCRnNaWGlzeHZ6djNPcTFyYnp2bDV0YXEtdVM2NWQ2V0hEclowdXRjeV9sNTY5ZXJfaUcxdXdkdHFyTEdGZ1A1cnpfTHhVeHk4WVppQdIBX0FVX3lxTE5seWNBMmRVNlNjcXdmVlpPMnVTdUxaNkNjS1dGTWtNZWJvUjBuOWtwUk9sRi1mUTVRUFFpbUh6UTdxM08wQjRtV0tXZkEyT0hzaUlfTDh4anlmSTdSaEZB?oc=5
(전체·공통),탐방시설,"이젠 공짜로 즐긴다…입장료 사라진 국립공원 탐방로, 어디",1,1,중앙일보,2023-05-05,2023-05-05,https://news.google.com/rss/articles/CBMiVkFVX3lxTFB1RnVvQWtVdklSZmNkM0FydEo5em1uUHlQMjZVblFCQkFaN092QkpGaWFpeWNDM0FEQ0JEUklsQVJUU0w4eWlLaDN6M2djS3ZQSnFiLUF3?oc=5
한라산,구조활동,한라산 등반 나섰던 고교 수학여행단 저체온증,1,1,imnews.imbc.com,2023-05-03,2023-05-03,https://news.google.com/rss/articles/CBMieEFVX3lxTE1kcjNSS0syNmpHT2QtbWx4d0tQRGFJdmZEZ05DSXRlQXl5eHN4WnV1V2ZzWWRLbUpVT08zNkpnYnZQbENuU1BEQ3BmN2lEU1FUVjZWaElOc0ZSWUlCeTlLdXBhR3hOYVVVOGE2TDlNcDVRZlFZdUhWWNIBeEFVX3lxTE54alZ3V3NxYmxKRHJsSWx2S005cXl1bFE0clVibVR4d2tyN2MyTnlTT1lteEJUelFMMHk0SUJ0LXlsR193V2RjYXk0X0pxU1hKM1U3MTRBOHhvWjE1bkwxSTFFNmxkMkFlR3I4UmdCbnFCTHVKM1lKUA?oc=5
경주,기타,"KNIC-영림원소프트랩, 경주 남산 분묘 이장지에 500그루 식재",1,1,아이티데일리,2023-05-03,2023-05-03,https://news.google.com/rss/articles/CBMiZ0FVX3lxTE12aGxNaVdBNmJBSnNhZmJ2ZzMzNVJ2SVV3MlYzTTZfMVdRNWVIOUZxYTJNQkFreEZoS1BnSS1DLVBLR05HeXE5NnFCYl9PTS1fUzRuMG1IZTIzZHczaExhYjZBYmdQX0U?oc=5
덕유산,기타,[픽!무주] 덕유산 진달래꽃에 맺힌 상고대,1,1,연합뉴스,2023-04-26,2023-04-26,https://news.google.com/rss/articles/CBMiW0FVX3lxTE1uSENEbWFVMWMxR3RJOVZtYXI5RTVER0xxMy1ZS0NNTjIwV0lYb2J3b1A1MEJFNWt1RlJOZnkyY2E0ejgteF9tNC1keGdodHRhQ0N5THltRjZNX03SAWBBVV95cUxOcWJkYmhfOXdzY0lkQWFmME9NTnRQLTB1bWlicHpQdFVIYWUzdTVjbVkyTWR6VUtOZzlLME5vS3JaaEl5Mzdyd2lsNWtDSTRKYVNkcEttLUJTZl9lanBhRFA?oc=5
내장산,탐방시설,내장산국립공원 백암탐방안내소 개소,1,1,BBS불교방송,2023-04-25,2023-04-25,https://news.google.com/rss/articles/CBMia0FVX3lxTE44UnFzY2J3TVR3YWlEWW5CUXNaQWlsQkZpWXBMcEtzQ196R3BRcjdfRk56WFNtRG94c013MF9qUVNPOWVYTUlfNjlRQmgxUGxmZFFSTmVkRHFOWDctX0JieTBJa1hQTTlvWUc4?oc=5
팔공산,기타,"“등산로에 곰이 나타났다!” 제보 사진으로 난리 난 팔공산, 알고보니 '대반전' 있었다",1,1,위키트리,2023-04-24,2023-04-24,https://news.google.com/rss/articles/CBMiVEFVX3lxTFBfN3B4S1NLenl5YlN1bzNYcE1XZktSc0lqWnEtTVByVGdGVUFTdTNwcUt1eFVHMUd0TmN2c0RTaGV5X3ZRU0dyUWdvNlQ2QTBKbUFXYg?oc=5
(전체·공통),기타,가정의 달 5월 가족과 가볼만한 국립공원 5선,1,1,농민신문,2023-04-16,2023-04-16,https://news.google.com/rss/articles/CBMiWkFVX3lxTE5LVVBEaVk3NWJSTTB2WWI2LV9TODdkVkV3aG5rMFNsaV9HN0x3M3YwVXZIZWJpUXJYcVk0eGotY3pyX19pNVluVTVHR0N4bnM4akxLdEtLRURWZw?oc=5
내장산,자원보전,전북 가볼만한곳 정읍숙소 내장산생태탐방원 국내힐링여행,1,1,네이트뷰,2023-04-11,2023-04-11,https://news.google.com/rss/articles/CBMiUkFVX3lxTE9jMTNqLWV4aDRqZ0hfTDVCS3JQTGNvZ0FVSkF0NElUZF9jYTJRYXdUUDgyUUhrdjl3cXpCcGJuNy1kcTZjYzluMjJVMi1tcXc5aFHSAVdBVV95cUxPeWlCQkZaLWN4Nkw5aVRCZG93RWVqVUZidHBvRVZydkU1R2UtVm1EMm5yei1PSlNJX0NXYWJxa2wyRHNTX2lENTlEcVBHejVORy1TbnB1cVU?oc=5
소백산,기타,소백산국립공원사무소 부석분소 개소,1,1,영주시민신문,2023-04-07,2023-04-07,https://news.google.com/rss/articles/CBMiaEFVX3lxTE1zMXN5U1c5eTFJSXBBUEVrZW8xSFlxd0lqUDNocFBreWdPVTdnaWg2enAtOVZ3cF9kWUR5RVhyWVAzRlN1SHBEOGRVeDNBUURJWXRXa2dpdWZYZVRJRkJFNWtDWmlId3lI?oc=5
치악산,기타,"치악산국립공원, 수레너미길 '계곡산개구리' 산란 시작",1,1,강원신문,2023-03-21,2023-03-21,https://news.google.com/rss/articles/CBMiaEFVX3lxTE9uOU12X2ZnUHpXSGdENVJjbXJVTW1Rd2tEWlFZOEQySWxIMzR3YldxT0xHcndjY3ZoUlh6Z2gwMVRYZkFXZHFPMmcxVjJZTmVQSU9MWWtQZ1F2d0V3NzcxZ3ZZVVVlazVx?oc=5
변산반도,기타,"부안해경, '연안 사망사고 없는 변산반도 하섬만들기' 계획 수립",1,1,신아일보,2023-03-16,2023-03-16,https://news.google.com/rss/articles/CBMicEFVX3lxTE93cEIxM2dER3dBWTRESjg1UWczM2RJdlJRWm1BcGhGcVVaanNndWExWHlMOHU1QVo0NFpBaWxpakhwUmpBRDcwR0FIdUc5TTJwNTNLek1KME96Y1I2eGF5SmVZb0dYc3VJRUNzQXAtOXk?oc=5
(전체·공통),탐방시설,해상국립공원 낚시·탐방객들로 몸살… 생태휴식제 확대,1,1,우먼타임스,2023-03-10,2023-03-10,https://news.google.com/rss/articles/CBMib0FVX3lxTE5kRXVaLTZjY1JFUTB2V2R1SGMxeTFHWkFrc2dUQzY0a2NoNDZ1UHdtX0U0cUYxQk1aU3dZdDNOQTRxemZIYmVSUEVuREM4SWxVV3dBRFI2elY1bDVMX09oSF9KYzRkSXRsOXIyNEc1RdIBc0FVX3lxTE1pV09xa3JrZ1VuYWJKOXRPMzJMUEd0NnRSSFNqc3UtRkdlMzNadGRjQXp1cGUyV25Xck1taVVPVlotaXY3M3puSjV4MGp1eGI5MEloZnF5S3d4Q1FrNGdpWHJwbktpUkRIX1JqWUpWVWJ5dVE?oc=5
다도해해상,탐방시설,삼산면 다도해해상국립공원구역 내 해양레저공간 조성한다,1,1,여수넷통뉴스,2023-03-06,2023-03-06,https://news.google.com/rss/articles/CBMiakFVX3lxTFBzQUU4Wlh2OHJ3Ymp3MW9RVWM0eGtxZzU3VklpUFk4d2Q1NjR2dE9FYTZ1UVd0eTJ0RVVxcW9TWUNhZTF0V1hVQjE0Q3RSMmVSenhkZ0ZPM1l3MjEzLXA1QVFRMThFY1RXY1E?oc=5
북한산,기타,"북한산국립공원, ‘명품마을 농수산물 마켓’ 운영",1,1,이트레블뉴스,2023-03-04,2023-03-04,https://news.google.com/rss/articles/CBMiREFVX3lxTE1zLUlOWS1BVUxYWkY0WndQR09CSm1ZQjB5YVBhZlNnSFJtSGdxU2dHb0JnSS1ISFFac2xtN1dSdU43VzFo?oc=5
무등산,자원보전,[무등산 들썩]염소들 파헤친 ‘너와나목장’ 생태학습장으로,1,1,드림투데이,2023-03-03,2023-03-03,https://news.google.com/rss/articles/CBMiakFVX3lxTFBIWkVhV0trcDJFRndhR2ZyUmw0RlVWaWxPekhpSmNmM0xTNXI1R2kyUWdQTWlwNjZSekgwUFRrQUNzQm8tcm1Nd2N3UXlBek5BRnNHai1leG9aZ3p5bDhTVTFKdUJ4d0YwSlE?oc=5
(전체·공통),기타,"[국립공원의 날②] 벌거벗은 향적봉, 국립공원 개발의 상흔",1,1,뉴스펭귄,2023-03-03,2023-03-03,https://news.google.com/rss/articles/CBMibkFVX3lxTE1nU2V4OUdOT2M2Z2J0bmVaaUtEYk9YQWVBdndLZkNEUV9UQjBqdFZubjlXZlZraWV4N0o2UTY0aFpkMVJHX0Nqb1dINFIza3RTVGdaanN2Y0NVV0wzRHVEME9hTDBFbGF4WjBfd0dn0gFyQVVfeXFMUGZTdlRlTFdHbF9QUkR4dlFoY2JBSXdMM2xkeVIwTW80dXVZY052dmw4dmpwM2xNcE5tT1pPNUVrR0tpYnVyZWI3VVZSTnFIVGdFMHhTWF9hbUZPcE0wcmtab3J6N2VMd0c2T2tfS2x6dFpB?oc=5
무등산,자원보전,[무등산 국립공원 10년] ① 소중한 생태가치 더 커졌다,1,1,연합뉴스,2023-02-27,2023-02-27,https://news.google.com/rss/articles/CBMiW0FVX3lxTE8yQ0dFQnIwZUs2d09DaTNxbmtWUTdHNFJuLWpxVk1ib0RiVGlYX0c4ZllUWmREVHBMZXYycG5Vd21yd0k4RURVVDB0X2VkNXh5dWcxa21MZmx5NDDSAWBBVV95cUxQT053eWE3cWNHMnpFV0J1WkxiaG5YVTJrNGhocWE5TFhxQWVtdXFGYTQ3WmJnV2w2WENoRklfU2dUQjdsVDY1SlN6M3ZFXzlnVFNrcWJDWjBDYjB4TzRwTk8?oc=5
경주,기타,경주국립공원에 노루귀·개복수초 등 꽃망울 떠뜨려,1,1,노컷뉴스,2023-02-22,2023-02-22,https://news.google.com/rss/articles/CBMiUkFVX3lxTFBKSkpsZFkxY2llazZtMnJjOVp6dGdNSE5PRWQ1dzZPdU0tZGd6VWV4Ujh6YVpmZ21ET2FuTDJPM2hzZ2ZnVVpKMzFnb2pVb2taOHc?oc=5
설악산,탐방시설,국책연구기관 KEI “설악산 케이블카 부적절”,1,1,환경일보,2023-02-21,2023-02-21,https://news.google.com/rss/articles/CBMiaEFVX3lxTE11aGo3bFRzeFQwU0VEUEhwQV9Yc1pLVGNtTkxQRzlySThHNFNJWGVJX2tLSG1ZOC0yM2dpQjhRYnVuNHBTelhGRTV2MzZnemlibGhiYlNMOW1PbGx4N21NbEptY0dhRjFT?oc=5
설악산,탐방시설,“설악산 뚫리면 국립공원 다 뚫린다”…케이블카 줄줄이 대기중,1,1,한겨레,2023-02-21,2023-02-21,https://news.google.com/rss/articles/CBMibEFVX3lxTFB0Yk9QYmYyVmNNRHg1NjdJQjIxRDM2QTlUZlVHZDZRbVJuQldZTzRxS0VJeXowYXM4dzA3bTl3eWRNZzRhV1NzWV9NbmQ3RHN0XzFLT1lnVTVhNndKTEFoajYtS0NxLVpXN0xEQg?oc=5
변산반도,구조활동,추락하는 변산반도 국립공원 등 부안 관광지…‘한국관광 100선’ 연거푸 탈락,1,1,부안뉴스,2023-02-09,2023-02-09,https://news.google.com/rss/articles/CBMiZkFVX3lxTE05ZmlWOVM5WVR4ak12amptSThENmJyVHIzXzJLVkt2Q3dQTkM1YWtraEwyX0ZndFhqdTgtc2o4YXNmcEJFSDZqTGNEMWVIVm1wbFNqYmpSdm43ZmJRb0FDc3ZkcC1qUQ?oc=5
소백산,기타,"영주시, 소백산 일대에 단풍나무 10만 그루 심는다",1,1,네이트,2023-02-08,2023-02-08,https://news.google.com/rss/articles/CBMiYEFVX3lxTFA2VmlCT2c4UnlqZzF5SEtSUDdQbG9IQlUyTlI3RVNBRE53SXA4U1BqUXlkTU9qRkxKQkNPMVJuVGJVVndqZDZCWHFnQWVveFIwcmh3T3J6Nm9xUFVNZWdxMg?oc=5
팔공산,탐방시설,팔공산국립공원 지정 초읽기... 산악계 “탐방로 다 막힐라”,1,1,월간산,2023-02-07,2023-02-07,https://news.google.com/rss/articles/CBMiZkFVX3lxTE1mZENUMDVMWGFZam9KVFJ1OFdNUGdIZ3Rremg2ZkVZUGIxcVZNYnZEWjVpWDhRems3RWc3dDdNTk9KMlA3QnloSExlRFphdzc1OGYxTzJwdHFmem50NkNHbWM1UEJ3d9IBakFVX3lxTE9jTTBSd0xoN0RUallGOXJJQjZ3STJUeFIwaVktM2ZBY1RIQ2tnRGFid29kbzIzMlgtYUg1dUJSSzNOTm9WZFJLVUNtaTgtSTI4c0FYRVQyMklEaHJHcTRiTTR2TzNObXh4MkE?oc=5
(전체·공통),기타,"[사설] ‘흑산도 공항’ 위한 국립공원 해제, 철회돼야 한다",1,1,경향신문,2023-01-31,2023-01-31,https://news.google.com/rss/articles/CBMiWkFVX3lxTFB0TlVPMDhEYlEzM2tjWVI4emk2V1F2UXBESlNyaUJUZjZtZllKdzNSMHYwd1BNb252bzhGYTI5cVhFTDhuOXhzYjg3R3BiclJNbVhlZmhnaWx5d9IBX0FVX3lxTE96QWNCejUxT2dDMWdMWkFkTzRaeVRhRnhzNE83S3MyMm4yejEzbl9QY3o4UnZqbWhtY1lJR2N2X0NOUE5QYUVtTHlBd0ZEdU1kRkdFSjdCYTc0Z3ltZThJ?oc=5
(전체·공통),재난안전,기록적 한파에 계량기 동파 사고 137건…국립공원도 통제,1,1,시사저널,2023-01-25,2023-01-25,https://news.google.com/rss/articles/CBMib0FVX3lxTE5YdXFfbzBHRlFMX05EYV9LSUpJZHZQRHdkbElYM3Axbi1LMEtWNHkwVG90bm5wLWEzeDM5UlktVTY1dV9XLU1oUjhqOGF1dG5ZNHp0eTdEY0s4aTFhUTNMX3I3VGpnM3pneEFlalhnUdIBc0FVX3lxTE9qWFB2aU5IdVd5enFsV2VTa0pmSm5NWkR3czRkN256M3JCWGF6ZmpuaVhIUklmSXFMLWtVcXV1OWs3WFo2SjdHVF8zMTU0LTBleWktYnJ4b2JiWDktU1QxVEdPZ2phRlFnVU1SZXBTc3JJVkk?oc=5
한려해상,탐방시설,"한려해상생태탐방원 사계절 생태관광, 참여 탐방객들에게 인기 높아",1,1,한산신문,2023-01-19,2023-01-19,https://news.google.com/rss/articles/CBMibEFVX3lxTE5IbkxxT3MyZ3k3Z3ZJdkNHUjZTYTl1Q1RTeEI1Y21JUHRLU01lTGcyUloxVzlPd01rUXBES0FLODhyWnZCNkU1TTdzc2xnTVJIcmtCb2tnUHZuNkt5YW1NOTNmSGQ5b2dZNEw3aQ?oc=5
팔공산,기타,[르포] 군위 편입에 `팔공산 최고봉`이 대구품으로…등산객들 ``기대``,1,1,영남일보,2023-01-12,2023-01-12,https://news.google.com/rss/articles/CBMia0FVX3lxTE5ZaF9vOVo5Smxmbnp4ODVhc1hWUUdmdWVudjNmbjNqdFRMa2VuWDhJSHVlWmhvcXNJSGNnYTJ4UEx4aG9JLVZ1aGF2Ym01NVdCS2MtanVwZ0V2dE04N2V3b0I4aWVQWU1UMy1z?oc=5
변산반도,기타,변산반도도 '1월의 봄'...이상고온에 누룩뱀이 겨울잠 깼다 [영상],1,1,v.daum.net,2023-01-12,2023-01-12,https://news.google.com/rss/articles/CBMiRkFVX3lxTFBGTURHUUFFNTBUdjhpVXl1RFBWVnV2T0lUaEpKUzQwSWswMzd5bTB2eDRTbC0xUGtkMzFHem5kbmNYY2hoTmc?oc=5
(전체·공통),기타,'국립공원 내 사유지' 700억 들여 국가가 산다,1,1,이투데이,2023-01-09,2023-01-09,https://news.google.com/rss/articles/CBMiVEFVX3lxTE1NSWpGbDBUWElxaWxXeHh1cUV5MVBvM3FuRTZQbU12TVBDcDY1UTlSR0JZSjBGXy1UT2k5ZWNFczBJUV9YSVhaUmY1aWQ0WGZsZHZIZw?oc=5
월출산,탐방시설,'호남의 소금강' 월출산 생태탐방원 조성사업 '속도',1,1,뉴시스,2022-12-27,2022-12-27,https://news.google.com/rss/articles/CBMiYEFVX3lxTE5OVjdIcVU2SS1QUHRPdGl4aEIxNHJCOFdZY09RenUtZTVFd0pmYWlvTjdoR1NwQmszYnBsOWVvQ0lraXY5RGw2d0dJektyZERBUzB3Y000MmRhNmFITF9PZNIBeEFVX3lxTE5qSDJUZ3BjZmMtUkRIMlpIQ1pmUkQ2LWFDdlkxUHI1bWhqeHBWaGRxWDFHZkRIZXhvT0RRUlB0UlVZZnprb2ZHMjM4amtaOTR4Q1hON002dDREemRldExMMlR1WVBiR3o0dnFVRDg4Zkl5ZlJ0MU5raw?oc=5
무등산,탐방시설,"환경단체, ""무등산국립공원사무소, 화암야영장 개발"" 비판",1,1,광주in,2022-12-22,2022-12-22,https://news.google.com/rss/articles/CBMibEFVX3lxTE5DWjNjaGR3bzAzVzRlUmNmb0VQSkVZMnQ0VzRGMUFhVVVEQWJya1FlMUVQUW9TbVJwSG1nWU1zalc3RUxkNkVQb1VLdU44UGFfSEUzLVNvZ1FGbU5OZ0xhNnlXZFFNWWhyRkFyZw?oc=5
북한산,자원보전,[국립공원 돋보기] 북한산을 대표하는 동식물 아시나요?,1,1,월간산,2022-12-15,2022-12-15,https://news.google.com/rss/articles/CBMiZkFVX3lxTE0zNTJCdUNkMVJZaTR6WllEaGJVYXVzLTlLUU5qdTN2NUo1V3ZLSHZfYV9XWTl4YUFCTWtYb2k1cHBXVFp1S1N1NVQ3MkxPYnh3a2o5N25aWm1EdGtrWjk2ME85ekY4Z9IBakFVX3lxTE9kdnB1S1d1UkQtNEc5WUIxWHJJYjg0TWVLSWx3Nkxqdy1NSXdMZlM2UjBPQ3lXNjhLUGpBX2xmMXJsdEFxcTZOYkJ0QVR6bmp3emFTQlNwSzA1bFY2aGNNcnl2MWlmdUxBWWc?oc=5
주왕산,탐방시설,"영양군-주왕산국립공원, 환경친화적 에코촌 조성사업 위수탁 협약 체결",1,1,kyongbuk.co.kr,2022-12-14,2022-12-14,https://news.google.com/rss/articles/CBMib0FVX3lxTE13emhUSHE2YTg5UGR1QjNFUENtSjRqTXQ4MFNWbGs1VTF1ZTlrd2lqZ1lXLXJ3QjVISHJCVm1fbnc3UjQ0LXhhZ09aZU5SR3hkb1ZnRmtoS1BoSlhVanFWbzRxakJSTkItYUZSRUR6VQ?oc=5
가야산,기타,[걷고 싶은 길] 이치를 깨닫는 여정…가야산 소리길,1,1,연합뉴스,2022-12-02,2022-12-02,https://news.google.com/rss/articles/CBMiW0FVX3lxTE5zQ0hsN2MxM0lMYXBJakdUaTJFdzAxZlVYckpxS1IxWG9wVzRQZEtXbDFtTW8tRnBzcm9Qcml1R0Faam1TZGVydi1jTkloOVZpa2dNUlBYRGFyQWfSAWBBVV95cUxOYVRHa3hDNXhOckxwTHNJQlFLLVJaTU1yUnRUNzFRSUpNNU1ZZm91TTBadV9wbzBSaU9JMi1hSWs2NHd0RGJBNzQya3JKN2JaWjFEMzlSMFFHanNQSm94Y0c?oc=5
다도해해상,자원보전,"다도해해상국립공원, 여수 거문도 생태휴식제 확대",1,1,남도방송,2022-11-30,2022-11-30,https://news.google.com/rss/articles/CBMia0FVX3lxTE53Zi1xdG1vd1kzQ0tpanNvNU1QYWV4MzdIWFJVWWZzdUxHOVhLVFAxc19FbjV2OG9IV1V0Q3prbWdhVjVOSVZvV09seENIY1ROZ1pFV0hRNWdReG1McUIyR3c2YTB5VllKLWZN0gFvQVVfeXFMT1lnVlJpaE93ekJBSUxHM2tJNVpzbVZPMkRqVHRJbU5hblppZ2xaUDl4TmNpZ2NCbDJUdWNuZFIxM1VXempCMmE2TVQyWXFTeVBGdzZVaWhnWWhFZVRsZmM1dlp3dWctTWlPY09hLVBV?oc=5
다도해해상,탐방시설,"여수에 다도해해상국립공원사무소 설치, 인력‧예산 기재부서 제동",1,1,뉴스탑전남,2022-11-17,2022-11-17,https://news.google.com/rss/articles/CBMiZkFVX3lxTE0tR1QtcjdqUndSbVVoVkJJQW1ZNGtUWFN2NzVuc1lqUG1VTGUwbzN2eDNvN0NzRnAzZWNfUTFHSlp6RmJIYVJHcXcyZ2dHUy1YRFhKNF9QYmhUeUdyQnlZWXpkWnpMUQ?oc=5
(전체·공통),기타,반복되는 국립공원 고양이 갈등…먹이 주지 말랬더니 민원 빗발,1,1,연합뉴스,2022-11-13,2022-11-13,https://news.google.com/rss/articles/CBMiW0FVX3lxTE14U2VwSDZ4c2pLZGRtMlVsRDVuY1QxUUQ2VDROdmFobmVOSTMzaDJJcndIQnZrRHNMcHlmTmd2Q3NTc3NiVFV6ejR3Y05Pak84eHhqY0d1ZmtvTVnSAWBBVV95cUxQb3dKcVJHTkRTTVF3S1dfZWlnUUk1aHFxR2daSmpNbzN0elRqMG5scEVkQjkxRkRENnRhdjFsZjZPLUg4bFl5YjBnUld6WFpLOUxYVG11QkRBdmhicFV4Q00?oc=5
(전체·공통),탐방시설,다도해국립공원에 공유숙박시설 준공,1,1,광주in,2022-11-11,2022-11-11,https://news.google.com/rss/articles/CBMibEFVX3lxTE5nRmxyYTZ6WnFLMzF4WTFlR3Z5VU1zZ2RoTzRGLVN0a2wtQlp0WHFHNUotSXIwcjRWS1RHd2FzRVlHdVFscDJlUDlBZzlGUDdPNlBlcE4wOUkxZ1dPNHRMdUhHUGhtdmEzNTJyQw?oc=5
월악산,행정,"카메라로 그린 수묵화…운해덮인 월악산, 국립공원 공모전 대상",1,1,연합뉴스,2022-11-08,2022-11-08,https://news.google.com/rss/articles/CBMiW0FVX3lxTE5UbU9KLUx3TU9GZFF1VjVZRmk1R2RpUVJ5RHM1THNVV29zZTlLZ3ZWOEs4OE5TWjVsQVJSTzVjeVZnUXdYSm9FOXBqREU5Mm1UTUwwYkRlbFVKZzDSAWBBVV95cUxON1dTd2tRWDJNVjNwN1ZreEhaR3NtVERrYjBteHh4cDBFcnlacFVMM3h2MkpYd1BIbnhMOGhCeVJYRDB2NG1LdW9uNG5QcnJlMEo4aDlqX2U4UTdCeFJsNmg?oc=5
내장산,자원보전,"정읍시, 내장산 생태공원 내 사진찍기 명소 조성 ‘새로운 볼거리’ 제공",1,1,아시아뉴스전북,2022-11-01,2022-11-01,https://news.google.com/rss/articles/CBMiaEFVX3lxTE95el91UFBNTFhiRUI0eTlaRDRycERVVkk3cS1MaTd4blhRbnEyZUp3X21MYTBhOGFQVnZRY3NYU3J1NzR0d1RzaWg3MEtTaVFxNEFmQkU3ZkxTeVI5MTVZVFpNNEV0SlN00gFsQVVfeXFMT2Fnbll2NGFtZDYxZE1QVTNSdkxZS29rV25pal82NjVpYldHX0tqNlIzVEF6VWZLWWxlc1hCWFhPTk0xOVJtS1pjVnlBRmpjS2pObXhfY09ReFNvLVFUeXYybFVNbEN5R0c3ZmRM?oc=5
내장산,자원보전,"정읍시, 내장산생태공원 내 '천국의 계단' · '단풍터널' 설치",1,1,뉴시스,2022-11-01,2022-11-01,https://news.google.com/rss/articles/CBMiYEFVX3lxTE1HLXJQbnRVTjdtNjMyOGhRdjFIMjRab295UmhTM0JwUXdRZW1FSk1kN2pvOVN5X0stVm5mc293YU9wa2prN1RHUEZSb01jb3IzeldZY0g4NXhoRmhqX0NTV9IBeEFVX3lxTE1SejBnLXRwZkwwRXBzSVl2RkxvWHM4TlduZkZhSTVkYXhBY3hTMFgydkR5Z3pOOHZUNmEydHhQWUtTRFI3cHpoQWJLUF84Y0h3MnpzckZqblNERTBOTjcxSTcyeDBxWVZ5UjJHMjE4VnFRNDQ0eEN6Wg?oc=5
무등산,행정,"[名山 팔공산, 23번째 국립공원 이름 올릴까] (2) 새롭게 태어난 무등산…국립공원 지정 10년, 흙 날리던 훼손지에 자연이 돌아왔다",1,1,영남일보,2022-10-20,2022-10-20,https://news.google.com/rss/articles/CBMia0FVX3lxTE1jVUQ1NUEwWnZUd0x6U2oyZzBDWFMxRU5BS0xaUG5XX3paNk1Fc3pVYkFrbmpxM0swWTIzWGZEZEV2YU55YVZRVng5SFJvUmFZeWZiQjBsbTk2TVpTSGdXUk1mUEQ2LTUxM1Fz?oc=5
가야산,탐방시설,"가야산국립공원, 백운동·삼정·치인야영장 운영",1,1,뉴시스,2022-10-16,2022-10-16,https://news.google.com/rss/articles/CBMiYEFVX3lxTE1fY3oxWk1OZDkzLVpwSU0tQ2NWSWpxSFNWVkZIZlp5UUZkUDdRQV9RdzI3MGQtTWJ0cXpfTlYyNFBkQVRoTlR1VWYwVWlZYUR5SFNiTE9GOU5XVGFuU3BDRdIBeEFVX3lxTFBfY2k2ME0xYzhMMlJlX2JLbFlBUlowT3pNVFZPdmxIN1RGRWlzTlo4S2pBelhqZFExNHRGcy03dHRaRzY0V2U4TGNFYl9ZVDFzOUNhZlFwS2pUWVh2VmNpODVqT1VlWF9fM2NRUUcyQkVlWDd4RTJJVA?oc=5
(전체·공통),기타,"文정부 5년간 600억 투입한 국립공원지킴이, 실효성은 '글쎄'",1,1,한국일보,2022-10-13,2022-10-13,https://news.google.com/rss/articles/CBMibkFVX3lxTE1lWGtWNTA1R2lWZDdNb05jcXFRUGtDSDRQdjNLbHBXdnlnRkh1bS1haTBkUzhuUDZndU83Vi03Nmt5MGd2SE15a3FhNlNuUjlwUmQzVFI0M0ZuR3g1ZVFSNEk1REtuaUVuZXpXMjVn?oc=5
(전체·공통),기타,[숨은 직업 찾기] 국토와 국민을 위해 산을 누비는 국립공원 레인저,1,1,한겨레,2022-09-30,2022-09-30,https://news.google.com/rss/articles/CBMiakFVX3lxTFBLbUZ1UFhtNVZua01GTDAxTXF3Y1h0Ui1lb2I1TlZFWUE2MHdSLVBNN3RsOWI0eE1zdE9tMG44X2J5MGk5alc4bjZFaWtiQlV1YlkzdzM3eF8wRk5yTXhPYmVLajRSbUhNTEE?oc=5
(전체·공통),기타,국립공원 섬·바다 방문 뒤 도장 인증…'여권' 발행,1,1,연합뉴스,2022-09-27,2022-09-27,https://news.google.com/rss/articles/CBMiW0FVX3lxTE9WUHlMR2I5cU5ORlkzbDEzbjNZLTlIajJ2aTZVTUtCYkVELTdDLW5FcGJ6ZlBUNEg1WFdpYXRsMlJhSl9PeGhWNGhXMTZ6elAwZ3ZHRktsSnB2OG_SAWBBVV95cUxPVE5Ra0lYMUZWT2lTN2xLWkVudUdXUzd3VHJaTFpBZXhQZHBRX3lFVlNFZ2luMVYzTXVBUjVtNnlZUUNPV0pwMWRndXZ0akxrWlo4ZHAzSzVJQnBVQlVyWWY?oc=5
북한산,구조활동,[상보] 북한산 백운대서 50대女 실족...소방헬기 긴급 출동,1,1,대한일보,2022-09-12,2022-09-12,https://news.google.com/rss/articles/CBMib0FVX3lxTFBRaDBmNmZBcnJ4VnR1a0o3YTExTEtDaS13a1RrdDZyLWk4eS1WcURac29qa1dQZ3dzLWZkVktfaHU5X19WdnZjdTB5ZWxKRXM5LU01aVd0aE5aNXNDY0RiSlQ0QmdCYW1JVlcxNkd0bw?oc=5
(전체·공통),탐방시설,"국립공원 계곡 잠깐 개방, 취지는 좋았는데…",1,1,월간산,2022-09-02,2022-09-02,https://news.google.com/rss/articles/CBMiZkFVX3lxTFA0eHV3b1hwbDhjblFsaWwyOHFIVk1XaXZvMzdjbjJCWUFBSkR1ZWZtdXU0Mm4tbURxTVRuUVhZZWVfbGlkWldxLVl2QU9iNGFGQ2J6NzNhOXJfamRrX0tRWXpvNThiUdIBakFVX3lxTE4xTTZyV0xpTU8xNGs0NkRxbW9vSkRuMnpRQmhocmhiTk9nRi1fTnpfSWlPbWItSlRiNWlBVjRsY3VaWGhGeFFOa2xPRjY2U2MtUDlWemE2QS0zVWU1XzdVc0t5ZXBJOVZLR0E?oc=5
팔공산,자원보전,국립공원 지정 추진하는 팔공산에 케이블카 추가로 놓겠다는 대구시…환경단체 “생태 교란 불가피”,1,1,경향신문,2022-08-09,2022-08-09,https://news.google.com/rss/articles/CBMiWkFVX3lxTE1CdnBnZHdiSzhvTG1fYThrWUQ3WUc3V0NVODFaaTZieFpmcnRYQldKR1NETUVjSDh4S2F3UW1oQUg5WERVTGg2elp5c1FUM2JoWUUwSVlONWQ5UdIBX0FVX3lxTE53RWZjU2l6NjVIRkZwQ2IyUGNWZS1PYV84VTZxOHhoX3ZRQ0VLMnlqbDQ2S0dCZzhlOElzOUJ5bDlxekdfdDVFLUNDRGhFTmJLbXRlWGsxTFNpU0xDbTdz?oc=5
속리산,기타,속리산 휴게소 없앴더니…이번엔 '산중 용변' 골머리,1,1,연합뉴스,2022-07-26,2022-07-26,https://news.google.com/rss/articles/CBMiW0FVX3lxTE84b2l3VEt5RlZLM0N3ZXc5OE1RNlRHWS05MDFOdWUwYmVYNkNXY2pDYVpFd0xHSTczVHZhckl4QldOSUUwOFNTU3FFSFFFM2R2ZUYxUGhydkI4Q0HSAWBBVV95cUxQT3Y2aWhaLVhtUWRZNGVOazJHcU9pVjg5anhRQjZTZGJXOHl0djNPRXdNVzJUMXdRdG5mLW9HNXJhbk1WaEJBSzFPT1pTdGp3WFBIbFZQWkY5NmdNcGxxRmI?oc=5
내장산,탐방시설,내장산 일대 사계절 관광지 도약을 위한 기반 조성 ‘탄력’,1,1,정읍신문,2022-07-26,2022-07-26,https://news.google.com/rss/articles/CBMiZkFVX3lxTFBoSTlRRTZCU09OWmRub3ZQSTVvQ003eTVGS3dlbVI0R041NkJiMUIzNUF3R1hsS2o3eElnU2h5bGRnUUh4dFJfX21KUUVsem9vb0wxTzA0QkFXRDBaYkhpNXpicW9JZ9IBakFVX3lxTFBqbXNSZmgyc3ZHREtKT2RCTnE0UGM0Rjh0VEtEZzdRV2xkS21qZlh2YXNPX2wxdmVIc05tOE5taERqWTdCU09mcC0tN094MzN0aVplUzdZTEpyZnJOWlBpMHBmT3dNQlB5b2c?oc=5
치악산,기타,"서산시 산수원 애국회, 치악산 국립공원 산행",1,1,로컬세계,2022-07-20,2022-07-20,https://news.google.com/rss/articles/CBMiYEFVX3lxTE81NHZmMF92OERCaFd1amdRMDhBdV9OelAyU2tvcEc0a2tlZ3dtT0otQkJxYnJzM0NwamJQWkxWU3ZNVGU5bHVqWHZxeGFna205Ym1Qdi1KSXBMV2g4cXZINdIBWEFVX3lxTFBnOXMzUDhRRzhMWmg1RVltQm1KQzRhWEFwLVEtOFBsUTZ4YjRNQW1FWGpacTFaZGozdEtleFhBWEZmOFBYSlk1LTY3NnlTYkJodXJHUXQ0MXg?oc=5
(전체·공통),기타,"`2m 높이` 태국 국립공원 구덩이에 빠진 코끼리 모녀, 무사구출",1,1,매일신문,2022-07-15,2022-07-15,https://news.google.com/rss/articles/CBMiYkFVX3lxTE8xY1lCdXNrcHhFSVB6cDM1WDNRRG5xbW03UEJJaXplbERyLUZjZXV1QWFDZkg4SndSOG5EaXJOV2c1UDF3ZTdtZ3Z5MXpJazBSMEpXalpicXRLVUF1emF6M2lR?oc=5
(전체·공통),탐방시설,장애인 다도해국립공원 바다체험에 '특수 수상휠체어' 등장,1,1,뉴시스,2022-07-13,2022-07-13,https://news.google.com/rss/articles/CBMiYEFVX3lxTE5IcmlVS1RlRkVTRlFKU0dqbWhXZFl2VlVGUnp1bnJkT3RnOGhsdjdjX2FjQ19FaXJVWGRtR3BQaGR1c1pTZnhTOWJhY0k5RmtMTlhvMjE2NUFDYTUwWVk4d9IBeEFVX3lxTFA0YmFTb1JsTEIwZWFwOE0zTEFITTRGS3JZMzJQV2xWVl9uZHkzYkhSSlFfYzZ4emNyOXp4NjktV3lrQzVSUENoVEI2czJvaGY4RmZuZUozLUhlckV1Y0tmNnJlb2xXRDJDdVdWZDVLNUhiT0tQZG9JeQ?oc=5
(전체·공통),행정,제주 국립공원 지정계획 일방적 철회는 '불통 행정'의 극치,1,1,헤드라인제주,2022-07-10,2022-07-10,https://news.google.com/rss/articles/CBMibkFVX3lxTE9La1ByczFibnF1QnRhT1RsbTg4WjM4NF92dXd3TlZ5VERhaFY2aHEybTZheW9CZmtQLVhzX21QOHU2cTRxQTQ0TmhUTkdSY0VVYjZCMkxIcEJrZlFLcG5wVm5WcmFDcjBPNFZBUGh3?oc=5
북한산,자원보전,국립공원공단 북한산생태탐방원장에 정은식 전 국립청소년농생명센터 원장,1,1,퍼블릭타임스,2022-07-03,2022-07-03,https://news.google.com/rss/articles/CBMiakFVX3lxTFBHcmZ6U1pEaUstVURLVW5LVzBjRUxmUjdBX1NQZkVia0hEOGdQQzUyempiYzVJazhzR2c5ZUNKQm5DTHJaMmRWejhESE9zWC00aDlKc0N0OGJkeWtabkFXZUhfd3hrSUpDMnfSAW5BVV95cUxQejdxUU80Rk50enpCUTJYNFI1cElHelhZblh5UF9hazZHQzJqQTdWV1JLU1BUZjhURXNWSmU3endqaldKZ2xXdXdlTnBsWlJwZFdBVzBCZVo4aFJHMFZuc2JsN0wyam9yZGhrS0wyZw?oc=5
소백산,탐방시설,"장봉식 소백산국립공원사무소장 부임…""탐방 서비스 질 향상에 최선""",1,1,kyongbuk.co.kr,2022-07-02,2022-07-02,https://news.google.com/rss/articles/CBMib0FVX3lxTE5QNV9lanFHb0FQQ05Sa196SnRHY2hfRldHS1UxZWU5Ml9iVGV6dS1hN1dieHhWQ3RQTlNHemxLYTZ0Rk5xeE54NnlKS1pqMlNVZUVWMHJVMV9ZOUEtNk9UUVMySFRoU2ZybFFhRjdFQQ?oc=5
한려해상,기타,"한려해상국립공원, 휠체어 전동화키트 대여서비스 도입",1,1,geojeoneul.com,2022-06-30,2022-06-30,https://news.google.com/rss/articles/CBMia0FVX3lxTE01Y0lBT2dzMk96c2tHUlBKeWFVV2I4QlIxaWNhZFpCcWsxeGdBdTFvelNDSm16THQzTzg1VkVlSHFjOUtrbXBVSnpuOUhGWHN0b1NURTV3WHZEVjl2cE1CX0VSYVNJNXpmbVFn?oc=5
(전체·공통),재난안전,"국립공원 급경사지, 3차원 영상으로 안전 점검한다",1,1,boannews.com,2022-06-30,2022-06-30,https://news.google.com/rss/articles/CBMiX0FVX3lxTE5IcXdsaXFaSm41WEN1bXBlVzFaU1BsOF9IWkZyZkdHLWJpWGh4eDhTXzJCc3FmbzNpSi1wS1A1dWxNbE5jY0pTckxEenl0NGxHZUFEVExyd0hnRFZ5RVM4?oc=5
설악산,구조활동,"강원소방, 설악산 토왕골 12시간 걸친 산악구조",1,1,safetoday.kr,2022-06-23,2022-06-23,https://news.google.com/rss/articles/CBMiaEFVX3lxTFBENWEzdE0yUmZiUnZWZzhrb2IzMXd3dUdTOU9YWHpBOFUwNUNxQkJuRmtaMHNBMjFiWEdYOXVIbVRDRG04a1MzT0U0RnFqZFBtNi15UTlzNDl2VGRaT1dKZVdsaFA2ajRR0gFsQVVfeXFMTU9nQl80bk9jci1MOGhyM2VabjlpSnJFWmdOUkxWUWZ2MU91TWJaOHdLWlB3S3RxZ3JiWVdZbVY1Ukp3VmJPTElQeTl5ZnJ0UHZaeEVGUVlNQURCZWVjX1ZRTU5BendocGJyT1VH?oc=5
(전체·공통),기타,태안군 해안국립공원 황폐화···자연훼손 심각,1,1,디트NEWS24,2022-06-23,2022-06-23,https://news.google.com/rss/articles/CBMia0FVX3lxTE5udFFlcHNzVFZvS0FDdm1WVTZyZi1SdHA1TlpRbjJwYzdjaFFUNWpKOVR5RzZJX1VueGdzMUJxRUZpVlQwZ3ZfTFBSOWJpS3pCV1dlSFpxSzUwOUdKOWRzRjZ5WnY0SkRDVVBV?oc=5
월악산,기타,"쉼을 통한 재충전, 월악산국립공원 러스틱라이프",1,1,문경시민신문,2022-06-22,2022-06-22,https://news.google.com/rss/articles/CBMie0FVX3lxTE5vbFhFbkFRNEFpN2d0cklzc1dHXzNNNzlST01tRzZiWHkzNURsQXFVYWREQWtDSEVxUVB5UmNqTXlRZTlQRWl0amM4LWZEQzExdlVzY1JORmtWQ1ExRlZxY1BrUzhCX3JRWTZpdEtwT0FKNVc3azR6NWpfNA?oc=5
내장산,기타,내장산국립공원 명칭 놓고 지자체 갈등 재점화,1,1,노컷뉴스,2022-06-15,2022-06-15,https://news.google.com/rss/articles/CBMiUkFVX3lxTE5wR1RpOXpTc19fZThxQ1lZRFdWNVAyMmZLVGE3eUlPX1IxVzM3STdzRUNtR2hLd2U0amZNR1ZlbXRlNVJCNnF6Q3p3SmhuUHlaWkE?oc=5
다도해해상,재난안전,"다도해해상국립공원사무소, 안도 ‘명품마을’ 현장 점검해",1,1,여수넷통뉴스,2022-06-01,2022-06-01,https://news.google.com/rss/articles/CBMiakFVX3lxTE4yUzZEcUZlTDl2OVhxSEs1Mm16S2ZOSS1kRnB0djN4cHpYLVVFVnVEOVpTbjNvMjl0Mmh6ZEZIR1ZINUVuN3NrZ0JwaXp1ZHVPWnNvNWJfMlVIZnhYZlpkbE1iTG5hU1l4dGc?oc=5
속리산,자원보전,"속리산국립공원, 7일부터 교란생물 큰입배스 낚시체험",1,1,파이낸셜뉴스,2022-05-06,2022-05-06,https://news.google.com/rss/articles/CBMiWkFVX3lxTFBTNW5lU3RBbTI2RER4V0F5TUVLbjNjS0RFd05DRnVybXJXTHRwdDQ5REFScE82aHBrZVhSRDJkTllMV3FFb1VRSEZIRkUyeVVGa0JVUVljeEd0QQ?oc=5
(전체·공통),탐방시설,국립공원 20년 축적 영상·사진 한곳에…‘탐방 자료 저장소’ 운영,1,1,대한민국 정책브리핑,2022-04-18,2022-04-18,https://news.google.com/rss/articles/CBMibEFVX3lxTFBpVl9ocjBxdExoVF84bXdVV0s4ZlY1UVo3WWI3NUhyOEZhTXVpRWZCRV82U1kxRGJjSDdJMVVWYVY3d2lCWVZFelhfRFFyZW5GWmtuZVNZTFZsWTN4aW1qMkF1UWRxMkNuNU5aNg?oc=5
속리산,기타,속리산은 10년 넘게 꽃사슴과 전쟁 중,1,1,경향신문,2022-04-14,2022-04-14,https://news.google.com/rss/articles/CBMiWkFVX3lxTE9ySEdDUTdvaXBCOFFNZkRWOTBzMm02X0VSVXgzMUtuRkFlR1M4RnkybTVkYXQwYm9tMVRIY2k0MVZuaWRCMjBrVnRiaFlnMlQtMGppTFN6cmZoQdIBX0FVX3lxTFBQQ1JRWW9BRENqTk5pX2tMSGZpTHdwTFNoR0ZDbUpmQjc1WklOcEFRWFM0NmlMRXJaS3RFcmg3Mml6NGVSQ19UQnlEQW9obnhyak9seVhwcG82dDgzMDF3?oc=5
변산반도,행정,변산반도국립공원-(사)대한노인회 부안군지회 상생협력 업무협약,1,1,부안뉴스,2022-04-08,2022-04-08,https://news.google.com/rss/articles/CBMiZkFVX3lxTE00M1VZaGF3Z3dOWVdoZmVCX3ZMNkZkZDFsZ2pWaUN4Ul9vcVVmSFo3Mldvd0V3dkhPWlQxc195LVJlZlJJNWJhNWRteWhXUjM4aGZRdW1OVWRRdlFZZm5WbG9lRHc4dw?oc=5
(전체·공통),행정,"[만남, 라이프지기] 김정연 국립공원공단 계장 ""파동을 일으키는 '공공혁신가' 곳곳에 존재""",1,1,라이프인,2022-04-05,2022-04-05,https://news.google.com/rss/articles/CBMiaEFVX3lxTFAzM2s1UXIwSHI1YVphNVpYakdxV0NKV3NnVUN4eEFUeUdwLVcwdzVEb2RPdFJTYzBGU3FESFRRNFhxNEZ3WWd6R3NrZmJvNEh0Wjg4TGdjSHBKdGxxUTh2VXFSallab3J0?oc=5
월악산,기타,"월악산국립공원, 민간합동 클린업 데이 운영…쓰레기 줍고 탄소 줄고",1,1,kyongbuk.co.kr,2022-03-05,2022-03-05,https://news.google.com/rss/articles/CBMib0FVX3lxTE0yQmIxNDNadGlzUkw1Z29razJLM1Z4Y0gzVmwyNUNwd2M2Umg0RTZ3SlpOVGxkWWpHVXJOQXhyYy1sbjRaV25lc1JXSldnSktkdDRTNktkc0ppLUFKMlBua3V6NFFSVWZEX21Td3lCcw?oc=5
(전체·공통),기타,"임동옥 호남대 교수, 국립공원의 날 ‘근정포장’ 받아",1,1,411개 대학을 연결하는 '힘',2022-03-03,2022-03-03,https://news.google.com/rss/articles/CBMiZkFVX3lxTE5KUDhIbmUzOV8zQXlua29XbGN5OUV5VWhMdDhiZzB5OHVjVzVkMGhicVg0Y3lTeFRLYXk2ZmVRUUQ2V1RLRGwtWjRZakVNSUp4OHpFS244WWcxNTBXTGtFbXdHMlBkZw?oc=5
한라산,기타,한라산 ‘주 1회 제한’ 과도하지 않은가,1,1,제주일보,2022-02-23,2022-02-23,https://news.google.com/rss/articles/CBMibEFVX3lxTE42TWozWkt5UlBuT3c5Vnlmeks4OFdkRlNqUE5QQzBnWWJOSlpGQkdYbklrSm1OLWpZY2dWQ2t6LTFFQ2pFMVZBVkxpX3ZoVWtsRmJrbHgwb25IcS1oSTdXa2s0NHQtQXRDM0NjYg?oc=5
(전체·공통),구조활동,[저체온증-국립공원공단 사례] 여름 저체온증이 더 무섭다…'무리한 산행'이 84%,1,1,월간산,2022-02-08,2022-02-08,https://news.google.com/rss/articles/CBMiZkFVX3lxTE5hcXNCRnhzYVVZb25EcHlfT0QwVmZGM2szTW1WMnF5R2c3aE1XQkRVcW5nS1ZjbkM5WURncTJ2V1gtTmhCNzRkSTk1Um9nMzFUME1qaTNBRmQ2RktGVXpnQUJpdGdxQdIBakFVX3lxTE9zejVvcnJBSDRQemo5ZEtvXzQzdDY2am1EaUpGWlNUYXRVMUdKU3R0dWJwTHI3ZWtWUWtsUVYycGk5N2ZINFpfMF9nczFVQm5BME5qLUliQnZDN3B5YVRmSC1jeU1lem82TXc?oc=5
계룡산,기타,계룡산부터 다도해까지…설연휴 걷기 좋은 국립공원 명당 6곳,1,1,중앙일보,2022-01-27,2022-01-27,https://news.google.com/rss/articles/CBMiVkFVX3lxTE9YQTJEM3RTS2lzQXBSekQ4aDVDVW1xbGhYcWEyUVB2ZlpUdEUzRUJLZU1fNDV1bm9vc1VIaHpzS1U2dkctdlJzaldiMVBuVWh0UmdueFNn?oc=5
(전체·공통),탐방시설,"[비법정탐방로 외국에선?] 北알프스 年등산객 900만 명, 레인저는 5명뿐…국립공원 발상지 미국엔 등산로 막는 정책 없어",1,1,월간산,2022-01-14,2022-01-14,https://news.google.com/rss/articles/CBMiZkFVX3lxTE5iTkd1OXV3V2EzZGZOVXgxWTVYRGFIS2E4cG5lTUpRc2dzODlYNXpyS3FQcTJDVXp2eDgxUWw4Nm94WlBiZUFnQ1RfcExiMk1qZFg1Y3JzYTR1S1U2X01vS0xwNWJEZ9IBakFVX3lxTE9LaUFuOUpGWUE4RWZiZFpJTDItcjBrR0t5UFpGYzJjZGdIdVl6N01iWmppc1VrbEo2S0NXd1gxM3JzRVoxVF91S2dTZlZXaXVXSlVvNlRKcTF0Z0k5UEt2TGN6ODNZVVF3QkE?oc=5
무등산,탐방시설,"[현장in] 다시 등장한 무등산 케이블카, 재탕 그칠까 해법 찾을까",1,1,연합뉴스,2022-01-06,2022-01-06,https://news.google.com/rss/articles/CBMiW0FVX3lxTE9sNHBodmN4TkU5ZDdvM3hlbXJ3Yk9maVlqc3VxeGNxWWVwTFMtT3VZNzhjRTg2ejFRMFVwUWlzdnJ2NEhUY3N0MWhHU0E2dnRXX2NMUTR1cTdRYm_SAWBBVV95cUxOaEYtUmk1blBQV3lRRlRRaUcxZllPdThQZWNhMzRUNXZqMml5T0EyVnRHV1N3VkFiWWhjYXRfd3lCMW5RdmF0Nzlvb3h0WlluVHFFVUh4WkRzMGpLT3FBcE4?oc=5
무등산,탐방시설,"무등산 시민네트워크, ""케이블카 논의, 규탄"" 성명",1,1,광주in,2021-12-30,2021-12-30,https://news.google.com/rss/articles/CBMibEFVX3lxTE5yZHdFcWM1TDQ2S1VMcEpBVkZ2X2RIdFVzMjJGQ2hiRFFMSkU3MWMtUmFxcHFlYUJGVGpaUHFaVUhQUXF2LXJDVS1Ta0s0bS1WazBuVDJvQW9wamFBRzFJbURPM0lGMWVEMjlHXw?oc=5
계룡산,자원보전,‘계룡산 생태관광시설’ 본격 착수…354억 전액 국비 투입,1,1,충청메시지,2021-12-22,2021-12-22,https://news.google.com/rss/articles/CBMiakFVX3lxTE52ZXlLaG9iMGw4ekFPNUFOTEpXRVFzRDIyMEVVWTlSWWpwMF9tQmVJbVVZcW9Vd3B5QWtMQ044Y3dpTEd2RlRQSGRpQTdYOUF6QngtMm02WjZaOWc0NGZlM19VZE5rdW11T1E?oc=5
(전체·공통),기타,국립공원 '자연치유 소리영상' 만나보세요!,1,1,아시아에이,2021-12-19,2021-12-19,https://news.google.com/rss/articles/CBMiaEFVX3lxTE9GdHNKdDBNU19IWWVnX1NyY0x0ODdFQTdrU0tZRUYwbHVMdVpMTEtPWGFLUnYwT0pPSnhxUkpPQVFxNEhYME5aMi1WZzJodUl1UXhPOUlyS1RpOF9zeDAzVTlXcGNvLXJn0gFsQVVfeXFMTmlxQmJXNWdBS2JTUndSRDRHeHhCYlZGS3lpamRsYU0wUGFZZVI2WXBjOEdobUhPbFNEZm15bXV0ZmIyMDlZVkpOemxLZ2ROd3JZdi13SUJKeGJocklyY190OXVmbHJwX1l1RE9p?oc=5
치악산,자원보전,"삼양식품 원주공장, 치악산 생태보전 앞장…지역형 ESG경영 모범 꼽혀",1,1,매일경제,2021-12-14,2021-12-14,https://news.google.com/rss/articles/CBMiX0FVX3lxTE1mUENieERPMHJ5NmhZNVVSVGRiUFFlcmRRSEN1RHFSMmJVMk5tTVRXWmRnZGwzUmZFVWNNQ2RwWFlOeFlPTXFSNFRFM1pQeFI5OUNtRG4xQmktbFlxMkRV?oc=5
계룡산,자원보전,최홍묵 계룡시장과 동행하는 “계룡산 안보생태탐방길”,1,1,nmn.ff.or.kr,2021-12-14,2021-12-14,https://news.google.com/rss/articles/CBMiW0FVX3lxTE1kaGhSRFNTTk40cWtkTkVaSVp2ZlkxcjFoMERidEFZUUdjS0lRdDdRSmZuZ093V3JkTnNMbEh0NGJXTDBySjlKNjlDVnUtNGxLU1lsZ21Rb2lnYWs?oc=5
지리산,기타,"‘주간산악회’ 유세윤×송진우, 지리산 국립공원 레인저와의 만남",1,1,스포츠경향,2021-12-06,2021-12-06,https://news.google.com/rss/articles/CBMiXkFVX3lxTE9LNkRTRjlpcG9PNGlZTlZlQmlNOWVMSWtVa21GMUU2eXVfR0d0X2RkVk5QOV9JRHVuZG1pRXlVbkctVjVtc0FpSEF4T2x4Vl9nSTA1b29pcWhseFVNWGfSAWNBVV95cUxOR0c1R0F2d1lEV0l0Q3RXZnRtVVFfYkFySnZNQnhmSl90QXRVbnZ6MkJPMThBeVJIcnRaUGhMWjFBeFlvczk2VnAxTzBLYXdpTmFxUlhzNnJWZVhac3FBSlhXRjg?oc=5
지리산,기타,"드라마 ‘지리산’ 속 나뭇가지 방위표시, 요즘엔 안쓴다는데…",1,1,조선일보,2021-12-04,2021-12-04,https://news.google.com/rss/articles/CBMilAFBVV95cUxPWVZkNWdMOWtfOHVBVUhhekI1TnRzQnhSZGdUczRvcVMyWFY5Q2ItZXhiRTdDYXdMMXdJaC1TY3ZRRDhfa2lncDlST2JzUXpXVjVyRndBS1V1UjNsZS1USnZTOF8yWWZMV2p0U1BMczN1aXlCS0pSUW8xZEI1MEpvd2pEczZtUzU2U05jSmVsRVhvNFZX?oc=5
치악산,기타,치악산국립공원 '3D 지도' 제작…공공데이터포털 공개,1,1,뉴시스,2021-12-01,2021-12-01,https://news.google.com/rss/articles/CBMiYEFVX3lxTE1UeVVOUHdGMmJyUDdvcTBvNUw2MER6eG9xYllWNlZKNXFza0lRVExWOXdtV0pBa3BBMFM0ZnhUVHcxZHpfbHZiR3NMYUVYcl9kUnp0eE9ZOW1UU3RKUzZCZNIBeEFVX3lxTFBYTjMzNEJTWEg4R0hWTGstTTJ1TlFLYS05ZDlSa1VTREthQks1ZGtIM3VZdHdUdmpLb2otR2xzN0ZySE5KSGc1S2xLSGJ0THZBbjNZUEJZLVkyaVBQUFNndTJ6Z3FkZEg5WGZMNFNqbWI1cF80c3lhQw?oc=5
(전체·공통),탐방시설,“국가가 조성한 것도 아닌데 어찌 ‘국립공원’ 일 수 있나”,1,1,법보신문,2021-11-26,2021-11-26,https://news.google.com/rss/articles/CBMiaEFVX3lxTFBwTE5XbkVkcE1jdUJRc3lITkY2Qi1VYU1zVFlGR2ZmRWJCcmRqN3lUT29icnJQSzhOMnplaE15WHBvd1d6STk0TlR1TzVmbHY1cG92WGw2ODVEenkwZ0hGcnNnQUVkR3gz?oc=5
지리산,기타,"'지리산' 속 레인저 손경완 ""몸 망가졌지만 후회없다""",1,1,v.daum.net,2021-11-21,2021-11-21,https://news.google.com/rss/articles/CBMiRkFVX3lxTFBhSnJoSjF0WldROWJzRkNoNlU1MWl6TFJjeFRWS0dubGsyV2hYRWtwX3Yza3hiMnppbVZpNGgzTGFJN2JVeEE?oc=5
지리산,기타,사체 수습 트라우마 겪는 ‘지리산’ 레인저들,1,1,매일노동뉴스,2021-11-17,2021-11-17,https://news.google.com/rss/articles/CBMicEFVX3lxTE5fcHNkVUVnaUxwSkY4VkRfbG1mYVR5QlM0SnZxNlB4RnVJQU5CZFBhSFV5VVdXRnZpcjlkb081bWpNcUpqZnJUOXVCX1ltclhueXRfSGg0aXM3Z3ctNk1RU0FBUFp2dEhRc3lzQWxYM1U?oc=5
지리산,기타,"‘지리산’ 전지현→주지훈 이런 모습 처음, 장기자랑 1등 향한 분장 투혼",1,1,뉴스엔,2021-11-13,2021-11-13,https://news.google.com/rss/articles/CBMiaEFVX3lxTE9lbEZ3TFhFYlRkQTFhTVRqNDhYRmhoQ3lOT2pFaFhiVG41NmRfS2dEa0x2TjZHTnFMNUtINWl2aXFNNkRBbFk5UjR6UWkzQ2RIbENrWkVZLTZiZnRZVGpMUGFPNXY1Y2hx?oc=5
변산반도,탐방시설,환경 지키랬더니 고사포 야영장 개발 앞장 서는 변산반도국립공원관리사무소…“훼손 가능성 낮다” 항변,1,1,부안독립신문,2021-11-09,2021-11-09,https://news.google.com/rss/articles/CBMiZkFVX3lxTE4zZm5PQm05R1BGVk9pWURGU01Pd1ZieFhkZS0tVUF5cFk2RlNKZURfODRHSzhZTzFfWFhGejEzWkxTMzRJS3p6cG5raC1PdF95Mk1ZeDRmbVg3VXM3VGoyMllaUXhKUQ?oc=5
(전체·공통),기타,국립공원 산행하고 돈 버는 방법,1,1,대한민국 정책브리핑,2021-10-27,2021-10-27,https://news.google.com/rss/articles/CBMiakFVX3lxTE1CZWdibndZMTBSS3JvT0IyaUdoQi1aUkNJSlA5Mno4eU1QZ1RCeXJ5OXBVVmpXOF82X3l2TmhwNEpSSVVfQVZNS1JUSE41dTdWazBVRWdFTktzdUM0U1ZOankyZkF1blhyYUE?oc=5
지리산,기타,'지리산' 전지현X주지훈 비하인드…'아웃도어 화보인줄',1,1,네이트,2021-10-25,2021-10-25,https://news.google.com/rss/articles/CBMiYEFVX3lxTE9URXhPQWI3dE9YYVhNVC1NbktBNlM5Ry1Ld21OVlBMM09hZkJHNkFZU3l5VFFxVHdxMnVEWW9Pc0RIY3lRb1FLTkJXZXhBZzlJWWlIV1pyVXFHQmgwejdqNA?oc=5
(전체·공통),자원보전,국립공원 내 로드킬 연평균 250건에 달해...생태통로 마련 시급,1,1,이미디어,2021-10-25,2021-10-25,https://news.google.com/rss/articles/CBMic0FVX3lxTFAzTm05NXRLSGFDbER6eG5KaGtpRzNidlR4VnR4TUZJdUdOVzI0YThkM1Z6aDBoc1NRZEJRWFFqaU9MRTVRMndJaV9DVkJDMkhFcEpaZTl3QV9Sc2RuZHV0ckN2S2lXU0V3Q3l1dXI0LUh6ZWfSAW5BVV95cUxQVjMySElja3lERExyQXVpWVhlMDlPY3ZiVW1HX2F0bXozZGFYbEJqaGJFSVJlTGVtbXh2c3liZ21jblJFZkRDSVVGN2pGTGNHZldEcXhiUE9WaUZnN2YxR1U4cmFQRDg3dDRMZ1hlZw?oc=5
태안해안,기타,"충남 태안해안국립공원,자연자원 담긴 영상콘텐츠 제공",1,1,충남일보,2021-10-20,2021-10-20,https://news.google.com/rss/articles/CBMickFVX3lxTE9ZNmRTSlBaYW1sRXA5QUZxNENKSm1HTW51ZFN5eDdwY29Lbk5nTWthRlBSUzVjV0dfanE5cUxCRzRMeUNkU190LUxhYnZaTzBXS3lXdXpjLW5RUGhvVV84c3JKbjZqZ2lobXNhS2ZWNWJHdw?oc=5
소백산,기타,"소백산, 패션왕 이벤트",1,1,제천단양뉴스,2021-10-20,2021-10-20,https://news.google.com/rss/articles/CBMiZEFVX3lxTE0tTUdQbXJJNUdHeDhVX25ka09GUU43V1BLSDJwV0l6UXNJSXpBRGh6UWl5d25ma1E4aVhKdHM4RkRrV3VzX0cyeDRoVnlaaFpVMHEzaldFN2hWTXE0RDhGcnJEZmc?oc=5
한려해상,기타,"한려해상국립공원, 비대면 환경교육 참여 열기 후끈",1,1,gjn.kr,2021-10-18,2021-10-18,https://news.google.com/rss/articles/CBMiYkFVX3lxTFAwRk9abWdQWDduU2k4em1JbkhHbVJKeGo1bFM0MUloZmk1X1pIWGFtMHNXc3R0LTltVmVTaTE5Y2w5RmsxN1FYOE01N1RSRU05VmdodVlJRldOdUlqc09kTjdB0gFmQVVfeXFMTWhvc2E4Zm9zVFlZVzg4UENJRVJ6RjNfS3h1THVNYkFmVzdCSVFZNlViUHQtMG9tWlVONllFOWIzOUdVWXpQeWk1NDh6RGN2SHJoSlZRcFpYWlFiQ0YtRTlaNzcxNURR?oc=5
지리산,기타,"'지리산' 단체 포스터 공개, 전지현X주지훈X성동일X오정세X조한철, 촌각을 다투는 레인저들의 치열한 일상 포착",1,1,톱스타뉴스,2021-10-12,2021-10-12,https://news.google.com/rss/articles/CBMickFVX3lxTE5mTy0tNWVSZFBtQ1c0RTF0VFVOOEd3WnhJX3o3ekJUenUyZFdpbkc2SEVVRHU5d0t2NzZtVlBYVjZlMGhiUF9VcnZJNFVjUy1GS3llOW05RklVbFlQSzh4ZHZ4b0duRlZjMllGdWJwaHVFUQ?oc=5
속리산,탐방시설,"속리산국립공원 혁신 통신장비로 탐방객 안전관리, 배낭형 와이파이 활용 긴급 통신망 구축",1,1,바끄로뉴스,2021-10-12,2021-10-12,https://news.google.com/rss/articles/CBMiZ0FVX3lxTE1JOTdMeElPVmtRTlVXeEREZlNYNTQ1QlloaE1pc083X21CeWlFdms1aHlrbEp1WDNVLWJlcnBfTUFpbkh5bmtVYjFaWTBiWWhfRVlnVGREZTVoSVNiM2pxakREU3NCWG8?oc=5
덕유산,탐방시설,"덕유산국립공원, 구천동 어사길 탐방행사 진행",1,1,전북일보 인터넷신문,2021-10-11,2021-10-11,https://news.google.com/rss/articles/CBMiVEFVX3lxTE9ralo4S0I1d3Y5TU9LR0J4UktxQ25vUXVGVllSSHQ0YlJnNVNXZTA4cXZoUFR4QS1LN3RTMjBoNlJsMTJvdlZWcTBlSEJhT1BhRzhqSdIBWEFVX3lxTE4wdlJ2WGEzUGtia2tCbGE1OUR0WlNuQzRiSEZLaUtSU3R2S3kybFlZdnlYZTJNOU5uQWE0LTREV3llNmNxeXI2TjVOc0NicW5PVm1ndzNyamE?oc=5
한려해상,기타,'언더 더 씨~' 한려해상에 나타난 푸른바다거북 첫 포착 (영상),1,1,뉴스펭귄,2021-10-08,2021-10-08,https://news.google.com/rss/articles/CBMibEFVX3lxTE5pS08yQUVDWFJBNjRyVW5mTUNmRHN5RXUxbFBBbTBySk5YQjYzVDBNRnpfamVjNkYtU2dLa1VDbzhrTE1ac2RtMW13ZW9NYThRcTVaYVlTQUxSMUR5RkhubVlreDB5Q3M3RG1Rc9IBcEFVX3lxTE5IVGxNQy1VcjZ1WWl4dWtDUFp3OXpwamtwVU9pS2pxWXZGXzBEYlo4SDJHM3F6VmxtMFdHWjkzMWI5cW9xOGt3SkZyVnVPRzR3dk51UU5hbXRpZlkwZWFLWENzMXZMSjVlRG9kY1pRbEk?oc=5
설악산,재난안전,"반복되는 설악산 출입금지구역 등반사고…""처벌 강화해야""",1,1,연합뉴스,2021-10-07,2021-10-07,https://news.google.com/rss/articles/CBMiW0FVX3lxTE14MU1KSC02cllIcThqMUp0ZF9uY2xfaTdET080T2dUUUtFaVNLSlhlTFJUd18zRURRbUl1Z0lZR0RNcDMwSl9mOUtsRzl4SjlxRjJpZzh3dFFITlXSAWBBVV95cUxPS1ZQVGNfSGxKVC1fNEJud2J4Q1lFR2ZXU2xGMXRwY01pdUJ0Tk9ia09aZS1WT3B5dTVmbzVnZEl1MHk1akQ3dU1fcEltczR4Umw5aE9pSGszRzE3bER6d00?oc=5
(전체·공통),기타,'낚시로 몸살' 국립공원 갯바위에 휴식기 준다…거문도부터 도입,1,1,네이트,2021-09-12,2021-09-12,https://news.google.com/rss/articles/CBMiU0FVX3lxTE5PMTRCLThNcUVOaU9Ca0xieEF2SHpGdjdLYnJmSHF0QmhEYmpGZjY4TWNEQUMtVjFBZ1hmWVYyNU9fZm5la2lnSkFWU0ZmQWUyTWVB?oc=5
(전체·공통),기타,[특별기획] 문화유산 외면한 국립공원 ‘길이 남을 실책’,1,1,불교신문,2021-09-09,2021-09-09,https://news.google.com/rss/articles/CBMiaEFVX3lxTE9rSkpBWkNnUEhUWkppS3lIa0QyUVo2amZqNDkycEJnT05LMnpXT212eHJacG9UQnRHa283MnhJZ0sxa2R0LUswTW1tZWFxdE03dFJyTDBPajQxS3BCWW5ydTRhVXNvS2g00gFsQVVfeXFMTXhvZjFsd1VJdnVNUkZweG1uWTBMaDVZbHlFV28yN2lUcVJLcGZVaTV3TlN3QU9Rb2wycFpnemxtSU1YdFNULTVMUjctSXljdmlCUDJKZmF4YXVfcDF2aWdlVG5yOURwQ2syYWZE?oc=5
덕유산,탐방시설,"덕유산국립공원사무소, 백두대간 백암봉에 스마트폰 무선충전 시설 설치",1,1,전북도민일보,2021-09-08,2021-09-08,https://news.google.com/rss/articles/CBMia0FVX3lxTE1WRWtxdnY0S0lGRDFqX2VBM2dERFI1X2pzLUZPOXZWdWh1emkxSmYxWmFRS3FaYjdXOHpXLWc2UDlCc1BSMnRIcGFtVlJmSE9YSk1BYmh0emVMQy1WTzUxV1FsSDRlb2lyM2RF?oc=5
무등산,기타,"무등산 국립공원, 은퇴 세대에 일자리 제공",1,1,연합뉴스,2021-08-31,2021-08-31,https://news.google.com/rss/articles/CBMiW0FVX3lxTE5fZkNnWDU0V0VzRzBENDIxczFhLUN5NXpPVVNSM1U0TDlQRExTdEFsUjJVVW01QV9pd0NnMi1raUY4ckU2bFdmS1g2VXFualpSSU9ENHQwdXBtdG_SAWBBVV95cUxQdmdFc0I2SFM5eHNtc1cwSjg0aWZCWWRBNld3aHBFdEY4bld4Sm9FclQ5QmxwVUtUZEsyNWRGbzhTQlJoblFFRWVoUUt5TjBlaFFNQ1RyZDhkdVl2dkQ2aFU?oc=5
(전체·공통),기타,태안 해양치유센터 건립 청신호…국립공원 계획 변경 승인,1,1,연합뉴스,2021-08-20,2021-08-20,https://news.google.com/rss/articles/CBMiW0FVX3lxTE9CdkIwMC1EQXBkTUtGU3NXN0Z2bWMwTDUtcHgtcE1OY2tYS01TZ0oxYVZEY09rMnpKZExGbGxMcEV5T3VLRThaSTVtaF9GeGdpbFVyOXJoaXlRQzDSAWBBVV95cUxOWUJVbXg0MnZrc2JDLUl1X1RBRVJnYmdjYTR3blFKU2h4dlpYTHBLVG1yenFGNHhKQ3h5MGNWYXoxT0dMSTNaUWR0TlU4dzZPVHRCbFBDR09UZTdBLWpTeDE?oc=5
계룡산,구조활동,"충남소방본부, 계룡산국립공원 '산악 전문 구조대' 발대식",1,1,세이프타임즈,2021-07-28,2021-07-28,https://news.google.com/rss/articles/CBMibkFVX3lxTFBfOExiNEszanlGZFhCMkp3dGc5d0d3Nk12TU0zZXJHVXowdmp1a1hBYms4UFFzQ09JM0pnUHZFY3BhOHFON1Z1ZFJRWVpVeTNtdHNkV0JzcVVaMWk1OGhuX0tMSzh3M3l6VjFUYjV30gFyQVVfeXFMT3FFZXctSktWTC1NclNKdEtqTkVRMDUtcjRPMnR6U0x2RDJSTzhPdENaWFRWbzNKeUJJbVlmZjk5a21FaEwtUUhDNkJWWjFIZlB4ak9nLTZPbktERVdEOHhWQ3YxMFdNZ054dWw1S1JESmx3?oc=5
다도해해상,탐방시설,"김철도 다도해해상공원사무소장 취임…""새로운 탐방문화조성""",1,1,연합뉴스,2021-07-16,2021-07-16,https://news.google.com/rss/articles/CBMiW0FVX3lxTE1yVTVoZGRFMnB0UlpBWGpwMV9GOUs3S2ZCUEFSV182bWZKYUdKTGFvMW9XOW40R1cwTXNEYjJCOE5jQXl5ODF3cFFLdHYwdVZKMVdBbGFNWjR6MlXSAWBBVV95cUxOMG5NYUczeHI3NnpZdFJkZkJRNklLenVESElQbHMtREVBSlh0eUlLVXBzMkpEU1RGRGhBUXhjckZZNmVSRl9LM1A1dmZrTmxiNTFhZjVPT3FEUjN6Vjk3dWc?oc=5
소백산,행정,[인물수첩]정용상 소백산국립공원사무소 소장,1,1,매일신문,2021-07-14,2021-07-14,https://news.google.com/rss/articles/CBMiYkFVX3lxTE91clJhOEk4eklvMDVFTmNJdVhOd0FxMHNJZHRLV1lKVzF2RHNpbFVldjlsRmNMR0dVRFNuMjJBdjJOWlNKSEpaR0htRXJlV2QtOWVXbGNxajR1M2FQTlZyVTFn?oc=5
변산반도,행정,"변산반도국립공원-한국스카우트전북연맹 부안지구연합회, 업무협약 맺어",1,1,부안독립신문,2021-07-08,2021-07-08,https://news.google.com/rss/articles/CBMiZkFVX3lxTE5HdDhWU2xsNlNmQzlhN20waENhQ2p3VVgtX1Z5cTZJWk1Ib0V4VkI2NlpZSnhOUnRlVEhxQ0dEME5vQUxha0JZdy1Ha0kwZzI4ckFwbGRLTDlETkIzV2sxR1A5aHRaUQ?oc=5
속리산,기타,50년 넘게 운영돼 온 속리산 휴게소 3곳 철거,1,1,월간산,2021-07-06,2021-07-06,https://news.google.com/rss/articles/CBMiZkFVX3lxTE1jWTZiQktIdmR5VXp6WTVDeWRfRXE5dVhYUjl1cjFBMXRoeVo4dmQwQnpnNGlRX2xLb0hScWpJM0haemN6RGFKN3g5ZDFVMDBMVDB3c0Y4UWF1V0E2VkpTUGlxVENyd9IBakFVX3lxTE51T1dhQ3VCbHZ1QVdDa0pDdGpOcHE1ajltUzhuWEVrTEprajFfSmR2bEUtUzRBa0xjZE1rS1cyZk5tRUtfbGVKajZ4aThDRER5eEZkUy1MQnhtc3Z2U1UtYXRNNjI3TWU2OUE?oc=5
(전체·공통),기타,‘산타는 청춘’으로 국립공원 매력 전파,1,1,대경일보,2021-07-06,2021-07-06,https://news.google.com/rss/articles/CBMiaEFVX3lxTE82YkQ5VUdxWGdMSzlJVzlqQjFzVVlRVEIzTXI4Q3Q2dkNsQjBVa2ROcXNjTXV5U2tSWl9DR3hLaV9vY1JzWmJwRGs0Q0ZtcGFTSHQtSjBLbTBUeUJvMzNkRGpfVU9YUzFS?oc=5
소백산,탐방시설,여름꽃 ‘범꼬리’소백산 탐방로에 활짝,1,1,소년한국일보,2021-07-02,2021-07-02,https://news.google.com/rss/articles/CBMiakFVX3lxTFB6VFM4Tkl4cGktWUd2WW9CSUVTQXE0QjlGOGt2YXlGYzVoQlhFMlh1WVdTNFNJaWY1NTJmM2lOLW01R1o5bUZCYXhmS0c3Vk9FUWVpRHJQa1lWOWJyYXhIN3Y3TDdPOVI1alHSAW5BVV95cUxPQXNzVGNqRk5wdjBOX2RubDhadEsxc0Zqem1XMi1aZGg2Nloyd2RaYXVkcFNkZHliREZUSVh3bGRuSDlFOVl2eHI4U3FmcEN5V1pyRC1FSzdYeHV0clVBWXJOS2lFRDYzdVhkb1dFZw?oc=5
(전체·공통),행정,자연공원 기본원칙‧국립공원 정책 방향 워크숍,1,1,이뉴스투데이,2021-06-25,2021-06-25,https://news.google.com/rss/articles/CBMicEFVX3lxTFBibUFkejZXNDR1UVEyUWx4UTd4bHpsSGZYa3lMVnBMZVVWc1diNjJ6X2pMTHRGVktpRGxGZk1qUzhsWDNtdll2cHc1aml6QzV1RlhTR1JDZ3o3dkJwVW1obE1FSGJaNzVFd2IxR216eDbSAXRBVV95cUxQU3FoZnBacE4tZ181SWVrRzRNZXZhaEttYTRSMW1CRmg0RG1KUTd4S2RWUU82b2hXYkVRY1luYnZEbWlPUHcxOTcxUG5UazRFZ19acFFPR2c2VXNkZUdoTnpsdWdVaWRkN0ZrbFE3cEtwOHlnYg?oc=5
태안해안,자원보전,태안해안사구 20년 만에 축구장 9배 넓이 복원,1,1,대한민국 정책브리핑,2021-06-16,2021-06-16,https://news.google.com/rss/articles/CBMibEFVX3lxTE9QSnF4SUJaZ1JRNXRnUWZDUmRiajB4QklUX3p5czhYVC1hVEMwLWtSaGhHdTNmdDF3VVNicHM4emRfc3R0VHc2aTdsMjloTG9fb1E2eEFnMEFURFVkTDJhQmRsY1hndkpKNzVNVQ?oc=5
(전체·공통),자원보전,"국립공원공단, 수어생태도감 제작 대안학교에 감사패",1,1,ecojournal.co.kr,2021-06-04,2021-06-04,https://news.google.com/rss/articles/CBMiWkFVX3lxTE51U0xMS2I4SDQxTW15a3UwNFlfbXFlc0lDMHRmYTN5TVRxZVBfZmxHRDVyUlhJclM0anZVZVZZaGREajVha1dYOUZ2SnpMamhqWkNKbjNiLUh5dw?oc=5
북한산,기타,"북한산도봉사무소, ‘수어 그림 동화책’ 제작",1,1,ecojournal.co.kr,2021-06-02,2021-06-02,https://news.google.com/rss/articles/CBMiX0FVX3lxTE9Rd3cxYzV2RHhtVDE1dEtUUXo3NVN2elljWmNxRVVtUXpXTTBQOXdNcjRoVWlYdTB5eWtjVE96QW5DYmZzMmwtRVlIR1JqMTNrUWE2eEhKV050NGIyZDBv?oc=5
주왕산,자원보전,"주왕산국립공원, 수달래(산철쭉)보호단 ‘지켜달래’ 발족식 개최",1,1,청송군민신문,2021-05-25,2021-05-25,https://news.google.com/rss/articles/CBMickFVX3lxTE04QmxCcFdPYmtnTlJ2MFlrSnBmSjRxVnRBSzZPY0VDd1kzNWJ3REZWWGRRQVcwWVpIdElyOTVJcU8tdk9zT3ZSRy1icWZJc05uaE9GcXJJN2VuRnZiVUlyRXlwc0xwdjM5dXNFM3BaT0x5UQ?oc=5
속리산,기타,"속리산국립공원 냉천골 휴게소(해발 820m), 금강골 휴게소(해발 720m), 보현재 휴게소(해발 620m) 철거된다",1,1,대전인터넷신문,2021-05-24,2021-05-24,https://news.google.com/rss/articles/CBMiU0FVX3lxTE9INzk0NVZzOFR6dGxYVklzY2NpLVNwLXkwLVFDR214R3RCM0lHUkMzM2xiNF85d2dqTlY1ZGxRaDNoRlUwZzgtR2VKQUZhM01QVC1N?oc=5
무등산,기타,[기획특집] 무등산 서석대-화순 공룡화석지-추월산 구상암 연계,1,1,한국시민기자협회 뉴스포털1,2021-04-28,2021-04-28,https://news.google.com/rss/articles/CBMickFVX3lxTFBrOXZMR3RpTGxiY09XV0xYeFVtSklLdVpLaUxLb2kzVzJJLU14VGpHaG9sX2FvZFprZ2Z0NUJCdjNpWGVrSFNYcklUQ3h5b25RQUotNm1ETmsyQkZCZ2V4ck9WcnBPc2ZYMU9vRUtVeExoQdIBdkFVX3lxTE5XczBKUjZNWUJnOUt3c2twODVlUExtcGswVDdESHE1SVU3RnhnU0U0RXdkbXA1WEROLVZzQVd2SEFHZW90dHdTRkpHVU5GRE9ZSE5DWXEzMWd6QlZIR2R0c3pkc1RVRU9uZXZ1LXN3QlpiOXo2cGc?oc=5
(전체·공통),기타,[취재후] “바다가 펜션 건가요?”…사유지된 해안국립공원,1,1,KBS 뉴스,2021-03-19,2021-03-19,https://news.google.com/rss/articles/CBMiW0FVX3lxTE9hakdaQkdDZXdFM2ZXeXl0S0lob0I0bm4ydDZzdGc2ZXFacG5WblcwaTJoNUNYUUowS2ZkeGJzcDB3cGx5NTc2VUxxN2VxZ0lfbHRyY3RqUGxsUU0?oc=5
(전체·공통),기타,해수욕장 길 막고 주차금지…사유지 된 태안 해안국립공원,1,1,KBS 뉴스,2021-03-17,2021-03-17,https://news.google.com/rss/articles/CBMiW0FVX3lxTE9MU1JjbXl1RnVOa1NPbVRFVnFlMk5xLVBUZW16Q0phUHVIa0ZOX1pRYWFTLVBweHhTOTZSc3FjdW5sOHA5ZnVWVlBtNUVTQS1mU0lSN0hLY2p3dk0?oc=5
금정산,기타,"국립공원 심사 앞둔 금정산, 구멍 뚫린 휴식년제",1,1,부산일보,2021-03-15,2021-03-15,https://news.google.com/rss/articles/CBMibkFVX3lxTE95SGIwS1JMeWdyMWJTWjdoZWhpa1FTR0UxUVlQZ28xcDIzQ3dBdFVzd3dQQTBjSnp4a2NrOU0yN1BVUW9YOXZBUHB6QkFZOTlCSFdudmZmTjlVMGxsSmpVQ1JhaThuSzRabmIzWUZn?oc=5
(전체·공통),구조활동,지난해 레이니어 국립공원 수색구조 60건으로 역대 최다,1,1,미주한국일보,2021-03-08,2021-03-08,https://news.google.com/rss/articles/CBMiX0FVX3lxTFBMQ1ZERzk2NjlfMW44SDZteG1NNzQzRDZWd2FTaE9kSzBBRjlOSUhJVkstT0hPcTRTZDFNWWlxcTRoanNLbjMzNldOekRaNldmZ0gwOWtIc201bjFIeFFN?oc=5
속리산,탐방시설,속리산국립공원 유아대상 환경교육프로그램 ‘어린이 숲학교’ 모집,1,1,바끄로뉴스,2021-02-25,2021-02-25,https://news.google.com/rss/articles/CBMiZ0FVX3lxTE8tdUI4QmZVMTYwa1dzdmFaaFNvREhZNnFKakE3NHlrOVRPaHBtYV9BWDZsSlJXbHNHS21VajRPMHhlWEFaRUF6TndYbm1STVJSRUY1dTA1VEQzZjItYVdpdkxLSEdsMDg?oc=5
설악산,자원보전,이기석 설악산생태탐방원장 부임,1,1,설악신문,2021-02-08,2021-02-08,https://news.google.com/rss/articles/CBMiW0FVX3lxTE1YRzFDYnNNWmRnNEx2TmYwbG5tbU1EZGNKYjVIQTFsV21XbWtWeTdMZFhTeFVrMEc2Y054X29IVC1NbWFXZnRscDVmbkZrRXlzc25RVy1HQ1NPX3c?oc=5
다도해해상,자원보전,다도해해상국립공원 ‘착생깃산호 서식지’ 특별보호구역 지정,1,1,여수넷통뉴스,2021-01-30,2021-01-30,https://news.google.com/rss/articles/CBMiakFVX3lxTE9waHVLZF9FN2V6d2xjdTVfRjViUDFFVFNHNDQ2QkVCTGVIZURJbWtlaVdkMXlDWnpfd21wM204VUVfME9FdjdWbXpRa09yVDRYUHR0NE8yRUE4eDBmMWhjd1RDSUUtc1lCNnc?oc=5
(전체·공통),기타,"신안군 '우이도' 주민들 ""우이도리 국립공원 해제해 주세요""",1,1,시사포커스,2021-01-27,2021-01-27,https://news.google.com/rss/articles/CBMib0FVX3lxTFA5bWk2TU5UeFIxUklac0VmODFnc05OejJhSjNoN0VYbjVBb19Cdjl6eVBjTGlXUjVuOVZPV01PV3B2cDlrQjcya1Y1cHFQOUN2ZlRGTWRlMkVKQVVsTHFORUcyZ2hUQ1RLTE1qMkRmUQ?oc=5
오대산,기타,[자투리 여행 이야기 – 쵸이 발자취(49)] 오대산 월정사의 겨울 풍경,1,1,jaturi.kr,2021-01-16,2021-01-16,https://news.google.com/rss/articles/CBMiZEFVX3lxTE0wMm05WUZqS25qbW12TWtmbkpTcDdGb1huVjhaT1NNcHJrckV1WlFoc29fTWRjOUVReGlqeXJDdjFVTkYtQXRVa1RJX0J2R2FEN2syVVZmWU5NTFJORjRWV0lNYi0?oc=5
경주,자원보전,"경주국립공원사무소, 핵심지역보전사업 신청 접수",1,1,kyongbuk.co.kr,2021-01-12,2021-01-12,https://news.google.com/rss/articles/CBMib0FVX3lxTFBkQm5nT0lTR3dYMkpCRnZfMWluaTlYbU1EWHBadjdyVGR1UVhjMFlpREVEYWVoZHpfTTRFRzdubWN2dnA3RElzMktOMmx0ak5UV0oyR2Zkdl9HSl9mSG5mdl9qTkloNXBzWWYzQXBqNA?oc=5
치악산,기타,치악산 드림랜드 ‘5년 방치’…이번엔 캠핑장?,1,1,KBS 뉴스,2020-12-22,2020-12-22,https://news.google.com/rss/articles/CBMiW0FVX3lxTFBDQVdFTWNjZGRGbmNIbmYxbHNyWDB4MWoxZWkxWHVZRHQ2Vkh6Qk1LbTVzZ0hpeWF1YUJxakhxWm5zaVJCWk51THBkdVFNQ05HU3gzZFVZbnIyYjA?oc=5
내장산,기타,"장성군, 30일 정읍서 내장산국립공원 명칭 변경 공청회",1,1,연합뉴스,2020-11-24,2020-11-24,https://news.google.com/rss/articles/CBMiW0FVX3lxTE9EelJiVm1yakRhR28xdXlqenJxWlVOcEZjbWtWRjN5NW13SFQ0aTRxQ3hnd19tc2NLLXBNMDRXdVdZYnV0WEEyVVZIT05vUWU5NXpnRmxZd2Fid1XSAWBBVV95cUxPZkI5TFdheVczRVFkWHVoTXB0RlZ6VzBiY2xlSWNIb2JJcGhleVVXYkdFN2pSTlZ6NEdvYVZsWFh0RnpaaHBsR1ZVdXJKNkJ3eVNtQ2tjWGhmNDBSREtyTGY?oc=5
한라산,구조활동,"‘한라산 수호자’ 산악안전대, 구조활동과 올바른 등산문화 조성에 앞장",1,1,동아일보,2020-11-02,2020-11-02,https://news.google.com/rss/articles/CBMidkFVX3lxTE5qTmJoaUs3VHZBM2JHSEFaLXdqeWVORHFMMHlSSTNId2RITEtOMTRZbjdVbl9iSWxmYnllM203cDliQ3BtWDJpUDRReUVzOVBQQnZjT0o2aVFubHZkNXdzeHp0VHo2R2cwLTFyZkRCWVFCSkluSUHSAWZBVV95cUxPUFR1SEQ5Q2YzZUJFNjh4MUlvdlE1ZTRfR21kSHZUZUxBbmE4YUZuNk5BTDNIem1tR1RIVFU2QzhuZUNLVVFFOVNBMDU4aXVJaHdWWXUweUhHYUJVelNjRmotOG9Gamc?oc=5
한라산,탐방시설,"한라산국립공원, 탐방로별 입·하산 통제시간 단축",1,1,제주일보,2020-10-27,2020-10-27,https://news.google.com/rss/articles/CBMibEFVX3lxTFBwVFNrcFg3UnRlSFpva1hoSVl2clFpcWVwSGVCcWFTOURnU1B6T0s1TGF2WVhMX2F6NjhuY2hwYjV6Q09jMWF0cTJFQWpSWHR4S0NfazQ2cl9icnIxSmxaM182MW5nejJ1WGdKLQ?oc=5
태안해안,기타,"""10년 만에 고작 4필지... 태안해안국립공원 해제하라""",1,1,OhmyNews,2020-10-20,2020-10-20,https://news.google.com/rss/articles/CBMid0FVX3lxTE0ybGpLaGhBWnJ2bDFLNlhQaEN6UUFtbTdRNUhyZVNKejhqb1pyN1ZHZE9Vd01xNHZzS3VKb3hmNno3TGpSU0o1Ymo2Tkc1V1pRMEhnbTBpUWRoZ2tlc2VXdGVfcDdfZWhETkJXM3lxRVpWUldQa1Rv?oc=5
내장산,기타,"내장산국립공원, 매표소 ~일주문 구간 일방 통행제 중점관리",1,1,전북일보 인터넷신문,2020-10-20,2020-10-20,https://news.google.com/rss/articles/CBMiVEFVX3lxTFBsaGZkSnF5UHhSbDlqdGpKSUVOVzJZOWZqdzAtZklhSU0yMjZmSTRLcmEtUHNQNDlMc2xZQ0NmVWdDbUJ1SktIUWZ6N2FET09Sd25vb9IBWEFVX3lxTE5oZFBrMnFTdHhOem9NWFZ5NzhrWUNQcFFRUGVULUlpeE1uekF6bWN3LTFaOFRtNXJ2UW9WUkh3T0lQamJLTUNTRHpBNG1FNlhqRFBiYkhlMG0?oc=5
설악산,구조활동,"설악산서 실종된 77세 노인, 사흘만에 극적 구조…‘기적의 생환’",1,1,한겨레,2020-10-16,2020-10-16,https://news.google.com/rss/articles/CBMiYkFVX3lxTE9GYzVFSjBXRk9wZEtNbWs0d05MdkxPR1ZVQ0N0TmluM2pSUERIZE1RNThRTjkzdVFQU0tXZ2xGbm9iVTRwX1QwaG1ZamVLVURZaXhFRGRJZVpUOXFXZ3dLYkFB?oc=5
가야산,자원보전,가야산국립공원 구렁이 등 멸종위기 Ⅱ급 3종 새로 발견,1,1,환경포커스,2020-10-12,2020-10-12,https://news.google.com/rss/articles/CBMiYEFVX3lxTFA2OG9YQ18tX1dnemFhRTdoOWFIV0VBWElVRjRlRkNjWjJFQlZ2eUZSMUlkNVl3NkRxRmhDRVlQTkFVOFU5eDc5NDRIbnlJRGs4NlphdWJjVTh0Zk5xYXpadA?oc=5
계룡산,기타,계룡산국립공원 산행 시 뱀과 벌에 주의하세요,1,1,특급뉴스,2020-10-06,2020-10-06,https://news.google.com/rss/articles/CBMickFVX3lxTFBzT3dwZkVSN0tBd0dhUldJRG01UHdlbjJWZFo0RzM4M0tvMUVaM01uS3VkY2ppQUhMaDBrVUNQaEhxaVQ2UXV3TWxFRnhmWjNpR2N1X3pWRDk4ckc2M1RmbHUwTTJVeEwtdmZ4emItaURCZw?oc=5
월악산,기타,"월악산국립공원, 닷돈재풀옵션 캠핑존 이용중지 연장",1,1,세계뉴스통신,2020-09-27,2020-09-27,https://news.google.com/rss/articles/CBMidEFVX3lxTE1VWDdEN0VDNUdHVzRwZ0xkNzNYeE9mYUw3eXVtOFk0allTZnJOc0w4dG03c2F1TmRGQU5aZEVzWVVWWUNrSWxabFkwQ1p6WEN1cUdNTkdMeWh6NGlMVGVid0VKUVpucERRTDBVbldEejJDS2dF?oc=5
(전체·공통),행정,다도해국립공원 해제 요청에 공단측 추가 지정…진도주민 반발,1,1,연합뉴스,2020-09-22,2020-09-22,https://news.google.com/rss/articles/CBMiW0FVX3lxTE45eUZOTWprTWxZWGNqMDNXUm1iLV9CT3NTblpPdlV3ZVhrdjlpNkJROWtIQXhtX01CUzh5bGkwdEtrQjZ6V1A2TGx6aDRZVVJfbnZPcUwwc3BEZkHSAWBBVV95cUxNbjBRdmFObzlYdW1KalhRVU84ZmI2RkNCY2c2OWVMN2xQVkc2VlJSN01GOXRHRGdvYm9VU0M2TlJCUmZESXk4cXoyZl9mamU2QS1DMUwzZl9SYi10eTZCUWY?oc=5
속리산,기타,구름 속의 속리산국립공원,1,1,보은사람들,2020-09-17,2020-09-17,https://news.google.com/rss/articles/CBMibkFVX3lxTE42Ukg2bTY4RUVmX3BkMHJNNWhVWTc5OXN0TXhrWGdLeWR1NHk5YU1mQkRaWHBBcVdRaldLUVFwcWFtM0NIMXhNRUxNUkpKWEFjam1qenhJdTFaQTExNDc0R2N3Wm1sSU4tUjhpZ2tn?oc=5
(전체·공통),탐방시설,"장애인도 ""가상현실""로 국립공원 탐방 집에서 즐긴다",1,1,소셜포커스,2020-07-30,2020-07-30,https://news.google.com/rss/articles/CBMib0FVX3lxTE1MdDFwbHg0ZThXdnFaaUJFOXRuWENObXdKVGtwbHVKaTdRUHZQeU9QVk4ycFY3UUl5TUhhdHdiWThoZnczWWFWdjRmdkx0SkZTTDNWLVNOUTd1a21iTlkzcTNuQ3UxNlBjZmV0aDNZaw?oc=5
(전체·공통),기타,"국립공원의 아름다운 절경, 가상현실로 즐깁니다",1,1,K스피릿,2020-07-27,2020-07-27,https://news.google.com/rss/articles/CBMib0FVX3lxTE9kNFpxR0dON0RHRzBxOW9Rd1R5NjYzRHg0UlkwT3RKZWJBa0IzV0lnZV83OUxHTGxmQk5FTHNuYl8yWVlpZWRiVDN0RkdXMDkxcGJFcnRsZTBPUWh3ZzhUOFFGeWhfMk5hbWF2bEhhb9IBc0FVX3lxTE8wcXZfZ1pnbnJXQzZGMnFuLWVYWS04NnVyWHExWDVmWWtfejR4dk9QREIzNWkwbGhKZHRUS3VuWFd0Q3F4MHliYWlFMjI2dG9oU3VxVTN1bmk4QXkwYlNwSzBBOXFIc0xPcHlKZU1zdHU3OVE?oc=5
(전체·공통),기타,"국립공원, 집에서 VR로 즐겨요",1,1,환경일보,2020-07-27,2020-07-27,https://news.google.com/rss/articles/CBMiZ0FVX3lxTE9NNEVqdGs3OVB2WkpvWGJHbV9CWTh1ZjdfeDJEdGNPaklfVzc2bHByUFVFZDVHQUVLekp2UkxzMk9vWm14X1JlaXh0MHRlTlhKNE13MzVUQTZrOWY1SVNrTXVjM29fWGc?oc=5
월악산,기타,"월악산국립공원, 그린포인트 우수 참여자 초청 행사 성료",1,1,아시아투데이,2020-07-19,2020-07-19,https://news.google.com/rss/articles/CBMibkFVX3lxTE5kTjRPYVk5bFpZYTVaRVJ1UlBWX2Q1ajZUZGtBcGZzNnMxUnN6aENUWXZrTm1qY1ZOSnRLUGh5d05sMnF2OUpqRjBWVXVrNEphRE5qcnpPWE5xYzNkZW80UTE2OTlDQTZJdG8tRVdn?oc=5
한라산,기타,“전국 21개 국립공원 여권 발행..왜 한라산만 빠졌나(?)”,1,1,제주환경일보,2020-07-15,2020-07-15,https://news.google.com/rss/articles/CBMiaEFVX3lxTE5WdHpMNDBTNDUyYzlBQkJiYngyUEFSczd2X3VLX08zOHk0bmN6UU05aDhwMmtEbUNGY1FNdmxzTVVKNGYxeXFOX21XVzFuNEgwUlZMNTRDajRYcnhwM0l3bWVrT3FkbDdi?oc=5
북한산,탐방시설,북한산국립공원 비경 ‘우이령길’ 탐방 쉬워진다…7월 1일부터,1,1,중앙일보,2020-06-26,2020-06-26,https://news.google.com/rss/articles/CBMiVkFVX3lxTE8tTGprUHB0VWo2TGxkMnZXaG8zRmsyclZWTmg4MjV5NnlWMVhfaXJ6SGxYVmRNSUthc05ZU3lmeEg3S181WGhId01lcVVsbWhBbkpiYkhR?oc=5
(전체·공통),탐방시설,해설·구호활동서 경찰 역할까지… ‘국립공원 레인저’ 아시나요,1,1,국민일보,2020-05-30,2020-05-30,https://news.google.com/rss/articles/CBMiZ0FVX3lxTFAyTU1GOEVSS1A5MUxkX1AtVW1DelZTVExsQnVUXzMyclhwU0xvdVY3M1d2TnNvdUpzUTQwOE1YN3V2N2Z6UENwZTJpeEJSdEhxMW9wY0p1aHVWbE4xU0FBUVdDbTlNcVHSAWxBVV95cUxOcGR2bVB1Q1dabWlieVFoV3Y4YmtWYmNheWlBY1Awa3B1alZYNC1fdk1tTmQ1UTd2LVVFT3puRUNuMlZsN296UVZWbUJnRmxzemJnNTdyYkhEMTYxRktucjlTZ2hoN3VLemduajc?oc=5
소백산,기타,"영주 소백산 1자락길 선비들의 휴식처, 죽계구곡을 걷다",1,1,hidomin.com,2020-05-27,2020-05-27,https://news.google.com/rss/articles/CBMiakFVX3lxTE84OEdtZEQyUmVRU0Z1MUhDUDFjWFByWXc4QlZueWpTY29XdzFJNE9UODZhQmg0SHdfdlpIaTJOQTAyMHpXVERrTFhEWV9ocGk2SWNFY2cyVEt3cWVDQUdzaEVjREtrYVE1WkE?oc=5
경주,기타,[영상]경주 스쿨존 사고 논란…9세 자전거 일부러 쫓아가 ‘쾅’?,1,1,동아일보,2020-05-26,2020-05-26,https://news.google.com/rss/articles/CBMidkFVX3lxTE5KX0liUmR6T1B1TEZvRUt1YzRaWWp0THE3cmtIUDJLd05aX19JcGFNX2VVN25DUUZFNE94UElNTWtBYlpJeXNOS0hRVXh1UWswekdXZlRlbFRFYWFTcEdmQk05NEhZNUNfOEtyMkRrRkNJMGZPakHSAWZBVV95cUxNZWJLb3lrMTNseVFacWN6SkxVc0x1OFg2VENaMnk3X0JGeE5WeGt3QUt4MjM2LWxKd3NTSTB3WlpBYVpYS05NSkNmZXpDbW5OVkxYNDlVS1QzQnQ1NUtEYnhxdXJGenc?oc=5
지리산,구조활동,[헬기추락사고①] 지리산 추락 살펴 보니...92년식 세진항공 임차 헬기,1,1,시사뉴스,2020-05-21,2020-05-21,https://news.google.com/rss/articles/CBMiY0FVX3lxTE0wV05zYktYS1k3T0hoMVF0M2p5a19IWk5aMDllOVBMSlRPX3FTSWFCTjdZSmpWUGZwTTI4NWlKZ0prVVRfSllCXzg3SlJfakU2UWxVdVBjeGpyZFRtaDZyejh0aw?oc=5
내장산,기타,내장산 조선왕조실록보존터 용굴암 석굴 낙서 방치 ‘눈살’,1,1,전북일보 인터넷신문,2020-05-13,2020-05-13,https://news.google.com/rss/articles/CBMiVEFVX3lxTE9ZekcwQ1owQ2dLWGxxcmhZZ1cycXNWRkN1bnJic3dLTW43anA4aVZmTlVTaXczb2V2aTlKc0RjcGhkckFLenlRU05OMWVaQjB1eVhuaNIBWEFVX3lxTFBjTXJEb0NRUmJ3OWJPSXY5TzdOUm41RWZqcUNwQmszRGFzVE5TcWFMQVRLM0F3VUM0aHVEZzZPbUczS2NGZnk2RUZ5Y3hoc1o1d3doZWNvR3A?oc=5
지리산,구조활동,"지리산에 불시착사고 경남소방헬기, 7일 인양",1,1,부산일보,2020-05-07,2020-05-07,https://news.google.com/rss/articles/CBMidEFVX3lxTE1XdWJSX24xNkpuZjlSc3dhX3hPRGh5LXByS0tWNHE3SldJdnVGUGU5QnBmcFFFdXJwUmtPSXU2NUFVS0VJX2ZXbkRBNzY5WGxaNnJtVXc2NWJiTlZKRUhFb3g0WHdZUVYwcXljNDRqRjZKSm15?oc=5
한라산,기타,"""제발 한라산에서 담배 좀 피우지 마세요""",1,1,뉴스제주,2020-04-15,2020-04-15,https://news.google.com/rss/articles/CBMia0FVX3lxTFB0VnhGZUZOOXlJSm40WkxEQmdDVkF5QTZaQTdMZy0yYmRQQzBiX1hTZjB4WGNxZDBhM3pWRElRMlA4Z1diWGpITHFIamQxbE9vM2JST2ctc0RaZENTa29xcjlaWDdVdGNWX29V?oc=5
(전체·공통),탐방시설,휠체어·유모차 이용자도 다닐 수 있는 국립공원 탐방시설 구축,1,1,뉴시스,2020-04-12,2020-04-12,https://news.google.com/rss/articles/CBMiYEFVX3lxTFB6VUYyZjBtSU44bVh1RjhSY2p6cHRramRYVHJNbUdoSEhiQVI1VDZPa0k3aGNza0Rtd2tjX1NlWUxOendjVVVpTGoxdlhsb0xkeU1nTnhqNnJhVlNmOTBXdtIBeEFVX3lxTFBFRk4xbkJTb0dVTmJfNkJQV0FYQWxqNlYwSmtJOXN6VVZjdkpPUGZYWWFhdXUxSno2aEp3NjlDck9OWU85aXFDTkF3SGVFOUM4Q0NfY2RmLTdNaG9seDV1NTBNMHhhemJCVnc0d3o4MDVzVnduZlhqWA?oc=5
(전체·공통),구조활동,청주 도심에 나타난 ‘여우’ 구조…국립공원공단 인계,1,1,굿모닝충청,2020-03-30,2020-03-30,https://news.google.com/rss/articles/CBMickFVX3lxTE0xMkVUcXlfaVFmZGdfS0w5X1ZXM2NDV09kcmg5V1BiazdrVXdyXzd5WVhLXzJJS3ZlV2Vfckx4YjVMOENySnhsTFNteTlUX0dmaWMwdkEtbWhFZm84M00xVkZjOTBqZmZCRUw1YVBGa2sydw?oc=5
북한산,구조활동,살피고 구하고 지킨다 ' 북한산 어벤저스' 국립공원공단 특수산악구조대 [내일을 밝히는 사람들],1,1,파이낸셜뉴스,2020-03-25,2020-03-25,https://news.google.com/rss/articles/CBMiWkFVX3lxTE5pQ0tQRkk5OU15UEVnaUdRc1NkQk9nM0o4UUQtLVYtR19QSUgwUFhrSGg4ekZDTUx0NkxYTWUzQVBBa2RTdGgwdGJ4OW5QbzBxcDRjU3NpWVdDdw?oc=5
한라산,자원보전,한라산 국립공원 지정 50년…국제보호지역으로 성장,1,1,한겨레,2020-03-24,2020-03-24,https://news.google.com/rss/articles/CBMiXkFVX3lxTFAyRURfbnppMnVweE8wcVFFZDVtdkJNNGdhaGRNZmtBV21HZWoteWxFckQxUVluNXhJekF5STRCZHktbEs3cVR1SE5tX1ZzUUJXWWVwUUtZNG5YOWxrWWc?oc=5
변산반도,기타,"제일농산, 변산반도국립공원에 마대 5000장 기부",1,1,부안독립신문,2020-03-10,2020-03-10,https://news.google.com/rss/articles/CBMiZkFVX3lxTFBHSW9zVnJwaHd6a2d4Wm0yQ1BNMF80dlh2UUFLbkZFTTVCdFhVeW1ubHN2dWx2TVUxZjI2OVpaZklaWHk2UnVFRm5udVBUY09Nczk2SW9MWjJiWmotV0R2TmNjNTcxQQ?oc=5
설악산,자원보전,설악산공원관리소장 이진범·생태탐방원장 이규성 소장,1,1,강원도민일보,2020-02-01,2020-02-01,https://news.google.com/rss/articles/CBMiZ0FVX3lxTFB3ZnFlVmNyR2lTdDlOV3hLOEZHX3oyRHBwZC1JUmU5QlplM0xFV3BITEpqYWFwU0tyZFlXczBqQTYtbFFVcWJKTkxtVVRKcG02dHloUndtam9WSFJwQVdmSURCcHYzcTQ?oc=5
(전체·공통),자원보전,해양생태계 보전 위해 해상ㆍ해안국립공원 특별보호구역 확대,1,1,K스피릿,2020-01-15,2020-01-15,https://news.google.com/rss/articles/CBMib0FVX3lxTE5yNzluYzZoRW5QN3dUQXJJWWJ4MTdsUDlTUWQ0cC1wS2lEeXRnV0NJLUJxUkxqcGlOY3ZFbkR0MHJpakhKZUdoaXBtUlRUc0N1Qk1JNGJjSnB2MUY3TTlwXzJDR2pwMnkxZ1QwTmh6Y9IBc0FVX3lxTE9wbl9BOUVXemJtdWVjZENzcDZEQjM1NGFrMkE5bjd1YzJaQWpNZ2pnLXNpUWhpdFFodHpFVUNndjQ2SEExWjlhd0JZYl9SYnA5UDBYWDg0S1RmQnBseS1lQ29mU2FxMTExX0lWcjBTemVPelU?oc=5
무등산,기타,"무등산 국립공원 ""3D 지도로 스마트한 공원 관리""",1,1,연합뉴스,2019-12-16,2019-12-16,https://news.google.com/rss/articles/CBMiW0FVX3lxTFBSdjViWElEZUZmQy14RGxUZ2FxRkNiSjMxYXdmZmhOX2lVTWh3bnFUUlhxbGZtNDNXdGJvR0J2S09zaGs5TDM1RnVXeTRDaE5KTHc2dExiLVdoUWPSAWBBVV95cUxOdmw2QUpoVjR6eDZMS05PZDJoTTREQWRWMVNETUdMbEo3XzNLTHlfblo4QmZNLUF1MzliRmsyVHpIX1lBUXpjS3A0SVlWMnFBLUlpTzJ0ZU5JT2hSd21HMVA?oc=5
태백산,기타,"태백산국립공원사무소 - ""육군 제8087부대 2대대"" 위문",1,1,yonleejee.com,2019-12-15,2019-12-15,https://news.google.com/rss/articles/CBMiZ0FVX3lxTFBDY1FmaUlHU1YzR2FSRmgzVDQ3aFFQOGRsX3ZzeXpCSlZHYlBuZGw0RmtTaUtTWWkybXZjNk1mUXNsdlZXSThNRjhQUUlJQzh5WnNrWTlSQ18yV2ZnSjhqRzQ0b2s4eFE?oc=5
무등산,자원보전,[무등산 생태문화동산 개장 4년] 튤립 뽑아내고 자생식물 심는다더니 ´폐허로´,1,1,무등일보,2019-12-09,2019-12-09,https://news.google.com/rss/articles/CBMiVkFVX3lxTE1qQmtoTkpwRVA4a1lMUzFERm5qdldWSDFQSjFURDBWdDNSMWNmRlZsdkxjMFZJZTBWa1pDcUt2TmNqTC03clJlTVk4aHpOejBXbVhzMkJ3?oc=5
설악산,탐방시설,설악산 토왕성폭포에 물이 매일? 증강현실(AR) 국립공원 체험 확대,1,1,바끄로뉴스,2019-12-03,2019-12-03,https://news.google.com/rss/articles/CBMiZ0FVX3lxTE1BTWZlWElMU3hXQkNLTWxvc1BHa2llMkhVT3Z1eG9Zd09aSU9NdE93dFdrcmw1Wkt6SDE0MHFPRWM2WGhpT2NrLXVuU2l2Qk5JZDhYbWVjT3h0SXAtblkxYzFBQ2kwWVE?oc=5
한라산,자원보전,한라산 생태계 변화 뚜렷…소나무숲 10년 새 51ha 증가,1,1,파이낸셜뉴스,2019-11-24,2019-11-24,https://news.google.com/rss/articles/CBMiWkFVX3lxTFBITnRQYUx1amhmYUcyOXZEdjFPd1NsbkdqemVVMllwNTlJQUFKOVZMTS1NMVU5OUdSTFNTS01Tc3VPbXY3dzBXS2lJcVZhZ2FudHl4S0wxc0pjQQ?oc=5
설악산,탐방시설,설악산국립공원 불법주차장 30년째 방치,1,1,환경일보,2019-11-21,2019-11-21,https://news.google.com/rss/articles/CBMiaEFVX3lxTE5rZ0RVV1FhemkwaC1jNlpWb2loMXF1UnB1RDZ5YUpyVmxYSnY3SXRjQnFXMVNtUWxpV21iWWEwWkk4RllCZFloX195a01SS1I0SVdSaVZUdldMM0c5bnFSZmR5S2g4TnJo?oc=5
치악산,기타,[르포] 치악산 국립공원에는 구렁이가 자란다,1,1,e2news.com,2019-11-13,2019-11-13,https://news.google.com/rss/articles/CBMiZ0FVX3lxTE5IMU1ITUZ6ei1qd2hsN2pxLWVxSnNrdkJxeThfM0JmZ2hCdFgzN295ODBaalBPb2lQZlVXM3AyRmJrUmRMVUdWR29reU5IYWlGTjlPRjhRZ0JfQjZfUW9sSGhTNmNCV03SAWtBVV95cUxQMTQzbHJZUTNCQ2dKOTlXRnpDTDhKVXdoSk81UDU3blFRQWtOcnVydnNXZ1lKLWkzcElld2F0ZHBPZmlVNElKbUJ0NzBDS2pxcF9HMnY1VUNoTTh4cGhWLWsyaks2MVNDQVR1SQ?oc=5
(전체·공통),탐방시설,[가보니] 교통약자 배려한 국립공원 무장애 탐방로,1,1,대한민국 정책브리핑,2019-11-11,2019-11-11,https://news.google.com/rss/articles/CBMibEFVX3lxTFB5cVNCSjlweHY5VzNEMkFacm5SbjFySnctYWY1a1NkYTJPZFBtWi1TZkFWLXh2NE9DMnJDWGoxakdzWml4V3g0VEVYVUVCcG5XVjJMWVB2emI5MzBLaGppaUFCMnpubE96WlUzMg?oc=5
(전체·공통),행정,국립공원 사진공모전 수상작 공개...대상 ‘소백 연화봉 별밤’,1,1,greenpostkorea.co.kr,2019-10-27,2019-10-27,https://news.google.com/rss/articles/CBMidkFVX3lxTE9oQXNCRmF2VUJtQld3TEhCTG9pVEEwVWFuN3R4eWEtRnNPSmZfM0dXeDYyTDFoVHBldUNlSEJvbndVOTB4bk5relZXaG5BNS14eENmdS0yNUlmTGxmTG9uWTgyVFY0d0VpM2tBYjVULTk5dG9xR1E?oc=5
(전체·공통),행정,“국립공원위원회는 개발사업 들러리”,1,1,한겨레,2019-10-20,2019-10-20,https://news.google.com/rss/articles/CBMia0FVX3lxTE56S212d2JTVndMbXdobVNnMTJBY3h3aDNnaFFJNENLV2RFakE3N3kxUjhTYkRPMjlrU3k1UGNpanZ0dm9kUnFTdGhudlJYYmZSRVFXVEV5RFdlNU5lNGxlR3V5d0pyV2dKb2hv?oc=5
지리산,자원보전,지리산에서부터 덕유산까지 반달가슴곰 통행길 열리네,1,1,한겨레,2019-10-19,2019-10-19,https://news.google.com/rss/articles/CBMia0FVX3lxTE9kT2pMWVZZbjlxM0NsYTFRS0NQQ3l4WVExQWtQMWNzVXRLRFZtdHlfUXVmYjN2WnpZeGNaRjNnMkRqeXpkelVCT1o3YlZGanZBWG85azhuOWlndUY1bDhqdGtOQzc4d1ZiVG9N?oc=5
(전체·공통),기타,"""버섯 따고·비경 보려고""…얌체 등산객으로 국립공원 '몸살'",1,1,연합뉴스,2019-10-19,2019-10-19,https://news.google.com/rss/articles/CBMiW0FVX3lxTFBnSXB0SlNFZ2RjU2E0SmpfYlZ4QXJSVWZ3M2ZmR2YzQlhLUldydjE3ZHdNVEtqNHlRMnd1MkRnM2Z3dHJiYzJCVnNteFV6dTAycDR2bDA3bjByZDTSAWBBVV95cUxNanpLR1VoWmNYVlYwSFpyNVZIaEVPcV9xUzZ4VzJHb09VVUpCS2xlbVdyUXBoRDc0WHpJUHhnQXBZeno2b2ZRczYybEsyS2wyTEVRUzZaVU05andyS3IzWmw?oc=5
(전체·공통),기타,"[충남소식] 태안국립공원사무소, 섬 여행 희망 태안군민 모집",1,1,연합뉴스,2019-10-17,2019-10-17,https://news.google.com/rss/articles/CBMiW0FVX3lxTE9JVzExNHVFQXZoR3ZjcnF1cTJQd2RiWUdRalVpczk1N1Z6ZjY0cFIxU0RQQmVaWEZuTkxseHh5eXNQY0cxYTh0OFFFTUgyMHEtaU5kNXhyUjh0ZTQ?oc=5
변산반도,기타,2019년 변산반도국립공원 시민대학 1기 졸업,1,1,산림신문,2019-09-23,2019-09-23,https://news.google.com/rss/articles/CBMiVkFVX3lxTE9yMzloelh0QmhyQmNmZmtCeVBfaGpYTW9MeWJfa29ybHo1UGtRUVUwYmFsVkdVejhtZGtQbkRhTmN5SlMySWxRRkZxYXVnWVA4ak1RdXJR?oc=5
금정산,기타,[기획/특집]부울경 주민 `금정산 국립공원`서 힐링할 날 머지 않았다,1,1,경남매일,2019-09-16,2019-09-16,https://news.google.com/rss/articles/CBMiaEFVX3lxTE5ibWFQc2JOaGc2alcwQmdOV20wQkpuVm1WRjBDeXU3TUxvVWI4WXJFc1lDM0F3WmNKUUVmZGpwLWh2UE1kd3BVUFo3RHpORnNvVXZVSXZnTmhnMG82Xzg1NkxjNUZvQlB2?oc=5
(전체·공통),구조활동,[Hot Focus] ‘산악구조 전문가 양성’ 국립공원산악안전교육원 개원,1,1,월간산,2019-08-01,2019-08-01,https://news.google.com/rss/articles/CBMiZkFVX3lxTE8yQ1ZKaWp0WE9sUVJuYTVTQ3ZGVkFoNGNBT3ZMNUcwZkdQTE5vSW52TklKNjRhMjBJUmJqbmVsSnZMSXNvMGllRTdzWVFDZmVpWjFrQTRjYmlBUmJnYU5BbnBlYzVHZ9IBakFVX3lxTE1yaWJXYS1qU0JjbjNwS29wNDY3S0lGd0NuS0czaFhicTdpSGZVellMb3VOUWRBTXRsU2Jqbm9aLVk4YzFad2VmU0dOZjVKeTk1aWpLbnVEVUY1bzBLTFVWdVVqcEVHWEtLU3c?oc=5
(전체·공통),기타,여름 휴가철 가볼만한 국립공원 명품마을 5선,1,1,대한민국 정책브리핑,2019-07-22,2019-07-22,https://news.google.com/rss/articles/CBMibEFVX3lxTE1CcTZHbEdyRWQ3VElHNUViVnZoTHFUUU0tNTBuTjd2XzY0WDVBaVNqREZJbVdSbU92NkxWalRrMU80NUdCSEdLQzktYWRaNW9maHBpa3BKN3ZfbnZ5U0daNkxHdkRIbGlWX0NaRg?oc=5
속리산,기타,"속리산 도시락 배달, 코다리강정 등 추가한 여름 신메뉴 선보여",1,1,바끄로뉴스,2019-07-11,2019-07-11,https://news.google.com/rss/articles/CBMiZ0FVX3lxTFBFV0hhNUNUODctcy1QbnRyT01pUjZ2WVY0V1FsUkRCU19PV29BUVVfWnlFdW01a0poWjVmUF9DV2l2cGNGaDJxd0VGc0tmTlNiUXV4Y29VMi1rZEJWanFnSTEzaWJrVGc?oc=5
변산반도,탐방시설,"변산반도국립공원, 고사포자동차야영장 7월16일 새로 개장",1,1,경향신문,2019-06-16,2019-06-16,https://news.google.com/rss/articles/CBMiWkFVX3lxTE5VejVUdzB1ZjRxN2I3aXhZcmlwMy1RTy1taEJYOEkzNjlwZ01ldzJ6SXVBWUQzSVVQQl94MVN1amtEeTRrNjJ2NjdJR0xhRG9DWFl2SlVuV0V2UdIBX0FVX3lxTE5nQnlsdnJsbmw4SUp5TGt6SXFpQ1MxaVhEZXd1Q0lpUFFDMkJiQnU2TzdKOHBfaWZ0ZWI2VTFReDNwY3VvU0l6WExYSUF5cHZrYW4wSUYtUGE1UlNIcVBB?oc=5
북한산,기타,북한산의 기운을 온몸으로 받아 봐요,1,1,휴먼에이드포스트,2019-06-14,2019-06-14,https://news.google.com/rss/articles/CBMibkFVX3lxTE45SkM3RFJULUl4U3BNOVhhcGFXNjhJbjBscUJWdWFOcHBNNkRSRDIzclhPdmZoQWhfQklDYTVHaDBpVXZEN2Mza05yalNmTnNocGJ4WG1wd1ZYYnRGc25TUTk0OC1mNFVhZlBLTFR3?oc=5
금정산,행정,"[현장 In] 금정산 국립공원 지정 추진…동네 주민들은 ""반대""",1,1,연합뉴스,2019-06-14,2019-06-14,https://news.google.com/rss/articles/CBMiW0FVX3lxTE15bUMwSzJKMFEtMy1jQ0ZYdmV2bkZyS3pPQXFiXzZsM1pMOWxUYTVVdW5SZmk5bDNocGhwbmwyYU1MbVZySkhqdGYwVFV4OXdINjQ2NmZnUTN6RW_SAWBBVV95cUxOOFpiTzRGTFVYR2xFY05UcnlGM0pQTTZmNU44TEh6MG1ZX2d2TU1CS0w3SmlERjFjOVV0dEkxSlMxN0wyNjB6UnFTN1pEd3MtTk9XUVhBZ0tidTN3T0hEY3M?oc=5
(전체·공통),기타,"서라벌자원봉사단, 국립공원 국토대청결운동 실시",1,1,서라벌신문,2019-05-30,2019-05-30,https://news.google.com/rss/articles/CBMiUEFVX3lxTE5RWFRMbGZLd0xCaDE5YUt6dE1Hemp3OThkal9sZHhUS3BFMHMtT0lkVVVnemcyR2w0Wk5IOElOV01BMy1zYjI5cER1cF9Ja3dY?oc=5
북한산,구조활동,"[공기업 상생경영] 국립공원공단, `북한산 특수산악구조대` 출범…시민 안전 책임",1,1,매일경제,2019-05-27,2019-05-27,https://news.google.com/rss/articles/CBMiXkFVX3lxTE5PR29JT1lUUHVzSzkzQ0V4ZzdDeW1fYzd3cTNLY09ELUVRcnBKb1o0Qk8wQWZ0blpHdGQwOHQ1R1pZQkQxT2FIT2RHZ2RSX3JhVkdJZ0lURDhhMXh3R0E?oc=5
북한산,구조활동,경찰산악구조대 빠진 북한산에 ‘국립공원 특수산악구조대’ 뜬다,1,1,KBS 뉴스,2019-05-12,2019-05-12,https://news.google.com/rss/articles/CBMiW0FVX3lxTFB2OXB5MVFtY2o5NC1vbUNhVTZEdXNqRG5wQU42OHJjSU1MUG5sV1ZtTFo1UmRNM053OHRjM3ZPMURyUWlFU3RuX25QMkY1WFlDN3M0MVdwYXJuMGs?oc=5
(전체·공통),행정,"브라질 ""20개 국립공원 연내 민영화""…개발우선정책 속도",1,1,연합뉴스,2019-05-12,2019-05-12,https://news.google.com/rss/articles/CBMiW0FVX3lxTE9wTXdnQ21hbXJ4MkFvMUU3YTNZWFhkak9kVGRnVXQ0YjB5aUh5NkR6TmdVeTJ1R1ltdUdkSTJraF9NTy1OSm1kZlJnSElqNDNUUnBRZGZvZFpnV0HSAWBBVV95cUxOU2ZSWTZ1MnVoOXJiTUo3cGl2aDZ5cWVqbjZ4YUg2UTdYaEhNTkNpUG40TVBmSEtWTHgwY05jbjI5b3J2aV9sU1BqVkE3a0hwNkFPVmVCZ2pzNzZFWkZXLUg?oc=5
(전체·공통),자원보전,세계적 보호종 '조도만두나무'…다도해국립공원에 특별함 더해,1,1,진일보,2019-04-04,2019-04-04,https://news.google.com/rss/articles/CBMib0FVX3lxTE5BT0NvV0NlZWtUcWdqMHdTUHY4dTN0bklkQWRscHB1c0JzRzU3Y2lHZDd2S2JWZHFIMTE4a015SGxDRU9qX2lBakFHZnZhNGQ3eFk0dVRTTm1lZ3h5QXY2S2lqSmRWcXVpUWxHclBNNA?oc=5
(전체·공통),기타,[투데이현장] 특산물 담아 입구로 배달까지…'국립공원 도시락',1,1,imnews.imbc.com,2019-03-28,2019-03-28,https://news.google.com/rss/articles/CBMiekFVX3lxTE1DLUs2dERCbmtwSm04dXdOUUNCYW9paUh5UENHbEEzd0VXWUdiZWp2cFQwR2Zld1Q5NkFsQmVDbVRSQld6cDF5aW5pUi1vZ25IQi1FcGNvamt2TzE4RHVscThqMl9NSFQ3QzVncG1WQ0ItVDhpRUxZTmdR0gF6QVVfeXFMTUp4ai1EbktMS0lxd3RmekctdDc4MnlyY1B5amdpMWtvZmh2YXJjY2V2WWkzak1zZ2JDNEFGa0ZIN25ZNFBHeEVxNnN1eWNYOUFUWGFIQVA5N0RxQTV1VHQtN1ZENjkzVXNxZ1VSb0d1OWowemlfenBDblE?oc=5
태백산,행정,"태백산국립공원-육군8087부대 2대대, 관‧군 통합방위 재난안전태세 확립 업무협약",1,1,뉴스1,2019-03-25,2019-03-25,https://news.google.com/rss/articles/CBMiVEFVX3lxTE80RFF4cGdCNFQxa3hIZkdVSks5bC0zWHdCYXJzUFI0bUZGS3BreVZnYlE1SU5XOFdhekNrd1pMRnI5QTV3aGNEZnFXdEJrbndKdXlxM9IBWkFVX3lxTE1scmpiVkxMaTRwbDBhNHJBTHIwSi12SHgtUDh0bU9DUjBiTGVWdzBwUGxLSWtxMlNEcXRTNE53VUpJazBUYWNXWGxhM0dkTU9OaHZ0WS1XZ0pidw?oc=5
변산반도,기타,봄에는 변산반도로 떠나요,1,1,한국뉴스투데이,2019-03-23,2019-03-23,https://news.google.com/rss/articles/CBMidEFVX3lxTE5yRFZrdWhsZXZUcDBTNERsYXJDaDJTZHAwbVdwTUk3bDhoTU85NWpObE5NeEtCTUE1eFIwV1MyNGhYQUs1MFYtSlZ3eDhVMG1fNzBIQ2RnSXFRS1R4SFdTTy0wRDYxSEw1bDJJNDNzVnBLUHZM?oc=5
다도해해상,기타,재산권·생활권 침해…다도해해상국립공원 과도한 규제 완화 촉구,1,1,뉴스탑전남,2019-03-20,2019-03-20,https://news.google.com/rss/articles/CBMiZkFVX3lxTE9mWVZrVl84aW0yME1CZWc5NXBJajlVdFloc29Tc0RqVE9xcG9keUZQNjNTdkF4aTljdVpSSWFxSDNNSzhySjJnc1c0RGQ5Ry1oUXdiWGZuOXpmcWFWcnl5VHlLdlR3UQ?oc=5
속리산,기타,속리산 문장대에서 3.1운동 100주년 기념 '대한독립만세' 삼창!,1,1,바끄로뉴스,2019-02-27,2019-02-27,https://news.google.com/rss/articles/CBMiZ0FVX3lxTE5VYnRvS1JQUGRWdFVQeDhVNWJ5LXBvY3UzdEdrS3lielJSQUd3emJkNWRBYlVKcWl0Z1J0WHVHbm1ZdDU4c2xiOVpISDNCbEs2WlF1Q0dlYmI5djVucmVOQ3R3SjhnUjQ?oc=5
무등산,기타,무등산 봄꽃 2월말 핀다 “평년보다 10일 빨라”,1,1,드림투데이,2019-02-22,2019-02-22,https://news.google.com/rss/articles/CBMiXEFVX3lxTE85Sm81ZTBLaUVTRTBVWkxHMTlaaWJKVWdEcmtjSmdJYkozOG0yZjJ5YzBYRW5DbVpLb3hMcDEyZmJmUnh6a3dWMUhBaURvTC1MNHFndDEtcTVNdXhC?oc=5
가야산,기타,"[감동산행기] 뜻밖에 선물, 가야산만물상 눈 산행",1,1,월간산,2019-02-08,2019-02-08,https://news.google.com/rss/articles/CBMiZkFVX3lxTE9Wa2ViWU5aYlAxbjNTLURjWUR3NXgxWG5UMGdNZ1NMS2RFUnQ0cUtQcHZjMXNvZ2FKYXV1T1JlXzdpa0c1WEhNSE0wakdueF9WSGYtVmJ2Mm1LOFZja0sta2RMa3NlUdIBakFVX3lxTFBEWVlYeUFYeTJuN0NBQzBCbFZPMVJRWnMxVjc1U1FBek44TU15NGN2M2Z4b28tamE4RHRwX05Ob2M2MjBxd0pOSWlBQVd0Tjh5cENfOE1VSGlEeGltVUI1SkRUa1UycjNUNlE?oc=5
소백산,기타,소백산 비로봉 아래 첫 동네 ‘달밭골(月田)’(2),1,1,영주시민신문,2019-01-16,2019-01-16,https://news.google.com/rss/articles/CBMiakFVX3lxTE9BLXN6cDdzajcyYW9wNzVmUEVEUzZYUEVsWW5aRDlra3pOVFlKaWtWd3J3bUJsZ3ZkckR1b3l6U2p2c1k2QnZkT3ZHRnczalNENV9XbHdwLV9yQ19HenpBTm9HXzY3N0xMaEE?oc=5
(전체·공통),행정,제주국립공원 확대지정 주민공청회 개최,1,1,한국조경신문,2019-01-15,2019-01-15,https://news.google.com/rss/articles/CBMiZ0FVX3lxTFBrRXJYeVNMMHZpZDhmc2hYcXdZOEVub1NKRmttRDVIZGl1RHFUM3VFYXRtbkNHQnh3MHAza09LS010b2ZDWjBSeEMzWHhMcGs1MzhDRDdVQXdlOTQtVF9kWW9vSzJvRU3SAWtBVV95cUxQY2JXNmRBaktqUkFHMnIzNE9QNmRicGFDYXpXMUk1Mkxmd0lMV2JPSGw0aWpiMXhqd1ZYWVN3b1NFSThYbUpuNFROQzVhMV83bFIxbWNORVBWU1BSZkRXc3pPOC12MzZxRXhKVQ?oc=5
북한산,구조활동,의경 폐지 여파…36년 북한산 도봉산 지킨 산악구조대 사라진다,1,1,헤럴드경제,2019-01-08,2019-01-08,https://news.google.com/rss/articles/CBMiVEFVX3lxTE0xSURHUkp1ZlBIZktCalptclozXzdSMzNZYUVVd0xvc1pUTjNzWnlKQ25Db2hqWGxLUTYxTXA5VmFHSmxRSk50Wkp1bU9Ydk4yaXI2Rg?oc=5
(전체·공통),자원보전,"“국립공원 깃대종, 애니메이션으로 만나보세요”",1,1,에코타임스,2018-11-23,2018-11-23,https://news.google.com/rss/articles/CBMia0FVX3lxTE81a2V0SXJQUERLX01rSUFlSUNhSldkVmZIVEhvdC1STTU0Y054cHg2Uzd3bExrdG5TdkhlRFR6R1QxcWdTYmxUcUpsbnFackJiMTdqXzROZW5EV3l0TWtpclFTYlZYMkZsaW9z0gFvQVVfeXFMT0dJVy1hOVNhcEEya1JLUEQzdWxDREVneF9WNFh2M21iTzR4VUR2bWhSQVdfVGtXcUwzOHVKRDFCV3hvZy1YSjFMd1RCOE1EdklVN293ZmVmdGJ0NEtlejhyLXZrRmVVUDd0OVpGbDMw?oc=5
(전체·공통),기타,"국립공원 덮은 일본잎갈나무, 둘 수도 없고 벨 수도 없고 …",1,1,중앙일보,2018-11-20,2018-11-20,https://news.google.com/rss/articles/CBMiVkFVX3lxTE1VOVhWN3h1ZV9ZOTJqSzJabVlDQ0VBNHFVM20xUzdnTXExdDhkZzBwVVZZMzVKZE1ESHB5eE45M0xVam4tUS1oX0ZTX3FpNVdXVVpHSFhn?oc=5
(전체·공통),기타,국립공원 위급환자 드론으로 구한다···'심장충격기 전달하고 안내 방송',1,1,바끄로뉴스,2018-11-19,2018-11-19,https://news.google.com/rss/articles/CBMiZ0FVX3lxTFBYYjEtWHdqeTNBYWplbFdOZlh6a2lxNWFwblhmck1ESHVERTUtNGdLN2xCemZ3ekh5NzRjSi1MTlFoenQxdXNVRFZFeHo2bDQtV0xOcEtOVGpvRm5ka1BmZ0pKNTFMYjg?oc=5
(전체·공통),구조활동,[4차산업혁명] 국립공원서 응급환자?… 심장충격기 달고 드론 출동!,1,1,일간투데이,2018-11-19,2018-11-19,https://news.google.com/rss/articles/CBMia0FVX3lxTFBDOGpKQlVCMFMzbnE4MmV4WHFBdVVRdFNWY3ZhYnA3eEFTQnlEbDZ3MGp4VTRmMVJuY041b0FVTHRQRWhnX1pzWU5rdGdSQ2ttY3RHbjBNWnZnTHJnNFBKY2c2eEdqQW55WXZ3?oc=5
(전체·공통),구조활동,국립공원서 갑자기 심정지 오면? '구급용 드론' 뜬다,1,1,경향신문,2018-11-18,2018-11-18,https://news.google.com/rss/articles/CBMiWkFVX3lxTE9rS0lzaE9qRXg2MXdoVng1UGRjWWJfQlRhdXpXb3hpMzZ4UUFJTzg2dmZvMzkxZ084cHVLaEFrZ0tHeGlhQXF2RVhYb2dtVFRGY3cyZU92RDRjQQ?oc=5
소백산,기타,소백산국립공원내 송전탑 철거 작업 돌입,1,1,매일신문,2018-11-16,2018-11-16,https://news.google.com/rss/articles/CBMiYkFVX3lxTE1FSWVwQW0tN0dSLTBOOXlVY0IyYnpKbUlGaU1yQVkwRldnOEhPWE8wQVpfbzdPVXMyaFJYa3hvRlh4VjBHbTJJOUlyRFJXYVpmOEJOUl9KUlg3SXJ1MEtjZDRn?oc=5
(전체·공통),구조활동,응급 심장환자에 '충격기' 전달…국립공원 '구급 드론' 뜬다,1,1,연합뉴스,2018-11-16,2018-11-16,https://news.google.com/rss/articles/CBMiW0FVX3lxTFBVMFYtcHhVc0hGajJaVzZFMVBWSXJYNWhaVDFqY0FxX2VzQktteXNxRTkxNEQ4bGtsTnZOTnZ6VUk1dUZQMnBqT2ZMNExGdFJzemVrbFN4dEtQTzDSAWBBVV95cUxPOFdjdk9UdVhhRVV6R0lQSDhfX2p4RFJSRzk1OHQ3Y0swU1BXWkUxY0NvLXhNNXFxQlhOam5wNmxDS3FMUDNuMmtLY0dKQl91X0k0VGJUZExPUHd3clMxMUU?oc=5
소백산,자원보전,"철도공단 강원본부, 소백산 송전철탑 철거해 생태환경 복원 나서",1,1,중앙매일,2018-11-15,2018-11-15,https://news.google.com/rss/articles/CBMiZkFVX3lxTE1teHN2V1UyWWJZejlUWm9WSEt5UUxxYkRuMk54RzY0X1FFTC1nYTV2b015VEU3c0JDNXd3R01zWVB5NXMwUURsRDhfVHR5VXBxVFNMdE8yMW5FdThrczFMMzVSMGJoQQ?oc=5
치악산,행정,[횡성뉴스] 횡성군 ⇔ 국립공원관리공단 치악산국립공원사무소,1,1,hsgnews.net,2018-11-12,2018-11-12,https://news.google.com/rss/articles/CBMifkFVX3lxTFBTb3hPVGFSMlhJd3lOQ1V1SURoa2xiOG9pNDRVUWp5Y1oteGU5NU5Xa2RfOXAyaU9hTFZxTUp0V2ZLOEZOLWN1V2NuSVBwaUVqcGk4S1V0SURUSEJOVENkRVh1blR2OXhRbGdOcGFUNEdtVXVwVEJRSmJ6NC01dw?oc=5
경주,기타,'지붕 없는 박물관' 경주국립공원 스마트폰 앱으로 본다,1,1,중앙일보,2018-11-03,2018-11-03,https://news.google.com/rss/articles/CBMiVkFVX3lxTE92V1FnUXBlRWRac3FWNUxkeThVNzhuTTdRWTNsQmtXM1lsZXVhWGhScGt5V2pidkE1Y1I0LVl4VEt1Qm14aFpBa09oRHU0SlB0WFZ6YU9B?oc=5
북한산,기타,"[만화 속 배경 여행] 웹툰 '피크'의 무대, 북한산에 가다",1,1,ktsketch.co.kr,2018-10-31,2018-10-31,https://news.google.com/rss/articles/CBMia0FVX3lxTFBvMy1IM1BPaFNXV2kwVlA5SUYyS08tRzFfWGVXSzBCZEVGTkZzSnJXTG8tQkYweWVjT3Z6d3c2Z2JNZVk2bFA3czYySFh5TUtZWVpnVVBwZXVDTGVXV0lZQmc1bkZpZFVtR240?oc=5
한려해상,자원보전,한려수도 바다를 품은 ‘한려해상생태탐방원’ 개원,1,1,대한민국 정책브리핑,2018-10-30,2018-10-30,https://news.google.com/rss/articles/CBMid0FVX3lxTE80NmRmWTFOZTJFeE1LYURyZ2dzY1NiNTZYVGJnN0dVUzdSMnJJTnkxQ1Bld2NqQ2F5YlBtYmtqWXlHeG9FS1RPWW5hR0JJYWU2OGtWOXBWZ1BTN1Q2aWh4Q19NaV9meHZTVHRNN28tOHc4MXJNem1B?oc=5
경주,기타,2018년 경주국립공원 주니어레인저 34명 수료,1,1,kyongbuk.co.kr,2018-10-28,2018-10-28,https://news.google.com/rss/articles/CBMib0FVX3lxTE1DRVdwbTYxUXJja25faDIyOWdtbVpoRWJrWnhDVGtnTUlMSUY1YkdMc2h6dWVpZ0NZSFZvRXpNOUozLXJQTkJWZC1VUk5Ed3VnMTVlbXBOWkM4Y0xESXdMYjhMUFRQMFBIVXV2QXpZYw?oc=5
덕유산,기타,"""단풍길을 걸어요""…덕유산 구천동계곡 오색단풍 절정",1,1,연합뉴스,2018-10-24,2018-10-24,https://news.google.com/rss/articles/CBMiW0FVX3lxTFA5UmZacUtiMTctY3VwUi11Nzk3WG1XM3lRTEUzdENNaGVvcDZPOHBkcW93YkkxZmdVYVpxVEpVNEpsampUZ2tzTlduY3E3SzlwSWxZV1YybVVjZ0HSAWBBVV95cUxNbFNmYml3SkJzQkxtR0doQ0Nxc0FfZkw3ZG13MmRrU1N4amotNWZuUk1JcUZOSjdYQUNBTkN3TERXZklDRHVLVWtmWUstTHQ1aUpDRTVRSEtnT01kalZPZnA?oc=5
내장산,기타,[기록에 전하는 단풍 명산 | 3선 가이드 ②내장산] 조선 史庫 비사 간직한 內藏山,1,1,월간산,2018-10-05,2018-10-05,https://news.google.com/rss/articles/CBMiZkFVX3lxTE1yd291RHVsd1RiS2pDbjdncjRJcEV1NW5tSkNWUXBscEVCLW1uanRkS0dkcVZqeTZDcXhlaXZwYlhNRmR6cndGUFdMS1ZDWDlLTnZ3Q2dQSGZRWElMNERFVXdDUkszQQ?oc=5
속리산,기타,괴산 갈론계곡 피톤치드 '충만'…속리산 국립공원서 가장 높아,1,1,연합뉴스,2018-07-26,2018-07-26,https://news.google.com/rss/articles/CBMiW0FVX3lxTFBVdHlkRnlhc2NQNmJfc2tvR0k2aFNQX3hPRklZZXpFaXd5Zm96eHJzalUzQVNGTnlfNFRWLTNka1hEQ0pDQl9DRFFYTUFrYlVPNmFlWklKMThrNVnSAWBBVV95cUxQT0xYMWo5WGg3SkVrNE56S1dlTUo4TVFoT0RHdTh6RjIzcW43eUhPWnJJTWZ1dDM2aFJNcEF2NTFOWDdHTENwb2pvRUdHOFBWMHU1UlBFX01LNlAxLU9NRm0?oc=5
지리산,자원보전,[배문규의 에코와치]지리산만 벗어나면 사고나는 반달가슴곰…복원사업에도 ‘경고등’,1,1,경향신문,2018-06-15,2018-06-15,https://news.google.com/rss/articles/CBMiWkFVX3lxTE9Kb1NycTJCenZ5TVBWR2xXYlo3cVdVMDBwb1hpR3YyVklwOUdzV2U5ZFY3dndqc3cwMnJLbnJBSjNveGdWZXQ5b2o2anlrOWlqVGNYdWoxa3RyQdIBX0FVX3lxTE05ajRQZEx5Nk1vT3RyV2dPWEM0ZHBLY1QzczN2dHZEUkVWZUpYOFpkY1dpRWVqZU5XenhVMUV6Yk1LclA4ZEFVMUtfYXk3S2ZwZHBwZVVOcU5KLTc3bEsw?oc=5
변산반도,탐방시설,서해안권 국가지질공원 변산반도 채석강·적벽강 지질탐방 인기,1,1,전북도민일보,2018-05-25,2018-05-25,https://news.google.com/rss/articles/CBMia0FVX3lxTFBXeWRCWDJVWkg2SDJSc1FMQk9DY0NoZGstNVpVc0t6aTZZaXlQQnVoUnhMRl93bnZvaHNTQ19GaUF0aEdTOEJKTzMwMW9yYWg0czVZV1VCYjN0ZXVsclhJTElsQW4wSW0zNmJZ?oc=5
(전체·공통),행정,"정연만 ""국립공원 정책, 350개 사찰 '문화가치' 중시해야...미세먼지 등 환경정책도 불교적 해법 요구""",1,1,BBS불교방송,2018-05-21,2018-05-21,https://news.google.com/rss/articles/CBMiakFVX3lxTE9MRjhhSHdBNk1ZWW9GT2NZcmczbXpuWlFCenJ3QzhRX0kzcDVSbEg2ZVBMb2J3ZzR1N1M3bjl2bFRXNXBGVDBONXduZkpHaXdPMWp5RU1lNVZVMVZhSW9mbWMxYXpuV3NtV3c?oc=5
무등산,기타,'주말 무등산 국립공원 가면…' 산철쭉 감상 '절경',1,1,연합뉴스,2018-05-03,2018-05-03,https://news.google.com/rss/articles/CBMiW0FVX3lxTE9ZWEp6RmhYbGs4NU5uTXFnLWNIa2M5amZ0d2dVTW1jakxuQjRiN21fSTV4aEt1NnNmalFaNmtsZDFsb3VybHpmQjdLeUw5YTMwMF9WWWJZaWREWmfSAWBBVV95cUxNbWMyU0FTclF5ODZQY0cxN3otb280U1UxMDl5Y3lVNXRkRjFLS25LNDBxZWsxYTV6d0IzcDQ5OW1LSXlrNERldVczUnlNWHhXSGU3UWtiNXlxSG9vVm5CZkg?oc=5
속리산,기타,"속리산국립공원, 상주시 화북 '밤티명품마을' 준공",1,1,바끄로뉴스,2018-04-27,2018-04-27,https://news.google.com/rss/articles/CBMiZ0FVX3lxTE9BR1psdkZIVUFPRnRTR01CNFJtWDB3MnlUN0xLLUFDZ25mcGg5NEtsZUN0dUM3em1wdTVtb1ZDZk14NmE5UXFTa2lMWWlVQ1ctYld1TVIwcGZvRG9VOVdKZkJqQ0JLelU?oc=5
한라산,기타,(한라산국립공원) 낙엽이 키워내는 작은 풀꽃,1,1,제주환경일보,2018-04-17,2018-04-17,https://news.google.com/rss/articles/CBMiaEFVX3lxTFBCRXJsV2RSVWtwOENVMXAzQUpCOHB3cGtnUXdpWE9fNS1FVHlQTnBLSEF5WFhRTEdqa2JEVVg0N1lPNlpSa1hTYW40cmRBWGc3VjRib2pPd293Y25MYkx0STVMLXBQQjZx?oc=5
(전체·공통),기타,"[제언ㅣ일본잎갈나무 벌목을 말한다] 국립공원 내 외래수목 제거, 바람직한 선택일까?",1,1,월간산,2018-04-13,2018-04-13,https://news.google.com/rss/articles/CBMiZkFVX3lxTE0xem16eEV4RHZOb2ROcnRtQzFHU0ZNM3JLNkQ4cjRSMkpYN2JpMVVWRG9qUFF5eFF5enZtVC1yQk1lb0hIU2JoVXBOdVVON1ZFX1ZzWENFQUNsbGJYTnFrLTVINGtpZ9IBakFVX3lxTE9KbHBsNUtCandrZ1hKZVV1Sm9YTUktYnhHcnJZaDY5eThoSkQ5cGVQSGRDeXJ3U2hDWVRlNXZIZXZSZHp3MldCWlJhQnNxdS1VZjVxZXJxSVB1QjNPbVNKZXpneWVWaHlYemc?oc=5
한라산,기타,(한라산국립공원) 왕벚나무 기준어미나무,1,1,제주환경일보,2018-04-10,2018-04-10,https://news.google.com/rss/articles/CBMiaEFVX3lxTE5FRE5EdzhldW0yNkRLOURnOEhGWHdjY2FiT29GZV9obHJxaVVWTFYzejBRQXFTOGJEeV96U2EtM2NfejU5NXhJc01EemRkM2hDUVlabVhjbnlTMHd2eVlrdG1ub2loWm55?oc=5
한라산,기타,"(한라산국립공원) 물속의 봄, 제주도롱뇽",1,1,제주환경일보,2018-03-12,2018-03-12,https://news.google.com/rss/articles/CBMiaEFVX3lxTE1NeGtHNGJuZWFUZlhNMVJCazJQUE9YWVZGWE5IQ2FCbml3WjlfeG9pVWRSNUNSQmhMcXQ4b3lCZ01UeUtTYmVkQkhzTkFHS0lXV2RnYjY1UHZseGZ5bUNpS0xzUk9tazRN?oc=5
북한산,기타,[카드뉴스] 북한산에 올라 막걸리 한잔…이젠 안됩니다,1,1,연합뉴스,2018-03-11,2018-03-11,https://news.google.com/rss/articles/CBMiW0FVX3lxTE93VHV4R2doeEtKOVg5cE5xUWM4R2ZOZjE5WGQzMF9zM1pIVnZMTV82Q1ZvckxyZHFuVThjQTJIWmNKRTNQLWxsUzdBcVVhYjhpa1EzU2hpdy1rX1nSAWBBVV95cUxORnNmNzYzbHZaQnhlWFhnVEN2bDdSY2x6TmExYTlZcjZQb3Q0QzRrOWpqNGgwb1FCMnlhWFBQd3dPX1RLWXNMU21icnN2NndpV3pyWmRnSGd3M0Qyd0dmUzY?oc=5
(전체·공통),기타,국립공원 정규직전환 근무자 “혹한의 추위지만 마음은 따뜻”,1,1,헤럴드경제,2018-01-13,2018-01-13,https://news.google.com/rss/articles/CBMiVEFVX3lxTE5ESUd0dHhoNFlWZ0FkUVdKWmhyb1pUMExNQVZlQkdrQXE5OEZIQlZSVTBmS0lQLThlMHpxT3QyckRyNmVhTVg3V2xvTnFLbUR6Ny16Mw?oc=5
(전체·공통),기타,"환경부, 국립공원 50주년 기념사업 성과보고회 개최",1,1,메디컬투데이,2017-12-14,2017-12-14,https://news.google.com/rss/articles/CBMibEFVX3lxTE05eTd3VDNCeV9ORUg1enROZWhQUlVQdkFlN2pyNUJqbTMwdzJUS0JrelNidFc2RkdxdjY5Q2VDY3BUYk5PTElKemlQeHc2Ny1BZS1IaUl4WFZOVDA2X3kwNmRHT1BHMkQ4LWpEYQ?oc=5
속리산,기타,"세조가 피부병 고쳤다는 속리산길, 스토리 입혀 새단장",1,1,조선일보,2017-12-11,2017-12-11,https://news.google.com/rss/articles/CBMie0FVX3lxTFBZbUxZZ0c0ek5ENmF2c3NSVzRwWW04T1JLVkQ3b1U3R1NOTjY1SldmMk43M3JrWW41VXRjZUlIeTVnYUFDcVhRck9td25KUWtuVE9uTTdGZzUzTzhpZUtkNFM1NnRoQmNHZmN6X01xLURMRHFIbmZma3o5UQ?oc=5
속리산,기타,"""걷는 재미 쏠쏠""…길고 아기자기해진 속리산 세조길",1,1,연합뉴스,2017-11-30,2017-11-30,https://news.google.com/rss/articles/CBMiW0FVX3lxTE1QNG9WWGJyNEYxQks0MHd0TDhnazF3OGhnWjVzNl9hQ0pRS3JVMTFjcTdadm9uUUdCdDZsVGdSYTdIcDk4ODBxME5feG9KbWFlaHVTQ0ZleGVIaGfSAWBBVV95cUxNYm96LTctdFBJcXVvUGJmVld3a2VzOHhPMnU1QlZkRk1LVk00MWVtQ2pPblVlclVMZnN1dy1zOWE2R1JkVEtYSGNvWDY0RXo1QzRzZ2pyZ19HVEhvU2FKQ20?oc=5
(전체·공통),자원보전,"'탐방로 남발' 국립공원 16곳 파편화 심각…""생물서식지 파괴""",1,1,연합뉴스,2017-11-02,2017-11-02,https://news.google.com/rss/articles/CBMiW0FVX3lxTE1rY2ZhMlFmQTU4TVFQTmpfa3psVHNHenRoZFVNVmlHcHhieUVyTXBnLW9SUnMzNXc3czNzdG81YVl6WEhsSkp1OGVpbEpRR2JxWTZCSXdhbFppT1U?oc=5
(전체·공통),자원보전,"""국립공원서 버섯 함부로 따지 마세요""…불법채취 단속",1,1,연합뉴스,2017-09-22,2017-09-22,https://news.google.com/rss/articles/CBMiW0FVX3lxTE1zMVJuN1pIZ3hhVVNwckw0MGg5Yl80QVlQU2p1V3d5OVBpYlZfNjN2WGhKT1lmMktHckdGY2xLN0RPSlRFckp0RFVTeDd5VWw4NHl2QjAwdVlpLTg?oc=5
(전체·공통),기타,하림 임직원과 소비자가 함께하는 봉사단 “고사리 손으로 국립공원 지켜요”,1,1,intn.co.kr,2017-09-18,2017-09-18,https://news.google.com/rss/articles/CBMiaEFVX3lxTFB5WDJZX3ZpakExOWo5dlFEZHVuOUFBNnBhQjhXU085M2RDa1RhXy1KWXg4OFZpX05SRmhWeUdfNnQ4aGFzTWdfZG5sOGhZT1NjSWZudXMzRzkySWJRaEVocWRucUFwRUpi?oc=5
내장산,기타,"내장산국립공원, 16일 조선왕조실록 이안행렬 재연",1,1,뉴시스,2017-09-12,2017-09-12,https://news.google.com/rss/articles/CBMiYEFVX3lxTE8tZVNrdkdhM0pxaGZSbmt0UDFtR2hpeHZkUWhDbkNRTFJ1aEtiT1dFZXNTNXV0UE1wYUx5MEg5b29pTGRqMG1pLWhYdEs2MzY3YWRhbE9WakdSNlMxbDhlaw?oc=5
내장산,탐방시설,임진왜란 때 조선왕조실록 보관한 내장산 용굴암 탐방로 개설,1,1,연합뉴스,2017-09-11,2017-09-11,https://news.google.com/rss/articles/CBMiW0FVX3lxTE5YVlQ3UjJMRjl3R1NISlhvV2dIbWxPSjlrdUNyN3JuZm9YMWxBZXk0Q3hxT3lfdWdyX1VTWTNrVWwyRzdLOWJ6V1Vwc1ZYbWVRRFdiRjhoazRGNHPSAWBBVV95cUxPd3h1WklqN2ZHaW9UWHlaQ002MVJ0MDhER0w3UFBiTkR4blJUYjdmWUQ2c0ROdElZaDNDNVBjaVBnWUhid2o1ak9sRFNFaXdPQVYzRmZ5TU5hYzgtcWVtWUI?oc=5
다도해해상,기타,"다도해해상국립공원 공중화장실, 안심하고 사용하세요",1,1,dhns.co.kr,2017-09-03,2017-09-03,https://news.google.com/rss/articles/CBMiZ0FVX3lxTFBYUWotTVpTeFFVV3lTUnVsbEtrVEJIQVM3b3BoY093RU8zR05oUFc2NHJMZG11bndpb09KM2RDZW5NcXpXQVgzRTJPelZRejhCVUpiWnF3cTljNU1SS3ZwUDItSXJqbWM?oc=5
태백산,탐방시설,봉화군 공무원 노사 태백산 탐방하며 지역발전 방안논의,1,1,헤럴드경제,2017-05-31,2017-05-31,https://news.google.com/rss/articles/CBMiVEFVX3lxTE5PbURBMGMyQVVQRmFkUnhEZDV0bEM2U3J6aDdFOFJsdVozNUFXejlhN0R3X0FqWEd3YkE4V1oxRzlEakdCWFB0cW41VlBKVkJLY3RrOA?oc=5
변산반도,기타,변산반도국립공원 힐링로드 걷기대회 20일 격포 채석강서,1,1,전북도민일보,2017-05-06,2017-05-06,https://news.google.com/rss/articles/CBMia0FVX3lxTE5iZnozWU5CaXVYSmhMbWRfV24ybFk1V21ZS2x3ZWFpaUNzajEwX2Mzdjh5MDFQclZ5WTVPV25Wb1UtenZEUHNGb25XX0RpT1lZRkFlOHVNZXhiTGtmbVFQd2ZIZHRSSW1JcEFZ?oc=5
북한산,기타,[카드뉴스] 북한산 접수한 고양이 '우리 탓이 아니다옹~',1,1,연합뉴스,2017-04-05,2017-04-05,https://news.google.com/rss/articles/CBMiW0FVX3lxTE5PbnZxLVJyWXlwR21TNkJFamY4c3BqVnBNeXNCTUJPTHhPSnNpTWI0NGV0LXdDM09CclRmU084NEpiMGNHWUxiamtUbjBJNU9YT2Q2SUlqX282dlXSAWBBVV95cUxPXzlYQ3NkczRIenRqckN6Ykl2bDBoQ1RhdHpTT1YwV3B5Zl9oc0JWcXMyRW9hTGFSVjNkM245YnA4c1dBc0RPeDFyeVV5YVZBRjd3WWRacjZva3BpdktHaUU?oc=5
(전체·공통),자원보전,국립공원까지 점령한 들고양이…'생태계 폭군' 됐다(종합),1,1,연합뉴스,2017-03-30,2017-03-30,https://news.google.com/rss/articles/CBMiW0FVX3lxTFBJSEt2YVE3VFNsdjhVZ01aeG9vdDN4RkFtWWltd183M3dFelNreENobUFOMHQ0Rk1UWDlpRzlkOGxpVm9ZYjc5akFxbEpoSVA3WnJwazJsLV91REHSAWBBVV95cUxQSmdmSnJ1YVhjYUhSSHdseFJHZl96dTdPdlBGZDZRQ0VqeDMwc2EyN2ctQklKU2x4U2RzM1RHY2ktNG9tTXEwMFB4bERjY3JNWUduY09KdUhaR3dLTUhhdU8?oc=5
가야산,기타,가야산국립공원 숲 유치원 입학식,1,1,경서신문,2017-03-14,2017-03-14,https://news.google.com/rss/articles/CBMifEFVX3lxTE14al9JaVc5VE9vbWZOYlM3Unh1eXZFZ3FCNVpUNno0R2hNQ3JmaGhQLVItc0dXWkRQb0xhR09mMHZEXzZYTjFZb3p6b2t5U2FaTUFHRkVTSnBiQnliUFNXSEtYM2hIdlE4UFQxWmhZTjhEcmNPWUV0LUEyWWU?oc=5
(전체·공통),자원보전,도립·군립공원 생태계 진단도 국립공원 수준으로,1,1,대한민국 정책브리핑,2017-03-13,2017-03-13,https://news.google.com/rss/articles/CBMibEFVX3lxTFBPQUJOeXRTWEVzaHdQSndzRFYyOVg5S2tRZXByLVc4T19TdDN2QTIwMUd6SWFEZFBral93azk3NXRyTGxLVlM3RFNhZ1JnMzdZbUZzbjY1RDBxZm1iYnRCTUJrbEx6U2FBOHRkMw?oc=5
(전체·공통),기타,코리아넷뉴스 - 국립공원에서 전하는 봄꽃 소식,1,1,문화체육관광부 한국문화원,2017-03-03,2017-03-03,https://news.google.com/rss/articles/CBMi7wFBVV95cUxQTHlUOUVBY3JEek0yU3NEcW1mYzlLcnR3aGxHMDUtLUloLTJJbkxYTVlnTUxqdklEU2QzdFZCc25TdEJRby13LV9MM3FXZjNpX1V0eWpXYmxxX2xkNVZSdVNWVVFIMk13bXg2NVVBU0w0SVFiMENrcThmT3g5NllxeExRYVRHdm4tTFlVYmhrWWNJa0lYaGNfbXBBVFVNa2FXRDNESHJVa3JrVndwYkFiYmR0WHpsU0t1cGtpb2QxSVh2dGZLRXVtNGpNWlMySURoUmRncEVwTVdReE5vUV9MZlVqVkNnOWphQjg1V0kzSQ?oc=5
태백산,자원보전,하늘에 제사 지내는 태백산…무속 불법행위 단속 '고민',1,1,연합뉴스,2017-02-17,2017-02-17,https://news.google.com/rss/articles/CBMiW0FVX3lxTFBTb3B6eThPandySEhTWWVKbHUxekJOSzNqXzdaaF9JR09ndnZYaHhKb3hSbVE3YnJvLXN0bXdkTWdsOHd3dFMyd1d2R05vMlU0MjBnLU1Dc25yUVnSAWBBVV95cUxPTHZfaS1OMjBOYlptSTg5Umx5QV8yUG9GakNpREF2ajdDaGxhaW5pNEpMcXBwT2xCaG11MW8xVU5tSWpDYUdIX3lzNWJjb3dfVTliUVlZSmk0OTA1TjNadEs?oc=5
덕유산,탐방시설,덕유산국립공원 구천동 주차장 새해부터 무료개방,1,1,연합뉴스,2016-12-30,2016-12-30,https://news.google.com/rss/articles/CBMiW0FVX3lxTE80ZmlnbVc4ZXR1dUl6MTNXMW0yTE1VLUl4Zy0ta25xRlFmLVZVdS1hQVhTWkxzV3dRTVQtLUJRSWJnc1l6NkpSVmk0MDV2M2NPbVhZaFB4T3YyQ03SAWBBVV95cUxPak8wbWlMTXhjc2ktaVFuRXkwa2JyRE4waHpBblJ2dGRoakVKVjBsMUZuMkVNaFRISXlkRnA0S1dHRkNQZXd4Um95NzZxYzk5cTdRS2x4cld1RnZGRVBDLVA?oc=5
경주,자원보전,경주국립공원 5개 지구 생태네트워크 구축,1,1,한국일보,2016-11-22,2016-11-22,https://news.google.com/rss/articles/CBMia0FVX3lxTE1vSjd2cTNESWtnb0ZEQlUtWVFFcWFUbWZCZ0FRY3lRWWZSZlhyQXRITUpnaU5CYlNoRGR3ZWxTRGlsb3FTZ1UtdENCZU9qNU1hcVctOGNlclBXUG5ldlFJeDVXdmxySVRtSjM00gFwQVVfeXFMTi1UZDdrNG9VaU1vVjVlRlU2bkJVQTFlVWhaUWZRS3NfSl9NcXFueW5zd1dNeVdCMG9HV3pIbDBMUUNDTDl5S21janVnX29ZSy13NElDcUhFRXNaSUZPV1hDM3hzMU5KSjJMbHM3SzFlWA?oc=5
태백산,기타,국립공원 ‘태백산’에 희망이 용솟음친다,1,1,에코타임스,2016-11-09,2016-11-09,https://news.google.com/rss/articles/CBMia0FVX3lxTE5aNjdvYWtrMUpsOEVGM3EtYUJQS0dqOVlQTEVaNU9CYkZHSmpoT1B0X2J2V3N6MW1qYlZ1b2pGSzBPVGtRQzAwLWRvMmFraUNGRnFGVEN1RG1UWlpiUS1DbTVTSWxNeVJyN1FV0gFvQVVfeXFMTWs4UlV0eGtXVmRhdUFQNWh2RWdOaElTUTRFTVVJVEYzSmZMUGxla2R1eXpVSEVYLXlnRkZKT2pZOTJHVGlPMDMtZFhqZnZCTG41dVpBbzRVZVZWbW5TdHNxaDJwd1dwRExQZGpSZUQ0?oc=5
태백산,기타,태백산국립공원…국내대표 명품공원 도약,1,1,참뉴스,2016-11-09,2016-11-09,https://news.google.com/rss/articles/CBMiaEFVX3lxTE9vNnM5amlTQ2N0ZXk3R2NBUk1icWdkYVFSOThGN1ZGYVNubmxMMmY3aWdub2ZUWEtCcGR0X0ZkSFFfZ1d0UW5VdGZLRHVtblYtWmphanIxTEdpX2pRQTNkZlJFa1c3bDY4?oc=5
내장산,기타,제16회 내장산사랑 그림그리기대회 성료,1,1,정읍신문,2016-10-19,2016-10-19,https://news.google.com/rss/articles/CBMiZkFVX3lxTFBmdHhscjNEMlZhd01STFRzbXVSWnQ5dnN6amxNdGoyd3hTc0hFUzRXVmFsWXRpTHpYX21vM1QwNTZVSXpQZGJBSFJqZHR5aE5lVmhHYjNXWFRFTWxsQVhNenpzM3VpQdIBakFVX3lxTE9oWm11REt0X1VTaWZXODJ1R0UyRDd3VFhkY0VKVk5LZUU4TEJ2OHd4M1JqUTNTNGFqdHhLOHN1SzNaM3Rmcm5Ha0NhbE9iV0JTZXg2aUhOM3FmTk54VFpBX0txWUV5OTRaSlE?oc=5
월출산,기타,"월출산국립공원일대서, 남생이 11마리 자연부화 성공",1,1,경인일보,2016-10-16,2016-10-16,https://news.google.com/rss/articles/CBMiUkFVX3lxTE5QZXhBSnhudmZVVGRzeld1c3ozYjktTld5VGhBSWNGT01BVWhobEJ5MGxsOG1SQjV6Y1AxbG5TZGtvQ3pHZXVuMHY2UGQxZEpXRkE?oc=5
주왕산,자원보전,"주왕산국립공원 안에 있던 내원마을, 사라진 지 9년 만에 생태공간 재탄생",1,1,매일신문,2016-08-22,2016-08-22,https://news.google.com/rss/articles/CBMiYkFVX3lxTFBDYV94cndKRFJ5NC1CMDgyZklIVTN4aWZLemJZakxpLXpsWVBDbmVITEp0YkZuYXBZcnhrTzZIdC1fX0ZXaVVzUDN3X2RXLTZiUFQ1c1pybjhxOFNnX0FMT0xn?oc=5
월악산,행정,월악산국립공원 덕산분소-제천경찰서 덕산파출소 업무협약,1,1,중원신문,2016-06-07,2016-06-07,https://news.google.com/rss/articles/CBMibEFVX3lxTFBVU2hzTGhZTmJYaHZ6eVdYRXJfeldMbVlROWlhbzFRMnRTeHdZUm5HN1JnMklVM1p0RGtBeVZFRy1CN21veTlTbjdwa0R2djV1MHNlVV9oUnFidmxtV2o0dk1SZ2duMUZxSDlxZdIBcEFVX3lxTE9fUXFKUXAxNGppUTlZX1NoU0hvWWVGc0hjT2puWVlnSWpoVDhEWW5oQUVJS0h1TlloWEUyX1pXdFhGSFJKM1FkWVhVbE1UQzBVMVEycXpFUVZhZTlUaGhHUDFtT05IUl8taklDdk1RdEI?oc=5
(전체·공통),기타,"국립공원 자연자원조사 결과, ‘전자책’으로 즐긴다",1,1,에코타임스,2016-06-03,2016-06-03,https://news.google.com/rss/articles/CBMia0FVX3lxTE1rQzZQaDYwdm84M3dOY2F4WHBKMU02TDl6dDZOcG1qVTNTU3BPQjE3SndYMTI1TGlHRWlRY0NvdHV3UUM1aGM1ZU5TSms2eVh6NldkemNXa2Y3TFgwYmtpTUhnSjBDSTJSb0h30gFvQVVfeXFMTmIxaFhfMkFfOEc0cXYyaFRxVGlSeUc2cGhJR1NNNGJZcThOZzM0XzJmajZXNUZ3cERXNGFMcWdNM1VCc3lXa2w2WmVOYmUxenhZckRYLWxiOS1mNU9pcl9ialFab1hxMFBGS1ZHSnZz?oc=5
소백산,재난안전,화마에 뚫린 소백산 국립공원…진화 장비 등짐펌프·갈퀴 '고작',1,1,연합뉴스,2016-04-03,2016-04-03,https://news.google.com/rss/articles/CBMiW0FVX3lxTE5Iam1rXzFEWi1FWU4xVU94NlNybm95OEt6ZFdYWjc2eDVrRG5SOW9mS0hmSnNkZXZyemlxUFFhMkxHYzNZVWdhX1ZrZDlGeVVqOEU1QnNUMng2TFHSAWBBVV95cUxQZFZIMnNXRnNrUDdsMmY0Ny15a3FrZDk5dl90NW0tVEtOZTJWM3h2c3U5Ym1aRW1KeXNnV2RGbFBIbU1EWnZiS0JsYTFBRFd4UFQ4SnlxRE44Q19YTElLNU0?oc=5
변산반도,재난안전,"윤성규 환경부장관, 변산반도국립공원 안전관리실태 점검",1,1,세계뉴스통신,2016-03-31,2016-03-31,https://news.google.com/rss/articles/CBMic0FVX3lxTE0yUWI4djFQYUlkaDlJb3BuT3Zwbjg4SXlRUm9JOWNVU3ZzZi1BMjNDekI0NjlscWd6RmV3bWt0S041dm9CeUhJOEdHd0o2WE42eDN2dzhBX0UtMFhKWld1OGZ4LWxORlpTeHd4NUVPOFl0TWs?oc=5
한라산,기타,한라산국립공원 내 하수 처리 엉망 … 팔짱 낀 제주도정,1,1,미디어제주,2016-03-14,2016-03-14,https://news.google.com/rss/articles/CBMibEFVX3lxTE16YmtjY2VFdjlFcnZJX2Nmdkw4WXlycnF6V3dmT1Q2b2YwckVSTDZkclBPZWZzd0pNdURaUzhNRk5UTVl6LW9mUVRTMTJXYV9Ebl9qX2xaa1RPd0JFLTg2TWdyOFdNNXY0TlVMMA?oc=5
무등산,기타,무등산국립공원사무소 올해 5대 사업계획 발표,1,1,연합뉴스,2016-03-02,2016-03-02,https://news.google.com/rss/articles/CBMiW0FVX3lxTFBQMGFHcWVUbjZ2SzdERVBsZEVsSFVGZUJwZG9KZTQ4bmRrbWdaUlg5aUoyV05wdVFvTUNjeDVMUGZ2WHFwMWhtejVvU2JVZWlnWmJ3UzIwbklLc0HSAWBBVV95cUxNZFNSWFlfRmg2aHBmejR6eHY5RVF1QmJza2F3YmJIUDRMRFZTNkE4Nkx6TjJVeTVtX0l1a0dSQWdjWDh4MmlKMVB1Z25DNVVNeWlxZ3BZUExNMjg0amlja0g?oc=5
태안해안,기타,"'기름유출' 태안해안,‘세계 국립공원II' 상향",1,1,환경방송,2016-01-31,2016-01-31,https://news.google.com/rss/articles/CBMiZ0FVX3lxTFBYVXZQR2RKWmsyTUp2MXp1c291SERCemlxOXZUbndlSWc2UXJSTlY4UzlxZDBiWlU2c1FkMm1xb0V1SW5pY2xMSUhUZVBycEJVVjZRaEVDa25ESFo1bXg4V1hac0NvLWvSAWtBVV95cUxOYk10andFUDZMLUNuakduUENfcnFia08tSWxwYUJlQlN4RlVVaDkwVUctVzJneENvTW1MaW9Dd2p6Y3dZZkhoZmFIUUNtVXNwWkZNVWRkY2o5dVo4dGZrYmhCT0d6cEVyNXV5SQ?oc=5
(전체·공통),기타,"‘기름 유출’ 태안, ‘세계의 국립공원’으로 상향 조정",1,1,데일리포스트,2016-01-31,2016-01-31,https://news.google.com/rss/articles/CBMibkFVX3lxTE5STWFiVjgxMUFwd25RSFgyX0RIc01FdkJ4YmltU1dHMEVHVXYyNW4xMktTRjlWd19IUmMxM3BJQzdQQzYtM1Q2NlpFNHZ3aWZ2WF9yQ1BnWVE5Y0loeW40Tm1fN09aSHlaS0NaZnlB0gFyQVVfeXFMTXcyWmwxZ1pDUVdDOV84NE1wY1lxZ0s1eHAzdW9sNENjZTFlUjFRN1ktQ01RR3NBSTBxUEtUcUxNUE8zUjViVmh3M0FGcUR0TnhwVzRSemVKVzNWckZnZnB1UDlUYkJGMVMzbmJ4Y3ZBM0NR?oc=5
월출산,기타,[FOCUS] 월출산 터줏대감 ‘전판성씨’ 이름 걸린 SC대회 열렸다,1,1,월간산,2015-12-24,2015-12-24,https://news.google.com/rss/articles/CBMiZEFVX3lxTFBfTlR2ZS1TSHk3cFUwVHpUd0piRl96TkNhazFMWU5lT09OdnNHVFBGamZLOUYtR2RYTUF5bFdXMm1PU05CU09CazlKNFhSNS03bXppb2o4MlBPaF92UnlMVjVzMjbSAWhBVV95cUxOS1pXREN5SkExX1JuX0dZbl9TQ2xuWUdXZFZ2U2s2Y29MUmFsME16YnlwQlMwamI5MjM3RzA2ZDRyajJXWjUzV2NmbDZYd0l3R2V3SDNTcXQ0U1FldFdRZng5RU05dU4zaw?oc=5
무등산,기타,툭하면 사고…무등산 관광리프트는 ‘공포 특급’,1,1,남도일보,2015-12-13,2015-12-13,https://news.google.com/rss/articles/CBMibEFVX3lxTFBxdFVJd18tcXItNUVYNGJVS0xqTUVjYTN3SHdiN0ZLZnBZZlY2Rlg2WU02MDBGS3M0b2wwQ0VwTVptOEg4YkVSWlVnUTd0bGtGc0NXcndMckRWSkkwNW9od3VEVno0SmEwNXYwR9IBcEFVX3lxTE9Rc2ZKV2hnampoMnNUYTl2ZTlmclRGNnVKMEJLT0M2TUtrR0F6NWk5UUFvV0tLNURHV2ppdlJ4QkN3UG13b0J3SlZXNHFuTUZNbW4ybjJYaFkwckRiT3RRcHQzQ1B1bDVkQmVSVi1lbWU?oc=5
(전체·공통),자원보전,"안동영명학교 김희수 교사,국립공원 생태관광공모전 체험수기 최우수상 수상",1,1,대경일보,2015-10-18,2015-10-18,https://news.google.com/rss/articles/CBMiZ0FVX3lxTE12X3pEVDZINzdIRGZ5NEcySmtHb1AzcHZ0aG5CeHljRE40QUZIc21ZeHFvSjhPNGdvUjA3UldwZGFULV96aWxfbGZKbHFpcXZ4ZUw0TDg5U251S1NtWVI0cUYtZGlOWW8?oc=5
월출산,기타,영암 월출산 ‘큰 바위 얼굴’ 이름 싸고 시끌,1,1,경향신문,2015-09-03,2015-09-03,https://news.google.com/rss/articles/CBMiWkFVX3lxTE1kSk1VZ256UHVDWFhvVFNxUGxLcktOSUxUVURtVjZsb0F0OWxTR0NvdklXVXI2TXBBdTllUmJVR1hCUzJEZVNHcnhxVW5XeEctd1htMXNuT3ZUQdIBX0FVX3lxTFA0a09HYy0zUzR5dDhfWnRJU0ZnX01qcWI0MmRleldJLU5jOXp6bVM3SVcwZXdTZ2JlWG1icVNDRTYwQVV5bGRudXBsNGF2REYxS2hRNE1LWUNpNlBPZ0RR?oc=5
지리산,기타,지리산 반야봉ㆍ계룡산 관음봉 등 경관 해치는 정상 표지석 38곳 교체,1,1,이투데이,2015-08-23,2015-08-23,https://news.google.com/rss/articles/CBMiVEFVX3lxTFBjLTNNRnVFWExpS2Z4VUpucERETG1Dal8wU3htU0diTVVjRWdwYWxqTzNxak8wQmxLbGN1OHRVWFhHdS02R2k0d1RuNmgwcDkyNi16TA?oc=5
계룡산,기타,계룡산국립공원에 이끼도롱뇽 산다,1,1,충청신문,2015-07-14,2015-07-14,https://news.google.com/rss/articles/CBMiakFVX3lxTE5iUlg2U1AtX2s2QWRxaFVSQ2JLam1oVmtuVlVsRVJGWE1UT20ydm9EaGtUM3BrbEctNVNkMUlfSUZFQmJDNzBhSFhjZ1RqZGZvcHF3MGczV0JONVBJWlI3LTFhZ1Byc3Z3WVE?oc=5
치악산,행정,2015년 상반기 치악산국립공원 지역협력위원회,1,1,wonjutoday.co.kr,2015-06-15,2015-06-15,https://news.google.com/rss/articles/CBMib0FVX3lxTE82VHQ1akpDMHFZMmJEUWUzS2k4SnZXUWlremM0ZnRPQXVXYUw0bG9KaEZGd1h4d2FyTmRjaXppS3JPT0xEWmF6UWc0a3ZzX20zSm1zanFJc3ZkQWk4bXBPS01jcVVqaTIzWjdmWnI3Zw?oc=5
태안해안,자원보전,물새가 돌아온다…태안해안 생태계 안정화,1,1,대한민국 정책브리핑,2015-06-01,2015-06-01,https://news.google.com/rss/articles/CBMia0FVX3lxTFBhQm1SY3JMYjdrT1lMTktEcUpsZjdvMFYyckhIeUw3UEtQS1FPVHlZZG1RRThNejlEV0ZSQVl1WHhwOG9oUTlqaEpJTXdWMEUyLWtpbmh6V01GNFRRYmhGTGtCeGhjQWgwSjZB?oc=5
(전체·공통),탐방시설,국립공원 탐방에도 지켜야할 예절이 있다? `슬로우 탐방`,1,1,edaily.co.kr,2015-05-06,2015-05-06,https://news.google.com/rss/articles/CBMigAFBVV95cUxOcUtSWEI1OEZ6N2NkSjdMc093WGstSXNWT0lkNFhCT2E4emVPWnU3d2w2aGwwUjZRZk9IVE1QVzB6NnV2Smw4R29LVUp2VWd4RDdKVklGVDZxbXdncGhVMTJ2T0UyRXpoZFptZDJyazBDXzRMbmlXUmFlLUhRS0JWUg?oc=5
월악산,탐방시설,월악산국립공원 통제탐방로 전면개방,1,1,중원신문,2015-04-30,2015-04-30,https://news.google.com/rss/articles/CBMibEFVX3lxTE1HRjNqcUlYSm1wcXZJeXFuY0ZodWQ3eGxTaFg5X1N1UTNFaXktZnFwQkNRanhvTUZrV1FTdkl4QW4zS2ZXSjA2UWw4Q2JydXg1TkpfMWU0T045RWxTRG5LalZ6T2E4bmtFV3hoatIBcEFVX3lxTE1SMVppeTVHZjNYdElVTS0xTnMzNTJqaE9XaWdhOEVrRHB1NHQ0dS13NDNCX05iUGVCams2MUJrUnNISXVUZkVsd1V2UVpveHZXM21nVk5yTFAtV1lYRmIxa3FHa1RoNzZMbTE3anZEN3o?oc=5
월악산,기타,월악산주민이 국립공원 가이드 한다!,1,1,중원신문,2015-04-17,2015-04-17,https://news.google.com/rss/articles/CBMibEFVX3lxTFBwQ1MxLVJCQW1kSF9NSnBNQy12UTJkVUFhLWFjeW91dTVPZm93TTVCLW52RmJ6ZVVKMGs1amY0QURmV3BXN2RqNHRBbHVtajk1OTBOMnRITmhBeWZmV20wQU9sb0NUMXdVMEpSSNIBcEFVX3lxTE56NnQwaDljdkVmcE5qT29ERVdjUHVQd2pfdFFiWkdaVEpURlhKTEhqMnVXU2hwdkU0UFk2YXZ0MWoxY19tOUNIVHVCckpaU2JVZXNRbnRqMnItU3Rjd29pZ0tpSnkySUV0M1FTZ3RwaWw?oc=5
무등산,기타,"윤장현 시장, 무등산 기름유출 복구가 우선",1,1,의학신문,2015-03-23,2015-03-23,https://news.google.com/rss/articles/CBMiaEFVX3lxTE9fN0FsWHRMTDFnbzItdy1zS05INTVWLUNNWDNfOHR4VHZUdUR1SFQ0Z0RibVRMTHpyeDc0d04xRk00enRHeTNGeFh6QmZla21iS1ZxOFBCM2hXX3MzY3pQMGdqWnRQclBZ?oc=5
무등산,기타,무등산 방공포대 기름 유출 ‘쉬쉬’ 논란,1,1,광주in,2015-03-20,2015-03-20,https://news.google.com/rss/articles/CBMia0FVX3lxTFBCdlY4cXMwYWJNOHBwdnlnVmg1dG16bWo2bTN6dXR1MGtCLWdCMXJmR2NudEo5WmwycEIzX1FfUER0NFk1RFNXV1JmNWRfVy1BdmZQWVA4ZVprN3IzU0xjdkVqUHA0MHNBSVcw?oc=5
월악산,기타,월악산 ‘하늘 다람쥐’ 어디갔다 왔니?,1,1,에코타임스,2015-02-23,2015-02-23,https://news.google.com/rss/articles/CBMia0FVX3lxTE1qY0RyVk16cFhKbldEZ0pIOWxVYnMzUXh1ZTBmYm1OQUg3QlJiYzRmQUM4dWc5RGV4emFXQlpUeUFWSkJkMFdFTWRWUUl2UTIwMjZNbkI1dGNPOGhjaFBkNTVMMWVfRGZGNlIw0gFvQVVfeXFMTjBoWlVhV0JlejlZdS16cDczalZjNXc4YXlsc05vYlc0bldXamtrLS1IVGw3YjZiTlp5MzVYTDlScDV5dkEyemd3VkVfZDhYM2RENl84ZG9EU2tBR0llOF94c3lXWFotUEx0bmN6UndN?oc=5
(전체·공통),행정,‘금녀의 벽’ 허문 손영임씨…첫 여성 국립공원소장,1,1,이투데이,2015-01-30,2015-01-30,https://news.google.com/rss/articles/CBMiVEFVX3lxTE5oVnNsZ0szbGw2TDVIc0lRTEw5QW5TOE5SdWE4M1B5al9DU0VxNThXaDFJN0YxZmdHYTFZWlEyMU9Mdi1CcXluWXowWWFNdlVPSGNsbw?oc=5
소백산,기타,소백산 위치 표지판 사고때 무용지물,1,1,hidomin.com,2015-01-22,2015-01-22,https://news.google.com/rss/articles/CBMiakFVX3lxTE5pdzNwRWFyUG13T0RtX0xxWWpfYTFObE0wSmVXd05RMUQxR0hCRGthY29Rbnhub3RjVEh0cXdBbmVTc1dCNkNjR3IyQ1gtZkJfcTZScC10bGg2SHhCQ2t4T0J5SG9LOWZqVXc?oc=5
소백산,자원보전,"소백산 여우들의 수난, 41.7%가 밀렵도구에 희생",1,1,경향신문,2015-01-20,2015-01-20,https://news.google.com/rss/articles/CBMiWkFVX3lxTFB1TjlOaTNzdmk3dWc4eHB1eDJSOFdlQTFLcENrcERma2U0TUpvUDJLMWluZUdUOXR6ajFEemlJcVFNd1VnNk9hT1lVR0swZmtoWU1FcTZEUHBqQdIBX0FVX3lxTE9HcVdsOU9yc21vajlsVnZLQjBuSVBhMFI4Y2RiWGlZempaRjJXeE5wQ2RzbnBRbm1OMzBfbFdEMWM5ZnJ5c3pvc1hLVG14TDdUZll2QWVvaEplaXR0QXgw?oc=5
치악산,탐방시설,치악산국립공원 지역에 68km 둘레길 생긴다,1,1,연합뉴스,2014-11-19,2014-11-19,https://news.google.com/rss/articles/CBMiW0FVX3lxTE5WdHZhZE5nbkVRQzEtdWF2b3R1VWU2U3JlVzdoVHo0LVUzM2loYlZwaEdCWEdNc0F6TEMzcUE1WnVNLTBvcDhKMmNhZWd1WGVFRUZjelJqaTVFUVHSAWBBVV95cUxQYWdHVU9OYk85b3FZZ2VtUnZUWF8xZWZFdS1yS25JekVxUFVsZk9FbF8wcmsyb0FjZEx1Yk80dUNjaGI3dThZSWZUN1pudGFSZ2tTSjRqdm44YThMNFFkZHk?oc=5
치악산,구조활동,[화제 | 치악산 꼭대기 응급처치소] “구조대가 이렇게 고마운 사람들인지 이제 알았네요.”,1,1,월간산,2014-11-10,2014-11-10,https://news.google.com/rss/articles/CBMiZEFVX3lxTE9nai16UzFDZmo3N1J4WTJCMHN3SlVhZzcwQVphQTN0R1M1aFBKZlFjNGIyM1RiMXB6NnJCZFBiMGVDSlFmeGFFcWhaYWQxbUtjUDJvTEFjX3ZYQXlqNlY1NzZtYkPSAWhBVV95cUxPckRvODFtX2QzVUVqOE4zLVhRLVdSRVBnekc3WklOclRxNlBLM29Rb29ZTnBwcjdRYmd5ZnZwTm5YU0ViS2VtaEFKSDU5d2lKS25XeHpLTEFvOUJCWk5LSmZzS2dfWlVqSw?oc=5
태안해안,기타,"현대건설, ‘태안해안국립공원 자원봉사센터’ 준공",1,1,국토일보,2014-11-03,2014-11-03,https://news.google.com/rss/articles/CBMiYkFVX3lxTE9sM2JpUzI4OHoxTUwyM0NGY2lWakNhN2RJckg1eW5ES28xRXlid2RlSktDVmRrcVM0NmczZlFLcDZTRmNGN2M0STZDVmNsR0pKVjlLakVibnA2RkRJdERhSFd3?oc=5
무등산,기타,무등산 중봉 잣나무들 운명은?,1,1,드림투데이,2014-10-26,2014-10-26,https://news.google.com/rss/articles/CBMiaEFVX3lxTFBoVXFIcGs3S2xCNHNDYVV2VW56dGxlYkdxOFZFRDdhOExTb0l3MHpmYkxvOW5NemZkdHRTYm9CZXVMT3pLcF9ONGJ2Ymg5WmdBeGg1MXdZRk50Z2Y2XzZTUElMOGVWdmdq?oc=5
계룡산,탐방시설,계룡산국립공원 3차원 탐방체험서비스 안방에서 검색 가능,1,1,충청일보,2014-10-23,2014-10-23,https://news.google.com/rss/articles/CBMib0FVX3lxTFBwTXRBOTE3U093VFg4clA1U1AzX3RWMDBfcVV6VDZDQWFxaXlQd1ZXYlNoMzgwcExFZVQxdnBzSEJxTi1QLXRZODhpU3lYSHhMYnV2UE9NWlBkQUN3VVNJTFJNd25hZFpPWkotNDJ1Yw?oc=5
북한산,기타,'킬러 마운틴' 북한산 .. 10년간 85명 숨져 에베레스트보다 악명,1,1,v.daum.net,2014-09-27,2014-09-27,https://news.google.com/rss/articles/CBMiRkFVX3lxTE9rOXBucC12ZEZRbG5SNDc4VEo2T2V4UE1WRC12NEpSNGZDZUxVZzZuQkozUHoxc1BsQUNYeXVQc0lFbmFTQnc?oc=5
가야산,자원보전,수난 당한 가야산 수달…`집으로!`,1,1,국제신문,2014-08-21,2014-08-21,https://news.google.com/rss/articles/CBMijgFBVV95cUxPVXM2OVJsNjdIenRpamF0UXBRS1NiVkRlYzBhbGZnSW1Ia3k2Tl9NNmt2NkY4NlBHTXJJWmpkd215R3lvT0xqSE1RVHNtbndWSjZtc19fTEFJMVJOTlhqX28xMng0dlNIaF9tTWRWYnVpd1RWUVQyR3dGaHZqemlvSlVlOUU2dk9CQTVnSnJn?oc=5
변산반도,기타,"""쾌적한 변산반도에서 여름휴가 보내세요""",1,1,연합뉴스,2014-07-23,2014-07-23,https://news.google.com/rss/articles/CBMiW0FVX3lxTE9nQ3E0OVZfX0ZyT2gxa04xeWxna2dzdllxOW9tRmRJVFM1YjJjNjZzT0hGRVhGTWV2cHVhWFB2R2tjV1MxVUc3UVl0VHJxaVNWWEY4SWl0RnowWlXSAWBBVV95cUxONGhOTW5ueFR4dWdXWEU2QUUzYV9UNGE5eGI0eTlndm9mQ0k5TXZySmpTd00tNlptbWxJSDhadkRmRUVLSHdicDJqb3hoMUQ5TDBpTmFmUXM2OGdwWUdUT3U?oc=5
소백산,자원보전,"소백산 생태탐방연수원, 취지 오해 뒤늦게 ‘갑론을박’",1,1,영주시민신문,2014-02-20,2014-02-20,https://news.google.com/rss/articles/CBMiaEFVX3lxTE94ZXg3X0VpUEJnOFZEWDlyVjh4LV9jTkxwQ1hHeFBaOUFqTUhVQVA3QmZGWVJEZ0JEOGhldUs0NjBBOFNBNjNEYU54SE8tcEZpMS04TXJ4R0xlM2lyQWQ0bDdnckd4eWhp?oc=5
가야산,기타,"[꽃남 한승국의 조곤조곤 산행기 | 합천 가야산 만물상 ] 이 멋진 그림을 그리는 화가는 구름일까요, 바람일까요",1,1,월간산,2013-11-15,2013-11-15,https://news.google.com/rss/articles/CBMiZEFVX3lxTE9qOVM2OUxIOTRIYnVONXQ3NllETU5XckxDaGd3N2N6MXlmbXlLSXA1bVY5NWtuV2d6b05OTzlHMnR3cmxVZHJoR1JyNTBZYWp5dUpGZE56ZjlZLWRZY2pSSnB6WjbSAWhBVV95cUxNeTFMbGRqem43N29xcnB3ZVJ1Rk5Kb0VfN3ZCUTY4VUY2OFN3a1hHZ1ZRanEwSUxRbkM0ZExta09mOWtGSXdFRC12M2RhQTh3aEhPYmRCT0xKRlY4THBaM1JOdGJOX0U0WQ?oc=5
(전체·공통),자원보전,홍도 해상국립공원 바다 속 '해송'...생태 양호,1,1,톱데일리,2013-10-09,2013-10-09,https://news.google.com/rss/articles/CBMiTkFVX3lxTE5KZ2RiY1NfSFp3VHlxalJaVmlzRzdwNEdRNUlHYmZBVHo0RjU1THFTLV9xUWthb1NvOVpyc21QLXZ0S0paclBxR0tYMVAyZw?oc=5
(전체·공통),기타,"개발공화국 한국, 국립공원 지역까지 댐 건설 추진",1,1,greenpostkorea.co.kr,2013-10-09,2013-10-09,https://news.google.com/rss/articles/CBMidEFVX3lxTE8tcmM5VDZ1WGs2Y095TmNfQmppYVROVHhsWTVYUG4yVGZmV1FVQ1A0MXQydDRpMEx5cUpmOTl0bzR2NW03WlZ4WnpmUTdLVlV4VW1KbmVSNjliTDRDUWtDck1kNktJTTJpSVhweW1NOTZrajhX0gF4QVVfeXFMT2NNQ2Q0SVhYcXhXdEprNkE0b0lwZmkxbm43UWxqQVJlaE5zMVd6cXFWazVtd2ZFMl9TVGU5ZG9IRDFhUDJIS19COWJTanJGcENoR0tIdHZyWkU3Y3ZUV2hmOHZ6amxaeE4xZnVnVEx2bVp6b1hrU1VH?oc=5
한라산,기타,"한라산 등반객 미스터리 사망사건, 누구 책임?",1,1,제주의소리,2013-09-30,2013-09-30,https://news.google.com/rss/articles/CBMia0FVX3lxTE9HN2RVQXgza0RXWHZIS3NzRlpuR2wxYm9VTmF2dDNSSUJMd0QxUmExbmd3UUc4UzdKQ0lvQk1ZZ2RwanhRU1ZfQmpOcWFnaUNJa0R1ZVFjTi1vaHd1aVdZcTFRQVJBeGJhS1R3?oc=5
치악산,기타,중풍·암 환자와 함께한 원주 ‘치악산 힐링여행’ 호평,1,1,일간투데이,2013-05-17,2013-05-17,https://news.google.com/rss/articles/CBMiakFVX3lxTE9jT3N6bW05azBBOGJFcmNad1ktMEV1ckNLckZsa29keUlodU1NeUlFOEotV3lMV3R1UWhtOFN6Z1FWc25VVGlJeTM1d2dxOVhtdVdUSThnT1VXZzdRdnF5dzZPQXkzVkVMOUE?oc=5
북한산,기타,"북한산 속 북카페, “책 읽으며 자연마셔요”",1,1,에코타임스,2013-05-02,2013-05-02,https://news.google.com/rss/articles/CBMiakFVX3lxTE1sZ3lGN2RrdXpJQkVfY3V1em45dVZsYkVVTmM0cURkbUF1UXpIWXpSR0k2RUpmTEk1em85Y0piNGtHVEpObzM1NkRURFJSUVlpWGpSS1c2NzBsWTB3UllTdDd2WWR3SE9tNnfSAW5BVV95cUxQSzcyS19IZ1pkNlVZaV9pdThKMUZBWFJVV2F1OUJGd1VJYWxwajlkVkdDeDM3bHlXeElDNXhleXJFUmFfaHlVNDh3dGtqbkFXV1pMUjRUWXhOSjB3S3VLRXpJRWREWUExM1FjYklRQQ?oc=5
무등산,자원보전,"[특집 무등산 국립공원 승격! | 동·식물&자연생태] 하늘엔 말똥가리, 땅엔 수달과 삵",1,1,월간산,2013-02-15,2013-02-15,https://news.google.com/rss/articles/CBMiZEFVX3lxTE0tNjVPVHdQcVMtSU5YZGtiTWl5a1c4ajlXbHdZek04T09pMEhrRWRPb2hzc1ZkMmZ0aHAwVktCMkxpZEJNbXJra0ZjbzdDQVVrZDRtZlU2azRaMzBxQTAzbE1qV0PSAWhBVV95cUxPU2hqVUlzSW9kT01WR3d6blIwMy1CVXluMElQMzktU0NaVDYta3NyZUl4WGZaM3RraGt5OHV6QUF2bTRZWHI4QjAzVW1aZkRVeEVBZXd3MXpwaGpmUDlkbzkzdUM5LUJZWA?oc=5
덕유산,기타,"[현장스케치-무주덕유산리조트·유성기업] ""노조가 싫다"" 노사관계 막장기업 사용자들의 '변명'",1,1,매일노동뉴스,2013-01-11,2013-01-11,https://news.google.com/rss/articles/CBMicEFVX3lxTE4yVXp3dGJYSC1EMjRyWXJsWUZfdVdKUVo3TzNpZ1pZWG1QQWRydlF4MHRfZVQ1OHIySVZGT3NoanE3bzZVd243ZGRFelVuckprMHNrQjdFbXlQT2pQeS14dERVcjJ2RXJjZ0hxNEdvbjQ?oc=5
무등산,행정,[무보협] 무등산 국립공원 지정 환영 성명,1,1,광주in,2012-12-27,2012-12-27,https://news.google.com/rss/articles/CBMia0FVX3lxTE9yb0Q4RzNieWhJR0hXZFNUSEEzMUVmNHJwT0ZFSVdfTC03UUY3WHhmSVhYOFhXRzgxTUVVbE9uNEZFYjM3Sld3eGZ5N1htTnZ6MVVuQVh6djBDdHp0cUJLOGJuNGp5MEU5YlVN?oc=5
소백산,자원보전,"소백산국립공원북부사무소, 노리뫼 생태학교 수료식",1,1,충청신문,2012-11-22,2012-11-22,https://news.google.com/rss/articles/CBMiakFVX3lxTE9YbER6Y3V1MFNYTDNUcjZtUXdsd25LbFlCdFBIenlvUUlxUE8xVV9WcUFtMC04bUhaZ2tDcXNXMEVwd1J1dWhkQ2EzS21ZcHdRZUs0ZG5IUTdhMHlQc0tTczdmOGFmREIzVEE?oc=5
(전체·공통),기타,주민소득 올려주는 국립공원 브랜드,1,1,대한민국 정책브리핑,2012-11-01,2012-11-01,https://news.google.com/rss/articles/CBMibEFVX3lxTE1BbGY5U0tlV254STQyNnBTSVU2aDNzLUk4M1NvUmtQY25Gb19ic1paQ2VvcjlxRGozY25BamlQX2I1U21Cb1Z3bjdSdmRXaHdVdDdvQTR2dUFwSEFVemR4VVFfT2lUR25mckxSYQ?oc=5
속리산,기타,속리산 국립공원 진입로 임의 차단기 ‘말썽’,1,1,영남일보,2012-09-13,2012-09-13,https://news.google.com/rss/articles/CBMidEFVX3lxTE1FYU5xMlVNaFdWdTctaXZNLURaSEQzRjBXUEYwcEtuTDhzMDdvXzRwSEhxZlEzeEotRjI2cE5nMzJXTWZ4RlJWVmNNZUVQNHI1QnZUdXRNdFc3Wi1XTkR2eXpubTBua1ByOHpLVnBvUjlQVWhX?oc=5
설악산,구조활동,"[포커스] 설악산사무소, 스마트폰 산행정보 앱으로 조난자 구조",1,1,월간산,2012-08-08,2012-08-08,https://news.google.com/rss/articles/CBMiZEFVX3lxTE5LaE13XzZYOGt0Q0VfQ3FDTFc5dmp6ODBva3JBc25pWi1wckJLQV9QWllXX21FSFpBSFdWZGxKRGt2aGFNb1hUVUdGbTBrZ0I5VHJLM2lkckRqc1Viakg1cnY1aDjSAWhBVV95cUxPTVVHbXFwVmZhLU1keFB6MEF0WDB3bmZlMDhlWmRDODZXYnk4VjZYc3RIbzdqM1RJT1ZiQkxPYnV0MjI4ZzZ3V0FNamRUNmVVc05mWEplellWRl8tMUFoZmxxN1laQVlTOA?oc=5
치악산,기타,‘치악산 담비’ 새끼노루 공격 모습 동영상으로 첫 포착,1,1,경향신문,2012-08-05,2012-08-05,https://news.google.com/rss/articles/CBMiWkFVX3lxTE5zcVVsQUVzOTRGbncyWWZXMTJWYkgyaHdCdzA1eElEeDlaSkY4ZlpIWFp1Y0Z3WXF2OTd2b0ZtZlVBRUR3ZjFERHNkV2JfLV81Qk1qUVYyU210d9IBX0FVX3lxTE9qZllQQV81V05IenZlQWMxNHhYSUFPM0RWTFNoWHB3bE1QMWNBTjBFNkt2WkJyTXN0VGczMFBLamNob1ZLTU1GM3p5WVRxLXNkbGtxU09GY2ZtT2JkSnhF?oc=5
오대산,기타,오대산 국립공원 ‘6번 국도의 저주’,1,1,한겨레,2012-07-02,2012-07-02,https://news.google.com/rss/articles/CBMia0FVX3lxTE1FMFJNZlhHdXhCc0hBMkFlejkwQ3lpbW9CT0VXVjhhdVBleUFHRllJYV80OXFoWGFaSFQzNDdhdm00RmMyQTM4S281MGNtVmdVbnpmR2RBbmM4MGF1a1h6RTRqblZ3ZDhaYjZF?oc=5
가야산,기타,가야산 꼭대기서도 휴대폰 충전하지요,1,1,서울Pn,2011-11-03,2011-11-03,https://news.google.com/rss/articles/CBMiugFBVV95cUxQaTBpSjdoZVhGUlk3eTB5RklDOFo1UmxqSkZZc0RYQlFCX2k0aHhvWGtkRVZ6WHZBd011U0JSSUEwSVhvSEF2Z2k5dzQ4S2VvVVNfYnYtWlMwTmVpLS0ybm80S1BSc2NfRU0zcGc2S1hCTmcwdWVmOEFfRlh3emR6VVNBcFZ4WmZ2ZjZGZkFtZTI4ejE1a0ZUbk1adXlVVUxGTzFncVpnWkRpTUZkOVAyX1hSdXRiQ3plY2c?oc=5
(전체·공통),기타,국립공원 산행시 다목적위치표지판 기억하세요,1,1,환경일보,2011-11-03,2011-11-03,https://news.google.com/rss/articles/CBMiZ0FVX3lxTFAwampBck43aEFVajFpN0RzcjgxSkhSeHFtT3E3LUM3dWdKa05XelItZFhabjRJQ1R6ak1LQlV1MnN6TGZzU2hUV2JxT0dYMTZScWMzVFcwVDVBa0JnY2ZwNXoxYTBweGs?oc=5
변산반도,기타,"자연에 대한 끝없는 사랑, 변산반도 지킴이 서현종 씨",1,1,부안독립신문,2011-08-11,2011-08-11,https://news.google.com/rss/articles/CBMiZkFVX3lxTE9LaWZPYU14NDRJeldHWVQzR2l5UElZUS1HV0pveGh4SkpIU0pqckVUa2FQMk90OFdLZ2J1eXBuaFIyNlNoNWZaa05zU25oYjdFWlI2MTItYjFteE9oYXB5RWdUS25Jdw?oc=5
계룡산,기타,[계룡] 계룡산 갑사 입구-짓다만 건물13년째 흉물 방치,1,1,금강일보,2011-07-15,2011-07-15,https://news.google.com/rss/articles/CBMiZ0FVX3lxTE9XbkwtbV9JRzUxZ3VIa05FX05KUUFwTG1nc1RJeTVOS3JORm5GYm9iN0QxQWpXaXN6MThzSk11dWhmOWRaUVNnVkhEMzd4LUhlUGRjb2RzQm5HdnZxczZBU2JxUm1ERWs?oc=5
가야산,행정,"공원관리공단, 가야산골프장 사업신청 불허",1,1,법보신문,2011-03-31,2011-03-31,https://news.google.com/rss/articles/CBMiZ0FVX3lxTE4zMWdqVXh2ZlBwRWloRUhLTm85YXRuLUtTWEVkSWFobk9oVjVja2FmNHFsMC16OVFuaUtFTE5JT2p2a2hpWGpCUl80bkZmaFYybzA5Q19KeUpBQ1pRNUZLcVZfNlFWRXM?oc=5
(전체·공통),기타,"[포커스] 점봉산·계방산, 국립공원 편입돼 법정등산로 생긴다",1,1,월간산,2011-01-11,2011-01-11,https://news.google.com/rss/articles/CBMiZEFVX3lxTE5YYkpfQVlmcEdlZlVkY0NyYVh5YkhUUVJsdFVFN2tYdVBHYUVJWm1qUjlGTV94MTBHQmI2MmZaLXJnM2VBZHNpMS1ILVh0MHB0VFZhTG5jS21vQnBZVWM2Rk9rbmTSAWhBVV95cUxONi1mTHJabmItczJvNHJySi0zSGYybVpZbkdfSGFBUmNYM2JmOERxS295U3F3QWxzMVZmbXUwbTM5SHo5WUNzbGJrNllFYVRHdTZfd3p3UUlpelpBSTRIbzVLWUFIblRWeA?oc=5
북한산,탐방시설,북한산 탐방종합시설 ‘에코 빌리지’ 착공,1,1,한국조경신문,2010-08-30,2010-08-30,https://news.google.com/rss/articles/CBMiZkFVX3lxTE40LThzQmNKQVV4bEdqeGROdml5S3FzNkxvVFZxWHRwUGJ1ak1Zbm1tSUVpZ2MzcTNzYmRobnc1QVpjYl81UjZTOGI4NnFVYWtHZDdWblptSEI2SlY3R293aXowU0tHUdIBakFVX3lxTE8wRUE4MHE0aE5Ccjc0TmtXbTlIbEg3UG0tcm5YWlZmUUdtRnAtRUxLU3pWMlY0cjZTVHRsUlpuRFpEVmQ0b2FWU0tSbjdGcU85V0RJOGVjS3BfWEY5aFNiSUhQb0F4bEI0TFE?oc=5
(전체·공통),행정,국립공원관리공단 '규제완장' 벗고 지역경제 도우미로,1,1,sedaily.com,2010-06-29,2010-06-29,https://news.google.com/rss/articles/CBMiU0FVX3lxTE9ZNDRtOXZfRXowVW1zVzFYUDlrbG43ZXBiZE5HNWhiZ0lrRUh2SEs5Q3prbnZXdUZtcklLV0dqa29CYzRMM096X3JXeWZkWmk3YW5N0gFTQVVfeXFMT1k0NG05dl9FejBVbXNXMVhQOWtsbjdlcGJkTkc1aGJnSWtFSHZISzlDemtudld1Rm1ySUtXR2prb0JjNEwzT3pfcld5ZmRaaTdhbk0?oc=5
태안해안,기타,태안해안국립공원 대폭 구역조정 마무리 단계,1,1,연합뉴스,2010-02-21,2010-02-21,https://news.google.com/rss/articles/CBMiW0FVX3lxTE54Yzc4cTBYSGFUdkVrV0dKX0pQaUpRU1h3cFBzZnI2V3A5U3pFMnZYdzlqYXByWlRtNGxQSG1jMThTaWV1V2UyM3Z6WlB1MDhCTmtIbTVQVGtrSUHSAWBBVV95cUxQeVBFMGgtN2NYcEV5ejNtSFZJaUVVYU5JRm5Cb0hJYThHdnBPX3pRWnNNQ1JoWldlRWdIY3g0RmlyM24xeF84WXoyM3RsSExVcEFmWDZSMlE0dlNZdUJjRW4?oc=5
치악산,구조활동,[피플] 치악산산악구조대 초대 대장 조원택 씨,1,1,월간산,2009-11-25,2009-11-25,https://news.google.com/rss/articles/CBMiZEFVX3lxTFBnV2dVd1NSbnNtZ1JIdTIta2xDcDV2NnFQQmNCRFlSMEx2YzZSRTlLczhJZTl3d1pNblpTbGJ3TU5SX0RCdGZVdm5mR0xCcTFSWkMtaG4wZ1lYTXBMMkxCOXI0QVTSAWhBVV95cUxOTmx4UHlEWmo5LTA3N0laNjVrcE52anc3dnFScE00b3gzdGxidUpqU3FpVVhNYjNpN0xHaG8waGdFNEgyWUROZmFyS2JCZjd4YlBTODN2eVU5R0ZBb3BvVVY1NXl5dlJKRQ?oc=5
북한산,기타,[북한산·도봉산 암릉 | 암릉등반 주의점] 기본만 지키면 사고는 없다,1,1,월간산,2009-10-29,2009-10-29,https://news.google.com/rss/articles/CBMiZEFVX3lxTE54TFpvMTRLN1hZa012WFl3MTRqMGljbGVlckxBeWFQQm5yOWVlVnJaTjBWLXctUm1QU3V0dm1STWdTOC1Nd1VpOFMyNVlmWDRWR2VzY21zSHpQdTFSaEJNOWw2OEE?oc=5
(전체·공통),행정,[국립공원 정책 해부] '황당무계의 극치' 보고서로 세운 황당한 공원정책들,1,1,월간산,2009-08-28,2009-08-28,https://news.google.com/rss/articles/CBMiZEFVX3lxTE1fd0FPZE96Q1NZeDV0ZmVHdmpsNFJfWHNVdXptNUE3TUVkTndadzVOS3FNX1VDVHRkUDk3bEkyZWx2RU02NU9FOG1ZVWVCeHdkTDJzQ19uTkxSdmdRR3RiRG1OVy3SAWhBVV95cUxPb2t1QkZhUEo4clhsSGxVTTdnS1ZEaU9xODJENl9FeEF4V2JBLVZJUU1sWTJjelRKRTVjbFAxNkZNR1hYbDZ0Q1JoT0pzdXAtSTJyRlZjcGpOYUQ3cVBhZEo2NnM2RF8zbA?oc=5
태안해안,기타,천리포수목원과 태안해안국립공원사무소간 협력체결,1,1,taeannews.co.kr,2009-06-25,2009-06-25,https://news.google.com/rss/articles/CBMibkFVX3lxTE5yb28td1NaUlpkbUhkUFlPN013Y04taTI1TGxJMXZCS1YwcHYwUlk3a2RhTVRQSUVBajZ1b0lRc3NkbUZSRXlkTng5Y21xYTVxY0VOVE1PZnZ2bm9BZ1hyTkwtZVgzMzdWeDdoTm13?oc=5
계룡산,탐방시설,"계룡산 탐방로 애벌레, 인체에 ‘無害’",1,1,특급뉴스,2009-05-31,2009-05-31,https://news.google.com/rss/articles/CBMicEFVX3lxTE14RlFJc1FwNnRkWjV3bVkxUE15NGZmT2dwdlZEZk9hQWlyWXV3Z1RMdVR3RXNNZlhtU1o3eEpEa3I4RGJYLWV6UmxHbm5TbzdzQVVEUzZCS2t0VWhUS2VvWG9kR2hheVVWQ3RfWkxKUl8?oc=5
오대산,기타,"오대산 살아있는 화석곤충 발견, 국제 학술저널 인정",1,1,환경법률신문,2008-08-06,2008-08-06,https://news.google.com/rss/articles/CBMiZkFVX3lxTFBOSDhMeTdvQ1daREtycjlXUGJCMVVSTDBkOEVEX1hfVDNvLXJtZnhsQzB1dV9vc1BKYkdZWEMtb0YwUm9hZ09lcjY3SS0xVkJBUFVQYmtRbkY3cHZfZ3VPcllkNUNUZw?oc=5
태안해안,기타,태안해안국립공원 50km 해안선이 기름범벅으로 초토화,1,1,위클리서울,2007-12-14,2007-12-14,https://news.google.com/rss/articles/CBMibkFVX3lxTE5uRElyb2tGZXVDUFc1alhtNTJRSXQtZHNJeVh1UHRmTERUZlVuLV94bHZuVWU1dk52dmpSUjduME5Ra1Z3TVZoeDd1OHlLRjloVWl3WDlodUJ5amE1dHI4b1VRZHFKZWJlNVRZdlhn?oc=5
(전체·공통),기타,태안국립공원 유조선사고현장 '르뽀',1,1,강원신문,2007-12-09,2007-12-09,https://news.google.com/rss/articles/CBMiZkFVX3lxTE9reFNtQUpucXZyZDk5UlJ1RGs1LUF0Y3VTbzZxTHFRSjVRbDlRTk53Z1VKdFloaGZDcko5SWlaUHdXb2Nub1JzUzhGVVdHVVNCOXdvUWx1SVVFZXNIZURSQVJhQW50Zw?oc=5
(전체·공통),재난안전,"[국립공원 정책 해부(53)] 검찰, ‘문화재관람료 불법징수 형사처벌할 수 없어’",1,1,월간산,2007-07-27,2007-07-27,https://news.google.com/rss/articles/CBMiZEFVX3lxTE9ybjZmb19TWlhrNjlFYVdEb3FHVnFudFVPLXdtZTdaSkpENWdQaTVzSXZHbVRLclVBRHB4ZU9SSDdReTdMZGNuZ0paTlkwRWVMeHlTR2lxMFVReEN1OTZnRjNWVU7SAWhBVV95cUxPQnVNX2Q1NS1GLWpzTnV6Xy1tT1pUMFM3LWFUWUgzdF84M1pGMURwYkZOY0t3OUw2MFgwYUtwZU5qRVI2c2tOLVctWjFfU2tLd0dtcFEyaENPb3JRVm5jaEYzcmp5NXc1Zw?oc=5
지리산,기타,죽음 부르는 '지리산 관통도로',1,1,OhmyNews,2007-06-26,2007-06-26,https://news.google.com/rss/articles/CBMid0FVX3lxTE9BTEJkS09SZ2g3QVladGJTQlJmUl9paEJwR0V0ZVZpVXF6UGNRMzhsR1ZsMEF1Z3N3MTNTRjZpVXhUX0lrMG5iSENYYXV1dHNtZXFGUjBtYlRtYUZFTDE5MGdWSU5OZVkya2NIOUVvOXNkT3NfYTBB?oc=5
(전체·공통),구조활동,[국립공원 정책 해부(51)] 등산객 구조 역할 무시하는 대피소정책,1,1,월간산,2007-05-18,2007-05-18,https://news.google.com/rss/articles/CBMiZEFVX3lxTE56My1oamtNZDFzbVNndHcycEFQN2NwckZmSEpMeWhSVkhXNVc5NmJwbUhEOEJXZHU0QVJwbjkwamxVek1sTXlSQjlIMzhFS09zTlI5eDY4YUxMMVgxQW5rV0g3QXk?oc=5
내장산,기타,"[정읍] 내장산 삼거리에 교통섬·조형물...주민들 ""사고위험·상권침해""",1,1,전북일보 인터넷신문,2006-03-09,2006-03-09,https://news.google.com/rss/articles/CBMiVEFVX3lxTE5NZnlPV241TUN3NlR1M1JCOHItZFd3V25ES0tzNFVab1RwcWd6Sy1PRXIyVUtib2R6ZGR2bzB5dUcyZGlENVk2UkFOR1MxalRZRE1qQdIBWEFVX3lxTFBwZHI1MF9aRkdZR0ZDbVlTWHlZc0drUnNLMlRKcDRqZEFic2dyYTBzZ3laVUxKZndldF8xekF5NVdpUEVrY0ZqREltY0hEempRUE1nQ2FhYlc?oc=5
내장산,재난안전,내장산 피서객들 대피명령 무시했다,1,1,정읍신문,2005-08-25,2005-08-25,https://news.google.com/rss/articles/CBMiZkFVX3lxTE5nS3RYM0RQR1NoLWs2NjVSWFE1WWp4T01DVHN4YVJaQWVXNXU1WHJTOUlYdWJtN3EwdDN3LV9GQ1hXbks0aXNxdnNha2RxS0pPQ05wNVJaWVFQM0VqbTBibzd1ckR6QQ?oc=5
월출산,기타,"영암교육청 주관, 월출산 자연관찰탐구대회",1,1,영암신문,2005-05-20,2005-05-20,https://news.google.com/rss/articles/CBMiaEFVX3lxTFBnWkp6OFFvcUl5bFpjVmNzVjJMV2hHVUZDUjdXamYxZDJFREFxLTNvQ25tbjNZNTNTNVhmV1BsNEhHNnRabzdnR2IzWUplaThrSVdpYjVSZjVsdm5BRHhWc3dPV1h0YV8z?oc=5
치악산,기타,치악산 일가족 4명 농약 먹고 동반 자살[전봉기],1,1,imnews.imbc.com,2002-04-05,2002-04-05,https://news.google.com/rss/articles/CBMid0FVX3lxTE5oNTRjVnZCMTZzQXpUTEtyVVFxd0FaUnotdU9CTjBNVHZwb09STHFvaEVUdDJ1Uno5OUxwelZlSTA3dTV4d1d3eUMwWXREbm5POVhHWHhsbVJITU1sRmFIMWh1YzNSakdJU0NZSnZZR3FIRlNHN3FJ?oc=5
