{"type":"FeatureCollection","features":[{"type":"Feature","properties":{"id":"geumjeongsan","name":"금정산국립공원","year":2025},"geometry":{"type":"MultiPolygon","coordinates":[[[[129.03217075420955,35.22063835820747],[129.03235092557435,35.21903145653623],[129.0300523825584,35.21837227254169],[129.02811181552065,35.21689736181337],[129.0267161965407,35.217451336288605],[129.02649065384048,35.216565309637154],[129.0245857979544,35.21610482153065],[129.02106779277028,35.217186896863296],[129.02157499213652,35.21984801007748],[129.01965997431805,35.220894282657795],[129.01758394549208,35.219076640225154],[129.0181393840331,35.215195161192305],[129.01680051370502,35.21479561802357],[129.01475611800052,35.21535556282305],[129.01626548486445,35.21648132955746],[129.01455381286544,35.2185637911931],[129.01509167582188,35.219271549296394],[129.01386419589497,35.219835041657085],[129.01201028039856,35.21869157205288],[129.0129088826492,35.221811255815105],[129.0166597022642,35.22445420054831],[129.01509196403674,35.22515197872755],[129.01561991701047,35.22600010712742],[129.01698109192913,35.22495189999749],[129.01964566681906,35.224809954890596],[129.01812402754547,35.22593094159654],[129.01777557325647,35.227992203345245],[129.01597593516692,35.22785653329731],[129.01751709170154,35.230505152166856],[129.01937192395312,35.23025129829363],[129.018297789289,35.23172307926519],[129.01947780996883,35.23253268455092],[129.01873734285974,35.233017083488576],[129.01924443781635,35.23365298133948],[129.02378583423072,35.23433024671315],[129.02413981082807,35.23293624308559],[129.02953363667734,35.22973294055827],[129.02928591482927,35.230776415596814],[129.03030295770307,35.23101221282516],[129.02497843307415,35.233535008580795],[129.0266612622412,35.23518816086307],[129.0286227051289,35.2343569198513],[129.02829966521912,35.23534648593337],[129.02684402246237,35.23546090474762],[129.02821721825492,35.23567748783893],[129.0272757760677,35.23626859508573],[129.02788902074153,35.2366753350766],[129.02489476937663,35.23896680142519],[129.0276033505129,35.23943301426937],[129.02895537103228,35.23922044921593],[129.02980586592963,35.23921858440011],[129.03270882816062,35.23950657425407],[129.03257820974218,35.240067097842235],[129.02905004496998,35.23924759295436],[129.0267170452746,35.23985619881102],[129.0249477960524,35.23955032096671],[129.02486193955085,35.24034610630148],[129.03024811149362,35.24420376302786],[129.0302055076041,35.24514787515151],[129.02924258904056,35.245097625710336],[129.03149317968715,35.24634216532411],[129.0330582031016,35.249125273641965],[129.0333916634245,35.2483596941783],[129.03479145194473,35.2489160125983],[129.0335252563708,35.24960261783086],[129.03819074184128,35.25051291754823],[129.0375005362253,35.25126988286951],[129.03851754124608,35.25190605336608],[129.03596927791094,35.25037502360096],[129.03541711808762,35.2508536028009],[129.03013834189943,35.24748483197014],[129.03058595436198,35.24851327013807],[129.02874493531897,35.2485181084923],[129.02841010686026,35.24689412612664],[129.02980696281563,35.24682562922974],[129.02853487099492,35.24511852515537],[129.02774011462714,35.24643558247795],[129.02689929088376,35.245922522634146],[129.0242211484156,35.24787883466981],[129.0243281665535,35.24541041062806],[129.02222887952388,35.245744610276084],[129.02099448792944,35.24472702262392],[129.020584699822,35.24590431791927],[129.0202843551807,35.24454527926085],[129.01851119906422,35.24488600653532],[129.01880375268854,35.24405866989211],[129.01745165506443,35.243519992365925],[129.0176927972681,35.243882085876734],[129.01750240583112,35.24559264552],[129.01713921214207,35.24338480216115],[129.01557052772196,35.24195028505287],[129.01494777624515,35.24344290885955],[129.0156872348478,35.24567795539924],[129.0165614284717,35.24514031687463],[129.01692260771614,35.24606367853782],[129.0160229437679,35.24643607240152],[129.0168472550303,35.24837344008396],[129.01621161532583,35.248383837841764],[129.01801775655946,35.2496483051584],[129.01615980619565,35.248632622937926],[129.01676235271984,35.249416537537265],[129.01586532238514,35.25043138081972],[129.01774728710674,35.250991557532274],[129.01585797206383,35.25048447530362],[129.01572784855244,35.25248484014362],[129.01852831689834,35.25270332306444],[129.0157344222141,35.25298625672371],[129.01566525412193,35.25396307390482],[129.0175690144379,35.25379795300331],[129.01692384476854,35.254033913328335],[129.0186866029689,35.25457666468843],[129.01443414661887,35.25440927688486],[129.01794802806472,35.26028095062171],[129.01929967282015,35.260561948223206],[129.01999952909068,35.259635642335056],[129.02174451392665,35.25877862838794],[129.02010307554073,35.26097197917405],[129.02119443475277,35.26107070194196],[129.02074520193972,35.2615238673342],[129.0224082202276,35.26301708519006],[129.02385246157863,35.2625258661469],[129.02305484825968,35.26341784565403],[129.02359365900307,35.2640893452773],[129.02510765708718,35.26403102717854],[129.02378984622328,35.26446576876467],[129.02438610441135,35.26678703369546],[129.0252387436631,35.26708007909079],[129.0244365686529,35.26686647760552],[129.02398711097123,35.268135209889465],[129.02536634253815,35.269452751358614],[129.022447045122,35.26864620674483],[129.01944171990138,35.270782427993275],[129.01962507759634,35.2722848415589],[129.01872203977288,35.27204905541702],[129.0183168204003,35.27302786839359],[129.01816448474716,35.27366550470823],[129.02006227369537,35.27398862887699],[129.01783665727507,35.2762311450161],[129.01899561725034,35.27791414945742],[129.0178727644358,35.27873852600357],[129.01915273317695,35.279242165837374],[129.0191929325612,35.28263364768693],[129.02317840722654,35.2836261999661],[129.02331532049746,35.28423800998906],[129.02045989589854,35.28423864530351],[129.0208476124802,35.28494514154379],[129.02382188682657,35.28465973449871],[129.0243313441355,35.28333446428009],[129.02979828341975,35.28368502034638],[129.03163759061187,35.2826510297912],[129.03050584700273,35.28407456193502],[129.0265671828197,35.285417723669944],[129.02912310571708,35.28501964135625],[129.02604166282688,35.28881265288234],[129.0254436298334,35.28857329455068],[129.02693767799548,35.28710504643416],[129.024053116726,35.286056257032605],[129.02478727752415,35.2873365298738],[129.02318541428522,35.28754481098423],[129.02292646230654,35.28890258518612],[129.02466448078184,35.28899514494053],[129.02445866829208,35.290790393129946],[129.02749294613918,35.28861408052833],[129.02875110836666,35.288095931729806],[129.02900682346248,35.288348237588444],[129.0265234187423,35.2900449306092],[129.0293781800832,35.291398885322444],[129.02569099003938,35.290741138917674],[129.02636227305317,35.29227806676741],[129.030906606849,35.29284209251415],[129.0296785083472,35.29345593321854],[129.02639063989741,35.29233814702576],[129.02788650766254,35.29544647747775],[129.03156239172534,35.29508662547408],[129.02876422994652,35.29613497309672],[129.03047677464878,35.29642951032336],[129.0284150298655,35.296675943032994],[129.02855557912622,35.29700626891199],[129.0303479158617,35.29708445827533],[129.03159985750304,35.29585557057631],[129.03350183714466,35.29688192798323],[129.0332462404789,35.29515429855044],[129.03435739939994,35.29424544596108],[129.03566614477938,35.29561141742463],[129.0353803200429,35.296576349023184],[129.03774141850792,35.296129683380926],[129.03614127234277,35.297318734379836],[129.03706689186922,35.29821450821788],[129.0335947543141,35.29809161051821],[129.03340361353426,35.299169549290326],[129.03237586272277,35.29823597099007],[129.03252510036918,35.29916133321796],[129.0312653543907,35.298730659503626],[129.02882885336905,35.30044453643441],[129.03468792481283,35.30375844304788],[129.03905588064146,35.301420159374715],[129.03967250427044,35.301899133577045],[129.03580982265476,35.30372186110708],[129.03902524801282,35.304794743635455],[129.04203004285782,35.30375083086724],[129.04349284008094,35.3048429730238],[129.04529008246487,35.30466044536947],[129.04391606830097,35.306065366031014],[129.04219394649974,35.30443210285199],[129.0404189310022,35.305111959826625],[129.04088580543035,35.305643558287365],[129.04032304018054,35.30526921055065],[129.03993548036476,35.30531877232257],[129.04157566048937,35.3078147865242],[129.03905380249415,35.30505629290096],[129.03563769193977,35.30507354596875],[129.03592638676386,35.30541215147895],[129.03595805381732,35.305602071273405],[129.03438399873448,35.304679581193696],[129.03440699358032,35.305665886223004],[129.03088701847452,35.30605857821241],[129.03334543861558,35.31166353200726],[129.03651583525487,35.31405677629237],[129.03792245353108,35.313934369733595],[129.03649450545058,35.31492498347967],[129.03917548107998,35.31548830529547],[129.03762789718988,35.31619186153139],[129.0364103656917,35.315042804043145],[129.0339188040445,35.31674173314083],[129.03403175127818,35.31917585702964],[129.0355763407455,35.3202355959205],[129.0355877221534,35.32458309722008],[129.0364532655646,35.32567246998625],[129.0373341717838,35.32482433823577],[129.03841376286897,35.32526871152008],[129.03750795171956,35.326291840353726],[129.0382021617631,35.32730604530998],[129.03890135019995,35.32751779478245],[129.0393644337712,35.3262956993427],[129.04042956636926,35.32807645789791],[129.04260310844103,35.32895276372529],[129.0433835787431,35.32857195241043],[129.04242767880226,35.327731348216666],[129.04250704628268,35.32588932606549],[129.04357899069913,35.324869491111734],[129.0446865271651,35.32596763199118],[129.04710684366313,35.325119743998194],[129.04640559917053,35.32449604346103],[129.04679094525264,35.32298424190508],[129.04849810767138,35.323566264016314],[129.04811005640033,35.32495073994844],[129.04867228337352,35.325181508121624],[129.05226845845334,35.32419210801383],[129.05144838616937,35.323819019559004],[129.0515385878662,35.323369983956674],[129.0532992819047,35.32362055181522],[129.05102111259166,35.3216621595486],[129.05355722944398,35.32116673988533],[129.05354608062325,35.31948548195987],[129.05168637466053,35.31777480372081],[129.05330836036325,35.3178284602124],[129.05264676256516,35.31704486442431],[129.05364418310782,35.317295712646185],[129.05467337282366,35.31526715737807],[129.06071022749947,35.317441431589984],[129.05991754146675,35.31538678368476],[129.06187500945632,35.31486901752716],[129.0606253201899,35.313576468037645],[129.06132024169,35.31246469502002],[129.05974841163186,35.31180432366065],[129.0597609409873,35.312711147418774],[129.05786504461994,35.31301930805009],[129.05812850411277,35.311887207413534],[129.05596238340124,35.311184595156654],[129.05522038234403,35.30992440441081],[129.05824966416588,35.311722708516406],[129.0599532774887,35.31156117251489],[129.0609023032508,35.311881627654],[129.06606738627636,35.3091775771917],[129.06494135919934,35.30695281984997],[129.06599317237723,35.30665686961304],[129.06640607088107,35.30503163558742],[129.06528260304586,35.30401077039726],[129.06728448766282,35.30288354422525],[129.06719031899996,35.30149990418442],[129.07010680556238,35.30139070005706],[129.06936393085996,35.300962273550496],[129.0700376577562,35.29946311999457],[129.07083044247537,35.29957471253164],[129.06765026119564,35.297891431610495],[129.0685499884183,35.295396537964415],[129.06972056253204,35.295361466401616],[129.06957276035212,35.29671407353696],[129.07052377741277,35.29640358792791],[129.07424296681302,35.29858935092401],[129.07357490028838,35.299400988071476],[129.07438675033018,35.29990094832757],[129.0746935582017,35.29874711795208],[129.0762722450021,35.298740383443366],[129.07589675963445,35.297557957268054],[129.07693924961646,35.295888040263],[129.0786882601046,35.29646946845672],[129.08040938227415,35.295572168986226],[129.07955401802715,35.294120649260016],[129.08025888390907,35.29365385747025],[129.0827294873308,35.29658281330895],[129.08333561062918,35.29555789887795],[129.08263562012445,35.29503085927125],[129.08452270381034,35.29620845085255],[129.08535913813716,35.29498113833665],[129.0836833676625,35.295080383483665],[129.08400192312726,35.29338597848314],[129.0857643977688,35.29441767248186],[129.08687308947867,35.29385090511838],[129.08618185205424,35.29295855635969],[129.0869843733074,35.2924672381217],[129.08519046947484,35.291386661060386],[129.08765571433727,35.291419486690785],[129.08628797768105,35.2892295362828],[129.08758177668608,35.28917334109294],[129.08740915714364,35.28677334067295],[129.08897112814185,35.287845179295324],[129.08878512187064,35.286754743376925],[129.08991968320015,35.28778475877213],[129.09065786075848,35.28700282083647],[129.09048084072973,35.28562918980318],[129.08484042793503,35.28604616560153],[129.08511934773213,35.28231844774524],[129.081280062729,35.281037738716684],[129.08200175966735,35.27887067215466],[129.0845370982819,35.27762861715058],[129.08087847234634,35.27829593072538],[129.07982359097574,35.279420811775815],[129.07623476407684,35.27968897014338],[129.07419916022363,35.281586121514046],[129.07426861900862,35.27932514429113],[129.07338314725948,35.27902443840291],[129.07532236972443,35.27845432810068],[129.07636819914615,35.27930026591625],[129.07570613861188,35.277760473182624],[129.07643010991634,35.277621797419314],[129.0743713662197,35.27699138592013],[129.0739879214744,35.27780938491089],[129.07181333708303,35.276640650402264],[129.07285893320068,35.27530545194717],[129.0803631097642,35.278003630869236],[129.08366111077535,35.27578399164467],[129.08297339240806,35.27521044159341],[129.08468594378238,35.27329009262054],[129.08306560142816,35.27350253110339],[129.08346856450646,35.27268336516346],[129.08168459844293,35.271939968843064],[129.08476022172877,35.27154905790839],[129.08479149480462,35.270646647374626],[129.08362349446793,35.27052393779489],[129.08462237965634,35.26953107955778],[129.0817914931362,35.268299288513134],[129.0801507352234,35.26999218593836],[129.07723768898856,35.27063403461027],[129.07799079247613,35.26994003060401],[129.0750410001072,35.2692318709654],[129.07664672207423,35.269189549290246],[129.0732246792017,35.266660337753834],[129.0752212934946,35.26548353038589],[129.07777308913316,35.26598912179029],[129.08397478698706,35.264396570400685],[129.08107210140363,35.26357797259663],[129.0816796884175,35.263671527212075],[129.08168185607505,35.26187733852759],[129.08334727027486,35.261999919092396],[129.0830535206722,35.26091441444404],[129.08396364589186,35.26096393362515],[129.08409713968248,35.2566789783894],[129.08308893704796,35.25719679910598],[129.08228021780607,35.256737697449005],[129.08402370633738,35.25623843578451],[129.08330551413337,35.25451088023525],[129.08463417363873,35.2537229514275],[129.0814976132276,35.25280897227283],[129.08446671410567,35.25078390127348],[129.08459662581748,35.24845359354161],[129.0826121044547,35.248856912858166],[129.08392263019732,35.248082849851045],[129.08267379409102,35.24665580637206],[129.08274253301275,35.244216487521655],[129.08097660969966,35.24157877425209],[129.07952936699672,35.24136206344145],[129.08043875476503,35.24083733799031],[129.07963646266577,35.23984595338255],[129.07805223473957,35.23857551371002],[129.0760578768359,35.23871997611572],[129.07291775426017,35.236037784231584],[129.07426760008383,35.23254454292405],[129.07265399776594,35.23257097244205],[129.07203708605837,35.23165868832711],[129.0730940517958,35.22961843354387],[129.0719240809857,35.22789678233911],[129.0736569497437,35.22730679712972],[129.07021293218867,35.22259838472191],[129.07495529785808,35.21931978748535],[129.0722218985529,35.2197804419575],[129.07059886251267,35.219060384156364],[129.06981389768606,35.21786469738844],[129.07064277967172,35.21478631918946],[129.06797000863486,35.215361631964726],[129.06723055019407,35.21817939677475],[129.0616890838563,35.213621151234115],[129.06079867483106,35.21500267082483],[129.05957125936018,35.21510349630121],[129.0614231871239,35.21349941698112],[129.06074432055618,35.21317684434081],[129.05957207952792,35.21463974903657],[129.05595159545754,35.21255675110574],[129.0537863972403,35.21294258739517],[129.05387560517605,35.211397877866396],[129.05861242844446,35.211636078598204],[129.05868670286458,35.210436333273385],[129.05417172938076,35.208168827504],[129.05086781896583,35.202962393971255],[129.04971057406516,35.20291751033411],[129.04768409252677,35.20077938679215],[129.04745854636155,35.19786648884872],[129.0509760684757,35.19483533405681],[129.05045950686883,35.19332965737612],[129.05129755383368,35.19291983594466],[129.05001096234997,35.19219577700035],[129.05099641388892,35.19126228181399],[129.05437127299794,35.19260227166542],[129.05601462596667,35.19151478862609],[129.05148244708624,35.190618582162685],[129.0522059481983,35.190363963880074],[129.05229362482123,35.1896899179542],[129.05076243682993,35.188784962589146],[129.05098122959197,35.19049131020198],[129.0497670725329,35.191381021650706],[129.04507012550388,35.190428722269644],[129.04446327399174,35.18713895587244],[129.0434753085795,35.18867175398475],[129.04362675386193,35.19338536300987],[129.0421759552444,35.19282006643267],[129.0424316223816,35.19432153022448],[129.0410787497662,35.195151734731816],[129.03700390114253,35.19281036575454],[129.03538682983498,35.19029469227985],[129.03469160090293,35.18875418862423],[129.03525968213023,35.187401923527624],[129.03792530123928,35.183780080137495],[129.03986150552285,35.182848661986384],[129.03895394940736,35.18106034984997],[129.04178090720856,35.180941620334494],[129.04107680431042,35.176784040058614],[129.0425676700625,35.17621490701716],[129.04412043382283,35.17698307560339],[129.04351644120393,35.17592702810445],[129.04530759883878,35.1758512015072],[129.04437903842074,35.173088797337705],[129.04227178063869,35.17313979475989],[129.0365961211176,35.17724987308732],[129.03394132630592,35.17725461444378],[129.0337913456045,35.17919358119942],[129.02877009263793,35.17582659976436],[129.0289776518453,35.17467583781682],[129.0268837264519,35.17548551331721],[129.02340258860517,35.17449077788457],[129.02195835169385,35.17493382056884],[129.02108367975978,35.17382541898407],[129.02212224076635,35.1722053586338],[129.02648992939325,35.169270146475476],[129.0198227167306,35.16848132039815],[129.02035872881035,35.16585424657954],[129.01903005502615,35.16444630602177],[129.0198167285667,35.16238122873347],[129.01904229757238,35.16246037321247],[129.0186838804043,35.15992536049735],[129.0176646398024,35.16200103720067],[129.01562860959154,35.161509401426315],[129.0163118008864,35.160603047066786],[129.01463748862523,35.16045794355539],[129.01376130912098,35.159007924077414],[129.01446816859058,35.1583898959101],[129.01194554834552,35.15828362979674],[129.01254807851856,35.15623088354487],[129.00883223095119,35.156277805306914],[129.01042229189767,35.154975248386506],[129.0088429876205,35.15413230054124],[129.00538496924526,35.15581199182438],[129.00671637764145,35.156509325346335],[129.00547854412645,35.156962656608115],[129.00703117771627,35.15841714715885],[129.00634283011772,35.15869179655639],[129.00829903149136,35.161962716323075],[129.00791318072237,35.16278003609337],[129.00643287813025,35.15984305011727],[129.00150221107438,35.15795247197749],[129.00154864610923,35.158900594100245],[129.00005932875533,35.15946666214893],[129.00054055183634,35.16124928992655],[128.9993547147679,35.16067527131545],[128.99925683277598,35.16159639921846],[129.00241825195312,35.16169959318701],[129.00508503379316,35.16298226684724],[129.0068459270322,35.16655736722942],[129.00396281009168,35.16815003266607],[129.00601708863636,35.16814046614766],[129.00811606156722,35.17062542466474],[129.00681823527296,35.17158836245311],[129.00512873350758,35.17123592483679],[129.00458556702145,35.171845155331376],[129.0066381636671,35.17347182125623],[129.00497938201005,35.17350880325285],[129.00476842685637,35.17443734574475],[129.00338906151032,35.17393584847525],[129.002288697468,35.1754758980121],[129.00650246250157,35.174298492974145],[129.00959730703144,35.174708773516635],[129.007907358404,35.17675700568525],[129.00971749150608,35.17925664544504],[129.00749706114007,35.17985762750857],[129.00613780549537,35.18217396960342],[129.00278600196,35.18328848448978],[129.00404355538905,35.18486827551463],[129.00567638168582,35.1849766702042],[129.00477562445565,35.185692516996305],[129.0073703167197,35.18504664256022],[129.00971713684484,35.18589007519116],[129.00826876406612,35.18612996249789],[129.00914647093518,35.187246827545046],[129.00772265837432,35.18628423823939],[129.00549803199442,35.1871249446027],[129.00611302104693,35.189136113749925],[129.00358868825708,35.18740408371426],[129.00270075128765,35.187447399494594],[129.0025333432918,35.18870507322353],[129.00096241312798,35.18746073933295],[129.00046196516573,35.18838931102715],[128.99934503351722,35.18754115110684],[128.99906573905463,35.188660083032374],[128.99740766941454,35.187878600215214],[128.99691530366562,35.18881952345763],[128.9986458504045,35.19035166199046],[128.99825105156592,35.191771605149036],[128.9991588818454,35.19242732406398],[128.99682963874872,35.193929746827045],[129.0002335173827,35.197567333129534],[129.0014287902809,35.19682550107578],[129.00085688004938,35.193868761758225],[129.002105123081,35.1941378393502],[129.00276268943372,35.19238922082553],[129.00655372978179,35.191611567655755],[129.0068426896676,35.1900100869833],[129.00872193037213,35.19006837857391],[129.009269372087,35.19148532680092],[129.01134051629583,35.191284896206284],[129.012698612762,35.19288839772533],[129.01793692050373,35.194777479975116],[129.0156506215987,35.20042494221969],[129.01030640502006,35.20058920901377],[129.00883557181356,35.20209047741079],[129.01614383200592,35.20326937748914],[129.01614509707267,35.20626989135717],[129.02083181844185,35.20785968400502],[129.02519147319163,35.20575146319042],[129.02637432879402,35.20336244985907],[129.0285265226072,35.20338446691101],[129.02818804806247,35.202333181862286],[129.02976300432653,35.20233901800283],[129.03415126751673,35.199572847697866],[129.0370713591298,35.20067393966814],[129.03902577491314,35.20307362429293],[129.03998478180822,35.201881471912294],[129.04010786524958,35.20354642246791],[129.0385655691548,35.20406277936025],[129.04059720128222,35.20397127722432],[129.04247910346447,35.20608503711092],[129.04493996863187,35.20545059753599],[129.04561265268535,35.206887698886206],[129.0473222978458,35.20650955500732],[129.04792356070064,35.20900487573477],[129.04993414569532,35.20977887135458],[129.05033683230857,35.21134407770086],[129.04948002570998,35.21282088136899],[129.0509670156497,35.21736363055214],[129.04702808715473,35.21550754081547],[129.04827865554483,35.216713163152185],[129.04470018137135,35.21837447570065],[129.04181436514247,35.21824700681234],[129.0418155808147,35.220405834911716],[129.04075081219688,35.22049709389314],[129.03661415314411,35.21729974669741],[129.02987310805028,35.21512186860766],[129.03015409068448,35.21830591810971],[129.03099701214924,35.21778834361276],[129.0348016240936,35.22032030690963],[129.03291765232854,35.21949875679394],[129.03295885348078,35.22064399670977],[129.03217075420955,35.22063835820747]],[[129.0831717079309,35.27459984864774],[129.0830575181752,35.27461843103234],[129.0831486415541,35.27449350717347],[129.0831717079309,35.27459984864774]],[[129.0693638979503,35.30096216398415],[129.06936365083865,35.30096223841673],[129.06936384265308,35.30096197717198],[129.0693638979503,35.30096216398415]],[[129.05769079135024,35.24620198496595],[129.05707529090645,35.24521310072511],[129.05581657339,35.24586460153185],[129.0561111334189,35.24672147843727],[129.05811058401622,35.24715709692154],[129.05781975625706,35.24781945689466],[129.05989961330062,35.24814271982793],[129.06335396380402,35.24555562940471],[129.06403220501895,35.247485822935246],[129.06122728925507,35.24840794963638],[129.06238650475132,35.25005902482742],[129.05919679923727,35.249930354530086],[129.06063275084279,35.252896606084605],[129.05859202272424,35.252739245468156],[129.05971836338358,35.254287151978],[129.05828070620865,35.255333671475],[129.05711076030508,35.254736981755265],[129.0564848308798,35.25664379240893],[129.05527680698552,35.256215787255975],[129.05561542844526,35.25321441045158],[129.05333471985173,35.25410990587941],[129.0540565202023,35.254916822987454],[129.05332388192173,35.255553071646034],[129.05136948097393,35.25561649377369],[129.05309341720857,35.25446916705381],[129.0505747877426,35.25493754115749],[129.05041652781537,35.25373232444998],[129.04961960760826,35.25398867615169],[129.049393379811,35.25820730132925],[129.04871954812037,35.25680670305506],[129.04785178921273,35.25758930522036],[129.0477388255535,35.25564142675157],[129.0458434334015,35.25466201162644],[129.0484960749623,35.254909949365384],[129.04816670995442,35.25462758612589],[129.0475716778969,35.25442033613894],[129.04688294334017,35.252913770848934],[129.04717366734755,35.252521551261516],[129.0489565397596,35.25416404797028],[129.04972640939974,35.253658383629315],[129.0486298849027,35.25201725972192],[129.04921967024563,35.25185060450314],[129.04841254948468,35.251784635641435],[129.04940745197956,35.251470965917825],[129.05103876138065,35.25300389595387],[129.05205011758613,35.252302233685676],[129.04949229777046,35.2498087161138],[129.05179001200753,35.249856858599195],[129.053359122662,35.24815552111028],[129.05510479371668,35.248537632788015],[129.054130941301,35.247101805508954],[129.054997976775,35.24630606745503],[129.05238008423214,35.2467819044925],[129.0538825177481,35.24530106617966],[129.05041373362587,35.24483664932058],[129.05040469779075,35.244065413207544],[129.0516493785054,35.24398268697157],[129.05088917645818,35.2436362736291],[129.04442058873232,35.245540475894934],[129.04164447057056,35.244787573916945],[129.04096523800118,35.243268831760076],[129.03794152442583,35.243356630587094],[129.03674125082114,35.24297537345047],[129.0409378835936,35.24260703836731],[129.0403713723261,35.24306615140663],[129.04106572317409,35.243217569232534],[129.0415828010669,35.24380811905171],[129.04373593933533,35.244246050277155],[129.0443464173561,35.244938897757905],[129.04641614280226,35.24378173076367],[129.04305218612893,35.24378132756859],[129.04117709543033,35.24255314979109],[129.04543133717303,35.24345297352291],[129.04686900918884,35.24251639190233],[129.047026772766,35.24356458605456],[129.04762192111326,35.242183719456946],[129.05411516529952,35.24382216831587],[129.0528125915743,35.24284009318389],[129.0531352519527,35.24134532006631],[129.05474219441282,35.24105715102692],[129.05483007550575,35.240199601705946],[129.05512976519114,35.241485127073275],[129.05596370876287,35.241375034238],[129.0553389737734,35.24025032653856],[129.05880043730892,35.239928239512295],[129.0601255169559,35.24074843200172],[129.05879991613514,35.24099098793564],[129.0584865833893,35.24212359375919],[129.06089342721117,35.24191310477077],[129.05981622863217,35.24243391669264],[129.06176488059566,35.24355879092542],[129.05826512840832,35.242721534173086],[129.05712419266834,35.24466960634184],[129.0595297449535,35.24456073930166],[129.05769079135024,35.24620198496595]],[[129.06273906978578,35.242232214934546],[129.0630800219715,35.24197539329047],[129.0630871994762,35.242204146127534],[129.06273906978578,35.242232214934546]],[[129.0466277603992,35.26029899242956],[129.05042037241188,35.265049197016495],[129.05274021768022,35.265910225068254],[129.0538090105383,35.26342346974217],[129.05457441953521,35.263447449362125],[129.05400260000303,35.2664982278177],[129.051009003519,35.26537456827707],[129.04783206426012,35.266294506344636],[129.04479705223284,35.264819745859434],[129.04427684486714,35.26375959585297],[129.04413444776205,35.26155705009669],[129.0466277603992,35.26029899242956]],[[129.04759699154988,35.25445613656483],[129.04759688217163,35.25445766797162],[129.04750658066408,35.25437141516469],[129.04759699154988,35.25445613656483]],[[129.04336726349712,35.30332849686018],[129.04324160869618,35.303556523152935],[129.04323783063865,35.30337149851538],[129.04336726349712,35.30332849686018]],[[129.02651928629044,35.281127757928694],[129.02582630247923,35.28159217935908],[129.02571187717427,35.28130545962607],[129.02651928629044,35.281127757928694]],[[129.02528276540951,35.28173743016617],[129.02407937252707,35.28192535440282],[129.02405210499873,35.281857687989756],[129.02528276540951,35.28173743016617]],[[129.02376539505264,35.281208381563076],[129.023860750277,35.28212465419644],[129.0232085504814,35.2817009193186],[129.02376539505264,35.281208381563076]]],[[[129.04436497487032,35.26277137054241],[129.04436545408035,35.26277188825128],[129.0443645083432,35.26277047850975],[129.04436497487032,35.26277137054241]]],[[[129.02451634548916,35.171129799907845],[129.0245160927492,35.17112978956517],[129.02451630534802,35.171130002373864],[129.02451634548916,35.171129799907845]]]]}},{"type":"Feature","properties":{"id":"palgongsan","name":"팔공산국립공원","year":2023},"geometry":{"type":"Polygon","coordinates":[[[128.62310682241724,36.04377955255206],[128.62393584563083,36.04484315803052],[128.62038192396315,36.04684473523308],[128.61842523345825,36.05013325058508],[128.61716129974084,36.0493137877532],[128.6156525430244,36.050737817730955],[128.61666121464512,36.053124246841634],[128.6215265298264,36.051731527207515],[128.6177885962141,36.05529190023438],[128.61976928192624,36.05452543204909],[128.61999477257547,36.05570925385568],[128.6224538012143,36.05670707227232],[128.62383015037625,36.05587238625857],[128.62689087530106,36.060523804940885],[128.62904916662274,36.060904892890946],[128.63058889159544,36.05997635781821],[128.63063397169876,36.060704681533295],[128.63302935310364,36.060821065927165],[128.63882627628948,36.05841371355273],[128.63944430607847,36.056922278365334],[128.64041194728614,36.056828738892534],[128.63998654091694,36.05620087919995],[128.64163072334827,36.05580798484934],[128.64210590556337,36.05472755545414],[128.6430612489561,36.05531806081357],[128.64282880599805,36.053472155585204],[128.64446203228005,36.05438656371422],[128.64331734234617,36.05311462614808],[128.64375714635165,36.052105858418955],[128.63977919532354,36.048023043325564],[128.63512949994677,36.04854874803954],[128.6357683290483,36.04691301810524],[128.6319833120597,36.04756164405694],[128.6306623427626,36.046433750467244],[128.63105679880255,36.04586934812728],[128.62824530077265,36.045583308145176],[128.6294182612643,36.044168448919365],[128.6270834285547,36.04431456895264],[128.62913859601025,36.04356496520226],[128.6308891158615,36.04457970565113],[128.6301718010114,36.04302252872798],[128.62754435837772,36.0424617642367],[128.6302550367899,36.04200843112444],[128.62940248259773,36.040165261461624],[128.63043305106817,36.04004860067263],[128.62946852024066,36.03869223855136],[128.63029760341058,36.039473855219576],[128.6309133021341,36.039740447474735],[128.6285618508578,36.037719713403106],[128.62498972943274,36.03693674034293],[128.6258587474551,36.034692903467395],[128.62450327284955,36.03207211003193],[128.62545718346055,36.03058181511126],[128.62769435860199,36.03025862031357],[128.62842716403708,36.02767206183629],[128.62976207517727,36.028274481522125],[128.6298296800623,36.02697420589765],[128.63086133824078,36.02738757047124],[128.63132667615895,36.02647745123393],[128.63337003868477,36.027088602231665],[128.63286221806501,36.02543539677681],[128.63200273485165,36.02611571691901],[128.63183360700424,36.025881497836416],[128.63276810731756,36.024172572361174],[128.63387399944736,36.023840289924784],[128.63425231436233,36.02518583417319],[128.63562311238883,36.0252611560657],[128.63662256142655,36.0218237060718],[128.63756844124572,36.022290482563605],[128.64357202077102,36.01962605922391],[128.64412743682988,36.02693461184808],[128.64655151049942,36.02456269159338],[128.64656887709504,36.02605855888162],[128.6457363903537,36.02640496310419],[128.64740414249403,36.026800982778],[128.6459891746313,36.02849759576933],[128.6471851955233,36.02940179454791],[128.64641723365818,36.03052055769049],[128.64825381001467,36.031408452327746],[128.64707354167413,36.03265072586817],[128.64832781257616,36.03313178087775],[128.64765625959865,36.0343428429707],[128.64920867262472,36.03562301518785],[128.64880787415547,36.03716773146522],[128.65065280361557,36.036933688676484],[128.6512913267549,36.037734664669344],[128.65700867587842,36.03692791662266],[128.6579351802263,36.035665481326326],[128.65902407462573,36.03635611721139],[128.6593929312983,36.03422226558248],[128.6603957238446,36.035332773562004],[128.66070403164767,36.03527628694578],[128.66098846855644,36.035413484949174],[128.66120398552806,36.03540500416838],[128.66265516373863,36.03401726250649],[128.66244960891754,36.032341541058926],[128.66335185421408,36.03346181624826],[128.66593816295966,36.03351347450464],[128.66672945684792,36.03529274430358],[128.668033571177,36.03493820678086],[128.6695788084824,36.032657263921834],[128.67015486560697,36.03412334569515],[128.67297118549624,36.03220195359935],[128.6736111425589,36.03305845702827],[128.6757243565802,36.03312914877853],[128.67971083085294,36.02855692223013],[128.68142409757584,36.02882474423253],[128.68086385513573,36.03074052937673],[128.67795489068482,36.03268894799538],[128.67802988904538,36.033949793560936],[128.68021972297845,36.03196073238203],[128.68122710271956,36.031542989631966],[128.68153156661722,36.03263495293587],[128.682999772548,36.03162925524915],[128.68220182736746,36.03334203399287],[128.68326722636505,36.03316551484178],[128.68430989590087,36.0347277544813],[128.6832573274616,36.03563785526812],[128.68603091431874,36.036369441167714],[128.6869742479758,36.03778149102517],[128.6858101031676,36.038469069965046],[128.68379007445824,36.03750806903069],[128.68359549613163,36.038755040328844],[128.6816499982966,36.039798533010796],[128.68153062298518,36.04177101667072],[128.67585506306233,36.04340432646344],[128.67524182454716,36.044427343672865],[128.6711317085162,36.04343174543315],[128.6704865012013,36.0445240623075],[128.6719674413812,36.04533791974019],[128.6707133764978,36.04496284624982],[128.67169029596184,36.045584092136075],[128.67083346574518,36.0457042531222],[128.6721556827771,36.04578587380064],[128.67121116750027,36.04610121579818],[128.6736131396239,36.04735379464606],[128.67125637387042,36.04701080360774],[128.67196445144634,36.0469290907685],[128.67068704413336,36.045636801740514],[128.66956337424102,36.04533747216847],[128.67081665620466,36.046616319346185],[128.66847890423827,36.04606733521884],[128.6675650519874,36.04692211157046],[128.66811227564102,36.04785935823253],[128.6665484448695,36.04757375761281],[128.6669668559975,36.04843914798673],[128.66586446194304,36.04848639076632],[128.66590710613997,36.04949184363961],[128.66494301941853,36.04889292397668],[128.6632635525787,36.05010724640842],[128.66634631000807,36.05040064241067],[128.66630080902172,36.051573158212555],[128.6689539363699,36.04987755378636],[128.66861585040192,36.051913310268795],[128.67096738025134,36.05094187016135],[128.67136906594234,36.05261474126524],[128.66634924427154,36.05944776887354],[128.66508278423177,36.063104217401175],[128.667355536938,36.06438869273556],[128.66902099006253,36.06295113671861],[128.67072735548516,36.063997397830335],[128.67108418743462,36.06210260643808],[128.67475576517987,36.0619173852366],[128.67382074516263,36.05850072440884],[128.67679563635343,36.05927918631642],[128.6783563594877,36.05802288125748],[128.67851481793295,36.05654262129349],[128.67978535764047,36.05609817877833],[128.68166034967038,36.0571593290249],[128.6835412087691,36.05565091090078],[128.68637665679907,36.0605556909768],[128.68312930463193,36.062485687984505],[128.68337836186356,36.064279728515444],[128.68459205982757,36.06356327028116],[128.68613104576585,36.065124735035894],[128.68814136529767,36.063633773872255],[128.6889617849096,36.06539819515276],[128.69045406195985,36.0644379835371],[128.6911121954512,36.06599512340947],[128.69119441970398,36.06469885826681],[128.6891658855291,36.061841048217026],[128.69004102101795,36.056993902805566],[128.6883108309952,36.055236360099364],[128.68821517308908,36.05302629201376],[128.69214643269112,36.05397056420725],[128.69040604808424,36.051240342150464],[128.69354672743344,36.05071066673084],[128.69231267318472,36.04909503337405],[128.69404483360918,36.04912728082239],[128.696110564306,36.050617756303446],[128.69604540774887,36.05233045971619],[128.6983742718279,36.05123803983259],[128.69776412128132,36.04885841857659],[128.699813761777,36.04853536156718],[128.69937965247018,36.046224095565556],[128.6939892684593,36.046115902705225],[128.69158254049154,36.04333261079545],[128.69465819183785,36.04273179410614],[128.6992307859661,36.045494077458564],[128.69857771819616,36.04338145250995],[128.69979325809783,36.04414545467836],[128.70144740304477,36.0425614126785],[128.7021131877439,36.044414511529],[128.70331841389668,36.04442111235502],[128.7027937224249,36.047629699274],[128.70361214934712,36.05329841644452],[128.70742817084195,36.04757384137089],[128.70651380259463,36.0459792339411],[128.7094001560113,36.04518094423735],[128.70884226207625,36.04260337957596],[128.71249947504137,36.04421092871802],[128.71495963430232,36.04211194750226],[128.71818689660182,36.04586057214983],[128.71780926529004,36.04721952696998],[128.71930261396307,36.04666961265784],[128.72079938305555,36.047463583649424],[128.72093589627195,36.046145872960075],[128.72370803141536,36.0452307858155],[128.72229405309176,36.04323414244874],[128.72392255216184,36.03848237079896],[128.7251312660688,36.043287163338604],[128.7265484023101,36.04477600668975],[128.72814448425413,36.04529430534383],[128.7280205359119,36.04456687554732],[128.7310969725146,36.044247637078655],[128.73271008757933,36.04259706806868],[128.7282654554896,36.04128403648048],[128.7306905108733,36.040157259289856],[128.72960768110377,36.03742366373129],[128.73355773821007,36.03844984979069],[128.73393456031653,36.03697530451042],[128.73487957901494,36.037280310015554],[128.7355559628178,36.036332466043746],[128.7356296868478,36.03400703196991],[128.73295474204664,36.029664038297945],[128.73083472831425,36.027550145777305],[128.72868674995064,36.026855664789885],[128.72831040227527,36.0257036786697],[128.73006228312724,36.024389348764394],[128.7293816305615,36.02300803641305],[128.72742439226963,36.02304710929935],[128.72728600761423,36.021329695610476],[128.72886867138232,36.01984214008707],[128.7319272549977,36.0191366368907],[128.73574154791143,36.015267096458],[128.74236110363398,36.019151429671375],[128.747973567771,36.024324155791405],[128.75033295642365,36.02800987230406],[128.7507972084928,36.02724183742434],[128.75211463111737,36.030055729140734],[128.75474482955823,36.030168370315366],[128.75391566917222,36.03467583000938],[128.75916860752704,36.0353352838914],[128.76051474033022,36.03701768251316],[128.7603996507447,36.03569977677898],[128.76164751955557,36.035261680930354],[128.7612471241063,36.03219007730584],[128.760361164689,36.031737040253226],[128.76153797271607,36.03011368760502],[128.75998177464325,36.02971492733302],[128.76131943134692,36.02875042246943],[128.7607417485737,36.02823088265832],[128.7647277257893,36.02732083200044],[128.7655462438503,36.02495520478694],[128.76795332457223,36.02568927498128],[128.77159959318627,36.022231515018866],[128.77398739154032,36.02303026220191],[128.77550493458259,36.02220807883695],[128.7729657555431,36.02016929799361],[128.76626647606818,36.021860289677456],[128.76501020083265,36.01858168511921],[128.76357216257853,36.01788977464793],[128.76381811637242,36.01696155156653],[128.7652649175587,36.01665592136044],[128.76444500067498,36.015180892416616],[128.75928399444294,36.016700824667254],[128.75520460049586,36.01599404297973],[128.75387058855742,36.01668987971116],[128.75559988873076,36.01489136088112],[128.75372235073257,36.01286864717208],[128.7557681257286,36.01166697286134],[128.7561854049966,36.012251450041305],[128.76000617931308,36.011096704675126],[128.76253331133,36.013476562863495],[128.76357762643696,36.01141998989291],[128.7701048055074,36.014970602539364],[128.76998844458987,36.01356500956079],[128.77190890447744,36.0136509818366],[128.7731235634848,36.01257336418738],[128.77375382796635,36.013852046869815],[128.77497337648117,36.013772165254714],[128.7750507636744,36.014600625324746],[128.77765637388868,36.01586042539575],[128.7776151837396,36.012506064624496],[128.78094969120903,36.01003850483514],[128.77658354430852,36.01135573161479],[128.77597236854837,36.010274926917376],[128.77452017560643,36.010364860080436],[128.7749236584735,36.00951511008428],[128.77379228715833,36.0083474866636],[128.77641442749473,36.007141836410135],[128.77530745503265,36.00621140321495],[128.77739651653377,36.004752039885645],[128.7843344573623,36.00503563390663],[128.78423999222693,36.003736715770216],[128.78565264656316,36.00370757036379],[128.78523985381915,36.00056875672216],[128.78592139250907,35.99987567876964],[128.78741735054103,36.00031734490495],[128.7858930110042,35.99895072673831],[128.7863849025668,35.99820831309562],[128.78734363028414,35.99776493030312],[128.78905266407293,35.99913252494464],[128.7891608704599,35.99815416461725],[128.79040703357907,35.998228461576325],[128.79227755623225,35.99597555142199],[128.79860910203251,35.993458824936155],[128.7916929675669,35.9959285151038],[128.79729425212128,35.99278924384424],[128.79641711460457,35.993010945872264],[128.79568168182303,35.991660387205776],[128.79455139821124,35.99180951535857],[128.79361220587586,35.99145648514232],[128.7943338152679,35.991524673961266],[128.79336571132444,35.98940670355685],[128.79423477677432,35.98882251716197],[128.79374019631194,35.98791370842254],[128.79210906467665,35.989154073150495],[128.7911716824226,35.98800515217787],[128.79079564136944,35.98878782178875],[128.78803397968844,35.9887212877488],[128.7843419292017,35.98632111875629],[128.78380881137156,35.98294366414698],[128.77840711279308,35.98359748035345],[128.7786021722711,35.97886843611349],[128.77961497330563,35.97779905593995],[128.78291018719432,35.97821981336678],[128.78256017454865,35.97672353982062],[128.78383370417825,35.97609814909081],[128.78379168620043,35.97504270645403],[128.78026428047372,35.976385180367316],[128.77903426050216,35.97512452782832],[128.77697742553318,35.97481452882612],[128.77644243354274,35.973380816564365],[128.7739531822049,35.97474598400341],[128.77309547917991,35.97561186163996],[128.7732306507461,35.97648869618797],[128.77307165454334,35.97574598242244],[128.7714215109253,35.97613105262644],[128.77085518050183,35.97798571489783],[128.76989933896067,35.97812577197466],[128.7676947329504,35.975489691170424],[128.76797450910487,35.97476296985995],[128.76476470695457,35.97513299933968],[128.76397906384526,35.97672950710725],[128.76356048196917,35.97566307430684],[128.7599739196227,35.976881736473224],[128.76035624775562,35.97588808694624],[128.75876371685416,35.976135644164515],[128.75986410147226,35.97437126518329],[128.7624255755158,35.97529034993929],[128.762284235398,35.974591426000906],[128.76386153236314,35.97485118524328],[128.76509371792687,35.97320514159658],[128.76940946140707,35.9729389692865],[128.77010000408933,35.971815315298464],[128.77236112442523,35.97241338370655],[128.77949952622038,35.97164079232879],[128.780049405047,35.970266241774965],[128.78462683986217,35.96843909815998],[128.78456717921392,35.967419202315924],[128.7815018763204,35.967099283067334],[128.78211537336784,35.965072571309186],[128.77922610306868,35.96585636526751],[128.7771336848932,35.96294053856987],[128.77512497524276,35.96357693018724],[128.77264818338062,35.96261299906358],[128.7708737253093,35.96644722698956],[128.7652008007539,35.96567608508123],[128.7627900021732,35.966274462305655],[128.7586343098081,35.96466075503449],[128.75776484259092,35.96528498740465],[128.7559519091114,35.96392293903298],[128.755467265046,35.96499394364154],[128.75229510096077,35.96503934670415],[128.7505016869524,35.96701725290792],[128.75061892310396,35.96858463910154],[128.74836675894713,35.96753787141438],[128.7437727314348,35.96861577126304],[128.74175840252573,35.96801616705953],[128.74047302184215,35.96939568588856],[128.73880855896914,35.968162037190865],[128.7380752006326,35.969638852606685],[128.73720908725244,35.96899917506137],[128.73642921754174,35.970077200852955],[128.73553894780667,35.96887700992062],[128.73480975722535,35.97043334847622],[128.7335181172883,35.96958898330858],[128.7330536658268,35.97038814823975],[128.73130768467684,35.96892147915186],[128.73082061821611,35.96981974801212],[128.73035639280792,35.96834923450712],[128.72867196608703,35.96966844156376],[128.72819113573732,35.96813818594695],[128.72977076690003,35.965720580641936],[128.72844556826752,35.965165669332194],[128.72613125888128,35.966821187811526],[128.72687178266003,35.962988256320536],[128.72348878109045,35.963941206598044],[128.71811751690615,35.96381893035478],[128.72142140834075,35.965726433486154],[128.7227432486645,35.967917195084496],[128.7222422436174,35.968342030074865],[128.71990309350417,35.96618669012518],[128.71805468965505,35.96579161133521],[128.71870342135773,35.96730344077767],[128.7168111818096,35.966464211250674],[128.7158066773476,35.96730790895602],[128.71575431325502,35.963703106552686],[128.71496452139198,35.96379656554342],[128.71171585346033,35.96594388628478],[128.70678217316478,35.96557218325358],[128.7093939922742,35.96682799776295],[128.70757021651283,35.96618124782697],[128.70717381543517,35.96701946560406],[128.70907209116697,35.9670572075475],[128.70775121635097,35.96731947609604],[128.70812406662833,35.96807368935869],[128.70789026328015,35.967728766899164],[128.70764920105086,35.96753913908064],[128.70685375404148,35.96728244328662],[128.70633839561927,35.9672085051364],[128.70838161135657,35.96856805702221],[128.7077391349036,35.96972832381235],[128.70848561965448,35.96962848107496],[128.70825709121627,35.96880149631832],[128.71031514991935,35.9699274462772],[128.70567840330128,35.96962433530185],[128.70561262527846,35.97056087408915],[128.7047400152738,35.970127535583146],[128.70435298912176,35.97127924117395],[128.7026818932487,35.97148885423984],[128.70028296369418,35.96953796210358],[128.7030781588461,35.9729652781872],[128.70110771624,35.97199561117386],[128.70329965675995,35.97348981194454],[128.70234359501848,35.97366835466083],[128.70340937675834,35.97488999882491],[128.70071577526772,35.9725528550704],[128.7007185756881,35.97491302518373],[128.69918373526798,35.97689375499079],[128.6987922991693,35.97934795623222],[128.70001023300304,35.970712614386954],[128.69781404422469,35.96790358716642],[128.69759514946554,35.96906538478366],[128.69725344061052,35.96906822342669],[128.6974622832331,35.967973722817824],[128.6983835124554,35.96690917728388],[128.6981073651768,35.96696987956131],[128.6980773309756,35.96591871593242],[128.6968860244744,35.96329135577984],[128.6951125792976,35.9618451715867],[128.69542466806246,35.96475577762826],[128.6939901577375,35.96455469668518],[128.6939649102474,35.966128332517926],[128.6932410471434,35.964510001769995],[128.6914051286786,35.96470074094082],[128.69116266130277,35.97059069294799],[128.69304676017182,35.971736198041924],[128.6968433422419,35.972078070971406],[128.698511487313,35.969208850875845],[128.69932776923662,35.97169576037536],[128.69884193224635,35.97394983294978],[128.69716319024195,35.972337526530865],[128.6968990319335,35.97338851702612],[128.69611873220535,35.972453150353076],[128.69529589968795,35.97259712487579],[128.69574699483934,35.97319519483316],[128.6955618199514,35.973433574687995],[128.69448786730442,35.972531334507174],[128.69275448991004,35.9731996000453],[128.69313491199378,35.9738201915744],[128.69166067370364,35.972395679359046],[128.69110098158365,35.97322604926988],[128.6883233691831,35.97286662426443],[128.68612351274024,35.97443984284031],[128.68412700551184,35.97413880601568],[128.6831265840566,35.9759009852614],[128.6802442195569,35.97533830930545],[128.68202216162743,35.97744241147933],[128.68171304537148,35.98023625756113],[128.68472794783833,35.981630692265036],[128.68411004226994,35.9822234832864],[128.68481162903203,35.98304431136736],[128.6850793784321,35.982861243950396],[128.6868560620405,35.98319988320887],[128.6848288446002,35.983075348034774],[128.68554325654196,35.990192697641405],[128.68412427221642,35.991563431708144],[128.685359071822,35.991961074927936],[128.68238458944649,35.99201771822198],[128.68159744360727,35.99296456827784],[128.6813059689082,35.99230871040535],[128.67833036351718,35.99246225788305],[128.6753637717083,35.99032083262342],[128.67608705674644,35.9927708223619],[128.678296723922,35.9932979362606],[128.6747602266457,35.99385799556828],[128.67444365462643,35.99517113666881],[128.6732461577861,35.993231539745814],[128.67101458043558,35.99428625452353],[128.67155252132432,35.991644957146015],[128.67058088882015,35.99086971527669],[128.66781214884318,35.99470515794312],[128.66760126772266,35.99342684184077],[128.66895064565094,35.99169008969871],[128.66805597332288,35.99172787320244],[128.66984985582658,35.99110579939766],[128.66877993562167,35.990577207938365],[128.66698328527906,35.9928124006859],[128.66691754773365,35.99482845052904],[128.6659505266773,35.99470994231473],[128.666677998752,35.992931623559635],[128.66446181893238,35.99603156935249],[128.6646926604259,35.994569463814734],[128.6637843895951,35.99382855931349],[128.66894990930317,35.99028559655941],[128.66804175924977,35.98998518039621],[128.66754368617728,35.990688309633406],[128.66734513748588,35.990851996716295],[128.6669139445237,35.99108020071037],[128.66897167770637,35.98797536142499],[128.6687397866322,35.98696528239223],[128.66798716056005,35.98763031696491],[128.66813100141897,35.984842629399566],[128.6669878036281,35.98442459644798],[128.66078384631925,35.98598004154258],[128.65474439315977,35.9857696539232],[128.65344355021497,35.9866111197377],[128.65550351558815,35.9881997004076],[128.65440896442956,35.98792465902548],[128.6541908129266,35.9886936136124],[128.6543037659027,35.9873386214968],[128.6520287464688,35.98603758637649],[128.64787958234382,35.987857449778886],[128.64690779631022,35.98723871221535],[128.6469518955911,35.9881735931247],[128.64485640566886,35.98602628958248],[128.64411913226047,35.986669958798124],[128.64498422176257,35.9879131220082],[128.64484284734476,35.98817946457308],[128.6435747230698,35.98688815403633],[128.64287805618386,35.98750854118118],[128.64355381260143,35.988402428852574],[128.64227792826392,35.98792690570846],[128.64328444486597,35.98917024254229],[128.64269036528052,35.98973739482004],[128.64153482830417,35.98860223707973],[128.64174967648617,35.98956358723409],[128.64073667654696,35.98877912091995],[128.63897697835526,35.98962318536411],[128.63974522657733,35.98966708608924],[128.64010222744952,35.99068559932216],[128.63932158044807,35.98978337301084],[128.6365874765282,35.98979950354637],[128.6343616067283,35.991534788415464],[128.63355224191983,35.99106666492236],[128.63422282434553,35.990940601615236],[128.63466468023327,35.99067826404725],[128.62980934504282,35.9907182602409],[128.63043259713987,35.991961670051715],[128.62827948396236,35.99048219328785],[128.6287116249008,35.99119775702714],[128.62688983141058,35.991490541342145],[128.62542720809546,35.989306673110086],[128.6250493641682,35.991563773885],[128.62421955324396,35.992012617576236],[128.62465562730077,35.99129551516202],[128.62435255506247,35.99117551040384],[128.62273884316727,35.993725969809205],[128.62236905543148,35.998074440962974],[128.62345121706986,36.000197786706046],[128.62030890999193,36.000691522705026],[128.62006897860002,36.00211999876661],[128.61909076315555,36.001244230807025],[128.61862896492025,36.00189083399727],[128.61920261337025,36.000333245941],[128.61775286361438,36.00071324124241],[128.61662601369727,36.00279743953504],[128.6154642395933,36.0017356885326],[128.6157151379314,36.00362736035372],[128.61472557580055,36.00303963515684],[128.61441074787328,36.00391108346858],[128.61324160731198,36.003732904836795],[128.61366033722865,36.004992167127334],[128.61201351476484,36.004982952251446],[128.6106218979525,36.005783211871886],[128.61133000861605,36.00683163726251],[128.60985220949726,36.006890825037885],[128.61544204988135,36.00961359659626],[128.62319241002126,36.00664481445909],[128.62447098997254,36.007670180853204],[128.62858850601714,36.007307231678205],[128.627403330285,36.007979277640466],[128.6290694095492,36.0085769248265],[128.62876642563663,36.0107818115405],[128.6309713927058,36.0104654654045],[128.63137378148465,36.011968772045165],[128.63299414597782,36.011449701014605],[128.63310466894632,36.01473084310819],[128.63012167052446,36.015041759106516],[128.63084164368465,36.016603411876105],[128.62828821528464,36.01711680504882],[128.62829937094344,36.018246996228925],[128.62721391625578,36.017452226800884],[128.62518001225985,36.018598477683675],[128.6232482325889,36.01676839637011],[128.62410909601277,36.0181386270871],[128.6229007615625,36.01892377636205],[128.62171445831422,36.018262602095454],[128.62250419788575,36.016811207336175],[128.62191321575716,36.016657302457205],[128.6203258835983,36.017195273128664],[128.62134422233927,36.01786902915695],[128.6192168204447,36.01754868062687],[128.61943027782803,36.018601363457535],[128.62217590552825,36.01930513341761],[128.6200606832583,36.01986513001879],[128.61754359337095,36.01706108517002],[128.61656524132675,36.01745025911961],[128.61704344683878,36.01811205246678],[128.61678598793236,36.01824533754395],[128.61404802711775,36.01593089102201],[128.6135697651747,36.01957722767572],[128.6118199824966,36.016636159147886],[128.60693817481518,36.016442660803364],[128.60452994629202,36.015178703623356],[128.6001282205325,36.016152693454444],[128.59990581241016,36.01720105748406],[128.59867961806276,36.01686448709394],[128.59815889370626,36.01784686887039],[128.59712280432598,36.0170168712366],[128.5964619630579,36.01825661192589],[128.5961226640878,36.017359564433946],[128.59477597897896,36.0175045178094],[128.59413850894052,36.018506402728235],[128.59324682318945,36.01820497759113],[128.593183254381,36.01915221162247],[128.59102337171032,36.01938686215518],[128.59149137879368,36.01828061317908],[128.59072313518982,36.018596276267424],[128.5910341241003,36.020977917533244],[128.59031732029007,36.02150636135712],[128.58873064964763,36.021258427304325],[128.5886400733762,36.020093736037744],[128.5821005145992,36.022781189925325],[128.58172044493273,36.02182738166472],[128.58107154902012,36.02340955724104],[128.5797659375131,36.02267399633879],[128.57946301103286,36.023775850156206],[128.57764041864385,36.02368176937702],[128.57750033136404,36.02488542722496],[128.5769136482748,36.024127997343165],[128.5743403212944,36.02453761887507],[128.5709878436966,36.0209692231558],[128.56958336205932,36.022426074242716],[128.56658851204804,36.02248111369834],[128.56565573008857,36.0214485829951],[128.56203520364252,36.02181115327185],[128.55800332533497,36.023639589823915],[128.5574110588703,36.02658927644735],[128.56281566980462,36.030393083767876],[128.55928501566524,36.03010795868741],[128.557796591277,36.03122951219381],[128.55746939606698,36.03285470665109],[128.5572554506897,36.02998395783412],[128.55615320804398,36.02857678602471],[128.55458840903222,36.02758513480652],[128.55255743955234,36.02826923175501],[128.55394595480112,36.02711776641255],[128.55318472064872,36.02590981762604],[128.550107275512,36.02517509429375],[128.5489515770064,36.02675368880642],[128.54761066028223,36.02693768735661],[128.54939688982023,36.029150067377],[128.5503763846038,36.02916414683724],[128.55316405650947,36.035723359798006],[128.55315160973257,36.03764197216334],[128.5515385358216,36.039927797548664],[128.54979885854803,36.036748732294306],[128.5466936683451,36.036904613716096],[128.54700846394206,36.039298835244644],[128.54610766500173,36.04095335351519],[128.54740617620882,36.04209010226786],[128.54704452740174,36.043829765762],[128.5455011604436,36.044252760035064],[128.54421315234552,36.0431578564602],[128.54225778786122,36.03927635012331],[128.54068104327368,36.04003897951034],[128.54047879563794,36.04180286742667],[128.5378917879938,36.04141420410251],[128.53881511289578,36.04249877448513],[128.53859305106062,36.04477110088072],[128.53472978015088,36.043662540480696],[128.5351090927898,36.04626154360585],[128.53381351080813,36.045535294095835],[128.53285947655073,36.04616668929112],[128.53227960555466,36.04466621019492],[128.5315701292203,36.046640033842706],[128.53032839928707,36.04563790701506],[128.5303052589208,36.0471171724199],[128.52861297844925,36.047608863582475],[128.52792477120803,36.046728546857544],[128.52759272105655,36.047618632864605],[128.5263243291701,36.04644950912172],[128.52453962712545,36.04729270087184],[128.52339183297718,36.046783529736],[128.52226799221646,36.04791064983982],[128.5229960482899,36.049216960808124],[128.52730520039225,36.05185588312439],[128.53002480290436,36.05229738724997],[128.53039512248375,36.05328855246517],[128.53212357015764,36.05338703644744],[128.53272887366532,36.052299845971966],[128.53290803895533,36.05346458989989],[128.53436146243746,36.053854719941526],[128.53528353654545,36.052356292270964],[128.53639059087783,36.052067398329505],[128.53578460957283,36.052515950488775],[128.53705492527942,36.05310110508279],[128.5359810181401,36.053127978040884],[128.53605854360282,36.05445488608564],[128.5381614121465,36.05391193124423],[128.53862580660433,36.05544594878786],[128.54057114353077,36.05564448263842],[128.53938892668612,36.057689828592004],[128.5389997861487,36.06378141009605],[128.54266386718453,36.06024786680356],[128.5436533061271,36.06031888889986],[128.54586564582564,36.057153523170626],[128.54605696447246,36.054730353140805],[128.54521821879084,36.054350367985954],[128.5468852202607,36.05278471675055],[128.54706938200735,36.05120903405928],[128.54786356026113,36.05148784857027],[128.55093430423693,36.04896209914158],[128.555039539171,36.05039722464561],[128.557595419345,36.04863907600558],[128.56772494106724,36.05203835671634],[128.56572961199137,36.053213512435036],[128.55642625439066,36.052042053871254],[128.55044572804928,36.053699826187554],[128.5496548546507,36.05535192252479],[128.55083970896376,36.056136957666304],[128.54974639226887,36.05665767284487],[128.5499839975521,36.05897323708785],[128.55143255588737,36.06086578311501],[128.55052662093226,36.06175650545039],[128.5478712509435,36.06116646907434],[128.54743956877152,36.06223412061856],[128.54999193792852,36.06307992973706],[128.5504535554242,36.0641155088208],[128.54942814434116,36.06505276410333],[128.55018774876885,36.06574231890791],[128.55349013275818,36.066019715634376],[128.55392036994934,36.06678798087905],[128.5522653376721,36.067360285536026],[128.54942268432276,36.06523182034786],[128.5432161453003,36.06417710974327],[128.54230980580112,36.064740583178086],[128.54263662252396,36.06572829876686],[128.54056088955684,36.06638164436467],[128.54068698257336,36.06784794466745],[128.53910535481714,36.06764953712935],[128.54044274530574,36.070212228103266],[128.5393937435916,36.07164639169101],[128.5403362759189,36.07317194202163],[128.54300654491175,36.07395983164915],[128.5428955755763,36.0749537294584],[128.54417733680765,36.074991024537084],[128.54475996191968,36.07372342927941],[128.54702809778414,36.074549928726015],[128.54878330711077,36.072458556437056],[128.54934452963832,36.074560311301056],[128.55123093622066,36.07433084386031],[128.55259849924508,36.0752282596115],[128.55362089764415,36.07456839720782],[128.55355217592842,36.07544828831574],[128.55532353743774,36.07629041436833],[128.55185084168176,36.07623985720094],[128.55143083786223,36.07713630764702],[128.551027882216,36.07618287538112],[128.55041048136735,36.07694973562344],[128.54954268115733,36.076431552901816],[128.5526729652562,36.08100634414278],[128.55250783691267,36.08197983151333],[128.55746902016818,36.08374307827078],[128.5600612865654,36.08173809406267],[128.56637543829856,36.08127912635925],[128.5704801745678,36.08228898020905],[128.57342958614686,36.081106800789506],[128.56940896744518,36.07978282828223],[128.5700867046067,36.078631272350265],[128.56863248600027,36.078103239838576],[128.56744047911144,36.076085357528164],[128.57037573351437,36.07506244462309],[128.56843271832247,36.07363657607326],[128.56828277680162,36.072415436749395],[128.56384160435044,36.069756111552245],[128.56673669296953,36.06696064745213],[128.5687032618759,36.066865953449344],[128.56966371573793,36.06407034689345],[128.57697358399517,36.064944846351786],[128.5767558561388,36.064218572892536],[128.5785778271459,36.063959796457375],[128.5776848713633,36.062138981710966],[128.58328703843225,36.059722986136755],[128.58011402198645,36.05864260603602],[128.58239740182577,36.05740655821309],[128.58052053859535,36.05682236064403],[128.58222890179286,36.055844888261866],[128.57918499377513,36.055866550392025],[128.58152112924697,36.05443561894026],[128.5834008390951,36.05486891266808],[128.5825098361643,36.05249928160049],[128.59296957674965,36.052786065885634],[128.59162102678417,36.05206631406717],[128.59125020258722,36.049153621403036],[128.5895871821604,36.04917736331833],[128.59234962152541,36.048816142519065],[128.59077095924604,36.04538706899316],[128.58793151958554,36.043483912141006],[128.58898297663993,36.04288282035334],[128.59007696092652,36.04353202823878],[128.58955994633692,36.04219194901049],[128.59221213460353,36.04164083526593],[128.59248906953428,36.0402958155937],[128.59602618198196,36.0401417333552],[128.59627977635495,36.03905067785589],[128.59715149444423,36.03965932728232],[128.5986000346432,36.03802083646031],[128.5995048286486,36.038498002006946],[128.59931603433807,36.0371104887749],[128.60072371081438,36.034912349842195],[128.60326583067945,36.034319535192196],[128.60306157463194,36.03371757378982],[128.60612192412503,36.03372526009023],[128.6065335821552,36.0346403334475],[128.60901943242413,36.03340673442944],[128.617177091584,36.03338874180205],[128.6163248263431,36.03499772684142],[128.62161211557626,36.03576183107872],[128.62183324867001,36.03696650682017],[128.6203048578585,36.037891802970925],[128.62029064177187,36.03965825845951],[128.61740186397174,36.04186752785615],[128.61841243406954,36.04321997111873],[128.61931115272372,36.04266290520689],[128.62310682241724,36.04377955255206]],[[128.62401507892113,35.993179373905306],[128.62388639796333,35.99264990534325],[128.62425422444207,35.99271962849462],[128.62401507892113,35.993179373905306]],[[128.62694730670037,35.99289909040585],[128.6268449581577,35.99217430499284],[128.62736542774655,35.991719314768915],[128.62749228966283,35.99222991020536],[128.62694730670037,35.99289909040585]],[[128.62440904223357,35.992327325842204],[128.62401545244091,35.992311938850605],[128.62470738615787,35.992052623118596],[128.62440904223357,35.992327325842204]],[[128.66994418765606,35.99475969799214],[128.6693534334122,35.99441245373734],[128.67059720713425,35.99450161521168],[128.66994418765606,35.99475969799214]],[[128.6902502656949,35.98477307546055],[128.6873895877724,35.98411105238064],[128.68722555538378,35.98362172527129],[128.6902502656949,35.98477307546055]],[[128.69773047421864,35.96547197598777],[128.6975611581297,35.96506666484866],[128.69792371931965,35.96567576338346],[128.69773047421864,35.96547197598777]],[[128.7581438710418,35.97901658205823],[128.75802599457165,35.978623136619554],[128.75833473768975,35.97846000064801],[128.7581438710418,35.97901658205823]],[[128.7710536114291,35.97749842183944],[128.77112441804664,35.97741413961789],[128.77114775812785,35.97745587559881],[128.7710536114291,35.97749842183944]],[[128.77339156593,35.97595959601229],[128.7732446481111,35.975862794957266],[128.77339116091687,35.97591153261789],[128.77339156593,35.97595959601229]],[[128.63289420357876,36.053966692099294],[128.63475916700656,36.05471110385944],[128.63239552810236,36.058328425839036],[128.62989121186456,36.05979895115677],[128.62899325534082,36.05791955799736],[128.63141134494762,36.0565656192026],[128.63289420357876,36.053966692099294]],[[128.63057866626195,36.05996088121975],[128.63056891181267,36.05996349480776],[128.6305374381366,36.059898481155166],[128.63057866626195,36.05996088121975]]]}},{"type":"Feature","properties":{"id":"taebaeksan","name":"태백산국립공원","year":2016},"geometry":{"type":"Polygon","coordinates":[[[128.92387421975747,37.24273103650454],[128.9296489142213,37.240590355754826],[128.93314210567067,37.23047423657148],[128.93536117727018,37.22985262529821],[128.93586899431943,37.23097651541029],[128.9411332042447,37.23129728440802],[128.94134225905373,37.230575098088394],[128.9391050335035,37.23061164871229],[128.93888206862593,37.22989575384372],[128.94044265236792,37.22848807040202],[128.9410956375182,37.229852544785885],[128.94548774907,37.23087298857612],[128.94575917647848,37.22252727093177],[128.95084732249146,37.22192999326826],[128.95490435374842,37.22333512277722],[128.95530409113795,37.220930943024136],[128.95732773629877,37.22058613774166],[128.95666108066933,37.2189816984623],[128.9580763224072,37.218733123482316],[128.9575964780781,37.21745636763802],[128.95881701921692,37.21727646066062],[128.96055551745587,37.21900049047258],[128.96172518012958,37.216341371220935],[128.96504804092194,37.214411739150364],[128.96713139918015,37.21193986247591],[128.9682143082891,37.20773084079688],[128.96114944110312,37.206428079039725],[128.95245634047527,37.20705480669607],[128.9485965018713,37.20962094225098],[128.94927211639185,37.210889373583576],[128.94828000069427,37.2116284154985],[128.94530933474633,37.211950066231644],[128.9449055248845,37.212915072758925],[128.93923662674746,37.21498760067545],[128.93679303560876,37.212162783823636],[128.93545687489006,37.21272321520673],[128.93465778246994,37.21170801143005],[128.93134959882906,37.21098544500917],[128.9263610440239,37.21113222626677],[128.9177880654306,37.20083890716263],[128.9205388566514,37.19700172394912],[128.92532424646902,37.195574754163715],[128.92545364835192,37.194576838856214],[128.9231783765978,37.19305294811913],[128.9242132517931,37.190365085555634],[128.92377369209106,37.189102550274555],[128.93018027052742,37.188878942409524],[128.9333962058715,37.18601730647416],[128.94247417368157,37.18210894361512],[128.94148605802178,37.18063120555055],[128.93863637637156,37.18097726207896],[128.93804669119783,37.179558427647066],[128.92878729657724,37.177067293217036],[128.92827946672608,37.17669556859553],[128.92970823000525,37.176068231409765],[128.9284472039781,37.17381745066504],[128.92559760038185,37.17473247724048],[128.9238823372479,37.17373468376069],[128.92342957035183,37.16927886686821],[128.92421736782356,37.16609804556462],[128.92622476838332,37.1659376901138],[128.92724648273997,37.15802457168596],[128.92451461111796,37.15753227291394],[128.92440686216955,37.156713371626886],[128.921286504908,37.155275191906014],[128.9200154815124,37.153558450067955],[128.92051816157516,37.151820752789014],[128.9156198917833,37.14781807436629],[128.91588367168416,37.14468079448155],[128.91394901601697,37.143425744584306],[128.911064772199,37.14399484863869],[128.90914026100143,37.14021389394038],[128.90835874114924,37.13770708729051],[128.9098777073433,37.137311267253814],[128.90920153396016,37.135544583911745],[128.91062499392956,37.135730129453435],[128.9113574669203,37.134374602102774],[128.91062074184813,37.13194650421762],[128.9122102850433,37.132195773466854],[128.91253654376172,37.131035547860165],[128.9119167903824,37.126270656588254],[128.90964953234365,37.12433090609814],[128.9094870839862,37.125309841982606],[128.91081169937078,37.12601095642927],[128.9092194710969,37.126734501280424],[128.90904161835792,37.128804909503266],[128.90584106032412,37.126648232346675],[128.9070669506968,37.12574151832614],[128.90617970346167,37.12272383546167],[128.90133522709394,37.1220450999537],[128.90075058822237,37.123269234556325],[128.899124001744,37.12342936045058],[128.89651588547497,37.11934584307963],[128.89758359048867,37.11785481241164],[128.8985588459957,37.118855107894866],[128.90215017798153,37.117937605654184],[128.90281893229417,37.12040601703562],[128.9052254146485,37.12042899984008],[128.90635326973108,37.120030119916635],[128.90476609396623,37.118179531722234],[128.90656865931655,37.11911802608425],[128.90724542276396,37.11774561502666],[128.90886965095328,37.11737488892817],[128.9085178962257,37.115915372783796],[128.90944298199025,37.11592593368719],[128.90825474779777,37.120538520003215],[128.91589592777817,37.118920127622694],[128.91881273922897,37.119925244473265],[128.91894323162185,37.118572318505166],[128.9216890906788,37.116951284916254],[128.92302003650357,37.11856606711361],[128.92206867622892,37.11994559316033],[128.9237822240349,37.120034302037105],[128.92518784648962,37.11951074619524],[128.9259446694181,37.11548042847513],[128.92739766853927,37.1169812293427],[128.92681271369875,37.11992905144008],[128.92762207748348,37.121282604337935],[128.92964925321343,37.121311216113774],[128.9365240258108,37.12530301884621],[128.94374103768095,37.125905602739316],[128.94306210149352,37.12662317250133],[128.94701728604284,37.127353741345004],[128.94838280305942,37.12919247988511],[128.95221500986491,37.13067625591147],[128.9551590910465,37.130319039228596],[128.95575186665215,37.12698967195699],[128.9593871763304,37.12528766382755],[128.96551817094252,37.127078533432645],[128.9627977331073,37.12345061493382],[128.96283334783732,37.12112324877133],[128.96330491919207,37.12038497504092],[128.96385982106474,37.12102237461817],[128.96515687516234,37.11799905950156],[128.96393067615767,37.1168541212487],[128.96733839165924,37.11500965658544],[128.9660702859446,37.113046806518724],[128.96640006273898,37.11027547833917],[128.96993658959775,37.10932277518682],[128.96916745150207,37.106375013953745],[128.97201703906862,37.105720394366514],[128.97242152300322,37.103776764341504],[128.9689914704309,37.10033645345084],[128.96356596399394,37.09843371542466],[128.97440626903824,37.09628556643278],[128.97642955383517,37.096526973041314],[128.97748320299894,37.09894826233889],[128.98012060395288,37.099504267440594],[128.98195402858445,37.09736078830256],[128.97980515686962,37.095868734280764],[128.9802854997963,37.09329084234839],[128.97270192381663,37.092973879497805],[128.96881900173886,37.094101615508436],[128.96902527213172,37.09120331631274],[128.9671642935693,37.091817530446335],[128.9660581979916,37.091208557741226],[128.96830761465742,37.08955000702685],[128.96722068216175,37.08819889984204],[128.95343868047343,37.084958731193716],[128.95325800932528,37.08172945437573],[128.9549294559124,37.0794877893723],[128.959315332417,37.07747589441925],[128.96574931323042,37.07908666887189],[128.98509013515505,37.07468698368163],[128.98904524331334,37.07167569447439],[128.9894185471002,37.06667009859091],[128.98583326608417,37.066092585997126],[128.98666691282557,37.06418932246127],[128.98462760624207,37.06487855477092],[128.9831208613554,37.06803687392944],[128.97997441209276,37.06695930959285],[128.97781782641258,37.06793719170547],[128.97197268687358,37.065871321721886],[128.9673586045261,37.05752912441874],[128.96761580696423,37.054985098468386],[128.95740055532397,37.050699907627504],[128.95357500335524,37.05232524726726],[128.9507615566478,37.0517537389052],[128.94696289156406,37.053298511518804],[128.94431059355998,37.053254061728154],[128.94288770778132,37.05601288155223],[128.9370749366514,37.05739986056497],[128.935046421198,37.06101961255292],[128.93207477222134,37.06251383627558],[128.92818330358546,37.06261765264096],[128.92102818421418,37.06531289211363],[128.91426540994874,37.06471874576838],[128.91066832465955,37.06641263235903],[128.91060094033932,37.068267893689296],[128.90815979958882,37.07006551947324],[128.89899716819687,37.072770011390624],[128.9077550641532,37.08207599207123],[128.9027818438741,37.088232375344894],[128.8878050886715,37.090449070426224],[128.88898211678827,37.09194934368796],[128.88818616183715,37.093841374321556],[128.8885711537714,37.09784378571954],[128.88736037970892,37.10029315955611],[128.8878783470227,37.101823044675854],[128.88591456762936,37.10312065540611],[128.88653509074788,37.10599014273121],[128.88965722864296,37.1074851032096],[128.88670994003047,37.107494694477516],[128.88329339006992,37.10330634795834],[128.8800456314179,37.10447614715036],[128.87773198640963,37.10757957115012],[128.8719748460517,37.10930842016149],[128.86855989795737,37.10829048920463],[128.87021448526278,37.11071163530104],[128.86955693433507,37.11226843794639],[128.87051853590594,37.11355314883903],[128.8763939420085,37.11456595778241],[128.87974530759712,37.11860066227978],[128.8832652069968,37.119315969724404],[128.88329646382434,37.1201563989286],[128.88657753727452,37.12169790800378],[128.8894296071714,37.1249324969938],[128.89314835328943,37.1258885505528],[128.89826559338704,37.123681257225286],[128.89840900593276,37.124745355818334],[128.9008684129782,37.12612681333555],[128.90099566228636,37.128407978367456],[128.89854868158497,37.131703085309525],[128.8988056796233,37.13398865475506],[128.89701435640634,37.13378969539394],[128.89566176382334,37.13527752519317],[128.89383083232693,37.13540698887493],[128.8936393768868,37.13840838140417],[128.891315164247,37.137112554355284],[128.89151800531178,37.138426841168496],[128.88856393020055,37.1400223264112],[128.8892446959024,37.14251897435492],[128.89070569878012,37.14419960720983],[128.89564894668717,37.14663747923494],[128.89681893827716,37.150214570765094],[128.8980171088869,37.15045142837494],[128.89825036767104,37.14912451264924],[128.90057241951124,37.14706700275611],[128.9049342701998,37.148409313595465],[128.90915855235943,37.14793566269124],[128.91189750562148,37.14928657796303],[128.916990184514,37.158000558710064],[128.91782007751365,37.16233579959001],[128.91656804644543,37.16780694439051],[128.91297743622965,37.172843428733565],[128.9118513473805,37.177069764084855],[128.91483289486243,37.18058041277479],[128.91268367784798,37.18591224099518],[128.9132954530812,37.1910185985653],[128.9120765477806,37.193459700309134],[128.91292473227875,37.19483659562609],[128.91153348219314,37.19691198969477],[128.90342234048615,37.19832833082073],[128.90641427987322,37.20007905241408],[128.90777102930994,37.20397261849381],[128.91026329890892,37.2052203030864],[128.90913496856612,37.203544539635175],[128.90999105823485,37.20306899291501],[128.91321994767708,37.20576414861963],[128.9129694050644,37.20785328845739],[128.9119124245448,37.20590908862577],[128.90866048465244,37.20566008289099],[128.91222508945074,37.210941770229525],[128.91098031295553,37.21514831851262],[128.9087476654787,37.21607571979833],[128.90881128893184,37.21678251101399],[128.917086459453,37.22552067028973],[128.91766027156075,37.2346990244927],[128.91844868732088,37.235619037224204],[128.91810995498628,37.240049228454396],[128.92387421975747,37.24273103650454]],[[128.89932555617656,37.145648053358975],[128.89948617996234,37.144376289129795],[128.90015311872043,37.14489725834997],[128.89932555617656,37.145648053358975]],[[128.94510590815796,37.114249297857135],[128.94941832864643,37.111729009159916],[128.95271580190703,37.112437211716085],[128.9512840521808,37.11418249624556],[128.9528129435325,37.11542320641065],[128.9516285104558,37.11699231321056],[128.94843007981055,37.114556453514155],[128.94775206278203,37.11629113213108],[128.9490097283909,37.11692839266054],[128.94852869333084,37.11833961434301],[128.95016839478737,37.11918639232158],[128.94991991325614,37.11990613977721],[128.95138250578208,37.11978544022807],[128.95355302813545,37.122293435193846],[128.95168650944012,37.120883415592495],[128.95239988928446,37.121576622265195],[128.95166634921085,37.12209172168737],[128.94934235354654,37.120534081336295],[128.94751779870558,37.11768201180467],[128.9452302220045,37.11704756652857],[128.94592362242872,37.115471555678646],[128.94510590815796,37.114249297857135]]]}},{"type":"Feature","properties":{"id":"mudeungsan","name":"무등산국립공원","year":2013},"geometry":{"type":"Polygon","coordinates":[[[127.00376395409975,35.10329317289031],[127.00217659856418,35.104981496602875],[126.99755633284629,35.10581092206475],[126.99191214154796,35.104949415303324],[126.99319314202904,35.10185623054267],[126.99174288671944,35.102659607235346],[126.98933954276984,35.10138133988116],[126.98893939487654,35.09935872148377],[126.98781858543886,35.09889747776932],[126.98923384664545,35.097105964670284],[126.99459814161273,35.09467085179338],[126.99822429632754,35.09128907746356],[126.98505023783102,35.083662387529856],[126.98169908725187,35.08343915755813],[126.98249498491982,35.08070379215305],[126.98465240459873,35.07923158384686],[126.98542492412933,35.07680228916552],[126.98415134105001,35.075918684858],[126.98529412846861,35.075955610827044],[126.986781457679,35.07428842214448],[126.9843437800928,35.07390553601544],[126.98279767701875,35.06919826734648],[126.98036688183882,35.069214107758135],[126.98104358186929,35.067326491146446],[126.97849639379635,35.06612225910844],[126.97829085518103,35.06759658799375],[126.97586296184417,35.06924974657253],[126.97479171743625,35.07160704398502],[126.97525678158586,35.074423557306964],[126.97738392975465,35.075734707772256],[126.97546414022004,35.075834218577704],[126.9753539980999,35.078665501032994],[126.97337212805411,35.07928484004817],[126.9748936904727,35.08070537417303],[126.97359673624725,35.08170334722617],[126.97389306289986,35.083000158523156],[126.97630891842155,35.08445948018252],[126.97374324340824,35.08410979546359],[126.97403228492905,35.088088432668265],[126.97208840100487,35.08465122621778],[126.97120230688331,35.08697008204746],[126.96943559237943,35.08585671408676],[126.96734108480385,35.08603760989469],[126.968690823265,35.08388387523722],[126.9682747518705,35.08290596073133],[126.96442854117944,35.08454774571884],[126.96432725249844,35.08605148965311],[126.96311708059393,35.08603400546215],[126.9623757491572,35.08482108108295],[126.96329762370789,35.08284622106374],[126.96193665590239,35.08174599304202],[126.96548020937999,35.080466341525636],[126.96401862009392,35.078682813222414],[126.9660374101759,35.07770120102236],[126.96571025630594,35.076432975145295],[126.96722029443508,35.07509497088173],[126.96995581537014,35.07677360043702],[126.96984284376589,35.074220992080726],[126.97098867729287,35.07372129584122],[126.97219794031967,35.071782302518606],[126.9716291358829,35.07148173743826],[126.96692714479656,35.07370319781276],[126.96496877186483,35.07372491563739],[126.96528233921691,35.074264520797335],[126.95653472203395,35.07824223867949],[126.95775985840332,35.07944490312426],[126.9560015985151,35.08045370894717],[126.95597044325979,35.081705754987],[126.95253197434529,35.08260947519541],[126.95384140578793,35.08356578617589],[126.9522882981351,35.08461923893833],[126.95262826430245,35.08630042699067],[126.95335154087223,35.08524090775405],[126.95820200629144,35.08497115408483],[126.9562321294287,35.0884547232019],[126.95984308401255,35.087673161781716],[126.96051151027682,35.08814018512817],[126.96008666303749,35.08969266285664],[126.9628134229035,35.08997713745573],[126.96362412855247,35.09152726130074],[126.96630050378226,35.092169676259076],[126.96701166522787,35.0933121358541],[126.96878547324572,35.09401091584137],[126.97162190696149,35.09349321947385],[126.96978732075512,35.09444937482183],[126.9696421228086,35.09548081558099],[126.9721006715069,35.097881407017624],[126.96855156290636,35.097208211004094],[126.96523605218535,35.09448613953774],[126.96429515229542,35.09484144312996],[126.96474357272545,35.099345873806215],[126.96264477915709,35.09955215289566],[126.96122152539054,35.0940619377074],[126.95818391917636,35.09316383055341],[126.95761155155486,35.09410924434182],[126.95660453957352,35.09347904813451],[126.95610773201199,35.0940991849185],[126.9546254490095,35.09314948547363],[126.95406362317132,35.09452774408275],[126.95161194346547,35.09417622389837],[126.95188845332802,35.091764871670314],[126.95060711575174,35.09128984068668],[126.94908000159113,35.093237443018644],[126.94760974642827,35.09165648437556],[126.94628740737706,35.09284071664028],[126.94696611609972,35.09615940973222],[126.94378913059275,35.09340319296511],[126.94310154675404,35.09434948294197],[126.94175874406511,35.09402235017946],[126.94143663036321,35.09554180143303],[126.94390561763137,35.096032168811156],[126.94478756236366,35.096786560229575],[126.94025631779462,35.09820878331323],[126.94009050354707,35.09946614630365],[126.9411141076622,35.099178962922394],[126.94052132357648,35.100266222460746],[126.94122289550508,35.100748331531825],[126.94464395241609,35.099690990384715],[126.9449351136967,35.0982780971245],[126.94704900813599,35.09915999657294],[126.95104251000521,35.09895621193323],[126.95266080521536,35.09722814605645],[126.9537956382713,35.097890739689966],[126.95351673887993,35.09957816128608],[126.95662852220931,35.10040538809909],[126.95708580621877,35.10159812162013],[126.95670794151663,35.10264230089059],[126.95451278140705,35.102839288004375],[126.95234487791815,35.10130236061105],[126.94995184730854,35.10167092881983],[126.94698521368285,35.10042999127687],[126.94298684658375,35.101797660778324],[126.94248386289748,35.10271797903956],[126.94827095130665,35.10347878959161],[126.94918836431815,35.10454140258469],[126.942469931938,35.104546656534],[126.93931560175034,35.10654267961865],[126.94571481890036,35.107381529339065],[126.94679286204263,35.108450843170665],[126.94102559365083,35.10921319810138],[126.94373027023074,35.11095675542817],[126.94242947248361,35.11229068672581],[126.93863922589583,35.11119714333643],[126.9380977067592,35.11513040042158],[126.9393006866771,35.115934405715414],[126.93757235985198,35.118342807179815],[126.94593171716329,35.11604632597595],[126.94766727703438,35.11332184436073],[126.94889283035162,35.11392458098429],[126.950666858528,35.1133234971281],[126.95264285658898,35.109502807400375],[126.95413276397699,35.11215331046589],[126.95970539817203,35.111926622517345],[126.9553331464658,35.11443910638551],[126.95149408149366,35.11530199359597],[126.9488754496257,35.117485977727775],[126.94959975461254,35.11901498502923],[126.94783393598533,35.11885875415643],[126.94665591944151,35.11995509098868],[126.94678096899018,35.121587483292586],[126.94424777643123,35.12137903356188],[126.94010518853563,35.12265523947697],[126.94211177760116,35.124297209030885],[126.9403024209357,35.125997736589746],[126.94166779529743,35.127682576168674],[126.94473743358051,35.127727231291246],[126.94496761128308,35.129316490178475],[126.94585059625716,35.12944645057277],[126.94828988365991,35.12895525038638],[126.9494157090286,35.127435683545066],[126.95275903707879,35.126858414075386],[126.95448403128769,35.12520084858318],[126.95681313356046,35.11892949245155],[126.95850355923156,35.11886477924893],[126.9580382158765,35.118303712902645],[126.95880400045573,35.11862945896271],[126.96050568509436,35.11724765230931],[126.96158542317671,35.11759305302187],[126.95706222496038,35.121090818335645],[126.95879592936964,35.12224591126698],[126.95691331243097,35.123973979244596],[126.95915447200142,35.125344939385805],[126.95742375409263,35.12582457626776],[126.95739507029084,35.12748773480662],[126.95523756380854,35.12793728407309],[126.94946492903843,35.131650788592374],[126.95555390735774,35.13344703468236],[126.95803190031116,35.132304383280264],[126.95965264140497,35.13280205186705],[126.95533175064095,35.13462116225162],[126.95367247076841,35.14532370660456],[126.9553562244563,35.150595037326305],[126.95181114891993,35.154291499682984],[126.94959694133111,35.15398746234853],[126.9507770500549,35.15544289156177],[126.94553203641296,35.16156340673843],[126.94789216969743,35.1647774377738],[126.94582327338495,35.167504492642756],[126.94915712939091,35.171431317493614],[126.94445401015204,35.176059057173966],[126.94303232850211,35.179043385678554],[126.94549533664691,35.17929622157847],[126.94881001036542,35.17683083162521],[126.9471946434607,35.179257906379114],[126.94765182466416,35.18018851911677],[126.95167121321778,35.1789510954478],[126.9536176657664,35.179879919635276],[126.95429795899715,35.178160858705425],[126.95649096597866,35.17818248635787],[126.95684741059232,35.17713333678028],[126.95549997712294,35.17619293991863],[126.95645650826755,35.174679649711045],[126.9544898542858,35.17431582077033],[126.9565788554758,35.171818614063625],[126.95547221150109,35.17044301483185],[126.9568259117137,35.17008589116483],[126.95696705414285,35.17299569340416],[126.95914263272041,35.17284757084036],[126.96016691311843,35.168539006415834],[126.96523462479162,35.166450029229104],[126.9688116686048,35.166969324158664],[126.97329618159235,35.16977383478004],[126.9722805081633,35.17123811417008],[126.97268345697127,35.1725547239983],[126.97117402160762,35.17356873908165],[126.96964132287184,35.17729408541567],[126.96694258767067,35.177858224089],[126.96481569131878,35.18004391130455],[126.96333620886156,35.17997467833059],[126.96371549122544,35.18186124270696],[126.96171271674254,35.184013749115124],[126.96213234266614,35.18678334534187],[126.96427478572777,35.1881024118664],[126.964939332127,35.18671890998125],[126.96933023068074,35.18683537296778],[126.9693014582918,35.1852903427996],[126.97191772554932,35.183892049512195],[126.97145076461285,35.18588530742251],[126.97449562672536,35.18826439746862],[126.97438737424761,35.18940569320499],[126.97904494098435,35.19056170174761],[126.98003764126932,35.189944375533415],[126.97907253740928,35.18830175249169],[126.98085285291688,35.187887113590264],[126.9817276110334,35.18655541148953],[126.98162973117567,35.18138211524298],[126.98310700436477,35.18133780569503],[126.98321643853693,35.18072197228171],[126.98253496616657,35.17911149843709],[126.98405531895072,35.178278937770614],[126.98640172523889,35.1787140264411],[126.9866112643029,35.17757322979047],[126.98753376819296,35.17764646570522],[126.98760152205698,35.17921709641892],[126.98841876782042,35.177640490535865],[126.99025537434345,35.178700782683194],[126.9940608257292,35.177738609135965],[126.9953198124242,35.174116645477795],[126.99484149979328,35.17337331470036],[126.99552585703641,35.173264267668635],[126.99498143548472,35.17225713640748],[126.9935745449857,35.172826244703046],[126.99401105431204,35.16929783111387],[126.99313027575434,35.168646399353136],[126.99960096267326,35.16662151911051],[126.9954343921425,35.16323044480059],[126.99699590970931,35.161781793925655],[127.00062595509173,35.16299441339673],[127.00341295904926,35.162114100776236],[127.00314202177715,35.16398535231746],[127.00496059113472,35.16527371499689],[127.00123633707548,35.166795710307596],[127.00257146139798,35.16989754920284],[127.0063314983226,35.17151499143431],[127.00843889411722,35.1737242691609],[127.00661734766533,35.17641840283549],[127.00781082470063,35.177771400948394],[127.00895898131513,35.17747932418726],[127.00948044974065,35.17748665651638],[127.00866302337593,35.17758604400371],[127.00859914109141,35.17884201704919],[127.0077747406904,35.178208395887815],[127.00815903736944,35.17951648042844],[127.00711585205663,35.180985591104864],[127.00901899206679,35.18297033377891],[127.00969248535411,35.18211961281688],[127.00765934180609,35.180263924634154],[127.01207432651579,35.17616671348476],[127.01445504188735,35.177448698864225],[127.0164200495545,35.175229523876354],[127.01747995387002,35.175971393619896],[127.0198313865791,35.17494802490472],[127.02264366621772,35.175699703479125],[127.02409154949216,35.17154626936199],[127.0283678484686,35.17319600732848],[127.02726887138209,35.17389857489788],[127.02830214080598,35.17510796547769],[127.03096921139071,35.17551854132271],[127.03162970772574,35.17334279876624],[127.03238158090369,35.173449824463034],[127.03281473307867,35.16977178957687],[127.03457191763214,35.16672763207902],[127.03152313288071,35.16607430205943],[127.03018399255888,35.16742828849465],[127.03049060703091,35.16819075100436],[127.02908257775343,35.16807345486026],[127.02737266679263,35.16393112033005],[127.02519757821403,35.162658606240875],[127.0233826410652,35.163204494811474],[127.02317317160256,35.16179151709768],[127.02196276077284,35.16107463892276],[127.02336044720214,35.16068485562886],[127.02172165910261,35.15843804704669],[127.01781827847498,35.15803429915408],[127.01791718943986,35.15553458573933],[127.019220248979,35.15513617384016],[127.01975554077661,35.153505488650005],[127.02534342695999,35.15340983651684],[127.02360099988434,35.157719852011695],[127.02226739476927,35.15825665149143],[127.02270341943964,35.15909334360947],[127.02975468070767,35.15976442808732],[127.02985337481533,35.160761996737826],[127.03237395666088,35.16227317164612],[127.03422206259584,35.16165417745131],[127.03587264902697,35.159380140286146],[127.03500997395085,35.15683997880157],[127.03645006408492,35.15468160693282],[127.03513627041129,35.152408644568844],[127.03330214700745,35.15256010612634],[127.03192778614813,35.15022658630581],[127.03588651077693,35.149108300377705],[127.03864785985266,35.150720306613835],[127.04014942567925,35.148801561907085],[127.04286061317893,35.15046765969495],[127.04298215967844,35.152075591195356],[127.04177581811236,35.15358895696959],[127.04300340004684,35.15900862058759],[127.04889483262129,35.15632044761243],[127.05236028364439,35.158944131050575],[127.0536049225527,35.15736871883674],[127.05171191675821,35.1554118914451],[127.05326491352903,35.15506434707125],[127.05319604615964,35.15380572623594],[127.05143656498484,35.15255615116692],[127.05211905721937,35.151637387437624],[127.05679021334765,35.1502114749938],[127.05964240037845,35.15201147027547],[127.06067485052908,35.15155904658024],[127.06175894569016,35.14786719721452],[127.06133167204835,35.14450804122035],[127.06057525422895,35.144900967862824],[127.05872627059506,35.14342323398785],[127.05723745032257,35.14439877012227],[127.05535385079406,35.14205962350292],[127.05175636446056,35.14293098000998],[127.05118728711541,35.14095003082361],[127.04571257373621,35.14295127507821],[127.04389718546611,35.1417799788498],[127.04048258729836,35.142638025524995],[127.03842989329684,35.140818133172715],[127.0388611233553,35.13526969208364],[127.0356144469849,35.13046411860703],[127.03815971354457,35.13163003848637],[127.03925579773761,35.12958052551809],[127.03629600054407,35.12727772455662],[127.03301616616699,35.12728358462854],[127.03339397213195,35.12639147430946],[127.03523314620446,35.12610633505388],[127.03363310629757,35.12551698432586],[127.03429730438359,35.12505429140255],[127.03253200075956,35.12231949138829],[127.0291583049157,35.122762147568785],[127.02933268405181,35.121283201287625],[127.03217801980091,35.12006234182883],[127.03033923400687,35.11829743497947],[127.03049604456315,35.115714954132564],[127.03349929965891,35.11486839589437],[127.03411661142256,35.113844519239954],[127.0323754305025,35.112779630316716],[127.03293648396134,35.110969002252205],[127.02872603756433,35.11139704330407],[127.02717358084303,35.106756171541655],[127.02821149895874,35.104951297652136],[127.02388138963178,35.103434854504066],[127.02958164355138,35.10256856142105],[127.0264333638544,35.09912359097329],[127.02738096640208,35.09403721179968],[127.02490499247081,35.09176900141036],[127.02181654942089,35.092111113054074],[127.02237096550778,35.09400073417106],[127.0150941415802,35.09687649236647],[127.01547143779831,35.0974036748986],[127.01402450355951,35.0981142615325],[127.01583151105268,35.10056121677034],[127.01199341484204,35.10152704382103],[127.01041032595587,35.09958603175994],[127.0112497766007,35.09943992780607],[127.01088036591418,35.097997415126706],[127.00888401766582,35.09793827137627],[127.00918165681645,35.09888476881983],[127.00653460290103,35.100668916644096],[127.0106613065739,35.10337149420796],[127.00664506652996,35.1068726072412],[127.00501737692139,35.10080658572756],[127.00643186903417,35.100374151736105],[127.00648091033898,35.098852269887495],[127.00547027402106,35.09805402422319],[127.00520227301459,35.098948600037126],[127.00336688541837,35.09839313273481],[127.0032495061057,35.099596716071474],[127.00232532495839,35.098632484142634],[127.00376395409975,35.10329317289031]]]}},{"type":"Feature","properties":{"id":"wolchulsan","name":"월출산국립공원","year":1988},"geometry":{"type":"Polygon","coordinates":[[[126.69715165704328,34.79066884375918],[126.70066463722777,34.7894017693297],[126.70297239764022,34.78686590374805],[126.70452159743269,34.78724213109658],[126.70884786552737,34.78444723620245],[126.70877362956183,34.78579503127536],[126.71083862008902,34.78577705234108],[126.71240330896467,34.784270908165524],[126.71505428506275,34.783554064566125],[126.71473136162051,34.782817909128376],[126.71636163556792,34.78277795958496],[126.71994665871534,34.77736682302977],[126.72278540786108,34.777901710117575],[126.72335946479838,34.777238579642095],[126.72159262775462,34.77682047906199],[126.72192285835713,34.774824411871535],[126.72143315157818,34.775332203636594],[126.72025479583381,34.77343249303089],[126.72216438728842,34.772469406206035],[126.72434291906906,34.77283919128351],[126.72351946929925,34.77164939443571],[126.72629222723305,34.769293549595886],[126.72606331609964,34.76855860016129],[126.72782785989982,34.76883080094548],[126.72765791999372,34.77218961173441],[126.7332373358103,34.76846712789281],[126.73377569672533,34.766801479351244],[126.73290501425826,34.76592341223663],[126.73635767456247,34.762580902866304],[126.73584083882453,34.75835178289855],[126.73842315937169,34.755752705566636],[126.73477369273682,34.75325956067815],[126.7321323238198,34.755747071629074],[126.72900422288527,34.75614390185327],[126.73305391649764,34.75162310684974],[126.73295340298127,34.750592376902524],[126.73170000799516,34.750347191839204],[126.7330389262019,34.74948812296536],[126.72774376196286,34.744983957951625],[126.72563478245166,34.74673363809395],[126.72486615883014,34.74475248380089],[126.72397399407332,34.74414157862346],[126.72251475469201,34.744794465339766],[126.72135009374158,34.74296889328336],[126.71424757888089,34.74792922406524],[126.71289532348673,34.74548103862055],[126.70885273306986,34.74814893812968],[126.71011915677457,34.74634890576941],[126.70897864914598,34.74550036261944],[126.70852818264329,34.74598182408461],[126.70943633413039,34.74639549183239],[126.70842362228052,34.74809967841185],[126.70745480651739,34.74592293424927],[126.69590957778357,34.742552927087694],[126.6934358837676,34.742239270078876],[126.69177637336985,34.743918873979915],[126.6922397306424,34.74179404309537],[126.69077933045381,34.74053397621281],[126.69141377851162,34.739734145974005],[126.68812882082388,34.736692329021345],[126.68197789229974,34.73630351044575],[126.6813293654936,34.732809820506],[126.68712075096424,34.73121265086966],[126.68504840994397,34.729484273601074],[126.68685680732291,34.729166088813386],[126.68647368541646,34.726667063680004],[126.68822445626748,34.7262352231108],[126.68826037444113,34.72277879461813],[126.6861029713811,34.72234584258604],[126.6868183251822,34.72162299934982],[126.68567666596864,34.72063143732936],[126.68629457444948,34.71943313632328],[126.6841147608665,34.718902170426496],[126.68627405492035,34.71783510824895],[126.68504821780563,34.71606736555505],[126.6871395908137,34.71663629773234],[126.68741826514717,34.71506693831286],[126.68963115264683,34.71378578709728],[126.69200810950592,34.71021743119572],[126.69216470306661,34.70572506766974],[126.6943034761129,34.70442476313609],[126.69244857391745,34.70426940344769],[126.69345102615885,34.703361968642916],[126.69256764608926,34.70218949167975],[126.69381614471364,34.699287758789055],[126.69037964396816,34.699011534696254],[126.68922954911208,34.70082389531572],[126.68468728091874,34.70037864723218],[126.68420357429453,34.702372843405904],[126.68111389220992,34.70297990386905],[126.68069333436914,34.70504566750154],[126.67893525943262,34.703775265098066],[126.67959763667061,34.70661087405878],[126.67817658973026,34.70479354315589],[126.67611474585009,34.7054540758646],[126.67786670046259,34.7043129335213],[126.6765016671756,34.70289023292211],[126.6778699435703,34.701601558731106],[126.67619537550817,34.701099293657705],[126.67017361664445,34.70101827434025],[126.66927923954448,34.7012552629328],[126.66969763982,34.702188089394234],[126.66722185972341,34.70145717274992],[126.6617624489098,34.70407279361376],[126.66154073416605,34.70565154655094],[126.66231781075497,34.70671111783937],[126.66376535945037,34.706715407677564],[126.6627682869434,34.7076410988053],[126.66840021642392,34.71514929893644],[126.66920588393222,34.71706949510537],[126.66858220247515,34.71735145572139],[126.6671256248666,34.71660285617753],[126.66579913732957,34.71334501782411],[126.66101780066775,34.70861876518597],[126.65924220944247,34.707730405562195],[126.65866464515861,34.71014457698131],[126.65742704529404,34.708500512929604],[126.65802281399903,34.70696978598319],[126.65652290032577,34.705424128431744],[126.65072919207343,34.70663192395168],[126.652112301525,34.70822398377564],[126.65140169511064,34.70848335534414],[126.65166710844903,34.71025990607407],[126.65002136837796,34.70803755393305],[126.64898987033519,34.708359219987],[126.64868134402562,34.70676942883797],[126.64759316240706,34.70669357499862],[126.64648740932898,34.707055735714356],[126.64633056689001,34.70860763727895],[126.64412515073299,34.706988402585374],[126.64326838198656,34.7088417928516],[126.63978873754535,34.70855162884808],[126.63602738270184,34.71003971602792],[126.63532581946001,34.71084286676795],[126.63780734923247,34.71237241311154],[126.63380713598512,34.715149952708856],[126.63578873732779,34.71595204389964],[126.63682230690611,34.71832910099008],[126.63367550013412,34.718966214526105],[126.63324099493668,34.72140670481368],[126.634158647776,34.72296996366991],[126.62940656180835,34.72769568764511],[126.63080211791123,34.72787907869127],[126.63017177644973,34.72850995072638],[126.63102304796283,34.72978808475524],[126.62977131868068,34.72967157179034],[126.62810032340828,34.73107739454624],[126.62916026787072,34.73143231473858],[126.62929026085642,34.73266350804657],[126.6270718477663,34.73796421738597],[126.62796522190904,34.73874405738514],[126.6323419072327,34.73634269073885],[126.63399705436093,34.73609285277186],[126.62875212014366,34.74020090185571],[126.62589229259522,34.7451208693874],[126.62719979681664,34.747483274817384],[126.6298581235651,34.748536802755716],[126.63072636869067,34.75059445327916],[126.63247996554378,34.75049880215391],[126.63240142407912,34.75251156292492],[126.6343729184596,34.7540138089497],[126.63094660501368,34.75544428570276],[126.63147136047488,34.75665734609629],[126.63525450822658,34.75566089275799],[126.63708335966736,34.75853275864266],[126.63824772597026,34.75764034532004],[126.63894103664724,34.76020936061162],[126.64159253488197,34.761007461093875],[126.64203842641676,34.76013973071057],[126.64334785152919,34.761634444045896],[126.64619744863616,34.76087197800379],[126.64767759215331,34.76372453618642],[126.64690185746896,34.765188510247356],[126.64817628903502,34.765854342515944],[126.65045189764054,34.764531751590525],[126.65164385025001,34.76591387460239],[126.65249480770751,34.76523144477054],[126.65202548918104,34.76734814541037],[126.65322607516151,34.76859690512179],[126.65496186782522,34.76763959723176],[126.655143703706,34.76598343667959],[126.6552635459851,34.767909335794755],[126.65716371452282,34.76784989636751],[126.65660216964916,34.769503846294626],[126.65885605892582,34.76937206624303],[126.6569989344973,34.770424044416096],[126.65730304009148,34.77127339986531],[126.66215440546968,34.771740714323364],[126.661458491191,34.77234892637706],[126.66246216800623,34.77233839279261],[126.66190886111438,34.77404948737663],[126.66318679560571,34.77869560153672],[126.66516829999192,34.77877495044629],[126.66551926488476,34.78105148252409],[126.66849711419725,34.78218683251418],[126.66804439116419,34.78405226870997],[126.67506790876813,34.78368204639291],[126.6788859001215,34.78680292556005],[126.68039072453173,34.78614143192894],[126.68042505907792,34.783468999975284],[126.68304097139394,34.78745048073953],[126.68488416464673,34.78763482020887],[126.68642814997945,34.78588220115108],[126.6864211032352,34.788755557100224],[126.68956687858953,34.78913765784447],[126.69083070775493,34.78720753722038],[126.69266916924524,34.7889577229517],[126.69394007413602,34.78736269226513],[126.69446202152339,34.78891732901275],[126.69719698589364,34.788852103912085],[126.69715165704328,34.79066884375918]],[[126.72148696060029,34.77554712385237],[126.72113501515165,34.775283021931905],[126.72150033599225,34.77539393328973],[126.72148696060029,34.77554712385237]],[[126.71976058510307,34.77500168471],[126.71982442888115,34.774621726681296],[126.71999306710917,34.774905158688696],[126.71976058510307,34.77500168471]]]}},{"type":"Feature","properties":{"id":"byeonsan","name":"변산반도국립공원","year":1988},"geometry":{"type":"MultiPolygon","coordinates":[[[[126.34724251512547,35.562673297305516],[126.3467206983943,35.56367498904613],[126.34837651184226,35.5639054844966],[126.34819941503707,35.56314105565778],[126.34724251512547,35.562673297305516]]],[[[126.24548163541013,35.58352434987809],[126.24443985823953,35.58401104690198],[126.24480460707552,35.58562122910481],[126.24530910922039,35.58535230324213],[126.24548163541013,35.58352434987809]]],[[[126.234624164834,35.58483053723758],[126.23332977324604,35.58549709884563],[126.23454242745048,35.58658639095853],[126.23481390456311,35.58560670487921],[126.234624164834,35.58483053723758]]],[[[126.29875201041484,35.58553933994395],[126.29696767972254,35.58818891696444],[126.29915253945015,35.59074838749235],[126.29977969472122,35.589376183394755],[126.29875201041484,35.58553933994395]]],[[[126.3016096438447,35.6108969092464],[126.30444061209737,35.60957526944746],[126.30513160039072,35.61019401337732],[126.30582025495094,35.6091888887125],[126.30641911568972,35.60987374741703],[126.30814459160082,35.60821180716724],[126.31157429050174,35.60879020489599],[126.31131645781547,35.60688292971318],[126.31054907985417,35.60561324658417],[126.30337993687587,35.602416048733325],[126.3006685757353,35.60294421650583],[126.2993076281156,35.603982434116546],[126.30000459568313,35.60666521692785],[126.29825765217662,35.60729551764761],[126.2974252857725,35.609509684414675],[126.3016096438447,35.6108969092464]],[[126.30352777163672,35.605542394780464],[126.30348229308397,35.60550422416363],[126.30352824417315,35.60550449931023],[126.30352777163672,35.605542394780464]]],[[[126.28887073143412,35.616779615001484],[126.28874793269127,35.616241700061536],[126.28854525161712,35.61656532516472],[126.28887073143412,35.616779615001484]]],[[[126.46243154439256,35.617052304478115],[126.4719177263324,35.61754672798936],[126.47073237765755,35.613072049249865],[126.46460015418013,35.609708192596344],[126.4603571783832,35.60956149592357],[126.45988995214461,35.61046108410256],[126.4613980722049,35.61070560917994],[126.46098779977031,35.6137501980418],[126.46243154439256,35.617052304478115]]],[[[126.29110706456048,35.619827316986196],[126.29253355366966,35.61914933496956],[126.29066816937905,35.61917828915293],[126.29110706456048,35.619827316986196]]],[[[126.5166715830702,35.6871635342219],[126.52614185945868,35.67706107970838],[126.5239523163098,35.67282276379419],[126.52295169378316,35.67252556729102],[126.52249627111279,35.674797137031625],[126.52398484659732,35.67638329333743],[126.52356073244258,35.67590524741611],[126.52431190780317,35.67550998373473],[126.52472481916944,35.675693512811065],[126.52400526378027,35.67604684233657],[126.52536931031533,35.67683044979564],[126.52518293266377,35.677659796997766],[126.51933061697984,35.673237085933856],[126.51954663666545,35.67180426600294],[126.52089736840385,35.672228735956665],[126.52159297816515,35.67100245131257],[126.51929114754894,35.670987533656785],[126.51192363490563,35.66407901407259],[126.51082864604545,35.66421379311448],[126.51076784830924,35.665189250414535],[126.50947063753596,35.663039373730065],[126.51099686309381,35.66352755193481],[126.51081400981141,35.66207385526192],[126.50812600558555,35.66117359331015],[126.5056200582626,35.65794744342766],[126.5031094443111,35.65851975918491],[126.4983423177898,35.65611329948107],[126.49619240952356,35.64781606151288],[126.49335865268421,35.647878991771734],[126.49439014627214,35.64590645798463],[126.49577538891656,35.64602045981744],[126.49299701185264,35.64342949308836],[126.49078353513106,35.64520913187341],[126.48899813172183,35.645111702774926],[126.48864263993528,35.64425833966567],[126.48754838244609,35.645401473483204],[126.48778364096363,35.64691033918296],[126.48659627808652,35.64700209317195],[126.48253152476455,35.642879270038925],[126.48260590719693,35.64180536541609],[126.47811868208701,35.643165888802876],[126.47138772031552,35.642072284393336],[126.47123793181937,35.641200665692175],[126.47026170634204,35.64177438476858],[126.46991705261574,35.64081204935003],[126.47145550873013,35.64107288587467],[126.47133495468387,35.64023508522336],[126.47196425125205,35.64089714949283],[126.47333442609951,35.63968017861587],[126.47289892952922,35.64093878311829],[126.47380742665575,35.64133394390196],[126.47436757122527,35.640569703398796],[126.4733835825717,35.63956908551755],[126.47298376290145,35.63542852159433],[126.47238467718562,35.636444427275336],[126.4707617646352,35.63490024399424],[126.46753569296999,35.6346965964574],[126.46931191750797,35.63260345032183],[126.46974832668074,35.630096555199984],[126.47081587294609,35.629706505274235],[126.46845451695864,35.62652103886914],[126.4718705968842,35.62583144643109],[126.46952060408482,35.62411361435381],[126.4661627567055,35.62346146276557],[126.45491373208739,35.63613807602458],[126.45554917674814,35.65080084325541],[126.47363139651372,35.66931373766164],[126.47891850266659,35.67602849192677],[126.49141411628422,35.68380824639703],[126.50374821626814,35.68711595693347],[126.5166715830702,35.6871635342219]],[[126.48633218011344,35.66340121689478],[126.48573625264616,35.66217571062162],[126.48396817420962,35.66177817520298],[126.48640022759473,35.661384779340786],[126.48633218011344,35.66340121689478]],[[126.46635862949087,35.6388590918642],[126.46134177813022,35.636388644494964],[126.46115059857293,35.635543144430045],[126.46263852088083,35.63545440919278],[126.46142625536208,35.63465581866736],[126.46532925425107,35.63503423694728],[126.4651467600592,35.636059367091256],[126.46721004844977,35.63680152857553],[126.46587917503555,35.638318647425386],[126.46635862949087,35.6388590918642]]],[[[126.63920939559878,35.71083569166038],[126.64278551160966,35.709148459748185],[126.64383324554531,35.710062783999916],[126.64765609514266,35.70933534082428],[126.64965194899821,35.705983063562904],[126.64709819623931,35.70472813152657],[126.64921445110119,35.703606137007256],[126.64704182038774,35.7023958547302],[126.64757568347157,35.70175848107588],[126.64581175604664,35.699772793031315],[126.64481976704883,35.700076063844996],[126.64386373082732,35.69769562115358],[126.6421817809949,35.69751165938424],[126.64233558258265,35.6963083401239],[126.64037554864667,35.69405630137549],[126.63421104704396,35.69752499035152],[126.63756779244544,35.693030207602895],[126.63321996323222,35.69184294160291],[126.63988297586309,35.69107620984943],[126.64048338738671,35.68895900548344],[126.64895323392206,35.68857768187496],[126.64947856806855,35.68903216964901],[126.64579560202264,35.68938959743985],[126.64185350557752,35.69199982928473],[126.64295921442564,35.6920973824472],[126.64259406928066,35.69157387432475],[126.64314838698974,35.69197195729481],[126.64269904557068,35.69268220476343],[126.64458212253258,35.693382527061715],[126.64358975799428,35.694123217664384],[126.64531753458881,35.69604167020984],[126.64743710395356,35.69625092348143],[126.64703452475455,35.69732514074228],[126.64859043577157,35.69882859080782],[126.65247933970346,35.69707691303045],[126.65236814780201,35.695978593812384],[126.65617566226682,35.6963998677317],[126.65075336643996,35.700145654536485],[126.6526437452948,35.70276498256203],[126.65555412358482,35.70410835558382],[126.65693951492264,35.70191864599928],[126.65823111696501,35.70447441613847],[126.66090472590318,35.70347247514011],[126.66216849134945,35.701421927272285],[126.66513386650566,35.70061772875072],[126.66996380670086,35.693228764245426],[126.67225317838516,35.69239784103188],[126.6735751805067,35.68904674134153],[126.67215988463892,35.68388737181522],[126.66954186378972,35.683942530408956],[126.66864525543728,35.68696125734803],[126.66648285569426,35.6881766731415],[126.66740512648018,35.689142692878775],[126.66648411464259,35.690058373438504],[126.66615666079052,35.68841332902932],[126.66584524405957,35.68914358929237],[126.66425239952883,35.688905187058445],[126.66392873238047,35.689858167493895],[126.66310756782792,35.68918562453124],[126.66416320102562,35.68723814797801],[126.66141358426206,35.686400950696125],[126.65890986745654,35.687338516603496],[126.6587259297968,35.686126875907306],[126.66496558424573,35.685151042933875],[126.66615129411205,35.683657647317155],[126.6620128364099,35.682214435519214],[126.66559195594009,35.681383351679365],[126.66515444637292,35.68017496116143],[126.66632826591352,35.68055048404052],[126.66730629983653,35.679012336083204],[126.66836141958531,35.67872084035456],[126.6680573749028,35.68059284105635],[126.6690190809672,35.681652016671464],[126.67186428252059,35.68050764291256],[126.67128635004536,35.675687060557074],[126.66958249063273,35.67382652271701],[126.66843072714816,35.67303498227191],[126.66502868696286,35.674257331796625],[126.66784274435122,35.67214388026734],[126.66798240801788,35.67011580950087],[126.66697503676913,35.66900416384739],[126.66752009612415,35.66773932523111],[126.6664916368574,35.66603756047662],[126.66723360544954,35.665975674798894],[126.66577363481862,35.66268467942555],[126.66255907317597,35.65909216724772],[126.66383814168958,35.65788425068047],[126.66373355168373,35.65552568199446],[126.66534447225962,35.6534529193301],[126.66462664945507,35.65313282981921],[126.66682270932857,35.65098891407494],[126.66551105653835,35.64917130910769],[126.66604974849889,35.64536064050747],[126.66460185683505,35.64389244999577],[126.66589021752395,35.64408825927744],[126.66535771442362,35.64186761566364],[126.6687282021732,35.64312657622741],[126.66897446529975,35.64111977041269],[126.66711903872637,35.63807595069931],[126.66450076419117,35.638005177876046],[126.66343991031302,35.64006584465094],[126.65816599486728,35.643323599305326],[126.6568118279137,35.64531799854253],[126.65473063965642,35.644225581208104],[126.65790094734766,35.64325679815841],[126.65813911429143,35.64099657124002],[126.65972825919964,35.6405646915844],[126.66109737330113,35.63803453924476],[126.66046919815497,35.63643585282822],[126.65844572213219,35.6356402813026],[126.65757565676832,35.63664151915502],[126.65639673352024,35.635256839801045],[126.65962177816964,35.63517462810797],[126.66101913245267,35.63323508594925],[126.65527016028679,35.62187322935108],[126.65331144368183,35.61985994978793],[126.64856108240198,35.61696915608367],[126.64577112261433,35.61387015016562],[126.64367034811198,35.613171259327736],[126.6472532589963,35.620464718885295],[126.6501163837789,35.62310852104137],[126.65058008829931,35.626290216536965],[126.64941756100238,35.626815234175815],[126.64940887326296,35.628303309425355],[126.64705972362431,35.62782087283021],[126.6478632755163,35.62658221047126],[126.64716445925005,35.62556459520564],[126.64645148053734,35.62675116566047],[126.64640193414179,35.62589292330374],[126.64590082307878,35.626306925900174],[126.64585644054144,35.62829033529226],[126.64527296694236,35.62694517733454],[126.64429695222022,35.626875196867914],[126.64413260664948,35.62475816357181],[126.64193420970662,35.62488069682214],[126.64039766311296,35.622910576657446],[126.63822984269777,35.62289471302489],[126.63884315096968,35.62405391020014],[126.63650475303857,35.623425842113186],[126.63425740067196,35.624879897974445],[126.634825461502,35.62863147417684],[126.63304379591636,35.628582002890795],[126.63104061285848,35.63008712198263],[126.63159218363495,35.62682361664159],[126.62823083658922,35.62615351569172],[126.63147716017738,35.62506641854065],[126.63021678036199,35.62304466266801],[126.63171263681602,35.62263301311139],[126.63355230791989,35.61918318742338],[126.6280732294619,35.61409266232981],[126.62843147742427,35.612430949403624],[126.62617816498994,35.60938698003382],[126.62272181425394,35.61020384948925],[126.62266780805592,35.60956370688649],[126.62247557672458,35.61030454957447],[126.62135017011913,35.60857561423302],[126.62077649738536,35.60993292483736],[126.61911202246432,35.607990828711365],[126.61592904920401,35.60777033198243],[126.61853845061596,35.61344508617981],[126.61923121256716,35.61331901636069],[126.61880529394226,35.614196762628744],[126.61557327415564,35.612680833834254],[126.61114501755334,35.608703843208744],[126.60823413251354,35.6099519825727],[126.6054888618149,35.60681434321565],[126.60104968307263,35.60660799144933],[126.59900271431371,35.60494656729282],[126.59490074403365,35.60484179872829],[126.59340419946666,35.60381117447349],[126.58958850779177,35.603747657195804],[126.58944542728615,35.60507172668277],[126.58856107823037,35.603770065063316],[126.58651176857947,35.60555929304636],[126.59018452488361,35.60905449736865],[126.59619721919773,35.610267433757585],[126.59781375857773,35.60876211509419],[126.59828939625079,35.611116722038346],[126.59917544237567,35.610685194512705],[126.60256753668945,35.61271671459396],[126.60495224605326,35.612558704388874],[126.6074198907787,35.61546160924143],[126.60338274169088,35.613820322500324],[126.60115752143098,35.61574237404025],[126.6016986752678,35.613400287231606],[126.59895360864316,35.61266497831092],[126.59733076791149,35.61320836159476],[126.5961955245373,35.6121901354778],[126.59483558149607,35.61288330442226],[126.59189577841593,35.61135833525064],[126.58848799760136,35.612767498632785],[126.58763801557191,35.611206542530354],[126.58932337291387,35.60995882873252],[126.58762609911358,35.608715440812915],[126.58715253933434,35.61025975031326],[126.58497958646501,35.61039150585957],[126.58580161207239,35.61275202554199],[126.5837094505033,35.61250294183988],[126.58156713495121,35.613686876746264],[126.57974531371808,35.6158569493641],[126.57907579481041,35.61603881651794],[126.58140802488678,35.6108424225027],[126.57561001107592,35.615386180281554],[126.57469766124936,35.61402437568393],[126.5756933515041,35.61325779196904],[126.57492633387916,35.61222084502224],[126.57640432662397,35.61199824050278],[126.57824514325783,35.60889745583544],[126.57463155084206,35.607901956593274],[126.57678496528139,35.60676318049057],[126.57496209892192,35.60565855548354],[126.57689778187991,35.60508678079098],[126.57697336571303,35.604133993818884],[126.57589476629653,35.6039270343674],[126.5726437139838,35.607764538270466],[126.57332644408102,35.60252302605684],[126.57194780312734,35.603553771673816],[126.57059986498739,35.60309331852978],[126.56941751273969,35.60468362143637],[126.57045727174328,35.607040879888075],[126.56913204833124,35.60654821776784],[126.5687238468651,35.60864198900799],[126.56653150691244,35.608625103709585],[126.56678307423574,35.60755759999616],[126.56580843618329,35.60728188552243],[126.56680681179873,35.60447020063643],[126.56344579201972,35.605579142349],[126.56570361575632,35.60295770929721],[126.56085109173274,35.60367882750486],[126.56192313591121,35.60218262827208],[126.55944599651993,35.60154417640371],[126.56135557717703,35.60027088083633],[126.56050015347961,35.59943745052924],[126.55888185822431,35.6001158655329],[126.55907110168407,35.60143600589986],[126.55726484374773,35.60123359811229],[126.5559810006825,35.603428008502235],[126.55349040913727,35.604355572581014],[126.55334743134927,35.60600193952296],[126.55252648216232,35.60535871531449],[126.55075350027668,35.607318702372034],[126.54973595158752,35.60683593726523],[126.54574891495172,35.60822336662558],[126.54568439198736,35.60718485269698],[126.55021960596575,35.60362537778668],[126.55261475047271,35.602840483014326],[126.55093545037049,35.60121785505493],[126.55212398103534,35.60120996261465],[126.55249006595317,35.600148098169655],[126.55352642230775,35.60064368404053],[126.55237928293646,35.59929635440729],[126.55519961936706,35.5980434710293],[126.55242784460177,35.597511988102475],[126.55591283575254,35.596481455116106],[126.55353947477235,35.59516345857108],[126.55514298618685,35.59408754669158],[126.55725028122836,35.594777661674804],[126.55705210502305,35.593141576506476],[126.55973761796696,35.592747243811836],[126.55578447404683,35.591137333629305],[126.55279357957436,35.59252494351273],[126.55259446640724,35.590816889037114],[126.54719111177077,35.59065572168131],[126.54762996753988,35.589269982184064],[126.54919558507244,35.58856056358173],[126.55652443595439,35.587959285553865],[126.55456887291447,35.58707224702052],[126.55021512394528,35.58810228181327],[126.54911412428164,35.58729104657793],[126.54712422104511,35.58872507084488],[126.54358116024943,35.588518403549],[126.5419836436193,35.59023122985759],[126.54337273115435,35.59286641194467],[126.54142128689236,35.59436278604089],[126.54180979153291,35.59536632860601],[126.53986953637336,35.595471751044485],[126.53904956732859,35.59781723361009],[126.53472987774359,35.59325829249236],[126.53428174864302,35.59503054131881],[126.52822117083564,35.60052116440833],[126.5279542910625,35.60156484134637],[126.52942624548001,35.602106936110445],[126.52654737968841,35.60491673062706],[126.52431680298162,35.60907798789519],[126.52338097381832,35.60893768134267],[126.52401148289978,35.610309794798624],[126.52135486257951,35.61467093231963],[126.52044062733238,35.610912355392635],[126.52120431912181,35.60774106131062],[126.51893825457304,35.60832275003722],[126.52242149208087,35.6051086096119],[126.52233327080874,35.60268502214019],[126.52411366750773,35.60120878981039],[126.5224336409784,35.6002995863985],[126.52225754284703,35.597592293048955],[126.5254586101844,35.599226241901675],[126.52534425128972,35.59788296700701],[126.5275737537905,35.59388700269965],[126.5284219389771,35.58893285787851],[126.52783131586337,35.588032928934155],[126.5293279757525,35.58739178061705],[126.52791703680319,35.58577854279437],[126.52810400441038,35.58406152448173],[126.52324206187292,35.58451775975354],[126.52235911047902,35.583326026729125],[126.52016232853771,35.584313685883444],[126.5192034282374,35.58776796257673],[126.52049755546378,35.59106367657333],[126.51710892679505,35.589470455704415],[126.51455460288533,35.59067746610349],[126.51246036638639,35.59657532758975],[126.51066479046669,35.59810514012514],[126.51062678325222,35.59565268092633],[126.51177526114111,35.59519981873533],[126.51117104147117,35.59032742944997],[126.51295925571043,35.589141721196484],[126.51180347115198,35.58659462250741],[126.50894986106525,35.58643409836497],[126.5091003110814,35.58552412174086],[126.50746118370961,35.58434736750069],[126.50436567722473,35.58434692474413],[126.50294417525295,35.58710885696718],[126.50110494810852,35.58613824532113],[126.49920125939359,35.587636923672086],[126.49775974942663,35.58675372304799],[126.49591461176982,35.58782823579341],[126.49301239138546,35.587077404202155],[126.49540385873891,35.58844497335002],[126.49497504040592,35.59164673602481],[126.49728501812949,35.59211918159291],[126.49800359492039,35.59325479386168],[126.49600510172044,35.594658462788715],[126.49717459804778,35.596952569654434],[126.4888688895343,35.59766018389485],[126.48962548782426,35.598391917389485],[126.4888664595078,35.59942593452039],[126.49442907143238,35.60075502659223],[126.48850730750554,35.60346307913025],[126.4904249484329,35.607691543762556],[126.48995077491726,35.60934407916272],[126.49193614835785,35.60929921378432],[126.4925531833498,35.610691111118605],[126.49587885547854,35.61142351422341],[126.49836372753144,35.61028227372023],[126.50085613327504,35.612485807057226],[126.50091440410927,35.61311888105339],[126.49363913283251,35.61320936349368],[126.49627354909084,35.614821361450325],[126.49225979780998,35.61442294891936],[126.49174863953411,35.61540807864901],[126.49402829798858,35.61802815981736],[126.4941954473263,35.6194800601923],[126.49332695835702,35.61966178195948],[126.49596519327774,35.62123958051823],[126.49501464657232,35.621627192193685],[126.49614210807222,35.62181034282807],[126.49898487087302,35.62578567908285],[126.49602363522114,35.63137706959332],[126.49953788159755,35.63175238043061],[126.49970852141587,35.63380170006209],[126.49789422383478,35.63662122913282],[126.49683258236547,35.6368733588007],[126.49641982044312,35.63559169068136],[126.4947760318688,35.63693140265926],[126.49662417473469,35.63923810537644],[126.49926520377103,35.639759975482384],[126.49764691260633,35.64157642455683],[126.50073501521409,35.64125713989823],[126.50180772217314,35.642400834243155],[126.50161495162567,35.643931546968936],[126.50446485259334,35.6440034789146],[126.50603248299906,35.642845415736055],[126.50653946383639,35.64158400837924],[126.50480338863198,35.63926615783777],[126.50639431850509,35.63611837381322],[126.50381328798929,35.636998365148536],[126.50352663053886,35.636206963906154],[126.50238471215978,35.63682751548438],[126.50062378771656,35.63565101254385],[126.50504147058619,35.634050758391325],[126.50113938326449,35.62779692980818],[126.50414386683264,35.62952313885151],[126.50616420489287,35.62934104241646],[126.50572099372125,35.63037905188997],[126.50736342612957,35.63123399542149],[126.51172893175591,35.626808717653],[126.51126473760715,35.623481534635395],[126.51368626185912,35.62356006796778],[126.51331096930656,35.62276916467594],[126.51421739892591,35.62323686435835],[126.51537959124404,35.62233426403084],[126.515161062941,35.62095126029995],[126.51687715129987,35.62081983032089],[126.51896268245707,35.61905791523451],[126.52006493605882,35.61915773290271],[126.51898142103676,35.62050033516275],[126.51967314303597,35.62137973840246],[126.5170446856526,35.62481593301215],[126.51437735609393,35.63328036336345],[126.51324697083183,35.633190390503586],[126.5132570101591,35.63413005259657],[126.51214807699033,35.63369027705236],[126.51165463408702,35.634892270484606],[126.51110569553327,35.6371000280312],[126.51317446073284,35.6378973149612],[126.51329173138667,35.64008167106432],[126.50987572902179,35.63947135444005],[126.51074371659327,35.643588968251336],[126.50948129150204,35.64482639335828],[126.51031282487887,35.646343334152185],[126.50968091155555,35.64952356472304],[126.51257039948004,35.6496256606829],[126.5135461133156,35.651200188628934],[126.51448313373574,35.650897738229276],[126.51445256124003,35.653655211004875],[126.51569425093285,35.653597124670426],[126.51701223231854,35.655056992478734],[126.51715125828929,35.65391807678157],[126.52080439084553,35.652225598568],[126.51945068166523,35.657168789628365],[126.51607370355043,35.659358395011374],[126.51696311642519,35.66071385283461],[126.5197044101723,35.661309599723644],[126.52060314690597,35.65884479780821],[126.52212763123798,35.65997367544182],[126.52198961501124,35.65897316744267],[126.52282993737077,35.65883105680124],[126.52238748972873,35.65603421701198],[126.52519975534221,35.65432412568587],[126.52421952606107,35.6528199199289],[126.52474325147635,35.649691927808846],[126.52775189482594,35.64567983091573],[126.52825131632086,35.64412747054375],[126.52751277478356,35.64288326571633],[126.52943713876567,35.64369864936183],[126.527489979063,35.648158899864235],[126.52786248633575,35.6497064227029],[126.53074551714431,35.64635378443772],[126.53398776210497,35.645331338491495],[126.53437663344417,35.64329725122754],[126.53627854133914,35.64135037473956],[126.53709952737313,35.64239601572425],[126.54142226700284,35.642525403963546],[126.54302592962789,35.64070562186061],[126.54299493494214,35.63921566606216],[126.54379804762341,35.63920750800364],[126.54322030415253,35.6426998514488],[126.54002348498267,35.644045178265735],[126.5387107425135,35.64610447994118],[126.54312516886415,35.64680911623466],[126.54037254476155,35.64756611570206],[126.54090154408856,35.649154045225316],[126.53848783910362,35.64924234381081],[126.5373989607776,35.65091091233461],[126.53609017786528,35.65007240550219],[126.5350005548389,35.65063716924036],[126.5347276015933,35.6518767919159],[126.53354424774558,35.65206113486027],[126.53420524581938,35.65278405925328],[126.53242482860368,35.65294369397593],[126.5314623001093,35.65565872189928],[126.52956614060093,35.657468258070345],[126.53025889830448,35.658491623662464],[126.5321056140718,35.65830014971517],[126.5340407341314,35.655155266484115],[126.53613070819046,35.65412140980544],[126.53685955588706,35.654278757036636],[126.53665616785574,35.657407035581336],[126.54040005239867,35.65689169541185],[126.54099908671073,35.655444735780804],[126.54252450980951,35.65632712607236],[126.5440672915154,35.654800464026096],[126.54475284946217,35.655117176282474],[126.54418240116958,35.6562749917801],[126.54705206269124,35.65667671652588],[126.54563738704388,35.65768422091814],[126.54620324236441,35.656944099411895],[126.54397408930403,35.65733338235321],[126.54586873970187,35.658395071564925],[126.54445181745663,35.66146869843799],[126.54667847735718,35.662867220874084],[126.54524751065833,35.66923717492397],[126.53711171224973,35.66864253449443],[126.53658914762134,35.66949676801628],[126.53574145716387,35.669081926895],[126.53637437969233,35.67076513110343],[126.53445665308678,35.67083195570482],[126.53597821686293,35.671959924991924],[126.53449509278192,35.67147606765669],[126.53400099271387,35.672494718814306],[126.53271247659386,35.67198772570308],[126.53078000063763,35.67320708103036],[126.53142986739374,35.67583675845954],[126.53079583380915,35.67663040675503],[126.53189376576573,35.67676450993423],[126.53510041326915,35.67672267248216],[126.53620672676135,35.67511984001964],[126.53525068067292,35.674594651171326],[126.53647168665753,35.674903549949384],[126.53643444322613,35.67361224175063],[126.53744777015721,35.67434706947525],[126.53685715070631,35.67326905664804],[126.53802150042499,35.67239368102189],[126.53852427650105,35.67412951734869],[126.539193719106,35.67242839624409],[126.53907093947703,35.67392062293478],[126.54080553011701,35.673283999560965],[126.53957225859139,35.67624443649801],[126.54188096490121,35.67574226975398],[126.5423291599152,35.676719347931915],[126.53903198147951,35.68204274949259],[126.5400204632401,35.683449384037495],[126.539133589265,35.6830513391483],[126.53959156828923,35.68658403333416],[126.54126466030188,35.68690075736954],[126.54020020600035,35.68737038913434],[126.54128474393634,35.68781649996904],[126.54097024611637,35.68877596516118],[126.54227433751417,35.68965128154202],[126.54407956055456,35.689067443170806],[126.5457863174537,35.69040998755928],[126.5452378234701,35.68860869557664],[126.54687211621679,35.68840336028203],[126.54914897720913,35.68402079687607],[126.54938585869297,35.68944856324644],[126.54792288088657,35.69112277427081],[126.55290734084384,35.69205079608104],[126.55255839286696,35.69294011843591],[126.55399667669269,35.694673772747535],[126.55583885468295,35.69507145008082],[126.55505688862307,35.69240366379987],[126.55955092912521,35.68971643056024],[126.55475240656061,35.68756555026119],[126.55625121229895,35.68698792328747],[126.55508614737634,35.685569122755666],[126.55876481494526,35.68473459600615],[126.55780367977727,35.68660334623985],[126.55971466763029,35.6887913845324],[126.56319972739786,35.68712042876602],[126.56665586879588,35.68778988836502],[126.57015810868025,35.68471035281904],[126.570388804153,35.68149555581653],[126.5715647194727,35.68436188116429],[126.57282069016703,35.68485910698001],[126.57268413649233,35.68570393888395],[126.57060247064986,35.68557578288459],[126.5716205813087,35.68740227717814],[126.5730560394542,35.687792668678995],[126.57226176030476,35.68919904205989],[126.57373624762074,35.69160491931436],[126.57749520425835,35.69070045490212],[126.5807259793019,35.69125547043595],[126.58159112459522,35.69018680375083],[126.58296496242909,35.69129756731434],[126.58272685871835,35.692648332504696],[126.5857332252631,35.69295237409075],[126.58479242324258,35.693798196476834],[126.57932903514829,35.693567016546424],[126.57684691373342,35.694363846329814],[126.57697942296637,35.695791658870924],[126.57414426871615,35.69663854110476],[126.57708378457816,35.69934331399559],[126.57843527286366,35.69845836163082],[126.57902563557325,35.69921299204155],[126.58431317852568,35.69789855633615],[126.58805786801341,35.694050975211844],[126.58800978701633,35.69247083430601],[126.5891575417642,35.6925725056155],[126.58891925143321,35.69325401830129],[126.59148537297462,35.69311104703806],[126.59396598422794,35.69138716394965],[126.59403476996818,35.69243164949702],[126.59135360784133,35.69508815327206],[126.59192991999001,35.696813456661324],[126.5879347010752,35.695316342641185],[126.58577539827058,35.69744055480425],[126.5865137626854,35.69832969419243],[126.58304897014635,35.70051007527261],[126.583623690229,35.70165422481028],[126.58185033243372,35.703138470688586],[126.58556288342476,35.70692266714209],[126.58707864491895,35.70662032929737],[126.58778769160512,35.704504436047245],[126.59277828254753,35.70395782472642],[126.59297951346687,35.7031853936333],[126.60045292828721,35.701444996711594],[126.60251574847679,35.698489128439675],[126.60161999570842,35.69724283292666],[126.60261033127014,35.696555502946076],[126.60357760634162,35.69678189334495],[126.60356714921379,35.69907617793219],[126.60126919363796,35.702593409027216],[126.6041974863002,35.706051917166505],[126.60527483816107,35.703861716264754],[126.60779747360347,35.70535724430534],[126.60842449550296,35.704092265560575],[126.60984126490058,35.704199439898],[126.61054212686753,35.702813307482046],[126.61322733813991,35.701969780413606],[126.61414676539727,35.70441242178323],[126.61592276697915,35.70411515359288],[126.61572843827487,35.70491567418747],[126.61827402699184,35.706232064431276],[126.61762847883291,35.70481405821961],[126.61959352117297,35.701862153056275],[126.61998860401127,35.70368524292318],[126.6212609824144,35.70400728906077],[126.62026846815851,35.70475056050316],[126.62125089686988,35.7064527426217],[126.6226671536582,35.70479805051491],[126.62335708748353,35.70668961414597],[126.62357123352254,35.704877905233765],[126.62464744940608,35.70661056282381],[126.62614009462261,35.70591284362008],[126.62570034344189,35.70439795875085],[126.62705888047421,35.705473913355064],[126.62969701632485,35.705189089231176],[126.62624627830563,35.707213511785554],[126.62638029736904,35.70806907724846],[126.63138870689212,35.710418876017314],[126.63243675739203,35.70894765141053],[126.6333131224491,35.70934979206601],[126.63296128677857,35.708166570450544],[126.63445565486015,35.709357086227456],[126.63744087141485,35.705908065098924],[126.64077713336074,35.70531338625664],[126.64041314119584,35.707036226268045],[126.63728134970545,35.71069334994212],[126.63920939559878,35.71083569166038]],[[126.63036011358507,35.68413435931981],[126.63272964646505,35.68171432406101],[126.63161515563837,35.67873175849949],[126.63181340999724,35.67586099226825],[126.63117588627189,35.673753250756604],[126.62871130852373,35.6725580857496],[126.63021357190789,35.671818260420046],[126.62799147916309,35.66859452714157],[126.6172433158552,35.664882718372525],[126.61630622643298,35.669329090530795],[126.61504229534145,35.66655346334332],[126.6132563172396,35.667301308360045],[126.61403395173693,35.664866316984096],[126.60864235533296,35.66409294348195],[126.61453051428985,35.66293236751936],[126.61292733762505,35.65585953671752],[126.60824525299398,35.65565783085304],[126.60789109880449,35.6546708096728],[126.61127941658354,35.65454843361206],[126.61086337830035,35.65409021453242],[126.61206122173822,35.65364840270317],[126.61444899389163,35.65461289198719],[126.6209055941726,35.653130122928125],[126.62336825431025,35.6501660253459],[126.62372991691575,35.64765668038344],[126.62300774064457,35.647399992818265],[126.62473621650808,35.646102328310135],[126.62393774350797,35.645183646636255],[126.62758485009586,35.64291564267947],[126.63012001150528,35.64340111517385],[126.6298622348601,35.644156140504826],[126.62693230888813,35.644714932987746],[126.6255903674681,35.6469485734731],[126.62600947568703,35.649640164899715],[126.62289477421528,35.65389221734158],[126.6207346187126,35.65497369613663],[126.62093087421799,35.6567917498284],[126.61942706030055,35.65580230251517],[126.61705084422307,35.656835931260154],[126.61659178676558,35.658458423482514],[126.61801366844475,35.659172817250386],[126.61645699373243,35.659188741741744],[126.61684021940671,35.66089178741174],[126.62185301889451,35.666163809124804],[126.62738455083881,35.66696241437259],[126.63125633168319,35.66969555021498],[126.63181677574674,35.672603539766044],[126.6330953832885,35.67408415234611],[126.6388544380302,35.673328097936164],[126.64135567702277,35.67243987433136],[126.64134912025244,35.67129761038242],[126.64148769109185,35.67250591132626],[126.64396684385342,35.67280571421778],[126.6405750097721,35.67304250932054],[126.63770961135845,35.67514002296827],[126.6328724003818,35.67472473497757],[126.6340604511632,35.67768539816079],[126.63336005276855,35.67902359204383],[126.6339477250261,35.68084189672945],[126.63744813954764,35.68193347505011],[126.63470680477658,35.68305071494861],[126.63345923513299,35.68241157828894],[126.63036011358507,35.68413435931981]]]]}},{"type":"Feature","properties":{"id":"sobaeksan","name":"소백산국립공원","year":1987},"geometry":{"type":"Polygon","coordinates":[[[128.60148778345365,37.07175589775616],[128.6059513753759,37.06982510371996],[128.607301850682,37.06789121258952],[128.60244094725226,37.06695328404868],[128.6017009186245,37.06795228423365],[128.59762234641127,37.067276008535714],[128.59905520621706,37.06673224173652],[128.5987555747745,37.065970270909766],[128.60026931782906,37.066834416168994],[128.60251879670685,37.06600963174175],[128.60611161985986,37.06667069419996],[128.60687492545938,37.0655838543941],[128.6071962887213,37.066642047093055],[128.6086313553053,37.06667075865499],[128.61247679592336,37.063679404339084],[128.61070413028796,37.06203402599445],[128.61012952565588,37.05943056109418],[128.60544345688342,37.06176553481961],[128.6043770252602,37.06081500865098],[128.6073430401882,37.06071476425363],[128.61001553347594,37.05925682363387],[128.60841075237207,37.056315513502945],[128.60880386660494,37.05496119719241],[128.60676465498486,37.05652769015092],[128.6068580289079,37.05576491023339],[128.60351349414952,37.05623867106267],[128.6075449184382,37.05408211001991],[128.60541556240713,37.05321071143785],[128.6071604328901,37.051892583395606],[128.60604425624032,37.04936947107285],[128.60678756011433,37.048336399944134],[128.60496018220135,37.04930259786618],[128.6026265516328,37.04823702652445],[128.6049647560997,37.04780309180985],[128.6035985003925,37.04696799044263],[128.6050815143665,37.046483478527485],[128.60451877056047,37.04597382984761],[128.60585228004848,37.0453133085329],[128.60615000780672,37.043748334431115],[128.6020037823152,37.043555179969424],[128.60424039005972,37.042165148553],[128.60162977940342,37.04185349615329],[128.6032613562164,37.039099439476374],[128.60081310257564,37.03964154007542],[128.60016939148875,37.038577631958425],[128.60355965701092,37.03835142900242],[128.60272750719813,37.03748330815577],[128.6040394068099,37.03794389941963],[128.60496497518426,37.037077694986785],[128.60485773382592,37.03888240388584],[128.60596963138056,37.039043251343145],[128.60508811518287,37.039307538194755],[128.60518801383392,37.040878300931475],[128.60783465877427,37.042625795121225],[128.6071337651612,37.04462437790981],[128.60815850921094,37.045700594941735],[128.60798752599192,37.04797529070002],[128.61021074985385,37.04762039134225],[128.61101591915312,37.04839793141426],[128.60810085329908,37.04829941201054],[128.60855789676353,37.052877811097105],[128.61113213753117,37.05177747880449],[128.60873029356557,37.05292926445168],[128.6111140540865,37.05453540502483],[128.6115699812064,37.05617393864952],[128.61449175735302,37.0554613702562],[128.61371059295223,37.058097214889166],[128.61772613058045,37.05613035915866],[128.61697533077736,37.055381843305334],[128.61743917366135,37.05415718858979],[128.61967681068927,37.0553178660874],[128.62095953998036,37.054476162785846],[128.62329291312804,37.0548995312667],[128.62466891794568,37.053858425640215],[128.62537999247755,37.0563710752999],[128.62721423184385,37.055207362683895],[128.6259245974452,37.054657709754984],[128.626168427385,37.05414761477246],[128.62869214996735,37.053234178490264],[128.62904416864532,37.053942347161694],[128.63125528411553,37.0539504218721],[128.63128876036617,37.053081022607536],[128.63304622013098,37.053705523210155],[128.63428103455473,37.05268502603603],[128.633733811115,37.051479580651204],[128.63621950756692,37.05233911509373],[128.6374931910753,37.05139900375711],[128.6365175381462,37.04947187642237],[128.64035770266406,37.049541311286816],[128.64077796645302,37.0502397896431],[128.64169041228578,37.049599372136235],[128.64210765970105,37.0503236230912],[128.64896311353218,37.0475635707462],[128.65135232244637,37.04752568315578],[128.6511768289323,37.04651425272708],[128.6555981149378,37.04474822125148],[128.66021570469232,37.04444457904599],[128.66053245142052,37.04303490538051],[128.663818312718,37.04209806802015],[128.66469389242178,37.040692525705374],[128.67305380321773,37.03614364100006],[128.6754278491862,37.036173385878726],[128.68354898800462,37.030188227102926],[128.68683672000327,37.03047294225296],[128.69195963439606,37.02774767659503],[128.69702132550847,37.02672492232262],[128.70178028613913,37.02850792248523],[128.7050271269935,37.025298818565496],[128.70888653865347,37.023864924090205],[128.7084204879154,37.020232691539405],[128.71048176145143,37.019135623172645],[128.70959743649536,37.018334788817555],[128.70641230227295,37.01844791923722],[128.70638368030623,37.01561993000591],[128.7053221375876,37.01559746377424],[128.7046118052468,37.014328924953084],[128.71081123010302,37.01441947693483],[128.71323673155538,37.012436396781474],[128.7136465880836,37.009700774796286],[128.70933343841693,37.00906657616879],[128.71054518686094,37.00757414511368],[128.7082749406172,37.0069383110162],[128.70786930158698,37.00589255244454],[128.70570571558954,37.00645523123388],[128.70673732648314,37.00511950792331],[128.70412821502103,37.004960850316415],[128.70456627061807,37.00398437871771],[128.70342719237703,37.00344066312228],[128.7032810687087,37.004586118955196],[128.70205869457808,37.00513666044401],[128.70169011482074,37.00396943612565],[128.70122322493526,37.00470629708417],[128.70012157856755,37.00350623250945],[128.7018113656246,37.002571897779106],[128.70001448022856,37.00188345387165],[128.69815933551016,36.999384908087706],[128.69533609491273,36.99836226886161],[128.6953369542426,36.997278501910195],[128.69381083456096,36.99733587129927],[128.69275451847923,36.99956356232542],[128.6909283222454,36.99809420971361],[128.6891812168832,36.99922328610433],[128.68597068974609,36.995725878711646],[128.68655301246048,36.999775773376825],[128.68323132465764,36.99974478084738],[128.68556749453975,37.00071206209472],[128.68505683866326,37.00136665549142],[128.68358111460077,37.00143878035442],[128.6829572744438,37.000023974990285],[128.68134096304115,36.99934091197874],[128.68235390572167,37.00091745222788],[128.68037086056586,36.99982749326885],[128.68044068602248,37.00106652913284],[128.67920241790313,37.00071796481948],[128.67954334150113,37.001476726472355],[128.6774658119559,37.002463748556366],[128.67499093003082,37.00134592397935],[128.67556202230546,37.00276761612093],[128.67746120875572,37.00328636092968],[128.67719631633034,37.00504491621401],[128.67908186343197,37.00530150606526],[128.67729492471872,37.00515908060931],[128.67714621077465,37.006294979602636],[128.6801238486517,37.00587675519799],[128.68018299917512,37.00672918408513],[128.6816400176784,37.00667899209061],[128.68011699217206,37.00724682471048],[128.68027886342807,37.008816216922455],[128.68431314275747,37.00916584600248],[128.68542102579207,37.010189980405414],[128.68659835217844,37.00992054524967],[128.690488119886,37.010806930575136],[128.68901651186863,37.01068667413225],[128.6908481751369,37.01249948033614],[128.6906282611245,37.013136601286746],[128.6882915481144,37.01041543283169],[128.68754211104945,37.01090794202518],[128.688810253783,37.01271096203951],[128.68700563671038,37.01196923581394],[128.68712962796695,37.01073290005311],[128.6858336605531,37.01145941701753],[128.68392407960482,37.009673810902136],[128.68076127315726,37.00909017614415],[128.68227438919484,37.01125977171534],[128.67847735063765,37.01214577526934],[128.6791212702879,37.01006280885476],[128.6766709341015,37.006852894750786],[128.6747088138088,37.00759803607555],[128.6723022936335,37.006369417557686],[128.6713950838485,37.00864942698038],[128.67097305306018,37.00587208922818],[128.67194492927123,37.0038531872424],[128.67128800021743,37.003129737765434],[128.66904475958097,37.005988611711544],[128.66767484987002,37.00457612427083],[128.66622544721997,37.005209629566764],[128.66626266035587,37.00389904400624],[128.66490976465911,37.00389422090421],[128.66549311829328,37.00536726203904],[128.66317206355095,37.00500886540581],[128.66465074003642,37.00666745127474],[128.6662714783583,37.006884683364675],[128.6664855959654,37.007562000960824],[128.66466015691617,37.00839500215447],[128.66671540312248,37.008835680650286],[128.66442545620674,37.01080498653996],[128.6640202440747,37.009706116349236],[128.66250537650754,37.00989246483061],[128.66335590245848,37.0114145729793],[128.6622092637482,37.0113165716951],[128.66305649056892,37.01230296761729],[128.66249058859447,37.013717996248836],[128.6614831454067,37.009543674240874],[128.66246820896617,37.00695307396591],[128.6618320534704,37.00650009446621],[128.66106904624513,37.0081639114643],[128.66072170055625,37.012300165999314],[128.65937257291048,37.008764789056784],[128.65765327913107,37.00811038352742],[128.6586586387638,37.010983587788914],[128.65807202909215,37.010289933244174],[128.6569132659196,37.01122034445171],[128.6569027145242,37.01319668403784],[128.65955343947485,37.01453714942878],[128.65931240187936,37.015297407684365],[128.65688406176514,37.01463532002027],[128.65607978214007,37.012789543919574],[128.656302086381,37.014553750746884],[128.6559349273285,37.014808522877615],[128.65554850769348,37.0115202953357],[128.65666594847224,37.0100939459996],[128.6546808236682,37.00877834005575],[128.6531057603092,37.01244438231556],[128.650845373978,37.01328078547888],[128.65059464063143,37.012348199302075],[128.64929413453345,37.01270827089822],[128.6488022777898,37.0144355299724],[128.64803872264403,37.01305840822474],[128.64495266509448,37.01364131376936],[128.65181785130738,37.011873384635315],[128.6510541011842,37.01167956653386],[128.65305012732026,37.009633093755745],[128.65250312829656,37.008177196181705],[128.65529929991726,37.00825067638911],[128.65422976376234,37.00769265431322],[128.6493831913261,37.008284250646895],[128.64782259188942,37.006656963607014],[128.6466977907134,37.00696972161765],[128.64676217599396,37.006153161405905],[128.6443124880364,37.00621120977426],[128.64392999860686,37.00464266827783],[128.64223349711057,37.003846909198145],[128.64272795105262,37.00204654183583],[128.64009959268574,37.00293256146088],[128.64210465531698,37.00095854267922],[128.64011308352053,37.002433917583915],[128.63873545095157,37.00247728823808],[128.64356330039828,36.99947973959493],[128.6426820989348,36.99794833060489],[128.6452681374236,36.99909762079233],[128.64676021688,36.99833774173316],[128.64554338511076,36.997256390998636],[128.64608403063593,36.99638573511885],[128.64482451321228,36.99676586091922],[128.6440321926595,36.99586067020026],[128.64541454278677,36.995271033178525],[128.64680746271765,36.99633400790385],[128.64696150416998,36.99515289227177],[128.64763291003507,36.995453969466475],[128.6459853381138,36.992421168134626],[128.64519467537858,36.99389670763642],[128.64341330268945,36.99321376776006],[128.6427300052103,36.99437648482698],[128.63966626480118,36.992968090227066],[128.6388400244741,36.99469013572274],[128.6374693918929,36.99462747201136],[128.6375319172075,36.99634152449691],[128.63635378454524,36.994677289177424],[128.63471052489308,36.99636875316456],[128.63076456118972,36.99633732537144],[128.6296185274292,36.99754550235161],[128.62774762725036,36.99819459279584],[128.63276526003682,36.99453717579709],[128.6310920779834,36.99226912411962],[128.63401596056917,36.99366738449208],[128.635711410951,36.99189258282991],[128.63845807825726,36.99161325194081],[128.6376362608671,36.98985944802577],[128.6354622352291,36.98913459663164],[128.6324061705971,36.990400877887524],[128.6323414542961,36.989599686182004],[128.6345932843199,36.988395484955134],[128.6322880903393,36.986568557351816],[128.6301271321752,36.989079403468736],[128.6314033766578,36.98719896303733],[128.63126489615686,36.986358439493266],[128.63002440992616,36.98626107614958],[128.6302647548344,36.984917451629066],[128.62772922985576,36.98485472356855],[128.6273441318699,36.986976616948866],[128.62643902903253,36.986110498371936],[128.62442217224614,36.98621207207258],[128.62459105671482,36.98469416578973],[128.62335692107376,36.98418816566226],[128.624980906771,36.98373572614064],[128.62300323883034,36.98288759505576],[128.6242254244298,36.98076960494994],[128.62329532422925,36.98086722490784],[128.62006084259167,36.97752579859222],[128.62020211976602,36.97396379164686],[128.61838633267124,36.975237571561784],[128.62142480290527,36.98180477615735],[128.6189723232381,36.978743404307735],[128.61780527305976,36.9785607931396],[128.6179175638777,36.9773903012838],[128.6164101340289,36.97943045322464],[128.6172900374168,36.98106602244192],[128.61464416756792,36.98345258708523],[128.6155079104904,36.98011424179234],[128.61365169609974,36.9801918229874],[128.61475811486972,36.97916286457943],[128.61221207556844,36.97800172324462],[128.61599369518555,36.97662567460131],[128.617354673512,36.97403019581],[128.61643309823626,36.97392989872338],[128.617088055373,36.97318501704647],[128.61613896270043,36.97271292277079],[128.61488780734226,36.97391123085223],[128.61389102594694,36.97326819126021],[128.61529747556855,36.972146342532525],[128.61342537061003,36.96984872575397],[128.61270894587162,36.97046614517409],[128.6112647706757,36.96975801514141],[128.61317948693497,36.97185402595285],[128.61040214725753,36.97024343634455],[128.61098745614925,36.9741537051877],[128.60801906366456,36.971003730583035],[128.60785482767554,36.97447469492592],[128.60933104119968,36.97598065601797],[128.60804853978408,36.97858357570185],[128.6084756339293,36.97631541020764],[128.60666477344301,36.97238923586119],[128.6023830118692,36.97427560749385],[128.60033104121825,36.9742423023004],[128.60097766059738,36.97264014187928],[128.60603917830937,36.96918177468254],[128.6044760506145,36.96791448746333],[128.60786927604087,36.96833753674319],[128.60199553808334,36.96523382850504],[128.60233617434622,36.96457474136802],[128.5998088584644,36.964852879057865],[128.60089544609022,36.964051497756664],[128.59967620485298,36.96205120989706],[128.59799238931237,36.963120033095564],[128.59791506782395,36.96184700068842],[128.59677132938583,36.96264135644656],[128.59639571971186,36.961825525472875],[128.59342191590304,36.96241915605078],[128.59500722179226,36.96130217422963],[128.59466759077185,36.95932964799441],[128.58968264241983,36.96127335962211],[128.58999372603094,36.95918651670507],[128.59218066698097,36.95735574346174],[128.59058807562624,36.95602155534691],[128.58593611314393,36.953599095052994],[128.5861377180546,36.95865596417338],[128.5835899856582,36.9574596125288],[128.58413766700687,36.9562396901811],[128.58104162955678,36.957750248587494],[128.57903999187073,36.95564793987887],[128.57850578410162,36.956610566734334],[128.57674650189492,36.9582174295232],[128.57644797200382,36.95923491019394],[128.57645641854813,36.95842224219924],[128.5754623355787,36.95873343456675],[128.575160171924,36.95800639886029],[128.57639486383943,36.95754367105776],[128.5743893418198,36.95638908138748],[128.57696534329378,36.957593366971125],[128.57852880343722,36.95640260837095],[128.5789132138735,36.955722862625215],[128.57680376210905,36.95409345878291],[128.57920106059495,36.95153954764188],[128.57600695616483,36.949447814977226],[128.57756828120947,36.94832363084094],[128.57736849797715,36.947560208144694],[128.57554972071938,36.94766286263386],[128.574859362115,36.94630445547622],[128.5731875050557,36.9456421870982],[128.5720087238308,36.94632900606899],[128.57162352768177,36.94559867667378],[128.572786270603,36.94511301780385],[128.57244160564176,36.943500765219774],[128.574685994727,36.94273303133272],[128.5765438219773,36.93838753898655],[128.57394779417018,36.93951599601011],[128.57398731871908,36.94169688783166],[128.57247683203138,36.94143903439512],[128.5728624244456,36.94004350416573],[128.57543334103818,36.938458124069975],[128.57567118433238,36.936674155639885],[128.57285070887622,36.934895158226496],[128.5723662815542,36.93362917883027],[128.57189705363263,36.936234977549056],[128.57117523190243,36.93606622373703],[128.57020747222614,36.938226050565255],[128.57019848389902,36.93509796888167],[128.56856338334623,36.93663573049538],[128.56997178006284,36.934661464396896],[128.5691517534502,36.93491473632387],[128.56948117901283,36.933975421408284],[128.56589054862528,36.93531870032785],[128.5661752806997,36.934329197679034],[128.56802981586773,36.933800968149995],[128.5669730881513,36.93294220243548],[128.56567556909602,36.93420489358748],[128.56553721006696,36.93331765324941],[128.56416045008484,36.93402160344434],[128.56433827507544,36.93301137774115],[128.5628764348773,36.93343144895538],[128.56370127810638,36.93252245630045],[128.56137586336678,36.931777458010174],[128.56059239473436,36.9325356421192],[128.56012726814376,36.93159717388731],[128.55605372505585,36.93455242173104],[128.5560566344388,36.93626435045778],[128.5548708162507,36.93613134838734],[128.55468807386097,36.938301358841635],[128.55375418377199,36.93877045092114],[128.55443784352036,36.93887556636504],[128.55535542670992,36.94324813431122],[128.5548527487728,36.94608310545323],[128.55616559092638,36.94702722730237],[128.55545526008322,36.9472131392312],[128.555908572984,36.948511119927346],[128.55708326310574,36.94826142766871],[128.55803968148314,36.95068820300823],[128.55759409131608,36.95180590927163],[128.5590195263408,36.95185366029537],[128.55816266743636,36.9526706516612],[128.55723007654402,36.95206393274255],[128.5584023522765,36.9546314577801],[128.5604562502728,36.95476731733017],[128.56172076315275,36.95634970037643],[128.56025062485148,36.95641620686855],[128.56015069501845,36.95722796715838],[128.5587311087164,36.955516035143944],[128.55772033870923,36.958821963072225],[128.55704160077002,36.95748199203555],[128.55785673788168,36.956829846912754],[128.55721005762376,36.95637845980206],[128.55777179182982,36.954723329523134],[128.55670298643162,36.95282529726709],[128.55581016402382,36.95588115518953],[128.5563697588239,36.95642149293022],[128.55511095713516,36.95701341465511],[128.55714232012852,36.95867042340531],[128.55631238266608,36.95885028720059],[128.55672766506424,36.95974324961051],[128.55542661020144,36.95817031972388],[128.55432955200658,36.95922053151137],[128.55402029346433,36.95665625102],[128.55318184921984,36.95718269470684],[128.5533522491555,36.95885484991389],[128.55272183386012,36.95802899515726],[128.55156415912595,36.958717631092355],[128.5540818312843,36.95492818372883],[128.55284635161178,36.95496495073053],[128.55220682423183,36.95617822821953],[128.55162710895038,36.95544291021587],[128.55381037936806,36.95380893560115],[128.55111895860944,36.95396783695622],[128.55019829464592,36.95535989089072],[128.5489391430757,36.955021107121894],[128.55003699256469,36.95504244660426],[128.55115277513704,36.95348179046484],[128.55390066130954,36.95309599390748],[128.55286150100326,36.95197033285826],[128.55418484494058,36.951269800283804],[128.55360634431435,36.95009187527082],[128.55230283654018,36.95096214270417],[128.55296535733075,36.949756569384746],[128.5521673055037,36.94896006665058],[128.5515012050655,36.94997623194565],[128.5488857037817,36.95063706303015],[128.55166628047536,36.94957336884317],[128.5529517433725,36.94782849106345],[128.54938920784497,36.94613186075419],[128.55202680040233,36.94485390902514],[128.54977089359204,36.945198284412385],[128.549134772855,36.94351702194608],[128.55311513983915,36.94369220129664],[128.5515555805663,36.941428681014266],[128.55190910148633,36.94018647888945],[128.55282423068488,36.94135698291112],[128.5525757811989,36.939004573614405],[128.55132705990107,36.940339233830734],[128.54969171465677,36.94035924460367],[128.548384600973,36.94319929898569],[128.5465814997661,36.942458956628016],[128.54942339793985,36.94001210223046],[128.5465111735032,36.939900020470716],[128.54670591913523,36.93831781198607],[128.54872590774073,36.938768309680825],[128.55078311491465,36.9374511746617],[128.55103343455448,36.935275028531194],[128.54980471513136,36.93424150542732],[128.54949017301158,36.9350236652225],[128.54601641847336,36.93468112252701],[128.5456530872592,36.93707656916227],[128.54467440263664,36.93528125035148],[128.53852234552,36.93536170317468],[128.54143875121986,36.93414801943095],[128.5410465594369,36.93154163580023],[128.54327096740462,36.93375474333115],[128.54438576414444,36.932923019099924],[128.5446391005345,36.93427132166043],[128.54703916226796,36.93447444011516],[128.54641704818164,36.933714936712946],[128.5496169550765,36.93340921864808],[128.54911861817658,36.92590669214909],[128.54706964021224,36.92503239509809],[128.5472763526524,36.923887434775935],[128.54976365673613,36.92373587014193],[128.55011666221876,36.92188083999695],[128.54836936846823,36.92298138938106],[128.54718586338754,36.92219514586051],[128.54695614614863,36.92290793501273],[128.5452406319731,36.92102550850989],[128.5441352231083,36.92195341665018],[128.5424819947548,36.92104044896844],[128.53954815186253,36.92347250402938],[128.53831654378604,36.9234750490425],[128.53933932300674,36.9258176059775],[128.53813137910186,36.92604990284612],[128.53879603173115,36.928330556369474],[128.53796198412104,36.927746028216355],[128.53753916826776,36.92874209614543],[128.5370668113981,36.92663662788938],[128.5359824617116,36.92775485130078],[128.5362453430427,36.926745075429935],[128.5353110883657,36.92615989217511],[128.53422343082693,36.92710031860942],[128.53360885616917,36.92650964884084],[128.5336278917906,36.927868775078],[128.5322183950636,36.927033907553096],[128.5320129638894,36.927763438302236],[128.52864362899626,36.92779878590273],[128.5330922444798,36.926552594383296],[128.53455767459607,36.925192841268974],[128.53463488283595,36.92310483644633],[128.5335464813489,36.922800840329906],[128.5350954387968,36.9224215673488],[128.53453798703805,36.920582669937374],[128.5379297010461,36.92007962012133],[128.53902508217212,36.9186367885454],[128.53991467835817,36.91882240762992],[128.53994366975647,36.917599550338046],[128.54134642187879,36.91753118739487],[128.53914721189065,36.91733070654321],[128.53825321417457,36.91576501877074],[128.53677188014694,36.9162197773484],[128.5368541741419,36.917315036689445],[128.53615110196733,36.91593944341997],[128.53448224727506,36.915933075515234],[128.53464463182016,36.91756384904461],[128.5331909021548,36.916045278584804],[128.53379092670787,36.917473689717916],[128.53299230228345,36.918086043813744],[128.5314717874932,36.91662287414119],[128.5303715659876,36.91418877113251],[128.53140950772982,36.91375506481837],[128.53279313681153,36.91471053182602],[128.53278668609153,36.91365632426867],[128.53335379055946,36.914689601138576],[128.53472924636696,36.91468028240207],[128.53397945718447,36.911873449060224],[128.53692071188718,36.91346874991315],[128.53716069664586,36.91256437911405],[128.53590653813035,36.911603484641454],[128.53662965476346,36.91123585581914],[128.53654211231353,36.90902982896486],[128.53534735374245,36.908060155297335],[128.53592644705594,36.905647963735056],[128.53205627091958,36.90401753641704],[128.52506318560165,36.897763968347235],[128.52287802935098,36.89731400847204],[128.51915647988238,36.89900798336226],[128.51006179300936,36.89983933358482],[128.50712063150098,36.898717536042525],[128.50491929701542,36.89649815282494],[128.5043743527553,36.897946819736696],[128.50337656422047,36.89781657653931],[128.5033857790868,36.89666791439457],[128.50244066604466,36.89668884652392],[128.50330543948886,36.895862860689235],[128.500672147701,36.89516556463724],[128.4972272442812,36.898878742912196],[128.4936851510612,36.89646693838078],[128.49149699384787,36.89860276406156],[128.48961012002516,36.89731287402242],[128.48741583030053,36.898844505851336],[128.48422628798625,36.89675656712095],[128.479728232257,36.89673636803249],[128.48008571842158,36.89900397897022],[128.47931990055093,36.899274679212354],[128.4784162452164,36.89695920485188],[128.47426421603714,36.896731617211294],[128.47188412895213,36.89833252833119],[128.46573839295795,36.898178848124225],[128.4661941368831,36.899521168897955],[128.4655426598221,36.89927317499915],[128.46479577344286,36.90170440512924],[128.46556947713424,36.903089793051485],[128.46422820790806,36.90183550596104],[128.46500087491245,36.89791652317716],[128.46184858610988,36.896356114656655],[128.4607159741655,36.89826606426625],[128.45980917995013,36.89702030802745],[128.4590243212715,36.89870869552902],[128.45934539349787,36.896453765426216],[128.45755960965587,36.89434464515361],[128.45058648088676,36.892226014174376],[128.45206713936273,36.891881105843034],[128.4580685845801,36.893858407233864],[128.4623050905697,36.892897789101745],[128.4650459377181,36.890076325338455],[128.46384180902686,36.88973631626649],[128.46384896684273,36.88817107468851],[128.46230351043363,36.88736403249498],[128.46358471495122,36.88645530732458],[128.4615683491505,36.88549079337374],[128.46293280639878,36.88502647486945],[128.4646723502007,36.8858721029752],[128.46384978702534,36.88477231082031],[128.46744456117878,36.883311718221094],[128.46763291476148,36.88070268160573],[128.46995300125477,36.881593327631265],[128.4716158025355,36.88014641293898],[128.47119425947184,36.879419691795796],[128.472535178805,36.8772900489309],[128.47464505030595,36.87583411499149],[128.47187434502635,36.871184710311894],[128.46989807588662,36.87205164222675],[128.46810504852036,36.87115870807917],[128.4732806427488,36.87080492244501],[128.472337132937,36.87062746818234],[128.47248493085831,36.86963474212761],[128.47401770795884,36.86953779484415],[128.47387536712327,36.86891822502648],[128.47589474580315,36.86948944607554],[128.47399237998695,36.86796573472842],[128.47385181866554,36.866316457457515],[128.47250066622848,36.865845992127085],[128.4728804412475,36.86481891478732],[128.47062760756225,36.86314547082685],[128.4720996665008,36.86140896965626],[128.47094500687717,36.8604138981473],[128.4694831967253,36.860218660075304],[128.46951466915425,36.86111041605109],[128.46792967305475,36.85955066816865],[128.46590443186065,36.8595820820621],[128.46816870749316,36.858346267105254],[128.46687581113048,36.85730891887963],[128.46880384700694,36.857569675170815],[128.4698240717465,36.85652907157909],[128.4666453374737,36.85313563016382],[128.46256098495508,36.85132943815291],[128.45737932411197,36.85071851114562],[128.45381290472415,36.85136874247168],[128.43682924612392,36.845645968109906],[128.4282618621417,36.84761817948064],[128.42446433096583,36.85156305539461],[128.4257504417375,36.85504171423134],[128.42261218806158,36.85174967778348],[128.41791629062934,36.8508186897372],[128.4192376850725,36.853107889757126],[128.41544641563047,36.85083447336537],[128.41459760533152,36.85297345636154],[128.41393384270955,36.851394601476805],[128.41261958840414,36.85368369443856],[128.41219254996776,36.85172713332782],[128.41055355440452,36.85050055223146],[128.41095057568378,36.85198311578523],[128.40855423323646,36.851334732675305],[128.40818972007636,36.852145475874046],[128.4091524529457,36.852676023445035],[128.4078943883358,36.852985669158386],[128.40752842317602,36.851733229805916],[128.4068828862412,36.852409305243675],[128.403104407476,36.8490978214843],[128.40003923092286,36.84920749446587],[128.39982662575113,36.85023025804952],[128.3980144801891,36.84874509947296],[128.3983209075202,36.851853059093116],[128.39754855223364,36.85110520332104],[128.39287186312134,36.85241778223004],[128.39252674805323,36.85454095586618],[128.3897811165942,36.85252983380845],[128.3900013321374,36.85441492316207],[128.38922003427402,36.854951804127786],[128.39019902869163,36.856229057713136],[128.3875364296397,36.85498180357852],[128.3869126470727,36.85566597172614],[128.38941474376543,36.85724168970022],[128.38817817873377,36.85684059675139],[128.38782685123877,36.85903265794108],[128.38618171440274,36.85889316596721],[128.38315191401932,36.86187490695923],[128.3870138902499,36.866449408738674],[128.3889807378691,36.866856993939216],[128.38607898007996,36.86785789415786],[128.38733979033998,36.87115825338167],[128.38610191077413,36.87158317947653],[128.38789457399866,36.872601820912976],[128.38701144639896,36.87356015308572],[128.38532002898714,36.87349920590892],[128.38660491045792,36.873027143287864],[128.38575879128396,36.87171713051657],[128.38344928973657,36.87350705371514],[128.37837773243686,36.874081997701325],[128.37732276638215,36.873115812687736],[128.37597295222048,36.874334283277],[128.37561290161565,36.87337571259739],[128.37469234443668,36.87331659835477],[128.37386959771618,36.87527566109443],[128.37486136760972,36.875438938332906],[128.37381903429278,36.876169575668875],[128.37424781624122,36.87730659803093],[128.3682191727123,36.878026663309484],[128.36806884506527,36.87985190972091],[128.3680886171273,36.878042067600404],[128.36345438924914,36.87851238331163],[128.362249516799,36.88100821523157],[128.36099666459188,36.8802532021856],[128.3581356963231,36.88232966265828],[128.35760621819728,36.883031519413436],[128.3596089956294,36.88570806162457],[128.36331100872113,36.88714188740925],[128.360541129872,36.88835876903299],[128.36285606554796,36.88951917397],[128.3624021986176,36.89004783051132],[128.3689979083132,36.898198139199295],[128.3731405447462,36.894967447512286],[128.37168951859383,36.8968527654784],[128.37432345634264,36.8965592049804],[128.37063805693933,36.89794687045343],[128.3704239918721,36.89977212203289],[128.37187770861945,36.89956118399424],[128.37216106317703,36.90083957784843],[128.37210397624605,36.90203541012651],[128.37067325410203,36.90266996127728],[128.3708253632139,36.904194776019274],[128.37278130709754,36.90153006962042],[128.37340599790932,36.90396962556077],[128.37496479437047,36.90422974009444],[128.37424165645857,36.90584967626863],[128.37485846357788,36.90686893193696],[128.37634811929294,36.906546569775564],[128.3764712445736,36.90805788188808],[128.37778385611279,36.90849667942671],[128.37726600830345,36.90644793422972],[128.3761682588543,36.90615421440538],[128.37656023063286,36.904192787484256],[128.3780725870611,36.905481836627864],[128.37796204796027,36.90367089714688],[128.37856241766346,36.90314989013898],[128.3783240729077,36.904866081965835],[128.37926634039343,36.90596297048576],[128.37800320719754,36.906698726905745],[128.37947574236367,36.90709003283225],[128.37897198177347,36.907750261099935],[128.378292715259,36.90719158351759],[128.37835095115054,36.907925445302176],[128.38030289422875,36.91016181864518],[128.3821310400104,36.90929805024845],[128.3814948540926,36.90990456141741],[128.3821417972106,36.912019994912576],[128.3852523053287,36.91206409151645],[128.38531906328822,36.91289949112262],[128.38766796734546,36.91267996449955],[128.38813423061455,36.91408565595626],[128.39168000711192,36.9142473813606],[128.39317102162684,36.913519643685696],[128.391931184551,36.91336883754908],[128.3933106905732,36.91204466861683],[128.39236430384358,36.91128523279929],[128.3965707908866,36.91037396839424],[128.40074001523539,36.91315734928306],[128.4045256891864,36.91267955395155],[128.40487781172607,36.912958376483296],[128.4026344864302,36.913361558238506],[128.4015866724288,36.914561089975614],[128.40179881510915,36.91580141071764],[128.4035870422528,36.91550283197248],[128.4028899324395,36.917011920524224],[128.39988547668733,36.9153886896352],[128.39826048499813,36.915911358176224],[128.399176032126,36.91760244638511],[128.39661993288095,36.91614161930585],[128.39809051417762,36.91942864196663],[128.39648326520563,36.91909329695182],[128.3948618736404,36.916948672256986],[128.39318329345116,36.91693738841928],[128.3932396397292,36.918249285290784],[128.3897326240881,36.91807682425411],[128.38958243794013,36.919318149299585],[128.39065218844743,36.92031922036836],[128.38985463149245,36.921462129474016],[128.38779299604462,36.91994380822464],[128.38593964937544,36.92065570049025],[128.38667194186638,36.92136292825812],[128.3857544284678,36.92210487856223],[128.38439845098313,36.92141418874129],[128.38507026232728,36.92659582502127],[128.38359444546978,36.926196234995444],[128.38127148759457,36.92784108611538],[128.37723826721643,36.928139894155684],[128.37706838331027,36.92880611085649],[128.38154540669967,36.92989168050237],[128.38302693063773,36.92928594431203],[128.38803036336785,36.93293660767718],[128.3868704129526,36.93557353375247],[128.38780613884043,36.93836084707215],[128.3903053248361,36.937680707507276],[128.39119865000322,36.93859702260004],[128.39230415449356,36.937015902877754],[128.39400197501263,36.93910256588977],[128.39773772248628,36.9405820942151],[128.39665749937478,36.944752706354],[128.40046829577025,36.94554542375035],[128.4026011450373,36.94492461073945],[128.40065736630538,36.946152016454135],[128.40152983491205,36.94667270483187],[128.39888146714924,36.94720921974427],[128.39975961464748,36.950427842872045],[128.40196947303653,36.952208089111714],[128.4037077139214,36.952943816551326],[128.40337651021852,36.951770442905534],[128.40449399759947,36.95060159303439],[128.40321721738357,36.949037398758364],[128.40359252269295,36.94844900649846],[128.4050939471074,36.95070645570914],[128.40724791216036,36.94974394477395],[128.40807548553926,36.950074270363665],[128.40671548182004,36.95123009076152],[128.42415728470002,36.96088054039205],[128.42959718569486,36.966035226099685],[128.4386085793723,36.96708210307374],[128.43745968163904,36.96780171440197],[128.4388128166359,36.968290810923065],[128.43755877191137,36.970647662344604],[128.43538897636728,36.97181801702681],[128.43931307166807,36.972965444787455],[128.43939542542586,36.97464360605967],[128.44466379850434,36.97473052160981],[128.44237127837715,36.97611937488695],[128.44366564500308,36.97698144714511],[128.44333719628668,36.97870835531528],[128.44007124988894,36.980457157437066],[128.44043427001094,36.9813256097201],[128.4428557786857,36.98190947846687],[128.4462247845644,36.97993742080338],[128.4457439039321,36.98097871843742],[128.44649696041262,36.981274992398056],[128.445355720617,36.98241698384986],[128.44657258332725,36.98264695043008],[128.44463346208204,36.985362067152515],[128.44590941769133,36.986912698294205],[128.45028279518283,36.985225430640064],[128.45791457695935,36.98619970788716],[128.45710024089286,36.98452837353344],[128.45880904174567,36.98502340735006],[128.45874912324106,36.98262827482188],[128.46014251847288,36.98410337365722],[128.46159785484053,36.983815172900265],[128.4607999691335,36.98576349702822],[128.46773266405322,36.98570343469161],[128.47123523927502,36.98728688374267],[128.4723120597016,36.9888300355898],[128.47073179087886,36.98891191632419],[128.4706963445743,36.98820070238965],[128.46664726633063,36.98984400052659],[128.46534645281494,36.99278851022247],[128.47322485613145,36.99917337936883],[128.47716720311493,37.0134034606586],[128.48277780445056,37.01688904324326],[128.49615418648554,37.02010725653598],[128.49675202474052,37.02392764088387],[128.49468026695035,37.02928926698722],[128.49525524824892,37.03215318405844],[128.49994899180615,37.034636710897374],[128.50020487585206,37.036185998011455],[128.5067969571342,37.04172991676574],[128.506872504856,37.042646068965006],[128.51475583546386,37.044409064567],[128.5119141552988,37.04440019352922],[128.51378668677384,37.04570044902616],[128.51374510268064,37.04696949313367],[128.51248246729816,37.04762676459898],[128.51284802822872,37.046622849429085],[128.5111684614446,37.04673516681219],[128.5111206587065,37.04749610309934],[128.51384072145186,37.04822055756996],[128.51635023109085,37.046414867169396],[128.51844852325132,37.0472008672794],[128.51907813668225,37.04618586681864],[128.51991961951438,37.047297578824484],[128.52312253466252,37.04703013003053],[128.52218184201428,37.049492595170626],[128.51983563610435,37.05143229033053],[128.515533292971,37.051599846199835],[128.51065009994963,37.048986843899925],[128.50973676100654,37.05096981642631],[128.51177908509837,37.05219575723384],[128.50933435338297,37.05130537812971],[128.5081728453596,37.052220160396665],[128.51109235622926,37.05437643827411],[128.51656035875592,37.05407953450835],[128.5174998962204,37.0529317008694],[128.51760120956052,37.05500769669058],[128.52179706222398,37.05523750070457],[128.51988400801457,37.055943218239946],[128.52025845190772,37.05763102326622],[128.51932285941447,37.05605339120055],[128.5171315981926,37.0561842425811],[128.51651159914218,37.05446057374911],[128.51359625874198,37.05471444165342],[128.5137161797548,37.05614968098461],[128.51330181746042,37.05462717049907],[128.50953402102374,37.05459325099945],[128.51126323753775,37.061574441768585],[128.5091183529874,37.05942610932306],[128.507636738872,37.05923271086423],[128.5086122396245,37.06054489631335],[128.5067962447111,37.06086055536449],[128.50691297292389,37.06187538078456],[128.51149396784788,37.06377409399905],[128.51224423379526,37.06574529006029],[128.51143961479445,37.0675792625358],[128.51596828838683,37.06741780868472],[128.51727709675984,37.07002506178236],[128.51854193351195,37.07029970705267],[128.51898897420602,37.06884127806329],[128.51810288173368,37.06807973706871],[128.51962581994334,37.067843754836915],[128.52025681486836,37.06625469918281],[128.52070265660603,37.06898342142163],[128.51975496426218,37.072076624032334],[128.52121539930314,37.071646525119434],[128.52179731562953,37.070054712814326],[128.5215652085523,37.07087141121526],[128.5248148194543,37.070210096012865],[128.52583335613787,37.06736138832448],[128.5251594032397,37.070189489952135],[128.52626470965592,37.07015574683488],[128.52983282153582,37.06533680362732],[128.52846931438546,37.069115405320495],[128.52977234955006,37.07040598365788],[128.5341380704756,37.066908638050826],[128.53399353951542,37.067942619691316],[128.53658393468564,37.06695112765176],[128.5411509014887,37.06217968973767],[128.54312264068994,37.061660935642806],[128.54404079406126,37.06367849891611],[128.5413649529915,37.06689128446701],[128.54103618906387,37.069160434989996],[128.53893091609058,37.07106199828741],[128.54395020161405,37.07102287927645],[128.54640689770795,37.07199094692515],[128.5481293623993,37.06971629887581],[128.5494721345542,37.07081790512991],[128.55271808587904,37.0688667326177],[128.55310659336837,37.070360416711225],[128.56093632925493,37.07167077161991],[128.5626802325341,37.070585324103526],[128.5688978992835,37.069903967689044],[128.56826059968068,37.068094974422465],[128.56894178033392,37.0668497740403],[128.56974423614324,37.070048851025916],[128.5716826106126,37.07035146416555],[128.57248882965328,37.06950945167173],[128.57233462360855,37.07025160015562],[128.57375205962177,37.07100844557747],[128.578354566874,37.06925225602235],[128.5780579054047,37.070050715051345],[128.58212400537403,37.06974182493727],[128.5851789982556,37.06735039879481],[128.58656601199053,37.067647273073675],[128.5870690326497,37.06630869692865],[128.58985135390418,37.06713339583597],[128.5934167997922,37.065429915434066],[128.59902736234338,37.06995546114368],[128.59943098453925,37.071372841677146],[128.6003795701104,37.070908500367516],[128.60148778345365,37.07175589775616]],[[128.5804138170538,36.99132923319905],[128.58052989141797,36.98813666464949],[128.58024804326286,36.98947306988138],[128.57953405123408,36.98808051515333],[128.57878867689135,36.989372288279284],[128.5772306913686,36.98939693409871],[128.58061797687395,36.987064133753975],[128.58102217581725,36.98353329339585],[128.58282380037897,36.98228381809507],[128.57823421860536,36.980633261051764],[128.57283146983949,36.98164568621789],[128.56758474482734,36.98090382261239],[128.56473107298007,36.982399968540186],[128.5653203099097,36.981693849017006],[128.5631199406515,36.98024596570891],[128.56063907547028,36.98175935674977],[128.56083354245797,36.98305026828764],[128.56009809960617,36.982382348050194],[128.55821294840885,36.98407980773508],[128.55801534306048,36.983348481534996],[128.55327084153762,36.9837191516932],[128.55318267955695,36.982760502515674],[128.55236334164695,36.98372194835442],[128.54862636686033,36.982942084989595],[128.55685253443303,36.982419380983536],[128.557530897916,36.981653666560234],[128.5579034462476,36.982275473771956],[128.55883517597601,36.981020388238555],[128.56430053450597,36.97914101865838],[128.56705566488077,36.98033087844222],[128.56967992619488,36.979591904705686],[128.56975967509112,36.9804377334951],[128.57404047297308,36.98054176232758],[128.57576732523356,36.97943598067151],[128.57895907196973,36.979285118277716],[128.58100323264554,36.97757227206647],[128.58041757080426,36.979188333867306],[128.57929244308943,36.979263867082345],[128.58347086301654,36.98067965806331],[128.5847043485693,36.982018212022965],[128.59696359795834,36.976861398006626],[128.60065213994093,36.97808142820454],[128.59913879142087,36.97857250335013],[128.60034513140423,36.98063731260751],[128.59866857185028,36.979921824095875],[128.59753659309746,36.97760853713101],[128.59530760178617,36.9784055364754],[128.59638231182748,36.97983648687825],[128.59487465765417,36.98286241864265],[128.59544505649455,36.9838996755114],[128.5954507686594,36.98409921025463],[128.59470642150916,36.98272641051554],[128.59472106976526,36.98156570570372],[128.59424246359802,36.981124674322245],[128.59422840457376,36.97932358298622],[128.59170017220714,36.98049947644186],[128.59180110471357,36.98154764652298],[128.59039956681335,36.980929758821006],[128.58782565127026,36.98323059572955],[128.58742927369738,36.982564002488104],[128.58643305986445,36.983503071367025],[128.585692736705,36.98308951205521],[128.58532687452757,36.98511388406695],[128.58305165682197,36.98381007339363],[128.58119217321,36.98620141934014],[128.5813162124136,36.98893186109253],[128.58248487938155,36.98946510057082],[128.5804138170538,36.99132923319905]],[[128.4922772544533,36.93469791459495],[128.4935952786776,36.93355628034083],[128.49422123654676,36.93169634886173],[128.4998848350995,36.925928447172396],[128.499691580458,36.92465247052722],[128.49565901401394,36.92619126727612],[128.49427147202846,36.924772920955135],[128.49413788010634,36.92639925454151],[128.49312077690792,36.924850613094975],[128.49201297595093,36.92467165238119],[128.49130519356467,36.925739824711314],[128.49139870623256,36.92496830821681],[128.48955652717578,36.92478598967371],[128.48883585221972,36.926042849543855],[128.48925990372143,36.92479342412476],[128.487547344119,36.92568386984096],[128.48778107920748,36.924926561259596],[128.4863544122632,36.92544872043952],[128.48599610668506,36.92439022032045],[128.49827485927162,36.92411321079333],[128.50422435564835,36.92146423379063],[128.50712414127622,36.92117128528718],[128.50851592917346,36.91969934471484],[128.50649819605252,36.91883211757501],[128.5083991341134,36.91866083455448],[128.5090035484728,36.91950181402023],[128.50964067008758,36.91848834235292],[128.50878551205298,36.91771833174775],[128.50994300870187,36.91859178555829],[128.51091425597815,36.91737429924027],[128.50908190506289,36.91699684103202],[128.50729144072736,36.9157984495435],[128.5073719967483,36.91510708023988],[128.51130334417144,36.91677917260431],[128.5107447531097,36.915996467549036],[128.5120350743864,36.915227457978354],[128.511346516076,36.91465183825687],[128.51364345659536,36.91427738213513],[128.51327503708694,36.91252229095121],[128.5149084274156,36.91127021046435],[128.5155816755287,36.909001214379295],[128.5178638589967,36.90947888965566],[128.51715488509683,36.909190962596895],[128.51746307881805,36.907921181006735],[128.5196132606763,36.9074304336845],[128.5195022757073,36.90599996724015],[128.52129898320825,36.90551250350217],[128.51985079070346,36.904331685468875],[128.52235002629368,36.90504363378598],[128.5190620500165,36.90827595464273],[128.51919941058887,36.909549476246866],[128.52558196871144,36.907217264193676],[128.5272672972791,36.907575614225],[128.52668781568738,36.9100324224223],[128.5268696727473,36.907951552617845],[128.52500175744058,36.90779497351589],[128.5244622374031,36.90817584065908],[128.52526031320323,36.90891495514534],[128.52412166114618,36.90895948628961],[128.52410888291757,36.90992257289943],[128.52279861529823,36.90926612569015],[128.52333475277905,36.91064167586553],[128.52213322572072,36.9095723242834],[128.51938225818802,36.91025885526637],[128.5129258647998,36.915925884159115],[128.51241782697707,36.918013423545496],[128.51444639600498,36.91873505175331],[128.51274851448926,36.919643440284645],[128.51208753161467,36.918802364368894],[128.51172408558566,36.91974963053695],[128.51438935753248,36.920617020325025],[128.5133962921375,36.92147589793533],[128.516027385669,36.92296711571581],[128.51471365921995,36.92343998709844],[128.5144916206221,36.92271141105727],[128.51396778395707,36.923655575474356],[128.51345518902946,36.922109896132476],[128.5123755402932,36.923206194795775],[128.51290108787674,36.92148284655552],[128.51164600730326,36.920552061945465],[128.5110969745373,36.92161581849385],[128.51055732937675,36.920493682892854],[128.50999661087275,36.921450293151345],[128.5108058464174,36.92212515899755],[128.50936715290067,36.92213598499653],[128.50943858112177,36.92516549107903],[128.50769178892904,36.92467266251407],[128.5076877345432,36.923122428464644],[128.50676768354091,36.92358807100868],[128.50604038892055,36.92267832949252],[128.50600548459286,36.92382494996095],[128.50519829187033,36.92283357555807],[128.5040535892229,36.92326291831541],[128.50446273716094,36.92456119263014],[128.50373448806934,36.92470583899514],[128.50390438449006,36.92276991682024],[128.5031123412413,36.923034748792524],[128.50138380015724,36.92618085492269],[128.50145951981906,36.92669361303344],[128.50258303058175,36.92804241093783],[128.50312950262753,36.9292438771003],[128.50281859804537,36.93045045764226],[128.5027449520944,36.928595686779694],[128.50122021889726,36.92737308119825],[128.5012211633436,36.925275376717764],[128.50168115025357,36.9246323933699],[128.5010491489693,36.92426319223466],[128.49987524652244,36.92826413483065],[128.49881211168318,36.92821898456964],[128.49924574816296,36.92891470187393],[128.49821153389516,36.928763538942505],[128.49496784610847,36.93296764766182],[128.4922772544533,36.93469791459495]],[[128.4590071070134,36.902747699123324],[128.4601943010989,36.907369336883676],[128.4585206146329,36.90557311144288],[128.4590071070134,36.902747699123324]],[[128.52157592324195,36.90329970466698],[128.51939309344345,36.90195441555521],[128.52244852745667,36.90160785283757],[128.52165903111376,36.89999229856395],[128.52367384716132,36.900437020815936],[128.52267822591298,36.899858580659206],[128.52361020875236,36.89892757645211],[128.52686234925605,36.901050884035655],[128.5266538865726,36.90186756717931],[128.52401353249385,36.90139559504805],[128.52376033670424,36.902975445954155],[128.52157592324195,36.90329970466698]],[[128.42084748933152,36.9041290023193],[128.4276270847611,36.90513173499481],[128.4221114030791,36.90625663980709],[128.42303545462707,36.909264426892626],[128.4203474472373,36.90622894313307],[128.41966288321987,36.90700794345027],[128.41771153898685,36.906540282678236],[128.4169890363509,36.90777025069755],[128.4159249746681,36.90718765473067],[128.42084748933152,36.9041290023193]]]}},{"type":"Feature","properties":{"id":"woraksan","name":"월악산국립공원","year":1984},"geometry":{"type":"MultiPolygon","coordinates":[[[[128.09010429130944,36.82375891903829],[128.09189955657885,36.82502803183607],[128.0915691469608,36.823713267411556],[128.09010429130944,36.82375891903829]]],[[[128.25756773320722,36.98839665830317],[128.26299936866107,36.9872496820099],[128.26165257136097,36.98583642611822],[128.26305545385443,36.985749249187585],[128.2645186435739,36.983388712290726],[128.26378441519134,36.98009883205822],[128.2626805791097,36.980037075426],[128.26523980300433,36.97844214203187],[128.26413726517106,36.97832387488079],[128.26591182045598,36.97813406436342],[128.26398272288355,36.97780529318995],[128.2639765048562,36.976942554237525],[128.26477523117083,36.97579898716834],[128.26564396801845,36.97603166666135],[128.26599545988438,36.9745872752803],[128.26493218132487,36.97435019308686],[128.26604352003116,36.97402297813169],[128.2664670942417,36.97183919004382],[128.2684085454607,36.97188632489517],[128.26628620843243,36.97070352780755],[128.26625101261143,36.96976259380964],[128.2684841433232,36.968163611333566],[128.2678448546888,36.96684896278417],[128.26912607564387,36.96706060189285],[128.26655366001594,36.964619926775285],[128.26716315712954,36.96406781457947],[128.26811277590429,36.96497714415116],[128.27077425927783,36.96348749855071],[128.2735326292105,36.960017947343545],[128.27266299165177,36.95949998754805],[128.27080341368205,36.960304958109354],[128.26938345916162,36.95860072948655],[128.26998600391056,36.95674104712963],[128.27404268954515,36.95430037106428],[128.27431643136993,36.948731225374864],[128.2731381969899,36.94674414380333],[128.27483371058017,36.94525347293797],[128.27482520340516,36.94272732846658],[128.27824545440774,36.94155796632125],[128.28649774925688,36.940985269682905],[128.28917342473383,36.93860084441582],[128.29093175268233,36.92904604032704],[128.2891228629702,36.92711536465336],[128.28158452077452,36.92549402171207],[128.28145400446758,36.92374816947688],[128.28056696417056,36.923364431437236],[128.2808291679023,36.92097530985228],[128.27877471237053,36.92057889622587],[128.2803628260769,36.91963331121677],[128.27808875212054,36.9174805291785],[128.28126566066064,36.91838080734371],[128.28443694561267,36.917204903909536],[128.28511619053424,36.9183231727825],[128.291985353263,36.9187271685226],[128.2941454066916,36.92143676798812],[128.29509794556608,36.921075882798306],[128.30026820929245,36.92391264782434],[128.30427458214788,36.92185586195681],[128.30336895777882,36.920773518888375],[128.30368885606396,36.9195209399992],[128.30648997806972,36.918354825130464],[128.30674068670706,36.9190668791195],[128.3081614072953,36.918642676057715],[128.3062330339368,36.917044246397495],[128.30618214769856,36.91531953659142],[128.3084979511193,36.912449421055],[128.30719539753298,36.91232889682479],[128.30724791787864,36.91116077566598],[128.30867482160656,36.91189878418123],[128.30918839366035,36.91027473202597],[128.3089714784954,36.91240124604081],[128.31127278053177,36.912556919767],[128.31035352048357,36.91186500361456],[128.31298320656848,36.91145545410986],[128.31355884616107,36.91294318601522],[128.31707881465906,36.913737771192906],[128.31739450200305,36.91470611962351],[128.32052993867663,36.91499819832756],[128.3222656203881,36.91738383537503],[128.32110933137767,36.91767578063309],[128.32132711861698,36.919878433228924],[128.32225032643996,36.919353794917726],[128.3235981108285,36.92108019533957],[128.3253436092971,36.921455977381406],[128.327117935416,36.920204293944096],[128.32566784447707,36.91808439486525],[128.32781129281773,36.91625820266883],[128.3278022993427,36.91384859665169],[128.33139153001989,36.91144739824327],[128.33765612261692,36.91718625969369],[128.34113602532435,36.918692239381315],[128.34212634367563,36.91810571776076],[128.34275215533117,36.91681046518808],[128.33798073576602,36.91433377983351],[128.33560846070907,36.91085126147914],[128.33467323531167,36.90615798122406],[128.33763210195664,36.90586656133225],[128.34511883263195,36.90993854902362],[128.34591890392213,36.9075668911833],[128.34495134137376,36.905516629850574],[128.34557401033123,36.90338727496503],[128.34480917102036,36.900203421685845],[128.34247502557247,36.901082506801295],[128.34078002569345,36.900681431892416],[128.34172094203723,36.900787725039685],[128.34245822760957,36.900082523844134],[128.34048640880147,36.898611742640306],[128.341068131239,36.89759204884003],[128.33986002178298,36.89683520297847],[128.3425636267968,36.89507302833854],[128.33938734625056,36.89381210346187],[128.34049992106273,36.89060929666635],[128.33546166891517,36.88996727203601],[128.33631998314607,36.88933370336762],[128.33316216721937,36.888449248364736],[128.33115238080117,36.88893704341745],[128.33179205643523,36.88771376080486],[128.325267594776,36.88663425426758],[128.327140317961,36.88230373435554],[128.32546251767914,36.878749745291785],[128.32577954592665,36.8776303562673],[128.32876038958878,36.88014635000466],[128.3325161146273,36.881205852263925],[128.33310122703514,36.87635871372206],[128.3300671592008,36.870891905195286],[128.32790157760013,36.869133587876426],[128.32702707744784,36.86974144229143],[128.3228183835878,36.86809887968028],[128.31813414458975,36.8682654120255],[128.30792361679343,36.86085724546477],[128.3077029989495,36.85912138980386],[128.30859138835527,36.85794769103061],[128.31489273100232,36.853286419666446],[128.31595345411844,36.84955904284948],[128.3178026301523,36.84825256616078],[128.32091014812283,36.84961304933704],[128.32005108944733,36.84465884895035],[128.31899616219823,36.84420222999041],[128.31971862328325,36.84351499280899],[128.31744703721765,36.843947718353256],[128.3173314954085,36.84538456682245],[128.3163495155098,36.84561560091573],[128.31610392951814,36.84238699530163],[128.31505444268532,36.842068352090955],[128.3174463009077,36.841252289834905],[128.31616750720866,36.83793491665112],[128.31390500948925,36.83625893296489],[128.309964781171,36.83603438273429],[128.30837912882208,36.834051644425585],[128.3091608111385,36.832888792037544],[128.3082697605091,36.82912672732377],[128.30666576761038,36.82949012899441],[128.30745143205357,36.83030534945324],[128.3044274553126,36.83051876082688],[128.30606306703126,36.8289221851082],[128.30984416239681,36.82859398374785],[128.31159680868325,36.82503861648282],[128.3157489847211,36.82275574032169],[128.315766702026,36.817435809928234],[128.31961283915507,36.81230938911239],[128.31871451360524,36.81158958502625],[128.3188060076268,36.80893370482825],[128.31776716353545,36.80694552534372],[128.3186870236137,36.80282202694648],[128.31994546210524,36.80133343827321],[128.31821915899008,36.79641881832714],[128.31982307416902,36.79194149688057],[128.3185973541527,36.79193248529224],[128.31777217047767,36.789044513313414],[128.31566087354682,36.79189306339334],[128.31420519263074,36.792279969256526],[128.31448166112511,36.79153036993546],[128.3123085028611,36.79320205334448],[128.31193987435833,36.79218038944289],[128.31355413188354,36.791086866978276],[128.31236694704427,36.79171927065472],[128.31315115503392,36.7902197949213],[128.31221983239442,36.790272027140524],[128.31159869377936,36.78882011734662],[128.30543490227723,36.78772399343801],[128.300044466418,36.788462887636214],[128.29985323033503,36.78920368742237],[128.30239267572796,36.79127534878228],[128.3016692806448,36.79181364886895],[128.30234860829978,36.79330390070546],[128.3007270590872,36.79229846526878],[128.3001811921888,36.79344999300866],[128.2996893985494,36.79203344843469],[128.29945765967912,36.792738280073166],[128.29750671902045,36.79240758225293],[128.2978546927525,36.79327003781955],[128.29671229086,36.79347399356466],[128.2975297352425,36.794359811038795],[128.29569934080223,36.794040928157145],[128.29555871085137,36.79601508788492],[128.29398028538228,36.79430048329375],[128.29236371724636,36.795168694930574],[128.2916876179923,36.79261061853419],[128.28978275047268,36.79416064147061],[128.28918945887517,36.79261539225055],[128.2878090962678,36.792813450014],[128.2873872426541,36.794061131550016],[128.28636569936697,36.793589361829575],[128.28580134583393,36.79564760524315],[128.28456486965212,36.794077861614],[128.2830266924852,36.795039675803594],[128.27980149873096,36.79332327651722],[128.2791015581236,36.79359407512121],[128.27932446247755,36.795072756780115],[128.27738209091746,36.7956295372183],[128.27636502941178,36.79400670333092],[128.2749426188567,36.793826179369646],[128.27369597467978,36.79630835638497],[128.27283119552305,36.794951161980094],[128.2711798333854,36.79527993157102],[128.27077171055825,36.794532226076534],[128.26869224740915,36.794519074041276],[128.26705285643882,36.79584662507357],[128.2657207301006,36.795160775057724],[128.26610770269954,36.79682711428189],[128.26450427746107,36.79648405789295],[128.2627929208753,36.79930825842075],[128.26395998692792,36.80073121933397],[128.2635178959112,36.80176382687158],[128.2607195996134,36.802437354730465],[128.25988971139455,36.80453225207752],[128.25883847668203,36.80409608778367],[128.2585847101831,36.805210264865465],[128.25905561733012,36.807278416919814],[128.2614822195596,36.806758477905014],[128.2607183505805,36.80836114957363],[128.26185867032285,36.81085462305913],[128.26323359385069,36.81129766911674],[128.26173695555107,36.812910625034945],[128.2649851689376,36.81662771200256],[128.26449155061346,36.817405753241125],[128.26334645062568,36.8167829946024],[128.2631162933498,36.81812048211643],[128.26015138400282,36.81680366697285],[128.25956499256154,36.81808351153105],[128.2540270872157,36.81394025513428],[128.25227358253056,36.81428145457603],[128.2512803059568,36.81653303467538],[128.2492982770495,36.81648933763946],[128.24917074730232,36.81236598791589],[128.24784898589365,36.80948974339276],[128.24955134672908,36.80742287110699],[128.25179498611982,36.8085271052219],[128.25189877042462,36.806863178676714],[128.25270648383162,36.806974090249305],[128.25125213962917,36.804759702282446],[128.24960901891117,36.80464931581584],[128.25049507908315,36.8030113765063],[128.24887830214115,36.80244546341201],[128.24978815689525,36.80185924951346],[128.24769328937523,36.80130844967853],[128.24899011568758,36.798529787302336],[128.24602848625136,36.796214350770164],[128.24261824291045,36.79518133187314],[128.23466944712925,36.79494707146438],[128.22028513258647,36.79977597072886],[128.22034786739167,36.80054666016431],[128.21884752430174,36.800113042185046],[128.21792637319393,36.80126501577846],[128.21478802736667,36.80081229984801],[128.21470780458486,36.80280476602712],[128.21248593403348,36.80050842331248],[128.21097029136052,36.80246229849042],[128.20443012015366,36.80339862810599],[128.2034258705772,36.804701550617224],[128.20167303681532,36.80345292666025],[128.19634996853958,36.806332689137285],[128.1950101408049,36.80411378449036],[128.1907738351227,36.80386827138678],[128.18530800896175,36.80509972959326],[128.1851489266929,36.806499171489136],[128.18511612630942,36.80510842624584],[128.17881953344255,36.805570788245284],[128.17172699533478,36.808538471119014],[128.16900844895932,36.808337261213275],[128.16626522865857,36.80649076080522],[128.1633978967822,36.807673889118405],[128.16066593737156,36.807414198392635],[128.15916009709812,36.80779226873495],[128.15882357816383,36.80903012601126],[128.15528797565437,36.80910052623196],[128.15559353681846,36.81061894456137],[128.15320476995493,36.809126108326886],[128.15305386227524,36.81008745430297],[128.15115082393285,36.8100686098466],[128.1514040817446,36.812481248756065],[128.1499382555953,36.81078178454761],[128.1490910280703,36.81181537651748],[128.14701918114378,36.81124986106947],[128.14741878301317,36.81489335010658],[128.14642637201433,36.81367738932667],[128.14554287958393,36.81415620710653],[128.14544062425134,36.81306148505881],[128.14342364894705,36.813045501169704],[128.14235163694272,36.81401452334115],[128.14183367971953,36.813344082608474],[128.14165275132632,36.81485767150896],[128.13983232183253,36.816316295691834],[128.13452250725686,36.81639047991218],[128.13355407433497,36.81732350527006],[128.1301337864138,36.81615722828157],[128.1296307967231,36.81818420251658],[128.12831224656563,36.81620099532321],[128.12444592722116,36.81543267172885],[128.1237291031114,36.816043445638314],[128.12284845438708,36.815160648230325],[128.12190016042726,36.81590161926109],[128.1183377815159,36.81563715146303],[128.11629655188142,36.81422440950784],[128.1097232759408,36.81538751784305],[128.1082740124717,36.81350974376094],[128.10785561367155,36.80894412619023],[128.10584728452798,36.80594772908151],[128.10195016142148,36.806290052299914],[128.09413843055037,36.80362403389904],[128.0929599333653,36.80286344073993],[128.0934956707875,36.796776748600124],[128.0900676391958,36.79663743166925],[128.08383296676203,36.79929898316334],[128.0838632159437,36.802230424785726],[128.0853732089012,36.8042038521321],[128.0826715500609,36.80682568556141],[128.0784973510189,36.80899560397673],[128.07716070325827,36.810980445464786],[128.0673591264832,36.816766714375596],[128.0641968480891,36.81743828379476],[128.0592367702487,36.81639346917836],[128.0546622552636,36.8190503636264],[128.05147662949395,36.819001089568886],[128.04692014727803,36.82225166887776],[128.04501055261832,36.825658708543024],[128.04325396124497,36.826314089768964],[128.04027498842805,36.83057908624152],[128.04081622908285,36.832903974816944],[128.0422767067236,36.832159389312984],[128.04314005227306,36.83352859439364],[128.04832070342002,36.83167890290351],[128.0490713359489,36.83340479993388],[128.04926967941157,36.83214262000534],[128.05127093522762,36.83078914745897],[128.0520870651643,36.83283639417783],[128.05564085631684,36.831798159850365],[128.05853366354398,36.83189395506519],[128.05904062711306,36.832955342191454],[128.06067640565087,36.83151251429503],[128.06235703929414,36.83364969697571],[128.06133426012877,36.834812127022744],[128.0555509562362,36.83473071633103],[128.05116548388835,36.83646739746799],[128.05050416987777,36.83957607128352],[128.04611484139278,36.84461673320621],[128.0436612557799,36.844239018751054],[128.04175017497363,36.84208960569012],[128.0390822888782,36.84236177477428],[128.0323188993858,36.840300097314326],[128.0244794956235,36.841479163079995],[128.02367112977012,36.8433812400116],[128.02651829230075,36.847248829059474],[128.02685902187056,36.85038205867828],[128.0290734607638,36.852753657284005],[128.02846757055528,36.85360246850663],[128.02930611289162,36.85458156648091],[128.035899895079,36.85595393172767],[128.0369667489694,36.85209311360683],[128.0390087307177,36.8515984964026],[128.03656997664325,36.856075914284396],[128.0385721832955,36.85938886489403],[128.03862893851928,36.86283759617466],[128.04006456720646,36.86335426244395],[128.0403326173884,36.86466729471467],[128.0391037156991,36.86612950383846],[128.03940028246745,36.867636315389866],[128.0411020486445,36.86818602711966],[128.04035313467944,36.87154318081239],[128.04213869079857,36.87196488759588],[128.04090002232508,36.874370350809976],[128.04251102476178,36.87557221989157],[128.04476052686312,36.87517027712712],[128.0454907056387,36.87328617935064],[128.04702052008255,36.874446065239425],[128.04880326890168,36.87438891608012],[128.04857666696512,36.87574734068598],[128.04992035217288,36.87623206311212],[128.04912694793043,36.87886086138793],[128.05193777925828,36.87853004366918],[128.05229307988614,36.88091573458966],[128.05349587971168,36.88116555688771],[128.05385073188484,36.882342742065724],[128.0512511764906,36.88276455681044],[128.05235832718242,36.88374424661562],[128.05160337239266,36.885177094445325],[128.0534789184109,36.885532206655746],[128.05146769355494,36.88699985689781],[128.05594444873168,36.886376091997825],[128.05656810139297,36.8876705099155],[128.0557711403961,36.888542591285194],[128.057144688526,36.890041420590194],[128.05621314577334,36.89342186049992],[128.0572367426766,36.89422343465524],[128.05850304426068,36.89324294540188],[128.05979119635512,36.89460228228348],[128.05835977100645,36.898244571016065],[128.05560170091718,36.89845980975307],[128.05654617625487,36.90016233226999],[128.05494028527193,36.90059116290576],[128.05574016432143,36.89978708212631],[128.05518773716042,36.898552041198855],[128.05351912326446,36.898562372636896],[128.05073694413844,36.896679378521384],[128.04883140988528,36.89715041839935],[128.04949313527982,36.89522974796337],[128.04818602463942,36.89531249495714],[128.04842564402014,36.894226073652305],[128.0471464143025,36.89433207993692],[128.04729443261996,36.89303115549938],[128.04559103473818,36.89254336155581],[128.04551788664176,36.89112779599236],[128.0444489410809,36.89127517104184],[128.04446421493267,36.890155057580984],[128.04355133286572,36.88982387625325],[128.04039854898957,36.894792001182964],[128.03232783042554,36.893217077456505],[128.02870828805356,36.89502968336138],[128.02700483123456,36.89709308570573],[128.02653122956866,36.90029883593959],[128.02393739750778,36.90282776197351],[128.02414104519565,36.90483113651724],[128.0264246071609,36.90710182640098],[128.02843658687087,36.90849468388692],[128.0308054302957,36.90820958005098],[128.03142540922124,36.91275683879567],[128.03290655255256,36.913101427161045],[128.0329296014892,36.91473964009199],[128.03405039119593,36.91470462113201],[128.0356365516005,36.91266583557481],[128.03577155993722,36.915859896380454],[128.03436502193227,36.916270330269285],[128.03694408071982,36.915924207705594],[128.03336993194614,36.919551985038574],[128.0358257676518,36.91965976851973],[128.0327059379342,36.920825441070846],[128.0304290624965,36.923972328035575],[128.03214971579274,36.922409874449336],[128.0320850834797,36.92469073955966],[128.0327886703313,36.92528521544047],[128.03360787171826,36.921441634073126],[128.03746652411945,36.92018103567015],[128.03666496193682,36.92121304405067],[128.03856646446374,36.921632852105816],[128.03561588693978,36.92237118780052],[128.03772057466327,36.92362626863195],[128.0359975200517,36.92687539139746],[128.0375522865947,36.9257654020395],[128.03795040790294,36.926368335224616],[128.03742585243282,36.927832795896244],[128.03773481489046,36.92775891381271],[128.03870598607074,36.92661526071899],[128.03784955436115,36.9246866015883],[128.03873978774487,36.922887561032084],[128.04090974439524,36.92246614448774],[128.03982362821606,36.924789181188935],[128.0412255943061,36.923555934347704],[128.0418982414274,36.92638453186416],[128.04288930363597,36.92377197917203],[128.04356024709415,36.92800509903636],[128.04186631540014,36.92874027935209],[128.0427736566374,36.9284862955821],[128.04302070624783,36.92929175581575],[128.04434068897916,36.92701291826508],[128.04574188676267,36.92684390105131],[128.04442718089788,36.9254538951567],[128.04463516476227,36.92457217926185],[128.0455553881052,36.92571806833407],[128.0462646313697,36.92502085948965],[128.04665895922065,36.928424584182785],[128.04796305821577,36.9275825056136],[128.047810094145,36.924772697019804],[128.05028698194337,36.92718530194677],[128.05006925656184,36.92839502281068],[128.05105447404213,36.9281034925088],[128.04869132585526,36.92356854448139],[128.05127336238985,36.9258689584744],[128.05103459575565,36.92323432398404],[128.0543397470034,36.92721858713714],[128.05569559237196,36.92661266620383],[128.05670059922264,36.92480254519566],[128.05307399557302,36.92192985630394],[128.05682460714203,36.92269670195361],[128.05796208338884,36.92383891395813],[128.0603083067218,36.92218625215087],[128.05822783923983,36.920548845746595],[128.05596665306535,36.92062083710763],[128.05695661608766,36.91996963617498],[128.05584076576096,36.91900848824187],[128.06097085321807,36.92025858888777],[128.0604475505956,36.91888898524217],[128.0616256400768,36.91784305067579],[128.06064382717278,36.91436621152904],[128.06158194317828,36.912890916469564],[128.06346496622393,36.91420966388572],[128.06858100908428,36.91226374876041],[128.06927535226762,36.9128816210323],[128.07074388412877,36.91150578725781],[128.06998827752486,36.911714658599976],[128.070938142568,36.911037328839505],[128.07075786434908,36.908768325471705],[128.07172378231652,36.90732190974941],[128.07515163717594,36.90636460429161],[128.0759590205369,36.90498639495602],[128.07972906939133,36.90529414012023],[128.07964767095396,36.903981649358144],[128.07526625669755,36.90427581953924],[128.07270250558025,36.902940612513625],[128.0721864346475,36.90117688432968],[128.06919531464786,36.90212822350027],[128.0688952216557,36.90109393232942],[128.0727213841843,36.90018966929049],[128.0706537111648,36.89937445691532],[128.0730572531489,36.89887864157809],[128.07142654233186,36.89659574411581],[128.07295890213155,36.89680833162926],[128.07193705354234,36.89593527180935],[128.07291848594897,36.893924176988726],[128.07561296093527,36.895647944238796],[128.07653190939482,36.89521068989053],[128.0752639915798,36.89391007253913],[128.07669402330893,36.8940684181005],[128.07714355185965,36.893081750254844],[128.07733332813652,36.88677445683294],[128.0788002700336,36.88571462152216],[128.07843210903377,36.88367862755094],[128.0775371109963,36.885466854843266],[128.07767219629847,36.88271492127611],[128.07533963654458,36.882585439726455],[128.07583643489303,36.88143234658225],[128.07329626815616,36.87904981821636],[128.06820407460054,36.87836644319013],[128.06570332476588,36.88040710664017],[128.06801638363294,36.87806324933217],[128.06453599782606,36.87776469473376],[128.06229364798355,36.878855875752514],[128.06434571361797,36.877617196253716],[128.06284846752027,36.87671231133898],[128.06318347336438,36.87547529634729],[128.06426796880743,36.87746262790889],[128.06965590686346,36.87811788055538],[128.0698402476752,36.87743881759617],[128.071885550756,36.878562526261206],[128.07008499238165,36.874606206125556],[128.0712690245752,36.87415534017342],[128.06970514266018,36.87144435638733],[128.07053192956622,36.87194748292324],[128.07056808490606,36.871251686889565],[128.0717137100881,36.8728181491757],[128.07128727173,36.875697804916506],[128.0722914953834,36.875286207554836],[128.07133284957524,36.876406863587405],[128.07207366467472,36.878280551167556],[128.0741737239748,36.8787485143667],[128.0747701626112,36.877967297064245],[128.07523270797165,36.879721305569525],[128.07601439848108,36.87941452812603],[128.0774253125393,36.8807792868388],[128.07884206877523,36.87907921806565],[128.07785969951763,36.87875178205878],[128.0777498565004,36.87804140561712],[128.0790111318813,36.87873884750253],[128.0814903552395,36.87560794290765],[128.0826664892058,36.876256645611114],[128.08251541738102,36.874359993887126],[128.08358589172968,36.872541263051424],[128.08228269532347,36.879418431771064],[128.084547723218,36.87909610355628],[128.0848858224018,36.87978909710734],[128.08294620931684,36.87948661841376],[128.0823723902808,36.88070174202893],[128.08677316262362,36.88198997512747],[128.0850603136346,36.88264647370554],[128.08635479537298,36.88324633854956],[128.08479017740314,36.88326255940967],[128.08623502861798,36.88455018893562],[128.08261836383176,36.88391585537455],[128.08564042302768,36.884886398558606],[128.08534731363687,36.8855873001009],[128.08677162452287,36.886403992026544],[128.08298579915714,36.88484608869756],[128.0846670990517,36.88707448060691],[128.08282402275026,36.88581814006107],[128.08361225408547,36.8871168422681],[128.08203865536314,36.887354661547164],[128.08378366918365,36.88771565042314],[128.08363794617415,36.88891464675693],[128.08599055181227,36.88892162304616],[128.0849568646789,36.88906409516975],[128.08528954904955,36.88969023092653],[128.0835363168503,36.889421285067],[128.08406501501466,36.89050363961901],[128.08324342124737,36.89109218218385],[128.08094860950186,36.89094811597792],[128.08200887552684,36.894917671683274],[128.08116511015524,36.89489751565216],[128.0818559134655,36.89573269412832],[128.08023424248532,36.8955449027982],[128.08209705384522,36.896574987209526],[128.0801775218815,36.896533222515984],[128.08360743560905,36.897801861745585],[128.08042357505872,36.89728833419976],[128.07880313946146,36.89770925938797],[128.07895526057038,36.898848056352534],[128.07684398432778,36.89835336247013],[128.07388335670345,36.90110943643273],[128.07800896909487,36.902475022997756],[128.07993624362095,36.9012151601456],[128.0825354250599,36.9027636967106],[128.08360752279884,36.905181666010265],[128.08197318486805,36.90971207790254],[128.08617075554727,36.90966390310752],[128.08770402279944,36.9107781902543],[128.09011024877256,36.914962890246926],[128.08990741178235,36.91832992184166],[128.09118387027436,36.920239057691546],[128.09296812635725,36.91946980639095],[128.09420240368772,36.91683214182405],[128.09372652113285,36.915248944456735],[128.09193783022803,36.91496519808157],[128.0929905388583,36.91311685050607],[128.0936127275042,36.91355674569697],[128.09253585310006,36.91203226533942],[128.09246422179245,36.91014626365822],[128.09335479772625,36.91022559124729],[128.09207929709456,36.908231660169285],[128.0904376181252,36.90780637992641],[128.0903683399217,36.90811698395261],[128.09050586213965,36.90850361922459],[128.09047722525168,36.908556652261765],[128.08882347376732,36.90658472609391],[128.09005862662335,36.90566221613066],[128.08835499412035,36.90516586086623],[128.08954039796217,36.90504402445547],[128.0901328505141,36.9035196270965],[128.08878302915792,36.904659979613484],[128.08801264963566,36.90328140532042],[128.08878978082106,36.90233261558083],[128.08875525564878,36.90243735093254],[128.08947713962067,36.902828770979646],[128.08877683943015,36.902251033565825],[128.08835127057017,36.90248230880521],[128.08821268214956,36.90194216740951],[128.09043086786252,36.9015108035658],[128.09044813385634,36.904118411148325],[128.0917019546929,36.903637987149104],[128.09191035573153,36.904593308175606],[128.09280402228822,36.904468033566644],[128.09252643381987,36.90592603887708],[128.09374794351726,36.90608886422573],[128.0939038673788,36.90660541642851],[128.09301669771924,36.907256696207405],[128.09074858231685,36.90525297504193],[128.090286101082,36.906449287851075],[128.09363736076565,36.90805247146295],[128.0927996287,36.908954792613144],[128.09445325646075,36.910682764303935],[128.0939701693525,36.9091440051548],[128.0947350784983,36.90897176957962],[128.09476416454834,36.909639964404114],[128.0960164966699,36.91055834030714],[128.09482946882093,36.907213919995705],[128.09666801399797,36.9076426680373],[128.0979181375632,36.91036292633728],[128.09632507640438,36.911431582838475],[128.09704702016492,36.91263901130146],[128.1007435993317,36.91227927819447],[128.10488818716178,36.910038704279266],[128.1096113282898,36.90954052350869],[128.1109469021519,36.90971506957353],[128.11102944650406,36.91079876697609],[128.11282399939802,36.91074158800416],[128.11259015472675,36.91340193645589],[128.11570279071898,36.912757536497494],[128.11497705918984,36.912135889116094],[128.1155878730658,36.91104113501386],[128.11658009175116,36.91274843268069],[128.1172074957419,36.910780685138896],[128.116621908243,36.911269366739724],[128.11542113106302,36.909707044243994],[128.117349088188,36.910116090633856],[128.11662040138978,36.90945499075284],[128.11892236590685,36.90891370953412],[128.1181204070228,36.906232258685606],[128.12160353968017,36.905127897090416],[128.12296576292954,36.90297876516275],[128.12126111707823,36.90472813716866],[128.11940739799044,36.90504678122714],[128.12030466884661,36.90339491082896],[128.11855864395443,36.902343548468316],[128.11957871935974,36.90209267286264],[128.1183890826925,36.90159177647746],[128.1188777204682,36.901054788309615],[128.12025082658923,36.90109130135376],[128.12045804436613,36.90194769190715],[128.12099523696065,36.901013571056545],[128.12293326162103,36.90230756336731],[128.1229308934116,36.90016889971305],[128.12432360150018,36.89913818773927],[128.12294718505132,36.899433835425874],[128.1234681406554,36.89856318819442],[128.1226936811808,36.89768272063829],[128.12309142591468,36.897872974612206],[128.1235083611517,36.89847112639559],[128.12359542773768,36.89894176292831],[128.1249630163631,36.89785473612513],[128.12947258190874,36.89737225828979],[128.12995624146296,36.89630780475746],[128.12917424345963,36.895822952900275],[128.13114291881953,36.8958912556162],[128.131433045408,36.896745388878664],[128.12969049780156,36.89777454701716],[128.1243501986752,36.89860557422292],[128.12941979051834,36.89834400859562],[128.1323963108338,36.89677892058638],[128.13228436260405,36.89471176806354],[128.13298759650812,36.895177638370726],[128.13470691345987,36.89417734630465],[128.1348632909129,36.88980678787153],[128.13241973357023,36.888513539825496],[128.13370342071107,36.887940331149736],[128.13216118123404,36.88611594498642],[128.1335967440928,36.88601569353192],[128.13302795668912,36.883748798241214],[128.13364983530798,36.88406116322165],[128.13367651430585,36.883282703590844],[128.1330791590601,36.882226634764336],[128.1331414821534,36.88293370505382],[128.13272500512053,36.88323716762843],[128.1325616773164,36.881233356669505],[128.13494193058006,36.88512377407308],[128.13474398930063,36.88624248011867],[128.13598566642943,36.88647150676913],[128.13956763470776,36.89172395268261],[128.14276544811077,36.89051366262268],[128.14327867832793,36.88824803880681],[128.14685441034808,36.88409292579492],[128.1446311029747,36.88278314392982],[128.14798616952748,36.88249550986858],[128.14921212544317,36.88062509984989],[128.14838077540674,36.87711810430014],[128.14993312428516,36.874445690020224],[128.1488622072288,36.874870424273496],[128.14911077900834,36.8727964015762],[128.1473920142439,36.87323299123562],[128.14810006804305,36.871619004482135],[128.14721965613677,36.871191430461536],[128.14617105707487,36.872246967281214],[128.14540527670223,36.87151622119895],[128.14702343499266,36.87055911005662],[128.14977866261344,36.87199931915866],[128.15358756334416,36.869452636597636],[128.1587035763822,36.86311985714253],[128.15577225482,36.86159100564216],[128.158761678177,36.86251817338052],[128.15870847735457,36.86444074524249],[128.15933763103067,36.86427718679295],[128.15513129084505,36.868945859246054],[128.15609349497078,36.86901054689527],[128.15620995661908,36.87011745345649],[128.15964068244256,36.8699348470011],[128.158851256703,36.871328854954356],[128.15953091472446,36.8717877041677],[128.1581707500921,36.87106474084348],[128.15915894494506,36.87227171487312],[128.15389646625263,36.87230730616281],[128.14969630888072,36.87595412687183],[128.14935961512893,36.87806554271863],[128.15119400342678,36.882033849404934],[128.15078794163844,36.88344687085448],[128.15412084504842,36.88391711640786],[128.1656356598223,36.881290509011144],[128.16892187279385,36.882050612178155],[128.17170330395206,36.881316902090006],[128.17560582298503,36.882367249914395],[128.17699730560716,36.881623169377896],[128.1825220511661,36.8837806827511],[128.19511541425643,36.88417578153199],[128.198265502017,36.88138172500825],[128.19933036807873,36.88225466373614],[128.19959851189083,36.8845216714804],[128.2005410764536,36.884807692740274],[128.20724541398738,36.88282708609546],[128.2085835699034,36.88185056902316],[128.20811562565942,36.87991120871901],[128.2108539792339,36.88010872592542],[128.2107414226365,36.8784842924614],[128.21397939272714,36.87709165327651],[128.21288278076597,36.87486765776384],[128.21371123323715,36.87322377732668],[128.21265256910985,36.8703802366337],[128.21493715268954,36.86995016632109],[128.21204662826062,36.86780680630533],[128.21401374570323,36.86656216652573],[128.21210028924676,36.86598095972529],[128.21248109267654,36.864965558995415],[128.2115372916811,36.86468769605674],[128.21221452595248,36.86408462532472],[128.21123200697804,36.863906777691824],[128.21234482337698,36.86278017108917],[128.2113968690823,36.861585359746435],[128.212829233597,36.861026475222374],[128.21509012722714,36.86248702718539],[128.2149797262308,36.86140592831471],[128.21641867748465,36.8618161944053],[128.21603786038656,36.86091274860844],[128.22305639413278,36.861456394539836],[128.2230385187664,36.85992409099642],[128.22436370411592,36.85984995468677],[128.2239832414006,36.8584429609691],[128.22601383874115,36.858601209149846],[128.22709888465423,36.85626323789119],[128.22853691662078,36.85772602869636],[128.2300605664204,36.85616481296424],[128.23171007185937,36.85610197994768],[128.22979404427932,36.85890748622332],[128.23182319610896,36.85989461329633],[128.2285047986429,36.86210648314723],[128.2273271344882,36.86474472299792],[128.2293428193548,36.86713330513079],[128.2313856798003,36.86664708640198],[128.232179805489,36.867935672793436],[128.23566736920964,36.86756278664874],[128.23695627326407,36.86906538853019],[128.23865610379877,36.868747028686954],[128.23959487247143,36.869642945037675],[128.23800828139903,36.87124352292128],[128.2390062192366,36.873046271973315],[128.23839011906267,36.874466740819514],[128.2395600276553,36.8749467967224],[128.23656310139154,36.87731583881828],[128.2376229502347,36.87547626756237],[128.23721064306886,36.874662859478555],[128.2366377548331,36.87603142617643],[128.23519615861642,36.876496183490445],[128.23543301294615,36.87781289886774],[128.23420942395026,36.87853075553372],[128.23612767938573,36.87860166719254],[128.23598596966153,36.880378740824845],[128.23354481619893,36.88217384585571],[128.23818649028573,36.881182700837485],[128.24280291901206,36.87844301126099],[128.2448032907349,36.88095592879365],[128.25088460280185,36.88475902068162],[128.24673514811343,36.88887219962247],[128.2454147073892,36.89199350907905],[128.2511403934853,36.89740439226285],[128.25249958270987,36.90018894039682],[128.25386484256387,36.901061239022106],[128.25427146152833,36.900118646123595],[128.25440047964076,36.90125303603367],[128.2549268815983,36.90142830853499],[128.25801585955992,36.90148701788893],[128.264315577708,36.89965806193166],[128.26641736709018,36.90093185419762],[128.26029631867223,36.90405152731431],[128.25809719507106,36.904073920910506],[128.2580508309831,36.90503633310371],[128.25191638792865,36.90607954996663],[128.2580108421957,36.90995555846791],[128.25454681601008,36.91133023928886],[128.25454026655697,36.91225151642905],[128.25634950735562,36.912428810170155],[128.25549793749565,36.91501010401829],[128.25707930418494,36.91575682979957],[128.25718983155696,36.916895010108874],[128.26213926922551,36.91522410634774],[128.2604889940491,36.91853821503555],[128.262275007416,36.920130804070354],[128.25802310324016,36.91971702743128],[128.2565920416537,36.91869929136513],[128.24854334208106,36.92038029129688],[128.24741541715213,36.9222778825293],[128.24593490801485,36.92268713569768],[128.24786034580913,36.92420554318849],[128.2470758882135,36.92498983513555],[128.247978826713,36.92450576564],[128.2477884818317,36.92523567328226],[128.24924198770827,36.925748979129466],[128.2473062201063,36.926034627682434],[128.24797562494714,36.92720100766976],[128.24598694497183,36.92626641277594],[128.24497617329956,36.927489291610755],[128.2458139352245,36.92579639518584],[128.2450322605881,36.92481672645419],[128.24368216162682,36.92704365751484],[128.24142253704014,36.92641169542597],[128.24027770487623,36.92723138674251],[128.24040887882316,36.93023402535132],[128.23611200572356,36.93037004900858],[128.24005735743066,36.9294599292499],[128.23993201718798,36.92812337882839],[128.23738068075258,36.926099737088734],[128.2395643525775,36.92534658174237],[128.23783675980815,36.922070844515474],[128.23241897007532,36.92344860940391],[128.23514285221407,36.92408556906567],[128.23156793260762,36.92647730604966],[128.23276214612656,36.92784040380846],[128.23235107577955,36.92890703538328],[128.2348162932053,36.93079632070846],[128.2329597176399,36.93273693653823],[128.23024418371736,36.9325606311338],[128.22958272238276,36.933623310575335],[128.2336390154561,36.93344798042737],[128.2328839159398,36.93417104823321],[128.23329900408407,36.93584616044146],[128.23135450912633,36.93587135902824],[128.23380594833185,36.93633265048323],[128.23189110560995,36.93762517918591],[128.23226228902914,36.93844747838681],[128.23303855235392,36.938833833133216],[128.23612706916467,36.93609179172547],[128.23582320140414,36.93924773703945],[128.23667620621922,36.93878984098292],[128.23747817117527,36.93959071270999],[128.23546824024564,36.94124645384971],[128.23659882013064,36.94229116246006],[128.23472825719588,36.94186475453857],[128.23574002126415,36.94399139101896],[128.23312002367447,36.948340740166216],[128.23531757290434,36.952352462066436],[128.23465584831936,36.95487536005482],[128.2358088720451,36.95748116911804],[128.23145270541468,36.957434259581895],[128.23363620037915,36.95953543322453],[128.22947140086916,36.95986254524728],[128.22900611240956,36.96133995923214],[128.23073869664907,36.96242807361884],[128.23253467810542,36.961526854452984],[128.2334382617459,36.962937087203905],[128.23515494466298,36.961202742674914],[128.23715044230877,36.96329721334337],[128.24094249440495,36.96279287465014],[128.2419443650852,36.96377921654888],[128.2420781140892,36.96246520979917],[128.24275071141682,36.96313705013311],[128.24741435420515,36.96121511699565],[128.25345179840556,36.960259515549225],[128.25716783291375,36.95815351943697],[128.25580378756382,36.959664525417004],[128.25653998941362,36.960478038744625],[128.2551824641161,36.960713683656],[128.25569857709021,36.963897875859914],[128.25703592798024,36.96465103712573],[128.25469043891874,36.964725822616565],[128.2551353694615,36.96599763319947],[128.2544309608305,36.966413741214076],[128.2505152747395,36.966701926237],[128.24777373679387,36.96580423515123],[128.24503723524253,36.96866651085766],[128.24437914618343,36.96846642468136],[128.24158731177562,36.96890612986395],[128.24242304286358,36.96966902251898],[128.24400495454447,36.97007928505004],[128.24458999143147,36.97043641114584],[128.24453639369293,36.97060211956885],[128.24282297267138,36.97053622657974],[128.24338003694382,36.971265497078754],[128.2422493857566,36.9720028154736],[128.24099500210517,36.971243368306894],[128.24143661573586,36.97236553249825],[128.24099435501745,36.97176671701549],[128.2386999204781,36.97250758942173],[128.23873649108216,36.97460582617458],[128.2353781955737,36.97535475564499],[128.23500882734223,36.978226734026556],[128.23137824851102,36.9783040317984],[128.23176411190238,36.97650742128466],[128.23092339390826,36.975358057646645],[128.22643586775095,36.97401254808961],[128.22484548568866,36.97427922197383],[128.22580414836582,36.97566388936591],[128.22396329974194,36.97522071953744],[128.2239563823473,36.97442038289596],[128.22188539954345,36.976075540850516],[128.2200005196157,36.976055183994525],[128.21923226899773,36.97505769212155],[128.219424951352,36.980351728416935],[128.2229489252849,36.979291442441756],[128.2288755741757,36.97997330565459],[128.23300577890387,36.98160734521371],[128.23480172031785,36.98114251432526],[128.23709886386553,36.985585175073545],[128.2393017436532,36.986355293193846],[128.252859732621,36.98761668011686],[128.25631762802914,36.98671239702244],[128.25756773320722,36.98839665830317]],[[128.24211647553798,36.96934440148267],[128.24214809631098,36.96910131876264],[128.24238168830612,36.96940169372999],[128.24211647553798,36.96934440148267]],[[128.32496459068264,36.907902407363174],[128.32233709660179,36.90738806999906],[128.31941509389705,36.90598319274576],[128.32150605680283,36.90651297943146],[128.32137484281216,36.90608847250766],[128.31924153177573,36.90593079900796],[128.31863720835045,36.90549208273886],[128.31932602989235,36.905740976625964],[128.31927297321664,36.904868254791985],[128.32095243858578,36.90590411758979],[128.32136957157837,36.90492384183062],[128.3205552527653,36.904129702509856],[128.32192831435603,36.9040941590513],[128.32191852489498,36.903913861415255],[128.3165779766888,36.904401569378855],[128.31777214774638,36.90519247463722],[128.31761783444847,36.905540833206736],[128.31138536260409,36.90332902996839],[128.3097540906892,36.904449507375396],[128.31115986083313,36.90174696063939],[128.31224712312962,36.90174574882504],[128.31075381822367,36.89997555163105],[128.31152597359772,36.9004670409202],[128.31272272048056,36.8991137870786],[128.3117102005649,36.89866933460324],[128.3135718290239,36.89856706951107],[128.3118127519737,36.90042021017714],[128.31240941695555,36.90175819701708],[128.3122377561835,36.90231938105748],[128.31367631891158,36.90178815377144],[128.3131043844386,36.90178141808653],[128.31290902327737,36.90169555819331],[128.3137628986131,36.90144960890995],[128.3139969467931,36.89972689494702],[128.31391627420265,36.90179581453856],[128.31487228617544,36.90157185733965],[128.31454746747264,36.900283446571386],[128.31605772657824,36.900440647472735],[128.31602944244077,36.901169397895345],[128.31226996388747,36.90262975987545],[128.31623056307527,36.902331671571744],[128.3164045400615,36.90076511385887],[128.31706864633813,36.90225062914685],[128.31647611250713,36.903403664462076],[128.31953794795032,36.902798281233736],[128.3193139440479,36.90107010706553],[128.32044439630124,36.90060373643831],[128.32020951203432,36.902927383276534],[128.32382705413735,36.90325353515476],[128.3232602279439,36.903951227625235],[128.32441428244388,36.90437524926061],[128.32183374906984,36.904940698535704],[128.3225214047205,36.905924394325574],[128.3249178112235,36.90562541878597],[128.32215126593587,36.90653197955806],[128.32481384706907,36.90687519129748],[128.32496459068264,36.907902407363174]],[[128.30886534128507,36.896038861786955],[128.3054017367537,36.90164464958633],[128.3059620523402,36.903870749875836],[128.3074973848064,36.90442566089162],[128.30679810859556,36.90465374398129],[128.30560653925983,36.90403689870274],[128.30500093665233,36.90257262193269],[128.3057451414374,36.89706901295519],[128.30320570241037,36.89652887248935],[128.30193693050157,36.89724609691028],[128.30236950111464,36.89636095073236],[128.30052672839753,36.896079033465945],[128.30283407333116,36.8954345782732],[128.30141964199538,36.8941078769024],[128.30147600895123,36.892366939730465],[128.30524646662514,36.894079268634826],[128.30409418754962,36.890575444726366],[128.3019066404573,36.888883044766615],[128.30009603921923,36.88994433835134],[128.29981115834934,36.89141481407525],[128.29953392818146,36.890259577975485],[128.29720759930572,36.89130444073674],[128.29735485867175,36.89246161934132],[128.2971516474224,36.89289157024222],[128.29582236397135,36.891374405208175],[128.29471185494717,36.89232230103913],[128.2949975324342,36.89316778522204],[128.29252383035572,36.893790300922504],[128.29272153843178,36.89479653318646],[128.29223207520502,36.89352647019301],[128.29148279560823,36.894356154221924],[128.29132840437669,36.89362292755771],[128.2905773844893,36.89335617466031],[128.29101462554212,36.89384354695727],[128.28990685583278,36.89462563623481],[128.28936510579447,36.89346630606275],[128.28702529262193,36.89364080321473],[128.29203697308674,36.89257340289853],[128.29069604864026,36.8912568602786],[128.29095074033046,36.891939108436496],[128.28969608513668,36.892361987535885],[128.28773693730972,36.89175047274795],[128.2880768242896,36.88959784997197],[128.28985406750442,36.89002885701827],[128.2875842804963,36.88860356755208],[128.28977711479837,36.88725390992605],[128.2906664411733,36.887577699888574],[128.29042221493052,36.88838396959361],[128.2896787609383,36.88771165184741],[128.28931218515004,36.88774102909087],[128.29041933991766,36.88901693002417],[128.28974535285343,36.889012714338165],[128.29067173411107,36.8911376468747],[128.2926262925662,36.8921394766296],[128.29323114441974,36.89187685147931],[128.29300966455116,36.891495323517645],[128.2923907215382,36.89178876040553],[128.29187724010467,36.89142368948456],[128.29321077181535,36.8906674543477],[128.29130917411288,36.888739728892766],[128.29317314475463,36.88882319231582],[128.29329789519792,36.89181039939221],[128.2972379783614,36.88999191336643],[128.29712168723486,36.88928180845504],[128.2933758596076,36.88890729882247],[128.2914654852157,36.88762878309907],[128.2952397912198,36.88860589892918],[128.2943347870879,36.88789757099231],[128.29536234479465,36.88715898833884],[128.29450677393888,36.88686373797383],[128.29785940459954,36.88569967888685],[128.3016408362365,36.885869117873895],[128.30459072387714,36.887251807759135],[128.3035505089021,36.88638099579753],[128.30465033502463,36.8862420713772],[128.30527938311505,36.88485277711724],[128.30753890548687,36.88568170895756],[128.30840265790698,36.88634422842872],[128.30740477352785,36.88720154358832],[128.30961232699315,36.88747967592825],[128.3084342548981,36.88904007654525],[128.3096705487704,36.89131841126193],[128.30886534128507,36.896038861786955]],[[128.27844534927056,36.87551125994779],[128.2749139677309,36.87577547166025],[128.27363638986918,36.87389063445892],[128.27553996661854,36.87222661112353],[128.27311070237053,36.872246151354375],[128.27436163320257,36.870518745928116],[128.27343004162765,36.86861992792209],[128.27185985977468,36.86873996473534],[128.271804477255,36.86757878693641],[128.26960015915768,36.869285530564675],[128.2683255992914,36.868334862461694],[128.27115091274817,36.867304630494075],[128.26930267374146,36.866857129415266],[128.2694184230132,36.865831805718486],[128.27058248031776,36.86524480011473],[128.27141705869118,36.86687218133611],[128.27245958032006,36.865791017737806],[128.27178579701533,36.86711376233374],[128.2732732941634,36.86839160861619],[128.27508989666654,36.86778162232667],[128.27424859399545,36.868812985950356],[128.27592776688132,36.870124680073445],[128.27716866674675,36.86995728360826],[128.27633772510865,36.869953707779665],[128.27655942689984,36.86819430388768],[128.27862226554026,36.87049458187188],[128.28230886192392,36.87155176920604],[128.28015464883143,36.87230054597156],[128.28053621439247,36.874159346311146],[128.27974020674978,36.872934901425175],[128.27848536666284,36.87352047883435],[128.27844534927056,36.87551125994779]],[[128.29942850505262,36.87575017747986],[128.29420241011726,36.87495639406718],[128.29520723053875,36.87385736995714],[128.29438949196228,36.87274351448995],[128.2930751000236,36.87351802360006],[128.29353695796203,36.87467872083075],[128.2928709473041,36.87506310618004],[128.2923656334448,36.874818756840504],[128.2933145425844,36.87476443997453],[128.29264252246065,36.87373071092635],[128.29359702886865,36.87312792166967],[128.29075005691274,36.87200251697332],[128.29292914802127,36.87152682032701],[128.291085951863,36.86915679986328],[128.29349874763673,36.8691257738865],[128.29492889248357,36.8702692619035],[128.29469060304086,36.87131811298849],[128.29657343951396,36.871414991086766],[128.29630981388743,36.87223662094632],[128.29697839422357,36.872226932358785],[128.29583763048927,36.87336592065622],[128.29938579194913,36.87363450480776],[128.29840572680214,36.874477137168924],[128.29942850505262,36.87575017747986]],[[128.26858373406174,36.86040635557761],[128.2715549154666,36.859855229492545],[128.27104352077268,36.85922226230617],[128.2761329977389,36.85646680268804],[128.27559865935524,36.85519692250114],[128.27714029259297,36.85636472497788],[128.27983937849697,36.856194979461634],[128.2801256171572,36.85401696400714],[128.27888274836465,36.853589611616165],[128.27753514171246,36.85419459587724],[128.27720548229254,36.85385271920789],[128.278652896138,36.853238658810795],[128.280091208967,36.85060984951384],[128.28115846360637,36.850696517917356],[128.2808330700277,36.84900763615618],[128.2825765539055,36.84799551252838],[128.28172217798237,36.84658621872905],[128.2842386581065,36.847098876847866],[128.2869564982695,36.84481791425457],[128.2889249793201,36.84407198340764],[128.28360781559897,36.85380037407924],[128.28687354687446,36.85294933112396],[128.28721484942213,36.85399882355449],[128.28783800052838,36.853633079689274],[128.28629604402892,36.855844939020194],[128.2805740692004,36.85679056467658],[128.27604376080137,36.85872088986224],[128.276039178363,36.86001658235388],[128.27515684066228,36.85886536608773],[128.27341428305408,36.86033681524764],[128.27221554867432,36.859774259070015],[128.2702514265275,36.86046942990395],[128.2706216598782,36.86103670863412],[128.2685731553954,36.860902323965306],[128.2678894653577,36.86196517912708],[128.26858373406174,36.86040635557761]],[[128.09501790039815,36.83500575502357],[128.09294160848654,36.832572821188364],[128.09387938178975,36.83160739645282],[128.09442284582587,36.833447176343725],[128.09499456197096,36.833718227738004],[128.09344485713112,36.82730732626011],[128.08969591410693,36.82478756389509],[128.08641978711705,36.8246850460474],[128.0876692976511,36.824542579590904],[128.08746329849617,36.823896457384215],[128.08462084604102,36.824268390477364],[128.08328306549342,36.822708233801464],[128.08638357535665,36.823191793883154],[128.0896793885968,36.82137103485716],[128.09352086848585,36.8230416237559],[128.09265732658076,36.822190980353724],[128.0926049629162,36.82129095402067],[128.09327795785964,36.820733816497125],[128.09279361231532,36.82182705439212],[128.09408661104376,36.82228647744874],[128.0933513826136,36.8212674062508],[128.09576236533718,36.819422593097194],[128.09478107143923,36.81887436194653],[128.09525871570986,36.818089505537806],[128.0975014301486,36.81857362213192],[128.09840267617517,36.8177585877261],[128.09817599080162,36.81963597536356],[128.09967889637363,36.81976729178358],[128.0988680294976,36.82074699047494],[128.09742929459915,36.82063239082392],[128.09748667307906,36.8218094252255],[128.09717397547143,36.8220757668543],[128.09688730711173,36.81844554351887],[128.09430917772946,36.822782418863575],[128.09510091140297,36.82354475903533],[128.0937982197003,36.823733213819125],[128.09435430295306,36.82596503876711],[128.0955473710991,36.82605463360973],[128.09439304561252,36.82719251512891],[128.09373582259957,36.826662552457066],[128.09454310786106,36.82763868093789],[128.09463261692784,36.827989098450146],[128.09361398479004,36.82672627697964],[128.09322357778544,36.82679686483099],[128.09422792784142,36.82836807198785],[128.094118036971,36.829568449581146],[128.09638367555638,36.83044028245425],[128.09597350807562,36.83398114003184],[128.0969296288202,36.83358228593494],[128.09501790039815,36.83500575502357]]]]}},{"type":"Feature","properties":{"id":"bukhansan","name":"북한산국립공원","year":1983},"geometry":{"type":"Polygon","coordinates":[[[127.00844873508915,37.6412712112567],[127.00934559756855,37.64053211691657],[127.00760198638096,37.64087349074124],[127.00832179023928,37.63922046674864],[127.00536547092075,37.638816205122],[127.0055202566741,37.63664665487788],[127.00460412688042,37.63609533829827],[127.00544005105408,37.63376629414001],[127.00889060371554,37.633784309460815],[127.0098255496677,37.63010437148191],[127.01233844075233,37.6298096400861],[127.01118496608233,37.628098879974374],[127.00888947449158,37.627952581005324],[127.01066797721698,37.62697703112311],[127.01056544812619,37.62464679975446],[127.0096115380971,37.62433030908777],[127.01139296417105,37.62424989698811],[127.0108867881398,37.62315312190095],[127.0116630824427,37.62298819613103],[127.00751127397811,37.62192562992272],[127.00518035317423,37.622661862259136],[127.00612162255347,37.621833069627336],[127.00437911135214,37.620385006451414],[127.00409803587297,37.6189172189135],[127.00303331315729,37.618800944124345],[127.00217514917713,37.6224615355012],[127.00107853746927,37.62207608655125],[127.00222678348506,37.621885980354854],[127.00094857312364,37.619914315435715],[127.00204973041716,37.61862711904901],[127.00065288534199,37.6195506330032],[126.99915027232473,37.618914150888976],[126.99903791092328,37.620511579479746],[126.99722077714904,37.619288138526514],[126.99909489567509,37.615058745049545],[126.99712233945532,37.6142151350949],[126.99894624453854,37.61357587062698],[126.99920401512931,37.61281681567559],[126.9983422732653,37.61305688208205],[126.99920101974185,37.61188405616992],[126.99500332352612,37.61262142640378],[126.99320976091016,37.61387572293503],[126.99216794068896,37.611983870564096],[126.99113118061744,37.61194126878794],[126.99223504683522,37.61161526805],[126.97990089394298,37.611781506063394],[126.98232008094585,37.612927450537825],[126.97831395144406,37.6177213734508],[126.977302705264,37.615279475953606],[126.97651805598255,37.61631782812459],[126.9770222180415,37.617806453120004],[126.97483754131794,37.61735284892022],[126.97303337824192,37.61549028946317],[126.96815279318187,37.61404251021446],[126.96725020599644,37.61544490982504],[126.96391170896493,37.6146204671832],[126.96308103838048,37.61346436916441],[126.96179268211132,37.613921047824704],[126.96210941812143,37.61588210934263],[126.96134245672272,37.61618873404133],[126.9599418309314,37.615456868974796],[126.9603695596083,37.6152034469771],[126.9599868887775,37.614451263771805],[126.95866606476537,37.6148098053313],[126.95924549291128,37.61328358100259],[126.95703335337224,37.6137040937244],[126.95774460849695,37.61430232323768],[126.95634499908722,37.61458631641536],[126.95709353210097,37.61486030985488],[126.95579410204444,37.61655121542033],[126.95396277121974,37.61665007739586],[126.95367629462541,37.6176033502533],[126.9530670816078,37.6170868415633],[126.95433566870173,37.614790277883635],[126.95244915914685,37.614089131054484],[126.95284314112203,37.61271194611063],[126.9544912023836,37.61272224611796],[126.95491783020515,37.60937730506608],[126.9527697690868,37.60934994844638],[126.95432370058352,37.60803030057158],[126.95450561580189,37.60875298614907],[126.95550538796546,37.60850150171193],[126.95583197885972,37.606976842305194],[126.95436425160409,37.606917991564075],[126.9540205804603,37.60653454604328],[126.9558740286691,37.60675436094484],[126.95498123747565,37.60405308143427],[126.95309848575913,37.6029601365231],[126.95428163746284,37.60133490044931],[126.9533272677202,37.60131869133861],[126.95682896710844,37.59900856092605],[126.9564690453483,37.598228091211105],[126.95580524761284,37.598803169842725],[126.9552475491786,37.597272340101796],[126.9523811415504,37.596568426375086],[126.9514357941336,37.59772905467755],[126.95215537591046,37.5993940727679],[126.9511926232689,37.60026176009099],[126.95270647644878,37.604366435301074],[126.95062668263607,37.60687572986745],[126.9465013482554,37.60882968633727],[126.94537031818724,37.613415137369856],[126.93360503861875,37.6143516264597],[126.9345883497505,37.61693400964595],[126.9360495932466,37.6169026032332],[126.93660104069951,37.61786326327464],[126.93677152020508,37.61967730023658],[126.93537605208171,37.618893574834736],[126.93421453887929,37.621470621952675],[126.93556755766674,37.62162203000855],[126.93552335122229,37.622552870208494],[126.93676871525979,37.62317229022191],[126.93878927513863,37.62998655683631],[126.93494997654292,37.629061754159885],[126.93338799410606,37.631147024500876],[126.93915733544185,37.63267539050623],[126.93891863714713,37.63388816079381],[126.93641975412389,37.63416827399412],[126.9373800957272,37.63540453639144],[126.93669999435622,37.6359917645446],[126.9382717880297,37.63744505620899],[126.94043102407618,37.63699525476971],[126.93994465798147,37.63931348715633],[126.94150816136091,37.63963161664949],[126.94081404594849,37.6405157505983],[126.9436323999414,37.64082863417054],[126.94020236969023,37.64347562966816],[126.94070349818962,37.64443519472955],[126.93880022654473,37.64687951282012],[126.9396478177333,37.64723444745879],[126.93824492333943,37.651599530235316],[126.93982723694545,37.65236937078231],[126.94081902212753,37.65124899261862],[126.9399231080744,37.65278811476136],[126.94106469529609,37.6528053247203],[126.94405730726548,37.65153352028735],[126.94454507489885,37.64939610232756],[126.94716889008401,37.64950576421309],[126.94451285891151,37.65307384139072],[126.939979924176,37.65367008151922],[126.94059036120123,37.6548381792913],[126.94280019731364,37.657252947119176],[126.94790202517528,37.65877368023861],[126.94790817944978,37.65722868288478],[126.9510924172652,37.656051132271436],[126.95051480728776,37.65659116021508],[126.95137865488213,37.65923122873061],[126.95323614268341,37.66015591672742],[126.95061901132841,37.66161622156126],[126.95272682229567,37.66231891823769],[126.95155407865599,37.66311620361334],[126.9520486660639,37.66375509748973],[126.95345683412722,37.663700878871886],[126.95324117892389,37.665413462294396],[126.95638176368905,37.67331169301783],[126.9557937985464,37.674173808155864],[126.95785045091863,37.67482740143685],[126.95685012787334,37.67558560498682],[126.95851251698637,37.67831461126952],[126.95983572670436,37.678773841501396],[126.96009692325504,37.67788792914923],[126.96024856624197,37.67790134345619],[126.96056753531485,37.67924604420782],[126.96143202053102,37.67896415918653],[126.95941921896448,37.679803856466485],[126.96221575851689,37.68327329234572],[126.96137320103517,37.68383836200088],[126.96169252571468,37.68730919820687],[126.9640686771581,37.691366835860016],[126.96261704180822,37.68854939376822],[126.96455249034433,37.691021810708534],[126.9687028592611,37.689721884139615],[126.97074983951156,37.691404519060065],[126.97082191173592,37.692785534300505],[126.9724288386672,37.692747902348486],[126.9724655152917,37.691998972003745],[126.9739690961008,37.69261854185084],[126.97218566378497,37.69414790300286],[126.9756631945593,37.69578667787098],[126.97601240069297,37.699777893939924],[126.98033033836292,37.70149317030298],[126.9758566449061,37.700874902406284],[126.97527881381369,37.701523253710555],[126.97644090158437,37.70165248951037],[126.97803233056402,37.704610846282094],[126.9800951525947,37.704547939404215],[126.98158378396538,37.705942221742724],[126.98284059070154,37.705371259293216],[126.98217838511744,37.70761853390628],[126.97874288093362,37.70707877265197],[126.9789460841358,37.709443371441985],[126.9755406839513,37.70783314591848],[126.97390444717419,37.71080316123046],[126.9754303428075,37.711648049680676],[126.97506244150878,37.712467583442866],[126.97716989149107,37.71339706968608],[126.97879509511326,37.7157892058768],[126.97810309632055,37.71627229494018],[126.97937875790653,37.71704171504217],[126.9810480269776,37.71466311335573],[126.98350053391545,37.71393710293443],[126.98252853303521,37.715826122077324],[126.98109547438372,37.71637433644803],[126.98147365437613,37.71785557073073],[126.98512259616315,37.71782056440083],[126.98754210174685,37.719532124185996],[126.99141064005777,37.71852806936113],[126.99172527450634,37.72079544650286],[126.9898297908961,37.72170704078918],[126.99310148835329,37.72159080708517],[126.99208370543415,37.721877283924336],[126.99259619552534,37.7224133955676],[126.99082991149191,37.72501378667629],[126.9971204081472,37.72621170230507],[126.99838751469997,37.73172127008384],[127.00432989506216,37.73590045732187],[127.0121050051852,37.73594400104432],[127.01302087967473,37.73460626523812],[127.0147272640178,37.736247252643814],[127.01583818791879,37.73639043012126],[127.01645837642504,37.735235995019],[127.01664270798116,37.73688022796656],[127.0172880664184,37.73580011477056],[127.0192183436158,37.738415163195],[127.02031840950717,37.73825732458387],[127.01986728623953,37.73761292835892],[127.02082660747568,37.7368078195236],[127.02278748797899,37.73867669929827],[127.02611827874323,37.73857711665898],[127.02713299935046,37.738201846540484],[127.02540120263117,37.735038260592376],[127.02758532087994,37.73799161603865],[127.03203177566846,37.73240315056539],[127.03199046850527,37.730181104793445],[127.03385422322755,37.72814255690333],[127.03631903725385,37.71790501826552],[127.03864901768789,37.71304301824308],[127.0377961940607,37.71229420611201],[127.03951859628513,37.71107223095118],[127.03966008304015,37.70841393611465],[127.03866846821947,37.70804518460703],[127.03968875733267,37.70787515601158],[127.03970920419205,37.706456658367415],[127.03877043540751,37.70669613445196],[127.03949089620528,37.70730986872925],[127.03930775499971,37.707572966529995],[127.03606025159547,37.70666535349719],[127.03568115948183,37.707929610464916],[127.0341262615388,37.70579298451346],[127.03858684841137,37.70596599496695],[127.03799302636577,37.705113243515136],[127.03873992740176,37.705034842011344],[127.03974569087683,37.70592034022189],[127.04003255390015,37.70244704322211],[127.0388609438766,37.68778377985281],[127.0350972116976,37.68564108171457],[127.0356534140829,37.68517244285553],[127.03888173920329,37.68676305530369],[127.0410091603235,37.68633962724632],[127.0394240152976,37.68568721398212],[127.03917197797738,37.685207888819974],[127.04081125334183,37.6855530563573],[127.0401290130699,37.684934495370825],[127.04159953867553,37.68496752067852],[127.04256483381462,37.68386493970859],[127.04245102053983,37.68098890266609],[127.04082601804662,37.679737510999885],[127.03946718133227,37.680402420455884],[127.03757348367465,37.67958903960929],[127.03695480023939,37.68041002413178],[127.03621524710246,37.67972413672837],[127.03559120537199,37.68049068456231],[127.0355926586789,37.67920526833155],[127.03445447563125,37.679099277126106],[127.03623769406072,37.67826662884971],[127.03349903023825,37.67793206129697],[127.03286101863578,37.67947478560551],[127.03288869563059,37.67763003957812],[127.03200521326052,37.67686642788798],[127.03133336892061,37.6783337411529],[127.02917115534156,37.67984258400434],[127.02853083498965,37.67920449847801],[127.03126700059998,37.67763253174638],[127.03124130328048,37.67715159962037],[127.02987088055654,37.677319878169605],[127.02943379386964,37.67676471362766],[127.03301985383654,37.67602870809733],[127.03404587824886,37.677430701892014],[127.0351009808507,37.67691552776513],[127.03733485308311,37.678301844208484],[127.04056944253489,37.67840378439876],[127.04326099176893,37.67674827190413],[127.04130047903674,37.674152995439805],[127.03914401358732,37.67399980086001],[127.03966266882276,37.672863524715424],[127.03823514356831,37.672885871223286],[127.03926644411338,37.671096852925096],[127.03707838502135,37.670176010715934],[127.03606427354754,37.67065209800937],[127.03554062206702,37.66925918402115],[127.03384586730505,37.669218396451306],[127.03420444446594,37.670407940715194],[127.03336616768081,37.671285717804764],[127.03060665619773,37.671500633600374],[127.03071364371394,37.670853454485204],[127.02838622972003,37.670284949663845],[127.02788845020982,37.66888210336659],[127.03146688863389,37.66644312646822],[127.0305468282983,37.665498713197096],[127.02875585341954,37.66664965621028],[127.0294053270911,37.66492372939126],[127.02870006413772,37.664353657113246],[127.02698651999917,37.66575385312272],[127.02625525208065,37.66414850100097],[127.02745779134189,37.661858391536285],[127.0243936679011,37.661520395837826],[127.0245278164963,37.6627323131551],[127.0229278112528,37.66254728397965],[127.02263861972106,37.6642850455168],[127.02131649835091,37.663281408545934],[127.02064606508483,37.66396463737808],[127.01767271051112,37.66310834590326],[127.0230119383339,37.662030082564655],[127.02251469938298,37.66091335213425],[127.02073100377955,37.66195770469137],[127.01785318918648,37.660222411615145],[127.02086422588602,37.66129420561706],[127.02162427282634,37.660587895085285],[127.01872210127203,37.65875288902123],[127.02220847014836,37.6596686201137],[127.02126990841946,37.657752772474666],[127.01876566236368,37.65741998105534],[127.01242508072674,37.664300566043046],[127.01150874286266,37.66699275742952],[127.00931622268766,37.66770902520308],[127.00778365352946,37.67176358142909],[127.00684140513981,37.671954311129184],[127.0072402410742,37.672412101957455],[127.00696831853236,37.67277234128585],[127.0060222173128,37.67240707664564],[127.0058157023482,37.67463639961122],[127.00523123477082,37.67390370718563],[127.00399284040773,37.675950268263456],[127.00341539999633,37.67450770287293],[127.00557347459366,37.67194549419575],[127.00383965798532,37.671034025748384],[127.00754110641532,37.66919744400902],[127.00728872005492,37.66815791414007],[127.00942902984512,37.66657369981664],[127.00842875240927,37.665976058422444],[127.00988332605954,37.665691162925356],[127.00674910131363,37.665018047905924],[127.0062149284215,37.663119987947674],[127.00790935695257,37.6624955353413],[127.00676826345317,37.661945547209086],[127.00605226416438,37.66267365378127],[127.00531115126394,37.662363294344075],[127.00659415859336,37.66159066108114],[127.00567495338836,37.65994030550472],[127.00803009051371,37.66117978629777],[127.01011447866274,37.66107366581413],[127.00959796955156,37.659714575413375],[127.01061876426702,37.65900354092551],[127.00961595955444,37.6583946468377],[127.01038833394857,37.656831741472494],[127.00966238263194,37.65697705066354],[127.01047187703266,37.655123054442065],[127.00920549603167,37.6557658361824],[127.00778253623795,37.65440866625473],[127.00968340630375,37.65336666233368],[127.01126875427435,37.64981444631638],[127.0071986841569,37.64677563041492],[127.00629589247414,37.64785540040728],[127.00388179836109,37.646896251163476],[127.00219169210943,37.64544177963793],[127.00519474802604,37.64539792603649],[127.00347856612932,37.642515997171394],[127.00229004572631,37.642245960905264],[127.00321412904749,37.64070699247046],[127.00452095744406,37.64082990498461],[127.00413001680062,37.64234535547472],[127.00568379403165,37.64123652357858],[127.00844873508915,37.6412712112567]],[[127.03268664457286,37.68537501840189],[127.03424716693394,37.686127986936],[127.0340118371926,37.68671233140746],[127.03210241254344,37.686125789344466],[127.03268664457286,37.68537501840189]],[[126.95053850359237,37.654825922426426],[126.95082949446797,37.65507614041293],[126.95018119522013,37.65512326034707],[126.94683741087451,37.6580336444902],[126.9475701705601,37.656837956346116],[126.95053850359237,37.654825922426426]]]}},{"type":"Feature","properties":{"id":"chiaksan","name":"치악산국립공원","year":1984},"geometry":{"type":"Polygon","coordinates":[[[128.05502774620157,37.43738832170312],[128.0540017335982,37.435213072704435],[128.0551835900523,37.43532741733328],[128.0544213741365,37.4337620187561],[128.05690226541375,37.43467050402302],[128.05789192049554,37.43405269857596],[128.05609835972567,37.433432549274926],[128.05622135712474,37.43306475743804],[128.0581498741334,37.43377237736479],[128.05659960336624,37.43274060972853],[128.05781355704366,37.43254061808324],[128.05720374683193,37.43155592801434],[128.0554685553483,37.43138665174567],[128.05742400837397,37.43070852531197],[128.05711874503828,37.42790517501934],[128.0552210717266,37.425273668766884],[128.05184359168126,37.423078707845434],[128.05089265418442,37.41853688795349],[128.05251554650678,37.42065797650447],[128.05535960247278,37.419966311295546],[128.05411260418396,37.42051772461768],[128.05452433483413,37.421070263229645],[128.05268277067722,37.420937890872715],[128.05396197892716,37.42403196894093],[128.0549347268068,37.42440307247485],[128.05476080115054,37.423486317089704],[128.05620338205918,37.42338532215614],[128.0563972702337,37.424602046432085],[128.0574804814358,37.42459778092684],[128.0562903218651,37.42476716656478],[128.05816837013552,37.42523980003902],[128.05947789715088,37.42727647261583],[128.06108373875776,37.42699187679509],[128.0607442889643,37.42526160642869],[128.06197725565917,37.425273281492565],[128.06148714243741,37.426279952976756],[128.06638513693062,37.42514573206713],[128.06699439909312,37.42607626808506],[128.06969785591573,37.4248891289914],[128.07080949863374,37.42536681366852],[128.0699286106686,37.42652147808263],[128.0679299336046,37.426583587137685],[128.0692142143769,37.427533306189254],[128.0664388937192,37.430278521690894],[128.06957115411436,37.43065181979828],[128.06788031542175,37.43271264430487],[128.0711783587066,37.43084851852412],[128.07506179133856,37.4305362012796],[128.07747041827056,37.43258460301496],[128.07885145862153,37.4321023754439],[128.07853893682952,37.430621694780186],[128.08028239549725,37.429535971062215],[128.08136965435187,37.43059221130401],[128.0820076947836,37.429715235225],[128.08341390109166,37.43007608604579],[128.08278677570857,37.431373197930384],[128.0867931547221,37.43234608642177],[128.08819552051784,37.43390229839603],[128.0930737785258,37.433371092601746],[128.09536875692484,37.43419392396793],[128.09609946315695,37.43378156988752],[128.0949960362567,37.43297399334921],[128.09626247450933,37.431992646439795],[128.09858476141105,37.43270686910648],[128.1045384097842,37.431850556322786],[128.10692309763093,37.42995279233281],[128.10698478095154,37.426424430688385],[128.10820320550212,37.42680071623438],[128.11001035982443,37.42523877716169],[128.11001037255215,37.424024676580835],[128.1122597722758,37.4241323655458],[128.11317202805913,37.4229539911233],[128.11302637258973,37.4221618069141],[128.1124283072001,37.42112711817241],[128.11225061723195,37.420156982005125],[128.11153074251231,37.418789476689874],[128.11156473479235,37.418542606114954],[128.11466141878867,37.42256910807805],[128.12019815218244,37.41902692909485],[128.12268558461096,37.41854036563901],[128.11651629149762,37.417967997283114],[128.11395086310947,37.41675135482042],[128.11314698053596,37.414053095961606],[128.11423861422693,37.41319541188079],[128.11625320577897,37.41417100205422],[128.11780804135427,37.41172422383688],[128.1163914050806,37.40993841338017],[128.118347270148,37.410094957021734],[128.118343920971,37.41116192337438],[128.12246472755803,37.41278820742688],[128.11919491282654,37.41193788488637],[128.12101737485798,37.413012108646676],[128.1249178417259,37.41265996843711],[128.11948428041603,37.41330579009255],[128.12140287378054,37.415148731016416],[128.1227980742875,37.414413624614774],[128.12588797994596,37.41524850116895],[128.12874939230932,37.414487469835656],[128.12809321564347,37.41373459765923],[128.12907128142746,37.41330277404476],[128.1276490831347,37.41287381140224],[128.12606236591728,37.412737831313784],[128.1247216161298,37.414412897435895],[128.1208358563925,37.4133207417889],[128.12484662678722,37.4129784521116],[128.12438857222318,37.41317819627836],[128.1242702445482,37.41359219706445],[128.1269628675836,37.411265138236544],[128.13084035649854,37.41138335349091],[128.13055842155612,37.41040736792751],[128.13149384283312,37.40986738322066],[128.12939709245072,37.409362667772406],[128.12843459406287,37.40635045762494],[128.13216889779008,37.40834263738004],[128.1353977360629,37.4067178728847],[128.1374919375753,37.40424350741974],[128.1359250923231,37.40398507201469],[128.13761082985158,37.40265488192358],[128.13572824974307,37.40153774598336],[128.13662891411698,37.40111314385152],[128.13593492221702,37.39966725562145],[128.13139191745148,37.39794409856372],[128.13113152525594,37.39700729459947],[128.128359338469,37.397983547900715],[128.1283434768065,37.39914538978241],[128.12780950927745,37.39789116493855],[128.12468839352766,37.397810154285516],[128.12365554749374,37.39902155621584],[128.1225989581451,37.39866485784912],[128.12229282154638,37.40019857825629],[128.12130031008368,37.40009758662478],[128.12117704520392,37.39860007325327],[128.118002504795,37.39982893103963],[128.118780257696,37.39852506260313],[128.11825219015412,37.39736563850766],[128.1220974425783,37.397781130406024],[128.12265726551084,37.396740204483734],[128.1278124556379,37.396303090303796],[128.12814510751346,37.39483036514317],[128.1297810016915,37.396767332570484],[128.13299561690266,37.39720345717604],[128.13379658581243,37.39584566063365],[128.13761299028127,37.39769474719901],[128.13734204639286,37.398592938154955],[128.1398557004569,37.40260694438922],[128.14237361923355,37.40354126746064],[128.144678051918,37.39553051280464],[128.1455907416215,37.39489843192637],[128.1448340499089,37.395066051299516],[128.1470284107044,37.39308810926221],[128.1495749854758,37.3923282466966],[128.14766952581144,37.392380664305634],[128.14581857231664,37.39103850185661],[128.14294496231057,37.3928864535495],[128.14433185915962,37.38920854100695],[128.14298004674535,37.38866256417089],[128.1425959195832,37.39226947972709],[128.14120052165288,37.39184482448014],[128.14043580603587,37.39275265471566],[128.13981941670318,37.39211544470093],[128.13884973628276,37.393037626974454],[128.14010461414117,37.389200208604606],[128.13702721457383,37.38896938357539],[128.13538684575792,37.3900029052301],[128.13488453317896,37.38963978938052],[128.13632335172795,37.38772224627123],[128.13506975481044,37.387184421948255],[128.13530976097758,37.3854693262184],[128.13283591788777,37.38518340125921],[128.1298564203927,37.38634074845493],[128.12840630197294,37.38747304093799],[128.1286645215897,37.38842993273078],[128.1276588550344,37.387619271394904],[128.12725860710665,37.388331244989466],[128.12854893449662,37.38899062686502],[128.127762583481,37.3887186382068],[128.12469655242552,37.390964187110484],[128.12347358498172,37.3893694578494],[128.12628305198177,37.38884723401163],[128.12642960834157,37.38635285523296],[128.12779348376668,37.386693233376356],[128.13367874417955,37.3834155059519],[128.13317483289285,37.38179685182535],[128.1304004981945,37.38155294678564],[128.12887493786906,37.3838683785752],[128.12668518016238,37.384733441099115],[128.1273594842809,37.380914962269415],[128.1258655622549,37.38062313449911],[128.12505111465256,37.38332713149064],[128.12145056430154,37.38468706389964],[128.12271246085982,37.38227319989046],[128.12073880293175,37.38137938304021],[128.11710329336697,37.38442480772311],[128.11716678083846,37.38339519115881],[128.11656098994575,37.3841922462448],[128.11575055322496,37.38351857057059],[128.11753547345933,37.380811185784886],[128.113819457836,37.38171639772118],[128.1109930166622,37.38085356870967],[128.11061160379552,37.379419550955056],[128.11043965006712,37.38125175064657],[128.10919615986893,37.3807608196297],[128.10843131459845,37.382285762387],[128.10667287583482,37.38298152608808],[128.10662534564185,37.384199616499636],[128.10602005822525,37.38322634693267],[128.1066884281994,37.382647228044505],[128.10468213046602,37.384158404361344],[128.10432303157978,37.38513724568689],[128.10226166177767,37.385897420620424],[128.10186196906707,37.38684253051843],[128.09976871215412,37.38734287525404],[128.10061217683105,37.3873342636796],[128.1009916017268,37.38820878796355],[128.10007328091774,37.388049823168544],[128.10199083334103,37.39005502668918],[128.10041942766517,37.389559492309246],[128.1002104863586,37.39034483803822],[128.09971100261808,37.38945771384787],[128.0991233845075,37.391030780024245],[128.09701706521915,37.39235991184832],[128.09453052038214,37.39174366508695],[128.10032263630225,37.38554580043233],[128.09952219526593,37.384251017149076],[128.1007761768931,37.38518233409518],[128.1026490927435,37.38352463408277],[128.10202119514372,37.38198477269476],[128.10370791601275,37.380052975220764],[128.102243083966,37.37961291109193],[128.1042132983626,37.37911117512208],[128.10298345115103,37.378854074206934],[128.10267091018184,37.378425724837626],[128.10466830750508,37.376543256659716],[128.1045324393826,37.37549586263502],[128.10715074934384,37.375921495380624],[128.10613985915583,37.37540162796813],[128.10746851617836,37.374082789467025],[128.1103940787359,37.373274575032475],[128.11055275068193,37.36971184366707],[128.11149029094088,37.369113459051825],[128.11046755620316,37.36827782296131],[128.11129478144127,37.36737602680086],[128.1082176250481,37.36640071525435],[128.11099447800748,37.3665834639356],[128.11268300199106,37.36477346470913],[128.11306583891974,37.36344655166985],[128.11131616805073,37.36316974256486],[128.11283813294978,37.362851411693306],[128.11251829869803,37.359501407203226],[128.11417976980442,37.359232722538636],[128.11372041903104,37.35710199542023],[128.1120336106898,37.356629278373084],[128.11393817123138,37.35672474175541],[128.11371227433267,37.35488958322716],[128.11463714536796,37.35374388485867],[128.11031445396594,37.35181295595294],[128.11292629364863,37.35014813001002],[128.1109338021232,37.347890385209766],[128.1117877714141,37.34555234450953],[128.1107092044164,37.34400436731237],[128.1126022434289,37.34477859526128],[128.1136662046965,37.34379409360582],[128.11553406862737,37.34396271458943],[128.1169395451475,37.34185422028616],[128.11815658207146,37.34237135865004],[128.1198303722245,37.33830551034084],[128.12397754790416,37.3358948699748],[128.1232722607241,37.334044024281695],[128.1211834360316,37.33312865672364],[128.12126081848498,37.32839093508614],[128.11859245683098,37.32045326497304],[128.11963359477218,37.320758972625676],[128.12114235989378,37.31888651050035],[128.11980261780914,37.3186362448329],[128.11919647838928,37.31267986314126],[128.11782789262665,37.31171923109607],[128.11931195184576,37.30893252823307],[128.12096232180298,37.308554893875574],[128.12103405499795,37.306492260051705],[128.12210796341694,37.30616661579574],[128.12049726900608,37.3034548239419],[128.11744131273286,37.30385144594366],[128.10973608443254,37.29993433841928],[128.10855976512173,37.298804403827575],[128.10894745552727,37.29670014833837],[128.1071619994515,37.292763614601064],[128.10785800894806,37.28968259502293],[128.10912728597629,37.288481728355166],[128.10853592115066,37.28617427533929],[128.10896384086416,37.28383965368648],[128.11043492845832,37.282430450144766],[128.1104220267233,37.27924331037913],[128.11420261877,37.27830252992676],[128.11544845403048,37.276514398740346],[128.114592700523,37.273486137610355],[128.11554924866243,37.272476961642916],[128.1077800323682,37.264466233355634],[128.10964266235297,37.260431426513456],[128.11309413639918,37.257382370554154],[128.11557267384367,37.25290176070939],[128.11533976204782,37.250523726951776],[128.11387666202324,37.249597478733705],[128.11364867013918,37.24683590716394],[128.11009273196984,37.24374284191564],[128.10443332347097,37.24273212239412],[128.1019071761369,37.23969767764671],[128.09970969765254,37.24043790087317],[128.10060078289098,37.24260545627706],[128.09682008484282,37.240548750564635],[128.0922374855152,37.24096148032146],[128.09308986406265,37.241954374060086],[128.09087658469088,37.24127127669503],[128.0911531032019,37.243766159616136],[128.09024231380917,37.24402139181057],[128.0908357266506,37.24476261247307],[128.08972776805683,37.24478912697094],[128.0884910544264,37.24658469814233],[128.08920808835327,37.248399943244635],[128.08822508393555,37.24985087191403],[128.08901796012555,37.25059400231884],[128.08709187573,37.25151836557441],[128.0880467460128,37.252265216047896],[128.08557270905365,37.25154448024095],[128.08574327055737,37.25253475384176],[128.08485258920794,37.251802304349255],[128.08401194567472,37.25264303730436],[128.0831368448753,37.25537002588952],[128.08553150556833,37.25651346964663],[128.08411860854517,37.25639643819554],[128.08902099240046,37.257359387297136],[128.08616053416804,37.2570263111722],[128.0857706069521,37.25804404916529],[128.0831015701841,37.256593185103775],[128.08438821338973,37.25915415516127],[128.08590745548318,37.25919321018376],[128.08417063200721,37.26141768749576],[128.0869796159206,37.2637804268996],[128.08598602635618,37.26395923443702],[128.08688662183923,37.265654278845204],[128.08566365071337,37.26577074763803],[128.0865527432389,37.26591431116778],[128.08576072538665,37.268740426964975],[128.08657892668862,37.269909723660454],[128.08516967005843,37.27039940063435],[128.08538045371677,37.27310361445554],[128.08378731966863,37.27180521273302],[128.0822601415887,37.27196626073754],[128.08126508760853,37.27457691574815],[128.08547363592373,37.27822551158611],[128.0873773037067,37.28290358729215],[128.08974057499182,37.28359155644173],[128.08720259235454,37.28334202534689],[128.08528934598738,37.282056647419054],[128.08558039883798,37.28487277109206],[128.08423312135196,37.28584851197864],[128.08510416390087,37.28362227059494],[128.0839577454176,37.282062696311634],[128.0859568555273,37.280145680380336],[128.07965586504193,37.27602298684126],[128.0805133113661,37.27227962170351],[128.07987357084,37.271702818883384],[128.0776947332233,37.27686627484363],[128.07723149632295,37.2759006410504],[128.0759906744189,37.276281118351825],[128.0731354875145,37.27832479618327],[128.07520304076004,37.2767766488676],[128.0741099331227,37.27691169544967],[128.07458134898758,37.275931694942166],[128.07552317825048,37.27549163296544],[128.07546034188653,37.27659298860163],[128.0779148685416,37.27427103285201],[128.07876438403105,37.272320237033355],[128.07798589172808,37.271823520512385],[128.079630164238,37.27068844481215],[128.0812273737627,37.270840472209656],[128.0803859357745,37.269457445608694],[128.08116721150378,37.26911378009901],[128.08027892256865,37.26885197247519],[128.08091648595277,37.26846759136386],[128.07868600526103,37.267889441817395],[128.078349597953,37.26691457472211],[128.08396887492867,37.266039668722925],[128.08532244545802,37.26774980906331],[128.08557998998205,37.266707175378336],[128.08292627964929,37.26314331786386],[128.0822619565265,37.26459526925444],[128.0776036771435,37.263062317197274],[128.07886042534795,37.26299177331985],[128.07829635923787,37.262227096914316],[128.08079207798824,37.26332996333941],[128.0818927370726,37.26285730074191],[128.0814748143706,37.260804238133346],[128.08035714661452,37.26076381035333],[128.08148944423132,37.26003043129043],[128.0805369232017,37.25863134194942],[128.0793636486502,37.258695331874556],[128.08009911516575,37.257585638215524],[128.0785054797019,37.25707970473047],[128.08084019459272,37.256961677297156],[128.08060472948367,37.25518202902389],[128.07983427366327,37.25521216710046],[128.0814212285383,37.25159408333025],[128.07853407123284,37.251837976399536],[128.07847247176585,37.25386643098613],[128.07767424927263,37.252169008119424],[128.07621998357538,37.252862512795275],[128.07560460854592,37.254656254820944],[128.07444543549465,37.25412021287551],[128.0767394545646,37.2514221882834],[128.07926913296546,37.251456798580165],[128.08034367083727,37.250361828361555],[128.08152975999712,37.25087181255148],[128.08424772090504,37.24784013072445],[128.07639728626313,37.248934036019406],[128.07525720864314,37.24829861907156],[128.08430749280194,37.24688264162681],[128.08426658744142,37.24321086576158],[128.08215922958047,37.24284223998545],[128.08348299094718,37.24203156641576],[128.0835400370162,37.23944277366176],[128.08144815173418,37.233708289194254],[128.0809200352007,37.236025462016],[128.07912756940866,37.23579098461667],[128.07805007337538,37.23658441213728],[128.07823293813212,37.23789447054019],[128.07520680500184,37.23590975940067],[128.07447259741357,37.236896627350454],[128.07324731497405,37.2363734903506],[128.07344311495632,37.23724113680267],[128.0720237648725,37.2371718630322],[128.0702809680864,37.239090914126336],[128.068484257289,37.24226877684301],[128.06932024559669,37.242730166478374],[128.0681297884191,37.24324736007891],[128.06943347635806,37.2442015892589],[128.0675535436563,37.2439788666995],[128.06699956850056,37.24475125283622],[128.06948894738503,37.24561915741876],[128.0670902162972,37.24561379858402],[128.06925614876155,37.24674777185344],[128.0671934959967,37.24667474595301],[128.0674594167927,37.2492511703],[128.0685794223993,37.24985795487453],[128.06686546061297,37.25212379006549],[128.06669090584234,37.25407751558841],[128.0635336511641,37.2535345547496],[128.06261545047528,37.25222201912267],[128.0612942301694,37.25309592562745],[128.06082783143682,37.25029170870658],[128.05894799550325,37.2506559746509],[128.0597789740055,37.25131203927143],[128.0595104342291,37.25287730710639],[128.0583006352493,37.2536217711817],[128.0656083221357,37.25631071572043],[128.06300819405124,37.25645865432238],[128.06342127521444,37.25942954727093],[128.06194184689457,37.25951983342421],[128.0609894667726,37.257521948578805],[128.05942794695514,37.25713219476184],[128.05809564329286,37.25710978195772],[128.05795851916864,37.25903917964347],[128.05596765130147,37.258710288720145],[128.05565728428718,37.257155018514425],[128.05447544604954,37.25720413373051],[128.05518046221474,37.25576735941237],[128.05241038945866,37.25414230153989],[128.05201562003,37.25535783336095],[128.05331163200324,37.25861912998767],[128.0518197679635,37.26012361467018],[128.05176519486554,37.26167677073535],[128.05026696022676,37.26122802185732],[128.04960072049246,37.257223522085134],[128.04529083628032,37.261584784061306],[128.04421711087403,37.25991033436367],[128.04296011915818,37.25976798645498],[128.03514715986046,37.26216691931901],[128.03477279247798,37.26420759568658],[128.03371454264956,37.26423742194062],[128.0321238838068,37.267071740535485],[128.0313786676889,37.264042339245094],[128.0296191434493,37.26603542743855],[128.0317153257391,37.26804593895714],[128.03090618047963,37.26831331470283],[128.03150222816583,37.26991858372794],[128.02985874821513,37.272368342182794],[128.02831331805442,37.26801771301421],[128.02354048510384,37.26845535791789],[128.0223356944734,37.269654660273574],[128.02279456371377,37.270429718819244],[128.02219717211057,37.26981305142208],[128.0198474497429,37.2710761632104],[128.01866054890846,37.27287098661207],[128.0147337063931,37.274903688573026],[128.01694320993033,37.27644953304925],[128.01361194562094,37.27543809211713],[128.01139907584832,37.27626899628835],[128.00094467237932,37.28638953873677],[127.99497967319287,37.295662147357135],[127.99779156590344,37.297932877880854],[127.99981225064714,37.29821471829672],[127.99805359953463,37.29914038156898],[127.99416888671261,37.298586147704405],[127.99535607723205,37.30006670687148],[127.99324891226415,37.30172907433658],[127.99233189903669,37.30144949147562],[127.99274194644713,37.30270951164197],[127.99109794302804,37.30415522628005],[127.99183436678628,37.30526602795769],[127.9901882482389,37.30590958549417],[127.99198551887429,37.3075026476522],[127.99807326898345,37.308121445532734],[128.00004720009332,37.30944820937346],[128.00051256071535,37.30824337613666],[128.00155231819826,37.30908657460167],[128.0017633928296,37.30801942038079],[128.00268969791202,37.30890435828639],[128.00381508400855,37.30789663160823],[128.00435633571053,37.308669469372646],[128.00664464408985,37.30837878781894],[128.00562157711002,37.31004584815629],[128.00400550327447,37.31037109972696],[128.0042229665002,37.311593325761834],[128.00060868232643,37.31219008122881],[128.00220214627956,37.31312598320602],[128.00074973247152,37.31383738491029],[127.99625016665776,37.313159524464446],[127.9978606164935,37.314937443529885],[127.99893277999709,37.31487409228851],[127.99884627695597,37.31696185559764],[128.00042753284615,37.31591513738916],[128.00090216378086,37.31678797826504],[128.00240156929476,37.31646809185106],[128.00193195083298,37.31996041953634],[128.00396590412234,37.31956538011844],[128.00391543422782,37.32241064272726],[128.00545698523763,37.32082842632882],[128.00537585922962,37.318256496152024],[128.0093029714894,37.31818515612369],[128.01022613699215,37.31776194920419],[128.00986550645936,37.31642050560799],[128.01120476789282,37.31691077830329],[128.01182356549668,37.315746377844924],[128.01273689773734,37.31759482847102],[128.01412829788268,37.31758644532859],[128.01263330862756,37.320039399353746],[128.01264360325098,37.32243390299863],[128.0138873548848,37.32367153010632],[128.01100102831805,37.32389986063148],[128.01084183013293,37.325163878545666],[128.01133179992541,37.32617096183694],[128.01367689016834,37.32596829026439],[128.0139885564555,37.326824877124864],[128.01074898642491,37.328858060839664],[128.0084255274081,37.32861855972171],[128.00955502966522,37.330455691536606],[128.0076499105398,37.331234376779115],[128.01164805306564,37.33098624471682],[128.0106415494802,37.33449546056604],[128.01444451810954,37.333195240288084],[128.01260079596685,37.33677883070303],[128.01567547443142,37.337730649932446],[128.01292535535893,37.338644427624715],[128.01352044307706,37.34056850314947],[128.01597100788896,37.34072201969701],[128.01432357816108,37.34249818561133],[128.01578223184939,37.342059044167286],[128.01658853157264,37.34340643044593],[128.0187245546946,37.34272980260393],[128.0212158992588,37.34362416091153],[128.0182257686312,37.34519616646809],[128.018430786399,37.34623742940338],[128.0169918353491,37.346424491195776],[128.0180454449811,37.347479392532264],[128.01657503737312,37.347755349538254],[128.01578973347733,37.35104801190947],[128.01652981223293,37.35143009623334],[128.01576496232386,37.35206485882201],[128.01714185096648,37.35196977265947],[128.0161035099286,37.35479829768985],[128.01739343672992,37.35468325230806],[128.01810425077906,37.355905728339614],[128.0165523383951,37.357787138353714],[128.01773526798831,37.35812368596691],[128.01544177001125,37.35842915078596],[128.01654248570281,37.35978481135739],[128.01470221493125,37.36110212022216],[128.0171309250751,37.36146761538948],[128.0216821479105,37.35983984294522],[128.02100562534153,37.36053069832301],[128.02152365958707,37.361460031901174],[128.0201592122857,37.36125924877098],[128.01898874233888,37.36229702876441],[128.02106326113565,37.36278111659337],[128.01884027368985,37.36329776459062],[128.01872655515677,37.3645738756167],[128.0148890057163,37.364879705775394],[128.0136768168454,37.36634183085203],[128.01408113595022,37.36764504633231],[128.01930102708013,37.36615699347076],[128.0212955448477,37.36768530119364],[128.01743073129677,37.36786322737814],[128.01795713336296,37.36858839339497],[128.01695617322943,37.36940851991548],[128.01791543731326,37.369914475576664],[128.01575910245154,37.37149876285719],[128.01701341988783,37.37368353341522],[128.01502384725822,37.373556854891106],[128.01424218011314,37.3743999585737],[128.01593495083813,37.37502863871862],[128.0190331852754,37.373737720372205],[128.01998236727718,37.371868943044625],[128.02033727024312,37.37285053572107],[128.02115062109615,37.372481030246625],[128.02200038468885,37.37409434514198],[128.02038696992327,37.376419564027664],[128.02122832030716,37.37773656102676],[128.02054890742122,37.37814142459969],[128.02376965872782,37.3764874914333],[128.02319816150893,37.37871287839785],[128.02514450564428,37.37918125739787],[128.02252102126508,37.380498519537966],[128.02374170898028,37.38149276254436],[128.02259256567717,37.38204745101776],[128.02159395045322,37.381323619880675],[128.01987640130568,37.382962497413665],[128.02046921633894,37.38360026747253],[128.0229949649594,37.383142410783215],[128.02138760136194,37.385111080308],[128.02504011434465,37.38591722322011],[128.02256454301374,37.386339407431535],[128.02338596857714,37.38663650126131],[128.02275115880835,37.38706272862318],[128.02323188281053,37.39012671022993],[128.02098624726324,37.38705837911199],[128.01815242152065,37.38791501630631],[128.0185221655299,37.38900034961092],[128.01745740623687,37.38988607677333],[128.0152019494367,37.388534285078414],[128.01628827098526,37.39041053288603],[128.01500584999872,37.39394285680888],[128.0182251125976,37.393363581339365],[128.0188213619806,37.394911016851346],[128.0176277825017,37.39558962130307],[128.0189700560176,37.395977391215474],[128.01531931516047,37.39692834235635],[128.01634740130672,37.398876607829195],[128.01458967278168,37.398907691478925],[128.01483669181277,37.40071115084816],[128.01659294966186,37.40114419968335],[128.01489524771972,37.40269035539337],[128.01811434532613,37.40166852321627],[128.02156622076544,37.403725918243275],[128.02227678933934,37.40667143088836],[128.02126585276676,37.40872404083441],[128.0232368557558,37.40734574229134],[128.02385764668952,37.40829834590574],[128.02526828248838,37.407868162742],[128.0256184489706,37.40918026528148],[128.02390379402496,37.4101185245372],[128.02764831938293,37.41118915763212],[128.0255800869207,37.414914495480254],[128.02622953054842,37.4170270944696],[128.02982721111673,37.417453027186795],[128.02940801935955,37.41949759243287],[128.0307169037476,37.41955186551438],[128.03013572636445,37.4207746725684],[128.03471347123966,37.422958237854225],[128.0348207115897,37.42393991867846],[128.03822078982856,37.42419418041569],[128.0378404680741,37.426614168725635],[128.03695922416205,37.4269606141731],[128.04112294902058,37.430344278241975],[128.04336087654724,37.42823313969856],[128.04240951934793,37.427337241700556],[128.04470141409004,37.42578640270327],[128.04456358002233,37.427207030179765],[128.04547025745435,37.4264655639885],[128.04437531232807,37.428865480871266],[128.04692649591664,37.430439141451096],[128.045698559121,37.43217176619658],[128.04706068031268,37.43297496803983],[128.04557923757218,37.43355857495104],[128.04780366682104,37.436141803570024],[128.04910518160798,37.43686397950823],[128.0523901966084,37.43628607342874],[128.05161803553318,37.43625419802529],[128.05208021723587,37.43476000535698],[128.04885435023755,37.435412266134286],[128.04991013540732,37.43401458466446],[128.05194849787785,37.434255319681625],[128.05023721125056,37.43132913639688],[128.0525777382105,37.43290472665282],[128.05183826905602,37.43343799209737],[128.05419702401815,37.43711638694154],[128.05502774620157,37.43738832170312]],[[128.05221616244384,37.419299994600756],[128.05164117218453,37.41802628724392],[128.05135202381967,37.41622268177876],[128.05288433649207,37.41742443636108],[128.05221616244384,37.419299994600756]],[[128.04995861034206,37.41394147880312],[128.04932160929826,37.41656365770992],[128.04870561078806,37.41579754766799],[128.04862630081766,37.4146017256558],[128.0496460440874,37.41429899922023],[128.0483902358284,37.41252167778716],[128.04995861034206,37.41394147880312]],[[128.0501161462584,37.41400133870961],[128.04947267094357,37.41284421963879],[128.05048018724122,37.41387907272325],[128.0501161462584,37.41400133870961]],[[128.0166447365701,37.350621134454705],[128.016980562568,37.35042765787845],[128.01674889941458,37.350743008648855],[128.0166447365701,37.350621134454705]],[[128.01686006745277,37.349963757252354],[128.0171058780707,37.34970019049119],[128.01712374663123,37.34980095634033],[128.01686006745277,37.349963757252354]],[[128.0871751430546,37.339783811307186],[128.0877046247469,37.338759834039834],[128.08681854862112,37.33846638982406],[128.08370097089212,37.339807831038485],[128.08429145108033,37.33910256428785],[128.0836496777457,37.338400418556134],[128.08874881678415,37.33705448872282],[128.09084993926467,37.33465431007791],[128.08949653622298,37.33512107453771],[128.08838529940863,37.33702183470852],[128.08711760465687,37.33704934941923],[128.08664488291618,37.33549115091325],[128.08773321033593,37.336090524167936],[128.0894610258688,37.33409066074986],[128.09155566033317,37.33380829398343],[128.0909297718458,37.33308402096216],[128.09226418254855,37.332361897094835],[128.09035974758348,37.332924190650175],[128.09167387646932,37.332089024740455],[128.08878633170198,37.331565763233186],[128.08651379011178,37.33277060568949],[128.0847332777616,37.33203604271039],[128.08147063432244,37.3327716805295],[128.07997641898288,37.33431786002831],[128.08004876800973,37.333209725237666],[128.07648359005074,37.3343510018755],[128.07558377964955,37.33346112014058],[128.0735252295245,37.33386553717729],[128.07274824555563,37.331199025932705],[128.07523917346361,37.33139286141925],[128.0755715797309,37.33046365297802],[128.07354235720092,37.32934141514216],[128.07145131609803,37.33036567546699],[128.07245273843503,37.3297793634352],[128.07138086708594,37.32862564896315],[128.06598382876513,37.32897680654616],[128.06471708642408,37.32738966172771],[128.06759413704117,37.32654453591185],[128.0664670910315,37.326012139925986],[128.06407309055083,37.32163482927482],[128.0661215144351,37.32104263515019],[128.06583821214818,37.31928416345176],[128.0670687948225,37.31855875746266],[128.06703651395557,37.31990819494276],[128.06890187149747,37.32003847751824],[128.07157275436495,37.32354914988669],[128.0723889570036,37.322750701597336],[128.0723371773683,37.32357543551627],[128.07362612821294,37.323815401862824],[128.07133611227633,37.321042004322486],[128.07295912126952,37.32027438332251],[128.07453220794025,37.32134494955237],[128.0751448207588,37.323613187753985],[128.07426133676253,37.32390744091293],[128.07689109317155,37.32457640402844],[128.0753345237781,37.32379068095162],[128.07697131844938,37.32336609264637],[128.07836148741876,37.32565173145538],[128.0817707759522,37.325764756015886],[128.0824044058522,37.324230956992594],[128.08342110902106,37.32474143287587],[128.08306320142768,37.32558705198949],[128.08522976681215,37.32515409106197],[128.08559884903036,37.32369106368015],[128.0836455471535,37.32189844530177],[128.08531931431583,37.32165856486826],[128.0852574257889,37.319506862442594],[128.08634064107596,37.31831024090902],[128.08564817295658,37.31612171942259],[128.0862847919837,37.31631498446957],[128.08658290728576,37.315023177193375],[128.0877087452701,37.31623151009218],[128.08711275009594,37.317099824716394],[128.0889421605976,37.317913562463],[128.0874450707875,37.31868744406696],[128.0877837934668,37.32149243875317],[128.08871321358978,37.322476984022074],[128.08949939012362,37.32153960994552],[128.09116116457864,37.3222134349466],[128.08946422159121,37.32384317874957],[128.09089518708834,37.32530574962941],[128.08981539355338,37.32588260261908],[128.0909530803987,37.3279089828188],[128.08987803574095,37.328669581248725],[128.09118261296433,37.330159755911964],[128.0921451447517,37.3297722225804],[128.09189611770057,37.330499456610234],[128.09291773125048,37.32974642995221],[128.09312459240388,37.330637011218975],[128.09605489845353,37.327958940769854],[128.0930788500667,37.32241931102561],[128.09583441772736,37.32221851771049],[128.0947829060792,37.32089411715483],[128.09618818489216,37.31947279860124],[128.09526138039055,37.31876545719381],[128.09623811533157,37.31914145074258],[128.09584508082074,37.31718703411394],[128.09811156976264,37.31692088483854],[128.0999623230049,37.31427955157457],[128.09859191653496,37.31304058266345],[128.09999426988503,37.31371834788716],[128.1010626596781,37.312196836429166],[128.09913198652706,37.31635672467156],[128.09810995714642,37.31705525436317],[128.09735811202978,37.31710352969474],[128.09711614802205,37.32052530625378],[128.10165487709847,37.320772634237926],[128.10211817990455,37.32166288370022],[128.09671853690816,37.320740718083776],[128.09580171733575,37.32257753725244],[128.09436806292817,37.32287588539914],[128.09700487671554,37.326886062529596],[128.0961185262444,37.327941066803085],[128.09836959520499,37.32813228805813],[128.09630482343178,37.329219038536046],[128.09640221799904,37.330481817476596],[128.09488724742084,37.3316318746442],[128.0963607500225,37.3331677099739],[128.09488896547734,37.33377815474224],[128.09707307197556,37.335586323880186],[128.09726117138632,37.33452356668534],[128.09839217081742,37.33543615856123],[128.09752521083513,37.33614159706039],[128.09816088227268,37.33788959912928],[128.09708287541676,37.33671086092738],[128.09445040462322,37.33639353067982],[128.09311903720473,37.33486760359953],[128.08987557811878,37.33628971924455],[128.09057025287723,37.33729725414097],[128.08999551614926,37.339418478914396],[128.08798389053126,37.34066993306659],[128.0871751430546,37.339783811307186]],[[128.10557696995087,37.25731089712024],[128.10350524417493,37.25489356583269],[128.10430912565653,37.25434045571999],[128.10387814832484,37.252755709649136],[128.1026670537403,37.253164945708335],[128.10337902318207,37.25158497362618],[128.10093333166614,37.249168255608055],[128.0971672113239,37.2502278275589],[128.09850148737928,37.2517437172241],[128.09742629492277,37.25383260515713],[128.09596090996135,37.24989369643032],[128.09164579697207,37.248585839196586],[128.08920989284593,37.24687433400363],[128.0981530276802,37.24899636819785],[128.10210809310334,37.24731150396345],[128.1111233570939,37.2471142150974],[128.11024212754282,37.248545956561536],[128.1088795845208,37.248831718825784],[128.1105985682376,37.24973754996553],[128.10618847372672,37.24891744645094],[128.10681077789536,37.249961952624815],[128.1061022566129,37.2503115002003],[128.10263844815685,37.248498044196936],[128.10433003630396,37.250609408960564],[128.1048669559009,37.25539775568089],[128.10662837656278,37.256545147255764],[128.10557696995087,37.25731089712024]],[[128.10475352831983,37.256498522284296],[128.10469944841418,37.25730351413536],[128.10417227759254,37.25673332587414],[128.10475352831983,37.256498522284296]]]}},{"type":"Feature","properties":{"id":"dadohae","name":"다도해해상국립공원","year":1981},"geometry":{"type":"MultiPolygon","coordinates":[[[[127.79832930071076,34.61078859536463],[127.8084325999155,34.59665101926602],[127.81232266916506,34.51664767401355],[127.9072148114646,34.417174309084515],[127.90382492892722,34.41371822435017],[127.80369258474445,34.408028471695594],[127.78547583853056,34.41319269077421],[127.78145096430866,34.45178070212898],[127.69471803118847,34.538199452003056],[127.72985205488224,34.572616619852504],[127.72909616976789,34.579465928296045],[127.70887732267796,34.59213740001291],[127.72657797478935,34.59940511686558],[127.7625487083312,34.58223487631584],[127.7736386753464,34.591612540384276],[127.7836121770979,34.594839797717796],[127.78555832827242,34.59634058363902],[127.7857329306508,34.601816416699],[127.78784535525214,34.60201913032791],[127.78687901231912,34.602963729618324],[127.7876173687753,34.60382528994116],[127.78835866498329,34.602616158268624],[127.78983719636715,34.604153780900255],[127.79157181094838,34.603341200639235],[127.79060244718498,34.60249091195452],[127.79289947826018,34.60211383064897],[127.7934454845572,34.59939933275079],[127.79708209649468,34.60060034414102],[127.79576073317426,34.603738744678516],[127.796861308734,34.603708408815564],[127.7962115023054,34.604506323477445],[127.79677726193009,34.60984880371551],[127.79832930071076,34.61078859536463]],[[127.8119256020234,34.49159712006262],[127.8108859845166,34.49004901334607],[127.80920176186687,34.48976119334789],[127.80857484719873,34.490525035433514],[127.80928864434394,34.49156844695829],[127.8081630614727,34.490870736742565],[127.80874148410919,34.490131077781115],[127.80739377946345,34.49071283677155],[127.80357869333882,34.489362567212794],[127.80257766384952,34.49044418872115],[127.8020062320045,34.48885444281722],[127.79773920116506,34.490543970873844],[127.79828822068886,34.486133414113986],[127.8017856544054,34.48650293920532],[127.80167781685392,34.48525058589813],[127.8029722202954,34.48415193954992],[127.80143689682062,34.48350615094761],[127.80251038569278,34.48364005659638],[127.8031759042296,34.48254846733321],[127.80811720890387,34.482799792097474],[127.81030820683266,34.48135155972271],[127.81162760180912,34.48246083714162],[127.81110279818749,34.48372266555969],[127.80759730580675,34.48522971761323],[127.8084650258759,34.48568149857623],[127.80791378713151,34.48701681033762],[127.80956809886598,34.4883210289402],[127.81086877841278,34.488749169447445],[127.81155396068709,34.48773955141908],[127.81180243460271,34.48879420935515],[127.81311261721959,34.487707917074076],[127.81504766069,34.48799793676513],[127.8148032582041,34.48744960528097],[127.8153931531194,34.48669577558981],[127.81566255670593,34.48790336467217],[127.81632708211201,34.48680570869948],[127.8169149579807,34.48753192086447],[127.81802920980692,34.48685990697796],[127.817955117585,34.48766088263894],[127.81897553932778,34.48633569487055],[127.81956074385457,34.48654551461651],[127.81900175031271,34.48803229266781],[127.8141619996752,34.4885533280269],[127.8119256020234,34.49159712006262]],[[127.80137218052373,34.442028705302945],[127.79990295290628,34.440239027821626],[127.79815346725705,34.44058225561117],[127.79819107096162,34.436972809305054],[127.79674343708051,34.43763899639158],[127.79614367923395,34.43642077260492],[127.79726685144766,34.43350970634347],[127.79644637101374,34.432396870517735],[127.79748596227971,34.43108760328927],[127.79513744413985,34.430584769022715],[127.79391076354936,34.42835418861165],[127.79707293898919,34.42845976782292],[127.7970932194607,34.42759204354788],[127.79623184587831,34.42758280682419],[127.79603321532814,34.42748886118765],[127.79597226638752,34.42731913886334],[127.79725134648447,34.42646881271409],[127.7962351750481,34.42583460136311],[127.79785401128076,34.42610575909592],[127.7986602180441,34.42731956734575],[127.79788510582527,34.427944820799226],[127.7993727389639,34.428634167192065],[127.80004420855036,34.42669040677423],[127.80182926291732,34.427978143546085],[127.80437576235038,34.42720677200823],[127.80439273328689,34.42953322905851],[127.80648357532749,34.430655709414125],[127.80464849584943,34.43218632718997],[127.80542368484203,34.43292585932847],[127.80429425369877,34.43320542223653],[127.8054111311912,34.43402911267672],[127.80529253927314,34.437680234293744],[127.8035858422949,34.43740681599309],[127.80431270744019,34.43858748945347],[127.80372049886076,34.43962177295145],[127.80114421459173,34.43904948399785],[127.80385262379927,34.44022791082393],[127.80221358523167,34.44061128040073],[127.80165679381317,34.44176283229623],[127.80092626358795,34.44120621034625],[127.80137218052373,34.442028705302945]],[[127.79923149428552,34.599526282524295],[127.79881005523256,34.597983592837124],[127.80292884017157,34.5943580116292],[127.7991832246157,34.59489373441267],[127.79969968310282,34.59242617876619],[127.80292316018041,34.59389587932873],[127.80474197265282,34.59326617569129],[127.80562904510684,34.596579269817795],[127.8050395225789,34.59721854617255],[127.80261291182333,34.59535431146017],[127.80055850768383,34.59721431505663],[127.80054974733515,34.5993556737379],[127.79923149428552,34.599526282524295]],[[127.79796242445444,34.45617440000856],[127.79751029668007,34.45288693369575],[127.79853020554869,34.45259708669396],[127.79800508255879,34.45149957651523],[127.79998799432023,34.452132028775964],[127.79876310162703,34.450628822291556],[127.79923379425044,34.449895964155274],[127.80026910089077,34.450147428340586],[127.80119389192264,34.4488151096804],[127.80156263523865,34.45029786384908],[127.80438973836694,34.45093757973488],[127.80383114453275,34.453634705829835],[127.80166356383467,34.45306339915738],[127.80112757409016,34.45489704753323],[127.7994067928457,34.45360767566263],[127.79787178492269,34.45453989919495],[127.798541287855,34.45503345774135],[127.79796242445444,34.45617440000856]],[[127.79891129398682,34.479430959228594],[127.79947714420226,34.48167899641281],[127.79810849087066,34.48043812825479],[127.79122208242721,34.48091824762371],[127.79308556877598,34.47797531600984],[127.79242635947924,34.47708822781843],[127.79665378934332,34.47632134832467],[127.79826997329951,34.47722268553017],[127.79824094942613,34.476236480634086],[127.80010726655038,34.47625239660332],[127.79891129398682,34.479430959228594]],[[127.79109759190598,34.49635864672903],[127.79048367358827,34.495522915824566],[127.78816059182695,34.49620059780986],[127.78930589329627,34.49411846817855],[127.78840648428265,34.494766779508346],[127.786768176185,34.49411013160432],[127.78775904091036,34.49321922960789],[127.78716905539332,34.49237346833685],[127.78886236534004,34.49214842624759],[127.78943380984028,34.49046755582719],[127.78783413567218,34.490253314419775],[127.78851074568665,34.489031243826155],[127.7868406025801,34.48819521790294],[127.78956082056574,34.487301484359165],[127.7912577011602,34.48972099357182],[127.79568536512589,34.492802556574304],[127.79515830239556,34.49399692294638],[127.79583653375039,34.493511082809],[127.796244593045,34.49481287779322],[127.79294312681385,34.49535161642604],[127.79201685162246,34.494262367225346],[127.79069224872129,34.495234533216475],[127.7915078389508,34.495135387352214],[127.79109759190598,34.49635864672903]],[[127.76526972294602,34.51729729899933],[127.76352770598291,34.517142200587415],[127.76392431598654,34.51643161379263],[127.762318384991,34.51549942499759],[127.76309170760439,34.514263578766254],[127.76198301875834,34.51446327435642],[127.76169642453475,34.51295470717573],[127.75858439233978,34.512770321418074],[127.75890955452195,34.51210414732984],[127.75792203257689,34.51173987178737],[127.75738170060741,34.51276624943867],[127.75659620406351,34.512633929053074],[127.75697154403515,34.512401402914456],[127.75705276906956,34.51174847858211],[127.75605460930602,34.51269872576286],[127.7562849494813,34.511951221982244],[127.75468464678181,34.51178647604687],[127.75800413738595,34.51100455941195],[127.75587258667217,34.50890099129679],[127.75642566688106,34.508517887812104],[127.75494216646811,34.5094505081321],[127.75322894511095,34.50857481020942],[127.75362644393027,34.50809821550959],[127.75255292328173,34.509248636937144],[127.75351123361995,34.50992957103916],[127.75122255518657,34.51027140559219],[127.752300816624,34.509467357668726],[127.75050631507517,34.506853038671245],[127.75078583818052,34.50597610472145],[127.75331951864365,34.5063301130346],[127.75243464786041,34.507186915380856],[127.75334452043498,34.507570454615106],[127.7542846758947,34.50589940130021],[127.75360412460009,34.504936400990196],[127.75489190688626,34.503750425383764],[127.7547158202995,34.50468185849667],[127.75839953734537,34.50755573383665],[127.75896751075322,34.50673817480158],[127.7571049028145,34.504174043344584],[127.75930816022758,34.50487352163484],[127.75963120356798,34.50597926788049],[127.76039458835564,34.503657075805876],[127.76140670641288,34.50343304547311],[127.7619546554201,34.50491052178374],[127.76123992430527,34.504602778700786],[127.76004438159195,34.50732532271559],[127.76115946075609,34.50689770843177],[127.76291353664935,34.50788551185268],[127.7639389454443,34.50727567664063],[127.76331780537515,34.50562487126742],[127.7648290096424,34.50795711076658],[127.76619177732636,34.507848773237455],[127.76525607314063,34.506653778240704],[127.76594932975266,34.50609816775218],[127.76549116620937,34.505059762974895],[127.76850854382282,34.50474883159812],[127.76766860363898,34.50399027133334],[127.76929510328424,34.504154215759],[127.76989565564871,34.5032727331897],[127.76857571977482,34.50267181817012],[127.77053283615074,34.50204152622834],[127.76827442667394,34.50044366870051],[127.7702934721835,34.49995383947923],[127.77021391124175,34.498967055728286],[127.77074763220612,34.49917847867499],[127.77095195198952,34.49891258811144],[127.77117425354697,34.499014472997644],[127.77157600191443,34.4987214125351],[127.76988561474687,34.49741106365327],[127.77181276186977,34.49626296288237],[127.77121696837162,34.495376749762634],[127.77540669684917,34.49658598313354],[127.77768891824054,34.4947143104792],[127.77767812361141,34.49616347186314],[127.77873566110185,34.49575213597519],[127.7791018476476,34.49706591226044],[127.78063049693476,34.49665821231435],[127.78110142227209,34.498150697401016],[127.7833723792199,34.498531224971074],[127.78019864121332,34.50017926601327],[127.78010471608584,34.500978831753464],[127.78303053022213,34.504129515213954],[127.78646375987309,34.50383165869324],[127.78701830927551,34.505617154930235],[127.78406358863913,34.50629171407904],[127.78379383643176,34.50559119816958],[127.78187511361863,34.50680421794055],[127.78021359664895,34.505161801738986],[127.77995801565429,34.50660325407676],[127.77915452805559,34.506053113547495],[127.77867543994246,34.50708070064285],[127.77681312101068,34.50570453331067],[127.77600799767161,34.50659896562987],[127.77238530595581,34.506624584008385],[127.77142496593797,34.50763908874927],[127.7712048048306,34.51157286739534],[127.7722670165155,34.513255162655184],[127.77035763408287,34.51272479317681],[127.76886787565155,34.51351712251077],[127.76980449493703,34.51454864871232],[127.76808763287859,34.514505504324305],[127.76611102188001,34.516205227581956],[127.76644765555572,34.514701009659994],[127.76549457837349,34.51390352809387],[127.76409393351251,34.515105132208866],[127.76523377996497,34.51577051547875],[127.76526972294602,34.51729729899933]],[[127.78274970722394,34.59192623571278],[127.78074729052717,34.59184724897131],[127.77971521303333,34.589561198973925],[127.78050672523925,34.58910275756865],[127.78029270119305,34.5868941095772],[127.78301112866698,34.58683541017035],[127.784975598556,34.588387228388456],[127.78472346903527,34.58927495053966],[127.78350561228515,34.588952619775704],[127.7821703912125,34.59012720551777],[127.78274970722394,34.59192623571278]],[[127.75493897332386,34.544260113059],[127.75648474215983,34.54134386091646],[127.75512223098696,34.53990801539549],[127.7559186227617,34.53928319996455],[127.75546267864212,34.53833524421416],[127.75699454906687,34.5385468771995],[127.75962380203923,34.53672943851908],[127.75933764092298,34.53571547667477],[127.7601621233832,34.53604905737452],[127.7593922272527,34.53499100972626],[127.76057990232684,34.5353505024107],[127.75993518255676,34.534587426600474],[127.76116669711067,34.53426916163115],[127.75966729374132,34.533383910229084],[127.76095547444284,34.53322743395712],[127.76006225005763,34.532357868484404],[127.7628164110753,34.5328803473988],[127.76072420138972,34.52978674554194],[127.76200213995747,34.529975321764226],[127.76191515880042,34.528917632356325],[127.76304140520354,34.5292197575145],[127.7630648792496,34.52841364158584],[127.76374517015,34.52925261368292],[127.76438793507144,34.52858988759928],[127.76491987784021,34.529405764905235],[127.76671169895133,34.52923101534],[127.76709760723394,34.52810851059102],[127.7657200735253,34.52743276138197],[127.76612159121404,34.526394462491325],[127.76827550472292,34.526458968282626],[127.76893404786802,34.52551738220934],[127.77004477148878,34.52576915936735],[127.76946081310557,34.524925533908764],[127.77017122514987,34.524393346470596],[127.77111996623795,34.52487456217955],[127.772894106701,34.52393153482723],[127.77167265176851,34.52468202337561],[127.77310113979055,34.524675746381135],[127.77034305691002,34.525934035628545],[127.76893288385985,34.52831089864725],[127.7694625387565,34.53158029841778],[127.76688498019242,34.530463233711075],[127.76358726104311,34.53283438956214],[127.76248558061252,34.53451110288692],[127.76360342656079,34.53464308556759],[127.76275490668917,34.53686319971978],[127.7632725284723,34.5378727698201],[127.76018318158617,34.53804610152364],[127.75914094191741,34.53952680701304],[127.75945868976774,34.5413310616013],[127.75809526525725,34.54153832512372],[127.75812479598869,34.54332810667061],[127.75493897332386,34.544260113059]],[[127.75942271675771,34.58202356845547],[127.75294885717493,34.579423930697835],[127.75397324757519,34.57708285906444],[127.75590659407732,34.57718579112819],[127.75843147531931,34.575792004432415],[127.76026513671313,34.5776137596899],[127.76195957910504,34.57759209926219],[127.76223952294555,34.578915188164615],[127.76106736052411,34.580086915848575],[127.76202686724386,34.58125227185326],[127.75974742988335,34.581151552207295],[127.75942271675771,34.58202356845547]],[[127.74981386824699,34.52405833513001],[127.75308965819701,34.52567664391651],[127.75495088286272,34.525726950266275],[127.75498982276108,34.52487969778087],[127.75695315852712,34.525724820698706],[127.75603409112176,34.52601793830336],[127.75695798698759,34.527172517733376],[127.75556470185045,34.52656800073519],[127.75645799664348,34.52912158820413],[127.75780583254017,34.52942488685964],[127.75654970265543,34.529883892444936],[127.75740434322677,34.531073492098706],[127.75393642143172,34.53015059825747],[127.75224204381013,34.52604363354447],[127.75143890458543,34.52675547947819],[127.74957489704289,34.525440217195474],[127.74879278713775,34.52624896503788],[127.74815898755656,34.52577673857679],[127.74885829632495,34.52676551133185],[127.74788306853466,34.52793561583545],[127.74665115059143,34.526983593387975],[127.74765609850434,34.52688582825322],[127.74719921228056,34.52597254912338],[127.74792116759761,34.525804161328935],[127.74662986221573,34.52595085730236],[127.74524726404663,34.52655599892807],[127.74532141630478,34.527504374686906],[127.74706340622554,34.52909002467158],[127.74587618008255,34.5287021296447],[127.74628859151345,34.53113068485675],[127.74714723412352,34.530744837402665],[127.74705008331586,34.53147133664891],[127.75075886059524,34.53262784963439],[127.75366184819116,34.53169173542952],[127.75258280880712,34.53244846645963],[127.75437291298621,34.534549587794096],[127.75330278870766,34.535170841671196],[127.74978876153534,34.53412230412473],[127.75012465929545,34.5332783729786],[127.74825479064017,34.5320601576401],[127.74633714845474,34.532714580785466],[127.74559474356835,34.53165146469968],[127.74372542080783,34.53145429560746],[127.74456415228784,34.53128971664346],[127.74461010788818,34.53115857772328],[127.74367613244094,34.530238911547755],[127.74440451136437,34.52995489895217],[127.74332731939509,34.529807167779026],[127.74455760655391,34.529580598872116],[127.74361231292453,34.52762848632301],[127.74268590846565,34.52823931758262],[127.74208150959957,34.526236265992544],[127.7395960922112,34.525481793920875],[127.74009187606575,34.5262424815179],[127.7388375277229,34.525459820902206],[127.73714080958322,34.52616506725702],[127.73724941298373,34.529023777128394],[127.7356554935484,34.528953080544944],[127.73572743419092,34.52976345817111],[127.73366406538025,34.52947235514297],[127.73300807509807,34.527668728101226],[127.7314106248991,34.527825812657326],[127.73114807647951,34.529808392372374],[127.73301013966514,34.53370867459671],[127.73207445487957,34.53318542086877],[127.73239907089453,34.53366769507384],[127.7322939898478,34.534093903090934],[127.7314791648849,34.53291507471339],[127.7305161303342,34.53327954831355],[127.731427497661,34.53209956076058],[127.73026619791509,34.53150138085089],[127.7309822193387,34.53060830374349],[127.73016139686605,34.52901119722953],[127.72892283398441,34.528924696737526],[127.72949661340634,34.52797026799043],[127.72858534756766,34.5284095603211],[127.72885891080278,34.52730382470172],[127.72754218725889,34.52674104987202],[127.73161268694552,34.523708410091345],[127.73268928408432,34.52493336820313],[127.73248797886306,34.52431646665128],[127.73367495153872,34.52458732843483],[127.73367441171598,34.52584218419085],[127.73918086728706,34.523569834650324],[127.74473280095125,34.52613431779756],[127.74762171481966,34.52407583018434],[127.74592861209342,34.52338382771387],[127.74622569268016,34.52251536234069],[127.74474850560607,34.52103176638278],[127.74875037673414,34.52262249035999],[127.747484223811,34.52006417860604],[127.74792312938087,34.51915590019078],[127.74941241626237,34.52102936623852],[127.74867914256319,34.51995079530806],[127.75201909741119,34.51974365955495],[127.749632762313,34.521373126222976],[127.7504390838945,34.52180301256411],[127.74981386824699,34.52405833513001]],[[127.75696206888335,34.5510666302926],[127.75073767217566,34.55052541088862],[127.75085204843786,34.5484100465446],[127.7524644069159,34.548784315422665],[127.75267994059274,34.547425200794805],[127.75380146476228,34.548606644770075],[127.7553383485715,34.54766622619575],[127.75702309269406,34.54832236511915],[127.75696206888335,34.5510666302926]],[[127.74399293192232,34.50351661253242],[127.74471452785677,34.504897851079704],[127.74576745711235,34.503747145062334],[127.74726043609343,34.504027226492305],[127.74628216393067,34.50533013734192],[127.74783042027683,34.50590173684272],[127.74626852185116,34.506479690132906],[127.7457249554599,34.50834024360922],[127.74927169547692,34.50879216567105],[127.74921490318212,34.5095708838375],[127.74651572987176,34.50942437089056],[127.74580282376112,34.51067091416342],[127.74275656796475,34.510192275620014],[127.74282980472785,34.51224474251993],[127.74397677885196,34.5125215715853],[127.74292408157876,34.51283436950855],[127.74340085624675,34.51377741075751],[127.73993743775124,34.51276645517184],[127.73697667321251,34.51430363213979],[127.73712353728389,34.513617422065956],[127.73567313606324,34.513209239397824],[127.73817916860179,34.5128945903057],[127.7395743258773,34.511599096914296],[127.74142029296696,34.51240233896899],[127.74239891460373,34.511671879567174],[127.73676771316512,34.50839135694436],[127.73744434508285,34.50695401582815],[127.74161489439619,34.50788540183662],[127.74112379969621,34.50739022272438],[127.74259051371538,34.50649084325585],[127.74360746995492,34.507271370977904],[127.74408754854625,34.50641811274387],[127.74307572122056,34.50621740828061],[127.74356012691392,34.505320569761366],[127.74283102376405,34.50485950049657],[127.74399293192232,34.50351661253242]],[[127.74052335266805,34.55289225076591],[127.72727851381272,34.54995037403693],[127.72760631428912,34.54924712957367],[127.72575444273015,34.54912448435904],[127.72539829746373,34.54707475734652],[127.721430029852,34.54439068635045],[127.72055355128938,34.54271158116303],[127.72370743323533,34.54083298459433],[127.72368609984093,34.54258780878868],[127.72414222016447,34.54176653799917],[127.72500540009227,34.54269122406326],[127.72408461748384,34.544209414636875],[127.72608458813107,34.54622979673301],[127.72672227830307,34.54576164324069],[127.72874834275103,34.54717819066343],[127.73043309690553,34.54663468298406],[127.73026691061614,34.54744609734901],[127.73286824929323,34.54804595901679],[127.7326433688482,34.54893154509475],[127.73603715209374,34.549126964535624],[127.73914958933985,34.55163443552471],[127.7427754679956,34.550321228095186],[127.74231527372395,34.55185237599158],[127.74052335266805,34.55289225076591]],[[127.74033954891424,34.57521888994326],[127.73773580671912,34.57268110461524],[127.73830439029129,34.571443644797036],[127.74126715438062,34.57252793865764],[127.74023300236058,34.5735067119948],[127.74033954891424,34.57521888994326]],[[127.7350765242472,34.57894358920251],[127.73637940162897,34.5776526962823],[127.73533068467562,34.57657872268316],[127.74091181774705,34.57668300061476],[127.73891251449668,34.578272274822055],[127.73960843422157,34.57937758302793],[127.73848019456979,34.579572030623986],[127.73839387154135,34.58077626358728],[127.73674891361556,34.57961620378953],[127.73593127779907,34.58105496086055],[127.7350765242472,34.57894358920251]],[[127.7367339307478,34.56967369287371],[127.73261350581699,34.57196207886534],[127.7308800507224,34.570457223334046],[127.73470453268305,34.5684895314939],[127.7346641144505,34.567314994352756],[127.73304982275666,34.56679185143547],[127.733971523996,34.56475417109553],[127.73508010010279,34.56477568333895],[127.73562514761005,34.56332263080884],[127.73717602686551,34.562555310621576],[127.73629682939062,34.56077277031693],[127.73879937558135,34.5628566316213],[127.73758143828702,34.564076963383485],[127.7367339307478,34.56967369287371]],[[127.73187685259825,34.58148163968862],[127.73451265854357,34.58347002330965],[127.73661092694589,34.58325518713597],[127.7358709264995,34.58362631142412],[127.73674996266753,34.58410725029301],[127.73642448042021,34.584936474341745],[127.73818190534041,34.58582763336719],[127.73684004937681,34.58683635932469],[127.73490434409835,34.58623840000677],[127.73442556574102,34.5879836178677],[127.73424329721342,34.58719075731977],[127.73287745112845,34.58754171342393],[127.73411922052401,34.58971926379865],[127.73036394325746,34.58830314041956],[127.72945218765973,34.58653855738351],[127.72614755724167,34.58625929742942],[127.72707666627383,34.58543320130971],[127.72538013965008,34.58487514189209],[127.72711133790958,34.584772809164235],[127.72711369127609,34.58353741555067],[127.72617711692486,34.58357898222075],[127.72785894880455,34.58290787813726],[127.72906642438662,34.584555294826714],[127.73131824583099,34.58302612988434],[127.73034029443807,34.583343240825016],[127.72991606263749,34.581785570177225],[127.72861135788942,34.58113861681746],[127.72970665532961,34.57967164989156],[127.73188261006054,34.580120595238846],[127.73187685259825,34.58148163968862]],[[127.73222875151039,34.5608314980598],[127.73196829024107,34.56243640817967],[127.73277577391688,34.563040894732474],[127.72941271757226,34.5628368944946],[127.72886861759291,34.565746271160926],[127.72784569618194,34.56550257049973],[127.72726294670193,34.56284281681779],[127.73222875151039,34.5608314980598]],[[127.71940424127467,34.58879345775608],[127.71994932359385,34.592685306062656],[127.71806653419696,34.59345266322923],[127.71397334038424,34.59306306268064],[127.7136760941564,34.59217051382363],[127.7146062182798,34.591650536461245],[127.7136513667574,34.59129627717121],[127.71801463778716,34.59115357805677],[127.7187797007681,34.59023455180052],[127.71827172106366,34.588826851084],[127.71940424127467,34.58879345775608]],[[127.70788176151231,34.53200279022077],[127.7101782394434,34.53300886965406],[127.71087823457553,34.53595770486383],[127.712460624419,34.535096801211466],[127.7126477486267,34.53625059723009],[127.71163074357698,34.53770990626485],[127.71026904041878,34.53756398075256],[127.70848297554335,34.539021415146884],[127.70737141733133,34.53804674634003],[127.70779090900147,34.53723662794056],[127.70567250998604,34.5366876534089],[127.7063134803524,34.53586412933776],[127.70854638046934,34.536500832556],[127.70757136344525,34.53564378434025],[127.7088065662791,34.53402910225949],[127.70681608884281,34.53289515722629],[127.70788176151231,34.53200279022077]]],[[[127.8543303278915,34.28503150391798],[127.85153496722843,34.28592143871029],[127.85032984477536,34.28822638702217],[127.85148164605499,34.290550051463605],[127.85425023655678,34.29148417323843],[127.85701615233948,34.29049745444547],[127.85810543630618,34.28828678292929],[127.8569946154583,34.285998656343565],[127.8543303278915,34.28503150391798]]],[[[127.64936412960097,34.53958960379553],[127.64578072433265,34.54046209628154],[127.64275047431659,34.54326952519804],[127.64285558577527,34.546692721420655],[127.64499153310487,34.54859341621732],[127.64985589989328,34.5486094061474],[127.65314125679849,34.54519991107429],[127.65368612701391,34.54338366128586],[127.6528573195706,34.54114350740221],[127.64936412960097,34.53958960379553]]],[[[127.60472538758698,34.05700139299782],[127.61406531600322,34.028750483109704],[127.32365749847384,34.00414843597555],[127.29440544195904,34.01361086677382],[127.28358987866048,34.02783456022722],[127.27321899362624,34.05322033028196],[127.27888357521765,34.06070760030859],[127.51669066306721,34.11839341061551],[127.60472538758698,34.05700139299782]],[[127.31109704168206,34.05392972868641],[127.3097313820919,34.05377484658893],[127.30997101562998,34.05157710171925],[127.30853189443309,34.0507245190286],[127.31284551335735,34.040787434294764],[127.31613361452415,34.04046931882761],[127.31513785112007,34.043719862438806],[127.31833348507415,34.04486633631761],[127.31866080682735,34.0466751122852],[127.3173616087122,34.04716331974097],[127.3185880971412,34.04816827150505],[127.31734491264474,34.04879413973992],[127.31622880542004,34.04727465995999],[127.31341713240806,34.04727639158155],[127.31338689813951,34.04640498272068],[127.31176978645213,34.04741312003381],[127.31139658589501,34.0487638818751],[127.31380812804426,34.04901669263011],[127.31572551104578,34.05137392663934],[127.31109704168206,34.05392972868641]],[[127.31257366620547,34.02922726015103],[127.30252255107554,34.028588287264036],[127.30122690318026,34.02726990839432],[127.30196314775732,34.0254785069739],[127.30139950176861,34.02441602808592],[127.30348629139591,34.024065656375456],[127.30304932101879,34.02276364656097],[127.30397059207516,34.02225582071191],[127.30047949475501,34.0189550987701],[127.30402833169916,34.01824376465233],[127.30495713759288,34.01776665537949],[127.30428885852282,34.016853106252],[127.30531611779192,34.016693085781874],[127.30757453109497,34.018084245043305],[127.3046228874208,34.01884912210225],[127.30404381615105,34.0203433922976],[127.31143365793154,34.02505138711541],[127.31506888065019,34.02501050787963],[127.31522915873943,34.02687268040296],[127.31272381729177,34.026834396000865],[127.3119468884256,34.027552354945996],[127.31277293411526,34.02845710304234],[127.31117780166431,34.028062516359356],[127.31257366620547,34.02922726015103]],[[127.29635115829672,34.0576814390992],[127.29507603757196,34.057039729131795],[127.29560775676212,34.05580597060955],[127.29306379774734,34.054548262685024],[127.28645290342511,34.05574204020154],[127.28564599223884,34.054790268388366],[127.2863703986829,34.05302175741838],[127.29119738437159,34.05121685536909],[127.29219065078269,34.04726208635994],[127.29447263972007,34.04519454974873],[127.293284044296,34.04219139789986],[127.2915213577858,34.04251128981449],[127.29056857490335,34.04153289174741],[127.28951008933208,34.03926757515132],[127.29013323025016,34.03858611727038],[127.29259562251919,34.03880111898947],[127.29379887668979,34.04005366167042],[127.29498124956429,34.03923963248847],[127.29568069016103,34.040831553364775],[127.29794530297876,34.05475268619895],[127.29902262435458,34.0565663182885],[127.29635115829672,34.0576814390992]]],[[[127.44525607386421,34.46615151846441],[127.4425638545903,34.46569801378557],[127.45019861832533,34.46181903843003],[127.44966487824257,34.45729659735613],[127.45870506801825,34.4527838804446],[127.45798728691892,34.451321580989244],[127.45322666275668,34.44984061342039],[127.45258575005965,34.45011867052442],[127.45318382540195,34.45184429856035],[127.452286644402,34.45248059035146],[127.45043639598039,34.448751429],[127.45176236554113,34.44930591148105],[127.45186939785619,34.44841998641703],[127.45491705550496,34.44988131022957],[127.45488297814903,34.44897180756075],[127.45555683335577,34.44996594630721],[127.45595796720002,34.44908574830577],[127.45849373289342,34.44918768763404],[127.45962197931682,34.450026005035866],[127.45746674388361,34.44973145493587],[127.45862536941654,34.45125268766515],[127.4675374560101,34.45416085348103],[127.46860783199843,34.4530211046644],[127.4685004556176,34.451234400931995],[127.46975850737518,34.451342936764],[127.47045378868619,34.452860691658714],[127.47288215374039,34.45274706325118],[127.48139916353651,34.44978314361091],[127.48194367416379,34.44722888535486],[127.48323963628403,34.44806675766046],[127.4854250035803,34.447736760085824],[127.48258123071567,34.44235343010624],[127.47357561603998,34.44226235807042],[127.47158983415093,34.44366301167817],[127.47270712498778,34.4405870451793],[127.46897993004954,34.43830554649848],[127.47200476110751,34.437856650036856],[127.4725088757672,34.438769837857286],[127.4757806537386,34.439193021009935],[127.47634706577274,34.43841787358491],[127.47274956348583,34.43748563806728],[127.47341057257817,34.43645885077944],[127.47573857972306,34.43697080121486],[127.47594479336543,34.435726070737154],[127.47709105410384,34.43715112975154],[127.47710572132081,34.43629681261299],[127.47740526384399,34.43689814994434],[127.47997514910111,34.43629232441406],[127.47903302124583,34.43582032983076],[127.47988251047595,34.43512391051082],[127.48150694794084,34.437567597688094],[127.48519897728535,34.43729283507825],[127.48669176755517,34.43454286850318],[127.48621128749875,34.433545119037724],[127.49064265028242,34.433752853333964],[127.4938228632735,34.430858701538305],[127.49490918640188,34.431068138186646],[127.49450685076008,34.42714302993157],[127.49057891847484,34.425011156263004],[127.49169663949476,34.41980446198315],[127.49093919285123,34.41901539793212],[127.48858530133997,34.4191537482821],[127.48921281737435,34.41839878200845],[127.48744413037473,34.417722204361645],[127.48680766556166,34.416034474680565],[127.48757302484749,34.41385398909754],[127.49138076395325,34.41226699984219],[127.49359885131557,34.413362620151105],[127.49296839800165,34.415309732902294],[127.49470010294945,34.41571963106173],[127.49373144917695,34.41628462942097],[127.49691626964817,34.41501989606106],[127.5000868840386,34.41627796265282],[127.49994951199832,34.42130711629318],[127.49884916361255,34.421559252041526],[127.50056072705843,34.42370647940212],[127.49986512640349,34.42411286901405],[127.50214507615283,34.42486473328748],[127.50054181174745,34.424999211342474],[127.50077957338499,34.42686168533387],[127.50266510504827,34.4270395092181],[127.50104936990606,34.42819503784481],[127.4983788783826,34.427397929036715],[127.4970953280488,34.428478821547884],[127.49737053340966,34.43054534633272],[127.49960911925183,34.43224126102333],[127.49846770453185,34.43456010002194],[127.49788134362794,34.43407156090603],[127.49614519780198,34.43519228441409],[127.49673662725012,34.43590221644045],[127.49456351336077,34.438167220366054],[127.4952281085662,34.441534373902506],[127.49426930602925,34.4425860056886],[127.49645535328854,34.442273882830406],[127.49195578974319,34.44533030535124],[127.49414005589976,34.44522768248041],[127.49551508324006,34.447144861178266],[127.4987298785071,34.44741930028281],[127.50321499867987,34.45000972176636],[127.50436326638561,34.45163033202936],[127.50581340234736,34.45033059179596],[127.50403469890628,34.44942039585932],[127.50606624834552,34.44854040002533],[127.50598768384958,34.4469642809747],[127.50788063466854,34.44668289261303],[127.50687296322401,34.44461397454331],[127.50919579778342,34.444747383583724],[127.50998793851238,34.44524936230392],[127.5093189356073,34.446075426528424],[127.51222560208058,34.447198340592514],[127.51193852584176,34.448104800382765],[127.51569201487575,34.44914629759855],[127.5159440811414,34.45253612942308],[127.51882182725467,34.45572281302557],[127.5214557746889,34.455491847313134],[127.52087235626679,34.456552003142164],[127.52161889967505,34.45748658506228],[127.51669055156026,34.45938035363081],[127.51663014473563,34.460382177478785],[127.51307222939396,34.46197013169908],[127.51251315541698,34.464178291041186],[127.51133254517148,34.46417006827854],[127.51072837533829,34.46574394025245],[127.50873705645749,34.46702699912436],[127.50818925608503,34.46854562342558],[127.5093415405076,34.46887668954333],[127.50683801086389,34.46993486978042],[127.50435622099927,34.47383467701394],[127.50565667641348,34.47105561086792],[127.50436125810143,34.46875358251864],[127.50698538791957,34.46827635006173],[127.5050815200088,34.46523958696466],[127.50557528154356,34.46369482668476],[127.50237269166792,34.46191678314878],[127.49943670119266,34.462589502860965],[127.5003427222081,34.46435248044331],[127.49807665744714,34.467207491886114],[127.49484352308819,34.46257170969423],[127.49371476210514,34.458467204720534],[127.48969800186954,34.45852755623028],[127.48876564252173,34.459794131802326],[127.48700450462067,34.459921167287135],[127.4831044354007,34.4580086611483],[127.48272705374683,34.46016773492845],[127.48763298001799,34.462496401990926],[127.48994400810057,34.46256879666763],[127.4893818775707,34.46367211362499],[127.49041579216048,34.46547070363509],[127.48496490744812,34.4669871916927],[127.48159215699766,34.464033483214514],[127.472498136863,34.464334061889865],[127.46777037993405,34.469791610249565],[127.46875962051624,34.47082295417599],[127.46809729233104,34.47264847947998],[127.46741161291664,34.471274686084776],[127.46463278553564,34.4723950458182],[127.46307206614688,34.471546847770895],[127.45772818875064,34.475571400248135],[127.46005959870863,34.478994713048806],[127.47080359690682,34.483260531650316],[127.48501528757272,34.484420818167884],[127.49074008440473,34.48374922829913],[127.49208274012662,34.484968266685115],[127.49373433611476,34.48421717684748],[127.49684988779806,34.485118208345504],[127.49701996477076,34.48653373054777],[127.49983688528314,34.48766344680279],[127.50008422699561,34.48949015710692],[127.50687276338145,34.490683414839545],[127.54727612635125,34.44275285281973],[127.53340662003943,34.42410210302339],[127.49778966941854,34.39510163742934],[127.48438156691,34.3988218972501],[127.45174567075142,34.446324812810076],[127.3683201929178,34.439838757875755],[127.33673566175031,34.4284178993862],[127.28232811678303,34.4285804390111],[127.28245537128726,34.45935980133585],[127.30320856162378,34.4571992075418],[127.31253227451505,34.45779152119972],[127.31604046963469,34.45525337782601],[127.31641646196806,34.45288233183095],[127.32023386191288,34.453898716527135],[127.32149477743494,34.45338903891588],[127.32208756172835,34.45191182213973],[127.32088107317074,34.45061520844538],[127.32029902456745,34.4475157933701],[127.31678890640715,34.44848711082802],[127.31511704643088,34.44753352467287],[127.31491146716074,34.44540040484335],[127.3042909617041,34.44554624559729],[127.30267748285036,34.44439206709554],[127.30141386584597,34.442675969419966],[127.30152527970894,34.44112839011164],[127.29869845195421,34.439506929424766],[127.29821615353868,34.43783074974928],[127.30004844667303,34.438865354157606],[127.30005140168561,34.43786705476457],[127.30077236913299,34.43795672688112],[127.30157594029689,34.438706302343995],[127.30099310707145,34.440029205002425],[127.30368078962371,34.44065993049915],[127.30382126124553,34.43877285112693],[127.301362824381,34.43735376441913],[127.30202982706805,34.436730959149315],[127.30410571277899,34.43750091199912],[127.30355952876366,34.43655608365389],[127.30509217941903,34.4353427023031],[127.30681053737842,34.43644731551563],[127.30930261191801,34.436269573543754],[127.30773156190624,34.43774705029301],[127.31115109553647,34.43862440748156],[127.31057924626332,34.43963582910766],[127.31264164094485,34.43967600405777],[127.31344059114113,34.441002400071866],[127.31947154954953,34.443100805230124],[127.32086170885347,34.442778778165724],[127.3207677680378,34.4442240217775],[127.32265521982066,34.444883189535595],[127.32469255763546,34.444247765714515],[127.32416099046193,34.44297692687679],[127.32463031344977,34.44279443148361],[127.32651906566356,34.444612070378156],[127.33009307716826,34.4442917400448],[127.33056603818372,34.44490651910356],[127.3296440674938,34.445986624478955],[127.32770564727262,34.44635300940253],[127.32885957274219,34.446661179334754],[127.32907222704551,34.44804016994257],[127.3276489577811,34.448299321784745],[127.32833842663335,34.449755800357174],[127.32883359645943,34.44982344572551],[127.32917708401486,34.449765301093024],[127.32929890335515,34.449680967891624],[127.32953694953233,34.44813239564907],[127.33189694869614,34.44892990254188],[127.33172874079452,34.449646978626305],[127.32910111791087,34.450183311058645],[127.32898542866009,34.451004666166796],[127.33004966996192,34.45117728754717],[127.32923434493601,34.45201872158851],[127.32640315928036,34.45132791355904],[127.32437590328017,34.452683979970644],[127.32539606564985,34.454213402258006],[127.32685244721168,34.45303401069562],[127.32767287784502,34.454238982640774],[127.32994669785108,34.45449948010374],[127.32655601148046,34.45479122031159],[127.3262155781731,34.456166833894464],[127.32604117318422,34.45529247182409],[127.324661393074,34.455021120868494],[127.3220430955838,34.45939742650572],[127.31978336931438,34.45981570200625],[127.31925918329787,34.460786894956364],[127.32670636237312,34.4688855926408],[127.32757505150504,34.46623818212596],[127.33047191386328,34.467749654549806],[127.33118766323365,34.46521017314134],[127.33256781571919,34.467046396916736],[127.3319949481184,34.46783507755993],[127.33401121666338,34.467651869037645],[127.3331005254921,34.468553857472976],[127.3349560682752,34.46937991130803],[127.3347481241906,34.47139282537202],[127.33232627156322,34.470972946831324],[127.33121063447898,34.47296874697586],[127.32847741205582,34.47334574904054],[127.32827609107657,34.47628682178216],[127.33105974649037,34.47616798087767],[127.33238761317921,34.47737359874263],[127.33250913602546,34.47958040842842],[127.33460692318998,34.47938314948778],[127.3362644942874,34.4806760139037],[127.33917094958885,34.480393245584594],[127.3403847111196,34.481212043890054],[127.34097021565141,34.480479865521716],[127.34382349869033,34.4810486349468],[127.34035829641934,34.48238187459012],[127.34045920281764,34.48441128072909],[127.33866197015634,34.48560873572033],[127.33902283008986,34.48715550975863],[127.34372268195685,34.48669042254979],[127.3458156252513,34.48487243771325],[127.34544659075635,34.484274106142955],[127.34673036024542,34.4847678242516],[127.34900652641228,34.48387686985513],[127.35024875167538,34.48075216992278],[127.35120020222702,34.48319695820287],[127.34835256215425,34.48498038912491],[127.34994624015405,34.485732467922006],[127.34693910134771,34.486123284216504],[127.34852585299775,34.487811014656636],[127.34717535828614,34.487497010140316],[127.34624603388279,34.48838643609919],[127.35130569816396,34.48994880535244],[127.35240466600455,34.489786386080674],[127.35133452292568,34.4885377847671],[127.35166274133124,34.48756126984303],[127.35382162139925,34.487613874094805],[127.35315590181877,34.4896311070583],[127.35476035613769,34.49163085650998],[127.35874866644865,34.492423125558815],[127.36146108557892,34.49160008413511],[127.36414774234862,34.48838434041639],[127.36641557367605,34.487860180442574],[127.36715792069707,34.486872182441395],[127.36596925533924,34.48399773803091],[127.36710345683987,34.48246432154701],[127.37193830152454,34.4804969421009],[127.37395905420489,34.481763721740684],[127.37558203395336,34.48620096698551],[127.3784594170981,34.48821768405044],[127.38068823032512,34.48638453914343],[127.38045844338458,34.48324169452844],[127.3828675887935,34.485236624391796],[127.38355183298663,34.48732966853269],[127.3867714380972,34.484020496625305],[127.38894726442669,34.48743365926924],[127.39071337746545,34.488263634519406],[127.3892987498217,34.490498090783284],[127.39818829156742,34.498510279212326],[127.44379026081674,34.48269931794646],[127.441767369782,34.48136984098266],[127.44211608695599,34.47855178089254],[127.44128341341165,34.478212400174506],[127.44087939342872,34.47747694973573],[127.44076692921023,34.47735098924965],[127.44299261171558,34.477173370496025],[127.4428682579259,34.47480267204149],[127.44378038862332,34.47492168268951],[127.44241377233581,34.47038876219598],[127.4430093449186,34.47093325893564],[127.44733632414845,34.468402695100856],[127.44647105756087,34.46575151414772],[127.44525607386421,34.46615151846441]],[[127.44525607386421,34.46615151846441],[127.44606801197322,34.46788737537153],[127.44556945448699,34.46711312229189],[127.44525607386421,34.46615151846441]],[[127.44144664024579,34.47919541874316],[127.44190798113725,34.47954449891099],[127.44159593465733,34.47968628661221],[127.44144664024579,34.47919541874316]],[[127.43956171405952,34.476606267305144],[127.44055184945705,34.477189808257734],[127.4408557731417,34.47746884321371],[127.4412691774194,34.47822133245777],[127.44122170351301,34.47849081044314],[127.43956171405952,34.476606267305144]],[[127.44061076450521,34.477234091984975],[127.44049929552435,34.47704238515706],[127.4406563221044,34.47727192425499],[127.44061076450521,34.477234091984975]],[[127.44028336760132,34.47650272526657],[127.44039070284516,34.47675774314817],[127.44023249336654,34.476655198350606],[127.4398196586576,34.47649099385753],[127.44028336760132,34.47650272526657]],[[127.29078408178859,34.44225143381641],[127.29040941662224,34.44281934547011],[127.29409797371925,34.44484269098512],[127.29512666106336,34.446390225106065],[127.29679537098936,34.44634338628105],[127.29662609207514,34.44774528937247],[127.2946594824321,34.4486613668468],[127.29234412933181,34.44837182404582],[127.29417016492779,34.44726125252413],[127.29428317097296,34.445762139099],[127.290959421889,34.44482980807992],[127.2898927318463,34.442557667179756],[127.29078408178859,34.44225143381641]]],[[[127.46757876568205,34.61656914285383],[127.46967221240467,34.61602039732146],[127.4710241756681,34.6138870176575],[127.46969660616729,34.60871021210445],[127.464663557079,34.605419620906595],[127.45625789285627,34.604141911120095],[127.45589650755973,34.60614736453484],[127.45742758643637,34.60616374618843],[127.45937153971414,34.607976572479295],[127.4560039023337,34.60915371849856],[127.45895645960651,34.61071267867508],[127.45906418094236,34.611593292493914],[127.46308874977723,34.61178710805368],[127.4607005388062,34.61372584860119],[127.46026262546816,34.61616314795436],[127.46236755792711,34.615405029191436],[127.46757876568205,34.61656914285383]],[[127.46850589382714,34.61077054091867],[127.46811418832017,34.61050322564261],[127.46882431732436,34.61082438059336],[127.46850589382714,34.61077054091867]],[[127.46322009657135,34.61420871464281],[127.46303018908146,34.61350457263186],[127.46379589784347,34.61401452120755],[127.46322009657135,34.61420871464281]],[[127.45647273725973,34.604503790329076],[127.45653132772469,34.60426261130545],[127.45661586982538,34.604436226337064],[127.45647273725973,34.604503790329076]]],[[[127.41871524792838,34.643977396775],[127.42628124648296,34.64448814354317],[127.42570741067038,34.64206429535998],[127.42745742990726,34.64379842744655],[127.42949932206385,34.643672352784165],[127.42953817675581,34.64229335521989],[127.42776484097907,34.64214975974813],[127.42556157970792,34.64024215213142],[127.42730061072224,34.63786963051181],[127.43025848633512,34.6389214407055],[127.43161579199729,34.63824928313761],[127.43024372603207,34.637037039992634],[127.43305985383297,34.636127630113585],[127.43378509159943,34.63791707307173],[127.43688595887127,34.639803861281266],[127.43755039014187,34.63875452057276],[127.43700784284977,34.637290637300474],[127.4381924778307,34.637250866780356],[127.43977491083855,34.638939116809105],[127.44041249508055,34.63744713212643],[127.44888281067583,34.634301583953444],[127.45161527241316,34.63073661339698],[127.45080902370204,34.629840272078695],[127.45184629955327,34.62667009568796],[127.45077277122182,34.624580118298454],[127.45609303835005,34.62318305554597],[127.46139938971427,34.623828053427005],[127.46411670639687,34.62666870123399],[127.46615699982256,34.62727465239869],[127.46822665209044,34.627258546970545],[127.4674990865138,34.62622287120696],[127.47040628828371,34.62622649424768],[127.47088232569656,34.62494086492587],[127.46987071938582,34.62285951733309],[127.47076684515865,34.619732467237036],[127.46447931432108,34.62148616582943],[127.45842621321412,34.620156674320725],[127.45301257349527,34.62289983109167],[127.45716937093304,34.62024958948272],[127.45766073953028,34.618932907434505],[127.46278947786809,34.620588457588184],[127.46720534258439,34.61921603435748],[127.459910414543,34.61730229608734],[127.45760170707509,34.61517816901101],[127.45438736037374,34.614785107654576],[127.45229790086113,34.61202676729858],[127.45393514982943,34.609771989731314],[127.45364059606796,34.60684274170323],[127.45184335208735,34.60799018127511],[127.45129551664637,34.60610806660024],[127.44840574813105,34.60640741391198],[127.4481426196994,34.604098027976555],[127.44496671071724,34.6030500753357],[127.4433054667667,34.601417711838],[127.44122996893365,34.60222906769538],[127.43573245262444,34.59972730017425],[127.43310687809826,34.59949376259393],[127.43528538831211,34.60405828034623],[127.43751206815351,34.60484887282786],[127.43867631376787,34.60637100394446],[127.43859127117311,34.60912832467593],[127.43809386489269,34.60706265489826],[127.43288363713114,34.6032284770724],[127.431493032867,34.59954539781154],[127.42437777721547,34.598925744909614],[127.42450177618473,34.60118479250754],[127.4225602252978,34.60399270807302],[127.42180801040281,34.60352402590806],[127.42205975627994,34.59872378716716],[127.41927389092528,34.59848100298601],[127.41624318826099,34.60119527116481],[127.41703806520664,34.60183041783154],[127.41574355750171,34.60145380386946],[127.41046801853611,34.605921597842084],[127.4126143029124,34.60815520043598],[127.4106604407842,34.613732027569995],[127.41064526200623,34.616140215247],[127.41217254826684,34.617105649594514],[127.4102599861825,34.61689368497765],[127.40987878469967,34.62169671908884],[127.40896443147246,34.61609254914113],[127.40456823919816,34.6206717937753],[127.40571640860153,34.62391479787828],[127.40425735650842,34.62586505601415],[127.40754833518824,34.62656947054774],[127.41411062512611,34.625159890552986],[127.41596251293335,34.62641225430387],[127.41133806088762,34.62840871963705],[127.41570366119248,34.63032579764962],[127.41665016001589,34.62928454956348],[127.41714050052606,34.62976049326575],[127.41562409802204,34.63746805479726],[127.41463943180472,34.63955839845586],[127.41306698488818,34.63981134588643],[127.41370543083352,34.64161097301026],[127.41725014080089,34.64209688514833],[127.41971982683141,34.64072582123315],[127.4175191929456,34.64227202449721],[127.41841765168799,34.643590514321055],[127.41931688226946,34.643431102615665],[127.41871524792838,34.643977396775]],[[127.45253012083646,34.62244633351998],[127.4525502226489,34.62225586025297],[127.45276826382756,34.62249744685124],[127.45253012083646,34.62244633351998]],[[127.45148720277281,34.622990120982486],[127.45059247744499,34.62216817324509],[127.45249582225718,34.62249788662578],[127.45148720277281,34.622990120982486]],[[127.45056193692328,34.622028943435],[127.45051292224129,34.62217871533696],[127.45042978857022,34.62214032317842],[127.45056193692328,34.622028943435]],[[127.42247869779155,34.60942633065179],[127.42268121321337,34.60917776598208],[127.42275656290553,34.6093788848112],[127.42247869779155,34.60942633065179]],[[127.42168582629748,34.60677513350991],[127.42170537368641,34.60652405443753],[127.42180021212094,34.60659759979131],[127.42168582629748,34.60677513350991]],[[127.41134997095065,34.62241992972022],[127.41112745094321,34.62261805357845],[127.41098951862224,34.6225996138268],[127.41134997095065,34.62241992972022]]],[[[127.45171998688815,34.253784620928606],[127.45015305314438,34.25454890715813],[127.4494533918736,34.25599968333322],[127.45061442882378,34.255977305776625],[127.45171998688815,34.253784620928606]]],[[[127.18547124899095,34.47096439410816],[127.1885200461958,34.471541916271576],[127.18884386275383,34.4688576968848],[127.18724669259777,34.46628053800556],[127.18901447074359,34.464491629377],[127.18780829937722,34.46299565933071],[127.1847306095227,34.461876241621134],[127.19016094879431,34.45866356904396],[127.19422412544709,34.45995535378315],[127.19981154842901,34.45856492229447],[127.20211448021472,34.45550395863575],[127.20590541191461,34.457903406531905],[127.206855110996,34.4612351590179],[127.21370369468532,34.460974881845026],[127.21414709115835,34.45863539826646],[127.21066652223898,34.45394696762609],[127.2112463434745,34.44619021519317],[127.20669408045642,34.44611970469245],[127.20713307306059,34.44489097442822],[127.20225751894363,34.44258257292114],[127.19829101078015,34.4436986865156],[127.19885595520913,34.442504979909046],[127.19737263840317,34.442694941607904],[127.19718561081164,34.441520867445455],[127.1931991669233,34.439920593827644],[127.19415300778435,34.438931893604504],[127.19288396243522,34.43556517487089],[127.1878097778197,34.43669910058084],[127.1865776241937,34.43531673448549],[127.18446670695192,34.43630184649276],[127.18232643575091,34.435839739748836],[127.18165459307882,34.438133411123054],[127.17839448381422,34.43746478977313],[127.17954031068756,34.43949047457653],[127.17851246976385,34.441369195083034],[127.17530299122834,34.440241666310186],[127.17483304131991,34.44106132826863],[127.17821167401084,34.44445352696512],[127.17491855276069,34.447175981833745],[127.17356338149293,34.44987472013363],[127.1711929907034,34.45308115060882],[127.1742052845641,34.44858655299503],[127.1708877820198,34.449844781234745],[127.17141006031119,34.45040961796003],[127.17018518201951,34.45161533913839],[127.16541023242208,34.4536399863148],[127.16790917612894,34.456060647971405],[127.16611479653282,34.45826997347026],[127.16765035386142,34.460520511295734],[127.16988329186151,34.46091004828603],[127.17008638989098,34.462903421750035],[127.17399089327675,34.46278083690277],[127.1727746474704,34.46486684205277],[127.17454654316175,34.46624918993018],[127.17723033873054,34.47189485580563],[127.17989476577701,34.468468076951126],[127.18360783644034,34.47370270597495],[127.18547124899095,34.47096439410816]],[[127.1710052954814,34.45341887284619],[127.17102592602126,34.45339661219881],[127.17051769212064,34.45422855004247],[127.1710052954814,34.45341887284619]],[[127.16822052570748,34.458809239858844],[127.16854656413582,34.45672427271077],[127.1685632157442,34.45670104395182],[127.16822052570748,34.458809239858844]]],[[[127.00487359228502,34.22405750868562],[127.01383670029253,34.223580018875474],[127.0126529812665,34.22139053952386],[127.00618574571928,34.219918038073104],[127.00318128030764,34.22252430221494],[127.00487359228502,34.22405750868562]]],[[[127.01183333196012,34.213953920699275],[127.01053112163761,34.21339443038488],[127.00802340518018,34.215186367315845],[127.01055276411587,34.21524378308737],[127.01183333196012,34.213953920699275]]],[[[126.98991270326356,34.216136130379155],[126.98824434606485,34.217192722146564],[126.98849725588506,34.219435694629205],[126.98981076656825,34.22030080959013],[126.99143413040726,34.21720264164618],[126.98991270326356,34.216136130379155]]],[[[126.7700749178897,34.33001755531079],[126.77224029369715,34.32957204230718],[126.77295278073859,34.33114690753313],[126.77020372117809,34.3312918263819],[126.7694889160977,34.32892682479407],[126.7682403333464,34.328877667607415],[126.767347214355,34.333072438785045],[126.76516343910991,34.33174826130661],[126.76051938633276,34.333403454624424],[126.76271520103502,34.33511631848696],[126.75850704965744,34.337631892364534],[126.7636325127257,34.338120480627104],[126.76545027970681,34.33727787298872],[126.76508256136263,34.33544842429507],[126.7665282523422,34.33679140030817],[126.76821781680789,34.335952453786064],[126.76717304292175,34.33581665412949],[126.76701512353699,34.334620275686916],[126.76934782923331,34.335328760621174],[126.77077975275267,34.33477263245342],[126.77070635099028,34.33363185828315],[126.7726072639262,34.334643363238065],[126.77523609254739,34.334342826635805],[126.77793836343216,34.33204166094921],[126.77855318900518,34.33026605451435],[126.77591514107323,34.32753296419538],[126.77764119416517,34.32834477156589],[126.78067852996867,34.32804811734209],[126.78008297497942,34.32958872832257],[126.7821286273843,34.33286927089841],[126.78507208704698,34.33330182287579],[126.7852420771815,34.334789295421785],[126.78941809161208,34.33781311011861],[126.79231036499262,34.33687267902078],[126.79349457948872,34.33872495393476],[126.79383941575468,34.33787805361772],[126.79419289685674,34.33852081767917],[126.79533872039163,34.337891114883135],[126.79491666353454,34.33682166957867],[126.79669957087158,34.33706819621203],[126.79937280289023,34.33461552093717],[126.79816550536164,34.33428887505587],[126.79875206609404,34.333690528227656],[126.79805533551021,34.3331946616785],[126.79992552291587,34.329955063353786],[126.79554669611619,34.33013822745783],[126.7968891695102,34.32782231287278],[126.7950982000861,34.32583384367772],[126.79524547237891,34.32428460664539],[126.79775007572611,34.32094273034281],[126.80158722173144,34.32192444831382],[126.80306506215996,34.32356102985495],[126.83174830766293,34.32359433643007],[126.83196985001652,34.32455541971472],[126.83325928978024,34.324420007984195],[126.83518177261584,34.32615096418056],[126.83387757176563,34.3286863040977],[126.8361944477652,34.330313028810565],[126.8360895502452,34.33270278236305],[126.83788117206757,34.3326764034935],[126.8388747080043,34.33366962029982],[126.84038044750483,34.33085933658187],[126.83833715763075,34.328163858977504],[126.83690170389045,34.32335160258502],[126.83778734847265,34.321485350541906],[126.83713940300385,34.31965121954139],[126.84133604303513,34.316910087715435],[126.84000622553773,34.314988355285564],[126.83689132255763,34.31463756605372],[126.83672687437827,34.31264752837903],[126.83971924620135,34.31238437896313],[126.84022076106747,34.311597768892945],[126.84154061653415,34.31290565356762],[126.84413132071619,34.31150399538668],[126.84647784107105,34.31162423176654],[126.84446435499913,34.30696765301317],[126.84300383677673,34.30779649633404],[126.84346549174002,34.30516410294424],[126.84058452534104,34.30444407489825],[126.84162725798072,34.30357019166628],[126.84322631112859,34.30392618782733],[126.84204882519275,34.30104240246663],[126.84271248705407,34.29939252561617],[126.83612985997996,34.297810999888284],[126.82034770955124,34.27816896412941],[126.86117700018592,34.26818696737437],[126.86201563466328,34.2786203252719],[126.85993592183688,34.280220005696215],[126.85842822422704,34.283328095139126],[126.85977905694878,34.28419118468818],[126.8578789436199,34.28895047615141],[126.86007285651175,34.29292875808702],[126.86232835183834,34.29436940513031],[126.86582599073202,34.29437395777324],[126.86932194146954,34.29340237816814],[126.86980625859809,34.291615422209055],[126.8657870827758,34.29070551318783],[126.86912018416939,34.28091376099571],[126.87359585635676,34.28203645707015],[126.87188171050836,34.27835828447677],[126.86801976791345,34.277254038830485],[126.86485184238786,34.26728775242135],[126.88424715570754,34.26253967555576],[126.9185458904704,34.26007587983894],[126.98443191826861,34.166378965027015],[126.90043179785404,34.14643703840445],[126.75708111487005,34.14426433540268],[126.72861681884879,34.13905235036042],[126.66718506979012,34.11174347367586],[126.60249252009463,34.09648137949898],[126.5838408533312,34.098504233893756],[126.5171253054004,34.11624368950641],[126.48743736386479,34.14542000073639],[126.49270850187304,34.1557954712767],[126.52282743225128,34.174117179533894],[126.5233102294598,34.17122294482102],[126.52217077423629,34.17050414260368],[126.52373541967376,34.1705318774636],[126.52478130858051,34.168655570210746],[126.5230846147684,34.16563645074849],[126.525789840329,34.16640026611553],[126.5269342941733,34.167709945390314],[126.52763276151404,34.16673202892301],[126.52827744680214,34.169899468180816],[126.53174961342586,34.170798318985014],[126.53295325923428,34.1745099809469],[126.53428563082655,34.17571926008273],[126.53632288383061,34.175288169794236],[126.537861617011,34.176938019840726],[126.54021341325463,34.17683352657356],[126.53819849412051,34.17971285924056],[126.53831490931589,34.181201044126766],[126.53991231664536,34.182267573180845],[126.56199632633717,34.1755810450791],[126.56476881382383,34.17117793209852],[126.56727357509138,34.172579711860116],[126.60674679775344,34.170471077377826],[126.62702441618364,34.18469707179786],[126.62557546563457,34.19809597930036],[126.6313697690753,34.2270065733565],[126.59038679580945,34.22918897036998],[126.59348391865686,34.26410665327769],[126.6546778084913,34.26143787520343],[126.6854067342379,34.278044792175386],[126.67843666242952,34.30344670356475],[126.67907860088235,34.30456909172551],[126.68673887642032,34.30502975546437],[126.69009547520042,34.303165926844855],[126.6908953492309,34.30190394140541],[126.68949829273454,34.29866485501325],[126.6943871898966,34.29515757978553],[126.70109513786245,34.29683590783632],[126.70403974887745,34.29902427015985],[126.71004526227048,34.299181654469585],[126.71207163531753,34.29781321619953],[126.71276689136722,34.29884605718509],[126.71447462506809,34.29868466494876],[126.7226254435178,34.29623167117307],[126.72464337300575,34.297983492254836],[126.72789324706098,34.29805622817525],[126.73231937122367,34.30005382542051],[126.73362819408628,34.29941462352971],[126.7333825854894,34.29802905419413],[126.7318185545706,34.29735718526851],[126.73223644785092,34.29596969070641],[126.74032935458295,34.296720717160696],[126.74843728247986,34.291475442653265],[126.75083984680745,34.29300739655501],[126.75186007383836,34.29087819832],[126.75505181119462,34.291947718508005],[126.75764396315105,34.29042413526604],[126.75874500952297,34.290940615350465],[126.7590019681612,34.292540440815735],[126.76064531294058,34.29261733159942],[126.76828520818228,34.290235697254985],[126.76923613594285,34.28726549875065],[126.77744353366651,34.28743356517261],[126.77259794873999,34.29163957999066],[126.77228627952651,34.294480474195694],[126.76943285131685,34.295090456159116],[126.76792272159975,34.297771700257535],[126.78879272817473,34.311188422041006],[126.75031220155923,34.330593105455755],[126.75002063494078,34.335011588874416],[126.756941715092,34.3357721919304],[126.7571681625121,34.3344796502596],[126.75889333030084,34.33321372144],[126.75689516728745,34.33123969999379],[126.76862209334027,34.327124229627174],[126.77053972019633,34.327832856462535],[126.7700749178897,34.33001755531079]],[[126.90585141171901,34.17372586078314],[126.90935201171249,34.17351502446929],[126.90797558323023,34.17491888318214],[126.90658440699993,34.17420389101231],[126.9054088005932,34.175158459679935],[126.90447217980648,34.17657099675676],[126.90472030943688,34.17856856520143],[126.90670976927242,34.17866229459514],[126.90924235257724,34.1763835080159],[126.90758853218358,34.17548221510916],[126.90909487834718,34.17444094306077],[126.9099079631135,34.175927837764974],[126.91055124037933,34.174849138326834],[126.91126641303838,34.174372113654655],[126.91038597873987,34.17445900868869],[126.911576697584,34.173849714100385],[126.91245329947434,34.174503561868605],[126.91073534118766,34.17485645039988],[126.91014717054958,34.17597232458969],[126.91215677315627,34.17558069392698],[126.91057880606964,34.176516519933706],[126.9125574878574,34.178387886984666],[126.9133601562846,34.17779895640025],[126.91277238946407,34.17957953689792],[126.91345060557911,34.17877412885937],[126.91448914804124,34.178482322880306],[126.91334623924874,34.17978364385328],[126.91411906119633,34.179440066309915],[126.9134321572111,34.17989032585776],[126.91415428365063,34.18106234031903],[126.91517366053145,34.17992936161562],[126.91528673069553,34.18140354641531],[126.91765494394483,34.18125115499005],[126.91775113421636,34.18225534696078],[126.9155222299555,34.18208656134065],[126.91303191804612,34.18446011816629],[126.91086327072301,34.18259156840625],[126.90838972829052,34.182786633238806],[126.90701656041567,34.18397265482705],[126.90991940069519,34.1855131864381],[126.91079480257501,34.187359726976055],[126.90928489708124,34.18761977609097],[126.90632021840561,34.18555991595746],[126.90131710461196,34.18470270500449],[126.89862370809963,34.18239009874224],[126.89635063519175,34.18340229769431],[126.89566145567647,34.18557436356673],[126.89644446197616,34.185514869688014],[126.89644553257534,34.18583642893653],[126.89545408231274,34.18556993865465],[126.8955262855987,34.18437169249741],[126.89443697374888,34.185596263594235],[126.89417028496983,34.18415932099248],[126.8922872874158,34.18310603550394],[126.89143555070464,34.18431608772993],[126.8891259694605,34.1839109994137],[126.88910016608075,34.18588903565679],[126.88836515349335,34.18484870734466],[126.88716831265508,34.18597903421],[126.88689392760789,34.18517428099785],[126.88611552127217,34.18566790711307],[126.88549465160992,34.18444826148945],[126.88422161688425,34.18540401159953],[126.88353033924491,34.184419796346745],[126.88288240946613,34.185626342320234],[126.88295393441989,34.1841100002071],[126.88193080259566,34.184432078622095],[126.88238259357361,34.18570335142936],[126.88166498044367,34.18518354335901],[126.88135443295306,34.18620691876893],[126.8806759793068,34.18562861796631],[126.88162423110147,34.18482623962581],[126.8784529259625,34.18598523442725],[126.87844306542492,34.18525229712752],[126.87742054705637,34.18550542789914],[126.88017153874786,34.18348524895135],[126.87891241595041,34.18348272759348],[126.87979200392103,34.18297700496253],[126.87966965780184,34.18159997892256],[126.88019175628976,34.18231796283952],[126.88145691718225,34.1810454234234],[126.88174168498348,34.18201041383169],[126.88078468174344,34.18226227542402],[126.88065851102667,34.18272960570915],[126.8860801567031,34.181259967148904],[126.88578370728443,34.18041029544969],[126.88358739280201,34.179920522569546],[126.88489075490861,34.179320196094196],[126.88345910098414,34.178066726657484],[126.88472792056912,34.17724667295936],[126.8822729367063,34.17505670748584],[126.88995535318247,34.17270191993021],[126.88894524731097,34.17114527869495],[126.89047227178199,34.17163465064263],[126.88953532171043,34.17069605905016],[126.8900633949815,34.16938737927436],[126.89027364979162,34.17053110593836],[126.89095805134569,34.170397688466046],[126.89063132997644,34.171592964644496],[126.89137285394911,34.169938926476895],[126.89245769011085,34.16991357026475],[126.89033408372805,34.16791394030647],[126.89185693106823,34.168070998040385],[126.89445924578779,34.172275730448085],[126.89690304953275,34.173113977272315],[126.89597863164973,34.17319242869715],[126.89618034181679,34.174091397913934],[126.89730925839831,34.17424994278973],[126.89671672372997,34.17380599071721],[126.89759157075959,34.17338050422607],[126.8974939960434,34.17434628041313],[126.89856774826102,34.174196030103865],[126.8982771808894,34.17528613314494],[126.89617093440096,34.17459244384625],[126.89595943813404,34.175979941895044],[126.89492791511712,34.176417000222926],[126.89658396041729,34.17702023111184],[126.8968207987718,34.175579042420225],[126.89818728208508,34.17534164409599],[126.89709642789212,34.17724920698759],[126.89859280038763,34.17822390928702],[126.90029428046512,34.17605279748266],[126.89899219270643,34.17613662577762],[126.90037481906587,34.175586743038565],[126.9003707142646,34.17685601602509],[126.90221372795456,34.17771645238134],[126.90058527543982,34.17826873493802],[126.90136623002886,34.17931982870413],[126.90418362559828,34.17644690239885],[126.90192053140468,34.17396330328471],[126.90151266564645,34.17072051674866],[126.90256199420874,34.1705970671955],[126.90197839569326,34.17130941280286],[126.9031879536273,34.17167885707829],[126.90411284226016,34.169695101091115],[126.90545521550328,34.16948037431915],[126.9051765955497,34.17046639862088],[126.90714454798061,34.17147260350661],[126.90801679458717,34.17022687270371],[126.90836208006782,34.17102142057465],[126.90692036245142,34.172238112024225],[126.90815542393158,34.17318787715368],[126.9070069489451,34.172704461965246],[126.90585141171901,34.17372586078314]],[[126.90978958612206,34.191541590876355],[126.91044277057433,34.189381212406204],[126.91264094058745,34.19125798363639],[126.91072267717561,34.191887061885126],[126.90978958612206,34.191541590876355]],[[126.90305301514339,34.206939939129086],[126.9000671509874,34.20569162395151],[126.89573049297334,34.206293527228944],[126.90052197725302,34.20324380575623],[126.90024749536101,34.20146709089729],[126.89869411716056,34.20072198457403],[126.89992811659192,34.199231466879944],[126.90262046392779,34.199648118121004],[126.90380478471425,34.20329995581063],[126.90571706332976,34.20261471110784],[126.90594656211108,34.2036078791173],[126.90403273848125,34.204619638933885],[126.90451505551889,34.20614688458264],[126.90305301514339,34.206939939129086]],[[126.88261332450293,34.21408598720508],[126.88257391278631,34.21288684404922],[126.88387005799345,34.212430728372304],[126.88068413466449,34.211722611666744],[126.88153329858139,34.21093913476603],[126.88452964757525,34.21017299654434],[126.88656399814496,34.211140382862546],[126.88691035649343,34.213050766816366],[126.8852338253013,34.21315450327088],[126.88398300560131,34.21477371276665],[126.88261332450293,34.21408598720508]],[[126.88544241712778,34.15924289942406],[126.88350281689529,34.15710165074061],[126.88247272654304,34.15770180637302],[126.88171082774436,34.156217570743586],[126.88093422674925,34.156362142481235],[126.88096765544569,34.157709417295685],[126.88017345849838,34.157271244492065],[126.88023882093752,34.15603815212775],[126.88068717363845,34.15636348646236],[126.88088465086393,34.15617642927725],[126.87983050367272,34.15404384878958],[126.88026858379138,34.15285903014467],[126.8828342811507,34.15325986399098],[126.88172292274754,34.15199458921454],[126.8829389975189,34.15166786460877],[126.8842317888019,34.151705183311755],[126.8841957834938,34.1528713791545],[126.88662612957177,34.15293248022094],[126.88288763545674,34.15387879762461],[126.88365869063438,34.15534351775713],[126.88455090464643,34.15531102356415],[126.88418464430262,34.1560047236808],[126.88518213058103,34.15608166868795],[126.8852856837754,34.156975011946834],[126.88416864829306,34.15672042971346],[126.88461294613788,34.15767320086677],[126.88608821705083,34.15698593730628],[126.88675550230188,34.157838870159715],[126.88544241712778,34.15924289942406]],[[126.85149774519641,34.17737959406014],[126.85082375397182,34.177669696414675],[126.85308685176528,34.17611512956179],[126.8519757019529,34.17581753098508],[126.85335282876487,34.17324740081184],[126.85188879467964,34.172940558541285],[126.85417753993565,34.17239710615063],[126.85233309958633,34.169831553654575],[126.85510160193334,34.170555417972736],[126.85423371524946,34.171729232999645],[126.85555592404826,34.17334437135428],[126.85794718286817,34.17287990581553],[126.8598612426949,34.170461599200415],[126.8554518804756,34.166207571672295],[126.85300175330578,34.16586089170043],[126.8540238108561,34.16486695573813],[126.85607067377777,34.16528435717257],[126.85649560384398,34.16616598687688],[126.85562718786578,34.16618091524534],[126.85785066123267,34.16819676780596],[126.86311772765963,34.16827177922248],[126.8632567566442,34.169144949285524],[126.86513064376943,34.16856566593748],[126.8646369830431,34.169015146184954],[126.8679594591526,34.17046994899015],[126.86926447757513,34.16856199085883],[126.86913810654355,34.16698832052584],[126.8706704801872,34.16611417150515],[126.87230340622685,34.16245061901685],[126.87598397766563,34.1642832121811],[126.87933256145755,34.16357338246252],[126.88059681548096,34.16456968381563],[126.88075249439869,34.166256591625505],[126.87810644746979,34.1675892212719],[126.88046447768275,34.16804906998063],[126.87787848428464,34.16994307300282],[126.87842664518399,34.170570950849985],[126.8722639619068,34.16904763037694],[126.87059153748514,34.170092871712114],[126.87127166622693,34.17109435966311],[126.87300679566847,34.17076188338209],[126.87795047281699,34.17275547620857],[126.87628126141745,34.17473173195394],[126.8723740692534,34.17471303741571],[126.87242522979327,34.1757777087262],[126.87463452902631,34.17725347604371],[126.87393328063635,34.178373791741706],[126.87587706622384,34.17929572139801],[126.8756821985303,34.18003449009622],[126.8744688058645,34.17915529784559],[126.87318788047547,34.17983451737593],[126.87252975716987,34.17895340564857],[126.86741063903804,34.1783317577759],[126.86609183237748,34.17670208528752],[126.86684267037663,34.17572159205847],[126.8625996909054,34.174331712326556],[126.85840397042455,34.176965044996436],[126.85842275269398,34.17881927108976],[126.86052599233294,34.18012256678755],[126.86335457230807,34.18034574679438],[126.86529333751287,34.17943920089728],[126.86611024802681,34.18004140419883],[126.8648478198667,34.182621899506294],[126.8640647054822,34.1825750492124],[126.86528694615679,34.182744089677975],[126.8655457182431,34.183722502642],[126.86408515575204,34.18401296268617],[126.86392799431874,34.185939289140755],[126.86201432845033,34.18533673253794],[126.86209720404791,34.1864466793381],[126.86304859896812,34.18571202477047],[126.8647021724856,34.18750966249669],[126.86451150753993,34.188691313965634],[126.86193804310604,34.189504271867634],[126.8628449554472,34.19094467561424],[126.86510953355035,34.19038109818513],[126.86707546274751,34.187001133730334],[126.86751509321893,34.18888123782831],[126.86857159306774,34.18826846576335],[126.86775233354209,34.18840730845553],[126.86734632536559,34.18790112515184],[126.8689759561509,34.18775054133632],[126.86812516299975,34.18725019026154],[126.87176991094505,34.18738751622187],[126.86899949615344,34.19004217476101],[126.86796984858421,34.189401320522556],[126.86786405463269,34.19132931092836],[126.86598147127796,34.19120849351999],[126.86565330634943,34.19257320556772],[126.86716198770517,34.194149952459576],[126.86634483522953,34.195435086514074],[126.8688613375679,34.195412534546534],[126.8692097976927,34.196416547063066],[126.87346580734715,34.197992087996944],[126.87350560911408,34.202192652183214],[126.87280016390396,34.2028713273088],[126.87482697315146,34.20522261607454],[126.8738663031317,34.20671926679845],[126.86961267358997,34.20281884939524],[126.87057093915129,34.199940694389454],[126.86989055879839,34.19888135770674],[126.86603385681019,34.20030183422367],[126.86371027109439,34.1980331029371],[126.86299643478596,34.199551691008104],[126.86484145167042,34.19955832895297],[126.86462717028598,34.20038514104683],[126.86331562007695,34.20014463123299],[126.86391250210828,34.20105645279682],[126.86010433051001,34.200590226732224],[126.86003563838217,34.199193702812025],[126.85823748498188,34.19903435184239],[126.86237558032522,34.19758419414386],[126.86248055161315,34.195166624712726],[126.86139718384186,34.193287818230324],[126.85864629107773,34.19406199172254],[126.85831267993383,34.1926192796969],[126.85990718013332,34.192761942553744],[126.86022990796184,34.19161000221996],[126.86203951217533,34.19219299572156],[126.86234455753895,34.19116838416152],[126.8595656391119,34.18747859126972],[126.85866259927728,34.18776151611407],[126.85956725187593,34.19040395382345],[126.85746851996859,34.191128324509236],[126.85780821160755,34.18877831056426],[126.85580499672851,34.18598310913494],[126.8564178532299,34.18537892932382],[126.8566145942851,34.186417687648756],[126.85708525446348,34.18650117988083],[126.85893608788275,34.18511233052636],[126.85664200574413,34.1821757636578],[126.85382681220986,34.18259471786016],[126.85402594188236,34.18390917000783],[126.84901609202872,34.18390305152093],[126.84902544964088,34.17869816114716],[126.85149774519641,34.17737959406014]],[[126.86304258844426,34.293402490351696],[126.86309250128942,34.29359272344063],[126.86295531093698,34.293431203153084],[126.86304258844426,34.293402490351696]],[[126.84863322685193,34.2060075675045],[126.84667615982468,34.205738155165776],[126.84643929436582,34.20423849820558],[126.84989513862652,34.203836176888444],[126.84863322685193,34.2060075675045]],[[126.77071344844676,34.22880219103649],[126.77031807148346,34.22489900221649],[126.771602361993,34.224385987751766],[126.77524002842488,34.226284473879],[126.77071344844676,34.22880219103649]],[[126.76751517109071,34.201212976682164],[126.76521967233148,34.19931976827568],[126.76671977429561,34.19757625320892],[126.76488161039495,34.19535187281104],[126.76521464077537,34.19360263092637],[126.76793446572471,34.19162964822954],[126.76879909074401,34.19216739170824],[126.76810753453539,34.19487640687682],[126.76940957142918,34.19601749100967],[126.77205463756077,34.195836304829214],[126.77250799050901,34.19680447369295],[126.76996898870424,34.197840153282456],[126.77031160253897,34.19966565875881],[126.76824989571583,34.19917285974177],[126.7684290612701,34.20098954017267],[126.76751517109071,34.201212976682164]],[[126.7512487370824,34.20065464256511],[126.75413362488234,34.198039071521414],[126.75384560442835,34.199516752103825],[126.75513305901788,34.19986595851787],[126.75542524048547,34.20097573397349],[126.75480467418429,34.20265273634187],[126.75771846207886,34.202837099134534],[126.75387294694323,34.20581275842173],[126.75277289283515,34.2042577928116],[126.75060417999809,34.20418070024399],[126.75062520919585,34.20146521001609],[126.75157706584815,34.20146232890186],[126.7512487370824,34.20065464256511]],[[126.66936596544159,34.1509901899625],[126.66749667654983,34.14993898505774],[126.66728196378254,34.148739533453316],[126.66618739803486,34.14931817906527],[126.66530786309391,34.1483851210699],[126.66556610950079,34.1452451663192],[126.66124978043159,34.14489817025469],[126.66105191963153,34.143604096317944],[126.66287688558212,34.142585380108684],[126.65909204974024,34.140603442168036],[126.65839242591713,34.13930133738806],[126.66220891370455,34.139892856614836],[126.66274170140967,34.13843571761961],[126.66455145539801,34.139673452166356],[126.66668553252987,34.13923555127192],[126.66681077826676,34.14081455498466],[126.66544969186641,34.14157988142879],[126.66600131406545,34.14374123004946],[126.66752868481065,34.14264847456513],[126.66950714837012,34.14527508434663],[126.67074841213011,34.145877137248824],[126.6724421752152,34.14524877989713],[126.67378151220937,34.14642089387188],[126.67593921466396,34.14604901204771],[126.67662148793929,34.14379568037353],[126.67505474415944,34.143816651062615],[126.67807479846535,34.14176406329004],[126.67874050283815,34.14303578508091],[126.67803566492272,34.14548794047557],[126.67680915911502,34.145760635311674],[126.6758594630367,34.147517001044214],[126.67238613212938,34.1478941704638],[126.67157482194428,34.15012150043326],[126.66936596544159,34.1509901899625]],[[126.67085148932324,34.190238104303766],[126.66898542481279,34.19433545929954],[126.66771395645839,34.19454312861768],[126.66861335251143,34.19176048198287],[126.66591039945153,34.19082907345237],[126.6656668659032,34.189089093884284],[126.6679914591748,34.18935274513129],[126.66870985440097,34.188018086953846],[126.6684336659745,34.18918192291105],[126.6691032176365,34.1889976155901],[126.66791787921429,34.18974314412104],[126.6687387492678,34.18989835561069],[126.66892540205455,34.18928287122403],[126.6699084706908,34.1888567175658],[126.66927617266798,34.18810048497918],[126.67020000982495,34.18809805073758],[126.6702461075569,34.189026992741304],[126.6692272903502,34.18939028135652],[126.66967537276103,34.18954167324138],[126.67061964260625,34.188816843448265],[126.67085148932324,34.190238104303766]],[[126.6661349821583,34.13066875217198],[126.66211496940338,34.131508720318145],[126.6621807584054,34.12993023755591],[126.66275593703328,34.12855119291617],[126.6639868124104,34.12855423818956],[126.66425146093219,34.126940555038765],[126.66581359107468,34.12771212897612],[126.66780598511713,34.127262045905525],[126.6661349821583,34.13066875217198]],[[126.66394430360685,34.16401324615372],[126.65611992819156,34.179410230328195],[126.66032011754399,34.1813607467957],[126.65951802568706,34.181804754468786],[126.66019123721468,34.18363866189235],[126.65928607592642,34.184694071620264],[126.65655917727304,34.18364459217701],[126.65738559106715,34.18197856224654],[126.6559853095453,34.180367625907195],[126.65334430835844,34.1800726147136],[126.65433334548065,34.178287437259556],[126.6530272025967,34.17607913204718],[126.64988759146091,34.177196020396366],[126.6500271797738,34.1783656761363],[126.64770460831384,34.17953619341122],[126.64806510393535,34.18036793133973],[126.65095167460771,34.179799964182344],[126.65169152062956,34.18088587762304],[126.65064504441312,34.18275550078943],[126.6511213649009,34.18379010797492],[126.64942271172418,34.18494415330138],[126.64994355979026,34.18740408954806],[126.64870737811815,34.1889378852431],[126.65195878641046,34.19072777028575],[126.65120179929606,34.19278363776243],[126.6533990001077,34.19364537787183],[126.65237856361072,34.19517957719682],[126.65306793784445,34.1966930221667],[126.65242444950225,34.19742720731756],[126.65452591554815,34.197778527775135],[126.65389645900139,34.19858723239524],[126.65182542749316,34.19824728354586],[126.65071312043473,34.19934547010068],[126.64889689721495,34.199231924217806],[126.64861239721506,34.19836539562144],[126.65051480195022,34.198062117257685],[126.65152853214255,34.19633243584607],[126.64910143816338,34.19315204194852],[126.64566103418726,34.194094478665995],[126.6441471184884,34.19275551183159],[126.64318500904861,34.18831375985585],[126.6459536862429,34.18816641161244],[126.64702804171807,34.187123489937605],[126.64440763876517,34.185751683801065],[126.6450353603476,34.18529969679043],[126.64426277311406,34.18348178973542],[126.64683969005922,34.18452250843749],[126.64690895213423,34.179939569966166],[126.64827474783306,34.177013769013136],[126.64684664425762,34.17570204321412],[126.64185222940743,34.162099600590246],[126.6440728584995,34.162214255220604],[126.64568822003302,34.16367722508555],[126.64776321772617,34.16264663495563],[126.64840630514063,34.160927574141425],[126.65167046169921,34.1601771624829],[126.65234440313036,34.16099267251176],[126.65071699842676,34.16263509558308],[126.65280019626952,34.164583735863786],[126.6549963891034,34.16295306096708],[126.65412294366892,34.16024744604866],[126.66070225074202,34.16142672198039],[126.6646727211864,34.15995422758145],[126.66302479628204,34.16256658012655],[126.66394430360685,34.16401324615372]],[[126.65498170730868,34.121887774305904],[126.65374928569638,34.12022048776296],[126.65263135763738,34.12025758861216],[126.65336370897757,34.118906933781474],[126.65192450328628,34.11802872298657],[126.65166368256614,34.11657977886083],[126.65480391189767,34.11643907522789],[126.65401708322304,34.117050262463316],[126.65486813950528,34.117925772313185],[126.65381627573052,34.11845244238981],[126.65733389427643,34.120732914114754],[126.65498170730868,34.121887774305904]],[[126.64995288317512,34.13888642917064],[126.64846547015674,34.140198118402886],[126.64609800592596,34.13848896194862],[126.64244174975241,34.13895704272247],[126.63817937993451,34.13523305228827],[126.64355227146305,34.13225524110335],[126.64236935745573,34.129772877575114],[126.64420408364187,34.1287168993081],[126.64613257258722,34.13122538476328],[126.6511956303092,34.1299141524093],[126.65216055249141,34.128779863466235],[126.6510202102025,34.12847344946194],[126.65173620587542,34.12596620509056],[126.65103764987866,34.12528605946256],[126.65107229293173,34.125005286316885],[126.65340319296095,34.12600196041659],[126.65433095836335,34.12757631817207],[126.65331375779586,34.130462742750154],[126.65047498156315,34.132307726324115],[126.65045668041861,34.13396073803382],[126.65157017933399,34.13430328504194],[126.64951190640951,34.135973654367085],[126.64995288317512,34.13888642917064]],[[126.63548867232163,34.18018391842478],[126.6404192659442,34.181703482358394],[126.64182503844435,34.184425286572825],[126.63963229572518,34.185421085620185],[126.63766005042118,34.184968133227876],[126.63861259010744,34.18632140691751],[126.63700711383542,34.1867649892784],[126.63727157186916,34.18773521211507],[126.63604521335297,34.18829014052561],[126.6347862734904,34.18694135938255],[126.63422982786862,34.17957393142676],[126.63591999731374,34.17957750700358],[126.63548867232163,34.18018391842478]],[[126.64094905275235,34.15116985269055],[126.63734275340362,34.15285546980209],[126.63672167143311,34.150688707179526],[126.63650040230482,34.15063825100984],[126.6370466495377,34.153680858791525],[126.6306979190283,34.153256927547105],[126.62984428046994,34.15018684921191],[126.63026197085806,34.149141302536385],[126.63367349566174,34.14875307859044],[126.63583133530155,34.14414642942854],[126.63828578027298,34.143260606631586],[126.64054822384264,34.14486119848027],[126.63741513371049,34.145329492493715],[126.63758366313989,34.14697323427155],[126.6387552041539,34.14700835171773],[126.63631575179531,34.14817299782598],[126.64094905275235,34.15116985269055]],[[126.63184708053124,34.20620784906682],[126.632856267744,34.20362517843662],[126.63316997154261,34.2044075316862],[126.63632449263586,34.20435859687543],[126.63625630965711,34.20586579287075],[126.63184708053124,34.20620784906682]],[[126.62328358059439,34.158680162364675],[126.62120653495917,34.16041732491899],[126.61833708687861,34.158925002283894],[126.61722199546954,34.159680793408114],[126.61447251806955,34.15869698231403],[126.62137723454711,34.15632709003068],[126.62118740452088,34.157155743562484],[126.62328358059439,34.158680162364675]],[[126.60732753099259,34.24380505441959],[126.6072053949889,34.24173787686371],[126.60925294984959,34.24104024852784],[126.60874656222899,34.23839939085763],[126.60992051116325,34.23823171813509],[126.60886379821291,34.237598275019586],[126.60937146937295,34.235090320794995],[126.61084148364924,34.23503988557966],[126.61162042092303,34.236313700017185],[126.61371657632327,34.236054361866024],[126.61297136315291,34.23724631687595],[126.61464704506838,34.238243317776316],[126.61518395363127,34.24026182760981],[126.61272646557,34.24069028166439],[126.612690640944,34.24268669232903],[126.60966166295908,34.242895274837025],[126.60836782952249,34.24438020394896],[126.60732753099259,34.24380505441959]],[[126.59988911162358,34.16509298953352],[126.59959731434581,34.16386534450111],[126.59769860629739,34.16294204266642],[126.60050987310518,34.16183572854969],[126.59975833284948,34.16131334386745],[126.60146067656125,34.15925952693476],[126.6059836036699,34.159878171655656],[126.60718392112753,34.15872643234991],[126.60794767731949,34.15922232509821],[126.60633851176826,34.159938461430976],[126.60667412538433,34.16156825413009],[126.60431740409419,34.1629307901566],[126.60220166065707,34.162827495044034],[126.60466491943919,34.16435637435618],[126.6044797758988,34.165023043941034],[126.59988911162358,34.16509298953352]],[[126.59512186930883,34.106690940507306],[126.59208574509309,34.10469789007174],[126.59088891108723,34.10541408007382],[126.59130922058017,34.104720272056795],[126.59014594426198,34.10362402361474],[126.59235021010092,34.103860535606415],[126.59358227138284,34.10287407822152],[126.59451648274128,34.103967778029805],[126.6001562181693,34.10520632204868],[126.59512186930883,34.106690940507306]],[[126.56990955715854,34.15994547320731],[126.57106214157425,34.1579574521712],[126.57007986317974,34.157474707595824],[126.57209212524553,34.15618106729742],[126.57748790017675,34.15673684703323],[126.57943990164237,34.15847633425909],[126.58367679136549,34.159215112055215],[126.58548017501343,34.158287611598304],[126.58681141098374,34.15869572279609],[126.58629029666479,34.15748549023605],[126.58767292386223,34.15688863527819],[126.58909282091649,34.16115227100392],[126.58850402936677,34.16270124051384],[126.59034702972838,34.16375462831542],[126.59345165010942,34.16209880772892],[126.59248193253497,34.15944175283213],[126.59492992707087,34.15988919023549],[126.59606217854257,34.162131444259394],[126.5949948417714,34.16280905731897],[126.59632513668147,34.16325911709323],[126.59559990489696,34.16407719862777],[126.59596205914762,34.16584578331801],[126.59452755560481,34.16641797474451],[126.59589091363092,34.168842221340746],[126.5904467451149,34.16773938380283],[126.59093347965577,34.167295827948344],[126.58953829091625,34.16514040723073],[126.58543668272846,34.164284491397936],[126.58510535829173,34.16227554321764],[126.58650239822558,34.161183993136056],[126.58551358504917,34.159334404927996],[126.58289000111412,34.16003425242542],[126.57633628047992,34.16497790888495],[126.57736440502384,34.16748221545521],[126.58199540951551,34.16761543763981],[126.58262591874526,34.16879996149856],[126.58503713273326,34.16967862789332],[126.57770806876343,34.16864960026929],[126.57503940669238,34.16623377048532],[126.5754050638786,34.16379891719634],[126.57399046403346,34.16238929293817],[126.57169474715313,34.1628905677688],[126.5721380612158,34.162072661378694],[126.56990955715854,34.15994547320731]],[[126.55630028833127,34.16056855169492],[126.55592046245539,34.16153114648577],[126.5552613355285,34.16155958378793],[126.55564029016595,34.16274434084182],[126.55892949897824,34.16281926441104],[126.56092881962896,34.16454084141603],[126.56159144884384,34.1689084952119],[126.5626808782227,34.169045255880185],[126.56358231892177,34.167802855948466],[126.57043780570278,34.169274192893255],[126.56343242907117,34.17004876715201],[126.55889357332751,34.16755800068584],[126.55565137623877,34.16772133014796],[126.55443163103558,34.16931750199927],[126.55604257105607,34.171182801061],[126.554065587999,34.17042407442003],[126.55177583429324,34.17096919644561],[126.55035696373753,34.16823889955477],[126.55457718571017,34.16575322687688],[126.55536133113685,34.16434002385911],[126.55279897834819,34.15950583507846],[126.55170066569599,34.1598208909291],[126.54994159876259,34.1584670631645],[126.55054579275095,34.15569530808168],[126.54947536212279,34.15417115686468],[126.53924578826489,34.150504248015146],[126.53946144147663,34.14581241402737],[126.54201291838481,34.145407227321954],[126.54474590407547,34.147633151378194],[126.54413952864552,34.149173927978],[126.5456182223031,34.151639521967624],[126.54851277072507,34.1512298941038],[126.55124900591397,34.152746687037734],[126.55450489589919,34.15313542447705],[126.55567479264676,34.15440083133736],[126.55498668259155,34.15817586823217],[126.55630028833127,34.16056855169492]],[[126.56983967681383,34.1338977314489],[126.56905139342172,34.136633860438366],[126.56702909743301,34.13455818454118],[126.56983967681383,34.1338977314489]],[[126.56372176075031,34.13537617016409],[126.56455797474655,34.13698605686842],[126.56303243761333,34.13707221246012],[126.56284659795418,34.141031470854756],[126.56618872949768,34.14545587794723],[126.56492102680025,34.145382711030415],[126.56467699765236,34.144184612051376],[126.56349044318482,34.144957520228196],[126.56034473402134,34.14361965600037],[126.5606223001857,34.14272375469313],[126.55965636189018,34.14265274334075],[126.56082012792771,34.14065572094353],[126.55845195841391,34.139751817127554],[126.55725158871648,34.137963041678255],[126.55884639619886,34.13713165212154],[126.55870935394391,34.135726716652954],[126.56372176075031,34.13537617016409]],[[126.55421305746302,34.173692156493885],[126.55520426166068,34.17441354002202],[126.550840729962,34.176682705858475],[126.5498848604269,34.17813276468058],[126.54895804407383,34.17784622944866],[126.54867053986155,34.17702379456285],[126.54996191869431,34.17648443001976],[126.54924866911341,34.17556297842849],[126.55421305746302,34.173692156493885]],[[126.51756632840089,34.12598474868207],[126.51928487122831,34.12615043167445],[126.51828957604255,34.126976753383786],[126.51949508742949,34.12833543738223],[126.51809320891026,34.12863342604957],[126.51783603443027,34.12959791557957],[126.51682073722442,34.12903202042163],[126.517703386096,34.1304187908697],[126.5142594350743,34.13003623205335],[126.51079870554892,34.132315687754925],[126.50753578019237,34.12999678351246],[126.51185451939172,34.126857128043845],[126.51414436381769,34.12783247540426],[126.51756632840089,34.12598474868207]],[[126.51848800677013,34.16529808124835],[126.51914620602811,34.16622012602018],[126.51701963662508,34.167349514262085],[126.51680980783964,34.16534370881937],[126.51848800677013,34.16529808124835]],[[126.50744966655317,34.14064100183216],[126.50872190795867,34.14287188222011],[126.51053684155947,34.141557192280295],[126.51322016975007,34.14330021785958],[126.5094071447075,34.145167938038654],[126.50917109231432,34.14617359882144],[126.51083012607347,34.14672844548149],[126.51300885772899,34.14590185308145],[126.51327712267292,34.14665295298436],[126.51162386089943,34.147222278782834],[126.51118005520945,34.14875554211612],[126.51356885460629,34.1504337734988],[126.51304035615101,34.15168258301671],[126.51008094911778,34.15246424155541],[126.50678014915013,34.15108327122032],[126.50706283377725,34.149409978453065],[126.5087646742726,34.14912916172512],[126.50486795246609,34.14862380084998],[126.50524830739695,34.14776420605383],[126.5038148778719,34.146754359041026],[126.50744966655317,34.14064100183216]]],[[[126.92845389792153,33.99329749612791],[126.93709350905581,33.98781813835683],[126.94287499291829,33.98021841957456],[126.94112191049545,33.96847760002566],[126.93910573488863,33.965251006488096],[126.93495365312427,33.96354223568588],[126.92729312388678,33.964604726848314],[126.91561613402375,33.96436748801922],[126.91275923651023,33.9650487170345],[126.90991347947008,33.96727007316447],[126.90775990940537,33.96993958226276],[126.90367402953734,33.980631176132164],[126.90433752436039,33.984819771918765],[126.9079994336895,33.989494550610296],[126.91615612195191,33.99482156655443],[126.91912224963403,33.99566246559337],[126.92845389792153,33.99329749612791]],[[126.93456522481311,33.97995428612312],[126.93463089042729,33.979596252213696],[126.93480722796099,33.97969507425439],[126.93456522481311,33.97995428612312]],[[126.9329387246025,33.97907683491724],[126.93156428367968,33.97786022361835],[126.93227926962064,33.977336053949855],[126.93347487912382,33.97766254146336],[126.9329460165498,33.978969692161904],[126.93402304880388,33.97929472893857],[126.9329387246025,33.97907683491724]],[[126.93357477433295,33.978449587070635],[126.93342173190268,33.97838747739391],[126.93355901440542,33.978413508176715],[126.93357477433295,33.978449587070635]],[[126.93077318746545,33.9757615962661],[126.93273662111362,33.97553511582378],[126.93262147043343,33.97660074135374],[126.93103733060468,33.97645983840445],[126.93077318746545,33.9757615962661]],[[126.91952292753685,33.99063192059194],[126.910356403335,33.98359446990219],[126.9097276169835,33.98083937204969],[126.91361297505019,33.97956065346312],[126.91461707215302,33.980828311858986],[126.91361653305678,33.981648985641364],[126.91488171034676,33.98166102438594],[126.9144246957377,33.982791706629264],[126.91250379395984,33.98110622367401],[126.91135245157764,33.98206729132323],[126.9112709080161,33.9824981084475],[126.91338300180318,33.98390149649679],[126.9140003162177,33.98390662436407],[126.91460214251141,33.98328399460997],[126.91556111280742,33.98328422541463],[126.91647543347304,33.97992736649773],[126.9177308656823,33.980880701152714],[126.91812976910333,33.97970336686973],[126.92041552627262,33.98248403651912],[126.92241242628914,33.98227350192407],[126.92277055148851,33.983409576764444],[126.92438157055435,33.98320140461706],[126.92333751291979,33.981691857493445],[126.92400773039166,33.98116037843651],[126.92494057587683,33.98283852707531],[126.92558895747152,33.98287577364401],[126.92522786491139,33.98179963870884],[126.92702227239953,33.98218308370213],[126.92669188402124,33.98264443951364],[126.92757629362957,33.984298188112035],[126.92973766712892,33.982700306233745],[126.93078156996408,33.982716325744605],[126.9308233736284,33.98355817057447],[126.9324496154054,33.982757804225585],[126.93077793725601,33.9853573077694],[126.92614173460302,33.98863826964536],[126.91952292753685,33.99063192059194]],[[126.9321072632412,33.9843129840227],[126.93202335000885,33.98409807535086],[126.93210131498815,33.984121333643934],[126.9321072632412,33.9843129840227]],[[126.92703743018838,33.982646145305665],[126.92724085979016,33.9827381699265],[126.92718099803021,33.9827937491776],[126.92703743018838,33.982646145305665]],[[126.9271978888269,33.97591940641142],[126.92711353874734,33.976315199386924],[126.92688138618611,33.976061170152114],[126.9271978888269,33.97591940641142]],[[126.92522936084093,33.98256137773658],[126.92516956187956,33.98258164315161],[126.9252372695155,33.98249105433995],[126.92522936084093,33.98256137773658]],[[126.92249030872361,33.97458012233631],[126.92248244022952,33.97422923266509],[126.92269755290816,33.97440379848166],[126.92249030872361,33.97458012233631]],[[126.91757382078615,33.97466047135217],[126.9143490733348,33.974092117138404],[126.91371594021817,33.972994712624605],[126.91518467449731,33.97318416092553],[126.91565107107448,33.97171116937106],[126.92230360650557,33.97199288941522],[126.91757382078615,33.97466047135217]],[[126.91435199812393,33.97462116422271],[126.92122386823928,33.976635865561825],[126.92073886445272,33.97719135994992],[126.91948968473952,33.976237996474985],[126.9181658589227,33.977115937878],[126.91660385181292,33.9761589885183],[126.9143513847059,33.97826068537566],[126.91254159059052,33.97691752817751],[126.91435199812393,33.97462116422271]],[[126.91460979065997,33.971901302682554],[126.91423062470389,33.972175794257026],[126.91418905966455,33.97193458734469],[126.91460979065997,33.971901302682554]],[[126.91421008439454,33.983322032476885],[126.91434773729218,33.983495268549],[126.91415008455071,33.98341933705372],[126.91421008439454,33.983322032476885]],[[126.91409307667446,33.97856705857905],[126.9136625071872,33.9789070257605],[126.91363037168867,33.978680367318155],[126.91409307667446,33.97856705857905]],[[126.9131433352411,33.983563594116724],[126.91337373252485,33.98333978326739],[126.91392899867438,33.98376854061254],[126.9131433352411,33.983563594116724]],[[126.91179084336842,33.98201000356751],[126.91187848146724,33.981771730081164],[126.91200121053437,33.98177401000192],[126.91179084336842,33.98201000356751]]],[[[126.88480054936018,34.15638859322207],[126.88480165620474,34.15638805337144],[126.88480038669822,34.15638859306759],[126.88480054936018,34.15638859322207]]],[[[126.55630028833127,34.16056855169492],[126.55629461240228,34.16057452333792],[126.55628533816953,34.160584849666414],[126.55630028833127,34.16056855169492]]],[[[126.48001546546342,34.170883091874664],[126.47924152552898,34.16986372606071],[126.48070785798492,34.17047601654978],[126.4809347714658,34.16887006791627],[126.48049929907003,34.16981831666398],[126.47874953143554,34.16937634317295],[126.47641057735026,34.167492005898616],[126.47635045885605,34.16611899889104],[126.4792942894479,34.16600410348987],[126.47964168971774,34.16377119647093],[126.47694879213756,34.16299146303392],[126.47518382369309,34.165245581521035],[126.47544768037767,34.17006065735228],[126.47829034006226,34.17156306357445],[126.48001546546342,34.170883091874664]]],[[[126.35155309367343,34.283629393582856],[126.34938762451702,34.28490332356131],[126.34882112749806,34.28562814930714],[126.35056637265582,34.285744912310754],[126.35155309367343,34.283629393582856]]],[[[126.34858153291916,34.28552586423701],[126.34805678740743,34.28441167201592],[126.34618984051862,34.28580773377305],[126.34684481190108,34.28640202563966],[126.34858153291916,34.28552586423701]]],[[[126.33014338863616,34.25120851099361],[126.33204954946808,34.24936771629928],[126.33220889827966,34.248510948344325],[126.32904234570044,34.24996544899058],[126.33014338863616,34.25120851099361]]],[[[125.98284939129677,34.4282972209721],[126.00803565911596,34.42748369066333],[126.04721059680563,34.404598479819384],[126.10433010715352,34.358037215077395],[126.12414947350995,34.36675748893054],[126.13162207386492,34.364657253074945],[126.13220084930092,34.363553987705345],[126.13133780376262,34.3617973869459],[126.13793615631823,34.36287033833172],[126.13811067514072,34.363929484806015],[126.14108049708325,34.36466913516371],[126.14020026838568,34.36633866854294],[126.14173262645834,34.366685062538785],[126.14203425470986,34.369396921407905],[126.14394427333566,34.370589438734555],[126.14378857999016,34.373444651745274],[126.15019702338476,34.37301320523069],[126.16719503005494,34.37560205938351],[126.17300179273165,34.374923686434826],[126.17333191201223,34.37607071788332],[126.18271046669211,34.37076398517494],[126.18326471861745,34.36936996338868],[126.18165617987657,34.36788501507085],[126.18234147453882,34.367245744761604],[126.18089622339399,34.365312053753975],[126.18116070906841,34.367446799577294],[126.18098005817173,34.36711658186709],[126.18008901743482,34.363393659130686],[126.18051720912705,34.35922678863788],[126.1765550994107,34.354952131015544],[126.17435786364763,34.35403772435484],[126.17401127180274,34.352379193915375],[126.17342409929668,34.26534788274953],[126.18681020639944,34.26208813176859],[126.18825447865713,34.25195913672499],[126.18328910935061,34.23633083166392],[126.17414932494535,34.21812972024768],[126.08891051449724,34.22761541627255],[125.94501981438034,34.1402306162024],[125.85359064022317,34.19626855238687],[125.83425706561624,34.21805951481866],[125.88556834400417,34.3101833645931],[125.93344418579414,34.3712880128487],[125.93627659105877,34.37511913348589],[125.93563722485204,34.37648962982273],[125.95487500118128,34.39665575425019],[125.9788535161003,34.42472752316805],[125.98284939129677,34.4282972209721]],[[126.18274538912817,34.2538884563821],[126.17952914283215,34.25520940100924],[126.17973371634992,34.253188457661146],[126.18274538912817,34.2538884563821]],[[126.16750098800593,34.3614462624216],[126.17003546366126,34.36167643926536],[126.17102743729004,34.362996585949936],[126.17526678024171,34.3618977686736],[126.17656037079728,34.36198201453783],[126.17372127029819,34.36334989463068],[126.17484367223878,34.36397120500874],[126.17505604432088,34.36717379022551],[126.16915243454176,34.363959749307746],[126.16822022722124,34.365405578955645],[126.1666460399522,34.365693509127894],[126.16696353385599,34.36678059893083],[126.16515627356726,34.366490316219284],[126.1650361287266,34.36881186771768],[126.16348374529082,34.36779985324297],[126.16093728719305,34.36777881603837],[126.159677475153,34.365857698012604],[126.1536857499876,34.367546574968024],[126.15379401044586,34.366581760302886],[126.15627441467475,34.36608274854528],[126.15700614560328,34.363046954496184],[126.158368349833,34.3643302544078],[126.16039555911938,34.36376412429496],[126.16003270642851,34.364788593072326],[126.1611001600008,34.36527389458063],[126.16377273820078,34.363933863199236],[126.16052491735057,34.3620098152076],[126.1644336269206,34.362231421366786],[126.16715877863204,34.359366223602784],[126.16800817638118,34.360419408497066],[126.16750098800593,34.3614462624216]],[[126.15156916789678,34.26198287447871],[126.15296896184485,34.25943815490707],[126.15464878024245,34.25964689941731],[126.15156916789678,34.26198287447871]],[[126.10142882417382,34.26823472731568],[126.09970555738795,34.266904670782985],[126.10134204959564,34.2650617930314],[126.10611831790203,34.26696501170475],[126.10200297572118,34.26681476519185],[126.10142882417382,34.26823472731568]],[[126.07896393245254,34.28547056044624],[126.07976454064763,34.28543217062265],[126.078827619221,34.28601581666448],[126.07647575119012,34.28538182580304],[126.07605399443231,34.28727249691447],[126.07552559048224,34.2855268314926],[126.0732337365865,34.28549985672843],[126.07255602379551,34.28430590132899],[126.06925310403217,34.284589789526784],[126.07199251509721,34.282875738371395],[126.07259917616888,34.284235312058854],[126.07522617313194,34.285333977102646],[126.0792740344407,34.285072807703564],[126.08144158738659,34.2842175950341],[126.08145384574517,34.283147378139695],[126.07997011946502,34.282591597373916],[126.07993594781603,34.28144784331368],[126.0812462710109,34.281582755288504],[126.08203401442094,34.283827471107976],[126.08382673676466,34.28420809237503],[126.08284651794334,34.2855699665562],[126.0836119984971,34.28667190043908],[126.08229862958686,34.28723407497603],[126.08352110110363,34.288942924085944],[126.08184421944604,34.28783823715547],[126.08076399553472,34.289706051647464],[126.07949595122051,34.289060659269424],[126.08099968671593,34.28591067256821],[126.08047400216044,34.28520828606316],[126.07896393245254,34.28547056044624]],[[126.0786224894047,34.24721006349117],[126.07890033816646,34.246250229446744],[126.08141107315734,34.24517823578426],[126.08187899990514,34.24723737037981],[126.0786224894047,34.24721006349117]],[[126.07659603154349,34.246738445959636],[126.07750433829231,34.24719162739761],[126.07788296388965,34.247997119174286],[126.07604954674943,34.24819355716975],[126.07659603154349,34.246738445959636]],[[126.06720629953298,34.297144604302694],[126.0662222257149,34.29505453026315],[126.0634967660063,34.29506411162574],[126.06506217598113,34.29288685965605],[126.06386251911599,34.29250675288727],[126.0643182061478,34.29088870324774],[126.0631303652217,34.28969271512716],[126.05600548527487,34.29158148670231],[126.05539272561228,34.289788384672455],[126.05780986202552,34.28881309627099],[126.0569847737576,34.2885450429534],[126.05853573807741,34.28677619430467],[126.05863492620337,34.28765622123859],[126.06065754043087,34.28772459979238],[126.060793606281,34.28936151306484],[126.06539734700557,34.28970407695162],[126.06609283131785,34.28727050663307],[126.06478828560343,34.28630582714623],[126.06513389026591,34.28556664632835],[126.0663096552502,34.28684533868183],[126.06942360602656,34.28772514205866],[126.07032465326802,34.28852978456578],[126.06737111295952,34.28891347686148],[126.06679131147908,34.29072982848897],[126.0684718200682,34.293541171960115],[126.07179411054362,34.29505396997618],[126.07103628094121,34.296544318191145],[126.06720629953298,34.297144604302694]],[[126.06003011317235,34.30332033019755],[126.0615073595623,34.30339387190873],[126.05868186358776,34.304377137482724],[126.05872809733694,34.305354875912265],[126.05685147914824,34.30393905675072],[126.05869139491699,34.30575610231891],[126.05499787678718,34.30822192572838],[126.04998406542401,34.30805105237062],[126.05162733444888,34.30697112904899],[126.05030642892041,34.304307684998456],[126.05157959651741,34.30415640413131],[126.05151755061121,34.30200578140852],[126.05028130665134,34.30315023546632],[126.04719375241768,34.30244792207298],[126.0472007570247,34.30378402162012],[126.04492580373802,34.30284197596397],[126.04413412770968,34.305362028863534],[126.04692738239723,34.30515970017098],[126.04838105615868,34.306336889257814],[126.04650608113086,34.30716219962324],[126.04510608095045,34.30931739131303],[126.04416710783066,34.30897569732649],[126.04447990394016,34.31191892685532],[126.04229150426806,34.314043744437996],[126.04017472126102,34.3145384805041],[126.03815584705383,34.31355370613188],[126.038102847259,34.31484298796215],[126.04008063677334,34.31521351068528],[126.03897198388708,34.31642968994828],[126.04013241603636,34.318403160334384],[126.03873314844319,34.31894660571775],[126.03840224905548,34.31733616397256],[126.03676202395565,34.316497301289566],[126.03683125669347,34.31403863812507],[126.03442085772359,34.31145686772787],[126.036360938741,34.31164345806039],[126.0378032058508,34.31070057255982],[126.03872526746215,34.311736160067696],[126.0413986973758,34.31152672594808],[126.04270647717576,34.310305320703534],[126.04260933631198,34.309286660728944],[126.04125234976385,34.30957281119692],[126.04257118771568,34.308181663159594],[126.04212515728189,34.306881926174455],[126.04013700075252,34.30644981538711],[126.03943160576584,34.30791251651877],[126.0355627906389,34.31008917166237],[126.03521422336364,34.308211107137474],[126.03334791010664,34.30742230252279],[126.03326149403932,34.30448249404144],[126.03641667560666,34.300544617925894],[126.03461230266394,34.299936788216684],[126.03592361367298,34.29853969136141],[126.03537317007779,34.296077480424906],[126.03704782129896,34.29510479078097],[126.03817892550263,34.295909800633474],[126.04066347775017,34.29510746009105],[126.04075498192728,34.293914973289354],[126.04202639489537,34.293802412026],[126.04244907874808,34.295682791245206],[126.04148609573728,34.29745751574322],[126.04248676285775,34.297732618648126],[126.04420677323749,34.2965430659642],[126.04424600883664,34.29505169334608],[126.04627449829384,34.29592718768608],[126.04697095809334,34.29389215854691],[126.04822430033127,34.294342249469956],[126.04817292381021,34.29242687250738],[126.05005023252691,34.2933683484021],[126.0538403903759,34.29338563967121],[126.05409804165048,34.29468883934195],[126.05138228484032,34.296902059980944],[126.05315205930782,34.29883784146781],[126.0515350536478,34.30016061355204],[126.05154469191083,34.301504369545135],[126.05303287270917,34.30215157379753],[126.05449889496553,34.301151519881046],[126.05467488230859,34.30287767984217],[126.05591994768157,34.30222086308502],[126.05846966497276,34.3043244650186],[126.05940683105251,34.30361167923272],[126.05882488705383,34.30262646681272],[126.05968203140783,34.30240406660179],[126.06003011317235,34.30332033019755]],[[126.05260850356,34.24081003384276],[126.05161724440184,34.23957601512262],[126.05025468400788,34.239038855690694],[126.04997325102771,34.23971281024043],[126.0481084144503,34.23835485704597],[126.05081649930479,34.2360902661478],[126.05560329582282,34.23678651800466],[126.05605346993529,34.23859872299529],[126.05260850356,34.24081003384276]],[[126.05296383666595,34.28353010177705],[126.05365806368252,34.284608122460504],[126.05224458183436,34.28543053526728],[126.05245452987556,34.28694841729083],[126.05436797170941,34.28830457945803],[126.05452563713507,34.290244575725275],[126.05099452453896,34.291976492382666],[126.04902263058483,34.28986224639769],[126.05157805610409,34.287093275460435],[126.05069021350964,34.286084315060734],[126.05111714843632,34.28510619441149],[126.04764798648675,34.28582817480855],[126.04677720969171,34.28473577390972],[126.04945895552169,34.283906733070715],[126.05138556994454,34.28473337635874],[126.05296383666595,34.28353010177705]],[[126.05217507740554,34.32721041855354],[126.0487302927931,34.326295182162156],[126.04749315705834,34.32731203145059],[126.04724073767376,34.32463120608199],[126.04535003363888,34.324974987979374],[126.04674570711974,34.32404513103439],[126.04623698716814,34.32253420337469],[126.04919109973505,34.324492159429475],[126.0530895988058,34.323577669774764],[126.05289364384655,34.3247338991543],[126.05413963065563,34.32551735998478],[126.05217507740554,34.32721041855354]],[[126.04837685001226,34.400188693914586],[126.04441176560152,34.39953741215293],[126.04632175620426,34.39845432407119],[126.04493086021063,34.39804499408852],[126.04423163338154,34.39608379187004],[126.04686440287736,34.39566355518407],[126.04658420237158,34.3977414006188],[126.04944189606849,34.39798408433274],[126.04837685001226,34.400188693914586]],[[126.03323510757984,34.335878889698],[126.03127829617253,34.33464939330592],[126.02952684357112,34.33517104446463],[126.02949378943457,34.33390273221691],[126.0282615428132,34.333899995089624],[126.02970776247388,34.33205342542266],[126.02928271173764,34.328659223524966],[126.03084789332549,34.328643107607625],[126.03138037245756,34.330633718471375],[126.03324405887565,34.33129655001646],[126.03136871210152,34.33269941545336],[126.03257364857672,34.33416789162751],[126.03877793510603,34.328914361167485],[126.04257749941452,34.330298208733964],[126.0428016548844,34.3317902188235],[126.0459746070939,34.33299651237857],[126.04328539643437,34.334492753904165],[126.04196302848963,34.33271718229244],[126.03910500785892,34.332715029990545],[126.03773938366193,34.334099633321024],[126.03847058294723,34.33565734184913],[126.03605435127088,34.3342894986916],[126.03525537569182,34.33559839295374],[126.03323510757984,34.335878889698]],[[126.04385951108426,34.236034288145675],[126.04565288736606,34.23976537908276],[126.04120378035265,34.24004209715402],[126.03820433722593,34.23807333343152],[126.03887925002311,34.237822722241894],[126.03959041599119,34.237131684463165],[126.03975510130924,34.23690650622308],[126.03986944879483,34.23663425622093],[126.03891328140993,34.237102266536475],[126.03774247004115,34.235537952746846],[126.03988782000006,34.232787718496816],[126.04222958551725,34.23363391849859],[126.04217338781925,34.23548574136797],[126.04385951108426,34.236034288145675]],[[126.02582617798441,34.29614153731262],[126.02873542739427,34.29566771607826],[126.02802861068601,34.29642464452952],[126.029063695357,34.296817541962795],[126.02764485082972,34.29973600775114],[126.02879690078205,34.300543757837524],[126.02832175959378,34.301983992242725],[126.02553023537192,34.29889250381967],[126.02582617798441,34.29614153731262]],[[126.02165657109971,34.328398981655496],[126.02343218910843,34.33059983509042],[126.02556598173504,34.329879505384135],[126.02688977013968,34.330675219232084],[126.02465947984003,34.332341375210405],[126.02413521210737,34.3308737037992],[126.0216579058618,34.33180249217985],[126.0216822656889,34.33293084355534],[126.02022355296894,34.33218865547743],[126.0207240900766,34.33327467708236],[126.01952006266488,34.33374386777685],[126.0196077613734,34.33438678472785],[126.01923824685471,34.3346060597303],[126.0178632693888,34.33406167566168],[126.01799979390248,34.335675391341724],[126.0167362741405,34.33222685645717],[126.01503637446592,34.33229572887213],[126.01661387413998,34.33166366920458],[126.01636379358564,34.33007467453823],[126.0174627733327,34.33108112074863],[126.01553440296343,34.32889584543149],[126.01577844854128,34.32816440717572],[126.01709304301622,34.32883177955489],[126.01690571243441,34.327208972185154],[126.01530488057772,34.32670541784724],[126.01130744715573,34.32888871504257],[126.01183289067924,34.3276170708791],[126.01033467789826,34.32567153517055],[126.01107031565049,34.32326468476283],[126.00912819683766,34.32212327840857],[126.0106615221027,34.321266668491354],[126.0119624263829,34.32289911810628],[126.01563583648223,34.324173010222985],[126.01548979108766,34.32511290003081],[126.01768731836647,34.3260361020495],[126.01755080042882,34.32677296066836],[126.02039001531749,34.326447947185514],[126.02079178160152,34.32869442659388],[126.0209950392952,34.32650905939824],[126.02206497126893,34.32564728932143],[126.02041469315625,34.32547206760802],[126.02127308363342,34.32386738161198],[126.02258835987287,34.32582349343175],[126.02161835629389,34.32668933978036],[126.02273495329042,34.32707297425574],[126.02165657109971,34.328398981655496]],[[126.0194702906617,34.35259792888815],[126.01815249294266,34.350831419511344],[126.02002537621486,34.34925089518159],[126.01755607901697,34.348107557151366],[126.01776569421605,34.347433748491326],[126.02003242302173,34.348158305523604],[126.02187044417079,34.34722352468032],[126.02355563940793,34.3481397837017],[126.02212132117612,34.35162521469455],[126.0194702906617,34.35259792888815]],[[126.02135178030095,34.3219921771381],[126.02104667455836,34.323656482740645],[126.01786717335021,34.32277378470973],[126.01889960338822,34.32105964180846],[126.02135178030095,34.3219921771381]],[[126.01344921237387,34.31137057554795],[126.01412271145378,34.31247321882168],[126.01335187262677,34.313805925920285],[126.00952363305083,34.313283588949155],[126.01006881536227,34.31140562567412],[126.0126085426793,34.31202311708754],[126.01344921237387,34.31137057554795]],[[125.99924230168483,34.33888620261521],[125.99703771740896,34.33810968888437],[125.99855670020084,34.33774257530903],[126.00015343485387,34.334130564859684],[126.00111705748903,34.334322403276815],[126.00105356088154,34.33578459346612],[126.00162116221037,34.33521245125815],[126.00303919333086,34.3355191027708],[126.00014785272853,34.33662236844211],[125.99924230168483,34.33888620261521]],[[125.9991885214844,34.28872471014017],[125.9994410993713,34.2898816376875],[125.99684973388955,34.29089206424418],[125.99600162669024,34.29018538002383],[125.9991885214844,34.28872471014017]],[[125.99559113810517,34.2724956191099],[125.99358661184596,34.27200857580536],[125.99212711095755,34.27018723233709],[125.99224802192255,34.26685280028136],[125.99405383635718,34.268167047536835],[125.99570842406798,34.26755576906542],[125.99510328779998,34.270127988328404],[125.99549916677377,34.27060004755855],[125.99712014129165,34.27057526418538],[125.99723371001751,34.270691001555875],[125.99559113810517,34.2724956191099]],[[125.9950696006138,34.26441512416204],[125.99366617743652,34.2639944769845],[125.99251322781525,34.26489101664612],[125.99033002209649,34.26240895227952],[125.99599937106044,34.261582048557955],[125.99475495162964,34.26297454232379],[125.9950696006138,34.26441512416204]],[[125.97954000106448,34.296034534259924],[125.98170297904458,34.29665825353697],[125.98252969261122,34.30010799901207],[125.98186377280895,34.30029009160404],[125.98294497721238,34.30083873457172],[125.98061743708371,34.30058190842442],[125.97775724131603,34.30231257564156],[125.9778976409488,34.29895783606267],[125.97710550971209,34.29788872801618],[125.97954000106448,34.296034534259924]],[[125.97548278915403,34.32094561390731],[125.97446837290381,34.32116032353368],[125.97571782902456,34.31914381972711],[125.97371064166438,34.321036241553294],[125.97270560933283,34.320598067534725],[125.97524082201,34.3189871766438],[125.97443922404531,34.319366493786035],[125.97465281295997,34.31832666847785],[125.97400231662812,34.31888101735049],[125.97363250947853,34.318493799013936],[125.97443623423631,34.31293402379617],[125.97412005701221,34.3132972707482],[125.97302490916917,34.312536931093625],[125.97447408626978,34.31286773470118],[125.9740766044556,34.311979876315576],[125.97524808807907,34.310957579612506],[125.9746463993465,34.313144772515685],[125.97555033007353,34.31284547347341],[125.9764831330623,34.31386084340522],[125.97528278729608,34.31396555427958],[125.97595602261681,34.31495016909748],[125.9777715086582,34.31512873845368],[125.97781718082749,34.31587425774739],[125.97692899387343,34.315701879970575],[125.97816257823995,34.31604086988221],[125.97709242546392,34.31606010369971],[125.97781255362233,34.31715045025043],[125.97548278915403,34.32094561390731]],[[125.97692756839608,34.308128011468405],[125.97523799948314,34.310596572563156],[125.97364393462027,34.31019418822869],[125.9713635010501,34.31183096394113],[125.96950096722979,34.31077047083295],[125.96947198157787,34.31013670383161],[125.97108850764121,34.309293504816566],[125.97048216429977,34.31062194749188],[125.9716828430644,34.311347806814446],[125.97097122485575,34.31060811511061],[125.9722399358183,34.31057800056878],[125.9723994383406,34.30938863628755],[125.97124858302854,34.30981323485555],[125.97227926333532,34.30926011080389],[125.97154677139532,34.30909485279754],[125.9720194868731,34.30777234861049],[125.97692756839608,34.308128011468405]],[[125.97122615105575,34.3776782820096],[125.9691005773957,34.378092041714446],[125.97114178336194,34.37583883325569],[125.96954209043078,34.376085938029256],[125.96952720182163,34.37529919049409],[125.96834473701797,34.37514427610763],[125.96867850457262,34.373734310161005],[125.9713275344842,34.37425750713951],[125.97175961201016,34.37588500213846],[125.97122615105575,34.3776782820096]],[[125.96200924188801,34.310486596180674],[125.9631212178122,34.31157278012957],[125.96457316471275,34.31116729473573],[125.96453547007127,34.313406307418965],[125.96185384568977,34.31340012820937],[125.96137898828702,34.31102749278077],[125.96200924188801,34.310486596180674]],[[125.94291693963382,34.24065859066113],[125.93808313704574,34.24024437397048],[125.93999148290422,34.23986700044514],[125.93980123075364,34.23885712652825],[125.93680021098848,34.23781402770467],[125.93806954173375,34.23767233023388],[125.93872703596058,34.236145105533645],[125.9400130755366,34.236802527788036],[125.9407376554688,34.23507548342766],[125.94217298248404,34.23662936209267],[125.9415005832403,34.23839785396442],[125.94349770701106,34.2388365219832],[125.94253954834902,34.23966251958354],[125.94291693963382,34.24065859066113]],[[125.93638483039271,34.375219465370826],[125.93637320042981,34.37522183403875],[125.93638468140179,34.37521921167837],[125.93638483039271,34.375219465370826]],[[125.9310037986834,34.237319688299735],[125.93389561695325,34.23746470865732],[125.93537838790408,34.23798600857711],[125.93247147946488,34.23966098427586],[125.92959282613842,34.23906245272448],[125.9310037986834,34.237319688299735]],[[125.92341761493338,34.25035069413067],[125.92566622314592,34.2491773752018],[125.92540067045694,34.25008557108341],[125.92341761493338,34.25035069413067]],[[125.91729334620864,34.254946857695856],[125.91771768932541,34.25802433862588],[125.91638230384775,34.25814173644439],[125.91636166295038,34.25673491018719],[125.91492825233789,34.25583390988333],[125.91259030912583,34.25672226570421],[125.91192011970324,34.25799546481638],[125.90950557196743,34.25705346035384],[125.91127839135646,34.254284050415336],[125.91440672828956,34.25441447574588],[125.91578782811699,34.25283214925512],[125.91510076260528,34.25186603153647],[125.9129067643681,34.251678390638226],[125.91452410836817,34.250182647875704],[125.91384971394078,34.249313548150596],[125.90715099024021,34.2533790122307],[125.90781651830405,34.252224479142214],[125.90570304737834,34.250953829567564],[125.91050337889152,34.24949070360104],[125.9096360163328,34.24678312024086],[125.91376236937694,34.24502312951307],[125.91828238009143,34.249159398114024],[125.91758069762358,34.24948582444833],[125.91872344592991,34.252166309040874],[125.91729334620864,34.254946857695856]],[[125.85275661048794,34.2177195186764],[125.8528984480735,34.21546670162104],[125.85477899702465,34.21509018367863],[125.85470287162768,34.214300109627246],[125.85649781775379,34.21696804059383],[125.85455096081608,34.2165673485264],[125.85275661048794,34.2177195186764]]],[[[126.12561001522492,34.513018219272695],[126.1250718939569,34.51392079362583],[126.126828186401,34.51402319653056],[126.12679221783866,34.51330819996139],[126.12561001522492,34.513018219272695]]],[[[126.12396568414471,34.51171243325256],[126.12268946568902,34.511870228968796],[126.12405443193911,34.51247625160237],[126.12396568414471,34.51171243325256]]],[[[126.12186774114942,34.510886760877874],[126.12147832760719,34.510866874925135],[126.12191873796036,34.5110752347891],[126.12186774114942,34.510886760877874]]],[[[126.09459003175557,34.43953044288812],[126.09546289145395,34.439639972042706],[126.09476003457155,34.439309728655665],[126.09459003175557,34.43953044288812]]],[[[125.9553439639658,34.788447269881715],[125.95325554237655,34.78805152742952],[125.95461986773961,34.78398331221949],[125.94105035207896,34.77731593363508],[125.93378678541318,34.77536829046365],[125.92714323325197,34.775443630792175],[125.92767036372503,34.78158357907675],[125.92149386036776,34.781627465710194],[125.91687793938372,34.77961945802683],[125.91649037856342,34.78116798256137],[125.90676136821617,34.781506691944514],[125.906248830737,34.77952272040616],[125.90704744322942,34.779183530565874],[125.90490359877077,34.778862132426134],[125.90475639521922,34.77804644315151],[125.90578953270695,34.777532582515406],[125.90602370390695,34.77566768085083],[125.90467784353478,34.77696804185128],[125.90178695326091,34.776523302964364],[125.90520783096102,34.77151170398056],[125.90188336951381,34.76953161919613],[125.8983042980999,34.76300948643097],[125.90011241794691,34.76008477871403],[125.89801763886024,34.75644206968691],[125.89801764894987,34.75459738286458],[125.90119284030385,34.750397282755074],[125.90108458881252,34.74881940841231],[125.89987241301075,34.74644911271891],[125.89549573464824,34.74480730388617],[125.89436958176864,34.7426848691643],[125.89031306516969,34.74127497372396],[125.88974100853544,34.73954649482044],[125.89222034894706,34.73800336089382],[125.89466916210152,34.73470155584671],[125.8947063569439,34.73546185575603],[125.89684786293599,34.733272363113386],[125.90277752027264,34.73031796514131],[125.90138617452823,34.729213564584654],[125.90067445146182,34.72977754256025],[125.90095756315209,34.729068918921094],[125.89994059238879,34.72887798624213],[125.89988114273176,34.7286247525434],[125.90412755638468,34.727761096102654],[125.90460955548203,34.72531526029144],[125.9054146157068,34.72575246403543],[125.90717489222406,34.72471677017107],[125.9062831105975,34.72641922343092],[125.90701972835099,34.726799195920655],[125.90518104716682,34.72755642705742],[125.90569363890206,34.72877055062343],[125.91292686333317,34.72397356178355],[125.92150446873246,34.70965911159012],[125.91800237909537,34.70673971720028],[125.91884992344248,34.69927636613633],[125.91634839346412,34.694379567608124],[125.92024296496015,34.69124946435809],[125.92301583173054,34.690419364193964],[125.92620980081122,34.68743641104314],[125.92498504204924,34.68325665441277],[125.9314440576309,34.680351346873046],[125.93113093909393,34.679601424538454],[125.93203173010576,34.680157003022906],[125.93401279597754,34.67948352123668],[125.9337115341286,34.678754414439396],[125.93519503397366,34.679069980866586],[125.94079712963185,34.67711863117756],[125.94397288595344,34.6772692412013],[125.94570563642651,34.6789675537475],[125.94741137671407,34.67907007262923],[125.95236834995907,34.67699564623757],[125.95554495778889,34.67738825113469],[125.95352615250243,34.67539808784314],[125.95091430904246,34.67552754289722],[125.94865622164322,34.67734309361075],[125.94598880692767,34.6766821805303],[125.94529909479353,34.67514575857506],[125.94738642487368,34.67184789225691],[125.94625924617189,34.671796193922916],[125.94716861658526,34.6709701540104],[125.94661823666132,34.668968870303075],[125.94768843381053,34.668186854865716],[125.9476806494274,34.673121380198474],[125.9502015629846,34.67485950270729],[125.95695098927233,34.674195988700255],[125.95771987155443,34.67497397842369],[125.9564985601911,34.675744185771904],[125.95763829157922,34.67615854053991],[125.96409455762648,34.67231205520338],[125.96459721355255,34.66984403240357],[125.96211578545326,34.663635099545],[125.96558952753422,34.66500942436678],[125.96687239889889,34.66436805468824],[125.96417964254617,34.6623310425273],[125.96331555670717,34.6587818038202],[125.96205216774113,34.659019007756726],[125.95970414071003,34.65740842078893],[125.95968952736656,34.65261829203255],[125.96195486527061,34.64329557590131],[125.96958725232577,34.639918403622644],[125.96891142599331,34.63891958896651],[125.96642630147493,34.63864312762401],[125.96814951024126,34.63632856511503],[125.96701530437105,34.634289016239364],[125.96793649979884,34.633064133944096],[125.97076024586937,34.631667046353115],[125.97012010221175,34.63301691529621],[125.97093433832222,34.63432095604762],[125.97021036967121,34.63500798056493],[125.97450922473544,34.63473174276826],[125.97573095164965,34.629815776489146],[125.97875259920028,34.627373155349424],[125.9796636047663,34.62512842432405],[125.97883041595023,34.62111899602635],[125.99041512773046,34.59167155377141],[125.97636651467144,34.57759560583761],[125.91263677027459,34.565095936658636],[125.88403686121353,34.56065716017052],[125.88032604188531,34.56212842849732],[125.87837570024017,34.58120988025848],[125.834432557708,34.57326486716324],[125.81292853199879,34.57908777018869],[125.7939845717122,34.61806955646488],[125.84943689953202,34.65535489788394],[125.83395920261985,34.70389987180096],[125.83808678342186,34.716543233487535],[125.90842947439633,34.79785050601067],[125.91526932050272,34.797833962594304],[125.95505901578001,34.79004655731191],[125.9553439639658,34.788447269881715]],[[125.97752190059576,34.600495249347595],[125.97614356746179,34.60025127138883],[125.97581978408745,34.598641280045136],[125.97338628448584,34.59908107700351],[125.9743885945725,34.59718863840101],[125.97632342667214,34.598696386322764],[125.97744913704818,34.59815657828299],[125.97752190059576,34.600495249347595]],[[125.87025664706245,34.61152257608502],[125.86962342418077,34.61024047626244],[125.87102735527445,34.60994949511521],[125.8719586578834,34.607640824084044],[125.8725072314789,34.61029876098942],[125.87025664706245,34.61152257608502]],[[125.85807563965146,34.622660785928595],[125.85374829865059,34.62116120969392],[125.85361443638797,34.61976112330985],[125.85232034003495,34.61903238689782],[125.84902448002585,34.62059606184036],[125.84803152132463,34.61958485938627],[125.84734001895073,34.62132526278946],[125.84650214512776,34.62055844323028],[125.84690508175288,34.61962999837921],[125.84563696229132,34.620165247114265],[125.84551009869354,34.619076353975906],[125.84900895046493,34.618468169381146],[125.85033828729749,34.616231000045836],[125.85183059080792,34.61706978056936],[125.85279236872873,34.61503508195025],[125.85483942557738,34.61671785436949],[125.85416571557138,34.617652803463834],[125.85813769487751,34.61853823815092],[125.85881303362248,34.62024712848315],[125.85807563965146,34.622660785928595]],[[125.82419006065942,34.60246380535691],[125.82312023170265,34.601309749408315],[125.82258100484164,34.602389473655144],[125.82150082119767,34.601357231869834],[125.8227818016518,34.598820792770674],[125.82606039008628,34.60021881349345],[125.82419006065942,34.60246380535691]],[[125.82084062285803,34.61224559138174],[125.81956605043806,34.612128015947846],[125.82021338170864,34.61063938557814],[125.82176057183193,34.61114303214981],[125.82084062285803,34.61224559138174]]],[[[125.94718327951334,34.67656007464122],[125.94713450276775,34.67649609164163],[125.94718284052152,34.67655958770926],[125.94718327951334,34.67656007464122]]],[[[125.89839172267327,34.34546768046242],[125.89349042604368,34.34707483922358],[125.89133053354436,34.350909374592185],[125.89308515733913,34.35493081037814],[125.89762693278293,34.35686149391821],[125.90272433223801,34.355397369881054],[125.90505877844002,34.35144622630046],[125.90314386299681,34.34727943760644],[125.89839172267327,34.34546768046242]]],[[[125.90335230906102,34.79380586184833],[125.90310563203664,34.793582255411984],[125.90308169495538,34.793769132716584],[125.90335230906102,34.79380586184833]]],[[[125.80109562127036,34.204108763289],[125.79873573361445,34.204771899172606],[125.79757040127315,34.20659975638429],[125.79816949506247,34.20851780409518],[125.80044572849403,34.20966247163473],[125.80313364482427,34.20901569486577],[125.80429406122845,34.20717679772709],[125.80348944725957,34.205077939644326],[125.80109562127036,34.204108763289]]],[[[125.7887455092275,34.78234278546224],[125.78551380413745,34.78272073748159],[125.78257062239392,34.78445558230339],[125.78145699250238,34.786599687325726],[125.78185739196327,34.78965247434307],[125.78403432837922,34.79211184469375],[125.78682291888704,34.793379819439664],[125.79340430793214,34.792747351598855],[125.79595800374966,34.790236709449566],[125.79586336095689,34.78688868492418],[125.7937948418003,34.78456778144493],[125.7887455092275,34.78234278546224]]],[[[125.68752270573671,34.52355710337456],[125.68789254163865,34.52192513351255],[125.68664629117185,34.51981831636671],[125.68398869914087,34.52089530176244],[125.68469895295428,34.5212634609278],[125.68358447279385,34.52160101695376],[125.68297954939943,34.52327727016348],[125.68752270573671,34.52355710337456]]],[[[125.4623742074273,34.76321555610603],[125.4796833627791,34.73422369753133],[125.48005884446002,34.7268737530627],[125.46860331032059,34.69792774010627],[125.48131434837444,34.65165293769364],[125.46825741864357,34.638405031415274],[125.40883640888546,34.62309248461031],[125.40150981480124,34.62458860325031],[125.3923553703707,34.62886714176365],[125.38433245525424,34.64396644624158],[125.16990268845126,34.666828811673916],[125.18822760170856,34.724450372267405],[125.4434283524074,34.76851069335484],[125.4623742074273,34.76321555610603]],[[125.46102410866956,34.73211727432104],[125.46393283367682,34.728451194963164],[125.4644272325025,34.73039331732406],[125.4670346234117,34.730598972876734],[125.46254718145656,34.733176171596725],[125.46102410866956,34.73211727432104]],[[125.46007505652092,34.723609874112924],[125.45775814668805,34.72164075791323],[125.46259624586457,34.720095497734334],[125.46216271040906,34.720963149759854],[125.46404757094247,34.72214559788418],[125.46007505652092,34.723609874112924]],[[125.43925737443372,34.69744861488934],[125.43336903859509,34.697075595604204],[125.42846157559794,34.6950052144661],[125.42734088705187,34.69618200298685],[125.42560475273363,34.69531304181],[125.42748245505021,34.69381340600485],[125.42597207857412,34.69353272618979],[125.42641418997441,34.69248845089778],[125.4298512094431,34.69246619329949],[125.42895195460629,34.69106938838365],[125.42661602073545,34.69027806965861],[125.42696464877704,34.68825415820896],[125.42988877998565,34.68808298061986],[125.42716722374948,34.687430523359325],[125.42525063324328,34.68501828768925],[125.42299632221841,34.68455926922986],[125.42231387276479,34.683012182941745],[125.4241765985525,34.68299416231246],[125.424759734148,34.68212510603959],[125.42689215226187,34.68316996758099],[125.42586075468985,34.68043277060541],[125.42734994993894,34.68082502640118],[125.42806785262437,34.682242396312034],[125.43015203437218,34.681876487476806],[125.4306309800172,34.68287315665038],[125.43201739598663,34.68242482006759],[125.42996977332542,34.681055815829225],[125.43281013137668,34.679641710503766],[125.43469639300884,34.67987580611477],[125.43604707843451,34.6814554673431],[125.44085917889342,34.68075217834622],[125.44375677936289,34.68226659593293],[125.44350036931375,34.68497975010652],[125.44785216597545,34.68338141385117],[125.4477704363896,34.68486187486092],[125.44966382671237,34.68499345299357],[125.44826395393555,34.68551444145288],[125.44838075209628,34.686414487952966],[125.4469022458683,34.68556604553112],[125.44690415101549,34.686588957455285],[125.44845098734658,34.68736041226945],[125.44656174102303,34.68759428327031],[125.44733075800721,34.68827471166408],[125.44642963772435,34.6896975102842],[125.44450562125745,34.68937921815714],[125.44685468727933,34.69066260811545],[125.44902098297851,34.69013968846236],[125.45333386657984,34.686518015599155],[125.45455346683148,34.68671745835453],[125.45550307457282,34.68371377255961],[125.45483566661314,34.68290093478747],[125.45637006658255,34.68132703917642],[125.45868225943607,34.68164423325894],[125.4592567991054,34.68326259566178],[125.45779681122133,34.68712755135539],[125.458904263144,34.68830128658362],[125.46189776360808,34.688697370483766],[125.4619547380573,34.689612575073106],[125.45884027988174,34.6903618854903],[125.45803994369787,34.69151371135883],[125.45591597818655,34.69039765026572],[125.45654357047928,34.69175620758294],[125.45574693462493,34.69168986117112],[125.45531039249583,34.69413719073591],[125.45379160537493,34.6946651055135],[125.45229743773056,34.69385558154998],[125.45335573784733,34.69059140695983],[125.45092451554603,34.68919701912807],[125.44897334471638,34.690859884289814],[125.4468963765043,34.69096810046355],[125.4471634220518,34.691849014784076],[125.44431124189266,34.69475275887654],[125.43925737443372,34.69744861488934]],[[125.45079855588911,34.72547578476134],[125.45316597830234,34.72529878091678],[125.4559280029666,34.72403836114771],[125.45761097478515,34.72551076505617],[125.45506605152482,34.72539232724598],[125.45390118882524,34.72734540953083],[125.45079855588911,34.72547578476134]],[[125.44473177203335,34.73876100320092],[125.44425561669792,34.73696818028449],[125.44152576125751,34.738370744875496],[125.44179942511882,34.73654124229574],[125.44033688662111,34.73597724514116],[125.44292798383877,34.734437876911],[125.4443069921289,34.73456906418456],[125.44456005948149,34.73549535647002],[125.44670662692528,34.734996716230114],[125.4473365889219,34.738224749279226],[125.44473177203335,34.73876100320092]],[[125.43100868718706,34.67125923389922],[125.43336234636182,34.669118034908706],[125.43496587654226,34.66859785826364],[125.4343335218277,34.67132217957675],[125.43100868718706,34.67125923389922]],[[125.41369653242128,34.66350593776382],[125.41470717496811,34.66180266060679],[125.4178980684739,34.660625089933895],[125.41988895291803,34.658366619954265],[125.42231703212201,34.65873131738755],[125.41369653242128,34.66350593776382]],[[125.40752605149443,34.648757578263876],[125.40503995557734,34.64805189458389],[125.40645874514371,34.64719233846066],[125.4056701959029,34.64617942608002],[125.40778689682149,34.64580854362899],[125.4071875400005,34.64488952389623],[125.40911168606785,34.645061994380065],[125.40772514094088,34.644504970226066],[125.40865573042852,34.64437047831308],[125.40855468092045,34.64265397161689],[125.41017974956723,34.64178577071063],[125.41428486805282,34.641984094934756],[125.41170247317733,34.64492315505078],[125.41210050884847,34.646213815000046],[125.40917834581084,34.64698292704736],[125.40954908983981,34.64804342303409],[125.40752605149443,34.648757578263876]],[[125.41259354443957,34.68868135011895],[125.41042415348164,34.68739960704974],[125.40880357141249,34.687853478066046],[125.40838785505323,34.68624851502309],[125.41270173105775,34.687167583095125],[125.41259354443957,34.68868135011895]],[[125.40698873596524,34.678903369657114],[125.40860852233678,34.681489825373056],[125.40591636297434,34.68171232836824],[125.40564960349346,34.680574178805756],[125.40698873596524,34.678903369657114]],[[125.39400462628551,34.65426809129258],[125.39357234020217,34.653087019784046],[125.39348667992483,34.65020217940383],[125.39545734247967,34.649198024177046],[125.39761962856062,34.64911605149663],[125.39751385027536,34.65046174915276],[125.39851533529661,34.65032341963469],[125.39947926465298,34.65187499352845],[125.3983469329771,34.65347205599772],[125.39400462628551,34.65426809129258]],[[125.39713184213339,34.65951040531193],[125.39843533051457,34.66000130405469],[125.3988936337089,34.66168098581797],[125.39522285963693,34.66074646956713],[125.39713184213339,34.65951040531193]],[[125.3742138588605,34.67846934023249],[125.37486597122701,34.679200456128775],[125.37550268300181,34.6791675312346],[125.37550898911402,34.67922730553363],[125.37420186221416,34.67923009079027],[125.3742138588605,34.67846934023249]],[[125.37419428048801,34.67969239064275],[125.37549043505929,34.679246170674865],[125.375105770706,34.679598826143],[125.37419428048801,34.67969239064275]],[[125.37459375295674,34.67982173301681],[125.37479929979878,34.679747982658974],[125.37456423320008,34.67986962501982],[125.37459375295674,34.67982173301681]],[[125.3743487910764,34.6801091579946],[125.37437366013613,34.68010419939877],[125.37436745114265,34.68011492935796],[125.3743487910764,34.6801091579946]],[[125.37382170326921,34.68005901273966],[125.37395351102765,34.68004031171844],[125.37397524354996,34.68004384591873],[125.37382170326921,34.68005901273966]],[[125.3734326099296,34.68007581736268],[125.37363765338445,34.68006979017042],[125.373433616276,34.68009340968558],[125.3734326099296,34.68007581736268]],[[125.37343642322716,34.67622434662578],[125.37357500081046,34.67621145687242],[125.37358348454423,34.67624400334462],[125.37343642322716,34.67622434662578]],[[125.20489536663769,34.70740979976982],[125.20322153896004,34.706883018981614],[125.20283908830413,34.707560855632174],[125.20186666818805,34.70720122978604],[125.20184324636145,34.70766763746545],[125.20053132258766,34.70774802202705],[125.20027135815768,34.707620191881745],[125.2034421622917,34.70567092964192],[125.20489536663769,34.70740979976982]],[[125.19699829966564,34.680516099859105],[125.19249248887085,34.686321488693984],[125.19067284633294,34.687711031471316],[125.18965985638883,34.686750233324176],[125.19188479235041,34.68473950004172],[125.19087961557467,34.683201728188685],[125.18908767517556,34.68358472499592],[125.18896080555871,34.68285703158878],[125.19016722975871,34.682486460745245],[125.18918480921751,34.68197579862554],[125.19123796882187,34.6811843783673],[125.19238552954207,34.68252761322175],[125.19379999022453,34.68053353106832],[125.19699829966564,34.680516099859105]]]]}},{"type":"Feature","properties":{"id":"hallasan","name":"한라산국립공원","year":1970},"geometry":{"type":"Polygon","coordinates":[[[126.6040157731699,33.429687498549185],[126.61426112093967,33.426990975228925],[126.62187702065218,33.42384623382204],[126.62501903214525,33.42068249093153],[126.62522191434445,33.41005762259884],[126.62731908766058,33.403264925478894],[126.63130480112032,33.39718639901324],[126.6259797273062,33.39431962195036],[126.62413057462281,33.38916142092324],[126.6254989935635,33.384785787244674],[126.6300804010063,33.38120652963917],[126.63142152367253,33.3783417378357],[126.6320986557543,33.3665258991122],[126.6312030056169,33.36271502640235],[126.62993418415822,33.360446185078835],[126.62810667283597,33.35175207507566],[126.61873111004587,33.34315137374096],[126.61606932411281,33.333056468827735],[126.61410935872482,33.334489863723306],[126.61229839633249,33.33454818183672],[126.611020648468,33.336177158875],[126.6067430651252,33.33675638725625],[126.6027153010773,33.34025561110799],[126.60119538486104,33.340250723710405],[126.60002310375071,33.34442729227006],[126.59763035461407,33.34613216158578],[126.59749694366802,33.34872437051901],[126.57114673705094,33.34192145434065],[126.56284529541851,33.337707594147616],[126.557127887267,33.33670019266181],[126.55449965553557,33.33435143832748],[126.546863827945,33.333712171677796],[126.5328827831511,33.32776151788272],[126.52742047404752,33.32803815152305],[126.5290740555437,33.326452018056635],[126.52834854066977,33.324865754882765],[126.52252423169809,33.3227186999239],[126.51977669785806,33.32289769050464],[126.51681267778234,33.324914073898114],[126.51552081364918,33.32409460140114],[126.51069160275743,33.324758686445925],[126.50531758165373,33.32358544384314],[126.49951499344483,33.324396673128575],[126.4969681158969,33.32828018379322],[126.49156973425417,33.32767179731857],[126.49144820346794,33.32871457790471],[126.48952488455909,33.32971473452787],[126.48916367568103,33.3315700241333],[126.48781789021524,33.331969199972534],[126.4876584610646,33.333311400443705],[126.48505364917465,33.32583328084026],[126.47607915213032,33.32616739480092],[126.47496226309003,33.32663781465159],[126.47526128101532,33.3275647662697],[126.47292656065252,33.32644713720543],[126.47185428592621,33.32772394178274],[126.46872666164928,33.326607270359005],[126.4634172813774,33.328272301928315],[126.45526115093588,33.33696446300406],[126.4547975448819,33.33806689234765],[126.45652371732845,33.33980610359349],[126.45977543676801,33.34020495125805],[126.46153807323476,33.341489301749576],[126.45608413417509,33.3479817494209],[126.45679870767806,33.349453241662005],[126.4535134225132,33.348837871461434],[126.45176668422887,33.34962575056845],[126.45272133113454,33.351199367128814],[126.45211783385689,33.35596307072832],[126.4538785205568,33.369618375779034],[126.45553019659195,33.374169319276064],[126.4528040677916,33.37669777925186],[126.45266938411683,33.37939551292041],[126.45367786455922,33.38197565805645],[126.45992604584356,33.389376615509505],[126.45957623339177,33.400109437563515],[126.46287953896261,33.40433644568789],[126.4771952114808,33.40948002368346],[126.48073965457563,33.414621342556956],[126.48352925501172,33.41477294563828],[126.48891649771942,33.41766275767701],[126.49009677916409,33.41310156994567],[126.49597093147636,33.410310212811375],[126.50424146267498,33.41265307149504],[126.50758242529459,33.412731086791],[126.50845855030695,33.41493479574656],[126.50795538613703,33.41666959084289],[126.51162333337612,33.4166691222819],[126.51959403444728,33.42025073870991],[126.52178176902503,33.41962520967381],[126.52504912302963,33.420557340245374],[126.5260122095567,33.4224403266772],[126.53194416181081,33.42415251287385],[126.53361441538713,33.42597274981199],[126.53931153666257,33.42601267367708],[126.54947670006393,33.42231487946323],[126.55290854550636,33.42305591625278],[126.55613923982673,33.42460514266416],[126.55721878662462,33.42642350159431],[126.55979643526285,33.42709914810631],[126.56298701217773,33.42365479564405],[126.56728233545641,33.42319521304079],[126.57016066783021,33.42390407152651],[126.57148307340262,33.422729008612116],[126.57257454773804,33.425006946525876],[126.57595584108196,33.42476032341607],[126.5796612500765,33.426349831124014],[126.58115707680079,33.42572733259946],[126.5872661239691,33.42629176567389],[126.58702933618005,33.427005272859155],[126.59428318844189,33.42770683427157],[126.59377228755173,33.42869756580237],[126.59530772061505,33.4294999307272],[126.6040157731699,33.429687498549185]]]}},{"type":"Feature","properties":{"id":"hallyeo","name":"한려해상국립공원","year":1968},"geometry":{"type":"MultiPolygon","coordinates":[[[[128.77565907577247,34.66488231074169],[128.7718860719528,34.665737779894314],[128.7696759334735,34.668206154897405],[128.76902606051803,34.68320641807945],[128.77085809874643,34.687160562143816],[128.77504267335172,34.68877738929627],[128.77861563576428,34.687930532815635],[128.78085297920657,34.685411384398336],[128.7819888281216,34.67112773563583],[128.78001227342045,34.666707358407216],[128.77565907577247,34.66488231074169]]],[[[128.7543362379479,34.82625025357132],[128.751309668755,34.819456107045966],[128.75217251637525,34.817840525061925],[128.75342687581522,34.817808406604726],[128.74888899273878,34.76246695864277],[128.7447998818548,34.76141827221053],[128.70991441236353,34.7600185324421],[128.70719997178398,34.71012030925957],[128.70162978096843,34.68840277211075],[128.69052749743452,34.67661628395574],[128.59584756778978,34.6434909139459],[128.595302194214,34.612821342211454],[128.54421886583685,34.61638353532181],[128.54588287708674,34.621229272253444],[128.5459760734609,34.62681907404575],[128.5450217105945,34.62746718222783],[128.54599583012342,34.62817445002131],[128.5414663211667,34.69972082177479],[128.55305942020635,34.71850496412918],[128.5995900068849,34.73007278345274],[128.60029181514471,34.725597145126166],[128.59486511173876,34.72349770665049],[128.59494674447367,34.72210963246793],[128.5942236462437,34.723251326163826],[128.59311604661923,34.72209068400098],[128.59437144199745,34.72194971812756],[128.59475878587355,34.72043171073818],[128.59610818041136,34.72020804211981],[128.59486616667894,34.72115720189286],[128.59600172781487,34.72149403948286],[128.5963269841493,34.72298322757276],[128.5951536769292,34.72238947626999],[128.59792421426968,34.72386678259687],[128.59823969517822,34.722199042078074],[128.59964229460397,34.72346594146583],[128.5987897895341,34.72396200712573],[128.60038411535064,34.724702908328325],[128.60354801318175,34.72237405063062],[128.60475830986138,34.722778530978],[128.60401818487367,34.722020068284415],[128.60514812709647,34.721314534926925],[128.60588656494633,34.722262940185836],[128.60517729783032,34.72312053369747],[128.60678611445186,34.72282643649361],[128.6052795759219,34.72356376153652],[128.60605536905192,34.724209125755976],[128.60518454624824,34.725007082694376],[128.6063252499084,34.726563945852654],[128.60574267457406,34.727153104410114],[128.6065151544091,34.72781082914604],[128.60568457857377,34.72780748915373],[128.6057451362287,34.728005345759364],[128.6070746030194,34.728529741353206],[128.60475643049259,34.730415681453216],[128.6086198312404,34.7287395393293],[128.61534023377794,34.729974768617254],[128.61522615923096,34.73112710618552],[128.6141090663912,34.731276983419235],[128.61407639901333,34.73623779973381],[128.61820274254393,34.739261719449175],[128.61726687745275,34.74351195402591],[128.6219569867202,34.748099136528154],[128.6194705701483,34.75205077255816],[128.62319636445687,34.75539132606311],[128.62167375865852,34.76377520231268],[128.62437512590347,34.76787721334302],[128.62374067361839,34.77196268356181],[128.61811246168799,34.778440916792114],[128.6223217630348,34.778428872241335],[128.630223389107,34.78136743836686],[128.63931506974924,34.789406016594334],[128.6464580568608,34.78762110760536],[128.64975071121398,34.788887782200426],[128.64943261767436,34.79170341299315],[128.65286905527674,34.79656708798923],[128.6533576995362,34.799328529894446],[128.65490886913193,34.801421072415664],[128.65488173112345,34.80600674635372],[128.6562248039716,34.80801211205442],[128.6552979556653,34.810050637055056],[128.65568484154326,34.817251247938586],[128.6573841606076,34.81994560400138],[128.65655701552203,34.824001018214695],[128.65874288203474,34.825096612973596],[128.66652573914345,34.82385264247747],[128.67565195644738,34.82551026072351],[128.6787600849974,34.82472630096358],[128.68625624759636,34.81869379756422],[128.68945136083752,34.81928106996707],[128.69300148918532,34.816868108946004],[128.69536624343667,34.81643769577789],[128.70057882298062,34.809215676308355],[128.69881830115963,34.80866956845761],[128.70008587704038,34.80958079659612],[128.6983258109336,34.80951849240374],[128.69933679572318,34.81042545570257],[128.69756004895683,34.81090969165599],[128.69834250248087,34.81005188520689],[128.69716235947354,34.808506991027],[128.69248276908175,34.80951253449924],[128.69253565373938,34.8118089828839],[128.69134343652436,34.811105822465926],[128.69051451217044,34.81112116753886],[128.6901362591278,34.81156740496725],[128.692131194045,34.81276869742932],[128.68923434377598,34.81227526428883],[128.69071821481833,34.81378408787249],[128.69011983748578,34.81389961464085],[128.6899177475135,34.81327641701388],[128.68971533076197,34.8132943873029],[128.6892307595178,34.815190334922434],[128.68973428600881,34.813153988615525],[128.68841333759102,34.81360670734971],[128.6880951714831,34.8108631811879],[128.68571405163993,34.81288979921848],[128.6858840901396,34.811473894173275],[128.68484437856472,34.81235832692317],[128.68217938406377,34.811752102131145],[128.69198849703565,34.80765471938586],[128.6933237169925,34.805672815883504],[128.69158397621945,34.80336866330868],[128.69130745785208,34.8013195470527],[128.69304420451942,34.80173537857851],[128.69433731065908,34.80116826671158],[128.69408607025602,34.80039924815364],[128.6944083164428,34.801384322639294],[128.69472705975306,34.8014141067619],[128.69458560928766,34.802598795432985],[128.69557785542145,34.802341298672566],[128.69526351884258,34.80131983606616],[128.69704412530112,34.80241427120624],[128.69641097204968,34.80132433960765],[128.69460281519625,34.80124742170077],[128.69518826471543,34.80021879806924],[128.6959577510521,34.80098917005565],[128.696714103146,34.80119265542316],[128.69612577822846,34.8003307911105],[128.6931252419388,34.799895980429675],[128.69385141008163,34.79860947627865],[128.69463877372252,34.79880602211123],[128.69677655608933,34.8009520024769],[128.69817407350598,34.80072457919167],[128.6982104524378,34.80201393894421],[128.69715965270134,34.80139836248033],[128.6971698518688,34.80239992036062],[128.69914552360586,34.80215058666365],[128.70570021470056,34.81074291897593],[128.70979363924226,34.81202124821265],[128.7104829960934,34.80990455033089],[128.7126386734448,34.81131231836056],[128.71417295219808,34.81370465942384],[128.71273710587758,34.819512969149535],[128.71330016191834,34.82103951264975],[128.7188952125109,34.82160305884025],[128.72025948788038,34.8177527453753],[128.717658412804,34.81542804752665],[128.72070102535466,34.81424123271623],[128.72023833159759,34.81086631188905],[128.72092795034465,34.809991630884184],[128.7224450037004,34.810819992412306],[128.72694343513706,34.80948797720055],[128.73075808087597,34.802971218115836],[128.73014843085502,34.80174152577157],[128.73166557368313,34.80153499676527],[128.73403299697068,34.798938503479306],[128.73507896174092,34.80016506717907],[128.7280744795113,34.81134611669012],[128.7260362448905,34.81142293621374],[128.72172110486588,34.813985545967824],[128.7222944497261,34.81684340841376],[128.72112914855379,34.821853755637534],[128.7543362379479,34.82625025357132]],[[128.71763326928942,34.79963109378958],[128.71700545845528,34.800040110246265],[128.7192619287255,34.801583601356],[128.71838101567394,34.80207719203688],[128.72083600745015,34.80252207772142],[128.7211863768844,34.804283300659584],[128.7199765469853,34.8029661288928],[128.71713641261664,34.804028774100026],[128.71577661982536,34.80624203251367],[128.7158235768815,34.80466176887752],[128.71300203640857,34.805798451943986],[128.71511266551366,34.802551520482496],[128.71146950164643,34.80157547448857],[128.71157366239547,34.79871990314573],[128.7139547305901,34.798950094803516],[128.71363865990952,34.798274340129225],[128.71517575436621,34.798029897176924],[128.71531462521452,34.79719327822021],[128.7165652645317,34.79963643781184],[128.71763326928942,34.79963109378958]],[[128.66593242920112,34.80579187412785],[128.66835008674303,34.806465309553424],[128.66888203697545,34.81073739717192],[128.66744556844307,34.81237842560557],[128.66906512407547,34.8134495066193],[128.67255134002937,34.8147059408791],[128.67836500375154,34.81234538229905],[128.67988271072417,34.81217472785643],[128.67990016628428,34.81344634600856],[128.68075305022538,34.81324207564141],[128.67830983588078,34.814584479860905],[128.6795779416419,34.814385709914454],[128.67891596242126,34.81491327831156],[128.6796097731874,34.81545841731871],[128.6781548141801,34.815851430189625],[128.6782407634463,34.81481078296406],[128.67690614749094,34.81557389996597],[128.67712434633785,34.8180487465871],[128.675996311518,34.818192555480735],[128.6775152713316,34.81907638472629],[128.6771100723716,34.81987812923655],[128.67435581511964,34.81847402077209],[128.6746839951313,34.819877656379035],[128.67363839529764,34.82031779685111],[128.67408161639725,34.81853119599012],[128.67270090431506,34.81659289663075],[128.67186304204475,34.816601221752265],[128.67239123988787,34.81768141144368],[128.66598770178922,34.81615572236098],[128.66553529567383,34.817628490258066],[128.66508552133658,34.81587328383693],[128.66381718717108,34.8171728744412],[128.6617146319404,34.81720335747489],[128.66071027739358,34.81574331787474],[128.66311586892738,34.81432979030616],[128.6631701926482,34.8131626725634],[128.66129240224652,34.813664503473866],[128.6633309460563,34.812591856104135],[128.66172144140904,34.81203423750096],[128.6628582437334,34.81157315678981],[128.66381841252993,34.80862944829772],[128.6648163560763,34.80894318312832],[128.66661816630705,34.807646226214246],[128.6656237345078,34.807276471718325],[128.66562527799977,34.807119379296495],[128.66687806828924,34.80766888060295],[128.6671795151721,34.80724367978885],[128.66539227879676,34.80694188944023],[128.66593242920112,34.80579187412785]],[[128.6751402897768,34.74133593035389],[128.67556465616877,34.74083357379916],[128.67382516244277,34.73987066159385],[128.6700809227076,34.741365919311484],[128.67060936540295,34.740499043025416],[128.66953758663465,34.73991636658307],[128.6725265029167,34.73952985435004],[128.67011932422895,34.73918626459521],[128.67049924213498,34.73757353234337],[128.6694910247856,34.736094100139475],[128.67103358108366,34.735302873201285],[128.6724404739659,34.736734502111645],[128.67369697177523,34.73529130062725],[128.67636974466532,34.735685596188695],[128.6806511554481,34.73900108780983],[128.6751402897768,34.74133593035389]],[[128.66066132498295,34.79497456245317],[128.66228936332035,34.79296704025701],[128.66218389132078,34.792995473826615],[128.66198357256798,34.79282995806526],[128.66176900606766,34.79244597376973],[128.66332042915883,34.79299007452568],[128.66434896345356,34.792466802992394],[128.6638605380405,34.7918101991707],[128.6650209533888,34.7920450954164],[128.6645469228315,34.789897616264746],[128.66704149746144,34.79118711172351],[128.6676091383176,34.79036463293504],[128.66854019900788,34.79012828351956],[128.66723104085656,34.791029903463816],[128.6689611640804,34.79223175315403],[128.66805677175057,34.7943772720759],[128.66594968885335,34.793849856209256],[128.66770824520293,34.79636440054257],[128.66409109782282,34.7961306205605],[128.66428174411408,34.79693066631566],[128.66272682890875,34.79705492210208],[128.66349175054103,34.798174999805404],[128.6593224931583,34.79670448546693],[128.65872187260624,34.79528224653644],[128.66000650710754,34.79578435163645],[128.6607537495745,34.7950485634606],[128.65827701191375,34.79513410039403],[128.65760583139573,34.79430450147971],[128.65612091176058,34.794593975502906],[128.6577683044127,34.79379078123493],[128.6585734504083,34.794798946554316],[128.66066132498295,34.79497456245317]],[[128.6604816415922,34.7449277905022],[128.6592347696782,34.74293795759666],[128.65988782416179,34.741845458917346],[128.6558687651871,34.740261709538245],[128.65653381372366,34.73974675160996],[128.6568568703866,34.74053142593502],[128.65711216189095,34.73888430339759],[128.6622401463041,34.740183824558926],[128.6629065640215,34.738876395242485],[128.6640276843752,34.73922776582885],[128.66352363690072,34.738287728198735],[128.66572268629534,34.7395148890354],[128.6650958488093,34.74020283887069],[128.66674802132042,34.7399764029214],[128.6626474893173,34.74307778701306],[128.66267425769826,34.74483259479196],[128.6604816415922,34.7449277905022]],[[128.6594467773074,34.78320508302419],[128.6584314855297,34.78009792849923],[128.65761597861356,34.78081578034774],[128.6570621898553,34.7798203427176],[128.65627792798585,34.78018974444033],[128.65483338211948,34.7795735644936],[128.65432350458542,34.78184777774827],[128.65220499124524,34.78113852173905],[128.65301630155346,34.78180172266551],[128.65134183487368,34.7819993384322],[128.65092100727298,34.779674054312],[128.64946431240784,34.78152312073698],[128.64568833243152,34.78032183105448],[128.64716658834578,34.77913949454737],[128.65013812315883,34.77899803034601],[128.65221953031474,34.77684443786154],[128.6549249694025,34.77653615264513],[128.65535476723068,34.77827030203413],[128.6542845108831,34.777575461222796],[128.6533233797043,34.778053319903705],[128.6555610311637,34.77874070950575],[128.65493003188217,34.77929737296489],[128.655681108634,34.77960439944303],[128.65766389578,34.77885090358251],[128.65739056224197,34.77969138724764],[128.6610534838242,34.77872079094853],[128.66334153450583,34.779203135494654],[128.66189127748,34.780993411661214],[128.6609241217938,34.78015426893232],[128.6603666617277,34.782800723679095],[128.6595547443854,34.78203411712445],[128.6594467773074,34.78320508302419]],[[128.63675743598213,34.77921107989011],[128.63695586628643,34.78097479602528],[128.63646781004283,34.779244636593134],[128.63711519598098,34.77884785696384],[128.63566341572775,34.778802228843865],[128.63514159486186,34.77805777248824],[128.63440206543464,34.778602583407405],[128.63369214853327,34.77851751253134],[128.63241224099346,34.77739569041727],[128.63217117826235,34.77807715221056],[128.63194888720648,34.77669342381739],[128.6341812526737,34.77840671008352],[128.63498227560453,34.77790069289873],[128.63605348867395,34.77879503324995],[128.63733274196426,34.77723394596576],[128.63553443077217,34.77699694740751],[128.63757798905294,34.776440332957314],[128.63752410945074,34.77526074554104],[128.63632496316276,34.77393596680061],[128.63487756614438,34.77455243257216],[128.63522662989212,34.775357167135084],[128.63362860940114,34.77524058532755],[128.63416289212608,34.77389379364783],[128.63204147981895,34.77309286751223],[128.63511337843065,34.77192957666168],[128.63338581254203,34.771178682849516],[128.63357763957697,34.76946402006932],[128.63492381976351,34.77025123146651],[128.6374157743997,34.76997253950906],[128.63776710865542,34.76801943144494],[128.63631523312813,34.767464091120786],[128.63577220721035,34.76819840355033],[128.63366513290882,34.76699612182569],[128.63320101115582,34.76858901296376],[128.6331255355162,34.76732957625608],[128.6336697134505,34.76696458298528],[128.6344064617958,34.7668812511259],[128.63178234876386,34.76628867784455],[128.631296614133,34.763924883402986],[128.63349269038724,34.76549727501361],[128.63748633838276,34.76356038827831],[128.63993390486604,34.77242899590735],[128.64065620733334,34.77220994539883],[128.63985842877668,34.76913948707561],[128.64242098132615,34.76836229796667],[128.64505835912666,34.7742831365371],[128.642495652758,34.77506038399435],[128.64084458112882,34.772632866165296],[128.6401232183688,34.772851631938295],[128.64156324288655,34.77780035666815],[128.64375009463964,34.777501142695925],[128.64527214637909,34.77844677233141],[128.64443922933503,34.78083056065309],[128.64328329339742,34.779964906486654],[128.64423593129115,34.779272242854525],[128.64355303182563,34.77813681199725],[128.6405472802882,34.778599258202576],[128.64158123581012,34.78052286237175],[128.64073613197894,34.78063159515108],[128.64010350109248,34.77865721780926],[128.6394979239539,34.77936799874093],[128.63675743598213,34.77921107989011]],[[128.64274917209522,34.77660456307661],[128.64236436671618,34.776914764969916],[128.64191700734784,34.77572101323881],[128.64274917209522,34.77660456307661]],[[128.62995473860596,34.73198839699937],[128.6375869650516,34.736250276647475],[128.63873473669912,34.736137029523235],[128.63665788027097,34.73672404736674],[128.63732953285816,34.73950135017603],[128.6373757751081,34.73756005535651],[128.63912072125402,34.73784842764227],[128.6383103652486,34.736879701164874],[128.64004634744367,34.73695220801642],[128.63921193658717,34.737642239129734],[128.64000922644212,34.73788907944037],[128.63991707364184,34.73905312340067],[128.63814586924897,34.74078865056702],[128.63641619577098,34.74128749449765],[128.63573068581474,34.74002097501306],[128.63651465889964,34.73919162040254],[128.63654391633207,34.73872877045032],[128.63573100801707,34.73912659655451],[128.63582525533997,34.738264822442325],[128.63473458976165,34.738213383718815],[128.63358386929434,34.73644581332597],[128.6330423051357,34.73739056917745],[128.63446228622695,34.73868781266376],[128.63316574265824,34.73944481741313],[128.632553968517,34.73891128659686],[128.63341950061775,34.73903001489165],[128.63373106870245,34.73805631414617],[128.63222874220463,34.738230565634645],[128.63335920647577,34.74088561370398],[128.63434520504006,34.74121670258392],[128.63406092904023,34.74210410801121],[128.63646173339703,34.74255090542308],[128.63520782174376,34.74389672054395],[128.633690819037,34.74350857663629],[128.63354654690937,34.741624868433924],[128.63318824800106,34.743680895023935],[128.632591935799,34.74215522928664],[128.63123948163772,34.74285937337605],[128.62834657012075,34.74067380259572],[128.62727391029892,34.74175481943493],[128.62661866861342,34.740765327027596],[128.62749432341866,34.739499697444735],[128.62549807637842,34.738570589138234],[128.62701886227495,34.73768529187919],[128.6248157899641,34.737492043083954],[128.6263041030788,34.73668604150416],[128.62555184950023,34.73618696715948],[128.62366654539608,34.73636576807912],[128.6254127599525,34.73544174358004],[128.6252273492748,34.734418474617556],[128.6231886177251,34.73283594336371],[128.6191402379178,34.73331978591248],[128.61902740032568,34.73097076765804],[128.61708159976982,34.73036039163265],[128.61838015751277,34.72611158170937],[128.61776756855738,34.72473263760869],[128.61841341220617,34.72592957395399],[128.61919323885877,34.72533090720389],[128.62126817061588,34.726733534540855],[128.62113062441813,34.72555843764626],[128.62179182698515,34.726471674742186],[128.62269920061732,34.724965272476304],[128.62643872057242,34.725672577691945],[128.6264473439428,34.7243625437792],[128.62653651568897,34.72652796732528],[128.62981435140037,34.729171748966166],[128.62995473860596,34.73198839699937]],[[128.6299302372495,34.71814196480691],[128.62561137289347,34.715931587648264],[128.62646656556885,34.711519394158756],[128.6293557750444,34.7119564261516],[128.6281947539317,34.7130179788074],[128.62938840737144,34.71404230119371],[128.62986844299627,34.71582426697907],[128.6291242010477,34.716960004334176],[128.6299302372495,34.71814196480691]],[[128.59511337824804,34.71228841806382],[128.59208522031034,34.71280001227366],[128.59216047447796,34.70991035948559],[128.59374925011446,34.70980328054087],[128.59346464610593,34.70886810062323],[128.59470842585532,34.70949801033892],[128.59524255565398,34.70859786393755],[128.59639475457706,34.710019785877215],[128.59965895179207,34.7058335696238],[128.60082065856582,34.70528192410233],[128.60276924662026,34.70604668309878],[128.6000693093608,34.70607120905061],[128.59972219617453,34.707234360338134],[128.60062220156198,34.708061757167116],[128.59951927048542,34.70974277463151],[128.59605165918194,34.711009093288105],[128.59511337824804,34.71228841806382]],[[128.5996403417031,34.69573270278155],[128.59964141520638,34.695732687799676],[128.59963961158647,34.695733380221085],[128.5996403417031,34.69573270278155]],[[128.5928062478245,34.72026338346401],[128.59367165127503,34.72118614798283],[128.5916253678581,34.723584997028205],[128.58906652277525,34.72336006134127],[128.58777370148582,34.722219611305746],[128.58132050928236,34.72186590645057],[128.58134784024378,34.716457522439285],[128.5845887967632,34.71504085105156],[128.5851621951701,34.71343095520743],[128.58401103888423,34.7133208429996],[128.58406050724298,34.712673833312735],[128.58311693423306,34.7123101855539],[128.58292436058176,34.71132462208796],[128.5852409621258,34.7124899443369],[128.5869393108597,34.71141191872888],[128.5884161912633,34.712322727293326],[128.58739185684146,34.71280035423433],[128.5885292239633,34.71376459937432],[128.58944339954834,34.71333457334018],[128.58853965182445,34.712505240768635],[128.59039847891154,34.71155713500277],[128.59105311599566,34.71207786159108],[128.5909781793106,34.71117343702949],[128.5920936549958,34.71091049737345],[128.59150216274958,34.71184923360966],[128.59195938941446,34.712168807590835],[128.59108691783183,34.71221578338038],[128.59128955649973,34.71343159816401],[128.59037752857228,34.713029271486576],[128.59074200694178,34.71354658691255],[128.5936025293717,34.714046455193255],[128.5920771498221,34.71514301543958],[128.59316163552165,34.715882572757536],[128.58829731956962,34.71757749170287],[128.5896209382412,34.718521893421006],[128.59379706824012,34.71616486812161],[128.5932345470182,34.71778222972],[128.59531341960187,34.71739289676165],[128.5926985096414,34.71853442880768],[128.5935524485916,34.71927775556441],[128.5928062478245,34.72026338346401]],[[128.57878005966512,34.65001186479556],[128.5737696425509,34.64943913873809],[128.57318543729232,34.647526163239675],[128.5738738552538,34.6462349025045],[128.5751374400484,34.646910020316795],[128.5746323625256,34.64508879457924],[128.57558270202267,34.64521897391313],[128.57515775573927,34.646084294087906],[128.5770642759564,34.6457600067608],[128.5767443213103,34.6466645712854],[128.5781289302082,34.647981991218316],[128.5768183276759,34.648851391243795],[128.57889717913076,34.64920104418836],[128.57878005966512,34.65001186479556]],[[128.5742110498073,34.64432683424125],[128.57300430953146,34.64408557181145],[128.57319012257219,34.64188699937492],[128.57221587819282,34.64316627785721],[128.57117804138872,34.64184089315094],[128.56973795481125,34.64291670741481],[128.5683328768148,34.64141501830875],[128.5686323749129,34.63952814377683],[128.56433845540354,34.63771140878777],[128.56574208821038,34.63650080318374],[128.564421422338,34.63580398694567],[128.56620272903774,34.63599839316451],[128.56518664536307,34.63543519516267],[128.56486164111377,34.63373970709026],[128.56628679314784,34.633966297269275],[128.5665891257735,34.635063065732176],[128.5655245174768,34.634992478586476],[128.56650861975984,34.63558312550973],[128.56768805289656,34.634564785269255],[128.56824483195916,34.63525055760764],[128.56716989741827,34.63513504020492],[128.56698424922433,34.63593754715573],[128.56567930143964,34.63610495697117],[128.56707952647946,34.63669250463552],[128.5664648261314,34.63730008472748],[128.56795428401557,34.63650053098357],[128.56638776630294,34.63804880995678],[128.56782856657958,34.638716958075825],[128.56882677752603,34.63792234315384],[128.5683578877009,34.638548116481374],[128.57372800175176,34.641331640280406],[128.57429976971878,34.64060803401673],[128.57532316802968,34.640742148972436],[128.57328482447042,34.641503934367414],[128.57399110572487,34.64340856761467],[128.57458759256676,34.642863303586445],[128.57545482745505,34.64356319874121],[128.57501680335866,34.64422087941808],[128.57417862734854,34.64358795869145],[128.5742110498073,34.64432683424125]],[[128.54986349295424,34.6280541356484],[128.55100233519315,34.62619816596239],[128.55081941630687,34.62699330423962],[128.5520034106125,34.62747974472205],[128.55103420608583,34.62792428601152],[128.55085723117034,34.6272697019607],[128.55045857527938,34.628940120384655],[128.54756371053347,34.62968755165309],[128.5478026460047,34.628534586267556],[128.54986349295424,34.6280541356484]]],[[[128.734020318309,34.52900966508667],[128.7289460125937,34.53097076664646],[128.72629287401156,34.53656492085065],[128.72663454697326,34.54041062003827],[128.72963142361033,34.54280713418783],[128.73298405576645,34.54304596353413],[128.73632682091636,34.541880122366095],[128.74134616361746,34.53707373464348],[128.74032537638627,34.533178534304554],[128.73727651046184,34.53007210878083],[128.734020318309,34.52900966508667]]],[[[128.39595636369924,34.79107554743373],[128.39556872389832,34.79041603498744],[128.3965460698854,34.79140031277379],[128.39512403459474,34.79149549132264],[128.39467019313926,34.79284886960633],[128.39266365966085,34.79322909998268],[128.39321562435492,34.79412871684642],[128.39239530443692,34.794181375681426],[128.39252390018723,34.795580320734324],[128.39161301390988,34.79562850172596],[128.3921675857625,34.794785232472655],[128.39201092585122,34.79358096363691],[128.39010073259604,34.795711649126545],[128.38869515194514,34.79540906091082],[128.38951427856557,34.796919180933074],[128.3883560928973,34.79732921817799],[128.38796074573634,34.79610648121433],[128.3871221731862,34.796604606220264],[128.38816001441637,34.798948300746915],[128.38917992505355,34.79898040250402],[128.38978109285094,34.79721386177088],[128.39149399986155,34.79648577767422],[128.39344007178795,34.798083455704436],[128.39614123452216,34.79792009533387],[128.39721730321574,34.799075491344354],[128.40035966966198,34.79794726531768],[128.40104440211024,34.80068829798839],[128.40390506520703,34.801930411727994],[128.40931696176293,34.79935448875898],[128.40996050596303,34.79766277176028],[128.4048008105175,34.79516300149026],[128.40367649157432,34.79564837446078],[128.4020782086009,34.79487626051645],[128.40532538906527,34.79441144814689],[128.40785981162875,34.79594769234273],[128.41137745982766,34.79652684061708],[128.4135573850462,34.7956102071029],[128.41422928144064,34.792566702944335],[128.41623318033638,34.79279523264779],[128.41841308248252,34.79158222250549],[128.41897896219254,34.792222703963986],[128.4193253108182,34.79123054679712],[128.4198116674097,34.792002400474836],[128.42126646320617,34.78936263380576],[128.4206347552219,34.78760474256874],[128.41506488720793,34.78478268230383],[128.41130486322862,34.786675873966445],[128.41032472385103,34.78621461851224],[128.4132975928796,34.78322969864671],[128.41028609918968,34.779699709588755],[128.4135174808021,34.77837782206965],[128.4134242015187,34.776683000805285],[128.41077196929115,34.77596559514891],[128.41215170566315,34.774656378889496],[128.41331093740123,34.77515545342212],[128.41328862610467,34.77594283209396],[128.41224533782056,34.77548168146731],[128.41359192967576,34.776563573128584],[128.414047009046,34.77619524211148],[128.4140877977676,34.777143833177185],[128.41509500194243,34.77688350608686],[128.41521418472564,34.77822011072668],[128.41411520491238,34.77791811088752],[128.4134420552748,34.778926245139836],[128.4148054540166,34.77995123602219],[128.41329239162837,34.779650613309485],[128.41333095512238,34.78057151187714],[128.41284262763708,34.779002779559086],[128.41230724041276,34.779812310613295],[128.41491370292596,34.78361821948978],[128.41738467427746,34.784495922618774],[128.41914495574213,34.782793688520684],[128.42054917993278,34.78489337261303],[128.42245271965058,34.78389869249441],[128.42379248322032,34.78562736973799],[128.42282548516658,34.7864320516634],[128.42468765957824,34.78828250728717],[128.43169476962487,34.78386369420898],[128.43249888455628,34.782556771414654],[128.43381848913535,34.78254924837742],[128.43388540690316,34.78336898269966],[128.43455994034136,34.78262448048858],[128.42948081227576,34.792190114020464],[128.428557330821,34.79035785224697],[128.4253706076919,34.79183404169188],[128.42578071420633,34.792401626033886],[128.4179852255167,34.79843431163776],[128.41866538993884,34.79935479114533],[128.41745761124824,34.80004891515892],[128.41207518496032,34.7989011534348],[128.4131359040291,34.80111538011676],[128.41171108725092,34.80110311399096],[128.41072283321427,34.802358293038],[128.41258297198016,34.80372121421731],[128.4169148429579,34.80402797374832],[128.41744435044728,34.804815805092225],[128.42019726711848,34.80431617453036],[128.4237048556583,34.80245320134475],[128.42407731925775,34.80069035262668],[128.4244527182915,34.80183083593569],[128.42531902548194,34.80152877945556],[128.4250183012346,34.79964527442406],[128.4252455797486,34.79918702808464],[128.42605385488383,34.80113673441606],[128.42434323377768,34.80219806448396],[128.42613319690852,34.801700429562004],[128.42865527578203,34.80327074518435],[128.4281351394463,34.80261649192789],[128.42922234856584,34.8010456223656],[128.42821675440717,34.80045597640061],[128.42952472207483,34.801025941638635],[128.43025613843378,34.79997499902196],[128.42981256106333,34.798569843647556],[128.42921779468185,34.79847822632727],[128.42977339985467,34.79949566130234],[128.42774709939232,34.79827702573607],[128.4306372823377,34.79695582117552],[128.42907435197472,34.796186877123134],[128.4300421059859,34.79363185302161],[128.4312242445721,34.795105154498096],[128.42985384778632,34.7961737644078],[128.4323699699707,34.79531740340702],[128.43259588127216,34.79652858097849],[128.43508529203598,34.79827711180997],[128.43479444631996,34.799414786312546],[128.43696832970747,34.79887733574227],[128.43961024791236,34.801338024703306],[128.4369173584059,34.80219745156179],[128.44165707994856,34.80263696043813],[128.44524407184042,34.80482251015311],[128.44749054938575,34.80768854161924],[128.4523790085949,34.84030829597717],[128.46436376338622,34.85222906670888],[128.46889180986247,34.86163862016533],[128.4729053930367,34.860851342975614],[128.4729806324428,34.858329152698005],[128.47497941545245,34.85919015738859],[128.47298524761456,34.85817444168964],[128.47783360946633,34.851310182278944],[128.47710136053567,34.85091837977595],[128.47729852222523,34.84826647303008],[128.4791755560222,34.84585077303435],[128.4790156613688,34.84479297101266],[128.50897459771218,34.807635221711465],[128.520432016018,34.80363136483001],[128.5253766976891,34.795814142892446],[128.5281135063058,34.78282932101808],[128.53784083617398,34.769853997490706],[128.54495551757958,34.765598717659266],[128.5603847078724,34.76286888639674],[128.56062117755297,34.755583605154605],[128.55352093204942,34.755007556709224],[128.55278718859103,34.7558316259137],[128.55222946524856,34.75458129498223],[128.5510215345757,34.75499712313703],[128.55026169646567,34.752951670658746],[128.5552356872707,34.752738072890445],[128.55658572419054,34.75076464011655],[128.5586684980581,34.751711675474176],[128.56081641904848,34.750769923943004],[128.53544181830995,34.72911418378866],[128.4620301033786,34.70313067474987],[128.45310358628075,34.70313043279302],[128.378337228841,34.7376325809138],[128.37022607820234,34.75312433390021],[128.3552844719027,34.77812166142692],[128.31414941367967,34.83086440291045],[128.3138568568175,34.833025682134874],[128.31723983532245,34.83562132332164],[128.31627733137745,34.837682498883666],[128.31975774479935,34.837541612907756],[128.32163950818568,34.84033489509323],[128.3230184645187,34.840030848883394],[128.34034710855508,34.85355721232824],[128.34246080917043,34.85331634494904],[128.362845631095,34.8583533139428],[128.3622867217412,34.8501079647763],[128.3728013790566,34.839044361766746],[128.38396057516428,34.82949745265647],[128.3838553226247,34.82594145750376],[128.38573464752625,34.82153840028197],[128.3844187397969,34.82035264961628],[128.38646674465275,34.819637698088584],[128.38175512658455,34.819428423660966],[128.38124785699472,34.820715390887116],[128.37768140033694,34.81942644880637],[128.3781582568808,34.818963641110656],[128.37719106757137,34.81804963410576],[128.37504859442294,34.81869586201802],[128.372653302944,34.81801927596584],[128.36900545880206,34.81933692105188],[128.36693677373617,34.81938481441505],[128.3660616422957,34.81841716636202],[128.37457024916773,34.81581405952518],[128.37541889905796,34.81748685342181],[128.37707588966083,34.81702663562868],[128.37724549662727,34.8179281180806],[128.38186877426008,34.81877047572232],[128.3852989407529,34.81574545595974],[128.38458255599215,34.80920809137064],[128.38252083239198,34.80976691672331],[128.3812700838754,34.81221175978384],[128.37976709685282,34.81190015236984],[128.37908633583646,34.81050659460434],[128.3821631121441,34.808654901391066],[128.38246822322876,34.80675679375084],[128.38015344914555,34.80526328626837],[128.37877176789664,34.80303895148843],[128.37671146549184,34.80326155590771],[128.37877804997848,34.80195504452979],[128.37832860584177,34.802625352940126],[128.38144799850053,34.80525254494603],[128.38189550088293,34.806381110472955],[128.384280252365,34.80648975329595],[128.38481853226529,34.80463477572172],[128.3841101544003,34.802087813231815],[128.38631697128068,34.7988493570197],[128.3842283825705,34.79832829964535],[128.38357822514655,34.79965321728191],[128.37974707682972,34.79638021282013],[128.37810545498743,34.79690990177855],[128.37748998897334,34.795779406113034],[128.3738665298496,34.794980823622794],[128.37425059856628,34.79408735212642],[128.37204577613747,34.79472642469864],[128.37288617123107,34.79402194048302],[128.37736259119646,34.793849046665095],[128.37761575483785,34.79213943211763],[128.37556173994986,34.78892293745935],[128.37828970954885,34.77997813568165],[128.3805963715781,34.780831800102796],[128.38065697091858,34.77986066285293],[128.38550788182948,34.77959837270894],[128.38638709863267,34.78234780138566],[128.3888608322096,34.78352564685141],[128.38987629242212,34.78313975932159],[128.39105383297698,34.78122673822239],[128.39193089717335,34.78178822060444],[128.39357606784773,34.78070689899818],[128.39041746566693,34.7796656495699],[128.3895741141637,34.777875978065836],[128.39627685574445,34.77444622128375],[128.3978151685283,34.770361784777364],[128.3994172152204,34.77022496118881],[128.39992405739304,34.77147646688274],[128.39721417391908,34.77318691394816],[128.4000292678086,34.775544685420684],[128.3972073923278,34.77517394197146],[128.39788486872075,34.776326571760656],[128.39726577096,34.776870593696266],[128.39898949124412,34.7764782850118],[128.4009593216727,34.778975098691205],[128.40349391497287,34.777973477594784],[128.40456190152543,34.77937595176],[128.40057930788655,34.779985787614834],[128.3995155162753,34.781047909772994],[128.40093770568296,34.78133274201041],[128.4001175289691,34.782824710793584],[128.3985486562537,34.780808465021636],[128.39547686818491,34.78128885488321],[128.39612774081,34.78289061574924],[128.40011694896057,34.78326748104173],[128.39932133681123,34.784269999743614],[128.40103505916565,34.784356218511995],[128.4003344271457,34.78471969087307],[128.40231050989513,34.78615133532356],[128.40197598790263,34.78670687595981],[128.4004643512698,34.78613143677383],[128.40098711014778,34.7852258891205],[128.39914515837134,34.784634589230365],[128.39887614715963,34.78548691367481],[128.3996005102042,34.785601990393864],[128.39860510133138,34.786813369346795],[128.3988257150398,34.78512035592907],[128.39712565137825,34.78361189273633],[128.39610780385078,34.78333166750285],[128.3966387117104,34.78469349975045],[128.39546895841607,34.785082267098694],[128.3955532511211,34.78179017600411],[128.39455168989343,34.782228763181344],[128.39479842577109,34.78331506358615],[128.39371104877623,34.781415614100844],[128.3922234234816,34.78165539069044],[128.39211096835004,34.78274759166494],[128.39363357518482,34.78365210712723],[128.39287532216164,34.78492991077544],[128.39453591764283,34.78472998784105],[128.39256832848534,34.78565359125631],[128.39419378903727,34.785977242862955],[128.39316414456613,34.78686847527746],[128.39540812710828,34.785191042502134],[128.39767395320712,34.785754431190526],[128.39654825022956,34.78651183599003],[128.39550899363022,34.78567947707984],[128.39613797544217,34.78652555301337],[128.39455146037164,34.786996509885384],[128.3955903186793,34.787196818729136],[128.39476814358693,34.78781844392219],[128.39587339334568,34.78900012918086],[128.3941788107576,34.789229997228],[128.3942752757671,34.790604894967785],[128.39595636369924,34.79107554743373]],[[128.53069562907382,34.76443401565475],[128.52522297608118,34.76445000959709],[128.52651377784272,34.76398526604674],[128.52645164468402,34.762740699193856],[128.5271891277226,34.762896560246084],[128.52638311461718,34.76244533046362],[128.5272256781624,34.76178812068729],[128.52642464651015,34.75957440506902],[128.52727737222767,34.75952071463265],[128.52663848570137,34.759241872460215],[128.52786692275035,34.75788326443697],[128.52709784190196,34.756333055730025],[128.5357213348801,34.75601288839835],[128.53516610136188,34.75545541702513],[128.53875539545464,34.75453637732477],[128.53980281734576,34.75335388605426],[128.53991106103496,34.75349308525552],[128.5396768638188,34.753620098354986],[128.53954054806016,34.753836712159654],[128.53941043718092,34.75420461158559],[128.54160345055354,34.75455019260723],[128.54308050432493,34.75745957417697],[128.54500178498742,34.758420476002605],[128.543531638335,34.759713133064224],[128.54303918935727,34.75927150485186],[128.54315509941844,34.75967946860604],[128.54402144304905,34.75977574679826],[128.54412538113328,34.76009639733527],[128.54219515448827,34.760357553960915],[128.53667924977648,34.75700939624938],[128.5304514288401,34.75757809252787],[128.5314798510882,34.763580106797214],[128.5294024793313,34.76361758416095],[128.5305563711107,34.76406100767888],[128.53069562907382,34.76443401565475]],[[128.52915356044574,34.73550991475226],[128.52736117824494,34.73234109060642],[128.5292457838309,34.73318704407158],[128.5302942090274,34.73244233071558],[128.52962356282447,34.73230343369057],[128.53000142609432,34.73102651938894],[128.5316967553509,34.73025281742465],[128.53105516015003,34.73244341419487],[128.53312790302724,34.73202947800601],[128.53390862980976,34.733346350961746],[128.5354263837843,34.733279576524076],[128.53238002101452,34.7342380339639],[128.5315172396627,34.735476345996226],[128.52915356044574,34.73550991475226]],[[128.51133609131983,34.762741116100855],[128.51129280795996,34.76158324687474],[128.5076434061189,34.760890879926144],[128.5077237186042,34.75946561876356],[128.50906324350967,34.75951561551106],[128.50815551343788,34.75856287297656],[128.51622567481274,34.75920202852099],[128.513861361508,34.76219145500131],[128.51133609131983,34.762741116100855]],[[128.50462331039185,34.735311959258794],[128.5066272643319,34.737155360662435],[128.51131723186646,34.73546358659998],[128.51232333204132,34.734143454582004],[128.51383524535055,34.73518989245224],[128.51404232834366,34.73658804543941],[128.50764323425724,34.73839209319059],[128.50283416905,34.74350434186702],[128.50014249797462,34.74150392739111],[128.50079939125166,34.74069535531783],[128.5000441487851,34.73964091294871],[128.50241343399918,34.73892807480214],[128.5047681627271,34.73401061244138],[128.50462331039185,34.735311959258794]],[[128.4994432654382,34.77000789582873],[128.49728430779598,34.768268530049134],[128.49572136510264,34.76820202417165],[128.49596868945892,34.7675378528102],[128.49423397963284,34.76752707020329],[128.4934686926438,34.7669529233511],[128.49767348137783,34.767116986513535],[128.50030380239363,34.76569218350111],[128.5004513636246,34.76448863879459],[128.50961232040498,34.76511808743598],[128.51099892810547,34.76613425946749],[128.50940938830712,34.769236773251876],[128.50865075180033,34.768183031693255],[128.50821034565683,34.76831832440441],[128.5087718749897,34.76944156286011],[128.5082466498917,34.769654240945314],[128.50808943464762,34.768378796786315],[128.5066016725929,34.76968396560801],[128.50615371877262,34.76817773891214],[128.50363579868394,34.767992962336685],[128.50340505794543,34.767084459327705],[128.50269108981195,34.76835985161931],[128.50022452547864,34.76843748439663],[128.4994432654382,34.77000789582873]],[[128.50236896486695,34.80165640882605],[128.50629801460366,34.798440164064786],[128.5059275239578,34.79757749672104],[128.5039699154826,34.79748429449199],[128.50488340687943,34.79647962101404],[128.50362038593545,34.796455046606134],[128.50443669278454,34.795426931772845],[128.5054349464436,34.79581255585285],[128.50509558268487,34.79514241852373],[128.5055759821404,34.79473376107272],[128.51014461625098,34.80011575458261],[128.50781948176814,34.80144118132394],[128.50150740776286,34.80236001861705],[128.5037681694262,34.80147340394703],[128.50236896486695,34.80165640882605]],[[128.49086743332035,34.79123250932378],[128.4914551686587,34.79184380584751],[128.49081114330704,34.79266904798537],[128.49043699313833,34.79013960844433],[128.48919400769344,34.78895721219296],[128.49002937450814,34.78738195393215],[128.49040170858348,34.788124195755394],[128.49094892015387,34.787609449730255],[128.49081094512724,34.78587760128741],[128.49203963537866,34.78570799403605],[128.4890688382465,34.7854622183829],[128.48867831149747,34.78421915031358],[128.49005921904921,34.78437851141926],[128.48997579688944,34.78280576147265],[128.49161187708268,34.78322219155249],[128.4914986457777,34.782052928463756],[128.49279162262826,34.78189999813038],[128.4915627556291,34.781805880353986],[128.49228798200616,34.781023301364584],[128.4908210324938,34.780257927149634],[128.49087836065362,34.77880478733643],[128.49271322749635,34.77862439990787],[128.4938141550035,34.78061443489651],[128.4953753666046,34.779756997581025],[128.49294037778859,34.777608994286965],[128.49250146708837,34.775653890250105],[128.4953517790019,34.77686626592926],[128.49718231623407,34.779949174005694],[128.49770161511773,34.77886119864588],[128.4996314486118,34.78039341595211],[128.50050183517453,34.779283240669486],[128.5019665408146,34.78044216614576],[128.50569848920244,34.7805236096447],[128.50627841596184,34.7799834346061],[128.50624474290697,34.77930351569031],[128.50596130120448,34.77985837306267],[128.504562974401,34.77894887713945],[128.5054188306547,34.777609839513815],[128.50485722602536,34.77662546527849],[128.5048797440795,34.77625291850243],[128.50699095119566,34.7782934741576],[128.50943997293513,34.77763433117851],[128.50950895542786,34.778287133947124],[128.50819940563161,34.77834432942745],[128.50918618746962,34.7790149985693],[128.50821706727268,34.77889925777989],[128.50878524715083,34.77917095046056],[128.5101290603361,34.77879119504109],[128.50987769792596,34.78062887261329],[128.50415840381748,34.78272023225387],[128.5048447765626,34.783522440092234],[128.49618442592507,34.782842915266166],[128.49465895907284,34.78149102318075],[128.4926917313517,34.782101529566006],[128.49316580697143,34.78433037954139],[128.49488909412148,34.78503180016287],[128.49260998319426,34.78902401139199],[128.4914588487319,34.78848046231246],[128.49201270371694,34.78987710872362],[128.49086743332035,34.79123250932378]],[[128.49803728639637,34.799852890890335],[128.49826877932344,34.79757560808648],[128.4945974224676,34.79364849281497],[128.4950707181918,34.791865750218584],[128.49753781512422,34.79116925547393],[128.49769081214967,34.791836841561],[128.49808168059263,34.791073676598565],[128.49848726385375,34.793183821788084],[128.50199055709544,34.79369002145826],[128.50101300683062,34.79371498663691],[128.50146492120845,34.79638449355916],[128.50020738993624,34.797866068463044],[128.50103931145642,34.79830687604063],[128.49803728639637,34.799852890890335]],[[128.49665909681238,34.81167439884439],[128.4957819804601,34.810262611946214],[128.49793075830297,34.81120753374571],[128.49665909681238,34.81167439884439]],[[128.4911531702352,34.757072072402856],[128.49473281579,34.76158999146465],[128.49282734525076,34.76140156998619],[128.49211055340353,34.76218446985905],[128.49221424350776,34.76031450317583],[128.49118253279525,34.76036517048662],[128.49063874091044,34.75912553635941],[128.4894044608335,34.760003979517926],[128.4862102297272,34.75901034043882],[128.48563171907767,34.75997547435078],[128.48630258428537,34.76030868711875],[128.48277745552667,34.76113886907021],[128.48414659032468,34.76217500413081],[128.48336820303163,34.763070211741834],[128.48159577888228,34.76180236406815],[128.48198025164243,34.76109274460288],[128.48370902299882,34.760618993168556],[128.48327763285153,34.75990235262958],[128.47962930022237,34.76156289267735],[128.48023023146186,34.76394517921253],[128.48198424255696,34.76455725233272],[128.48036955762112,34.7649803675793],[128.48039991207827,34.767466515492714],[128.4794001672288,34.76372919015032],[128.47846333542176,34.76353584902999],[128.47893278373874,34.76274567742597],[128.47758372996455,34.762085851389394],[128.47651995516227,34.76392934126641],[128.47475304929893,34.76376530053686],[128.47350213722106,34.76497993827338],[128.47127024983774,34.765466534686354],[128.4718000083675,34.76296748965897],[128.47046218224872,34.76192214122756],[128.4712354346614,34.7613770620706],[128.47384647459805,34.762536507825395],[128.47727252118563,34.760231535697315],[128.47937576799382,34.75961417525633],[128.4795253819172,34.760418269503134],[128.48694982932363,34.75735633821508],[128.4911531702352,34.757072072402856]],[[128.48726663819215,34.793103041810355],[128.4870628217547,34.790711702392215],[128.4884644385669,34.79159341448091],[128.48757336675143,34.79166301168675],[128.4886288550404,34.7943018768693],[128.49098997247634,34.7949550963146],[128.49118017652845,34.79886903257041],[128.48818499595657,34.79989181021027],[128.4901342573087,34.797934294821474],[128.48861404243343,34.79681808128935],[128.48862842946264,34.79771881732746],[128.48956918077957,34.7978480261632],[128.48779671910668,34.798954171980675],[128.48845687722894,34.798259365119826],[128.48787466562675,34.79769224869599],[128.4868516548791,34.79968996473213],[128.4857483661709,34.79990751637801],[128.48498537770527,34.799107023998936],[128.48728109490048,34.79775215531466],[128.4851059535322,34.797229521641945],[128.48365616766057,34.79759481326052],[128.48242365050496,34.80029966092982],[128.48166244960484,34.800014921369005],[128.48173984571585,34.79788231026048],[128.47959090182314,34.79613080744412],[128.4806664389418,34.795130321030896],[128.47940446444898,34.79397901538935],[128.48010814466036,34.79172621334292],[128.48228821804997,34.795321800479286],[128.48276581670018,34.79392885318454],[128.4844110533734,34.793177624522635],[128.48644038503275,34.79516111500465],[128.48727556137067,34.793631902107066],[128.48634486289674,34.79328058641596],[128.48726663819215,34.793103041810355]],[[128.4865381593498,34.775038986098735],[128.4902943783755,34.77632583178003],[128.4889513530336,34.777570409158585],[128.48708148558217,34.77753301047701],[128.4869442477088,34.779405756702545],[128.48537621908642,34.77883257267093],[128.48542880937697,34.78001738742357],[128.48158369461078,34.781280195268444],[128.48352374043455,34.78261996475331],[128.48184476955257,34.78322701376695],[128.48265940118506,34.78386021433965],[128.4813326062333,34.786716004074705],[128.47724162437248,34.78693856378863],[128.47671244014813,34.785201452805104],[128.47261989475012,34.78497379093422],[128.47155717834966,34.788463526201625],[128.4704849037098,34.78802226244284],[128.47044771066538,34.78916623424922],[128.4691518227706,34.78949493950636],[128.47153725421114,34.791387255179046],[128.46823886189404,34.79135046877431],[128.46607007219143,34.78998052477779],[128.46601651953873,34.78594919202129],[128.46801871081865,34.78462919629184],[128.4667256024223,34.78446037966629],[128.46651306819322,34.78388836570974],[128.47533801454884,34.784775235468636],[128.47919256295438,34.78064999733603],[128.47699956505411,34.77893975825088],[128.47785395025628,34.777806969664056],[128.4791173077758,34.77812135970077],[128.47936392636353,34.77708332084364],[128.48081066933284,34.778096865648685],[128.48212738093972,34.77683074080946],[128.48365987684303,34.77772230708265],[128.4860998134662,34.7765059262858],[128.4865381593498,34.775038986098735]],[[128.48939274494546,34.74938266376215],[128.48069783286755,34.74674974936154],[128.47907508364958,34.74513139693178],[128.47656885177028,34.746139551745685],[128.47551994134602,34.746120297596946],[128.47518033618044,34.74567248347723],[128.47751957608898,34.74471810137963],[128.47772752941344,34.74349315931341],[128.47917434367503,34.743881187441794],[128.4805429606282,34.742755389791405],[128.48210134539107,34.74367214639578],[128.4828834285799,34.74145553591878],[128.48403468849992,34.7410422430036],[128.48529150125975,34.74151524212242],[128.48434292909388,34.742646736075315],[128.485862246807,34.74388033902088],[128.48642805622777,34.74287003203745],[128.48809281630773,34.74451659397364],[128.48899037287072,34.74332271659752],[128.4897339125543,34.74359373969431],[128.48898181553278,34.74476304338265],[128.49022832682994,34.74510359467636],[128.48921188461898,34.74619829867696],[128.4869892534499,34.74608250246216],[128.48984106256216,34.74874488504425],[128.48939274494546,34.74938266376215]],[[128.47892490145912,34.80717993231049],[128.48257896659268,34.80735606719997],[128.48250871812124,34.80818241897111],[128.48144172850937,34.808061017126875],[128.48325932953725,34.80928821215628],[128.48346245409206,34.81198829283967],[128.48477653374627,34.810764385700104],[128.4867293863723,34.81162711081623],[128.48375834792654,34.813100613871946],[128.4803627178197,34.81280018424915],[128.47935816705333,34.815282681465476],[128.47827425665406,34.814290072558734],[128.4783777365838,34.814715605966],[128.47992294206404,34.81571310272002],[128.48301686057522,34.81572979372717],[128.4831809861738,34.816990937483155],[128.47766395735184,34.81568697739171],[128.47740818300562,34.814604321778745],[128.47626190333133,34.814337823011904],[128.4766995029359,34.813580142704474],[128.47827914355608,34.81414970136609],[128.47711014257072,34.81308985971217],[128.47626717416694,34.81367923395468],[128.47566724936334,34.81261242160997],[128.47815758787928,34.81098725258606],[128.47716966005785,34.809904744015434],[128.47892490145912,34.80717993231049]],[[128.48585999808745,34.80613199002951],[128.48644099065777,34.806605030195186],[128.48599686629674,34.80950592240353],[128.48468308528257,34.80727213073218],[128.48585999808745,34.80613199002951]],[[128.47692171243713,34.829958387794974],[128.47561045626253,34.83467815338547],[128.468414298786,34.83469653408944],[128.4675448430772,34.833961141858936],[128.46937781160406,34.83283613209432],[128.468126435754,34.831357348647906],[128.46572281525192,34.83149890745542],[128.4652132355203,34.83042916429991],[128.46490171252066,34.83120593223601],[128.46570706095864,34.83155984476448],[128.46566055350095,34.832120754881956],[128.46286943999627,34.830982258403644],[128.4634967057019,34.82864830004855],[128.46446552962954,34.82837042623403],[128.46335474255503,34.82766300190344],[128.46419931136342,34.8261849732519],[128.46518078489072,34.82687170124526],[128.4663309253124,34.82633584888191],[128.46660365271816,34.82720428207618],[128.46686228647943,34.82586188095615],[128.47026261849405,34.826290078663405],[128.46795783680417,34.8261784717723],[128.46662301896814,34.82725649639889],[128.467608025425,34.828209195088654],[128.46648680328272,34.82842877111042],[128.46810740151412,34.82941806797733],[128.46582168602094,34.82860602431691],[128.465646531939,34.829421417168554],[128.46687024788602,34.829442717823746],[128.4667267952967,34.83045730599419],[128.46818909636988,34.8310912628998],[128.47135362084364,34.827706793775285],[128.47378556595746,34.8271162899602],[128.4733081531402,34.826188895452546],[128.47401595200193,34.82586424608264],[128.47287012993883,34.825323964673395],[128.476767676742,34.82560590579972],[128.4777700873326,34.82451836859927],[128.47856099454052,34.82523322059505],[128.47697349249526,34.82570315185958],[128.47966013632444,34.825631125850556],[128.47850002408236,34.822429286982526],[128.480454223588,34.822855408930934],[128.48166299792638,34.827669588715494],[128.47692171243713,34.829958387794974]],[[128.47196644749138,34.774182493532535],[128.4705060552946,34.77111463821482],[128.47332719167144,34.76994054073736],[128.47323964098982,34.76839010440172],[128.47532902435722,34.769120720430905],[128.474658584556,34.77029645590386],[128.47579614991855,34.77063297977762],[128.47516453712518,34.770963958447766],[128.4757426147408,34.771662931347535],[128.47196644749138,34.774182493532535]],[[128.4663579087609,34.80979919023272],[128.47005766829162,34.811744542746695],[128.47137821680377,34.811155075335456],[128.4715753338347,34.812123155936604],[128.46812943358506,34.81133177896936],[128.46863473841643,34.81216542159409],[128.47147385245327,34.81219378870499],[128.4708641975996,34.81227289868382],[128.47144319259482,34.81313992011036],[128.46951588716496,34.81310093520323],[128.46997719416703,34.81420650007404],[128.46697626524823,34.81559421201346],[128.4642862011702,34.81341860442955],[128.4663579087609,34.80979919023272]],[[128.46853872702368,34.73096359840357],[128.46609309023142,34.730827184628716],[128.46534224012768,34.731765454373],[128.46563149091645,34.73201653296551],[128.46642631014646,34.73156100393147],[128.4676305923145,34.73159547374444],[128.46586373937228,34.73344537942437],[128.46530674755817,34.73251227394866],[128.46514459288474,34.73331703800823],[128.46432894421756,34.73245529811606],[128.46169224250116,34.732331466228906],[128.46005586558184,34.73347272434288],[128.45813956756032,34.73040341412977],[128.45908982816675,34.7303652717746],[128.45938786255266,34.73000273380664],[128.45645620413504,34.729789006341605],[128.4564571068769,34.72856841874721],[128.4582050242685,34.72920501771493],[128.4577016256738,34.72930364862987],[128.45761300528025,34.72979664552509],[128.45841633249216,34.72960456091395],[128.45840429080698,34.72888986500149],[128.46061484986902,34.72951282454766],[128.46069910794506,34.72854336768407],[128.4640369975195,34.730370674292296],[128.46573317836348,34.72932203980673],[128.46550040787946,34.727693465952605],[128.4665230174613,34.72910826313796],[128.46708552338578,34.72841128592752],[128.46755508736987,34.729053766453696],[128.46564583816595,34.73038547676237],[128.46721008362738,34.729991987221396],[128.46853872702368,34.73096359840357]],[[128.46467103161254,34.794269464753285],[128.46588696358245,34.79673937155273],[128.46494708181143,34.80011252565544],[128.4616796063184,34.79687786225235],[128.4622923635508,34.796011724734996],[128.46400378652675,34.796387941112656],[128.46292386360815,34.795220564971736],[128.4641822686654,34.79547334007037],[128.46467103161254,34.794269464753285]],[[128.45885771372673,34.724220666973146],[128.4573326911924,34.72367228334138],[128.45849964443948,34.722684960110044],[128.45990268201825,34.72258043594076],[128.45982271516334,34.721093950360654],[128.46097419975288,34.720280916262055],[128.4605079996358,34.71880713366708],[128.45764632912105,34.717998002578284],[128.4572123912817,34.716641013194405],[128.45869440582692,34.71617257087524],[128.45548201472693,34.71472967043602],[128.45509766460913,34.71391742937799],[128.45939594388702,34.71594880965736],[128.46055487212223,34.71408590166909],[128.46215460808858,34.71443220943127],[128.46214588074727,34.7136544184876],[128.46242040165626,34.71362743725526],[128.46225577000007,34.71453143381153],[128.46118278424643,34.71465374353938],[128.46005558031516,34.716616124456145],[128.46229967004297,34.71495911966471],[128.46065124515465,34.71680320209012],[128.46235883270282,34.72146559274695],[128.46186704941965,34.72100892519277],[128.46170421703707,34.72111648457437],[128.46243032984373,34.72171562567544],[128.46430004041267,34.722192658601266],[128.46547535357251,34.723996600249635],[128.461837067947,34.72265598981077],[128.4610745114348,34.72354242165624],[128.4595403068106,34.72267747824932],[128.45885771372673,34.724220666973146]],[[128.4338987994741,34.781674970727224],[128.43339771263518,34.78200097592412],[128.4336316552608,34.78163722725505],[128.4338987994741,34.781674970727224]],[[128.42958559718517,34.781463051344254],[128.4330893385048,34.78142430220108],[128.43326508697527,34.78199846401619],[128.43378664639278,34.78249113066569],[128.4325509287241,34.78241876709528],[128.43161979441814,34.783478293602904],[128.4297543023898,34.78218218400827],[128.42958559718517,34.781463051344254]],[[128.4233226701844,34.77519947241832],[128.42339666741256,34.77194276322684],[128.42224376261882,34.772108738963404],[128.4237995241581,34.77170972584907],[128.42376650020736,34.77052943337463],[128.42262127721722,34.76973100832462],[128.4210671774202,34.77038565113319],[128.41688120077347,34.76967494074872],[128.418735663162,34.767810726201766],[128.41782087773478,34.76812924335664],[128.41761553230216,34.76798144867368],[128.42103483605658,34.76710022011266],[128.41755253574584,34.76703852862077],[128.41536203406054,34.76537972836387],[128.414178085007,34.762703057310944],[128.41857594937875,34.76447020364309],[128.41944739651072,34.76449729100252],[128.41988297076998,34.76267280058679],[128.42241212808597,34.76270195753088],[128.42349680576862,34.76362738718289],[128.42462568541296,34.76677575249895],[128.42252288804636,34.76776917221489],[128.4240952222067,34.76847024507613],[128.42352406080212,34.76960154707172],[128.42505531477292,34.770359857775425],[128.4249359516466,34.7717473999283],[128.4235637878244,34.77215957631207],[128.42497234619728,34.77451600515923],[128.42376870791497,34.7742087382437],[128.4233226701844,34.77519947241832]],[[128.40472586232173,34.7648862975823],[128.40834246816922,34.76847244269092],[128.4130106411071,34.76892973503138],[128.41320620337382,34.76820305475256],[128.41456989949046,34.76975054548916],[128.41589095210347,34.76964359099147],[128.41516417587798,34.77040978772235],[128.41431125841729,34.76977875645135],[128.41373021211265,34.77053392834365],[128.40852603147624,34.77050004512266],[128.4080099357192,34.77174959698861],[128.40993959476043,34.772887074522686],[128.41102647457373,34.77207107851598],[128.4112127505623,34.77306207475553],[128.40932961384848,34.77280573323311],[128.40795411761405,34.77442711936345],[128.406532045,34.7744313474132],[128.4082700075386,34.77368433085404],[128.40829836625332,34.77273771521586],[128.40789388934826,34.77306061608865],[128.40742056097534,34.77272553930512],[128.40838501251145,34.77239895977588],[128.40390361664885,34.768912588777376],[128.40498775277985,34.767983769639166],[128.40375959587524,34.767788958640516],[128.40472586232173,34.7648862975823]],[[128.4079338298321,34.74549782504641],[128.40954339878252,34.74690310103969],[128.4093851995165,34.74847807367603],[128.4071938474879,34.74968087842262],[128.40429028500068,34.748782022472014],[128.4029726851243,34.749969179389744],[128.4020187715222,34.74799450710938],[128.40395395213204,34.74795609754829],[128.40535217167337,34.74623506508671],[128.4079338298321,34.74549782504641]],[[128.40508454951765,34.752588798344526],[128.40424390741566,34.751788808422305],[128.40596553958133,34.75228255950399],[128.40508454951765,34.752588798344526]],[[128.3988416840139,34.73452096522313],[128.39956105790094,34.73564249274172],[128.40280516640976,34.735645146779774],[128.40158702153136,34.73605229333267],[128.40179184689026,34.7381481751819],[128.40006063786655,34.73993213844756],[128.39748254502473,34.737346715044104],[128.396020172831,34.738587075078875],[128.3935116406563,34.736997914701874],[128.39549340777103,34.73484029027569],[128.3988416840139,34.73452096522313]],[[128.4009193837428,34.75496891777862],[128.3987988437707,34.755786989376205],[128.3978144975522,34.75292186292275],[128.39406223655607,34.75188694421938],[128.3972318393816,34.75113552083655],[128.3989100988448,34.75140261687042],[128.39867250629223,34.75214578943322],[128.4015073126464,34.75036291954375],[128.40186445473748,34.754144949183726],[128.40058313481873,34.754084420870306],[128.4009193837428,34.75496891777862]],[[128.3895283522719,34.74006208396773],[128.39017047950745,34.74066375720961],[128.38936333063847,34.74155552678697],[128.38833937240702,34.741248844707464],[128.3895283522719,34.74006208396773]],[[128.38148593895346,34.82545247889649],[128.37981202550347,34.82566111648522],[128.3807537091276,34.82484276735981],[128.38148593895346,34.82545247889649]],[[128.3780258601143,34.828974229758984],[128.37456062609286,34.82836090641127],[128.3744952282563,34.827254073543436],[128.37118794101158,34.82378024503766],[128.36936200710983,34.82492071610815],[128.36745133662356,34.82212021143406],[128.3687851115063,34.821056531508034],[128.37068764716304,34.821075467443045],[128.371467385303,34.82180716880857],[128.3710903150992,34.82308197633915],[128.37405523347385,34.824389130296815],[128.37396499277614,34.82520874620482],[128.37834792506644,34.82626393346883],[128.3776035230058,34.82840599498935],[128.37606479437133,34.827936531995704],[128.3780258601143,34.828974229758984]],[[128.37253906276229,34.829924176120095],[128.37221804265957,34.82884428796684],[128.37390435202576,34.82872331467633],[128.37358057204523,34.82955734918672],[128.37253906276229,34.829924176120095]],[[128.3713772780568,34.77858591137851],[128.37299044178891,34.77960996595377],[128.37229310780887,34.78075435053721],[128.37388303209417,34.7818348621323],[128.37070169172205,34.78567357540063],[128.36871459020648,34.7859627965398],[128.36509095203283,34.78249997133174],[128.36310752712822,34.78242322720583],[128.36288020585417,34.78133299156299],[128.36399770466184,34.78016574020014],[128.3671270757794,34.78223246320207],[128.36982237654158,34.781354052962534],[128.37090779266407,34.78073088657598],[128.37006698643518,34.77973834148099],[128.3713772780568,34.77858591137851]],[[128.36433356058004,34.83441582684616],[128.3591519566052,34.83237126617401],[128.36153606678815,34.83122543282994],[128.36291849670167,34.83166947971113],[128.36355309978578,34.829580370991124],[128.36546642388092,34.82832632986347],[128.36707636106956,34.830578209941486],[128.36433356058004,34.83441582684616]],[[128.36603370011863,34.820909222314704],[128.36375118337043,34.8224117369092],[128.3598937699958,34.82290394205308],[128.35982498591935,34.82183185715416],[128.3645417023497,34.81951168083717],[128.36603370011863,34.820909222314704]],[[128.34272095581738,34.82146502857371],[128.34827665941617,34.82450109418484],[128.35636190130631,34.82328626911647],[128.3594693528692,34.82465826934434],[128.35962352691095,34.82761521082964],[128.36111293589568,34.828455441424595],[128.35869082275096,34.82904513865288],[128.35842760436847,34.83049114601454],[128.35791324873625,34.82981734594716],[128.35845065033442,34.8315330697814],[128.3578727401022,34.83192180015034],[128.35721148192786,34.83146125425423],[128.35664603496815,34.83150556272351],[128.3585016873054,34.83272748372399],[128.3565558854655,34.8344342316064],[128.35521230324693,34.83325613232177],[128.35586805799866,34.832314647063484],[128.35372963446744,34.830987216906294],[128.35807225170828,34.83157082033841],[128.3570608910436,34.829703775736405],[128.35747277114717,34.82678763420123],[128.3560241990325,34.82654397568551],[128.35677421919445,34.82568268566806],[128.35507006030252,34.82512437671788],[128.35123010260577,34.82747013230592],[128.3488690043482,34.82663399602923],[128.34468281744267,34.82754462053808],[128.34528399488468,34.82587852823521],[128.34254637297798,34.82512041652585],[128.34234187642664,34.82308721918555],[128.33976072752336,34.823314132544645],[128.34081648845077,34.82171378263612],[128.34272095581738,34.82146502857371]],[[128.35642297339032,34.814258248264096],[128.358885927258,34.814946552211694],[128.3596869875262,34.81809317107176],[128.35768712258124,34.81819406694919],[128.35733130087974,34.81681330682769],[128.35876555805132,34.81559247133111],[128.35610308439357,34.81515919207581],[128.35642297339032,34.814258248264096]],[[128.35407634919036,34.81989915395803],[128.354787564204,34.82117308695515],[128.35365088446773,34.82064901524674],[128.3524803998049,34.82173301229456],[128.35274101117906,34.81994852344823],[128.35407634919036,34.81989915395803]],[[128.34229916967186,34.83102731415936],[128.34494361331502,34.82931046854664],[128.34522070502817,34.83243392317343],[128.346842775588,34.83008530906997],[128.34725479027227,34.830945489145556],[128.34849937653968,34.830259452709484],[128.34754239208146,34.83103501992943],[128.34808646425813,34.831622372536806],[128.34668317083248,34.83299587362405],[128.3468720040015,34.833438351337435],[128.3506686659721,34.83209365483474],[128.35007466852394,34.83317498469684],[128.35084391199524,34.833415525015994],[128.3491808526029,34.834635160055846],[128.34950120986375,34.835679110278534],[128.3503111622547,34.83525474175493],[128.35085763856705,34.83576480079337],[128.3490042956402,34.836118592752435],[128.34911891093356,34.8375071930206],[128.34791987532773,34.83821789764388],[128.34818663581441,34.840176835677035],[128.34166437649063,34.8385285321783],[128.3422261952403,34.84051945857297],[128.3418795986564,34.84157251241308],[128.34033470000657,34.84122964135529],[128.33991608054754,34.839948764577805],[128.33851904833966,34.84071099347871],[128.33819435165898,34.84034595828682],[128.340090264883,34.83908165421743],[128.33986205874186,34.83835842463476],[128.34025383284535,34.838884113215215],[128.33966227377798,34.83529719934284],[128.34175022948858,34.835176324510925],[128.34349728320024,34.833339185776374],[128.34229916967186,34.83102731415936]],[[128.3468305182234,34.81947904115867],[128.34803691575698,34.82059582367973],[128.34965159791602,34.82120850785996],[128.34757154652294,34.82120405917792],[128.34607674278232,34.82009716950381],[128.3468305182234,34.81947904115867]],[[128.34677021705724,34.81736226387121],[128.34669509620952,34.81857328954789],[128.34576023901823,34.818815561007916],[128.34572209036287,34.81691236045581],[128.34677021705724,34.81736226387121]],[[128.33991307845747,34.825818699669],[128.3423147831859,34.828256825581036],[128.34145861910085,34.8309106615748],[128.3400629763044,34.83054683902866],[128.34110503570975,34.82977839937568],[128.34023856840315,34.8295320688788],[128.3397995117258,34.830890256724444],[128.33838954876472,34.82930946511195],[128.33662730851628,34.830172625261945],[128.33908744336833,34.82809101275125],[128.33861346632014,34.82669930924349],[128.33991307845747,34.825818699669]]],[[[128.5460036264948,34.5847905963578],[128.55427335386588,34.58416466301271],[128.55722691339741,34.58259041225175],[128.5587823370825,34.57945295945234],[128.55762352021736,34.57610916468142],[128.55220151189133,34.57321644618017],[128.53611688918375,34.559640751570804],[128.53183462316298,34.558791542164684],[128.5276569048429,34.56041709458003],[128.52593197437437,34.56421788806775],[128.52776407482466,34.568980761789966],[128.54320059617208,34.583691097271476],[128.5460036264948,34.5847905963578]]],[[[128.49835339680365,34.79362703578337],[128.49750063317958,34.792607939343306],[128.49656485881576,34.792887055677866],[128.49714231815244,34.79369002531689],[128.49835339680365,34.79362703578337]]],[[[128.4737007285977,34.83328344571326],[128.47200186047812,34.832423520808995],[128.47323713126883,34.83232553648796],[128.47249910638837,34.83074513653238],[128.46944941210776,34.83092092746083],[128.47021593563227,34.83224443549343],[128.46956241534895,34.83283149493793],[128.4737007285977,34.83328344571326]]],[[[128.46843542314855,34.638587516746554],[128.46824961213005,34.638947046133254],[128.46862122514247,34.63897451405463],[128.46843542314855,34.638587516746554]]],[[[128.46816356106524,34.638786849089335],[128.4680558421657,34.6387914435429],[128.46818001094553,34.63882390578306],[128.46816356106524,34.638786849089335]]],[[[128.46817382456607,34.63850718353047],[128.46817138296498,34.63841837358497],[128.46806701827973,34.63837950806257],[128.46817382456607,34.63850718353047]]],[[[128.4678141510887,34.63902718909737],[128.46807560941977,34.63884510155574],[128.4676159216319,34.63885263674577],[128.4678141510887,34.63902718909737]]],[[[128.39887940544048,34.70348520071907],[128.4016838515385,34.702563746127126],[128.40282894554053,34.70038226009383],[128.40184753726976,34.69814702794852],[128.39909178676155,34.697068973158004],[128.3962400046511,34.69796052868935],[128.39504415542774,34.700123353107834],[128.3960961376084,34.7024871662744],[128.39887940544048,34.70348520071907]]],[[[128.1179922419505,34.618959937317314],[128.115738639733,34.61951849242633],[128.1144624885135,34.621152499353315],[128.1147743023971,34.623080327333994],[128.11659451610882,34.624393988137115],[128.1194340502762,34.624224933683834],[128.12111176396112,34.6223422811507],[128.1204871621207,34.620061653626195],[128.1179922419505,34.618959937317314]]],[[[128.02977302738898,34.946559681961276],[128.048813456988,34.92717069313284],[128.05751910437024,34.922319299158495],[128.09641989529374,34.913630977892595],[128.09668598356268,34.88289900454847],[128.09593225649846,34.87717889166355],[128.09251313477156,34.869001558177985],[128.0828851130166,34.87243100864266],[128.06959903341556,34.883879694255086],[128.05810688414425,34.892217362150255],[128.03491054929592,34.91973489976465],[128.02682578989774,34.926086288325116],[128.02497622130974,34.93114371288972],[128.02304299882493,34.94338038012824],[128.02977302738898,34.946559681961276]],[[128.07551494486074,34.910282404354426],[128.07238093023935,34.908716564115714],[128.07455248725174,34.90875501140993],[128.07481232926776,34.90711208922117],[128.07355024089247,34.90673437521488],[128.07340188124974,34.905606778349316],[128.07145122466443,34.906389086413405],[128.07144424482803,34.90480918906607],[128.07026503970815,34.9040449540659],[128.07348019653173,34.89960794288796],[128.0770902814116,34.8984497175752],[128.07827902905447,34.89874019900919],[128.07926785163735,34.90023640663095],[128.07876285724566,34.90124719052763],[128.0804094635387,34.90192768943994],[128.08080046589728,34.902461765452315],[128.07803940974006,34.902129629066586],[128.0790402346319,34.90275127419372],[128.07714499119413,34.903908787872275],[128.07995889349587,34.90708517575129],[128.07613104610598,34.908399270142134],[128.07551494486074,34.910282404354426]],[[128.07474129705932,34.895126037914665],[128.07442201558732,34.89416410386145],[128.07319719790635,34.89506542188084],[128.0726033198962,34.894389935601716],[128.07300989643423,34.89248100959356],[128.07187685766183,34.89136642601357],[128.0717246994095,34.89091996661634],[128.0750803540662,34.891306249260644],[128.07474129705932,34.895126037914665]],[[128.04441072092155,34.927343019889456],[128.04315429343967,34.92654706340815],[128.04369225978405,34.92606537102525],[128.0424088495277,34.92637173797031],[128.04221845073948,34.92502573272744],[128.04343340063647,34.92449126574747],[128.04334808649688,34.92531396344706],[128.04578770305227,34.92601125742192],[128.04441072092155,34.927343019889456]],[[128.0400556302011,34.92467345675773],[128.0379591540686,34.92526422346679],[128.03577766805023,34.92740111276987],[128.03342713496988,34.92498013572212],[128.03497381704085,34.923658303206956],[128.034363938484,34.92215306208498],[128.035639279778,34.92152996422335],[128.03575412616541,34.920412937626224],[128.03769576725438,34.921690750356916],[128.0396134901354,34.92094361316246],[128.0417418649951,34.92183226774408],[128.0400556302011,34.92467345675773]],[[128.02991088971305,34.938593093268366],[128.0282802639033,34.93783245133788],[128.02834655241543,34.93563872550821],[128.03131844758502,34.93421730412584],[128.03327054700125,34.934447485487844],[128.0334027620727,34.935838429505274],[128.0332138969908,34.93526240794764],[128.03174734324747,34.936856986912574],[128.03222181062935,34.937872089750925],[128.02991088971305,34.938593093268366]],[[128.0291156092214,34.929417993920225],[128.0284961493544,34.926882465615215],[128.02957273774095,34.92642526710137],[128.03142358226214,34.92741044378679],[128.0311347658853,34.92854942034345],[128.0291156092214,34.929417993920225]],[[128.02751130945853,34.942063022346],[128.02996441691567,34.94273155873483],[128.02988907477877,34.944165370428586],[128.0282025747637,34.943706273844235],[128.02804720099715,34.94459207586767],[128.02780856243487,34.94458163681145],[128.02751130945853,34.942063022346]]],[[[128.08327672528526,34.50110770463393],[128.08125664592905,34.50179123754853],[128.08101673782753,34.5032300910288],[128.0843839580726,34.50466455099165],[128.08560807419232,34.50272322297094],[128.08327672528526,34.50110770463393]]],[[[128.0683420982232,34.75465622760884],[128.06844348532738,34.75419063409681],[128.06810175595413,34.75436139811252],[128.0683420982232,34.75465622760884]]],[[[127.9856174886493,34.77493468943268],[127.98921559731939,34.77227404008473],[127.98785984994427,34.7720007182554],[127.98750363907882,34.768998050417125],[127.9892296818517,34.76689667565627],[127.98994711074569,34.763507439632605],[127.98913241058386,34.75944758862183],[127.99342833210572,34.758615569966885],[127.99552767489831,34.75483704503579],[127.99930837680793,34.75353416763639],[128.0032666533638,34.74533725431472],[128.00538858804663,34.74498010928576],[128.00567710310247,34.74671883913766],[128.00714800966963,34.74763854357345],[128.01128190950772,34.747529773868614],[128.01378012486444,34.74550478994406],[128.01261336126242,34.74323590817322],[128.01307074897724,34.7383364402055],[128.01099515613112,34.73266553102936],[128.0119110199638,34.729092201787246],[128.00767155370735,34.73347145468599],[128.00718762042587,34.73258564681669],[128.00609783758844,34.73285206224788],[128.0049727919501,34.73256468668872],[128.01066498726496,34.72954261714874],[128.01213056853996,34.72719721607319],[128.0116315776129,34.72491924001923],[128.00465095927794,34.72167443141198],[128.00376481124974,34.72236413470739],[128.00313646825717,34.72221409580344],[128.00074771208384,34.719574271142555],[127.99923330109156,34.71930712337593],[127.99976259111838,34.720092010439515],[127.9983356486943,34.72033604195561],[127.99780630389155,34.72004884164334],[127.99918156669233,34.71921616598544],[127.99956450862581,34.71721861719346],[128.00035629699718,34.71932451113715],[128.0010308433642,34.71942182491946],[128.00196528890072,34.720400588339906],[128.00214057862095,34.71911907886446],[128.00108353011112,34.71863752360112],[128.00218273291125,34.71884088417677],[128.00184370447633,34.71736292728497],[128.00264693923054,34.71738958056651],[128.00354542769847,34.71539365869872],[128.005165379333,34.71595064883407],[128.0057619152933,34.71529549193582],[128.00648283129146,34.716403606514135],[128.00906692066388,34.71587972032021],[128.01012405506714,34.71729214679814],[128.01124525241494,34.71629362198547],[128.0081445026015,34.71381077446145],[128.00867904212956,34.71329070870053],[128.0077420816835,34.71153444768311],[128.00137247932608,34.70803877774647],[128.0032993708626,34.70380875236078],[128.00077398320278,34.70030172597695],[127.9660657350933,34.686742800564346],[127.94942895546866,34.67562504960681],[127.94713222513718,34.67580103707067],[127.93375778970231,34.728120718342225],[127.94415942293789,34.75311966837634],[127.9461495395023,34.75418100675404],[127.94635440208926,34.75150054840394],[127.94639488265155,34.752521362831004],[127.94700341518013,34.751937408520625],[127.94765905562099,34.752867570553875],[127.94671609768636,34.75263120877551],[127.94637780676979,34.753711558839804],[127.94769261960484,34.753590741846],[127.94625535313058,34.75423743194969],[127.95109847116956,34.755319136181335],[127.94864516186522,34.75755532906187],[127.95052351530433,34.76142341203412],[127.95139757882424,34.76066907144372],[127.95191185314421,34.76128848201347],[127.95027913242856,34.76237034043741],[127.95351658940237,34.76256662590496],[127.95444275403388,34.761629473098345],[127.95630682366726,34.7612137686309],[127.9572344227691,34.761301612421505],[127.9545931694895,34.76208046802361],[127.95313245604197,34.76337012661888],[127.95336369665951,34.76500019495576],[127.95245498745481,34.765247466021314],[127.95677213421436,34.7715124620946],[127.96022010841958,34.77324351178683],[127.96261342871165,34.7728646427362],[127.96366812903635,34.77511767997512],[127.97173040424683,34.77495823494485],[127.9755431505663,34.773804144031054],[127.97878958696325,34.77497259713962],[127.98114413066212,34.77374613918764],[127.9856174886493,34.77493468943268]],[[127.97898003557444,34.73898923186395],[127.9800150965149,34.737916094437345],[127.98103539666039,34.73815511086129],[127.9799869280494,34.73667245549488],[127.98083528478887,34.7363186179425],[127.98071070609396,34.733095314474404],[127.98043548526577,34.73244874644446],[127.97960402662387,34.73360546853628],[127.97785275489625,34.73292792384663],[127.97821712124076,34.732117751705296],[127.9805629543644,34.73214420288099],[127.9805391975501,34.731276850347335],[127.97815804126037,34.73163319707797],[127.98083091903463,34.731089904163746],[127.98108720246665,34.72643468966063],[127.97942947359552,34.725515601650095],[127.97716444997229,34.7264970171312],[127.97633105480409,34.72503730852624],[127.97764593527845,34.72456087696165],[127.97711167445087,34.724043928914114],[127.97494605379086,34.725524498933524],[127.97440524330075,34.72479055861773],[127.97536432812609,34.72444443798046],[127.9756059257509,34.72422474339969],[127.9730359435029,34.725148867795575],[127.97411557834971,34.72434064363903],[127.97250917889862,34.723162753418634],[127.97337651878536,34.72287458090727],[127.9715217335254,34.72246956777813],[127.9727534072187,34.72243677771208],[127.97173285395527,34.72140874467937],[127.97262388801059,34.72059481553571],[127.97360161215,34.72150321913051],[127.97308669224077,34.72196739836253],[127.97396984353236,34.72262516691133],[127.97373562044038,34.72158282265628],[127.9755320292642,34.722169832725456],[127.97602473251477,34.72126931357697],[127.97701098196866,34.72230578743367],[127.97606131294536,34.722196642794366],[127.97646461709317,34.72299724262729],[127.97715488121624,34.722508606840655],[127.9770259425029,34.72165096383505],[127.97851328190904,34.721960329599824],[127.97966342976353,34.72102586668132],[127.97853140962259,34.71933843041224],[127.97984871105066,34.718986318668094],[127.97981450095979,34.71740911677629],[127.98078664990885,34.71741540349194],[127.98112710061638,34.71617269102502],[127.98391629339588,34.716102529926125],[127.9832080834224,34.71716431565655],[127.98170532780891,34.717066223206864],[127.98227986126014,34.71795742054472],[127.98419341207052,34.716480999168255],[127.98496690417792,34.71493153321648],[127.98349941557603,34.71356674702382],[127.97915080427832,34.71210691698834],[127.98018338044034,34.71180237176674],[127.9804645128871,34.71029909841376],[127.98365895666618,34.70930898069237],[127.98565945925013,34.711522549953344],[127.98750973969344,34.711461051528396],[127.98651224609989,34.71270562547102],[127.99169797338341,34.71708074135036],[127.9924401721591,34.71871151840942],[127.99382605032041,34.718670492022994],[127.99648840553762,34.720588339846906],[127.99445878500677,34.7205136184544],[127.99417546347182,34.7213108927594],[127.99859726777693,34.72074531403146],[127.99903886930615,34.723144512060394],[127.99806972507726,34.72116535259857],[127.99658636402533,34.722487289194234],[127.99141768806413,34.72158788185088],[127.99041013953239,34.7227951970624],[127.9918497998606,34.72424728444835],[127.99366508801363,34.7241824322692],[127.99256890615233,34.72503045179316],[127.9927798563033,34.7259601046729],[127.99124695094228,34.72633633625412],[127.99221090863487,34.72679477948465],[127.99225183349277,34.72855743904387],[127.99095822764072,34.72723323922307],[127.9915240994421,34.729240439248905],[127.99344831030035,34.72971797839789],[127.9919678811715,34.72952173683277],[127.99247372790194,34.730823267444116],[127.99869375731765,34.7336787188653],[127.99677459552281,34.73325087020053],[127.9960315925049,34.73454698036728],[127.99477449416247,34.7342227762762],[127.99209670302461,34.73187161811221],[127.99057037299929,34.731824698756256],[127.98857311350841,34.728243955078646],[127.9851591979169,34.72763210281097],[127.98485503991957,34.728317636475516],[127.98648640530928,34.729658910785794],[127.98537581690499,34.72965638511333],[127.98596146711856,34.73031770372536],[127.98460289124911,34.730256479366716],[127.98349502930732,34.73157414230709],[127.98384499092337,34.73478414171129],[127.98533289145182,34.735969089616795],[127.98458683545319,34.73608735277229],[127.98436241429519,34.73778780701263],[127.98552725113719,34.73805376007545],[127.9858003623601,34.73923816230538],[127.98408266929103,34.74014760722831],[127.98178342576342,34.73815901735873],[127.98142501004088,34.738916538417115],[127.98003402818614,34.738558655972675],[127.97946203103304,34.73972798396372],[127.97898003557444,34.73898923186395]],[[127.9659477326584,34.713576184744944],[127.96482743707679,34.71443983211781],[127.9681090327729,34.713819132677955],[127.96979875310056,34.714095978232045],[127.9700664850516,34.71439812733586],[127.96711228629563,34.71404545195761],[127.96776892992695,34.714525207442954],[127.96535965146866,34.71580653411724],[127.96590365500825,34.71632170970027],[127.96432031270011,34.716226113512654],[127.9645150050395,34.716674514368265],[127.96507403579564,34.71694270605164],[127.96508224893743,34.717149137217795],[127.96279926993978,34.71684717582489],[127.96273525531127,34.71774219721428],[127.9602070540323,34.71925886298608],[127.96007292958406,34.71814149135856],[127.95957155145582,34.71913063024024],[127.95815660569521,34.71923041917929],[127.95886113614563,34.71832572509493],[127.95718169577718,34.71712559616086],[127.95468398441402,34.717296974243304],[127.9550794239776,34.71661771200081],[127.95414143123531,34.716078545764496],[127.95478030332444,34.71588961340243],[127.95356372751223,34.7150081338884],[127.95538605649288,34.71524184785018],[127.95503341241658,34.71466260749518],[127.95668146000564,34.71383464544426],[127.95621594190006,34.714413039246324],[127.9571247581828,34.71500981822405],[127.95570278157457,34.71569098429856],[127.95725235853513,34.71642938659782],[127.9583754005682,34.715975002555744],[127.95771723157696,34.71441109011452],[127.95869229759374,34.714051130039095],[127.95954006038066,34.714209409263326],[127.95889716918556,34.71470484800683],[127.95945475319836,34.71555832283994],[127.96004826044172,34.71486813383239],[127.96135905107778,34.71631959009646],[127.96193976187199,34.7159421952059],[127.96042306661738,34.71505547078532],[127.96191609246374,34.71585127973016],[127.96362728386595,34.71353493307457],[127.9659477326584,34.713576184744944]],[[127.9644901096836,34.73890584050273],[127.96791108340622,34.73968555212492],[127.96241311748125,34.74025292372613],[127.96369136316962,34.73917614751095],[127.96242778918048,34.73836836238387],[127.96136315026668,34.74071951534156],[127.96206683609694,34.74200409242985],[127.9593076964052,34.74076314476308],[127.95843217333638,34.74238570161784],[127.95497771905868,34.740895370911744],[127.95080047773159,34.742648391175706],[127.95162447085856,34.743520668940334],[127.94734171216844,34.74282971712147],[127.94692778857066,34.74344005126057],[127.94626356486344,34.742502369215075],[127.94728094155654,34.73768140646804],[127.94668573134109,34.73765418157161],[127.9465145318871,34.736752693507114],[127.94672267708862,34.73640356240671],[127.94679997435742,34.737534604660766],[127.94731714361164,34.73690577219959],[127.94823066227976,34.73755666878556],[127.94749916594658,34.73826724535196],[127.95040208731284,34.74041781159717],[127.95935128083026,34.73984496117554],[127.95824703866852,34.737440250525516],[127.95598863882853,34.73573704105174],[127.9526419344124,34.73645539665431],[127.95267497161663,34.73573479663937],[127.9547735524253,34.735752740824324],[127.95565805957801,34.734325258569015],[127.95479664181772,34.7335942832423],[127.95470060273553,34.734587871368184],[127.95317543405349,34.73457407276058],[127.95078590747508,34.731928067696],[127.95097795920232,34.73103643611237],[127.9491643999358,34.731038986010795],[127.94956254782876,34.73029294730683],[127.95187397587446,34.73069012564967],[127.94995813643983,34.727972306631166],[127.95061674128422,34.72696075132284],[127.95107908056899,34.727315303185954],[127.95172303160079,34.72738364440114],[127.95127256764611,34.726441452555456],[127.95371970276261,34.726123116830216],[127.95321014085124,34.72590112521554],[127.95307604003385,34.72511693063277],[127.95238287400285,34.724875564944625],[127.95285542034037,34.72446878912605],[127.9543923916123,34.725086801136484],[127.95325106088028,34.725709516515465],[127.95460083295086,34.72606902154103],[127.95365724962465,34.726758543675054],[127.95464596262582,34.72883723279748],[127.95647878875127,34.72794009490684],[127.95686237730003,34.728339656223184],[127.95672899551847,34.728998932941714],[127.95778519240982,34.72996666991232],[127.95942767036694,34.72967686701327],[127.96165452405623,34.73050182093378],[127.96024020353653,34.731109986621625],[127.9597701251815,34.730074383461734],[127.95777166048074,34.730040682539],[127.95665244311932,34.72899876979354],[127.9566261548067,34.72815627713894],[127.9551606841449,34.729110998652814],[127.95513604127984,34.73111452366667],[127.95783320846408,34.732261909137556],[127.95759325391063,34.73522303029264],[127.95917439197693,34.7360184460929],[127.95838774116508,34.73551390176742],[127.96204687077481,34.73365781687523],[127.96361294641966,34.73460706007178],[127.96050802169488,34.735552542621164],[127.9617553738102,34.73631879696956],[127.95945693752559,34.73648016094839],[127.96229742516793,34.73717508992144],[127.96279731479565,34.73781611368626],[127.96146701489718,34.73755610438433],[127.96432448023218,34.73963647747509],[127.9644901096836,34.73890584050273]],[[127.95789056909526,34.7199452250548],[127.95782766618036,34.72087762693238],[127.95875345428952,34.72034772628686],[127.9602259807465,34.72219209633027],[127.96134491669912,34.72134414963575],[127.96222750232987,34.72181622809037],[127.96099090448848,34.72248549260888],[127.96357844161918,34.723201931195945],[127.96218674391744,34.72451183188739],[127.96353278550534,34.72426199298689],[127.96410596921463,34.725153566372406],[127.96234188286564,34.724751888260414],[127.96185436511367,34.72543760469139],[127.96353216395065,34.726445379333455],[127.96709445376321,34.72662892570985],[127.96763948369222,34.72751882997459],[127.96622318705921,34.72712563584115],[127.96672452504612,34.727779450845546],[127.96601398025807,34.72822960078889],[127.96078337533996,34.72577257560127],[127.95994309146266,34.7269867797842],[127.96181900214899,34.72878281181351],[127.96020198154407,34.72805440358026],[127.95958321516848,34.72889417916158],[127.9592493560483,34.726785235699005],[127.95637432303056,34.72328273608564],[127.95734799935146,34.721585137925096],[127.95670819337249,34.72122631620331],[127.95780857996324,34.720500359036066],[127.95668432511025,34.720163835351464],[127.95789056909526,34.7199452250548]],[[127.93737241826261,34.72679939845318],[127.93762802282573,34.7274212590994],[127.93607972433978,34.728272978951665],[127.93804835076948,34.72748494625357],[127.93682862605746,34.729406561453594],[127.93600387901505,34.72829630259065],[127.93635536528078,34.729606180908505],[127.93819840683173,34.72883330617763],[127.94144482505791,34.72949158586733],[127.94016477573884,34.73186454096466],[127.9354326672158,34.730414663869944],[127.93569970675559,34.72856676831619],[127.93485748594202,34.72784434456195],[127.93575181560024,34.728193050008024],[127.93737241826261,34.72679939845318]]],[[[127.9942202596739,34.62660658544833],[127.99027978974003,34.62786146228585],[127.98861170468587,34.630886791400414],[127.99005112144829,34.6341684057094],[127.9936774842516,34.63560704431365],[127.99767551431556,34.634482541177775],[127.99950262065272,34.63133551919105],[127.99806288621996,34.62805402136395],[127.9942202596739,34.62660658544833]]],[[[127.9655530251301,34.94826251468335],[127.97251703893916,34.94555448904054],[127.97220805559091,34.94393742308317],[127.9638892682694,34.94491156245748],[127.96350897933358,34.94670394881499],[127.9655530251301,34.94826251468335]]],[[[127.85494220536705,34.91477059647211],[127.8528966395391,34.913111392188306],[127.85502327096148,34.91326617957909],[127.85503735688111,34.91431742594657],[127.85655743171776,34.91365874868539],[127.85808406477003,34.914267499278566],[127.85877443680207,34.91221123405272],[127.85747984401038,34.911613206049246],[127.8578610255308,34.90871166676678],[127.86070420212343,34.907984754522055],[127.86450872432728,34.904023509320446],[127.86203821539213,34.90127640120297],[127.85776002441521,34.90204254985033],[127.85758496105315,34.90284487311123],[127.85074475904464,34.902696951883385],[127.85108219291078,34.90666311503524],[127.85022477202732,34.90685770973086],[127.84862470010098,34.90465433825186],[127.84949706442181,34.90186744534902],[127.84719487904133,34.900877038008744],[127.84436285467368,34.90163955701905],[127.84391231810008,34.90363374676235],[127.84471279331183,34.904609450908275],[127.84142794364233,34.90655156869491],[127.8401649603201,34.924074586737646],[127.83882405915011,34.9261508518037],[127.86403101792698,34.947491725211435],[127.86634338048904,34.94800413274647],[127.86459831466843,34.947338044273124],[127.86570608621768,34.9462309705053],[127.86812427235438,34.94782361727286],[127.87433821356689,34.94622130427484],[127.87605187608922,34.94684885639644],[127.87653015596214,34.94812080158646],[127.8820562567973,34.94971692335743],[127.88124222704074,34.95289305531375],[127.87984464419621,34.95360017372429],[127.87890012394851,34.95333191805165],[127.87986608362657,34.95288855746452],[127.87966256323915,34.952625275924504],[127.8787814498787,34.95337605826525],[127.87775651506706,34.95345446521611],[127.8797961548292,34.95233373313086],[127.87841554540198,34.95149376359944],[127.87890140164743,34.950861050107285],[127.87705753723243,34.95022034549729],[127.87751159535138,34.95128651351821],[127.87673040409571,34.95170873075534],[127.87828050016655,34.95272242095193],[127.87605185617926,34.95336128462732],[127.87589267486332,34.95423307071333],[127.87531536839768,34.953782314650105],[127.87696703995411,34.9527854084501],[127.87683621716339,34.951846921127],[127.87551962465359,34.95243599605385],[127.87409039664412,34.95155378319822],[127.87471885544987,34.95102863820034],[127.87475343644311,34.9518294999317],[127.87583292447613,34.951869415421065],[127.87698847732702,34.95019104467948],[127.87403724242922,34.95039938306061],[127.87421639348318,34.95121430405631],[127.8720742291186,34.95162620763076],[127.87214331166112,34.950129544045346],[127.87279062165173,34.950933683524696],[127.87325048437877,34.94984793502052],[127.87225546597497,34.95008299657298],[127.87081169869892,34.948284013120364],[127.87162130951711,34.95069654713102],[127.87034113534607,34.95073169709976],[127.87041075781902,34.94863588472403],[127.86918712346954,34.948508969667124],[127.869726549431,34.94891521142234],[127.86910170668607,34.94922716277615],[127.86884296239312,34.94856309308514],[127.86851083092208,34.949384467191074],[127.86825657232431,34.94874679180905],[127.86566695632104,34.94957059092233],[127.86637457113557,34.950069183979785],[127.8654789189402,34.950501374060096],[127.86562657982921,34.94968396160271],[127.86505521583176,34.94970794493746],[127.86524458546432,34.95083250224179],[127.86482574489848,34.949822037657114],[127.86373539451908,34.95021902183815],[127.86048213326362,34.95212022563517],[127.86077268368452,34.9529074289495],[127.86029565773093,34.952195085457056],[127.85943339811793,34.95370656052741],[127.85914718921867,34.95301991409303],[127.85882970764966,34.953292055867706],[127.85999269337225,34.954453090823186],[127.85751206492245,34.955075928183206],[127.85844382623164,34.95620973680181],[127.86172746642904,34.95909972191123],[127.86631695658095,34.959728371993386],[127.86585244238154,34.96160621739284],[127.86838237420513,34.96308637110097],[127.87043399230909,34.961642978396846],[127.86894206591522,34.96085828766177],[127.87111511132193,34.958758423774675],[127.87053660442722,34.958027595881966],[127.87772903894381,34.958053389644746],[127.88153608003729,34.956995820106975],[127.88006053367839,34.95707522161987],[127.88145673776275,34.9564548921],[127.88103189962672,34.95560843067647],[127.87891296638064,34.95531783907658],[127.87828872432208,34.95487529623054],[127.877425641015,34.95504389270334],[127.87730578362648,34.9546538060562],[127.87809375191725,34.95471874222728],[127.87920045773431,34.95530041188569],[127.87912725066025,34.95458985802099],[127.88164194072426,34.9547760599424],[127.88223093859021,34.954000948155574],[127.88279129464232,34.95529762822655],[127.88523700206677,34.95629089023368],[127.88659929849484,34.95155605845307],[127.89912812993067,34.95612990007323],[127.90710073370182,34.955270869799186],[127.94314366406357,34.930692131316306],[127.94258833119196,34.9293498222783],[127.93025073041304,34.924685039696776],[127.92949912249665,34.92471106295719],[127.92756259398088,34.92649936793795],[127.93005467399271,34.924897841325624],[127.92993809310032,34.92580938263343],[127.92720732252879,34.92807610009879],[127.92853984257177,34.931724343754006],[127.92770352935295,34.93339860941839],[127.92613745631724,34.93081618788823],[127.92441970115307,34.930417279260396],[127.92157036163714,34.93203351130177],[127.9207740902593,34.93371213481757],[127.92166595660194,34.9342418742982],[127.92077141854257,34.93490782920596],[127.91906547560949,34.93401601575472],[127.91809475801303,34.93450149969877],[127.91739804192638,34.93357722080145],[127.91675764657869,34.9340909123097],[127.9172995615135,34.936066666775744],[127.91750341203598,34.93505814379731],[127.91840889202416,34.93514861363084],[127.91823222590855,34.93620697573223],[127.91770892176821,34.935791733592296],[127.9182605745154,34.93638011805412],[127.91865130759675,34.93563453923682],[127.91934866546038,34.936248092919286],[127.92051042106561,34.935845844607684],[127.91857183884645,34.935358632629544],[127.91960563545477,34.934863880049],[127.91880298051099,34.93421350045721],[127.92175623118806,34.93546087636754],[127.92519585831455,34.93546541183907],[127.92388116865982,34.93836297246549],[127.92366611922714,34.937001704966775],[127.92301448193903,34.93783604253307],[127.92202543390269,34.93721485123842],[127.92346429301207,34.93852018625458],[127.92313165024468,34.93920446228546],[127.92153996005162,34.93736277155308],[127.91996709726934,34.9379122550919],[127.9210808025075,34.93941044985911],[127.92155913058427,34.938714692509215],[127.92218612474066,34.93866638009076],[127.92226234433356,34.93883724766133],[127.92146511418511,34.93903086705983],[127.92141091649445,34.940697780001194],[127.91953610806927,34.93869508826497],[127.9193722779713,34.94072305082745],[127.9200948146894,34.94054037538513],[127.91916092202747,34.94091251542788],[127.91973313254981,34.94200162460135],[127.91868063631256,34.9428755089507],[127.91896280273366,34.940910703955474],[127.9182697438084,34.94056679047414],[127.91925790273548,34.94038789274106],[127.91898374738814,34.93941740988434],[127.9158298454444,34.93843290545694],[127.91543334110608,34.93950034299224],[127.91465409757231,34.93864961793985],[127.91464956872811,34.937694006813715],[127.91538341166978,34.93774555281862],[127.9153180074807,34.93891043306406],[127.91568953627704,34.93842423587575],[127.91516752045692,34.937061422135876],[127.91624379453233,34.935215203520755],[127.9154143699732,34.93514806719347],[127.9160806331862,34.93481768448241],[127.915385300975,34.933847658100085],[127.91076374600205,34.932338730296756],[127.90977505108944,34.93382921479595],[127.90735353580713,34.934211612318535],[127.908620013512,34.93305453617913],[127.90721247792007,34.9304405781708],[127.90468452301512,34.93166900890564],[127.90525384596762,34.932952407169694],[127.90432040392794,34.93229433163821],[127.90334040128756,34.933473671382046],[127.90264072915403,34.932134139470264],[127.90384048341701,34.9316654379534],[127.90351459848806,34.930114119832176],[127.90497421864004,34.92987226730352],[127.90560997471076,34.93069552695349],[127.90638809361859,34.930251371486115],[127.90456205238962,34.92760737224554],[127.90558831733513,34.92759724318643],[127.90588714002492,34.92897976347571],[127.90698044052907,34.9286256009961],[127.90542066254164,34.927130158002036],[127.90258138887748,34.92761335283109],[127.90185047635697,34.92921752382594],[127.90168433931811,34.92794596688298],[127.9024368448501,34.9269812439765],[127.90244866478918,34.92770706804633],[127.90330922415049,34.92680466908414],[127.90683321767277,34.926028366820255],[127.90881032578041,34.92622887013855],[127.90720256716662,34.92744666494354],[127.90997381322572,34.927552380445846],[127.90926073934274,34.92574926839751],[127.90849228061164,34.92581396464894],[127.90848826532972,34.92406377038553],[127.90691915015155,34.92442951482813],[127.907183701341,34.92557159131804],[127.90603048192663,34.92580027388959],[127.90541789795431,34.925328460030144],[127.90616182721811,34.92496742153119],[127.90515374448543,34.92467052805716],[127.90683624813542,34.92433457137831],[127.9012531268676,34.92438527374949],[127.89984430042594,34.925564444260765],[127.90075264606837,34.92611533655472],[127.89794738421936,34.92685532681876],[127.90007631603885,34.92709765713467],[127.89932032963144,34.92798661478844],[127.89530560023127,34.92891225800028],[127.89627771544797,34.930028600296126],[127.89553688903739,34.93078270698656],[127.89533194841844,34.92961500972175],[127.89508893774078,34.92922437615068],[127.89543354673727,34.93062903899836],[127.89444344031958,34.930500234127926],[127.89451397223243,34.92948574103383],[127.8932259661495,34.92990031357233],[127.89308967244845,34.92912526859365],[127.89460673363283,34.92842104132749],[127.8940368716712,34.92767387162865],[127.89119288093774,34.92860926888979],[127.89031586120363,34.92750341117694],[127.88822822184568,34.92786784901561],[127.88702442472821,34.92740242845673],[127.89061499628163,34.9270305366748],[127.89180305825411,34.92797302394423],[127.89235269452658,34.92587076592656],[127.89300226715407,34.9256851542649],[127.89272746003915,34.92774515414671],[127.89392820769339,34.92651875882784],[127.8931258004378,34.92551201751209],[127.89410421852612,34.924385408835775],[127.89485496743804,34.92507072316983],[127.89476619528166,34.92349282058568],[127.89585160001793,34.9235800458976],[127.89497602088127,34.92315291935881],[127.8947801572478,34.92272417125402],[127.8958463017264,34.92232621440405],[127.89653249981652,34.92347604565815],[127.89724043752155,34.922906618646785],[127.89665792878061,34.920868493226834],[127.89838091866281,34.92246105907559],[127.89777268595654,34.92000683046828],[127.89886416397627,34.92091628778975],[127.89820281629808,34.91976223886024],[127.89899747067975,34.9194926363616],[127.89945354924801,34.92133641620932],[127.89989507645352,34.92035810618016],[127.90059647981941,34.92077338077352],[127.89981490894623,34.92125607570144],[127.90116261110389,34.92339167249654],[127.9069817855094,34.923679800301954],[127.91085896902185,34.922690518621835],[127.9119007224293,34.921248668785005],[127.9149742697374,34.921154809091284],[127.9136648085531,34.92076645673808],[127.91362357520833,34.919799184360784],[127.91247105830082,34.92096182073974],[127.91159356121706,34.920636699291016],[127.91400018959726,34.91938263669395],[127.91281224155924,34.91817371868457],[127.91125931074892,34.91967680297827],[127.90966630879579,34.91873674851861],[127.91042038781863,34.92034844949476],[127.91119069463765,34.92003453108707],[127.90966348464758,34.921077938873616],[127.90783656661436,34.920310396800275],[127.90962833459702,34.92018390820366],[127.90950132193464,34.91894641898039],[127.90721878392345,34.919436266914296],[127.90846332151318,34.918735395116755],[127.90796656278742,34.918276393179525],[127.91020619831515,34.91836806157162],[127.9105623829654,34.91741070413025],[127.90927810310775,34.9181441265143],[127.90829084204596,34.91785328589244],[127.91038127129362,34.91635876667332],[127.91138626383234,34.91608977253564],[127.91102959223649,34.91668620798498],[127.9122107493903,34.917320376304296],[127.91343254723085,34.91668058275882],[127.90308343841001,34.91226725367124],[127.89815006615653,34.914287353529545],[127.89849886789676,34.915014555693226],[127.89653649910588,34.91685465626002],[127.89161266006792,34.91955173481708],[127.88565147252416,34.91903786001431],[127.87709063642866,34.915278738833436],[127.87159053835434,34.921043721515765],[127.86481850958425,34.92094827771433],[127.86220847520471,34.9200418235768],[127.8607639458935,34.92058619931545],[127.85718151077336,34.918454338076224],[127.8576762291346,34.919646771834444],[127.85667111178391,34.92015945622018],[127.85623143965303,34.91739564014582],[127.85792250287861,34.91704472445148],[127.85718167490275,34.91613787313391],[127.85635037716924,34.91719614463306],[127.85586171293923,34.91731427894746],[127.85505093050817,34.916830729788785],[127.85613378173132,34.91700996080896],[127.85707214001408,34.91582281553778],[127.85523082817298,34.915698777800586],[127.85552115612705,34.91549155301848],[127.85494220536705,34.91477059647211]],[[127.85494220536705,34.91477059647211],[127.85458217613971,34.916032409430876],[127.85383516918068,34.91519566735538],[127.85337381811857,34.91585214248638],[127.85458326286029,34.917112505908605],[127.8526636441663,34.91774135023918],[127.85142057503101,34.91646234649672],[127.85381389717772,34.91442718481475],[127.85494220536705,34.91477059647211]],[[127.90405354879708,34.93871365981627],[127.90576361938827,34.93668952866548],[127.90511787823635,34.936160870097524],[127.90695479603747,34.93512231406879],[127.90619821865836,34.934484982181075],[127.90533523947053,34.935102195932785],[127.90587542308828,34.93438295524551],[127.90812404428411,34.93414948385702],[127.90693045520064,34.93489335451555],[127.9076697556243,34.934967088908174],[127.90716609514568,34.936334306277615],[127.90832263156426,34.935968339033366],[127.90813025643527,34.93591552267904],[127.90799617410484,34.935622800686865],[127.90853341549133,34.93561938560818],[127.90837579112008,34.93514487547181],[127.9083557487651,34.935422144813025],[127.90756707552158,34.93539469759949],[127.90895405421824,34.93430694485008],[127.91021166981986,34.93609787154274],[127.91136284286435,34.93513185173627],[127.91075019134067,34.93778403282161],[127.91144180853411,34.93877231133643],[127.90785380598051,34.93916719974016],[127.90884496997985,34.93834625263329],[127.90642460762727,34.93682184617642],[127.90819645041204,34.938364714091605],[127.90674194623921,34.93907590018482],[127.90609856337613,34.937219281560814],[127.90567436991212,34.941683546998355],[127.90701556350047,34.942745809402375],[127.90685732483931,34.94168117184151],[127.90845377187843,34.94179467661674],[127.90816512232925,34.942595948428455],[127.90501321878986,34.94311359963682],[127.90448711311635,34.94124220881229],[127.90261624107332,34.94120582417654],[127.89882571288372,34.94246038461674],[127.89625611726872,34.94505798942676],[127.89429057406575,34.943953003600384],[127.8969875620547,34.94169131675857],[127.8978044375906,34.94275808661154],[127.90014815842568,34.94195963499038],[127.89886900685688,34.94056162585088],[127.89906319688347,34.941829245329416],[127.89763859469276,34.94171702643883],[127.89870184283285,34.94031153745137],[127.89956287282166,34.94049894707453],[127.89880181002985,34.939884361832384],[127.9009966805681,34.94016181610479],[127.90104873558282,34.93836629500694],[127.90331550937213,34.93786204823302],[127.90405354879708,34.93871365981627]],[[127.90164487618759,34.913510076322346],[127.90169273140354,34.913485353116684],[127.90160302625982,34.91358495446495],[127.90164487618759,34.913510076322346]],[[127.90060867134594,34.91453739374358],[127.90049520002061,34.914637904837946],[127.89879548315781,34.914962204641085],[127.90060867134594,34.91453739374358]],[[127.88994896329494,34.94529089060223],[127.88399441445434,34.9442612131502],[127.88866626389259,34.94454430406247],[127.89053188642448,34.9453769768595],[127.89221922014042,34.94463729021496],[127.89221820187056,34.94584981019162],[127.89362239822303,34.94443503270035],[127.89467187063141,34.946122369770265],[127.89075899985401,34.946961021392134],[127.88994896329494,34.94529089060223]],[[127.87672545961848,34.9355869879835],[127.8757103147224,34.93882831904532],[127.8771765525874,34.93929668256279],[127.87609394812412,34.939940556006526],[127.87812117201365,34.94016703728641],[127.87574624693642,34.94219849100185],[127.87970918125414,34.9419756104265],[127.8805826967832,34.94268900235557],[127.88113026373561,34.94228673185915],[127.88221753163363,34.94368708706202],[127.878739838464,34.942728923555656],[127.8809868336102,34.94339564689805],[127.88211416639405,34.94392775776932],[127.88056601212367,34.94346103936851],[127.87730752451299,34.94220042235289],[127.87523826639469,34.94302696010059],[127.87002327100967,34.94103378830753],[127.87054591813975,34.94019327188867],[127.87142538073623,34.9409483845903],[127.87294354830989,34.94036126939329],[127.8742104087188,34.93723843864301],[127.8732706519192,34.935488226160935],[127.87414988599994,34.935258080977405],[127.87436837067021,34.93643029666163],[127.87498304772673,34.935299531555465],[127.87309830604605,34.934943820377995],[127.87302155452484,34.93380938850042],[127.87476327727695,34.93486361336589],[127.87425930327669,34.93388884445798],[127.87292198629872,34.93358365603034],[127.87242568771089,34.93387892852551],[127.87219029780978,34.93272764198478],[127.87191652779455,34.93315705204843],[127.87100540157036,34.93286725683748],[127.87116232505755,34.93221561853705],[127.87314552282854,34.93302253804961],[127.87401295867416,34.932173673252265],[127.87190460582832,34.93238903200763],[127.86970638727301,34.93110058475883],[127.86946061222582,34.93212906276435],[127.86799046479646,34.93216666965354],[127.86893967753961,34.93267428897971],[127.86835444304839,34.932949845407904],[127.86755966987332,34.93146515383871],[127.86762054044078,34.93105348663434],[127.86665775690633,34.93200898447326],[127.8657079114834,34.93113112982503],[127.86162174667308,34.93086219369833],[127.85942434856314,34.933092842860994],[127.86014450593255,34.931258446300546],[127.85966886134794,34.93105126286157],[127.85934478257946,34.93155623649086],[127.85891145546742,34.93152120420347],[127.8597532661577,34.93080428161585],[127.86051889495072,34.93068538120106],[127.8594975131676,34.930668793846934],[127.85937269214674,34.928924897608404],[127.85516927397931,34.928492957383895],[127.85534357325889,34.92775353233072],[127.85832207293166,34.927800453971486],[127.857613007113,34.92669003535002],[127.85901254059954,34.92713638632454],[127.85813465495309,34.92443129565047],[127.85934885553593,34.92318409642972],[127.85927453945608,34.92354078242611],[127.8609296630154,34.92457494631219],[127.85991790414914,34.92455876254918],[127.85934636496506,34.926204363961936],[127.86096034574639,34.92485690730468],[127.86105188110669,34.923376307744384],[127.8594687274582,34.923492766267216],[127.86054852275313,34.92318257005108],[127.85952976600423,34.922674364767616],[127.85967480260605,34.922461152532],[127.86119628142615,34.92299218336447],[127.86140301367344,34.92417409080146],[127.86266507974481,34.92420240540613],[127.86252381601824,34.9228403241847],[127.86392116084937,34.923348016924606],[127.8623109439634,34.92538580621386],[127.86327139592412,34.92482933399676],[127.86435917620621,34.9249272345715],[127.86284844776507,34.92542186382158],[127.8631877988695,34.92585648818279],[127.86274880766007,34.92646117347407],[127.86204055384748,34.926010602405185],[127.86264208177214,34.927149356603344],[127.86319181544512,34.9263264888048],[127.86396500914505,34.92673728406696],[127.86280753172079,34.92737729899208],[127.86364084083434,34.92865550238821],[127.8648173083106,34.927026271160116],[127.86504722174328,34.92796308169814],[127.86389550472903,34.928771592074604],[127.86492024106035,34.92889327970171],[127.86685929955134,34.925955186693315],[127.86734574429359,34.928705888019415],[127.8683732582712,34.92733604828246],[127.86903580414392,34.92751773721293],[127.86795263655411,34.92874294259962],[127.86846039480281,34.929386437967366],[127.87201654260743,34.9287053479581],[127.87227922483686,34.92768269228587],[127.8727103873863,34.92831982338889],[127.87463778720225,34.92694611626742],[127.874525878125,34.925301842809944],[127.8752176644659,34.92614334888996],[127.87448083560231,34.924517853861104],[127.87515149363293,34.923869593303735],[127.87612728503672,34.924704671419626],[127.87797386532156,34.921627448763495],[127.87866737312744,34.921814910258654],[127.87955894672466,34.92152029895502],[127.87858876617412,34.920901577373364],[127.8800085106037,34.91928372974654],[127.88137021461705,34.92062189631177],[127.88015789038289,34.92128433047456],[127.87956388759703,34.923337102973356],[127.88071434250007,34.92337778119225],[127.87931855563905,34.924808766114275],[127.88169805249157,34.92432149614558],[127.87975046616279,34.925241331843935],[127.87997794611894,34.92649710141208],[127.87888097580645,34.92545826886632],[127.87823565485364,34.927437349399696],[127.88101192212302,34.92739286636417],[127.88448083315532,34.92459370385066],[127.88580249517015,34.92541514777393],[127.88472573242497,34.92542391724627],[127.88539770023749,34.926744559251986],[127.88571996326544,34.925523919713854],[127.88603983549413,34.926738741344415],[127.88778668695788,34.92576416958249],[127.8904720927829,34.925685584746454],[127.88360725743641,34.92768379194002],[127.88415198699491,34.92659387770601],[127.88269618931851,34.92665234273887],[127.88333513992373,34.92777880485638],[127.88629381812814,34.927622893998574],[127.88881116773835,34.92904412030601],[127.88812392530032,34.92968377906892],[127.88535337601958,34.927994552229755],[127.88410649126703,34.92835448583377],[127.88390197913988,34.92827305595803],[127.88503926001893,34.9278960297131],[127.88480708861731,34.927845926176204],[127.88192294003831,34.92869328300664],[127.8847741069597,34.931587514831136],[127.88813438875236,34.9323518557248],[127.88623731415248,34.93301031407529],[127.88607588522558,34.93208640575577],[127.88500545155455,34.93187901526007],[127.88569665366776,34.932165393634484],[127.88482018649857,34.93282818743859],[127.88511629860714,34.932251413648586],[127.8836724072725,34.932124748019426],[127.88458904506628,34.931845069293175],[127.88351670387115,34.93184124973296],[127.88351356265204,34.930790125287785],[127.88154959315696,34.929568199290216],[127.88101088466985,34.930679663561826],[127.88068443189097,34.93046242999641],[127.87963582080052,34.93055575033495],[127.88074524342476,34.930867922784046],[127.88016856733606,34.93162192047529],[127.88469156978931,34.932910568612854],[127.88577324083744,34.93270855834366],[127.88431130061326,34.9333252950663],[127.88285701033651,34.93242150516906],[127.88309535215758,34.93368653513846],[127.8814120269754,34.93407629681837],[127.8819304772888,34.932491236701765],[127.88096282493201,34.93246375062391],[127.88144893995317,34.933836053659654],[127.88066580466763,34.93407319952307],[127.88103451004419,34.93327445713492],[127.8786846910257,34.93132355168512],[127.87716255266857,34.93272972596524],[127.87806189064966,34.93386843496966],[127.87519345548982,34.93419279897211],[127.87938101132917,34.935034822277665],[127.87958295401548,34.93556821572731],[127.87878443182474,34.935247416093766],[127.87800336058727,34.935408960685145],[127.8774023548389,34.93592544329492],[127.87930341575313,34.93638417412184],[127.87719742192584,34.93751391199715],[127.87672545961848,34.9355869879835]],[[127.86677439159435,34.933932569052175],[127.86595055967669,34.934523123273415],[127.86748038141226,34.93442740181027],[127.86687981201229,34.935573595701484],[127.86967132443394,34.93515932822628],[127.86850556792578,34.93546149426923],[127.8679254542585,34.936875410922596],[127.86844808939288,34.93850645535499],[127.86949771766326,34.93816521574497],[127.87054300394207,34.93852154704346],[127.86945987279945,34.939121541803594],[127.86977734092432,34.93978183863824],[127.86656817698494,34.93798026422879],[127.86380885578717,34.93866089664854],[127.86354772565703,34.93585282797667],[127.86496592619284,34.93522600580177],[127.86491267779273,34.934206647924746],[127.86677439159435,34.933932569052175]],[[127.84862607953112,34.91524513370762],[127.84977497277306,34.91286608704473],[127.85133637312151,34.912997463168836],[127.85166948214786,34.91490389676628],[127.84862607953112,34.91524513370762]]],[[[127.92619921858974,34.927810713359655],[127.92852019493348,34.925407878261694],[127.92943517726609,34.924673072764676],[127.93010808743546,34.924636276376404],[127.92722236141955,34.92297555060358],[127.92499391478995,34.924467440075624],[127.92368797297914,34.92718401989835],[127.92619921858974,34.927810713359655]]],[[[127.92659720645322,34.792770199838394],[127.92853200622214,34.786337861241535],[127.9267821398733,34.78526039344184],[127.92747675228787,34.78459603000174],[127.92621545281105,34.78438992110978],[127.92729416146406,34.783050398751044],[127.9249580792775,34.783570964216935],[127.92162084272329,34.78600700437355],[127.91652510590419,34.78422063129854],[127.91371969223458,34.78776750632345],[127.91371780792073,34.790057982197624],[127.92276016937357,34.79633123494098],[127.92659720645322,34.792770199838394]]],[[[127.92036691661869,34.964141810842186],[127.9176650665281,34.96504617364929],[127.91651861647036,34.96732494066332],[127.91761752911064,34.969506711438434],[127.9203858610916,34.97045042199628],[127.92303628739126,34.969545721525535],[127.92418258509129,34.96726689703489],[127.9230835310158,34.96508518620704],[127.92036691661869,34.964141810842186]]],[[[127.87282478604837,34.958295504749486],[127.87282341246683,34.95829502787572],[127.87282437128582,34.95829562490039],[127.87282478604837,34.958295504749486]]],[[[127.79564501745122,34.805459640505745],[127.79461039826992,34.791195516199515],[127.79820706439763,34.769642136860014],[127.80039769227241,34.74489398224757],[127.79763462366563,34.742136411850844],[127.79229530505138,34.740137994597774],[127.76990006839448,34.73671722293002],[127.76261145756871,34.74439604093543],[127.75693633967323,34.75235631965598],[127.75201754272929,34.75589083549156],[127.7542111111239,34.76329730484677],[127.75127255242495,34.766283926815895],[127.7512766779733,34.768397245853976],[127.74994817384888,34.77064554408773],[127.74684149168891,34.77311364142117],[127.74845470194944,34.77445256867542],[127.74651568599911,34.773842711218805],[127.74535463088014,34.77477739081139],[127.74497182158117,34.77728523748153],[127.7473842948876,34.78067052898271],[127.75034152506365,34.78074070813656],[127.75289569350815,34.78453679352573],[127.75574633294723,34.78491157089033],[127.75682499685803,34.78640929008957],[127.75599728371226,34.7878621344709],[127.75665088049519,34.79103996075316],[127.75523095242619,34.793086066107115],[127.75871674225687,34.794689709735664],[127.75656793448015,34.79669538348081],[127.75947982097321,34.80073782256698],[127.76363446054982,34.80150995634636],[127.76665238675426,34.799528804442836],[127.76889219660325,34.80048756064413],[127.76789249488769,34.80170919087309],[127.76921355547516,34.80491698561777],[127.77704448840365,34.80595955688736],[127.79564501745122,34.805459640505745]]]]}},{"type":"Feature","properties":{"id":"seoraksan","name":"설악산국립공원","year":1970},"geometry":{"type":"MultiPolygon","coordinates":[[[[128.29325523388792,38.126825919797284],[128.29336799231407,38.12678091934679],[128.29326794078725,38.126819339007916],[128.29325523388792,38.126825919797284]]],[[[128.45227357235248,38.26407546622892],[128.453923982446,38.260124692613175],[128.45652452001525,38.26214228931856],[128.45765253576133,38.26191394897699],[128.45851290160888,38.25907226380851],[128.46026966552344,38.25928759511456],[128.46054647503863,38.257880459274894],[128.46470292694073,38.25667023810186],[128.46088201980584,38.25478553106861],[128.466861749164,38.25484781701365],[128.46698836723283,38.25340234906592],[128.47099677778607,38.252138436558354],[128.47139593552444,38.25020453278905],[128.47303648917418,38.249880676355225],[128.47317622270313,38.24888458990165],[128.4772376759586,38.24785719017902],[128.47968978470138,38.2483018392475],[128.47124385842056,38.243966005853885],[128.4696776888314,38.24035534509379],[128.46489754291724,38.240882456631645],[128.46411459594506,38.24199147340411],[128.4578655018224,38.24054750468345],[128.45911402858792,38.23989672131967],[128.45749068166245,38.23937453830451],[128.45907289401774,38.23734687710797],[128.456233881636,38.23483190117595],[128.45874385681535,38.23184028056683],[128.45810310963128,38.230708689795094],[128.4596077000114,38.22993999506348],[128.45686775423783,38.22874112611456],[128.4536867358753,38.22549784862019],[128.4528571162968,38.22292394901022],[128.4535236775776,38.22245347464348],[128.45270395036118,38.221970280838164],[128.4545386459201,38.220182318687016],[128.45143807117847,38.218468683941005],[128.45213533837446,38.21466742471908],[128.45992877787694,38.21457221195217],[128.46205187937605,38.21320795126085],[128.4619385862173,38.212302019173755],[128.46412407497363,38.21157453720517],[128.46903290049053,38.211887442153056],[128.47789580372412,38.20971512143122],[128.48057503459106,38.208348946971284],[128.48003390920957,38.20653199324954],[128.4818662230954,38.206392370254854],[128.48104922992005,38.20574822558119],[128.48797936138183,38.2038376161385],[128.48837626005118,38.202398657460286],[128.48941349406635,38.20379496290987],[128.49091986995,38.204050706677236],[128.49421270510933,38.203342565915364],[128.4944314703168,38.20243442568816],[128.4977899487666,38.20312144502184],[128.49860264037946,38.201958054624455],[128.50138516946197,38.20308767803156],[128.50534816995233,38.2020224286768],[128.5060179023239,38.20222054040654],[128.5054493386204,38.20315055360915],[128.51202428557644,38.20433755168063],[128.51358488594985,38.20309757636955],[128.51671040588988,38.203711743721904],[128.5170078593205,38.20362354610598],[128.51640623353293,38.20332366146174],[128.51740833905328,38.20194424848308],[128.522319229031,38.20120379860631],[128.5218949989422,38.19853151606676],[128.5234473337123,38.1963962615017],[128.52623783114447,38.19510853686122],[128.52783279106774,38.19552716834457],[128.52982273764547,38.19342181133778],[128.53133851611548,38.19374983214581],[128.5309894734848,38.19309704756734],[128.53306002035396,38.19173698139275],[128.53358856159298,38.190019217447755],[128.53620450736025,38.18977657957356],[128.53831726661733,38.18797875952903],[128.54007957564508,38.18596522740279],[128.53904443715888,38.18433744523047],[128.5400923191471,38.18212096014616],[128.5412287977094,38.18301643555683],[128.54521289758358,38.18275954343197],[128.54577423287554,38.18215507361187],[128.5421282596215,38.17930867250501],[128.5428745883907,38.17874609354521],[128.54409371450495,38.180283024517834],[128.5442214336571,38.178834137803314],[128.54591052657076,38.178895396105155],[128.5469366661991,38.181819235557214],[128.54776856673024,38.18074992993348],[128.5464960460924,38.178454834284935],[128.54758363161693,38.1779048024003],[128.55252110043747,38.179729296136365],[128.557691732471,38.17891930755397],[128.5605824132662,38.179882592197494],[128.56178709462304,38.17710787040709],[128.5628740032258,38.176575137550074],[128.56347381547613,38.17905140153592],[128.5697785396662,38.17809054053776],[128.5704376163874,38.178808214774456],[128.57147591707732,38.17776036323389],[128.57521131726153,38.17762875799502],[128.58009131865126,38.17493178284848],[128.5818960442356,38.17359824287988],[128.58372807917476,38.16925762168558],[128.58177903179856,38.17009072823304],[128.58184473826452,38.168315641728675],[128.57923990629212,38.16838879708132],[128.5799420285203,38.16917421240052],[128.5794246540949,38.170148271507294],[128.5779020996988,38.168686960887676],[128.5776335588072,38.17006455040417],[128.57639943786168,38.170672730568704],[128.57697260374354,38.1735819122499],[128.5759650171957,38.17136791387238],[128.57481287968636,38.17174289230678],[128.57483052773844,38.17329808039585],[128.5734901402969,38.17345175833303],[128.57522414925307,38.169329386109126],[128.5730457210843,38.171106626319116],[128.57246169501718,38.170321477649175],[128.57407804160428,38.16933702315614],[128.5735053146669,38.168017969896354],[128.57440718218444,38.16807383908358],[128.57465833614114,38.166586030140444],[128.57338610062547,38.1669310981141],[128.57466474011164,38.165358435651385],[128.5718277167413,38.1636902359795],[128.57040620170565,38.16669719783276],[128.56945758921134,38.16606178298999],[128.56870657613376,38.166830144612604],[128.56940456703958,38.1716606305853],[128.5678551484096,38.16827347285826],[128.56680598400627,38.17138042139086],[128.56589578871248,38.17162485586579],[128.56648971617207,38.174632993035566],[128.56389211626467,38.17199746385884],[128.5632259277992,38.17193057420359],[128.56300500535193,38.17348682029622],[128.56255142468808,38.17219426816903],[128.5609458489826,38.1721190411556],[128.56187487771692,38.17101714037918],[128.56061257863266,38.17093500233124],[128.56121278691435,38.16970003661148],[128.56039438906174,38.16955419153117],[128.5610635755759,38.16922146367402],[128.55975571243454,38.167284063462624],[128.55678082577404,38.168220632312746],[128.55658818164966,38.17003373723122],[128.55834177805596,38.17067354923726],[128.55536899969326,38.17187710578389],[128.55467768866743,38.17133241317959],[128.55592357937664,38.16825793262343],[128.55389091184279,38.16979184183111],[128.55363348927622,38.168932770233496],[128.5565579618553,38.16684504932451],[128.55337562005587,38.16753580418172],[128.55394427083945,38.166554336280335],[128.55227256190634,38.16619905728185],[128.55180554817733,38.16943391414402],[128.5511440230732,38.16955694483788],[128.55193495582202,38.166740019013915],[128.55020956885963,38.16600598765113],[128.5495324187939,38.16694750640879],[128.54943744603503,38.165788813063934],[128.54767296942995,38.16537102120781],[128.52871386913714,38.17004490667597],[128.51901929338268,38.16962573997768],[128.51741148859287,38.16873383049364],[128.5170801257783,38.17078034938035],[128.51364403590495,38.17102107380207],[128.51221953143857,38.17078731438616],[128.51153127740136,38.16920673420414],[128.5098018111864,38.16973923247369],[128.5134133119123,38.16674631372238],[128.51396689598766,38.16802898960564],[128.51548453236592,38.16755936904562],[128.51502784080387,38.1661265692187],[128.51791209564317,38.16709926989618],[128.5252313501447,38.16600313463673],[128.52599856305525,38.15998764974974],[128.5251403140753,38.155616322233406],[128.52827338889608,38.15883676258234],[128.52797627890982,38.15977634212729],[128.5295849804484,38.161736227068054],[128.52884133105798,38.162582428947765],[128.52990230986256,38.16269255744298],[128.52970662988386,38.16511882228811],[128.53166112667287,38.165581931052444],[128.53551172836296,38.164667195865],[128.5374831500754,38.163038606163404],[128.53983746335166,38.16344987164865],[128.54164274253162,38.162200203713915],[128.54310922156958,38.164186048644034],[128.5440401769353,38.16379547191076],[128.5437517290737,38.1632081784692],[128.54869153228967,38.15972055829577],[128.54768658321947,38.15942179868742],[128.54838842281418,38.159336258893504],[128.54765323363563,38.15893777457287],[128.5479950052396,38.157494957711826],[128.55145589204253,38.15789672643213],[128.5516613861576,38.15593419209652],[128.5538102945734,38.1569467887855],[128.55481721794834,38.155775806733864],[128.55556479586605,38.156308875475915],[128.55814806452057,38.155351810246],[128.560241307571,38.153114273559986],[128.55919126597817,38.151842830425146],[128.56181068315155,38.153537514443975],[128.562589922383,38.15290859885888],[128.56073686762863,38.152050071538596],[128.56036949687277,38.15157428249198],[128.56456285432517,38.15307370947848],[128.56105476457768,38.14931596438317],[128.55831172360837,38.14840574357351],[128.56074152467693,38.14883267598216],[128.56155563144765,38.14813895147044],[128.56200268937135,38.14940961325263],[128.5630932179132,38.148463193253214],[128.56340827861342,38.15104940000294],[128.56464528422126,38.151453616493896],[128.56479290455536,38.15009047501002],[128.56480443888142,38.151726305242896],[128.56571295469246,38.15230203487513],[128.56615855528483,38.152346840068944],[128.5656432246829,38.151460512933035],[128.5660790788485,38.15088893629968],[128.56665009455736,38.15227139185908],[128.56763673938164,38.151938017052416],[128.566748252114,38.150709462804805],[128.56817900545565,38.15148690602116],[128.56937089205306,38.150788835227374],[128.56777504874697,38.15001106625461],[128.56753473751886,38.14865057776439],[128.5655421665049,38.14871403608194],[128.56409181227124,38.14836711470962],[128.56627605677144,38.147905963394095],[128.56374109582757,38.146961450987895],[128.56376253553316,38.14610137342034],[128.5617929770336,38.146698526687324],[128.5623408789062,38.14780539663904],[128.56149295694848,38.14683430395429],[128.55730756009623,38.14744914883752],[128.55694647235123,38.145917498683076],[128.55551559813082,38.14702781145317],[128.55578221750977,38.14611984900865],[128.54927465918954,38.14606362273163],[128.54912144441641,38.144912443320585],[128.53847625745178,38.14455382624142],[128.53789506087904,38.14293156209609],[128.53952776137263,38.14029839192091],[128.5414607422704,38.13944842318509],[128.54087265355653,38.13733721717977],[128.54325410448521,38.13678752310279],[128.54353090349235,38.13562509789084],[128.54172483677704,38.13333607600144],[128.53021625502888,38.13030226300354],[128.52970884815593,38.12422415702778],[128.52609994698685,38.121568006776506],[128.52637741223273,38.11930606758728],[128.5251278113963,38.11612753474975],[128.52520947429812,38.114847957911124],[128.5276713202002,38.11512159832784],[128.52733511419027,38.11447483672216],[128.52964706636632,38.11271820503479],[128.5317225529879,38.11318363670659],[128.53120689569334,38.11228067886145],[128.5333274456098,38.111652033411445],[128.53306291658077,38.110152244495374],[128.52994282531796,38.11057588249119],[128.5299592008288,38.10951910635833],[128.52808674977607,38.108016900049755],[128.52864268270417,38.1071877877621],[128.52750166911494,38.10671796654175],[128.52586932711247,38.10859514609271],[128.524954405688,38.10805468894214],[128.5201371684756,38.10905486629241],[128.5199157754264,38.107989549950936],[128.52206115606322,38.10704634524033],[128.52071736975304,38.10601689416517],[128.52266136351741,38.10576924391232],[128.5240496312003,38.101719497595305],[128.52318156321402,38.100355790927296],[128.52349520369427,38.09849995492425],[128.52049362618362,38.09635500557023],[128.518744404194,38.09624999533269],[128.51514285679556,38.09808117533999],[128.51437197904608,38.09624176927686],[128.51238558323658,38.09628387615988],[128.5116518275448,38.091064429324426],[128.50867992105827,38.08643985862302],[128.5040321849371,38.0829147641893],[128.50271044383294,38.08021960432137],[128.49756164745276,38.079348632524585],[128.49221571302402,38.07977423012435],[128.49217215679315,38.07887170344743],[128.48722354450476,38.07758743994236],[128.4897173135591,38.07630140021331],[128.488596318047,38.07176325620476],[128.48987529465305,38.071618289354326],[128.49200537140237,38.06899416934954],[128.49398959119412,38.064174755436476],[128.49413760716612,38.06057854044252],[128.490911737668,38.056523655098474],[128.4788342034904,38.05046899350185],[128.47627977611225,38.0475299034652],[128.45516568756867,38.03879007760847],[128.45047586630537,38.03423597379951],[128.45121605779497,38.03286673083035],[128.45522172380183,38.0307456634252],[128.45384060756413,38.027791441787215],[128.44826715153062,38.02753590516823],[128.44018735738393,38.02363157036152],[128.4379060628754,38.01875547943777],[128.43559151667517,38.01657155182113],[128.43579262473432,38.01483772743507],[128.4324964169331,38.01470705304862],[128.43102735257546,38.013250012220574],[128.42889010905242,38.00894552703743],[128.42984869202783,38.00754288123824],[128.4223490539901,38.00415254630694],[128.42032724175482,38.005197355958956],[128.41578476334868,38.00411993746276],[128.41286041192893,38.004553540054964],[128.4098152598817,38.006364886938854],[128.40577624084946,38.01214370706518],[128.40280568447102,38.01399673835598],[128.4027990900679,38.016165640097945],[128.4054326874034,38.01834498068816],[128.4079796608642,38.01893022128725],[128.4055197060871,38.01918687896274],[128.4030388772208,38.01818652373906],[128.39905234107798,38.020395818615164],[128.39910921243586,38.02492505616601],[128.40254871134889,38.02598335693072],[128.39923972731813,38.02658032602653],[128.40138662025964,38.02889393549723],[128.4009720020673,38.029736952498666],[128.4033286598115,38.03637224775277],[128.40023256117226,38.03198291913634],[128.39810613616157,38.03255508801722],[128.39644115768414,38.03076480952001],[128.395871279447,38.03306630181881],[128.3941931252009,38.03307115888871],[128.39441346837802,38.03433410142653],[128.39332352485212,38.033631446630615],[128.39203888796342,38.0346680349407],[128.39229150782606,38.03270312543688],[128.38798711423001,38.034581645897724],[128.38850321053076,38.035347048029735],[128.3872831380888,38.03589761400772],[128.3881300805841,38.03673825695966],[128.3835503971231,38.03710851278986],[128.38418422044475,38.039898340345445],[128.38135739445264,38.03776237474191],[128.380937851508,38.03951862894043],[128.37987737553073,38.039189518925966],[128.3805783933953,38.03999809023474],[128.3786757752781,38.03969514139886],[128.3787595610809,38.040441796300556],[128.3771775035981,38.040725839149744],[128.37683939892028,38.041546300225164],[128.37854834092832,38.04216464758209],[128.3798353960715,38.041540829784275],[128.37958086208354,38.042314169671336],[128.3809537014486,38.042499894602585],[128.37822048690796,38.04326814005425],[128.37967814319202,38.043931897309086],[128.37788103891594,38.04409724067768],[128.37780387452568,38.04490827229409],[128.37942060494288,38.04543513207869],[128.37680175033634,38.04562854017359],[128.37550783757504,38.043674533792185],[128.37461164556748,38.04483687957553],[128.37227847007455,38.04314350891738],[128.37150994091738,38.04451804476939],[128.36746132447712,38.04303594406688],[128.37169236624965,38.04785154869905],[128.37329410343003,38.047189218233704],[128.37388485864298,38.04799724136741],[128.37466664077797,38.047324923072786],[128.37842240730396,38.04814039233795],[128.37565921173334,38.048962738323304],[128.37584490070563,38.04994174783246],[128.3733560819117,38.049549105231456],[128.37544536447226,38.050970434358085],[128.37260670692058,38.05100950810889],[128.37231640237005,38.05224850197268],[128.37123681429838,38.05011938468288],[128.36987681674626,38.049951811232766],[128.36924435772545,38.04881796459734],[128.36818591982555,38.04960550307969],[128.3673911682647,38.04800644822177],[128.3640960048618,38.048348179891654],[128.36381255625696,38.047035554366175],[128.35964932737724,38.045745602207035],[128.35904070780185,38.04729002992533],[128.361470423171,38.05050048184436],[128.36036375564225,38.0509415747575],[128.36134449362478,38.05245421320002],[128.36106582612507,38.05406251590614],[128.36250046282046,38.054432032728926],[128.362025501346,38.05929939990567],[128.36687564437207,38.06742923015288],[128.3691893921767,38.06862052812495],[128.37232766537832,38.06865754660938],[128.37462731099572,38.070488394280396],[128.38016198427525,38.06930166473519],[128.38177173871034,38.070408921122684],[128.3830051594801,38.06923900026741],[128.38537475099767,38.07112245305584],[128.38355949250268,38.07157029982799],[128.38430214694029,38.073138254986794],[128.38726782505438,38.07357871095205],[128.3881593938679,38.07285281123457],[128.38934178007898,38.074113418056186],[128.38614323794081,38.074652938839705],[128.3857091762599,38.07553373845342],[128.38675803020107,38.076902600117606],[128.38549298552118,38.07745324768679],[128.38767286241924,38.077885249076445],[128.38582053625365,38.07857118132059],[128.38585679261672,38.07952353789333],[128.38770789587153,38.07931373461591],[128.38720464012022,38.079976341675405],[128.38858825552663,38.080967515226305],[128.38634264484617,38.08083535936719],[128.38664205435614,38.08221440555958],[128.38831898082242,38.082605561549265],[128.38690389236203,38.08292055022606],[128.38759184051645,38.08384035715281],[128.38678006007544,38.085992320950666],[128.38876005336166,38.08959966962455],[128.39052166177962,38.08909807018955],[128.3927492253519,38.08921950342619],[128.39303668749193,38.089472545553825],[128.38863389306607,38.08976724499468],[128.3862459237278,38.08630948380358],[128.38420588742815,38.085269694356334],[128.3853317099735,38.084996668480755],[128.38409619046504,38.08181036977312],[128.38155325075758,38.081563228407006],[128.38344778002568,38.08003092602378],[128.3817043725519,38.079223114684666],[128.3810589483996,38.07661195846471],[128.3792766248584,38.07729847949623],[128.37988694743103,38.07621253458998],[128.37831580296415,38.0735018794848],[128.3766953814972,38.0745967267448],[128.3771810814805,38.07232901945776],[128.37390203002005,38.07497414600775],[128.37365527639892,38.076921830819714],[128.37252317566086,38.076714336184956],[128.37231425943622,38.07791266764009],[128.37366996256284,38.07915063541667],[128.37238090164024,38.08013743403279],[128.37314818520585,38.08250756388107],[128.36909861478225,38.08442907368747],[128.36787477305245,38.08603031372716],[128.36829951478785,38.08747943990356],[128.36684587134775,38.08875645240333],[128.36729241189332,38.08661329257151],[128.36611353426065,38.0863019720463],[128.36664489121748,38.0850022388501],[128.36504122057315,38.08411402011088],[128.36494002243012,38.082941948514545],[128.36289560193907,38.08278283218572],[128.36175489936,38.08420896844731],[128.35889414745168,38.08206670637854],[128.35642747972742,38.08297057232818],[128.3559881498961,38.08060519898143],[128.3500160179613,38.078061716241436],[128.3489843408043,38.079953010769664],[128.34703190900572,38.07865477219446],[128.34382860220995,38.078897608933374],[128.3420461413768,38.08024743004189],[128.34201874241847,38.07907251241021],[128.3391768395185,38.078514189043894],[128.33788527432142,38.07943861651751],[128.33691381736165,38.07882844305667],[128.33666439123675,38.07975423469797],[128.33444048305154,38.07906875339046],[128.33428879379682,38.08062400994736],[128.32941538242756,38.07918525333999],[128.32860027136832,38.080613824323706],[128.32918973355163,38.08254493261428],[128.32723484736368,38.085652361930705],[128.3276900966247,38.08635992477266],[128.3268058689116,38.08588152249652],[128.32616613950665,38.08306281980165],[128.3260200348234,38.08441079923127],[128.32401439432635,38.08384700545557],[128.32344448917107,38.08554982850939],[128.32497619537838,38.08767701656048],[128.32344211175626,38.08776971366532],[128.32187762267168,38.08641816316788],[128.32115863920507,38.086993540620526],[128.321295365826,38.08976674321167],[128.3200093659099,38.08781183832862],[128.31912132486326,38.088997661847614],[128.31829500749564,38.08836242059217],[128.318903896338,38.085902552226145],[128.31699554763887,38.08608947056196],[128.31763016283355,38.08522641157392],[128.31657606288377,38.084064880498545],[128.3142135982396,38.08451432588521],[128.31443365663807,38.083275709399636],[128.3124314776137,38.08188120944747],[128.31089622788946,38.08132183504977],[128.31067735103602,38.08269504599974],[128.30957966337664,38.081904899227574],[128.30725755238012,38.08322551967218],[128.30859086154538,38.08054610976548],[128.3057442325832,38.080027405925065],[128.3069388763387,38.07868177845976],[128.3042937873148,38.07887602439445],[128.3029536277063,38.07749701044761],[128.3010334458732,38.07825903888753],[128.29448020743763,38.07656705330161],[128.29536652164046,38.07722075914768],[128.29490395117054,38.0782242770857],[128.29359679750232,38.077930644971445],[128.2924614473744,38.08012297502683],[128.2920809793563,38.077731322140565],[128.2886062645563,38.07791759205536],[128.28890751965062,38.080215887202705],[128.28631219617458,38.07804068173156],[128.2836994955816,38.07750782145578],[128.28319742679247,38.08086661495379],[128.28181299433967,38.07953798040027],[128.2793817731487,38.08019288001963],[128.27895490013915,38.07896855487667],[128.27512237546568,38.0779647549852],[128.275788476593,38.080477813866544],[128.27351740185637,38.07916073884747],[128.26220862123733,38.07949973415076],[128.26117545237685,38.08026909961856],[128.26061334511746,38.081794481755836],[128.2621495045381,38.08441893135819],[128.26089264482323,38.08807337730925],[128.26683339800454,38.10103729840167],[128.26949737036088,38.10254571193075],[128.26964466773276,38.10420635438527],[128.26883796894765,38.104504432234435],[128.26977757209073,38.10443832358559],[128.26863311309168,38.10553418677754],[128.26927828801195,38.10730119109058],[128.27091266170885,38.107809989614495],[128.26993214922948,38.108698216510135],[128.27132104713658,38.109933460951],[128.2699516194143,38.11145482208823],[128.271137068362,38.1122986686678],[128.27007885316922,38.11253914567799],[128.26998448119497,38.111725733546784],[128.27007581767688,38.1160812958697],[128.26795214198359,38.11604513653523],[128.265453072846,38.11813311705738],[128.26537006424485,38.12077475539911],[128.26325277924542,38.12293678565863],[128.26036275161195,38.1224482400077],[128.25941080368165,38.12495339640059],[128.25690968072155,38.12533627689937],[128.25560051296455,38.12702870639882],[128.2561700864839,38.13137906222104],[128.25750198261,38.13129494805293],[128.2568470442499,38.13258630672313],[128.25869887099356,38.13350732754903],[128.2699106696447,38.133015342210314],[128.26992528791206,38.1318335232256],[128.2725288360279,38.131616453207016],[128.27256141459122,38.1323049704989],[128.27702316724503,38.13142900673046],[128.2793247077522,38.12912550827783],[128.29203088823795,38.12722604931962],[128.29265006011684,38.12567405408581],[128.2935572036804,38.12697941116265],[128.29652638069177,38.12502399062828],[128.30033936427128,38.12446153615909],[128.30272702177115,38.125189677618984],[128.30138465282715,38.12658781391119],[128.2882801588766,38.13148911029182],[128.28408737168994,38.13136884319825],[128.2870819782978,38.1346375124541],[128.2907093283179,38.13396459334196],[128.29358464570575,38.13463560223459],[128.2926041092448,38.13503125879536],[128.2938443896237,38.135671734859606],[128.29213665105183,38.135861538730566],[128.2928935460235,38.136586958965424],[128.28104265082504,38.140494533553934],[128.28091031360995,38.14152863968715],[128.27751688845828,38.1412550426794],[128.27733857231007,38.1432140093685],[128.2751304963323,38.145108938636696],[128.2699431497648,38.14425987684359],[128.27047188310644,38.145220044531946],[128.26947440698356,38.14473067047147],[128.2694369683627,38.14502626051327],[128.27044804978698,38.14653151756045],[128.26909687120718,38.14548002150195],[128.26145245251027,38.14802994620349],[128.25868319661504,38.153651672226005],[128.26229789566503,38.15436378514185],[128.2641253664055,38.15582433324118],[128.26617562178942,38.161103648444225],[128.26439171995696,38.16428172010648],[128.2741510414797,38.166682157708415],[128.27789544020408,38.17100789399206],[128.27924766487493,38.174327632853604],[128.28221057531425,38.176349151421576],[128.2889816250816,38.17760622357793],[128.29765087486552,38.18103005880165],[128.30258021795862,38.179914632549895],[128.30439202019022,38.181824066793894],[128.30809620313823,38.180966051742665],[128.30891597932336,38.179958788798565],[128.31051687949258,38.18179174315618],[128.31389422835608,38.182220712254306],[128.3149081280215,38.18335497919119],[128.31641581474867,38.18279162869863],[128.31673452892161,38.18421909381581],[128.32005851837442,38.18691383276506],[128.32140069483015,38.18673302528924],[128.32383579522624,38.1883574658472],[128.32330993533006,38.18959975278126],[128.32412476344402,38.1903210198907],[128.32526481701797,38.18842259557604],[128.32889972441194,38.189952190911825],[128.33274242691928,38.19003487193796],[128.33718446239098,38.19264152301433],[128.3402835170994,38.192965648762936],[128.34843842987894,38.19109180690229],[128.3539398127912,38.19197506865652],[128.35784437401287,38.19133251058413],[128.3551264763881,38.19286009054324],[128.3555504266961,38.19365148535272],[128.35300829631538,38.19347598708],[128.35193380886312,38.194432504847335],[128.35727815344742,38.197591556266154],[128.35894792173343,38.20188849081512],[128.36015525735104,38.20181394148229],[128.36114398188377,38.202978307147994],[128.35802560444202,38.206274350843884],[128.35915348704603,38.20629142772681],[128.36130424546596,38.211578978192215],[128.36308278166487,38.21163594057205],[128.3635183094793,38.21322990513867],[128.36504963424792,38.21415133090759],[128.36612523339406,38.2138386521525],[128.365904779621,38.21266903150548],[128.36895000630312,38.213133146979224],[128.37080945245688,38.21127754496071],[128.37027979402708,38.21278616873516],[128.3721915154748,38.21186080720259],[128.37208608423097,38.213859661344806],[128.370367036523,38.21629306546089],[128.37152251090396,38.21659323597667],[128.37342340130485,38.21543728963339],[128.37337974720643,38.21660521006081],[128.3715031295239,38.21750526083276],[128.37191714692665,38.21828757078605],[128.38420403827698,38.22240977235001],[128.3886507329541,38.22019431247714],[128.39377592157257,38.22001795550993],[128.39558813164788,38.22136398878579],[128.39812889118457,38.221407039241505],[128.40781239516667,38.21854028327961],[128.4098136997099,38.218581377405926],[128.41130608828325,38.21983256565859],[128.41245502644875,38.223050436109574],[128.41554568035895,38.22611893380272],[128.4147177646644,38.226880272202386],[128.40520542350993,38.2280737454784],[128.40296065635772,38.22781563889469],[128.39878678351073,38.22545647680182],[128.38554955453753,38.223959566526304],[128.39346316381696,38.23008917137767],[128.39420974951838,38.2338065411547],[128.39691575196443,38.23632706144581],[128.3977724528068,38.239631798275816],[128.40214913526748,38.24050646187496],[128.40057282916396,38.24068170114928],[128.40374861090507,38.24240812783985],[128.40497019487233,38.242057070223545],[128.40507863104668,38.243960000165224],[128.40720614372725,38.24462847666126],[128.40673977168032,38.24566147825754],[128.40772574712955,38.245411901357876],[128.40860513311262,38.24764197224985],[128.41164267033153,38.24893083290149],[128.41836935490633,38.255802728369765],[128.42450706363576,38.25675598209774],[128.42918374532488,38.25974749088694],[128.4309956108124,38.26206815378054],[128.43168668995614,38.26025679488832],[128.42988862597304,38.25837308586978],[128.43078395944292,38.257601000881316],[128.4309672011107,38.258769714328245],[128.43354773332703,38.25930585259537],[128.4343451258214,38.26269403691167],[128.43828803685756,38.261350106001196],[128.44055790924466,38.261629968611835],[128.44003161781455,38.26214812636778],[128.4416161956678,38.262023680580114],[128.44304116002084,38.26389082105888],[128.4430273639353,38.26234702192614],[128.45117253068045,38.26205058998517],[128.45227357235248,38.26407546622892]],[[128.30055416187517,38.13308199228141],[128.29642343232672,38.13081046245904],[128.29548841561757,38.12937291608158],[128.29971975669895,38.13049266677467],[128.30055416187517,38.13308199228141]],[[128.4513128315722,38.08099239308805],[128.44621794285476,38.08236560915547],[128.44755784489178,38.07887546557484],[128.4467082760284,38.077608255369036],[128.4549403915855,38.0771334141205],[128.45111219340797,38.07888692515939],[128.4513128315722,38.08099239308805]],[[128.48429613086046,38.079006955556586],[128.48312453350573,38.07871421536338],[128.48278896845733,38.0774453402533],[128.48570906692433,38.07497890859253],[128.48592723489605,38.07366373907245],[128.4837657061675,38.07335295626302],[128.48156392509873,38.075234166531615],[128.47807999757956,38.07369602429478],[128.4795294214738,38.07406011220076],[128.4834581451135,38.07227248214183],[128.48695001461383,38.07313228244051],[128.48787939722502,38.07449576388062],[128.4867069742839,38.07761423233792],[128.48429613086046,38.079006955556586]],[[128.47481586664202,38.073236936416734],[128.47636618107853,38.07255194684982],[128.47792547664193,38.073041026614554],[128.47481586664202,38.073236936416734]],[[128.45189367776868,38.07452770230304],[128.45345262082554,38.07526167502342],[128.4554497207019,38.07648096440893],[128.45303023630666,38.07719725335387],[128.4538546025243,38.076293378633295],[128.45271401236207,38.076219823046884],[128.45189367776868,38.07452770230304]],[[128.46574967659475,38.07635605956945],[128.47277898997407,38.074292531693914],[128.47391825769427,38.07593064307568],[128.4724941595632,38.075125800431174],[128.4689900477065,38.077199012946245],[128.4691788773354,38.078008121167244],[128.46801447728092,38.07714963364969],[128.4637453427468,38.07880296051525],[128.46574967659475,38.07635605956945]]]]}},{"type":"Feature","properties":{"id":"songnisan","name":"속리산국립공원","year":1970},"geometry":{"type":"MultiPolygon","coordinates":[[[[127.80185484415063,36.594028276818115],[127.80185520449561,36.594128095074026],[127.80185523200306,36.5941280534382],[127.80185484415063,36.594028276818115]]],[[[127.93704451320384,36.76470923261572],[127.94224948498474,36.76490908380945],[127.94433395949916,36.76258691716673],[127.9459812427711,36.76310285722663],[127.94832679825576,36.7616300739893],[127.95070511178402,36.76248478086336],[127.95431928955782,36.76070655257986],[127.95279711540327,36.75283663954159],[127.95580573137927,36.75445488842413],[127.95663213053741,36.749109264190906],[127.95921506783088,36.75151811672527],[127.9598949257206,36.75509601083624],[127.96322143427469,36.75440982593118],[127.96337945038167,36.757086376253866],[127.96576369129859,36.75540848584519],[127.96666294726894,36.75311274878915],[127.97068041922496,36.75290975468426],[127.96858510261261,36.74611191655589],[127.96226465316181,36.73984861746691],[127.96325884243389,36.739286812689876],[127.9617363731538,36.73762823636029],[127.9569050366476,36.73563104910486],[127.95644746091108,36.73362074408585],[127.95470063952244,36.73192500991599],[127.95600087533128,36.72910480270441],[127.95252512227252,36.72304143936722],[127.94880955374956,36.721167423349016],[127.948658953508,36.71755221484636],[127.95004297067037,36.71612622287479],[127.94899293720246,36.714003621596156],[127.94980572189543,36.71029414430282],[127.94902910479477,36.7056857200511],[127.95264594194332,36.70290452274246],[127.9556158121987,36.701985160887425],[127.96383213193965,36.695862332107296],[127.96474558568134,36.69429956458556],[127.96284112774359,36.691756782939045],[127.9568245861208,36.68829527736515],[127.95629773046379,36.678588695566496],[127.9526810092121,36.67748594394963],[127.95024463790877,36.6780988910515],[127.95087404244764,36.67716131966012],[127.94682324729344,36.676611261033436],[127.94885536744702,36.67444168731113],[127.94915927239842,36.675378656194304],[127.95126716830664,36.67538835445343],[127.95027384081448,36.674079781569404],[127.95169466104349,36.6734005656873],[127.95372061283064,36.67419950818159],[127.95305656066385,36.67228973121401],[127.95435012558615,36.67216269713146],[127.95355261307337,36.671967591791386],[127.95488508062519,36.67108665955862],[127.95410328967036,36.67097730581593],[127.95472351168813,36.67004926566669],[127.95352617077134,36.67066572830443],[127.95356272213338,36.668920203893386],[127.94773041750682,36.66815471402559],[127.94782157086752,36.66717648640506],[127.94621517165126,36.66686016138932],[127.9470258359577,36.665365665326604],[127.9427868561425,36.660613635244275],[127.93509471786365,36.66012036670366],[127.93157565154395,36.66217024160501],[127.92785718500748,36.66089852561801],[127.91918537891263,36.661875348982115],[127.91444510330254,36.66054039492861],[127.90664330266951,36.66004666935872],[127.90393172133082,36.66196766188311],[127.90084852499625,36.66085953636332],[127.90041068402783,36.66171367112835],[127.89590211950492,36.6627341803895],[127.89636100721049,36.66496445378355],[127.89401611412974,36.6642140610517],[127.89167545033595,36.66504051259159],[127.8926151907186,36.66512287370797],[127.89438376465256,36.66676806621191],[127.8924323185369,36.66544451811754],[127.89216600604672,36.66738068356467],[127.88909275506764,36.662094597572846],[127.88722463674522,36.66164179279015],[127.88403401603074,36.66323659093058],[127.88355305096786,36.66454857959495],[127.88439196456464,36.66491303126238],[127.88325798759031,36.66488499987621],[127.88401081652428,36.665685680303575],[127.88285501631925,36.66561245560322],[127.88279993492935,36.666816673088334],[127.8820797679858,36.66613378811336],[127.88241130478364,36.66668574454449],[127.882349708903,36.66699411354046],[127.87930125139809,36.666891422813094],[127.87711928925675,36.66960950189978],[127.87534660008586,36.66782330027854],[127.8746029373596,36.66965678439256],[127.86930039487774,36.6732893000966],[127.87100227378492,36.6725217953676],[127.87069737329658,36.673301747721965],[127.86522683432385,36.6739504292471],[127.86431942433371,36.675361022406975],[127.86712314456734,36.67641142936397],[127.86984686222546,36.675471707740094],[127.87005553641255,36.67451813368034],[127.87664804368697,36.67333063310091],[127.8779918436686,36.673994904622184],[127.87607362845672,36.67422348586033],[127.87739925721223,36.675631307774815],[127.87607605445277,36.67504270756071],[127.87610458582647,36.67598011425012],[127.8750715885797,36.674730137303115],[127.87339973296204,36.67631511571679],[127.87117056763488,36.6756276155562],[127.87140417382028,36.67741268165924],[127.86999051844583,36.67678020376272],[127.87065551991095,36.678327479046146],[127.86865228157069,36.67998488722432],[127.8681107179076,36.68232284479335],[127.86673872693838,36.681646313848155],[127.8666289053795,36.680563995972754],[127.86562497110627,36.681050190217796],[127.86672767567217,36.68021807796514],[127.86656447438952,36.67899315283248],[127.86479669600558,36.67945445656371],[127.86395378585243,36.678153030139924],[127.8617719169799,36.67824139536045],[127.86075689016309,36.68092695911626],[127.85980497345028,36.68040958494739],[127.85988524847764,36.682958393429026],[127.85849374277379,36.68251617454195],[127.86010250716335,36.67810281648339],[127.85846119620138,36.67809153952416],[127.86033234773228,36.67786553161942],[127.86168259926899,36.67542177339351],[127.86091823209726,36.67468904216039],[127.85681334616105,36.67537035785044],[127.86021053125731,36.673579337266084],[127.86029168609512,36.672655084206525],[127.85919328709019,36.67155474134945],[127.85537450905143,36.67192151774372],[127.8549343656289,36.67270132802152],[127.85502919261836,36.671970174335854],[127.85311528885308,36.67196916007579],[127.86243196990115,36.67006288171059],[127.86415329493535,36.668581323841515],[127.86656632828827,36.6694741265962],[127.86764188664085,36.668758280833124],[127.86717470050831,36.6675026528707],[127.86411901198763,36.66689267339579],[127.86620847757854,36.66665318410079],[127.86544904547448,36.66348583336579],[127.86376674193016,36.663825780868216],[127.86487960942821,36.66306403908397],[127.86151531861026,36.66208912692454],[127.86077063440128,36.660232725069804],[127.86183743939327,36.65979926413993],[127.86328728127936,36.662024388618526],[127.86672372537645,36.66235360560605],[127.86727050505677,36.661396128757374],[127.86757337862176,36.662138159418426],[127.8681569887755,36.66085925774405],[127.86717338313997,36.66048446252496],[127.8681395272847,36.660003972802215],[127.86908372882174,36.662351053813126],[127.86996368679839,36.66230304603426],[127.86898935433537,36.66093351753178],[127.8714896167179,36.66185421071398],[127.8705575954931,36.66016869100069],[127.87134847489304,36.6610825407726],[127.87197718852958,36.658894796507916],[127.87329933024152,36.65921363962542],[127.87486711800781,36.65801297472587],[127.87392937974327,36.657090771176385],[127.87485607762767,36.65737825044727],[127.87544795752125,36.656471703962126],[127.87385899152619,36.655892736482485],[127.87528214980169,36.656223730851835],[127.87370646733916,36.654052280218174],[127.87319131207767,36.649788645848155],[127.87038629747717,36.64704745040311],[127.87053938508792,36.64393049577601],[127.86902171970543,36.64367371380194],[127.86648834235146,36.64010272899087],[127.86448886112734,36.63985999553913],[127.86317654508753,36.634717544628884],[127.8655578727586,36.63094366304458],[127.87126308794691,36.628678445901876],[127.87363006104361,36.62929164527664],[127.87424865660489,36.6282898651465],[127.87478843239306,36.62909464988682],[127.87571118277347,36.628495948143524],[127.87632542951197,36.62912230186032],[127.87572971617983,36.630502927052945],[127.87730150355625,36.629551713796005],[127.87784367056213,36.63066194009027],[127.87789878262488,36.62984180179649],[127.8805490772376,36.62845936119757],[127.87531887012607,36.62352338981155],[127.87825630856966,36.620453921571304],[127.87791857350031,36.61764676662074],[127.87956615989368,36.61751037494649],[127.88116934449552,36.6158372764666],[127.88249179408419,36.616866749733354],[127.88374446919029,36.61644910168399],[127.88395318264166,36.614037735710056],[127.88273610611378,36.61217758224315],[127.88369122383749,36.61173591286211],[127.88264304241315,36.611090908337275],[127.88452843940615,36.61046366192472],[127.8845568083344,36.609364375122645],[127.88528236109529,36.609750075593645],[127.88594988857331,36.607364134794196],[127.8873452729452,36.60754624724649],[127.88686348583252,36.60649427313035],[127.88868227565604,36.60588989281466],[127.88753787457111,36.60539000461107],[127.88794834660048,36.60459424954306],[127.88987813897545,36.604327751479005],[127.88895042929832,36.60327757668522],[127.89099636956624,36.59951333214633],[127.89596712376441,36.59432459241504],[127.8946810930573,36.59281992863101],[127.89819293807938,36.591858257904505],[127.89818788365892,36.58931496211172],[127.89992696477324,36.58737707671075],[127.89774873948676,36.58786631803188],[127.8973116553842,36.58592934113996],[127.89562924054935,36.58633611827184],[127.89528921878158,36.58498962129055],[127.89294137056557,36.58566493021769],[127.8935211135998,36.584319736707165],[127.89088267461818,36.58479288936809],[127.88926738473428,36.583926374294165],[127.8906378829531,36.583127846114294],[127.89219432616078,36.583585974383354],[127.89236674454767,36.582400819004235],[127.89358331736226,36.583005906409134],[127.89390316653906,36.58109001046703],[127.89470657003373,36.582395195575515],[127.89552658202089,36.58108793916232],[127.8978823626398,36.58209081454452],[127.89656449173033,36.58006623309451],[127.89807909772813,36.58036893993461],[127.89839693050834,36.57922601807321],[127.90006614461058,36.58102954264202],[127.89964137175815,36.579266389575444],[127.90097531813355,36.57918253000966],[127.90046702467323,36.57832085142161],[127.9020459136494,36.57883842397648],[127.90302905829357,36.578151737956205],[127.90205938017547,36.57641919170247],[127.90271947076806,36.57550831958141],[127.90170785226883,36.57475966313924],[127.90358020874,36.5744546318915],[127.90254590666092,36.57354152158592],[127.90444088582603,36.56999080220635],[127.90005021590974,36.57160501279271],[127.89566120240943,36.5709682160342],[127.89563665171558,36.57018904082875],[127.89893668565662,36.57023177185784],[127.89852052295615,36.5689732674709],[127.90051954688575,36.57056564819311],[127.90388996451172,36.568942158769964],[127.9037851083529,36.56822411178132],[127.9047960916063,36.56873534331362],[127.90788726137959,36.56331998069977],[127.90837819074947,36.5612385865546],[127.90722878118991,36.554922152521684],[127.91232443837622,36.54931901419534],[127.91268295270045,36.54494096598882],[127.91487529141031,36.54071806440733],[127.91030960230717,36.53918532666723],[127.90706195558342,36.53718628779461],[127.90360959027068,36.53750850549455],[127.90213231093901,36.538598029053034],[127.9006373353152,36.53733545248254],[127.8997298557429,36.53865844310497],[127.8995490049488,36.53769960908595],[127.89521059764009,36.53636707877472],[127.89987473714797,36.53662649114337],[127.89899241464076,36.536215726740906],[127.89921114654733,36.53560011004382],[127.9001985217085,36.5365482301116],[127.90300720129129,36.53667556126],[127.90270691019981,36.53557144346358],[127.90366118223899,36.536500390978674],[127.90975087866588,36.53731746176885],[127.91293467207032,36.539885177149216],[127.91494922808774,36.54033776943011],[127.91545719835635,36.53909108145239],[127.9139249896787,36.53490505351311],[127.90912883468593,36.531884204002274],[127.90634606360202,36.532352458455435],[127.90090763185542,36.52501484381189],[127.90216487984311,36.5207073950754],[127.90107160568094,36.51945579476745],[127.90339179463541,36.51727336017688],[127.90238989007656,36.513068723761414],[127.90400991683701,36.50984761734236],[127.90614049342828,36.50802018807963],[127.90610870294654,36.50614087770843],[127.90462484286176,36.50401720022635],[127.90132274643847,36.501896165025705],[127.90081819604872,36.50001603590103],[127.89760668535521,36.498479669326684],[127.89486071593234,36.49835549774597],[127.88871442648467,36.49313672701396],[127.88046611602589,36.49327056009064],[127.87974925862422,36.491293325787545],[127.8803638807541,36.48996581777453],[127.87754699172186,36.48899436124888],[127.8763281320824,36.4908759986656],[127.87390845781744,36.490920813781074],[127.87717967356146,36.48882922349172],[127.87609441347279,36.48836807683742],[127.87527746069979,36.483165426206156],[127.87948748929604,36.480937557607646],[127.87692491765746,36.47972199832925],[127.87303848468612,36.48097048747118],[127.87129686968365,36.483488372727116],[127.86863055413856,36.48399453044743],[127.86853134604229,36.483102859283946],[127.87034515339894,36.48293989945512],[127.86671735142365,36.48006919843994],[127.86595648703498,36.48212955597069],[127.86372620714555,36.48009393048486],[127.86388830768192,36.47881716275829],[127.86585081003727,36.47868017668267],[127.86078178441086,36.47500504940336],[127.85823270873529,36.47135847755802],[127.85106425145307,36.47236644193353],[127.84799325109026,36.463618651936166],[127.84175328864404,36.46586589685125],[127.84000228017364,36.46160102604313],[127.83758194321429,36.46505283181229],[127.835501673207,36.46391823714255],[127.83337264750105,36.466444725145095],[127.83075391373345,36.46707903692575],[127.82771671610062,36.470816258094395],[127.82209518413372,36.468833062477835],[127.8210015891588,36.470038961667036],[127.82151886669533,36.472594885189615],[127.81901617124177,36.47038427432058],[127.81667497337637,36.47150838604408],[127.81577218479904,36.47074449450288],[127.81449408774164,36.47116949478105],[127.81450299710407,36.47377623708452],[127.8087995281471,36.475612663977245],[127.80424751325138,36.473087839433425],[127.8032445245808,36.47512693590916],[127.80400997210401,36.477780889445626],[127.80898183429662,36.48102419567374],[127.80822781809874,36.481930450958316],[127.80959349632845,36.482827792142054],[127.80964883552303,36.48433760867523],[127.81094770162704,36.48441260793006],[127.81323695491527,36.486489168248745],[127.8123130349604,36.48733790484847],[127.80969739878495,36.48492020761029],[127.8108908501743,36.49320246995046],[127.81917596968759,36.49369629620189],[127.82059665159152,36.49512663049056],[127.8195612737358,36.49746852380714],[127.81926656950351,36.502496721237215],[127.81756683270844,36.50545656870136],[127.81832210367564,36.50697092920781],[127.816090227716,36.506529147893794],[127.81540974449828,36.50702031024794],[127.81591685769061,36.50789440803738],[127.81316057190524,36.50891808142646],[127.81344991897396,36.509997326735316],[127.808805869587,36.510720674235344],[127.81110213606784,36.51137358387438],[127.81520137732535,36.514698826339796],[127.81690346204259,36.51369899625394],[127.81569116265456,36.51461327489065],[127.81589462863359,36.51618261507082],[127.82436774263749,36.51623823250118],[127.81695005149655,36.51800554841371],[127.81680875732614,36.5210911273062],[127.81776357060296,36.52036490706691],[127.82085124421033,36.521705224021765],[127.8266905579652,36.51975289826489],[127.82509237234063,36.52144031805072],[127.8256327606486,36.52221870378558],[127.82475535143874,36.521719703375176],[127.8214254277544,36.52319949093586],[127.8167448908829,36.522152588796374],[127.81714438716581,36.52483656128325],[127.8201986349663,36.52603069773482],[127.82084329229242,36.528719171023006],[127.82283222262319,36.52842795508285],[127.8245045804976,36.53062523995088],[127.82686355422737,36.529863248311194],[127.82736903035999,36.53059271017079],[127.82633055595964,36.53156008565006],[127.82792797251682,36.5338411868144],[127.82521088810059,36.53527970624473],[127.82534331900577,36.53428256810469],[127.82355218825752,36.533738603292925],[127.82389999854144,36.53514290959555],[127.82199186170816,36.53811556398683],[127.82206136769511,36.54465307445614],[127.82295337991745,36.547077986708075],[127.82661479642428,36.548498496692325],[127.82659531176225,36.55024313096792],[127.82865746719692,36.55332054785778],[127.82411622040323,36.55074021121251],[127.82523738904487,36.549505673540615],[127.82427725449274,36.5477955477469],[127.8208974997562,36.54679881747504],[127.82114807974155,36.536433294248226],[127.81704005279276,36.5357071568609],[127.82038497921458,36.53413880732293],[127.8220361502907,36.53455647170033],[127.81902314636523,36.53244665647867],[127.81839588009332,36.52822493419612],[127.81639840296295,36.526097300639435],[127.8140255596881,36.52571235103194],[127.81573482512484,36.520356893774],[127.81271161320312,36.51558049257344],[127.8066449728375,36.51525740574807],[127.80626706781506,36.51855904896523],[127.80215254922034,36.52327320623858],[127.79904988425939,36.5233841950865],[127.79986450317593,36.524267973963326],[127.79751112833108,36.52471793589564],[127.79637201780184,36.526425499337684],[127.79499521213063,36.526021060626825],[127.79589857771619,36.529905300038074],[127.79310436747393,36.53175934754826],[127.79268236438021,36.53366492028938],[127.79031956216306,36.53345417360005],[127.7877132849777,36.53465550138047],[127.78872828513103,36.53549563582184],[127.787727750816,36.53660182862351],[127.78845774401496,36.53862989022462],[127.7917184341171,36.538302767938745],[127.79000372936261,36.5404560817547],[127.7913892447068,36.54372270980042],[127.79175536741155,36.54378199374641],[127.79209839561489,36.54331591354781],[127.79319894857318,36.54303690645527],[127.79349175999013,36.54258549244786],[127.7942049812869,36.5423016496661],[127.79419939509823,36.54152256022743],[127.79466826343517,36.54199426093682],[127.79421896005323,36.542591230827355],[127.79371129068535,36.54252191105602],[127.79477334637264,36.54329802340243],[127.79150608294522,36.54405762650583],[127.79207387263169,36.54569491571353],[127.79349841166896,36.54631066799926],[127.79606958818793,36.54526122299841],[127.80043953100886,36.54106969990263],[127.80480434129346,36.54121047356153],[127.8069738148497,36.539109586785656],[127.80905255896246,36.53942099501293],[127.80544651495246,36.541228386645265],[127.80609172278179,36.54101423660426],[127.80542907252713,36.54509852335549],[127.80678634569482,36.55124212139658],[127.80471642234075,36.55278768573568],[127.80555305577813,36.55294476197473],[127.80413802706848,36.553268605282156],[127.80537042914031,36.55367034785676],[127.80387861448327,36.5544624760012],[127.80531590982976,36.55648153532261],[127.80324647218652,36.55549972442677],[127.80292010645378,36.553588827388346],[127.80091197805294,36.55390775844329],[127.79930195071927,36.551569263246826],[127.7946866124318,36.55295887823117],[127.79639982790975,36.561047761954356],[127.798640067408,36.565239047209296],[127.8044486921648,36.56628026378701],[127.80847816660099,36.56566705235347],[127.81125250833686,36.56297023368017],[127.8195132274883,36.563052110471595],[127.82285331506642,36.566624317616615],[127.82446976478803,36.570718025375776],[127.8178778154978,36.57452741434915],[127.81592211583516,36.57794975649228],[127.80465967127677,36.58123662028696],[127.80304175137307,36.584033640847245],[127.80136124318747,36.584354340034196],[127.80025210321986,36.58601436709794],[127.798300112474,36.586261839854906],[127.79922961952062,36.589396293725315],[127.79633645324745,36.592657378351525],[127.79611270888702,36.595018142729494],[127.79761271052445,36.60059525228029],[127.79869292919636,36.6021684497807],[127.80154913514964,36.602076021087804],[127.80626520936521,36.60362126045521],[127.80727765615534,36.60231603484512],[127.81160970167267,36.60051334483542],[127.81796276476341,36.59914837854847],[127.81428341463253,36.596849995728476],[127.81375354810781,36.597508492897305],[127.81424165620005,36.59848122582009],[127.81404704288511,36.59909279649887],[127.81420373238734,36.598566945745546],[127.8136916151061,36.5982061411926],[127.81378147886612,36.59836627607798],[127.81353999740408,36.599089103788415],[127.81320918761008,36.59831075947469],[127.81157072592758,36.59963584981002],[127.8114108765069,36.5988838519662],[127.80790378131442,36.60008497925372],[127.80734153407437,36.599366136442534],[127.80732771733572,36.60013746261621],[127.80696577588769,36.6004616031007],[127.80723048680909,36.59932628858329],[127.80537559765423,36.59911449247178],[127.80392825155839,36.59754470616097],[127.80483625819613,36.59578104376041],[127.80336164826126,36.59519443874611],[127.80263811120933,36.59613744175917],[127.8026865128616,36.59489333899126],[127.79955894017473,36.59434095042772],[127.80284829221618,36.59370398132809],[127.80354563512597,36.59430487672688],[127.80802272602614,36.593700655393924],[127.80667220881355,36.59228282536682],[127.80760706623973,36.59237330837573],[127.80723496215928,36.59104548668989],[127.80841336220932,36.59260744913511],[127.80808670352702,36.59015406341179],[127.80833547437481,36.589907792645064],[127.80867879920312,36.59060736867387],[127.80917326789105,36.59061092971331],[127.80760907955587,36.5890044385798],[127.80834693896392,36.58945045557315],[127.8085620634355,36.58870890124557],[127.8101036695519,36.590348061412534],[127.81266618104628,36.58787167741233],[127.81012792435259,36.590370839176686],[127.81320902417245,36.594249485366326],[127.81426089417022,36.59167273877846],[127.81329682821519,36.59104865682814],[127.8141047303466,36.5888998879067],[127.81434744279964,36.59148565363583],[127.81589094873279,36.590518477649425],[127.81651266181709,36.59257711358305],[127.81880869694598,36.58941725631684],[127.8174285208962,36.591447843011224],[127.817737305706,36.59200949827229],[127.81875593552685,36.59119509099475],[127.81903331390501,36.591124612418696],[127.81746552690798,36.59296826802408],[127.81792990434728,36.5943218601736],[127.82024451648734,36.592027036373544],[127.81992324954476,36.59391393434195],[127.82199829817372,36.59237515675653],[127.82253058636591,36.58924958473864],[127.8232050785306,36.59319118298051],[127.82661813950712,36.589230137502554],[127.84374233202044,36.58990249441963],[127.84783120226864,36.587470867489806],[127.849657127493,36.589248663140225],[127.85383259702208,36.59096429056413],[127.85435297061322,36.593676303658086],[127.85564568154459,36.59258913790495],[127.85617769903557,36.593016869518635],[127.85442912667627,36.59414637162267],[127.85509586174575,36.59614210028686],[127.85409958699029,36.5975520070537],[127.85486031435354,36.59840988794024],[127.84939188612576,36.60422582777538],[127.83765697379503,36.609372650751176],[127.83228695303183,36.6127584266503],[127.82993527061959,36.61262275491345],[127.8275247471347,36.61076738326214],[127.82099752257736,36.61330698610675],[127.82130267202619,36.611430330335516],[127.81889576192815,36.60893368993948],[127.81907580307255,36.60980724205623],[127.81702090273305,36.610337874670144],[127.81423950813267,36.61462677775884],[127.80938767462392,36.61699976823745],[127.80906759607986,36.61917135605041],[127.81037215944698,36.61980281561261],[127.81062447687395,36.62200982484364],[127.812475286313,36.62429202020338],[127.8102136709904,36.62610211633525],[127.81228896701649,36.62717461242126],[127.80949035123429,36.626658943314865],[127.81016378947794,36.6270803997027],[127.80906508565754,36.62923474660249],[127.80869570329938,36.62712764245182],[127.80613845549017,36.62864753410725],[127.80768104729961,36.62868882990158],[127.80651625024622,36.63004728475663],[127.80806492962436,36.63486245769763],[127.80992004759922,36.635067140601336],[127.81082204698285,36.63632920494996],[127.8077406997813,36.63759978071935],[127.80834560350596,36.638785050319925],[127.80665735274835,36.639080121162614],[127.80608816447393,36.64042451419937],[127.80544121743097,36.639766019157186],[127.80514906716319,36.641215084428524],[127.80353100895935,36.63997723675035],[127.80241205868262,36.64056246391672],[127.80197238585714,36.63937378863264],[127.80042294011784,36.63999821074641],[127.7974663188289,36.638990083755495],[127.7971502757922,36.63988381264276],[127.79425104949796,36.64026481631888],[127.79442258300737,36.64132916883819],[127.79334820129876,36.6412012672236],[127.79169934343369,36.642968803447545],[127.78982738862884,36.64324472499237],[127.79019359125788,36.644166257484414],[127.78625298530915,36.652907849005075],[127.78849520557009,36.66126035032787],[127.7897127055916,36.66134515807935],[127.78825238335155,36.66202599050167],[127.78873593006276,36.664540772977126],[127.7866631571308,36.66750981819956],[127.79405784677674,36.67505388341334],[127.80013233442826,36.67850687423895],[127.80289355733848,36.67950104263152],[127.80180897000372,36.6770969055329],[127.80211499910136,36.67340960264944],[127.80445733396239,36.67109275650659],[127.80281167400875,36.67690654478682],[127.80634619725053,36.68065135839935],[127.80926154695987,36.67997596120861],[127.80985432185936,36.68084200352114],[127.81137912744218,36.68071144550391],[127.8105320212585,36.68037261462391],[127.81273677395058,36.67972293570459],[127.81191872977203,36.68035388606056],[127.81267028843317,36.680873739795906],[127.81818597067874,36.67939970757951],[127.81977488744013,36.67978197611051],[127.81434995762895,36.68104821882296],[127.80998966666984,36.68100873405726],[127.80673823036194,36.68264692115067],[127.80741671143349,36.685759878383486],[127.8060093971448,36.687315155307196],[127.80612305362189,36.688870245923525],[127.80676433307379,36.68976962586183],[127.80788188439791,36.689543898061736],[127.80722342603825,36.69051981854636],[127.80913738065574,36.69405394816042],[127.82598485373185,36.69003646247296],[127.82884461120928,36.687137921500025],[127.83460991751969,36.686578475998715],[127.83599547804427,36.68563630974013],[127.83825882939655,36.68698167664903],[127.83800329768496,36.6888027389847],[127.85183403865764,36.691716002628766],[127.85773584500683,36.696055472720694],[127.85783343045604,36.69728333994286],[127.86176496279727,36.696285745600996],[127.86360101344505,36.699076827973755],[127.86308960215968,36.69946461154335],[127.8642120636273,36.69973509196211],[127.86294291291851,36.70090388714505],[127.86329507894382,36.70252934199217],[127.86835205913889,36.702593767202124],[127.8663836192582,36.70514036626804],[127.86228351007622,36.70632700234814],[127.85608757295833,36.71090907674652],[127.85519285009795,36.713000773778106],[127.85132473825227,36.71495352212436],[127.84866734083393,36.71551874188967],[127.84713495984397,36.71118599155815],[127.84507363494723,36.71179342568369],[127.84141751593555,36.71305958278622],[127.83933948761826,36.71545517441846],[127.83793629309493,36.71545577823123],[127.83753583833044,36.717014677082055],[127.83453460092909,36.71714839130264],[127.83341917991288,36.71827068884588],[127.83443777746372,36.71889468096987],[127.83398862009646,36.719424248647975],[127.8268178850132,36.72271494055745],[127.82960263755953,36.72434666808163],[127.83071430246196,36.72913903662985],[127.83403165080807,36.732413505746884],[127.83628089333205,36.737711469950824],[127.84349887097292,36.744116642434136],[127.84386438092801,36.74696932881792],[127.84185760111468,36.75074411047038],[127.83826634306155,36.7513664785744],[127.83529055459125,36.749915730644695],[127.83500837352581,36.751607811266396],[127.83901834697154,36.75458995878242],[127.8409659203062,36.753871324713685],[127.84194322272421,36.75454397058237],[127.84148737968886,36.755794128326464],[127.84298059273513,36.75662789547656],[127.84587858360688,36.761327345244254],[127.84883654478122,36.76131906724383],[127.84992713120884,36.75960108333798],[127.85192577573069,36.75926135261463],[127.85218100531105,36.75777334309883],[127.8531048513997,36.75789835597194],[127.85315040326283,36.75884713276729],[127.85151938392556,36.76087821405379],[127.85280548935629,36.76103257574693],[127.85488612523419,36.75795458983924],[127.85726747693961,36.75794581272434],[127.87085299669059,36.76624449648776],[127.87193682113808,36.76583765336749],[127.87308322962062,36.76758611816739],[127.87520675663076,36.76769588312459],[127.87489910704703,36.76924568477009],[127.8770643552428,36.77069954038701],[127.87631102869003,36.77495993836634],[127.87930522288147,36.77511356652172],[127.88027428842562,36.777651313985594],[127.88197480935395,36.77819380489101],[127.88295712317739,36.7750822572302],[127.88498273154255,36.77438523244921],[127.885332996281,36.77332531301068],[127.89253424605891,36.77457557414577],[127.89871211996392,36.77687571277753],[127.8963616208776,36.77834286427765],[127.89759715856962,36.778033332692814],[127.8983862017329,36.77949530639755],[127.90153550738017,36.78036161423713],[127.9013353451057,36.778949499956596],[127.90471058591349,36.77834243791839],[127.90589800790158,36.776372464408695],[127.90577475665107,36.774458322461875],[127.90333354835944,36.77136339304858],[127.90684297021932,36.774245589361385],[127.90874274243443,36.77074890665526],[127.91449067169646,36.76790002666256],[127.92178084620011,36.764997560840065],[127.92634595861544,36.765874665927655],[127.92808746002619,36.76181109448706],[127.93185127188565,36.76333847978228],[127.933397730401,36.76218746897431],[127.93414919918081,36.76365262622845],[127.93704451320384,36.76470923261572]],[[127.91346042550462,36.76141076148729],[127.91672216968657,36.76274311999383],[127.91527656567968,36.76274967169209],[127.91341683426896,36.76504740958834],[127.91439321967778,36.76454773464053],[127.9138217598637,36.76543057075668],[127.91468146067153,36.76581610683905],[127.91349260720878,36.76566279728054],[127.91041142999069,36.767311137995485],[127.90691841844279,36.767914042399966],[127.90957821702035,36.76736501433807],[127.91360127669536,36.76450044653589],[127.9135081658913,36.76345836854845],[127.9151524661566,36.76271670810546],[127.91426601629483,36.76291418294988],[127.91346042550462,36.76141076148729]],[[127.89542673830255,36.76155261892939],[127.89453328500693,36.762003939465465],[127.894127131726,36.75971329484347],[127.89764931129358,36.752632541593904],[127.89667912181929,36.75134513357446],[127.89547474864099,36.75146203837265],[127.89598616647277,36.74981137713696],[127.89677841893062,36.75114724778341],[127.89749083424717,36.75054057551165],[127.89589784237204,36.748865057414065],[127.8979422881814,36.748381831522664],[127.89701497490564,36.747344639081376],[127.89962408055332,36.74774804313673],[127.90062231674969,36.746287437295194],[127.90227586911345,36.74207142596629],[127.90209929105842,36.74074888191486],[127.9010700628822,36.740543253685715],[127.90201636201289,36.74038559793983],[127.90125822304502,36.73859017437185],[127.90285121737357,36.7375503440188],[127.90281860075908,36.73654739640621],[127.90350716361344,36.73534700899064],[127.90180746488878,36.74508066773128],[127.90281342802201,36.74534140426568],[127.90071620911439,36.74809016328224],[127.90062707677558,36.75056973178575],[127.89889763977402,36.751852348305654],[127.8974833131419,36.75663540480602],[127.89644871094154,36.756942692329524],[127.89542673830255,36.76155261892939]],[[127.8558230805903,36.73613481029565],[127.85320636724208,36.73585457548462],[127.85382216886947,36.737264955093025],[127.85252954771964,36.73591640100065],[127.85305478324256,36.73695251775579],[127.85300062022453,36.73826226603769],[127.85227817447782,36.738067121143224],[127.85287324027706,36.737168897106194],[127.85110802753884,36.736906977467775],[127.8499812593165,36.73840649571749],[127.85009852399821,36.737495146945996],[127.84908980152314,36.7374602454438],[127.84844884014271,36.7389758149661],[127.84913407053692,36.73890120133057],[127.84917421433857,36.739706162940614],[127.84795948967526,36.73912771456665],[127.84789501636763,36.73834593919968],[127.84728363350594,36.7392141401739],[127.84691231019775,36.73786251620843],[127.84512125384674,36.7378178354481],[127.84377142009045,36.738707470497886],[127.84421480454236,36.73935325891235],[127.84306987202979,36.738809633814036],[127.84647766504426,36.73702859168789],[127.84906207716979,36.73638856323055],[127.8517508003779,36.734279708707945],[127.8592789586083,36.73185524362433],[127.86026412994117,36.73377875238891],[127.8558230805903,36.73613481029565]],[[127.90496467785148,36.7334663933065],[127.90672735902322,36.73344151066281],[127.90757283230312,36.733019596183134],[127.90463910780633,36.732389590587246],[127.90584368258516,36.73065749827548],[127.90401712447093,36.73039382893039],[127.90446717623539,36.728666811306496],[127.90550798683144,36.7294665168276],[127.90501110782684,36.73013931997476],[127.90660533226715,36.73094840867192],[127.90667270620143,36.73242409771652],[127.90750322761572,36.73105830349882],[127.90647432751038,36.73039761674733],[127.90746930321544,36.73083114605638],[127.90763614165814,36.72892804693058],[127.90860780094326,36.72917816645455],[127.9082361400429,36.730628580791915],[127.91123730851253,36.72902682683279],[127.9151915003849,36.72930144607788],[127.90954416462193,36.73009508844164],[127.90807463955896,36.73137158369292],[127.90750127947669,36.7338270436182],[127.90477144416866,36.73428283656501],[127.90496467785148,36.7334663933065]],[[127.84643470980025,36.71695693678039],[127.84627021618888,36.71694108265444],[127.84646000331,36.71694755710615],[127.84643470980025,36.71695693678039]],[[127.89715821487826,36.697343087303594],[127.89503403781424,36.69625114841895],[127.892470287212,36.69736925926153],[127.89333851020173,36.696217878342345],[127.8924945399476,36.695791060925686],[127.88948385217681,36.697035008848815],[127.8913708079722,36.69578082146135],[127.89167612680747,36.69433658649042],[127.89086578379843,36.693740370998334],[127.89071245598187,36.69314757998241],[127.89082364027469,36.692601319046176],[127.89115972111479,36.69392733207247],[127.89364973653691,36.691998334222845],[127.89705740645685,36.6933102755774],[127.89765545296437,36.69162322478824],[127.89665321266568,36.69099092619508],[127.89695354607294,36.69033882079749],[127.8977427912062,36.69106129585548],[127.90003809498761,36.6907539200809],[127.89831370694246,36.69128673744889],[127.89807902758822,36.692905722296175],[127.9025531927332,36.69180829716571],[127.90501886714625,36.69283618813032],[127.92150276709395,36.692060788241506],[127.92487253152942,36.690865003756784],[127.93055470477897,36.68466743328516],[127.93183774483526,36.684489731070215],[127.93201045100322,36.685294503427734],[127.92954903362592,36.68767586111466],[127.9302108015988,36.6881190202862],[127.9286962798239,36.68891685883757],[127.93397304463058,36.69184425708442],[127.92893975195108,36.69234854726988],[127.92850725649525,36.69182992369225],[127.92981901517985,36.69118167331809],[127.92764464697937,36.689977318921926],[127.92760600240608,36.69183147654632],[127.92861400644283,36.69262080701373],[127.92566240556827,36.69265024127632],[127.92520123886315,36.6938889692241],[127.9231382080584,36.6945521724541],[127.92076510934302,36.6932308695006],[127.91745480108008,36.6939622587774],[127.91890751538595,36.695635425704864],[127.91990921642893,36.69533173143539],[127.91913510734211,36.69599008847398],[127.91678989188924,36.69404755098135],[127.91565472223328,36.6953109757279],[127.91609554696582,36.69412853311704],[127.91462290765027,36.69355036155267],[127.91411219379754,36.69517372402151],[127.91325241271133,36.69429214340053],[127.91409262967773,36.69375983050903],[127.91295848234692,36.69369518737802],[127.91291635871747,36.69442356311319],[127.91122234018715,36.69314779821029],[127.91055206332359,36.69380459474196],[127.91106116680251,36.693446659499614],[127.9127908339141,36.69460444445493],[127.91111529254805,36.69621095081495],[127.91093400677171,36.6938661059038],[127.90867115233095,36.69461769364093],[127.90708721806226,36.69355811231838],[127.90619815002515,36.6939417340154],[127.9062817554865,36.69498249733437],[127.9063274947484,36.694305223993375],[127.90755273791532,36.69404748493008],[127.90656998846109,36.69594407618243],[127.90587017507097,36.69405212217701],[127.90501966661667,36.69373685413176],[127.90535019306208,36.69479174755536],[127.90465388104101,36.694896574894685],[127.90457924300149,36.69354818217909],[127.90029900942609,36.6936609922927],[127.90280216718331,36.69496802419593],[127.90363082410813,36.69463848233575],[127.90286528961227,36.69416596359009],[127.90288297845096,36.69394153931158],[127.90379259957149,36.69406960574475],[127.90426244499196,36.69550276014392],[127.90288045121653,36.696197987077106],[127.90151139277489,36.694721076758775],[127.90069862062194,36.69506937080587],[127.90142217370511,36.69558367090691],[127.90147395378648,36.695991221008335],[127.89863026267322,36.694777134240184],[127.897677298336,36.69625753061009],[127.89546306522804,36.69491014186217],[127.89476337035629,36.69508462718169],[127.89697707476655,36.69599532851849],[127.89715821487826,36.697343087303594]],[[127.8494612428826,36.6723312358159],[127.8489726932014,36.67140074414254],[127.85039451504724,36.67138465258091],[127.84864066595533,36.67045156557528],[127.84907067620837,36.66835240883025],[127.85054478227109,36.6713850591766],[127.8494612428826,36.6723312358159]],[[127.86118670624339,36.65615578444543],[127.85917680408576,36.654499924777824],[127.85866114355373,36.650432279994256],[127.85661798368314,36.64878620140572],[127.85866005224293,36.649633543932595],[127.85902850058817,36.652623326893114],[127.86117779439247,36.65009778578765],[127.85905540684588,36.65280073988369],[127.85966044650957,36.65414270583716],[127.85940241871299,36.65268602719989],[127.86002325520977,36.65335715334528],[127.86096692504526,36.65516508046582],[127.86015885671662,36.65505541457185],[127.86121533548244,36.65572412269731],[127.86118670624339,36.65615578444543]],[[127.85547160074621,36.647313620084915],[127.85609635245565,36.64635429754205],[127.85489379039412,36.645396479188975],[127.8562785769261,36.644853126073016],[127.85441386015573,36.642740659138674],[127.85611846414903,36.64315015785025],[127.85641660973735,36.64515658955034],[127.85730385472682,36.64488041212446],[127.8571009347943,36.64730409107343],[127.85547160074621,36.647313620084915]],[[127.85789318453385,36.64465340675841],[127.85851857555491,36.64277933226669],[127.8608887002945,36.64314067496136],[127.86082464321203,36.642209921471505],[127.86151329027972,36.64214865118146],[127.86100809016502,36.64281757999256],[127.86189638535886,36.643334463788605],[127.85990967836851,36.64320979246754],[127.85789318453385,36.64465340675841]],[[127.85302187928228,36.641569633626126],[127.85313455694516,36.64308099340724],[127.85240931581393,36.64469743494261],[127.84886967957367,36.6424105386498],[127.8502524514094,36.64167325352942],[127.85041436395926,36.64281865247023],[127.85107911236753,36.64211333418143],[127.85239192147877,36.643503392904314],[127.8527876141442,36.64314306300645],[127.85258637430982,36.64211063126819],[127.85279443861072,36.641617089153094],[127.85302187928228,36.641569633626126]],[[127.89549523620168,36.58943382149972],[127.89585365262923,36.58939161872619],[127.89598428031893,36.5893733277976],[127.89586746204829,36.58944190947589],[127.89549523620168,36.58943382149972]],[[127.85849532727312,36.525307028536844],[127.8580934640134,36.52324912009811],[127.85726521626971,36.523232501364205],[127.8579339763277,36.520882899704745],[127.85664209953764,36.51895510429636],[127.8566895659165,36.516831401654244],[127.85464284626977,36.51502474085434],[127.85368519940707,36.515464123891675],[127.85395572142951,36.51195804880736],[127.85707674320408,36.51598007668198],[127.8603051751261,36.51698821734868],[127.86215826865887,36.516538683394934],[127.862144305077,36.517340338890534],[127.8600866486646,36.517535382299805],[127.85756908662019,36.51686911251003],[127.85934225878576,36.52371612417818],[127.86037642008692,36.52470108455565],[127.85892665514977,36.524469438832845],[127.85849532727312,36.525307028536844]],[[127.88476908693772,36.518187376026134],[127.88483881041854,36.516607416528096],[127.882826378683,36.51579127321098],[127.88395492442129,36.515233148524246],[127.88475951445554,36.51616538360306],[127.88612822176857,36.51623271904775],[127.88544931095556,36.515170449860044],[127.88683667819588,36.51432735662423],[127.88641958345242,36.51211656613824],[127.88663696582705,36.51038077861403],[127.88153282813612,36.50641316462711],[127.88410624032323,36.506883623235055],[127.88459480830124,36.507826336016926],[127.88618029194728,36.5071915729728],[127.88495912974541,36.50835180247614],[127.88655220031875,36.50928104059356],[127.88770777222003,36.51207557204749],[127.88678510365496,36.51245534187768],[127.88682550605772,36.51366308118718],[127.889516506083,36.51439832736628],[127.88952040447998,36.51532968921005],[127.89120395160965,36.515215102477555],[127.89101953181293,36.51613799673851],[127.89244448278866,36.516628671776594],[127.89186858395594,36.51730535857051],[127.89104377960416,36.51632041836693],[127.88968519341341,36.51679043645479],[127.88905727816612,36.51501630394459],[127.88749063385143,36.51455483647432],[127.88476908693772,36.518187376026134]],[[127.85275646651053,36.50645389547703],[127.85389645522724,36.50742660823987],[127.85331449043149,36.509026137348776],[127.85324838069013,36.5076105512826],[127.85054466199641,36.50447460059841],[127.85054122110701,36.501966806301205],[127.85154840787719,36.50049468385695],[127.85076706105112,36.49690873556491],[127.85225732531902,36.496782717709344],[127.85299275521834,36.498431428409745],[127.85200047445586,36.502608658157214],[127.85275646651053,36.50645389547703]],[[127.85786722426543,36.50133955107968],[127.85594158618503,36.50072199561805],[127.85642359140785,36.49883632320431],[127.8570154330423,36.50101627507941],[127.85836508162564,36.50121759598704],[127.8605198553689,36.49962544331697],[127.86034848489079,36.500452176999396],[127.85847172965173,36.50139478354396],[127.85786722426543,36.50133955107968]],[[127.86431247251409,36.49791730279639],[127.86356331683841,36.497482123529046],[127.86722881092075,36.49504418822046],[127.86999632465017,36.49580032846253],[127.87203647220944,36.49701626634713],[127.86936538959606,36.495743787451495],[127.86431247251409,36.49791730279639]],[[127.86645421084768,36.49019394410674],[127.8730628899891,36.48978523314419],[127.87420816014779,36.48972824638133],[127.87123754922128,36.49032478118037],[127.87329337748764,36.4907912296789],[127.87108548582705,36.490427733513336],[127.86165978921827,36.49214185046902],[127.85471548146965,36.49032059058063],[127.85954988221512,36.48897332795745],[127.85994062035374,36.490087873826134],[127.8618103560078,36.489261734349014],[127.8617778439178,36.48771871784517],[127.8621581265569,36.48733909846099],[127.86204423102117,36.48775367093131],[127.86248435182671,36.48853387881871],[127.86272077942358,36.48842579402499],[127.86220100344214,36.48542964990537],[127.86448753288346,36.48907101215262],[127.86645421084768,36.49019394410674]],[[127.87447585303998,36.4809965753759],[127.8742476395433,36.48111225400379],[127.87423042325203,36.48105069888819],[127.87447585303998,36.4809965753759]]]]}},{"type":"Feature","properties":{"id":"naejangsan","name":"내장산국립공원","year":1971},"geometry":{"type":"MultiPolygon","coordinates":[[[[126.87923900281952,35.5157332238021],[126.87925460174715,35.51573311342043],[126.87924941520743,35.515714802762524],[126.87923900281952,35.5157332238021]]],[[[126.88113024327306,35.5175963812826],[126.87823038610989,35.515048433205116],[126.88317298892437,35.515882722156256],[126.88929886584532,35.51543459634609],[126.89420595104137,35.518835422495016],[126.89517192182974,35.51778916967984],[126.89808977031161,35.52076539009558],[126.90064610131087,35.52135328071447],[126.90609064169797,35.52573031513537],[126.91501576332975,35.526388634274795],[126.91544872064787,35.52561078028771],[126.91335600155512,35.52232159218465],[126.91177334371665,35.52190337680773],[126.91281662598098,35.52058658303569],[126.9108258459514,35.51887364384805],[126.90677338231347,35.51775353888035],[126.90468647991639,35.51908836940582],[126.90419175513091,35.52102387317546],[126.90283238839643,35.520858994463694],[126.90475375957872,35.51815210794446],[126.90691438891635,35.51750514570238],[126.90666566101426,35.51559482782273],[126.90118338714977,35.513143020478196],[126.89867835148699,35.51382925257215],[126.89734263992626,35.512333950559956],[126.90143773243194,35.50952476956205],[126.90402047034408,35.509009248875195],[126.90763330977086,35.5118993833281],[126.90929769830377,35.50986639338427],[126.90941214727896,35.5067681486913],[126.91135949901353,35.505056549967264],[126.91156595818022,35.50592850626693],[126.91265544089036,35.50568313133204],[126.91181078579774,35.50904759766336],[126.91326226552731,35.50909816674926],[126.91359487791738,35.509750789350164],[126.91025872801026,35.50989016081687],[126.91004390079809,35.51070517472558],[126.91158091857031,35.51155586512385],[126.91077660060965,35.51536346624332],[126.9133288295672,35.51824244299078],[126.91538866543141,35.518669686069295],[126.9151746900538,35.51988030346549],[126.91693215211725,35.519551843001814],[126.91603821605767,35.52058384159871],[126.9162232163515,35.521025113559965],[126.91854853877149,35.51957107167934],[126.91548366270754,35.51769753944836],[126.91581796750903,35.51614214197133],[126.91945301344516,35.51455041987747],[126.92549062041586,35.50951451291719],[126.92652639708822,35.51046486180401],[126.92988069214401,35.51023292927524],[126.92852873082772,35.50810962679783],[126.93297947751657,35.50596038534814],[126.93248624159638,35.50254158206358],[126.93358991594955,35.50155732736981],[126.93351734144525,35.499167400845415],[126.93561447844901,35.49292313265317],[126.93965490212746,35.49297054256405],[126.94008628588139,35.490957653829504],[126.93605936205486,35.48827548403879],[126.93860103564138,35.48774186402296],[126.93759139094647,35.485569180962166],[126.9354143376601,35.48526226873325],[126.934185100145,35.4813211546034],[126.92962545712429,35.48164547607691],[126.92681869329337,35.47896281246219],[126.92538970784713,35.48150650244954],[126.92373005433141,35.48233594780524],[126.91790694811212,35.47929941095562],[126.91759279681771,35.47727686452071],[126.91316326302267,35.474511167516035],[126.91413933001644,35.4723978795346],[126.91362878182758,35.47055212800084],[126.91065955420797,35.47252546117232],[126.90042185337623,35.47476829338251],[126.9093090726037,35.47009033286735],[126.9109224592955,35.46808443209586],[126.90724093678439,35.46686470564043],[126.90008169828906,35.46803502252779],[126.90499313619802,35.463813445297895],[126.9007746337672,35.46144915917302],[126.90051878123035,35.45846414463246],[126.89900585650527,35.45908984783057],[126.90016435687961,35.461357472349455],[126.89777574876997,35.46264699260381],[126.89716710984686,35.46409278586175],[126.89271768684236,35.463463012781055],[126.89110564623203,35.46517867512569],[126.89131038383248,35.46610116310046],[126.88854830861506,35.465220285319994],[126.88666343678294,35.46590380992158],[126.88924992918466,35.469302934913124],[126.8870351176506,35.46862002746755],[126.88449103840982,35.47148288041124],[126.8839358609201,35.46851436425266],[126.87848817899774,35.46762418788262],[126.87609188783983,35.46882255193544],[126.87840176373078,35.46558859426394],[126.88455866885666,35.46490852931755],[126.88242611446688,35.46397309624716],[126.88552002677964,35.462490942399555],[126.88748777186424,35.460236001664605],[126.88699724652584,35.45973310264841],[126.88894051415448,35.45927688420345],[126.88866394593866,35.45752207712913],[126.89085273864264,35.45766784277688],[126.8919055717061,35.45628247934904],[126.89242300732569,35.45323332411193],[126.89092449019094,35.45264714688119],[126.89150829029575,35.450628295148654],[126.88932400384009,35.44747239201527],[126.89396004606105,35.44014916545724],[126.8933836716321,35.43786532366406],[126.89123842286435,35.43653349808632],[126.89075274620278,35.43483780450294],[126.89415375846215,35.430934656013356],[126.89394275150994,35.42826062182101],[126.88515264848,35.42113007111109],[126.88624857014725,35.420767322894804],[126.88681019913679,35.418408027177875],[126.88827805841794,35.417088704711404],[126.88656709056218,35.416526239967816],[126.88593993993192,35.41463580918374],[126.88459441531079,35.41382347267855],[126.88094185243025,35.41765362171191],[126.88012006097782,35.41751535754592],[126.88180453403663,35.41226165766942],[126.88006827156121,35.41117447997886],[126.88138183515616,35.40996799062616],[126.87580823325935,35.41171881829859],[126.87545142073884,35.40992824236225],[126.87123159838468,35.41535374430929],[126.8651003556523,35.41576407159542],[126.86558021422731,35.41638036233518],[126.86425849473639,35.41694533701312],[126.86467345312853,35.41747924944797],[126.8641829208951,35.41703343398733],[126.86105855045382,35.42423001738223],[126.86150419459439,35.428144048785526],[126.85987194338918,35.429313942444196],[126.85869758510688,35.428832431605876],[126.85742506061457,35.4307374667322],[126.8553126547911,35.43014538142053],[126.8541483942522,35.431809232017955],[126.8502659743281,35.432561416655794],[126.84860549310982,35.43932919727802],[126.8480217958241,35.4386887694555],[126.84940722593979,35.433259047471466],[126.8471571238519,35.4280717902756],[126.846230607871,35.42716502694185],[126.84485425840327,35.42798324667132],[126.8429672167389,35.42691624362809],[126.84437704913277,35.425202815329186],[126.84414790794003,35.42376544417447],[126.84172351322152,35.42207086634576],[126.83998241067755,35.421996329043424],[126.83843361614984,35.420144680629235],[126.83620548011636,35.42000363469985],[126.83515098354422,35.420578758825414],[126.83583204915888,35.422015332322886],[126.83493482882382,35.42462933341791],[126.83317030137572,35.42115163954524],[126.8312305758649,35.420545861490865],[126.82754050163618,35.42327255713391],[126.83035359952845,35.424573384379975],[126.83095497933301,35.42755636378106],[126.83300992163687,35.42736989945438],[126.83497511401521,35.42860334960806],[126.83652739912783,35.43569853608411],[126.8356982909374,35.43449435490962],[126.83398708372815,35.43427585054451],[126.83171036748111,35.43571397358445],[126.82722060218538,35.433438494721564],[126.82802013940777,35.43609463182898],[126.82533195013184,35.4332242010828],[126.82207516824603,35.433322562765646],[126.82113116311523,35.43744316740899],[126.82283589305028,35.43790618251104],[126.82180118340388,35.43900545289302],[126.8232241186068,35.439067500371515],[126.82341169570812,35.44004840318478],[126.82153372010488,35.44144314592533],[126.82157569330018,35.443913942346576],[126.82258236916749,35.44522167207368],[126.82544873652763,35.44494259967326],[126.82503301226308,35.44599425428767],[126.82283599540409,35.44683688639541],[126.821200853477,35.44885898598967],[126.81663787038325,35.44867642547818],[126.81660350864965,35.450096250284986],[126.81376640765508,35.450881564369574],[126.81561578815993,35.4526424548394],[126.8181396118718,35.45245183677294],[126.8162976279544,35.45352253785685],[126.81737791066223,35.45458476027676],[126.81570790840908,35.45523542673283],[126.81496667399749,35.453738977446854],[126.81248712965927,35.453080581110896],[126.81081927377414,35.455942857812516],[126.81247749161693,35.457250649733346],[126.81050890911327,35.45787648586445],[126.81123422745978,35.45870602097194],[126.809585175462,35.45933351744514],[126.81008617683257,35.46068906606868],[126.80893402824947,35.46085829518874],[126.80848355908216,35.4620570428526],[126.80712587704745,35.46266343840008],[126.8064026328404,35.46202263154896],[126.80442204602014,35.46555683720184],[126.800868716319,35.46343543935328],[126.80066791231455,35.462181748204955],[126.7990304409055,35.46419424283679],[126.79984269258561,35.46937126314252],[126.8008355120374,35.47015281896202],[126.80001563314197,35.47074992147623],[126.80003583447719,35.47337578249115],[126.80400814985424,35.47028657713671],[126.80621356957273,35.47615775085753],[126.80380387620495,35.477763290888944],[126.80794233092473,35.47809472025163],[126.80712070088322,35.48143202593751],[126.80506757002246,35.4814483511628],[126.80708859178117,35.48268560080539],[126.80595633007984,35.48501760818875],[126.80790220529205,35.485236876175065],[126.80727204976546,35.485944558045944],[126.80799904310545,35.48616672516003],[126.80604943197278,35.48780035121667],[126.80783058523376,35.48935705103402],[126.81019154848332,35.48904925462343],[126.80942983030256,35.4899752136591],[126.81242134766681,35.49084924495557],[126.81272956699985,35.49180069012711],[126.81420861066431,35.491052661235116],[126.81638976109656,35.49240824848291],[126.81958552828729,35.49187358702831],[126.81839595031113,35.49387231895553],[126.81855158850635,35.49493230635025],[126.81992252379504,35.49545695149605],[126.81892288256462,35.496205789436154],[126.81989488285667,35.496671958127415],[126.81834913280565,35.49925500529024],[126.82349705513627,35.49667660290869],[126.82431783355226,35.49907482139995],[126.82192090342208,35.50054229536268],[126.82148545181755,35.501226274433684],[126.82302138210325,35.50185874536311],[126.82115945316383,35.503186749944696],[126.82429206449132,35.50497404539878],[126.82520225822894,35.504409028741286],[126.82442508081841,35.503487399422575],[126.82508071602656,35.501963710151045],[126.82797498297202,35.50242126136394],[126.82920786409154,35.50078878581047],[126.82890936296371,35.49971959576479],[126.83025672758602,35.499633098906976],[126.83151975191794,35.50206704584491],[126.83459505804663,35.50011857643107],[126.83094462831814,35.49642642013485],[126.83358420630485,35.49659674116907],[126.83654263954404,35.49834562717007],[126.84045320610247,35.49614289107462],[126.84427258709194,35.496645738652276],[126.852132035471,35.499188910389854],[126.85329393066446,35.50024347291995],[126.85244510748971,35.50192929275886],[126.85316794993767,35.50306297619507],[126.8541106725314,35.50239883604738],[126.85610891056243,35.5035303931491],[126.85497386792395,35.5019699308605],[126.85558632670693,35.50097082879475],[126.86012674618216,35.49938482851089],[126.85933437087276,35.49762562811284],[126.8574649960069,35.49682491383741],[126.8588911960987,35.49654223801816],[126.85984466506433,35.494557337040014],[126.86137544398181,35.49921859087123],[126.86796487267851,35.498597786424455],[126.86733485349461,35.501063115031116],[126.87210325438106,35.50187023620996],[126.87248218293792,35.50317761982073],[126.87178068332213,35.5036897988853],[126.87404403885967,35.50386399807582],[126.87377338262355,35.50515653915886],[126.87454145303036,35.505628099259695],[126.87582176851869,35.50502736960824],[126.87524757981566,35.50652761773008],[126.87677139384905,35.50735127891518],[126.87389767290632,35.50922685717325],[126.87428542887658,35.51071486359291],[126.87252793493302,35.51235221193524],[126.87306007285947,35.51420460015362],[126.87785458715699,35.51494733639477],[126.87481013093571,35.51598122747195],[126.87633325518529,35.51690068681838],[126.87743199984966,35.51948552773222],[126.87501304225654,35.521707838060834],[126.87503103029228,35.52408706983913],[126.87691568842247,35.52861876693131],[126.87817424866421,35.527871162022414],[126.877805489756,35.52314076958692],[126.8785183272672,35.52094827681934],[126.87976287097494,35.52022386644343],[126.87893167298625,35.51923502067493],[126.88009502222924,35.52015399881148],[126.88189004699653,35.51971562350746],[126.88040791169419,35.51864567291381],[126.8804423317952,35.517387844498664],[126.88113024327306,35.5175963812826]],[[126.87742325808095,35.517284716220566],[126.87763701487201,35.517413920800045],[126.87780810186403,35.51767004737605],[126.87765586165247,35.5182282644632],[126.87742325808095,35.517284716220566]],[[126.8780482397987,35.517857709517344],[126.87837061210064,35.51768165446839],[126.8782136642591,35.518245015796275],[126.8780482397987,35.517857709517344]],[[126.87881281777402,35.518243145857475],[126.87898431059969,35.517894490031736],[126.87909047856024,35.51777471587611],[126.87917703859193,35.51773208202759],[126.87881281777402,35.518243145857475]],[[126.87911889683008,35.517725137155814],[126.87840514726474,35.51769834571599],[126.87975782958779,35.51709212449036],[126.87938517039635,35.51758165855818],[126.87911889683008,35.517725137155814]],[[126.87767701662501,35.51701474009517],[126.8781685638643,35.51731262727767],[126.87805609750532,35.51773447382573],[126.87767701662501,35.51701474009517]],[[126.8797220969047,35.51929280998415],[126.87997875397205,35.519212789930194],[126.87993391711801,35.519454788769494],[126.8797220969047,35.51929280998415]],[[126.87994674736105,35.519448880154265],[126.879994859266,35.519118476132086],[126.88040091350237,35.51944837191616],[126.87994674736105,35.519448880154265]],[[126.88017525524351,35.51973820640496],[126.88029408071242,35.519815977254424],[126.88013312244468,35.519780520612336],[126.88017525524351,35.51973820640496]],[[126.87827743440441,35.52043256900948],[126.87860340655989,35.51977427684011],[126.87849700183946,35.520531512307635],[126.87827743440441,35.52043256900948]],[[126.87646126859329,35.525773700282635],[126.87662119505359,35.52586272490306],[126.87647302651656,35.52590558145238],[126.87646126859329,35.525773700282635]],[[126.87662647721687,35.52680192842439],[126.8765164028295,35.52693520663177],[126.87643211277991,35.52687183013307],[126.87662647721687,35.52680192842439]],[[126.87707333099742,35.527126442802036],[126.87719979593227,35.52733167257714],[126.87700742684343,35.527229825854775],[126.87707333099742,35.527126442802036]],[[126.87707363322536,35.51612448244273],[126.87757390800888,35.515637357779966],[126.87729320299405,35.51615605581771],[126.87707363322536,35.51612448244273]],[[126.88437929813558,35.51340763926625],[126.87994029291357,35.510613427319775],[126.87996059438927,35.509671417044366],[126.88251598323201,35.51048847775168],[126.88175079780314,35.50906424228826],[126.88259412518974,35.508244891907516],[126.88493757829033,35.511176676427525],[126.88728362069178,35.51129354659997],[126.89068135767566,35.50998841238872],[126.88982058645084,35.50835645320676],[126.8910196453624,35.50761267607505],[126.89539853458706,35.508692604965525],[126.89523523569144,35.511610216600964],[126.8961461877655,35.51243083803251],[126.89537279410378,35.512968985140475],[126.88987482487478,35.5117868281238],[126.88437929813558,35.51340763926625]],[[126.91444032499263,35.50876829848537],[126.91292720058857,35.50420619612246],[126.91193159283142,35.50445237332269],[126.9155481429671,35.50155590279427],[126.91535991446185,35.50291377822297],[126.91717822665447,35.50324091682868],[126.91559581528003,35.50402203252546],[126.91552979734391,35.50597311519341],[126.91696277872751,35.506733374743774],[126.91609028948392,35.50919537802987],[126.91797981811524,35.509407552252576],[126.91738915858981,35.51036998256668],[126.92006738994013,35.511214769741215],[126.9195079371482,35.51161724564497],[126.9206979255732,35.51271727466833],[126.91573949761998,35.510260981271045],[126.91514823354784,35.508999504023905],[126.91600190300048,35.50804434443213],[126.91508283172402,35.50730323471329],[126.91444032499263,35.50876829848537]],[[126.92917324702404,35.50022178194596],[126.92741947944229,35.49840608039415],[126.92772509139024,35.497154807063865],[126.92602294599845,35.494384374828265],[126.92816538002681,35.49038910185303],[126.92847407742215,35.49184199117353],[126.93026733877048,35.49116708016462],[126.93027969123038,35.49273123765855],[126.93134352362986,35.4931723099422],[126.92892307132128,35.49333520531273],[126.92697267855294,35.494722152321295],[126.93033893806474,35.49550829809932],[126.92807095347825,35.49660728770184],[126.929530798367,35.497409028656826],[126.92936506274502,35.49879928907908],[126.93039416329482,35.498576899014544],[126.93046968923863,35.499484258209044],[126.92917324702404,35.50022178194596]],[[126.84299734707272,35.455936580678156],[126.8432601273053,35.45449651037565],[126.8432433788894,35.454091643638435],[126.84383871936784,35.45314819298071],[126.84354389526221,35.45464239553244],[126.84633383300071,35.451510933458884],[126.84551360245898,35.449085525621044],[126.84596965855658,35.44768746122106],[126.84720784958773,35.44741640301057],[126.84660065840774,35.44863776594853],[126.8465820047319,35.45119376581761],[126.84609251453274,35.45202587593844],[126.84689943570956,35.45311293500174],[126.84345999834277,35.45540461271782],[126.84463272329342,35.4556703422517],[126.8447800966479,35.45810578710232],[126.84317350661135,35.457326043610756],[126.84328040018973,35.45601680687432],[126.84247750688517,35.45743070841894],[126.84343670069194,35.45796783924049],[126.8424404803051,35.45752755030759],[126.84163251133867,35.458789621906305],[126.84300076092731,35.4597410706732],[126.84138283324344,35.459139340278796],[126.84148972636262,35.462215168030056],[126.8394325325282,35.462450478045106],[126.84090764964967,35.4566070343924],[126.84299734707272,35.455936580678156]],[[126.87681466578734,35.436408893030965],[126.87732308674568,35.43537277170602],[126.87583542014322,35.43471225797873],[126.87720531472414,35.43494982612648],[126.87808465797384,35.43307874869872],[126.87952437830754,35.43251527620231],[126.87985562260532,35.43305144138803],[126.87835292631112,35.43385047288805],[126.87845018990372,35.43577874116474],[126.87681466578734,35.436408893030965]],[[126.8794522002354,35.42804587275548],[126.87691279481257,35.42809314970828],[126.8765555630869,35.42714793498361],[126.87822176027352,35.425649085689464],[126.8774131813773,35.42351496457565],[126.87800804614146,35.42253025752644],[126.8794881787298,35.42401280753201],[126.87982106211018,35.4262044739109],[126.8794522002354,35.42804587275548]]]]}},{"type":"Feature","properties":{"id":"gayasan","name":"가야산국립공원","year":1972},"geometry":{"type":"Polygon","coordinates":[[[128.09570498405196,35.85479493847797],[128.09539583114812,35.853794386837755],[128.0964633927868,35.85432718265464],[128.0971964424594,35.8528142718657],[128.09665343546496,35.8511647831264],[128.09809424642015,35.849943994958664],[128.09703820286782,35.84958254906137],[128.09686237420817,35.849218079801204],[128.09835527127504,35.848889281221034],[128.1009760403375,35.85002600666324],[128.0994785238927,35.84913047431914],[128.09935846807855,35.84771802695943],[128.1013305165415,35.84690847183875],[128.10099716532392,35.84574182967222],[128.10296190150908,35.84427930623448],[128.1048884213902,35.84432478721775],[128.10231953211564,35.84125539812962],[128.10796636043477,35.841807661418024],[128.1086080694909,35.84085810180332],[128.10872276177935,35.84250871137507],[128.11012000963387,35.842260498886674],[128.1139762710537,35.84545100642973],[128.1152194084644,35.844904273190856],[128.11773251805292,35.84567527953596],[128.11813349060873,35.84760022753276],[128.11735986432777,35.848800034843705],[128.126314263253,35.848675001137025],[128.1233754681021,35.846324436645375],[128.1237283334049,35.845789339213766],[128.1269671457242,35.848956628197186],[128.12719255279814,35.84753383666963],[128.1285266455076,35.84734802535015],[128.12817016804763,35.84912525061667],[128.12919772429444,35.84895238091913],[128.12874358992292,35.8499897783973],[128.12951708771797,35.850210907015494],[128.130866920808,35.84913099538434],[128.13157406866378,35.85051351707083],[128.13281880894726,35.85069227814746],[128.13185039092224,35.84959155476773],[128.1335435265634,35.84959631495195],[128.13554309265209,35.84811515871739],[128.1362042506632,35.84974159363374],[128.13669972937407,35.848795754033866],[128.13887559303527,35.84870073116234],[128.13811177172852,35.84977388837782],[128.13899211055246,35.85134505383244],[128.14193305912445,35.84995986180688],[128.14351706286942,35.85106073934484],[128.1457833660314,35.85103160020937],[128.145607746622,35.84676257243006],[128.1435568171306,35.847663821016795],[128.14259660279387,35.84664066700238],[128.14649703155283,35.84315750882012],[128.14868283166234,35.845188752340476],[128.14869537963494,35.84824878970149],[128.15071868740478,35.84973572379988],[128.15283898854815,35.84916023760233],[128.15306773124118,35.847960435472906],[128.15538937659585,35.84680620954394],[128.15753742882958,35.84766485610433],[128.15868057074246,35.84675264350641],[128.1622751029541,35.85056741447579],[128.16274777477162,35.8472815472816],[128.16392308913134,35.847306552682845],[128.16589060339186,35.84358826497559],[128.16067613168767,35.841999794759374],[128.16065873317822,35.839652531656235],[128.15875258071281,35.83772671689639],[128.15753336882898,35.83814036461876],[128.15638507933838,35.8365012196111],[128.15892186443875,35.83666308105498],[128.1653261943898,35.84028139819057],[128.16360208000123,35.83885996971336],[128.16476210356404,35.838593800037046],[128.16524242515226,35.83943073780663],[128.16508794323104,35.83876163148262],[128.16577266635574,35.83876922554483],[128.16564015205117,35.838986002717974],[128.16578781625725,35.83959023523927],[128.16608124335278,35.838791080413436],[128.16627112216588,35.84007757862724],[128.16806719931998,35.841009112466445],[128.16883311999743,35.840484450465866],[128.1676633754955,35.83949730698225],[128.1678564651565,35.83763564789397],[128.16974132429743,35.83925801096079],[128.1710387912374,35.83903787601362],[128.17431388848803,35.83410211921704],[128.17480628697515,35.835275791967604],[128.17789970392613,35.83514230711288],[128.1787413400449,35.83627255599297],[128.17888660162558,35.83396208997055],[128.17780558686664,35.83139836438182],[128.176426959651,35.830832763499544],[128.17713659465136,35.82996371696589],[128.1752837698246,35.828663145449845],[128.175250539304,35.82502414698985],[128.17318243067396,35.822252149802324],[128.17405739660632,35.82102821822524],[128.16995512326488,35.81987854576259],[128.16933218447969,35.81879276374052],[128.17067105028926,35.81879169737202],[128.1701288104724,35.81784039124339],[128.16667309709226,35.81502561673884],[128.16533068209966,35.815753669819046],[128.1642629614552,35.81519292208464],[128.16561472908444,35.814143243307385],[128.1652247210347,35.813171966325854],[128.16025558015852,35.80925395141502],[128.15851703726594,35.80887335194454],[128.15625066867554,35.80565141784075],[128.15394467568404,35.804812184138555],[128.15132017614175,35.80603299296586],[128.15095203444565,35.804888969231335],[128.1459010618125,35.80626775755619],[128.1451123734734,35.8054257686803],[128.14678005180602,35.80399188971234],[128.1464416458884,35.803666016659946],[128.14510216641418,35.80448040019046],[128.14489516674627,35.80375243819729],[128.1421831027818,35.80334428184087],[128.14132584883575,35.80438741818129],[128.1405999476877,35.80161587620435],[128.14249871684848,35.80121477700211],[128.14180653519207,35.799789342596696],[128.14300356025214,35.79896076965255],[128.14033073744466,35.79758278140221],[128.1385166289841,35.79361083964222],[128.13705717548282,35.79292485966607],[128.13820095761028,35.79269499767379],[128.1387367420855,35.790757070929054],[128.14163432319384,35.78947457773882],[128.1414720952038,35.78860850843247],[128.14342243314437,35.78701843464744],[128.14305627878318,35.785952462638264],[128.1456453769589,35.784980828415414],[128.14396392762274,35.784809223794056],[128.1455530071106,35.784538477503695],[128.14513614593716,35.78292906952634],[128.1401415625144,35.7802835317123],[128.14000235665048,35.77809615376061],[128.13561712832612,35.77725575718363],[128.1327072920215,35.77432854012251],[128.1313117813255,35.774258092296044],[128.12932407191758,35.777169149459375],[128.12766515852408,35.77771478986788],[128.1284536587925,35.77868015520294],[128.13061804421918,35.77878192211662],[128.1273278532289,35.78084599921805],[128.1289070107837,35.78214982776632],[128.12812862425727,35.782382858576675],[128.12889391935906,35.78276284758022],[128.1280869492163,35.78427604326735],[128.1240657478816,35.78499447417886],[128.12471743598496,35.781599710056646],[128.1241163258729,35.78138510451702],[128.12363887666675,35.783049106236575],[128.12116313709404,35.782855522275085],[128.12201807056977,35.78416812390777],[128.1212982756879,35.78513789458568],[128.12151689606395,35.784077308639745],[128.12120993801682,35.7837803257149],[128.1191742462074,35.78442521345602],[128.1193613944159,35.785073306142074],[128.1185470551693,35.786243232022805],[128.11948795678995,35.78817933809685],[128.11865783837567,35.7884148469414],[128.11880730935886,35.787949316606415],[128.11863292232147,35.78784285006108],[128.1183753640942,35.787866801320504],[128.11876161411334,35.789073856021275],[128.11734244375583,35.78919881132994],[128.11740384216202,35.78793052578135],[128.11891197856642,35.785351913316745],[128.11825190593987,35.78420316625788],[128.1182366637209,35.78507604552044],[128.11760145896224,35.78551365508893],[128.1188246973753,35.78286389607236],[128.1175740377654,35.78191718094449],[128.1189624809628,35.780153366523365],[128.1208783958592,35.780274489057405],[128.12276113954525,35.77849283146822],[128.1252723087557,35.77839150451392],[128.12409738370692,35.77593096740642],[128.1248691820641,35.77312510562728],[128.12736812979196,35.77162879511219],[128.12566588041238,35.76993384924359],[128.12326597884004,35.769450562474084],[128.12067595585003,35.77001107571114],[128.12102423724022,35.77058259161422],[128.12019332449165,35.77115769019547],[128.11845648089826,35.767328826149],[128.11654202682558,35.76910378306172],[128.11336024654187,35.7695316980927],[128.11389083544503,35.76838372196046],[128.11281548800656,35.7665190714219],[128.11574745203131,35.76607476138671],[128.11598110856607,35.76507428026881],[128.11804616364716,35.76522785702479],[128.11573192090887,35.76416533278538],[128.11642051865638,35.763960925908854],[128.11613460769624,35.76226108535585],[128.11488332308548,35.76098843550167],[128.11598458653629,35.76045238551783],[128.11553891222374,35.75921225518894],[128.11192230242753,35.75623196265522],[128.10835893665723,35.7552291669956],[128.10818776529032,35.75397419423792],[128.10681013007132,35.754619241181246],[128.10559479421852,35.75286586477233],[128.10468497756577,35.7536654167983],[128.1019709005042,35.75233034866897],[128.10116674092592,35.75306181076958],[128.0985928032982,35.75254080513407],[128.09816067561303,35.753524407089735],[128.09603188248525,35.751420164532],[128.09315752844023,35.75481100048354],[128.0912935630786,35.755867842997574],[128.09076786246334,35.75513729240781],[128.089312449951,35.75701262697007],[128.08689549467445,35.75393936727232],[128.0823751246921,35.758106003531985],[128.07996245789374,35.75780672398198],[128.07999935012887,35.760878389551735],[128.08198174729318,35.76211138708409],[128.0821886513279,35.763253290911784],[128.07894149906133,35.76466273171974],[128.07827473517148,35.76414472903918],[128.07863967304445,35.766525325101114],[128.07684900856952,35.765612959932525],[128.07563556626124,35.762660941416726],[128.0738954341513,35.7633878025378],[128.073750548473,35.769028089283275],[128.0725576448798,35.76844281741782],[128.0713941291557,35.7711949989891],[128.06969425550875,35.76474393907584],[128.06877154069596,35.763802217208806],[128.06554730846534,35.76376167087694],[128.06822412969177,35.76190467625967],[128.06558593669232,35.759935008031256],[128.06718778640172,35.7594222257313],[128.0679266015306,35.75777610295212],[128.06510362998324,35.75485806919191],[128.06688447597378,35.75254999785185],[128.06126417156662,35.752080463465504],[128.06131637302136,35.75119532494464],[128.05991015198592,35.75058843513773],[128.05886399672573,35.75142847787726],[128.0584519480364,35.75061953343795],[128.05467620288852,35.75077027631847],[128.05212448228482,35.74936913160345],[128.05275591498673,35.748823904905805],[128.05047805611238,35.74819808891529],[128.04533930336873,35.750744951303815],[128.0442521839071,35.75216086927155],[128.04036918058628,35.75297644474694],[128.04112866486884,35.753449613758775],[128.04095596057456,35.75564920476617],[128.0434328083044,35.75416409254838],[128.04427725120854,35.75554193823592],[128.04477523460943,35.75447920916981],[128.04599333494983,35.75506294025629],[128.0468801959442,35.756351735761136],[128.04634553713626,35.75715399770384],[128.04803484674312,35.75736936318259],[128.04808894838206,35.76004498728736],[128.04912913071064,35.76014480761512],[128.0490658465883,35.76125901504859],[128.0482179966686,35.76126743997766],[128.0485000124123,35.76362664638839],[128.04603640134715,35.761906941697085],[128.04585102476176,35.76320620671959],[128.0421191717485,35.76361846076816],[128.04226963368325,35.76453277985668],[128.0455384985584,35.764318897304555],[128.04431866050524,35.76529450533961],[128.04437523389183,35.76669185056333],[128.04658299132842,35.76704879972598],[128.04612234181891,35.76818401816801],[128.04720399261723,35.76912356832359],[128.0453025742291,35.770145142556466],[128.0454705528183,35.771475602846685],[128.0486678904122,35.77272014813867],[128.05072343670756,35.7756787265452],[128.0537456454701,35.77760163705607],[128.05698214865427,35.78597876027424],[128.06043559366645,35.787287012364104],[128.06343942609928,35.79084668594331],[128.06578661485585,35.79136394373521],[128.0665191058894,35.79412326259688],[128.0711833820853,35.79802746098481],[128.07134563240496,35.80053528211977],[128.0695009254026,35.80136309024199],[128.06897199299726,35.80359699608848],[128.06646501046876,35.80415286307188],[128.0661672515863,35.80514801675057],[128.06326321021157,35.80662925456373],[128.0650773746611,35.80658391738921],[128.0661019579226,35.80853717526123],[128.06868760890706,35.809222815576504],[128.06828219894467,35.811107541011125],[128.06933377335625,35.81446873615606],[128.07398948281966,35.815227291445495],[128.0715937493439,35.8169066849828],[128.07585704772256,35.8172240948144],[128.07725980297957,35.81912734175844],[128.07645599704875,35.81977325216469],[128.07899189964849,35.821763569835866],[128.07592095745946,35.82101240872871],[128.0758135132544,35.822165770172624],[128.07913036018937,35.82331040069572],[128.07853642586946,35.82454627876582],[128.08117698788527,35.82428723788887],[128.08218241738652,35.82928820331376],[128.08344748868134,35.82978418343859],[128.08241976458754,35.83006868531722],[128.0828722721275,35.83114925732385],[128.08602490664896,35.83350075911958],[128.08424136837033,35.83712990613194],[128.07739964031515,35.83962396869108],[128.07754073580335,35.84344192732043],[128.0736893672029,35.84838309707692],[128.0733869166714,35.85044719570983],[128.07467380812108,35.85162571681703],[128.083512495133,35.85244831651991],[128.0846996829437,35.850064087155964],[128.08624908808713,35.8500082520463],[128.08814756916865,35.85040078290143],[128.0912368026576,35.85372073402452],[128.09406276215697,35.85455649647282],[128.09394486107794,35.85256881116362],[128.09570498405196,35.85479493847797]],[[128.09589380774943,35.85391683074731],[128.0961601943586,35.85341954719398],[128.0960858892068,35.85395151461026],[128.09589380774943,35.85391683074731]],[[128.09617487693092,35.85202665924409],[128.09639384436534,35.85184966965781],[128.09632369685576,35.8520852863868],[128.09617487693092,35.85202665924409]],[[128.0856760024916,35.793753111667],[128.08072806355742,35.79231497771615],[128.07945793834514,35.793320410092015],[128.07709031711897,35.790804341806286],[128.08479573694282,35.79288786247274],[128.08529765809888,35.79140292074624],[128.08725419439534,35.79138953858039],[128.0865396741918,35.79033149841704],[128.08740688387496,35.79074035374542],[128.0866548534996,35.79013340603537],[128.08706286091615,35.78849074241179],[128.08752920014948,35.790741166467804],[128.08926552744796,35.79183978488873],[128.0856760024916,35.793753111667]]]}},{"type":"Feature","properties":{"id":"odaesan","name":"오대산국립공원","year":1975},"geometry":{"type":"MultiPolygon","coordinates":[[[[128.5738024228305,37.71444392846564],[128.57636945275343,37.713729047975676],[128.5726089877288,37.71214805286562],[128.5697652229593,37.71231320518151],[128.5700330357675,37.71361269821777],[128.5738024228305,37.71444392846564]]],[[[128.62545937152154,37.71148921643215],[128.61569207879464,37.70769345835135],[128.60951806297106,37.707759725688796],[128.60917671644444,37.708934464464555],[128.61120699801035,37.709893541341565],[128.61135803715825,37.711255357842425],[128.60800328836598,37.709902938514716],[128.60576581313458,37.70451901292386],[128.60232309552376,37.70368494587519],[128.60301414626457,37.710509089216],[128.60217169728222,37.71406325411745],[128.60376738798914,37.716736289177135],[128.6039690029136,37.71975585170756],[128.60249790147043,37.721740755427504],[128.6020632453693,37.724383340954006],[128.60023565386214,37.72478741313109],[128.60013911403357,37.729481573446286],[128.59833227876987,37.72571166655594],[128.5956825217226,37.726486478601615],[128.5958868026754,37.72493523596101],[128.60044325411187,37.72207370537005],[128.59840754532846,37.71830921060296],[128.5974953466452,37.71990966262969],[128.59743710259553,37.71236911182195],[128.5955678723934,37.70725375792146],[128.59068174238072,37.70713110692122],[128.58949303977974,37.708349906967506],[128.58813407347768,37.70830748092106],[128.58823280611145,37.70903187599103],[128.58792118650533,37.70827988540482],[128.58635892546874,37.70855017083005],[128.58636796259023,37.71007097140041],[128.58589860136593,37.70857746062442],[128.58174365768687,37.7104297682117],[128.58204650750775,37.71249124368452],[128.5807500652351,37.711152301398215],[128.5800040416167,37.71175743406503],[128.58053309930725,37.71275295749815],[128.57958159122285,37.71166782739147],[128.57775353469387,37.713374330862614],[128.57807641007463,37.71549145837162],[128.57750527066105,37.713595740770735],[128.576271107398,37.71449166190136],[128.5765597377876,37.716069328585135],[128.575763134257,37.716258683483304],[128.5766426361883,37.71709361255883],[128.57507761176595,37.7169756403767],[128.5744315520306,37.718125980901185],[128.57355590123893,37.71749330420978],[128.57171148029227,37.71980778191047],[128.5713694918661,37.719017348660564],[128.57344563512646,37.71761965120194],[128.57489184605697,37.714787906021854],[128.5706226825862,37.71471196265553],[128.57012688082543,37.7162629193891],[128.5706170363361,37.71517982887015],[128.57121370506664,37.71555692397605],[128.5707741552584,37.71580164188531],[128.5707031680894,37.71610543842264],[128.57039880247746,37.71619809754476],[128.57025585248257,37.7163391067045],[128.5700636633524,37.7170988763838],[128.57006510268593,37.71626580897008],[128.56860777816803,37.7160336145933],[128.5655150521872,37.717086404602966],[128.56610999997028,37.71340668740097],[128.56925781218115,37.711946893344425],[128.5673292366082,37.71014782438777],[128.56875210144997,37.70831494185032],[128.5696384567489,37.70838110558189],[128.56978777020345,37.71214089286775],[128.57085973146903,37.71184660456932],[128.56982343933325,37.71073107411114],[128.57031015252113,37.70941161450273],[128.57209370409961,37.711254633255805],[128.5742633525979,37.71171476068272],[128.5731309056684,37.71130126451096],[128.57299163021568,37.7108501882388],[128.5739258051873,37.711165438384334],[128.57333623436708,37.710013700128926],[128.57404242570982,37.7095481049704],[128.57170829818574,37.70875105401959],[128.57161766887774,37.70734105252116],[128.57424890321627,37.709274133199],[128.57528787262788,37.71214728091517],[128.57742091721948,37.712501013849035],[128.57856134132163,37.71017748689144],[128.57652140442372,37.710068505450764],[128.57670625510096,37.7097767467477],[128.5797324904382,37.7095813452119],[128.57923948852746,37.70864076979894],[128.576990415658,37.708134750757054],[128.57811367005272,37.70791866650144],[128.57683962531922,37.706850410170524],[128.57750489099914,37.70643122682056],[128.57678777864413,37.7053679171598],[128.58107352684198,37.70586107425458],[128.58381863255735,37.70909879504155],[128.5856551924306,37.70765981125947],[128.58393344040974,37.70675083702015],[128.58595525377015,37.707670347769195],[128.59211977101552,37.706108543760365],[128.59526399315968,37.705775414063034],[128.5954454276315,37.70644447411677],[128.59526153434186,37.70449141721091],[128.58904584906279,37.7049009393372],[128.5866822975531,37.70338821274624],[128.58586418361048,37.703289622612154],[128.585605319812,37.70315413229941],[128.5845377809549,37.70300164937029],[128.58723726969603,37.70297877485645],[128.58753017246786,37.7019426432691],[128.58897615511603,37.70364451100104],[128.5913048739617,37.703079848895975],[128.59585300440767,37.70408700417133],[128.59496237751122,37.69864901211363],[128.5937578817205,37.698149530724436],[128.59462981024393,37.697956037135086],[128.59425783854962,37.69138021016229],[128.58603143950236,37.694124859963736],[128.5816371630651,37.693874435800524],[128.58521023924052,37.69294576589377],[128.5849544493762,37.692180215005244],[128.5813034824172,37.691737736700595],[128.5796576521575,37.69337115740325],[128.5815597659112,37.693906011986506],[128.57155628237965,37.704386416935016],[128.5699698056464,37.70480384669185],[128.56889326168698,37.70658349704237],[128.56221738090701,37.70919310700363],[128.56349414678766,37.711693002653334],[128.56288802542016,37.71296894448647],[128.56468430548037,37.71547350454729],[128.56422631333936,37.71696995435769],[128.56590774704995,37.722537089840195],[128.56568790099465,37.72471229996426],[128.5621264168659,37.728906002855155],[128.56384479791754,37.730147607142605],[128.56160371354778,37.73055415668219],[128.56260317306769,37.73173327060671],[128.56129146919054,37.73374961442547],[128.56189103286172,37.73521385226746],[128.55986535255613,37.735278959633035],[128.56102710595349,37.7327990930466],[128.55786961543112,37.73223954861301],[128.5579559576666,37.730982047713425],[128.55632661341525,37.73136602047751],[128.5571611024712,37.73027846921304],[128.5564467861816,37.72961546312267],[128.55413700886172,37.73083959034238],[128.55514440227003,37.72886346627171],[128.55379043247743,37.72914762816497],[128.5536228806434,37.728376674157744],[128.5526466986392,37.72953627672417],[128.55049150277634,37.72967130281196],[128.55053714255743,37.728991525725704],[128.54296043310052,37.72810113567583],[128.5414189157684,37.72672720693962],[128.54011923373417,37.72279998969625],[128.5388744386652,37.72285042173015],[128.5384973872586,37.72152984223859],[128.53593420419716,37.72313929632771],[128.53539807870638,37.72249861681595],[128.53356540019718,37.723219853435964],[128.53447683534284,37.7216119262336],[128.5333927324744,37.7216226164404],[128.53385439684752,37.72057969917736],[128.53223961355076,37.71864432060984],[128.53281407825398,37.71798705913575],[128.531469940626,37.717895273919595],[128.5336632658692,37.71686370978129],[128.5327254849603,37.715924936045695],[128.53353337929235,37.71537952031524],[128.53145598465045,37.71452675695796],[128.5280828454039,37.714737778624674],[128.5233831324799,37.711314244747896],[128.5214101416868,37.70843422272913],[128.52115399773655,37.70538204422178],[128.5198470544679,37.703259450318754],[128.516255079928,37.70551057958414],[128.515743815861,37.705146225935785],[128.51876679000577,37.70354405010546],[128.51386773117133,37.70010242309478],[128.51256777346248,37.69022613796155],[128.50988306193736,37.68636517595077],[128.50930780154854,37.682842866301684],[128.50450027319218,37.680192402525755],[128.500994235589,37.68068562454872],[128.50108153759086,37.68220641629382],[128.4955273914767,37.68363538121211],[128.49712855239403,37.68792547895982],[128.49207756089118,37.692384065745266],[128.49163946523964,37.69413922417205],[128.49186935364335,37.69865186749605],[128.49322371552267,37.699890495623464],[128.49307272432353,37.70684346694035],[128.49043789008877,37.71004482099788],[128.4939476477863,37.71297744347779],[128.49384648314168,37.71482338714472],[128.49575934193737,37.718083458470694],[128.49499341355246,37.72721842474674],[128.49414590399067,37.72742813617735],[128.49305792761092,37.72606514185843],[128.4937028128656,37.72431482119426],[128.4921339272831,37.72222901495408],[128.48849160579547,37.72078680530714],[128.4875875005851,37.72137801115395],[128.48729742295095,37.720530991504866],[128.48498371793067,37.72019362682299],[128.479279932785,37.72026526945787],[128.47773486913727,37.722965145874326],[128.47944840770302,37.71935202969923],[128.47806629001727,37.718477272287686],[128.47796791340406,37.71653860258724],[128.47435319669367,37.7189490839572],[128.46957149084403,37.719374567900026],[128.4688901707817,37.71286071061073],[128.4644506313297,37.71111296489926],[128.46186747379812,37.71229368192356],[128.4630945694889,37.714711788696476],[128.46043463554864,37.72022535375997],[128.45543021468643,37.72069917530218],[128.45316714942692,37.71990308261975],[128.44733254802753,37.71324558436487],[128.44709201530333,37.710913363018165],[128.44444704275136,37.707352748682865],[128.444062808524,37.70898922199986],[128.44502136143095,37.71022910126659],[128.44224508506807,37.71201223882806],[128.44083377722964,37.71751466022266],[128.44602593645627,37.720454884770504],[128.44190535520332,37.7233482935407],[128.43919190470214,37.72860906157307],[128.4443974039153,37.73334877493693],[128.44828680177488,37.73425760640683],[128.45206981098335,37.73945793447422],[128.4535050659808,37.74514840660872],[128.4528130964073,37.74846164466428],[128.45151261655505,37.74967936579709],[128.45272662778765,37.75372020624853],[128.46453642800225,37.75778016840728],[128.46629697785625,37.7607079493003],[128.4638438388615,37.78067397091625],[128.46285319292994,37.78221469902412],[128.45983019723872,37.783465644909626],[128.45820711771466,37.78645337653865],[128.4620059296913,37.789881323332715],[128.4718467589194,37.792270380258714],[128.47812447090493,37.7950015215639],[128.49137818165946,37.79060504702006],[128.49147931602664,37.791627525336295],[128.48973258256436,37.79258112867059],[128.49515930262555,37.79549811691706],[128.4937656699835,37.79603756448532],[128.4959935962472,37.79888848690964],[128.51747075097035,37.80645076013536],[128.51697251857857,37.80959802784843],[128.52067173646188,37.81374086610818],[128.52198946656898,37.81797677948268],[128.52169093351336,37.82591451534861],[128.52333075839113,37.828515984712425],[128.5258693975268,37.83009660363242],[128.5247131175946,37.83259329843448],[128.52571664372752,37.839200174336874],[128.52971985894362,37.838200574603775],[128.53242614069663,37.83593918727276],[128.53317414402764,37.83694008479543],[128.53639597013495,37.837520239569486],[128.53809654583307,37.835829578082915],[128.54212760892463,37.83641691102767],[128.54597286728463,37.8353963067508],[128.5485369360019,37.83679985985284],[128.54856555524464,37.83860311118756],[128.5505432828145,37.84112000101141],[128.5568249976779,37.843248123042024],[128.57036549249142,37.85329790930103],[128.57458840403208,37.85358943258558],[128.58264252342852,37.85694840750545],[128.58729335488556,37.85994680782076],[128.5954331428797,37.85780522766719],[128.5969261080792,37.85640111957391],[128.60368634411392,37.8551273392184],[128.6082875266713,37.854673134647996],[128.61084502764385,37.855583487532144],[128.6115060338658,37.856786451386135],[128.61509885594862,37.85708351326272],[128.61807498320877,37.8566480725414],[128.61912547453716,37.854912897334394],[128.6252377910435,37.85461020382227],[128.62847892791703,37.85338821278447],[128.62605273448983,37.84924665277128],[128.62122886842974,37.84962365134378],[128.61951875533606,37.847764069858],[128.6201374275196,37.84630297391293],[128.6230940829878,37.84850213236688],[128.62632111396795,37.848825336442964],[128.62796323639358,37.851908170746874],[128.63048883103028,37.85370428035656],[128.63142087056937,37.85378214549803],[128.63102138158345,37.85280928588067],[128.62836297580537,37.851152755954715],[128.62966469980157,37.85091575519393],[128.63336196897603,37.85410136119545],[128.6324031556971,37.85087191276707],[128.62994540125175,37.849310496212084],[128.63624571342874,37.84658561552507],[128.63537841329278,37.843899910916136],[128.63812352401004,37.8387061918064],[128.6377133474889,37.83719359245707],[128.64197296798457,37.832547627583175],[128.6392966923777,37.82959178803046],[128.64024548423924,37.82869878513921],[128.63802217109196,37.82833969312061],[128.63687271297943,37.82700069806444],[128.63734011974267,37.825909225776385],[128.63505046812733,37.82461079114638],[128.63424627378564,37.82200057273201],[128.63288090665318,37.82137343055386],[128.63191807356822,37.819858392188266],[128.63281553214645,37.818608530570565],[128.63482135296593,37.82065288376768],[128.63491794125093,37.81945100741992],[128.63594107734002,37.820083137662955],[128.63583350952607,37.82357305639244],[128.64337411105305,37.83101018068559],[128.64832676396563,37.832832731500204],[128.64889992936776,37.83218785138942],[128.64996197627298,37.83534588297579],[128.65413776433164,37.836114381271074],[128.65522915282384,37.83801366686714],[128.65718011866477,37.838046776331396],[128.65647703049143,37.8385985998976],[128.65696911701292,37.84136836869432],[128.65795352588466,37.84204346462761],[128.66281969908147,37.840969410530825],[128.66871165401855,37.84182690883781],[128.66927054501267,37.84106369950542],[128.67061492651052,37.84212620985525],[128.6699887418876,37.84318490139851],[128.67146443053025,37.84257355970794],[128.67302845985267,37.84404502024197],[128.67765320171293,37.84340946536325],[128.67850816163627,37.845062096921716],[128.67950931406057,37.84400023057502],[128.679809334889,37.844796204398634],[128.68379665663178,37.84489128596889],[128.68482008341763,37.8460384736822],[128.68729624564327,37.8450858102981],[128.6945916410727,37.84621972286136],[128.70288699427255,37.8449118710135],[128.70370822560682,37.8443856013709],[128.70334654815744,37.84224784691604],[128.7044448704814,37.84296230512535],[128.70589773485497,37.84155441565047],[128.70692541999748,37.842231365533706],[128.70514435512266,37.84380589084198],[128.70485832153392,37.84573863114858],[128.70587456408157,37.846288725602875],[128.7108833728027,37.84674470155761],[128.71478835011277,37.84541851717824],[128.71916715262398,37.845897902792075],[128.71898021062037,37.84678552344763],[128.72115574821152,37.847372819456766],[128.7215833452218,37.8450122413149],[128.72316798697216,37.84451072106837],[128.72609045371493,37.84564680804675],[128.72631530990438,37.8469763624116],[128.73314401176455,37.84811961564622],[128.73456288548792,37.847618654207416],[128.7345065964158,37.8455207691219],[128.734984334157,37.84470262347528],[128.73603222139354,37.846314017556445],[128.7369753358178,37.845610633760714],[128.73933006748052,37.846310662447294],[128.7441717990911,37.84588355829947],[128.748317254367,37.848175715598806],[128.75326937697898,37.84699681720117],[128.75482214157955,37.84473781554885],[128.75406446238466,37.842878532270795],[128.75648943348818,37.842099365709984],[128.75309026813528,37.838780964904736],[128.7544760729686,37.837874613023835],[128.75603712084512,37.83854624876813],[128.75710968129061,37.8339220346029],[128.76196619659592,37.83193650996036],[128.76579945506484,37.82724977592348],[128.76937771874103,37.82549755399831],[128.76453015716578,37.81952668214246],[128.76521003424742,37.81743561351385],[128.76210298850273,37.81732030678342],[128.76105501777818,37.81642646724076],[128.76110448914093,37.815701240482035],[128.76337137656606,37.815225632449035],[128.76250945177654,37.814332026294515],[128.76365065896113,37.8127172859228],[128.763443297576,37.810352927884075],[128.7617598919623,37.80961533961471],[128.7622290093445,37.80752711688805],[128.76129900697563,37.80683060898813],[128.7603062538712,37.80758117033855],[128.75599508698022,37.80694782501279],[128.75414872640485,37.80548480193002],[128.75629816102918,37.80478202252999],[128.75620384230044,37.803540378768815],[128.75368563078047,37.80209866865428],[128.74995300545035,37.80317431454709],[128.75038105055864,37.80137258534612],[128.74825242361533,37.80137456966355],[128.74910732637562,37.80045011875975],[128.74802292622928,37.79959616625253],[128.74661012190748,37.79985152905549],[128.74621269309284,37.80140895257683],[128.74254665106668,37.80065199133085],[128.74348483883264,37.79909576451432],[128.7429728385658,37.79790034132265],[128.74113567121046,37.796109709027995],[128.73905718516414,37.796670353932555],[128.7381348347663,37.79406814912495],[128.73685357701072,37.79375327789535],[128.73764247402133,37.792683725310894],[128.73705973100476,37.791371533892466],[128.7353059225716,37.791112794899135],[128.7333026888443,37.78803077840408],[128.7300950219924,37.78570032587736],[128.72968103758498,37.78383196612127],[128.72436179727188,37.779773212108886],[128.7243695303063,37.776151214628015],[128.72029476880158,37.769694238643766],[128.7151348590205,37.76507086771753],[128.7115337214544,37.764791335661904],[128.70835219861218,37.762688736594875],[128.71264186581027,37.7533148540667],[128.7101056512281,37.74890034319039],[128.70744439685774,37.747502250381366],[128.70701288816622,37.748501661196656],[128.7030817108362,37.749534522374404],[128.69768142301683,37.74947453578372],[128.6922125848807,37.746000406101565],[128.68944327283063,37.74611806462827],[128.69003409130642,37.744391580252056],[128.6889905632847,37.74367534961123],[128.68762552735203,37.74576157363656],[128.68595832560493,37.7459586665463],[128.6882074044659,37.737410056706366],[128.68698667508744,37.73348625780524],[128.68114848489674,37.72887089397781],[128.67719139762963,37.73055726648183],[128.66923543504052,37.72937286789581],[128.66668555547287,37.725064003435996],[128.6651102247086,37.72545730176188],[128.66722420200745,37.72278927141211],[128.66298602900412,37.722897771632866],[128.66446523740296,37.72199050724091],[128.66234733361998,37.72167453835632],[128.66319923940736,37.72057517829438],[128.6583053663789,37.72002336151417],[128.6600415707801,37.71905375167624],[128.66212453340393,37.719303206220054],[128.66337367789424,37.714851988452615],[128.666405486539,37.71378894905933],[128.6664073815964,37.71183429711696],[128.65481953089557,37.71081008980091],[128.64906371324648,37.70912160557943],[128.64343480909162,37.70469707307392],[128.64194817268177,37.70212765224805],[128.64183325065545,37.69840382962396],[128.63806662671024,37.695477248009425],[128.6258897552943,37.69382155510549],[128.62223527306756,37.6922875907569],[128.62163395506101,37.69045602551044],[128.61868177535183,37.688730036956045],[128.61565314126943,37.68985357437821],[128.60721427211465,37.68856277834991],[128.60017208956333,37.6906506320929],[128.59961838948786,37.693953374430045],[128.60130750263315,37.69922817789653],[128.6041812691892,37.701316915284465],[128.60734229623642,37.70185833162408],[128.6081521672756,37.70096846494797],[128.6092171700678,37.70176410594955],[128.6151211573008,37.69649629305698],[128.6134594465427,37.698444576035314],[128.61546563131748,37.698366660344576],[128.61588686123656,37.69869460159792],[128.61300785405047,37.6988832826563],[128.6092758889573,37.70196261088756],[128.61216554085036,37.70165179479244],[128.61056673789125,37.702637862155655],[128.61030063278926,37.70292951335455],[128.61013269492972,37.703304161966315],[128.61009624217314,37.70342206711503],[128.61023603230743,37.70366011466505],[128.6138321145152,37.70385024860872],[128.61082283765572,37.704565309767816],[128.61833584637836,37.707639804731414],[128.62028146750305,37.70620923890661],[128.61956426194533,37.70784282189038],[128.62129530659413,37.70752726870543],[128.6234804176143,37.7087687750304],[128.62456577841934,37.70825174675784],[128.62385284906796,37.709055078817904],[128.62482205734815,37.71032468874633],[128.62731127355286,37.71027266465012],[128.6249389120785,37.71083883036863],[128.62545937152154,37.71148921643215]],[[128.61013285958984,37.70342382778049],[128.6110270291587,37.70309687766987],[128.61099753511203,37.703282567394105],[128.61013285958984,37.70342382778049]],[[128.6109850212148,37.722379925797405],[128.61295849388233,37.7233512746267],[128.6107940940217,37.722962727471746],[128.61014848304325,37.72394593879329],[128.61346243591385,37.72605399432375],[128.61354996447403,37.72764450247391],[128.6146961913524,37.72839594808411],[128.6143789633568,37.73020824854564],[128.61556923543404,37.73028303914258],[128.6157072885173,37.73170469081983],[128.6164268413611,37.731357299335784],[128.61559734570304,37.73214978178439],[128.61781570061703,37.73546561166816],[128.6187518782468,37.739114183841494],[128.61810307209214,37.74159774461169],[128.61983016467374,37.74298443544181],[128.61948638368443,37.74412231962475],[128.6206585886996,37.746069198997255],[128.6196190469668,37.74615666118494],[128.6184669338298,37.742277852713805],[128.6164131564724,37.74368869126457],[128.61809087540604,37.73952626012847],[128.61628992916678,37.73712502080419],[128.61646403227118,37.73579878479518],[128.61417191553468,37.73388923605705],[128.6152065486448,37.731107661075114],[128.61365193546567,37.72959468357832],[128.61318308431572,37.72640052754216],[128.6106894649908,37.726283335779655],[128.60955614471777,37.724734752514756],[128.6090670693076,37.72298149839004],[128.61139760140173,37.72154380304713],[128.6109850212148,37.722379925797405]],[[128.4967292317103,37.783441020065744],[128.49380449505827,37.785521763196854],[128.49509929328855,37.785299774329445],[128.49447042740627,37.78626979313788],[128.49311547973582,37.78621101215935],[128.49361749821742,37.78526502983212],[128.4926651381094,37.785977800238626],[128.49474683562926,37.78290790581403],[128.49617755386708,37.78347983855091],[128.49822611108294,37.78185585316213],[128.4967292317103,37.783441020065744]],[[128.70312886166718,37.813379572398176],[128.70309224753572,37.81356901262343],[128.70285494780848,37.813480235164334],[128.70312886166718,37.813379572398176]],[[128.70195165582535,37.813454147677355],[128.70333086575752,37.81390026437885],[128.70497860460557,37.813794003267375],[128.70578897384777,37.8163502281597],[128.70453871277974,37.81627437261503],[128.70440007797453,37.814335717475664],[128.70195165582535,37.813454147677355]],[[128.70613914157465,37.81619924318763],[128.70914127477843,37.817761651673784],[128.70956389291305,37.819351610841046],[128.7106558816178,37.820541436875075],[128.71229853619397,37.821720658471],[128.71195018364787,37.822589540912816],[128.7113382784957,37.822444306948775],[128.71026910041292,37.82265834927449],[128.70885616419784,37.81809855921009],[128.70557089834338,37.81707988096926],[128.70613914157465,37.81619924318763]],[[128.7056139968859,37.81648983269786],[128.7055676563468,37.816835111896566],[128.70544660945495,37.816796238564244],[128.7056139968859,37.81648983269786]],[[128.71033163662952,37.82273041289773],[128.7114022715027,37.82246968259456],[128.71181071636178,37.8226808244345],[128.71092563982629,37.823115522207274],[128.71033163662952,37.82273041289773]],[[128.71182328993817,37.82351476196042],[128.7118532617888,37.822686776419424],[128.7120687447065,37.82269240558066],[128.71182328993817,37.82351476196042]],[[128.71059964354816,37.823436673277776],[128.7111668939097,37.82321705084528],[128.7112565891024,37.82333284457855],[128.71059964354816,37.823436673277776]],[[128.71227273833986,37.82334925239602],[128.71267888795643,37.822856452114586],[128.71352214575361,37.82312350501296],[128.71227273833986,37.82334925239602]],[[128.71346418866727,37.82303107732491],[128.7145217008323,37.82185881482567],[128.71262387886196,37.82151386132481],[128.7134825325546,37.82057287955179],[128.7151932247751,37.82173514109174],[128.71346418866727,37.82303107732491]],[[128.71256197248903,37.82152434043913],[128.71102759899534,37.82063529526445],[128.71074517888357,37.82012638341203],[128.7104474409565,37.819857589321394],[128.71342261952256,37.82057939972951],[128.71256197248903,37.82152434043913]],[[128.71526896388934,37.82041448679742],[128.7147333782648,37.81928700875338],[128.71558194907834,37.81856416961433],[128.71566375702554,37.818978947749436],[128.71526896388934,37.82041448679742]],[[128.71034702896122,37.820045756464076],[128.71068413931891,37.820121575048596],[128.7109858563522,37.82061589424485],[128.71034702896122,37.820045756464076]],[[128.7058731850722,37.8144365466975],[128.7058840169365,37.81436321022406],[128.7060397121097,37.81460339749466],[128.7058731850722,37.8144365466975]],[[128.70371987893378,37.813584997382726],[128.7031112584872,37.81361961262567],[128.70376731702459,37.81352241154433],[128.70371987893378,37.813584997382726]],[[128.7036058358394,37.82654192409475],[128.7052975161519,37.828843078661095],[128.70655029914897,37.82952779787797],[128.70597833530425,37.828402534090245],[128.70829390015678,37.83055549157495],[128.70784688203048,37.831525399277396],[128.70960481704753,37.83130874074215],[128.70974383468976,37.82930885913638],[128.70863907538057,37.829890444528964],[128.70632463469937,37.82740919057118],[128.71078725882515,37.82845631563143],[128.71013196388066,37.829074546846044],[128.71101663268863,37.82928698853406],[128.7103625301137,37.82996535512583],[128.71117557704105,37.830998380341896],[128.71002286713244,37.831555112433584],[128.70982477422353,37.83402158983728],[128.70820962623424,37.83294027339932],[128.70548569712162,37.83409151417409],[128.70458472131963,37.83345547604913],[128.70538532399394,37.83239963047743],[128.70674055322763,37.832654347017964],[128.7062075827358,37.83144840242056],[128.70477474552789,37.831648074824024],[128.7046145170956,37.830005598532026],[128.7025080493295,37.83132167780922],[128.7034715384179,37.82976012825736],[128.70234191232663,37.8281362690407],[128.70358445885097,37.827496663121174],[128.7026520517894,37.82661534070957],[128.7036058358394,37.82654192409475]],[[128.54086329324582,37.83595321365983],[128.54099175724028,37.83601065539426],[128.540733947743,37.835909643130904],[128.54086329324582,37.83595321365983]],[[128.47921641562053,37.72710639152011],[128.4793056897007,37.72653557223339],[128.47959904345154,37.72669754753148],[128.47921641562053,37.72710639152011]],[[128.48096720625375,37.72482254635106],[128.47913618097013,37.72505266933939],[128.4801919326994,37.72321241112474],[128.48096720625375,37.72482254635106]],[[128.56932053601795,37.71753750747326],[128.5694176186091,37.71846521167796],[128.56870083041954,37.71881680321148],[128.56932053601795,37.71753750747326]],[[128.58568518369552,37.70319933647964],[128.58236698509253,37.70295622028547],[128.58153780605753,37.70315464352772],[128.58241193284613,37.70278768350218],[128.5837768215453,37.70275994713173],[128.58368330024317,37.701819572311955],[128.58406345064452,37.70277649668674],[128.58469370962356,37.70308687334032],[128.58568518369552,37.70319933647964]],[[128.58179804259385,37.706053785123736],[128.5826907520932,37.70608423042001],[128.58444772507096,37.70662366610725],[128.58179804259385,37.706053785123736]],[[128.57073836492364,37.71612055781127],[128.5711362058287,37.71626149818431],[128.57032040602434,37.71650776800335],[128.570399375284,37.716234182779644],[128.57073836492364,37.71612055781127]]]]}},{"type":"Feature","properties":{"id":"deogyusan","name":"덕유산국립공원","year":1975},"geometry":{"type":"MultiPolygon","coordinates":[[[[127.68918630767664,35.97362333617977],[127.68911642599572,35.97361941084337],[127.6891121088009,35.97364255526363],[127.68918630767664,35.97362333617977]]],[[[127.79578129728898,35.99622632170136],[127.79803653954414,35.995645722797605],[127.80064033154942,35.98990085478282],[127.8058232994771,35.986057917751616],[127.80544039216994,35.98442741626793],[127.80658081361062,35.980806820004574],[127.81062447616469,35.98217227478502],[127.81038323016372,35.98308668435906],[127.81271751232951,35.98409669937087],[127.8136730427254,35.981973437107136],[127.8090110496051,35.98087533736646],[127.81008313866509,35.980165016688865],[127.8132837714832,35.981059251325284],[127.81012822249694,35.97623924334649],[127.81342835201265,35.976571923321565],[127.81479825942394,35.97554861184984],[127.80714707809713,35.973279028746596],[127.8080117542781,35.97203447493198],[127.80766930927811,35.96874341464023],[127.80837483422705,35.96484312339278],[127.81080816974612,35.96141450470316],[127.810397605403,35.960243361378176],[127.8139185476543,35.95674147415527],[127.8151232929695,35.95428553773262],[127.81397148743325,35.95319027288056],[127.8144419778926,35.95176533309627],[127.81689869483897,35.94967711011594],[127.81707330677426,35.94697695936987],[127.81893209089942,35.944150666666964],[127.81758184867307,35.94080994728102],[127.8184097498115,35.93937256632724],[127.81816260585997,35.935579078404814],[127.81388280234104,35.93150563249211],[127.8136438500774,35.92798974264965],[127.8109697937495,35.92514122531811],[127.80635893317438,35.924758207805745],[127.80702438701677,35.92265725793346],[127.80657329644602,35.91646373366682],[127.80908744696355,35.90886241782063],[127.8116920728252,35.90777738400589],[127.81468859122087,35.90183502027046],[127.8135119940162,35.90125844540716],[127.81090204068269,35.90344800585404],[127.80762321558545,35.90404789624806],[127.80438665062256,35.90334202036028],[127.8017868771178,35.90208750851177],[127.79794184912575,35.90375003720014],[127.79437006645786,35.903075051116886],[127.79327880572878,35.90813018193356],[127.79380537792773,35.90254773696253],[127.7998143749004,35.901775739480634],[127.7992460410284,35.90100271468733],[127.79842091615127,35.901404880171896],[127.7992389993711,35.90016070997862],[127.80206122910306,35.90041637629355],[127.80400890260026,35.89929002443145],[127.80416293883766,35.89814865120652],[127.80617731190546,35.89936486094971],[127.80571865339917,35.902194792129634],[127.8042651228354,35.90267606915484],[127.80501537243732,35.90333005530024],[127.80744868153359,35.90304535918393],[127.8072231765228,35.90030388989055],[127.80848960653154,35.90051322794535],[127.8083282062506,35.902382421823866],[127.81389862856878,35.89950593346251],[127.81488389987702,35.8969072357094],[127.81894567091845,35.89349787567622],[127.81818821741734,35.89196100454231],[127.81685319240569,35.89205565471346],[127.81834957778122,35.89161298433495],[127.81750315376681,35.89123527998733],[127.81863220990539,35.888910704507936],[127.81789946911856,35.88831441425946],[127.81873041904078,35.88856973722992],[127.82098893085075,35.88361527924254],[127.82128544809665,35.87430396318668],[127.82576335250846,35.87095737041488],[127.82746671827194,35.86855218277067],[127.82089493744479,35.86425558995791],[127.81940875747081,35.86252942765524],[127.81944398048017,35.85963665075016],[127.81729461101504,35.85914461636259],[127.81453540925811,35.85679306443897],[127.81435389278057,35.85388944003303],[127.80930980446732,35.85510152679916],[127.80622161328884,35.851594117509826],[127.80347657202415,35.847410883045725],[127.80361907233217,35.835192091386276],[127.8024940209942,35.83459847813438],[127.80414654435127,35.83209683635046],[127.8025066623542,35.83386937081848],[127.80285453574787,35.832273748421464],[127.7991197237287,35.833069792679694],[127.79958172784382,35.832213153706554],[127.79843307282997,35.83097038173521],[127.79412237242204,35.82990681667624],[127.7933508967268,35.828034914217966],[127.79199493378123,35.82797021086571],[127.79241862654692,35.82494308553047],[127.78997083192756,35.824890496358776],[127.7907104436057,35.82280651073532],[127.78896274902817,35.82247478505158],[127.78982772657962,35.82111709327001],[127.78777996348178,35.82070566642454],[127.78903447228633,35.818488273118604],[127.79043541499715,35.818206105203835],[127.78958617786289,35.816628940619296],[127.78588813102581,35.81883157681105],[127.78356923689952,35.81654702035597],[127.78328467746782,35.81987936290166],[127.78163726060275,35.819891511119685],[127.78103676191945,35.81843388176979],[127.77918566263753,35.82017019335061],[127.77774128775356,35.819852477369594],[127.77698209772879,35.82234395149134],[127.77795664337799,35.82283117356888],[127.77666558191842,35.8235359769818],[127.77276793594136,35.82199210149848],[127.7714751114963,35.82419046618302],[127.77278636081284,35.82612523988666],[127.77027293852468,35.824631202653876],[127.76983977374019,35.82146939648562],[127.76857510146083,35.82041348359663],[127.76541318160626,35.81947191823106],[127.76399508297808,35.819765352229766],[127.76211370851267,35.82189678048789],[127.7601670378107,35.8214445913151],[127.75911381358932,35.81905885992941],[127.76471791105502,35.815041377185715],[127.76170020921933,35.81092877195955],[127.7569289058737,35.81002286782753],[127.75811062150771,35.8081641267755],[127.76034979308442,35.807381440018275],[127.76024650287111,35.80575780792967],[127.75790690703181,35.806224065742164],[127.75486391266503,35.80845389510821],[127.75276226580216,35.807800947391954],[127.75299598014304,35.806855174508776],[127.75163415521345,35.8069135187435],[127.75244662289423,35.80520430487172],[127.75084620429585,35.80575936023967],[127.74918268355508,35.80507405422989],[127.74971372691441,35.802914819817744],[127.7485686786813,35.80337381801873],[127.74784758499516,35.80233268945059],[127.74610954218501,35.804000380528095],[127.74485759700771,35.8028933933385],[127.74365326295526,35.803892553894265],[127.7410406597585,35.80331735143068],[127.74241906827085,35.801535596904735],[127.74193762016668,35.80020140209455],[127.74343638345155,35.79948640874017],[127.74046993562415,35.797872989718634],[127.74017403463297,35.79897467729356],[127.73778879705988,35.799377919655136],[127.7375074318874,35.80058450090867],[127.7361634152645,35.799191212317226],[127.73474084370517,35.80156800475359],[127.7376370946146,35.79432571299891],[127.74000030642573,35.793280024247416],[127.73795660045954,35.790673392161644],[127.73980121311816,35.78996848634105],[127.74205796804577,35.790961292071],[127.74514449417859,35.79055083611776],[127.74581498207895,35.78884921155007],[127.74455924015054,35.78727206587958],[127.7450299509975,35.7857707586326],[127.74277592560513,35.785608485014315],[127.74221128690922,35.7834161902558],[127.74308465787209,35.78307527789959],[127.74199338113995,35.781136683218506],[127.73692601554212,35.781993223148895],[127.73795026681762,35.779244128421134],[127.73470852879343,35.777449926548705],[127.73383671458595,35.778813765663344],[127.73251854110785,35.77818983775776],[127.73119611633837,35.779507817642205],[127.7236016680841,35.77598971171703],[127.72192802390056,35.77622850004317],[127.72337718550686,35.77796808607575],[127.72153920631006,35.777093748661706],[127.72090904676769,35.77774605326655],[127.72064762159467,35.77681591794507],[127.72006975037917,35.777453391964485],[127.71937381311822,35.776535492500095],[127.71861162423625,35.77701967475934],[127.71703994038997,35.7753886008013],[127.7153467177421,35.777029960577494],[127.71271868273443,35.77432752001044],[127.71043048467546,35.765661447228155],[127.70904736223146,35.76501295626213],[127.71067532164656,35.76196266878415],[127.70861807323868,35.76243666357764],[127.7066513107636,35.76133878193779],[127.70343392732255,35.76139272224643],[127.70517438080316,35.759518720577695],[127.70707256043966,35.76000724978981],[127.7060421711433,35.758919903157896],[127.70633710997834,35.75765860044083],[127.70429791452925,35.75614003781212],[127.7064562571082,35.755497529454125],[127.70487087916688,35.754847462429005],[127.7056317568122,35.754316503809385],[127.70497428351611,35.753731928824465],[127.70656739220507,35.753418971940704],[127.705728813678,35.751892491289475],[127.7066259253214,35.750942553458486],[127.70612280497443,35.74985036415099],[127.70126659880383,35.74793261774179],[127.69445672028966,35.750440977751026],[127.69390164279083,35.748775197770286],[127.6933118258168,35.7502926172736],[127.69266922663888,35.7496467038337],[127.69301636132133,35.75042835729091],[127.69086461717092,35.74970493097198],[127.69020746840013,35.7503087446393],[127.69009132330025,35.74939067965182],[127.68872609631144,35.74902311887381],[127.68648368536796,35.74963127063288],[127.68681420582043,35.751005769456725],[127.68566227769188,35.75113399442203],[127.68500077888862,35.74945080336519],[127.68423931067947,35.75082916662721],[127.68343130570658,35.75011194251083],[127.68271163876335,35.75106719317846],[127.68192598278819,35.749818008425436],[127.6813091315152,35.75115155270798],[127.67987627128797,35.75085132637377],[127.67878640942678,35.752238445484814],[127.67822349312856,35.75077023957618],[127.67756898198185,35.75169841811963],[127.67639738029233,35.750861521328126],[127.67648393832246,35.75184231168036],[127.67495413305997,35.751674781549156],[127.67458851083632,35.75264647779851],[127.67242163799928,35.75118820151062],[127.67167883425545,35.7521304486214],[127.67165515690343,35.74963593226202],[127.67050112151787,35.752737943820556],[127.66975837234729,35.75157361803951],[127.66833844287116,35.75250130902613],[127.6682166924013,35.750656052108724],[127.6664436406978,35.75211660145282],[127.66612332480443,35.75011976837488],[127.66149663476115,35.74920373590543],[127.66331563376829,35.75465852032209],[127.66283166969164,35.75802749603896],[127.66042870599165,35.75796931385473],[127.66057764910522,35.759364346489555],[127.65790609391192,35.75857882950664],[127.65737056080795,35.75998841357367],[127.6580688372001,35.76151059312777],[127.65641566813372,35.7617570829202],[127.6570091829123,35.76282921527294],[127.65471437600274,35.76385478915798],[127.65753187687076,35.764350911035685],[127.65548024643509,35.76642268927767],[127.65647713720402,35.76997005888267],[127.65408445801874,35.76851701258172],[127.65314244738894,35.76997447411371],[127.64804227441631,35.77103540311192],[127.65029059449355,35.77403830650344],[127.65369450170704,35.77532454940684],[127.65901517490923,35.7823302323558],[127.6623851509928,35.79035627765255],[127.67076034172526,35.79729386987922],[127.67305561119869,35.8003839501539],[127.67070426892815,35.80613092526359],[127.67003099034689,35.81225467628077],[127.66921552488022,35.81372253748764],[127.66597901570985,35.815110963929804],[127.66330374291924,35.81841755787194],[127.66954751590308,35.82199955051045],[127.67735395563288,35.83084299975518],[127.68886121746021,35.83081140088361],[127.6929421593381,35.83222473782832],[127.69191738962677,35.833955677032364],[127.69432744346281,35.83372713505657],[127.69473026526134,35.83826651983606],[127.69762753858141,35.839634689755464],[127.69970542919992,35.83872460368214],[127.69832109580413,35.83979023314287],[127.69564023841482,35.839201824072845],[127.69538936008314,35.84008177499207],[127.69654307852483,35.84140917285522],[127.700518045057,35.842846741036304],[127.70010420497167,35.844864541705725],[127.69783839353316,35.84465370117207],[127.6955989655352,35.84260930117594],[127.69521745462667,35.842590649694046],[127.69531042360086,35.842959608527565],[127.69483329431817,35.84306117326808],[127.69501540205441,35.84207380652391],[127.69563396520728,35.84209486578123],[127.69436648103901,35.83888647079598],[127.69379939315341,35.84016149307906],[127.69223633125117,35.84026946069431],[127.69253918101444,35.841624450911],[127.69175493802771,35.842208999399524],[127.69092143480047,35.84076573102075],[127.68951051301677,35.84203219725353],[127.68915384889567,35.84126264061854],[127.68551528824102,35.840747069945934],[127.68290618867563,35.8424176405654],[127.68610847479272,35.84200148942575],[127.69430374013145,35.84572833559862],[127.69755761205771,35.848451975089155],[127.698759976849,35.84823691024632],[127.69911732579877,35.84949124022944],[127.70032479363802,35.848973225966766],[127.70002533558215,35.85028292223864],[127.7016328921315,35.85067461229272],[127.70050897237466,35.85150641132151],[127.70069188220329,35.852455963436],[127.70351030541521,35.85275685344291],[127.70163907917916,35.85452615786207],[127.70383653069563,35.85535399982144],[127.70219084348568,35.85739695935544],[127.70371674159902,35.8588303759867],[127.70558608946438,35.858708044073516],[127.70469986821884,35.859861758720676],[127.70839521334248,35.861887390389136],[127.70921811704012,35.86082549748262],[127.71007717846324,35.863132261345186],[127.71217173554814,35.86238142366753],[127.71323023339332,35.8644945730043],[127.71699900248005,35.864133686454046],[127.71892765528487,35.866063299594686],[127.72007797168256,35.86517767400475],[127.71940600481835,35.86616249561141],[127.71611099481652,35.86728388992897],[127.71701806117025,35.86881580064451],[127.71597256018826,35.87259491375546],[127.71223639968998,35.87413663105615],[127.7117782485551,35.876618386276554],[127.71061342838988,35.87714761792596],[127.71394203660043,35.87814278172575],[127.71195809968292,35.878237678018],[127.7126748345303,35.87995288329515],[127.71158911157215,35.88120119326472],[127.71252869270859,35.881877049566626],[127.71006974865027,35.88291976971094],[127.71200682854573,35.88481123646628],[127.70968927259332,35.88525977869713],[127.71101308928449,35.88696326428536],[127.70571807488095,35.88895257474977],[127.70257054871027,35.89214545664085],[127.70481281252927,35.89602959423876],[127.70061074638485,35.898937138744714],[127.70056910572464,35.90611732231149],[127.70260677086021,35.91183710416006],[127.69911883570481,35.912729539762466],[127.69609610079206,35.91582877255931],[127.69262236093913,35.91415820270394],[127.6886640571113,35.91360275293514],[127.68940883485837,35.91490649345525],[127.68752347084127,35.91492079408585],[127.68861333946484,35.91649007626097],[127.68698459360473,35.917295613927635],[127.68655422306365,35.91873581075944],[127.68755946898517,35.920273917090384],[127.69155252853369,35.921686495892814],[127.68797859673322,35.92183307244694],[127.68827571249284,35.9234429343059],[127.68715094169757,35.92256463616281],[127.6862536762031,35.92307588171342],[127.68698116307523,35.92429369243015],[127.68376343743564,35.923032740309786],[127.68589541564053,35.92435630387332],[127.68538022779082,35.92501658787886],[127.68684799978367,35.92564402889547],[127.68566660673163,35.925966076911735],[127.68725410696725,35.92673678079239],[127.68492505372275,35.926510067163285],[127.6855960142978,35.92773739972516],[127.68458111065607,35.92837327631166],[127.68350018521639,35.927684031937225],[127.68186957081342,35.929049121245],[127.68168267876386,35.92787643303103],[127.68103656189412,35.92891117633879],[127.68013090242158,35.92784366953814],[127.68096709490719,35.930414351483776],[127.6792574407967,35.9308839084128],[127.68221184314048,35.93084457108111],[127.68346177117886,35.93281835454699],[127.67873535947516,35.93416413409499],[127.6793023993429,35.93482657427285],[127.67804938469253,35.93522657360867],[127.67852169977162,35.93606033103572],[127.67697292348727,35.935851952516074],[127.67775008758608,35.93717984712688],[127.67638681462952,35.936881826308706],[127.67590662713502,35.93912405078893],[127.67351366833479,35.93985745296359],[127.67631477096089,35.94107829885228],[127.67663110696,35.942204123715904],[127.67569225087054,35.94220837233416],[127.67758139802474,35.94478896197492],[127.67721799445181,35.94661209537756],[127.67810018716963,35.94649195116842],[127.67778000598737,35.94728646535294],[127.68001587071069,35.94913188265412],[127.67966099446116,35.950910724973134],[127.67819450126728,35.951040576085],[127.67903968627374,35.95207166579486],[127.67735754600933,35.95243082155945],[127.67657806741857,35.95417004785334],[127.67843857528102,35.95419877040796],[127.67800093208153,35.95610505550026],[127.67892374453196,35.95690030914511],[127.6782883246699,35.95755700432641],[127.67945542908187,35.957971915047544],[127.67676468284614,35.95851474606085],[127.67895903649686,35.95921578045201],[127.67735984053714,35.96012961634176],[127.67897816409146,35.960235486459865],[127.67923179038037,35.962713474162484],[127.67759859177015,35.96358649985052],[127.67980912209858,35.96407492007603],[127.6800757715529,35.965154958788325],[127.67965654198647,35.96618317971196],[127.67778539280012,35.96657096833167],[127.6796982459589,35.96826438204699],[127.67870484752748,35.96986449373317],[127.68237737497026,35.972700577020106],[127.68347043249757,35.97479517922338],[127.68277760765989,35.976371513788756],[127.6847893201984,35.978983143546714],[127.68269205301968,35.98131616993465],[127.68421777172246,35.98220555437617],[127.68443444201132,35.983706424540934],[127.68155223264623,35.985648355193966],[127.68311662766321,35.98815106039062],[127.68256789454807,35.989424172184464],[127.68392732726662,35.99114928156648],[127.68889919517656,35.99137496361597],[127.68891460513585,35.98934531830541],[127.69266897331929,35.98647880321048],[127.69152764322955,35.98354295791541],[127.69226966907277,35.98341400565222],[127.69285944216917,35.98481322407111],[127.69461848067854,35.98293608415427],[127.69467709061054,35.98103898572475],[127.69562934347339,35.98307967749783],[127.69753305765683,35.9816497849185],[127.69694597040764,35.98045205575419],[127.69887851630948,35.97782729455616],[127.70056070182068,35.9779497762699],[127.70074199772667,35.9774260539819],[127.69917076686733,35.97695494263788],[127.70047685549193,35.97612240288261],[127.69991271599207,35.97530089959485],[127.702518192553,35.97375815297039],[127.70225215876528,35.97264770288358],[127.70443436434854,35.97228445822196],[127.70302712399844,35.97025415432017],[127.70583503018628,35.97149453546616],[127.70676002169542,35.97092512381476],[127.70744997618175,35.96915271179067],[127.7057759588404,35.968073101114776],[127.70707126502501,35.967690650784476],[127.70501566319352,35.96502072787847],[127.70881990926972,35.963506034627585],[127.70857111708305,35.96192289881464],[127.71002871429656,35.962853094455234],[127.71185329722432,35.96126041082727],[127.71120077235283,35.95991650960336],[127.71341980442638,35.95958740148591],[127.71273277826215,35.95876610880927],[127.71354331265943,35.95862660736421],[127.713623429332,35.95634317895007],[127.71485172417049,35.954911699668365],[127.70988767202829,35.95427534896944],[127.71366250220959,35.95334461263779],[127.71227492059506,35.95130690459826],[127.71383730985494,35.94638242212831],[127.71294795051523,35.945671862495345],[127.71363128998557,35.945523201729486],[127.7131267955248,35.944016749829466],[127.71183208997117,35.943790787481795],[127.71301674015392,35.94359106433511],[127.71251399837651,35.94297902747708],[127.7142439487977,35.94067487329252],[127.71282740895145,35.94028484520623],[127.71351128521997,35.939963792772616],[127.71210753696916,35.93689734883301],[127.70982155654916,35.93636349693615],[127.71121660342592,35.93364025397931],[127.70919907394332,35.93395153078727],[127.71034736336088,35.93281879335099],[127.70831917851511,35.93299161118343],[127.70907896580765,35.93216730764935],[127.70835373171569,35.931236657962785],[127.70608480457093,35.932344992446396],[127.70614758063743,35.930779883635736],[127.70459160560759,35.931905364676396],[127.7055067799715,35.93054647262913],[127.70508747679577,35.930281233305415],[127.70315602850948,35.93185268843692],[127.70243805682748,35.93436629376502],[127.70309980462258,35.930347876439775],[127.70200908305688,35.93019985837739],[127.70157366757375,35.92879536402146],[127.69870808795264,35.92675066668145],[127.6977654224335,35.928845827295106],[127.69642598900886,35.928935436711534],[127.69846504779275,35.92678817164613],[127.6977626603339,35.92631520547221],[127.69946434845255,35.92422046448803],[127.69976243322024,35.920785737504694],[127.70171044351956,35.92192896162335],[127.69990689452673,35.9243740900624],[127.70192286917228,35.92623575817454],[127.70410923517376,35.92401876945502],[127.7028291715246,35.926194178305984],[127.70442241426414,35.926804745035625],[127.70464609319173,35.92596239184051],[127.70510016773885,35.92676349150362],[127.70578669743693,35.926988528487016],[127.70661389084066,35.92614579307094],[127.70656700753388,35.92741982215669],[127.70812775178531,35.927368216594864],[127.7078800181509,35.92830164124411],[127.70830140152148,35.92898264777179],[127.70857329070252,35.92711116170496],[127.7078297243601,35.92645662262363],[127.70863152755996,35.926366764639546],[127.70952158005935,35.92903447491398],[127.71017258914813,35.927283291040936],[127.71233101734815,35.92666467837716],[127.71156680795303,35.92631050762817],[127.71200382885034,35.925459903660574],[127.71354983431289,35.926839014919445],[127.71196702859972,35.92876171188485],[127.71234000000825,35.93060089740571],[127.71128757410098,35.93070058022826],[127.71258354039475,35.93077584985507],[127.71459133202791,35.928837941547556],[127.71630531168374,35.92263079996015],[127.7178528299224,35.92370878707153],[127.71728727420873,35.92846077402124],[127.719872179817,35.92798045528342],[127.72125211865989,35.92441174659202],[127.72375623456819,35.92209861402784],[127.7233779791626,35.92025091515066],[127.72433595972456,35.91790651004686],[127.72733212888241,35.913811028061914],[127.72820053607784,35.91342993144469],[127.72477382345237,35.91862880363168],[127.72568027067379,35.91946874485076],[127.72450147104672,35.9202317451853],[127.72385757653598,35.92263424651965],[127.72960713638149,35.92131767930916],[127.72457624610966,35.923936784034005],[127.72709008251803,35.926141016432226],[127.72519157320419,35.92496391520545],[127.72232749687433,35.92495937196296],[127.72157588286709,35.926460686121956],[127.72220623303379,35.92644505271314],[127.7202124804331,35.927805110985375],[127.72111444258105,35.93066470706891],[127.71978759896915,35.92955862172825],[127.71738661080933,35.931383111998244],[127.72058315941244,35.93405308650244],[127.72268531363251,35.93302740341888],[127.72818460811398,35.934773854262545],[127.73077882625618,35.93734866353975],[127.73345475007666,35.936386462205256],[127.7348174867368,35.937372544958905],[127.73607391029171,35.93583595222472],[127.73798702322553,35.93616867505444],[127.73864067006426,35.93835812756573],[127.7378102254232,35.93986762035303],[127.73917989410155,35.94101492704426],[127.73698691798903,35.94302384961471],[127.73803930598524,35.94506423147781],[127.73647183502874,35.94558915411922],[127.73574585011124,35.94706906285243],[127.73298502961615,35.9473816970691],[127.73663680576297,35.94925625822274],[127.73613619767593,35.95317454879124],[127.73772580754877,35.95445804770133],[127.73444934117138,35.95913988760958],[127.73683884554052,35.95845188554694],[127.73744729018826,35.959312326953565],[127.73662596649132,35.96031229738976],[127.73769773417666,35.96109572853857],[127.73653572779148,35.96162744591782],[127.73835153008197,35.96258682387484],[127.73565203060531,35.96373700110391],[127.73598144165454,35.96474893597398],[127.7336229248834,35.965188449817234],[127.7341342927908,35.96631472526678],[127.73319720190175,35.967047538888124],[127.73370187566736,35.96788024161218],[127.73560115202652,35.9675817836204],[127.7365719213201,35.96895315847252],[127.74115300517525,35.96629401924383],[127.74100515941055,35.96820026625776],[127.74273888109123,35.9686707258886],[127.74136570469504,35.97081686781537],[127.74272681393248,35.97316729089991],[127.73730599154037,35.9754216828294],[127.73892892161714,35.97649379932109],[127.73855533223676,35.97715541947752],[127.74011948579648,35.97839902055655],[127.73934386048555,35.97876283390444],[127.73979638607283,35.980088169767185],[127.7419134418078,35.981146287336465],[127.74388584209115,35.98533193025352],[127.74943954794735,35.98124016149792],[127.74996640618949,35.979257267109496],[127.75226757230476,35.979272305611794],[127.76623681985882,35.98746459198946],[127.76958832516081,35.98627057047797],[127.78169222169758,35.98817542534206],[127.78273704024176,35.99141938704983],[127.78983095652305,35.992583086841606],[127.79138720591385,35.99211045495709],[127.78906052298164,35.988658660940125],[127.78761016264141,35.98914235472443],[127.78861598446046,35.98813184847553],[127.78807198747803,35.98714052674102],[127.78196797814157,35.98594484503308],[127.78301183681135,35.98474226317843],[127.78249186942841,35.98305875443416],[127.78399597131583,35.98191107292782],[127.79056926474038,35.98606966164246],[127.79086191806967,35.98470071014714],[127.79247844374389,35.98500551215696],[127.79474117121735,35.98319630433512],[127.79282407912021,35.985388379816925],[127.79626043546553,35.98561061225997],[127.79466160932975,35.98790444447737],[127.79668962212769,35.98801241163757],[127.79562895455263,35.989659085085925],[127.7976889218687,35.99193723355259],[127.79578129728898,35.99622632170136]],[[127.778081036299,35.972663368701895],[127.77363696526574,35.96962579169346],[127.76776650616435,35.972243109640814],[127.76911614950748,35.970561379233736],[127.76745172277461,35.97078679529826],[127.76754085502274,35.969936153669835],[127.76903363775202,35.97001301696879],[127.7700720334452,35.96896880000558],[127.76884651141407,35.96875103306798],[127.76833091374525,35.96668041631269],[127.76983887848863,35.9653766003855],[127.77339274423164,35.968226919740616],[127.77470788642322,35.96726498839677],[127.77734046567271,35.96733007864019],[127.77568082091665,35.9689838327825],[127.778081036299,35.972663368701895]],[[127.76388929177284,35.93531534623663],[127.76329149178522,35.93441139487198],[127.76291184881873,35.935299407175194],[127.76205428872538,35.93404016252721],[127.76128336308935,35.93456276410366],[127.75794028463679,35.93295954793417],[127.75767215893352,35.9317849373402],[127.75659383957425,35.93251183041498],[127.76026206045533,35.92654759423406],[127.75949967746315,35.92554882699189],[127.75873961002605,35.92727323970938],[127.759283304809,35.92578348125038],[127.75774175335228,35.92299662441244],[127.75654710764348,35.922925611534225],[127.75642542532927,35.921703427957056],[127.7548770360904,35.92202110821118],[127.75645470898473,35.92081397012072],[127.75400310919647,35.92074789089341],[127.75658558947693,35.920490926573216],[127.75617218944427,35.919927265131435],[127.75741554182174,35.920743730636],[127.75818964025365,35.918925393373144],[127.75736981742739,35.92027689198617],[127.75596127672124,35.919211538586836],[127.75317283607797,35.91953737008475],[127.7557943745063,35.91808974471491],[127.75712887409583,35.918363217737166],[127.75563230910048,35.91787265052633],[127.75591858377047,35.91702816129591],[127.75171978745905,35.91813471263322],[127.75428266998337,35.91653432487733],[127.75324484536344,35.916439782801646],[127.75455810716566,35.916061414903396],[127.75384736902245,35.915379585343366],[127.75496229087722,35.91584821097113],[127.75771188036242,35.91862381963369],[127.75722836550283,35.91906790081999],[127.75827605597168,35.91875416717628],[127.75917367201389,35.915963795078795],[127.75944503938484,35.91190385237802],[127.7581623840131,35.911923216222874],[127.75666075637338,35.913855648978114],[127.75786776138017,35.914285042836944],[127.75875277190697,35.91572619558573],[127.75865420208538,35.91643747992744],[127.756650581978,35.91452080151178],[127.75601971997672,35.9155636713797],[127.75250570486384,35.91470497038288],[127.75416645939583,35.91325422934051],[127.7515213114002,35.91355598045969],[127.75283865538483,35.91283079937389],[127.75191473915089,35.9124999279094],[127.75329375882558,35.91260398042374],[127.75333908968074,35.91174554001275],[127.7559124876191,35.910792656682716],[127.75489340975292,35.90998534537564],[127.75382282220833,35.91136187227121],[127.75211050311921,35.91138677360497],[127.75393706232217,35.90979603917445],[127.75287440399012,35.90964033134729],[127.75255207714599,35.90879721338079],[127.75347066617003,35.90902949353939],[127.75240658343425,35.90768715625445],[127.75037035076969,35.90745660698019],[127.74778644006523,35.909142911098265],[127.74692057872704,35.90870085276997],[127.74834997840117,35.9079129494008],[127.74725895941695,35.90746339851548],[127.74872884338883,35.907833619418156],[127.7495307510036,35.90618041660594],[127.75083710252761,35.90720820355578],[127.75330570410011,35.90691323348087],[127.75172606261603,35.906126634754415],[127.75212913473742,35.904918151274565],[127.75315890552767,35.90612975973154],[127.7547909149048,35.905986958548674],[127.75456945121142,35.904624972917894],[127.75198075731977,35.903100140423916],[127.75044777167979,35.904104954551165],[127.75134775606874,35.9033331946289],[127.75099230039285,35.90228487253705],[127.75369902405842,35.903761050495234],[127.75520705076256,35.90218725182749],[127.75515472935903,35.903450826468486],[127.75630397968997,35.903530522143015],[127.75546590269475,35.903866164417366],[127.7556190701399,35.90446668403182],[127.75600985456109,35.90389977862535],[127.7568138258936,35.904965605377875],[127.75637062666648,35.90642096375011],[127.75752964277422,35.90656832330333],[127.7568564859544,35.90687384156513],[127.75717481245144,35.907807375192256],[127.75865857427009,35.90764855544152],[127.75741609742167,35.90694676531391],[127.7587107564395,35.90741901085314],[127.75906438983588,35.90717286597578],[127.75770447428653,35.90558748204031],[127.75962631272685,35.90616840985394],[127.75972412846644,35.90508984628465],[127.7611775553371,35.90487037935547],[127.76259833065834,35.905198240150945],[127.76264032830105,35.90626129708796],[127.76867858822884,35.905624856020424],[127.77841518780879,35.90822254684896],[127.77900708884779,35.90672166759366],[127.7762692785045,35.90505108168503],[127.77687614756637,35.90208384785424],[127.77625998214702,35.900801499925514],[127.77045820779514,35.899923117136964],[127.77397193499839,35.89931607341328],[127.77289930698778,35.898950467969065],[127.77339916781646,35.8982298149634],[127.77268796625326,35.8987972214589],[127.7723661416352,35.897656075189225],[127.77114968367505,35.89796304552331],[127.7696959253957,35.89684372235124],[127.76987436349793,35.896160782402646],[127.77264510745478,35.89631073985283],[127.77043891338924,35.896095868237715],[127.76984571066575,35.89530353782786],[127.77077105023369,35.89499795919788],[127.76972553868265,35.894517317791454],[127.77484628484945,35.895972210451575],[127.77780395551572,35.892947405057605],[127.77691709320543,35.896619801775906],[127.77743612140114,35.90480773542581],[127.77827574659226,35.90358951340833],[127.78434652358868,35.90359695432738],[127.7854024278916,35.90285717936267],[127.7851301824889,35.90137668138569],[127.7865865118877,35.90167956693289],[127.78774084231178,35.90055904905123],[127.79323166884988,35.901082827743764],[127.79209314171989,35.90316598132152],[127.7866745676517,35.90417083476236],[127.78699272337137,35.904950756898664],[127.7845298093772,35.90642421585732],[127.78524200127872,35.90680158589505],[127.78034047938698,35.91050638951446],[127.77566465345157,35.91016109665747],[127.77630831889552,35.911065569397515],[127.77503972997688,35.91159047115167],[127.77522775136522,35.91040922715541],[127.77215940462838,35.90951507681266],[127.77013294135776,35.91005813771618],[127.76568454073852,35.9071491320619],[127.76098521899284,35.9086794631797],[127.76051633904369,35.910907486603996],[127.76185496650733,35.91316434153872],[127.75949438028951,35.92233847279773],[127.76162926363584,35.9264138750629],[127.76052017052056,35.927850163543155],[127.76109856494807,35.92964623819227],[127.76008614369023,35.929733753571284],[127.76413706340233,35.934082076029355],[127.76388929177284,35.93531534623663]],[[127.7170799149211,35.90322260980433],[127.71595806709689,35.904098210093714],[127.7159618768641,35.90727752014124],[127.71697232236387,35.90988477025409],[127.7170383077473,35.908806284672984],[127.71750042533569,35.90857197074201],[127.717232786003,35.91052890109078],[127.71809000070287,35.91174223762686],[127.7199564462399,35.91180948547414],[127.71758528779327,35.91283740342201],[127.71766503688657,35.91416810002015],[127.71885863415177,35.91383675250999],[127.71902134129616,35.91657455611436],[127.72006470967777,35.91659153187474],[127.71897962366579,35.917343166001615],[127.72003123322172,35.917704294950255],[127.7184764186285,35.91866959259626],[127.71735763421611,35.91780725967914],[127.7161582460505,35.91370237878285],[127.71495716668437,35.91369010956167],[127.71626544995853,35.91321925512628],[127.71404009124186,35.91284201931624],[127.71222699812917,35.91067582477264],[127.71589441993012,35.91276421173608],[127.71535225931765,35.90938728709536],[127.71597719767284,35.90842601549092],[127.71459005454997,35.90351412241893],[127.7170799149211,35.90322260980433]],[[127.68811958583846,35.97292640973375],[127.68951426075888,35.9735408824813],[127.68915728938637,35.97297481039107],[127.68961312980667,35.9729051470416],[127.6884187770591,35.972473640877446],[127.68864241426485,35.97123343569771],[127.69015372812623,35.97175687604125],[127.69049769074414,35.97365132106974],[127.69081688381077,35.97163396418573],[127.69215216288586,35.97231273902977],[127.69178618366747,35.97699551071795],[127.690453418078,35.97741337487768],[127.69076621604611,35.976931205964426],[127.6905679088961,35.976913563736986],[127.69042723009754,35.976528031409885],[127.68992510387112,35.976213359474905],[127.69004606255213,35.976737840685956],[127.6894048860911,35.9768151563],[127.68966421029073,35.97485092147747],[127.68811958583846,35.97292640973375]],[[127.69984764276501,35.977398719942784],[127.6995524461196,35.97751782934394],[127.69950576983199,35.97740094354157],[127.69984764276501,35.977398719942784]],[[127.68285820460257,35.985408542712385],[127.68428457537732,35.98641911604748],[127.68602550682887,35.98599322459152],[127.68570266993098,35.9867430741505],[127.68723046598565,35.98790628927548],[127.68547466550945,35.98849830421771],[127.68602437140483,35.98790670622749],[127.68406092260845,35.987572116800784],[127.684626893103,35.98713638602042],[127.68285820460257,35.985408542712385]]]]}},{"type":"Feature","properties":{"id":"juwangsan","name":"주왕산국립공원","year":1976},"geometry":{"type":"Polygon","coordinates":[[[129.19489975658541,36.46373435967596],[129.19728186971275,36.46324620389893],[129.19807357306092,36.46209755324611],[129.20014447874385,36.46368414649644],[129.20003145275803,36.46217237098619],[129.2014728469256,36.46111187513569],[129.20694501524778,36.4590659221122],[129.20804872110836,36.45960606517955],[129.21057189901276,36.456917981344894],[129.2097369851834,36.45570408280365],[129.21132519519432,36.45651439496252],[129.21090184871812,36.45583135184175],[129.21380735967517,36.455565183234725],[129.2143205767866,36.45378965294122],[129.2153046076334,36.45426718444057],[129.21525014609665,36.45574617160108],[129.21694863467812,36.45504970466659],[129.21628446138405,36.454198961281485],[129.21937754621214,36.45428934158537],[129.22009071236425,36.45261329962015],[129.2213051886621,36.45272584044056],[129.22189696435058,36.45424564188484],[129.22247694858402,36.450035532208936],[129.2203183971917,36.447244312539574],[129.21717789616787,36.44739887403813],[129.21654904796884,36.44597347225974],[129.21768054497326,36.44566135318297],[129.21881108856704,36.44300336535873],[129.22145086200803,36.442443143488774],[129.22163533366034,36.44130385218325],[129.22684365168075,36.44239458993088],[129.22611422954566,36.44022581444274],[129.22428578989172,36.43905669988946],[129.22561263202945,36.43870506426527],[129.22828234577057,36.44082109257847],[129.22911376693506,36.440705586296936],[129.2289566069162,36.43986199681366],[129.23065663481555,36.44034182505421],[129.229330250915,36.438882409222224],[129.2301077290561,36.43844736913983],[129.22961446449676,36.437679556777155],[129.22796932369164,36.43719491341405],[129.22771604564915,36.43473051291582],[129.22492621890822,36.43223046250398],[129.22829907684152,36.4298362501274],[129.23265831909603,36.42880419377718],[129.23135767281275,36.4271609239515],[129.23011616426007,36.42707904360544],[129.23200401988703,36.4255521729506],[129.2325914935047,36.424648776501925],[129.23117956350947,36.424286551806425],[129.23272522148633,36.42445136006089],[129.23425996362153,36.42088536973006],[129.23399203841456,36.41962729748179],[129.2294564774155,36.416181149457636],[129.22884041676147,36.4116465070313],[129.231859358587,36.409358686668504],[129.233122036124,36.406498830273556],[129.23516301949292,36.408352299974936],[129.23847550771578,36.4077884711353],[129.2401366432392,36.40414931616629],[129.23880689618423,36.403957936057054],[129.23896587140376,36.40309477285728],[129.23729681426659,36.40175131579928],[129.2380320221532,36.40187564636665],[129.23821452869277,36.400191421604866],[129.24043141558653,36.40217796692548],[129.24029790577734,36.40087145399009],[129.24223416321138,36.40100727332204],[129.24213760855338,36.399684977923535],[129.24322690606905,36.39962797617419],[129.24422490050472,36.397989282551215],[129.2438042287183,36.392882155233536],[129.2413222600503,36.39464120436028],[129.241991297211,36.392934716384424],[129.2407421346894,36.39273947367912],[129.24396318850972,36.39234388165638],[129.24348086389688,36.389782734416386],[129.2409399118633,36.388220687483155],[129.24265210119802,36.38678204530842],[129.24090237849475,36.38611548728602],[129.24201756735363,36.38540490518806],[129.2410135455356,36.384249601280814],[129.24301053147994,36.382691921398994],[129.23999771469462,36.381425524924275],[129.2394335913439,36.3808835690712],[129.24069231852752,36.381080007270945],[129.24121471874213,36.379095639180065],[129.24230320006322,36.37901694330688],[129.24131989390042,36.37832420095297],[129.24150302151628,36.37668636667292],[129.2428444586836,36.376556115831434],[129.2420559856803,36.37586775473418],[129.24323431796876,36.3746395087534],[129.2405906647892,36.3750495082623],[129.2422998878644,36.373762748972105],[129.23961865916283,36.37246311469346],[129.24546293161976,36.37399626546706],[129.2494712614016,36.37323039134301],[129.24291813213532,36.371293196374424],[129.24321663767867,36.36965748429549],[129.24043086570055,36.36982697936477],[129.24141792573622,36.36886917630634],[129.23876833207535,36.36823888907943],[129.2423675028293,36.366778833494884],[129.23995286073566,36.36575352588539],[129.23754712891687,36.36627450265385],[129.2355640651401,36.369782781836435],[129.23405998225445,36.36919476565845],[129.23372081045943,36.36768257018768],[129.22932403671197,36.36725966185105],[129.22777469982415,36.36596702227103],[129.2250511140123,36.366720113875914],[129.2252573874697,36.36591796918793],[129.22173915065378,36.36413398907518],[129.22443591002968,36.36375781721054],[129.22447359708764,36.36226039741228],[129.2258834993583,36.36253796233795],[129.22678610852552,36.36042104139661],[129.22534129316895,36.35779150487736],[129.22794614399143,36.35575933637568],[129.22785440512277,36.35450192235298],[129.23052616791398,36.3540970186229],[129.22823773506,36.35009069679124],[129.2261449355778,36.34918801576732],[129.229424453345,36.34917588589449],[129.2288323117962,36.34869524219211],[129.23392808687169,36.347436117651355],[129.23496491890015,36.348516792644276],[129.2359799257946,36.34820193631402],[129.23396305505895,36.34586578999541],[129.22639462774077,36.34587985450525],[129.2267291881143,36.344505315671505],[129.22293136336728,36.343968891748865],[129.2241040465216,36.34289740900701],[129.22256334230028,36.34271440016819],[129.2220984322913,36.341039079649384],[129.21852127762133,36.340297375327694],[129.21919017876502,36.33931274545041],[129.21748855673525,36.33912180014501],[129.21952596780696,36.337024560199744],[129.21701498728248,36.33760699099988],[129.21663997417258,36.336355031314454],[129.22101847431324,36.3328289530796],[129.21756574594664,36.331292818941925],[129.21475186286656,36.33168178267136],[129.2130437531124,36.334136297067275],[129.2148694593354,36.334113865349764],[129.21353359173716,36.33524177565162],[129.21441290785623,36.33525010735016],[129.21347203036746,36.336951369468984],[129.2143413771483,36.33850437865599],[129.21586346445366,36.338480994741985],[129.21507868092226,36.340145887877775],[129.21768333882304,36.341084347299635],[129.21601935143508,36.34169882027934],[129.21626516697864,36.3463672281689],[129.2154929409606,36.3450337309815],[129.21518780834745,36.34595981921102],[129.21271240293623,36.34637428993607],[129.21263736518375,36.34824754014024],[129.21177418479854,36.347076887379124],[129.21002697247434,36.34763175538344],[129.21159703844273,36.345841021632395],[129.21421014611033,36.34537935050615],[129.2156112990823,36.343063976633495],[129.21318345405064,36.33922710576736],[129.21415049757405,36.33916136888237],[129.21300538649885,36.3367746557347],[129.21171726220604,36.337341803557855],[129.21139668558283,36.33611777619877],[129.20862250569607,36.33468399770108],[129.2043538967779,36.336935923017684],[129.20134073068593,36.34181094826985],[129.19872409208057,36.34329227217928],[129.1994960881095,36.340832055528324],[129.20103926422732,36.34030957480402],[129.20219565064218,36.3382564460807],[129.19632475785122,36.3376394877281],[129.1884890153906,36.339640453326986],[129.18617457054984,36.34227178505794],[129.18458201020113,36.34621181779602],[129.1852870289401,36.34696704278787],[129.18404385928994,36.347345308084556],[129.18456242341617,36.349893711561215],[129.18308290405454,36.34924007971356],[129.18139598188085,36.35140799135885],[129.1808858244704,36.35066782094623],[129.18008879499922,36.351899124354894],[129.17697947108783,36.35303413307907],[129.1770746572129,36.35379830425735],[129.17534818677635,36.35295049874379],[129.17565007865414,36.35538278539303],[129.17708212275087,36.35619146728425],[129.17238838289143,36.35563363368209],[129.17207478749418,36.35695233152924],[129.1760206844524,36.36161864496207],[129.1775096931686,36.36185048461957],[129.17803604222755,36.36056581976713],[129.1803374227919,36.3604433195924],[129.18201496467333,36.364685582217206],[129.18421012008537,36.36718625606973],[129.18241023612998,36.36849717688445],[129.1829704568036,36.36884121164684],[129.1830208030597,36.36903865370732],[129.17583212832875,36.36573193066366],[129.17418483539734,36.36572900377222],[129.17423444974213,36.3670796825394],[129.17316744993371,36.36771643851451],[129.173148400466,36.36534412224969],[129.16921489666072,36.365667515571396],[129.17074481635134,36.36770281763206],[129.16993750394758,36.36785047059975],[129.17135505260757,36.371270463259926],[129.1784082065671,36.37175748451362],[129.1797342487839,36.372637489100754],[129.1778334040577,36.375212061110574],[129.17617494704118,36.3747325430152],[129.17655442861997,36.37283933801019],[129.17470374455004,36.373311781967544],[129.17344475619905,36.37525385765434],[129.16951429408587,36.377559985305375],[129.1664341364171,36.37760963269975],[129.16573496362545,36.380220548116874],[129.16079501575635,36.38339146246554],[129.15674582365963,36.38005941004476],[129.15708109232662,36.37849540363126],[129.15463338639037,36.37729380092024],[129.1536836913868,36.37480639652245],[129.1521647986745,36.37398009171101],[129.14947364771987,36.373685474040634],[129.14954192278375,36.375331305730604],[129.15272686086917,36.376361067670885],[129.15109744835462,36.37723613657607],[129.14916461565318,36.376824111849125],[129.14972997296815,36.37820104866951],[129.14831634413204,36.37758732205156],[129.14594177186626,36.37915146656242],[129.1425906636883,36.37856342101953],[129.1456363285685,36.38039792870853],[129.1463578483819,36.38227405538654],[129.1487811153977,36.380174779604694],[129.15184637717286,36.38098607504646],[129.15249509007052,36.38269737207038],[129.15131002247813,36.38215452883536],[129.1511879910802,36.38353786855614],[129.1492525608006,36.38160577330552],[129.1497025867081,36.38343796021336],[129.1489664745849,36.38393182924505],[129.14638111009066,36.382589168445705],[129.14485569228947,36.38357961838105],[129.14425731338557,36.383098074018235],[129.14536876969706,36.38447014105443],[129.14505823357825,36.38558137698638],[129.14392120774534,36.38563177992728],[129.14305113321063,36.38344280119488],[129.13990146698504,36.384163615691584],[129.1412802629938,36.38517512302064],[129.14054874777386,36.387732782744536],[129.13795371824497,36.389166431083446],[129.14193207844076,36.391579199239125],[129.14237504323918,36.39029128616576],[129.14441566722732,36.39101127784452],[129.1465903188396,36.395399278583376],[129.14521912860485,36.39612953062719],[129.14541409703975,36.39348088050849],[129.1441455292592,36.393293400798385],[129.14503945347906,36.39412379179267],[129.14476905779281,36.39640652173009],[129.14368117750604,36.394070021627876],[129.14292299575948,36.3952809922709],[129.14152554069216,36.39469155399993],[129.14330462834457,36.39291933548525],[129.1414176376788,36.39233914518102],[129.1418161120373,36.393662115063194],[129.14042890189182,36.39449383831519],[129.13831358244292,36.392337694519114],[129.13500104891156,36.398627996512836],[129.13423109086494,36.40197581625883],[129.13851746082378,36.40722293861854],[129.13550310931103,36.410829154777204],[129.1335673783959,36.411158652506],[129.13301331916054,36.41384139375186],[129.13457410858064,36.4197975002481],[129.1344022163781,36.42315957254066],[129.13542548647567,36.424586595086915],[129.13229649839334,36.42304950178758],[129.13205714122842,36.424430508490865],[129.13375935423406,36.427373895819734],[129.13147543368675,36.424920780809366],[129.12821728538248,36.425897305801506],[129.1282618570839,36.42663161570387],[129.1260739614509,36.42653982825534],[129.12788097365086,36.42818501228058],[129.12783412741112,36.42953458025424],[129.12564412230103,36.42779647209543],[129.11992770807976,36.42824531892409],[129.1202465597515,36.43023348232296],[129.11832072026604,36.428818906364675],[129.11717997232736,36.42977230573603],[129.1123310829831,36.4283235750222],[129.11197703483418,36.429278254089176],[129.11455297649078,36.42986258932621],[129.11485362418338,36.43074358771042],[129.11154078379832,36.42980049991577],[129.1119299298487,36.43112660288698],[129.11089973243176,36.43129932169838],[129.1116209065231,36.43201906357221],[129.110595556575,36.431644860424214],[129.11293053198887,36.4327766996657],[129.11092228982554,36.4323457011028],[129.10909361119846,36.434011206370094],[129.11011282486228,36.43167830055559],[129.1100913272187,36.43122323523804],[129.10948867720512,36.43085306055661],[129.10798643705078,36.431776532298116],[129.10791737080027,36.43086939690348],[129.1045358235253,36.42911561452719],[129.1022214440573,36.42914145253135],[129.09723551747484,36.426653346650575],[129.09501611964438,36.42777597322638],[129.09217392711682,36.42749596033715],[129.09127968571792,36.43131442545818],[129.08758288957037,36.431800966711464],[129.08513637802145,36.43352102341976],[129.08245693745283,36.432550704158494],[129.08099364617794,36.43720487051314],[129.07791789216395,36.438548312295126],[129.07824865989514,36.44054248538181],[129.07934027733077,36.4392296480187],[129.08281254550272,36.4393883157047],[129.08351858599215,36.4379479940078],[129.08752340885215,36.43695953312484],[129.08710052087147,36.438313029098644],[129.08844696077247,36.4397297679376],[129.09183931337893,36.4397893315525],[129.08780552849632,36.44076565433947],[129.08446096469035,36.43899319698212],[129.08275784594062,36.440928348997986],[129.0811739635149,36.440990497283046],[129.08304656552076,36.442650108733346],[129.08206043010705,36.443173835612114],[129.08374126275314,36.444209770511556],[129.08531981539835,36.44375303223505],[129.08569964008564,36.44623598807564],[129.08702473725054,36.4444466661356],[129.08769776907138,36.44678919813704],[129.0904296593177,36.446064533883096],[129.09160789185648,36.44690230459285],[129.09247394084173,36.44600462001014],[129.0942942527566,36.44730177508557],[129.09546237740432,36.44701467318948],[129.09538034577818,36.44621452716076],[129.09708708730463,36.4469925038964],[129.09751348033322,36.444277970916474],[129.09902025358411,36.44392962900099],[129.09721710283068,36.440697783200335],[129.0977808987316,36.44033382276671],[129.09699133285991,36.440355901250804],[129.09601766415264,36.43981797106989],[129.09777809370468,36.44026890311344],[129.09799187150583,36.4381199907778],[129.09908655093648,36.437394200243524],[129.09971663960013,36.438584790838235],[129.10138977102764,36.43750737609355],[129.10356857312485,36.43764638571241],[129.10464017605761,36.43440049582148],[129.10567147303647,36.43645023211673],[129.10736540987864,36.43635618558575],[129.10745318313593,36.43761643359129],[129.10981855055226,36.43575203055152],[129.11192441353586,36.435746514993816],[129.11118992381842,36.437220116701376],[129.1123358598479,36.437952694371425],[129.11062971987454,36.43832191670817],[129.11830712784692,36.44078804184916],[129.1158538523624,36.4409599239244],[129.11873055292872,36.448400418010365],[129.11664081819418,36.44477994560693],[129.11308957943754,36.44314637247396],[129.1153431079038,36.44981699820881],[129.11733347075844,36.44924079582386],[129.1189529565963,36.45017536653296],[129.1176524947136,36.45227217401439],[129.11864203225454,36.453540707485715],[129.12079152648474,36.45032693896853],[129.12286897595902,36.45225935910046],[129.12996019328958,36.45518137199974],[129.13444030958772,36.455052282224685],[129.13863045801637,36.45691888331345],[129.14414455272606,36.45710604703635],[129.14687956222696,36.46014043037617],[129.14684170016594,36.46258891332767],[129.14771756934792,36.46271094587294],[129.15008059375833,36.46001985792375],[129.15480639663548,36.461374220227185],[129.1588065353785,36.460878069307654],[129.16200158438005,36.45784005724146],[129.17058081933308,36.45801234750422],[129.17214060948558,36.4595858272938],[129.17397846546808,36.45723084895063],[129.17319700994355,36.45600310957221],[129.1738741330107,36.453752130368],[129.17503251952462,36.45571072132124],[129.17738064621958,36.454596167254024],[129.17737115409454,36.45373224673714],[129.17775671621678,36.454550324563854],[129.17796825438123,36.45391470652089],[129.18009516173527,36.45447480823367],[129.18183883242003,36.45615132346216],[129.18074470764807,36.459370983534846],[129.1842535693515,36.45939308081452],[129.18547622845657,36.458204632599916],[129.19005682786897,36.45842987120508],[129.19135736571033,36.46129101846066],[129.193364576348,36.46159438979107],[129.1929742627047,36.463165009611075],[129.1948670280414,36.46242680916043],[129.19489975658541,36.46373435967596]],[[129.11915501986445,36.4490269432369],[129.1189758884406,36.44916990674857],[129.11893069709694,36.44869163815141],[129.11915501986445,36.4490269432369]],[[129.11888201610867,36.44865440965381],[129.11886684368335,36.44860727030293],[129.11889734930767,36.448651502212385],[129.11888201610867,36.44865440965381]]]}},{"type":"Feature","properties":{"id":"taeanhaean","name":"태안해안국립공원","year":1978},"geometry":{"type":"MultiPolygon","coordinates":[[[[126.33487541204083,36.50533662426054],[126.33623676641776,36.50475578232411],[126.33427583299797,36.50501366788457],[126.33487541204083,36.50533662426054]]],[[[126.29016956746784,36.67326939106831],[126.29125515455944,36.67077742221856],[126.28927808033794,36.67185382731699],[126.28800737500988,36.67067390077391],[126.29076654525021,36.669304246441534],[126.28923336218519,36.668182681399884],[126.28760153021244,36.670628018382565],[126.28910828452074,36.67192890111899],[126.288367726725,36.672512476257744],[126.29016956746784,36.67326939106831]]],[[[126.06714804346089,36.6733410076364],[126.06714674594829,36.67334053699937],[126.06714661501573,36.67334054137863],[126.06714804346089,36.6733410076364]]],[[[126.17444997376246,36.95836780209667],[126.19107251617446,36.935025525923876],[126.20854072569306,36.90564788982153],[126.22081105480797,36.907085202462426],[126.22094415928173,36.90081434063041],[126.21922805433056,36.900981527952034],[126.21962108042456,36.90027065022319],[126.21838915873126,36.899424572898326],[126.22033993325975,36.89836491275413],[126.22026556985071,36.89584378337139],[126.21654177418472,36.893063417209376],[126.21014940598859,36.89185586581434],[126.20223998151982,36.88532233423645],[126.20239120171838,36.889695475815294],[126.20352928653833,36.8904019284809],[126.20345266641847,36.8916844796042],[126.20494117602307,36.891011737367556],[126.20497259163618,36.8924149006074],[126.20680036354656,36.8911685636815],[126.20745552351029,36.89289291874687],[126.20665087851752,36.89347245781459],[126.20825876658525,36.89342994025679],[126.20689442824342,36.89442731647929],[126.20532921225103,36.894142541944454],[126.20617748593287,36.89807282196603],[126.20790058672107,36.89803714508747],[126.20795875475548,36.89658113968107],[126.21329616123684,36.89894994136077],[126.20953961530515,36.903142726909145],[126.2074352683184,36.90258514861344],[126.20549163064078,36.90480488819038],[126.2032861163392,36.90501427538575],[126.20197072838332,36.90288093842947],[126.20443248162117,36.90102221941073],[126.20549282562337,36.901467040364786],[126.2036032622474,36.89819081369205],[126.20422007549134,36.897898935788675],[126.20344877020518,36.89784428035291],[126.20334452125722,36.895059739959926],[126.19915955695525,36.89209257816091],[126.2012155793657,36.89092467544003],[126.20110070488398,36.889616019819655],[126.19769863600035,36.88547145763354],[126.19426821715608,36.88421119231824],[126.19868387410948,36.8851831711327],[126.2002737372996,36.88397110671227],[126.19834909839064,36.88164948817681],[126.19634763935444,36.88101090102253],[126.1956113643715,36.878836876623495],[126.19192668019576,36.87744913304517],[126.19306893785591,36.876020349296255],[126.19118213385036,36.8741717422957],[126.1914674794166,36.86757334525125],[126.19484664073403,36.86339305803891],[126.19358086692213,36.864299462440876],[126.19345963666723,36.86298674248278],[126.1946958408908,36.862622167698234],[126.19305505102633,36.8594786358036],[126.1934522928489,36.85872835657364],[126.19563736207711,36.85956303378585],[126.20620722585241,36.85220602809626],[126.20534906027919,36.85062418046873],[126.20573754654161,36.84852482923419],[126.20769969956274,36.8471566729804],[126.20604822174911,36.84532824890552],[126.203761176763,36.84510535294431],[126.20231646930279,36.8432746961357],[126.1994906636502,36.843261731107326],[126.19731236696052,36.84211291553115],[126.19382785019067,36.845033742049196],[126.19671930996685,36.84826524508656],[126.17266112014096,36.84081505534032],[126.15859614162233,36.84813251776977],[126.15949645254045,36.84700505765739],[126.15752726872881,36.84539329272769],[126.15779545681698,36.84359417111897],[126.15490145451572,36.84042970497657],[126.15749419704353,36.837198017797085],[126.15520006281348,36.8361745634531],[126.15447588749949,36.834480346256754],[126.15351346373593,36.835152244956866],[126.15384082368523,36.83620191458835],[126.15059279212365,36.8361634401755],[126.15453297373294,36.83431305431259],[126.15736527200447,36.83111459356169],[126.1570003962159,36.82976212895515],[126.15810495136701,36.83036784013359],[126.15697633134316,36.83215714418688],[126.15996370008257,36.83007255461761],[126.16108086406244,36.82720474202298],[126.16025521527985,36.82422024040334],[126.16113017611244,36.8191762628809],[126.16407767535628,36.8160931748315],[126.16331244315364,36.81273179766926],[126.1614379664091,36.81450512593072],[126.16302511215892,36.812344778270436],[126.15758956993662,36.80970107577138],[126.15756492412542,36.807257803679086],[126.15620127670559,36.807357842506015],[126.15755829028096,36.80644624586369],[126.16025863208097,36.79488043368875],[126.15717271752021,36.79431803831378],[126.15626001791948,36.78806342827615],[126.15270477479896,36.78362220949124],[126.1484159252855,36.783322747113935],[126.1481408516575,36.78395294376505],[126.15058772995465,36.78532925569837],[126.15099297039636,36.78720387613664],[126.14991933002949,36.78897444759658],[126.15074240082461,36.78843256213594],[126.15102129182829,36.79274740830595],[126.1494178905352,36.792606249868456],[126.14830913393759,36.7944122807493],[126.14932954800551,36.79591911586388],[126.15012156784215,36.7947257050073],[126.15037174798218,36.795519137689645],[126.15225007336696,36.79539826693937],[126.15145822934696,36.79574052588719],[126.1522914909738,36.796818616739664],[126.15167680664271,36.79729172573248],[126.14998688702462,36.79680974537768],[126.15070114406133,36.79793579747333],[126.15255800740218,36.79718821317953],[126.15340316924797,36.798182616897556],[126.15465184871393,36.79724476927429],[126.1554927921316,36.79787339869135],[126.15571869729446,36.80009179218556],[126.15649594024262,36.800229405692114],[126.15332329961407,36.80308480119236],[126.1555881541269,36.805694853028754],[126.15352395031223,36.80564898500817],[126.15306448817049,36.80464845039546],[126.14640971265204,36.8049207135526],[126.14458379700008,36.804074731874856],[126.1428305173672,36.80261800073044],[126.1431880619581,36.80199748707496],[126.14937796298808,36.800124729068045],[126.14815424654319,36.79820448203646],[126.14901568622018,36.79667941295539],[126.14788588692338,36.7969857952163],[126.14689382021116,36.7954257268322],[126.13472210349141,36.78724282532908],[126.13180805173405,36.78680082569435],[126.13066654782699,36.785885643872],[126.13253696609085,36.7857559780927],[126.1314348135101,36.78479129768688],[126.1328998570072,36.782382292554196],[126.1352542814022,36.7817427810597],[126.13904991988801,36.78326631253832],[126.13924651701586,36.782545757888656],[126.14070512899012,36.78276763354367],[126.14101828572107,36.780942095419796],[126.13953782073509,36.781777392075234],[126.1384151530746,36.78141114518113],[126.13850569767969,36.78082578505032],[126.14033924596103,36.781025037044564],[126.14252234516967,36.7797633145741],[126.1412723340343,36.778525552579424],[126.14107300653885,36.77896893724543],[126.14078521980245,36.77910554964433],[126.1407773437954,36.77806374508721],[126.13920103710242,36.77842881910238],[126.14007977027434,36.77736068336165],[126.13795492892065,36.77595893984374],[126.1363075320346,36.777935531672505],[126.13764685741825,36.77764678968255],[126.1362402553166,36.78113386354779],[126.12986236097143,36.78106029681586],[126.12654220849478,36.778898423910746],[126.12655841813996,36.77747224129635],[126.1313848171821,36.7751876721794],[126.13246235763391,36.77575198312428],[126.1337395306259,36.773816252411216],[126.12877458887775,36.769325075257896],[126.12298456210804,36.76966271820876],[126.12244665640358,36.768629468263654],[126.12450067759848,36.765517832921724],[126.122725974673,36.76711722111964],[126.12334800440824,36.76626700376314],[126.12221048183991,36.76578148939777],[126.12480063498356,36.76505848107666],[126.12569372981481,36.762795033180744],[126.12379521742916,36.7639837119882],[126.12547914691827,36.76273651872685],[126.12481940714994,36.7621175275606],[126.12361666366348,36.76225630174623],[126.12289121971567,36.76187844009695],[126.12466411032229,36.76193133715668],[126.12427278197067,36.76047545885239],[126.12545161156206,36.761189360063796],[126.12532149802806,36.75957867112359],[126.12749452009237,36.757878351814234],[126.12584864595865,36.75659778060229],[126.12749001962133,36.75607281205911],[126.1270301478026,36.75564268069861],[126.12522009637118,36.75617283463124],[126.12494823042252,36.758361083414975],[126.1242346230504,36.75736531903571],[126.12515078190624,36.75526876386819],[126.12395531230493,36.75436936874838],[126.12595080211271,36.75464040821057],[126.12634103038448,36.75356718795721],[126.12557123997578,36.74821704528672],[126.13610751609977,36.74769611239379],[126.13826250580404,36.74553989806403],[126.13815924442814,36.7437220032174],[126.13482804134296,36.74250031144785],[126.13621888531304,36.74199402924696],[126.13426285780565,36.73951683725852],[126.13609571798477,36.7403831015951],[126.13509861792366,36.73897049604263],[126.13340321946966,36.73846808627301],[126.13176741550751,36.73596793070557],[126.1316562300242,36.736538838077344],[126.13085039188728,36.736489026825936],[126.13099143053415,36.73510698207651],[126.128939876954,36.731997757130465],[126.12727295185141,36.731159436285324],[126.12836817205664,36.72975986180681],[126.12730895696419,36.72885132489118],[126.12724903411925,36.725728700445856],[126.12506246752503,36.724298148118535],[126.12478022137914,36.72061641670059],[126.129261047287,36.71752287458332],[126.13099411033097,36.71790980079105],[126.13093745059766,36.71871241829977],[126.13905611962556,36.72558543769803],[126.14181138557917,36.7251121761773],[126.14006738015306,36.723515644719456],[126.1383951555146,36.7236266097552],[126.13503593219137,36.72039859401792],[126.13801281629159,36.71761453835875],[126.14282263918486,36.72050175874025],[126.14392640990448,36.71217808032904],[126.14748784183718,36.703249892842656],[126.15026317132774,36.702713839760435],[126.15205429319818,36.69774814185147],[126.14712472526223,36.70194868823298],[126.13490963908164,36.687927809252265],[126.13456469727468,36.68634201456102],[126.1339824511635,36.68735202659367],[126.13102982711507,36.68758822746122],[126.12963282521014,36.686469680631646],[126.12927995764717,36.68403637076293],[126.1254323507334,36.68238890679613],[126.12593956006201,36.6798001551663],[126.1238329299106,36.678866406301815],[126.12401454738797,36.66946492384914],[126.13152845537954,36.66852181388342],[126.13950315499999,36.669163799464236],[126.17466537656473,36.674652266623475],[126.19299808344118,36.67360876165056],[126.19589697254379,36.67468170113818],[126.19906315955858,36.68026595685364],[126.19832700720909,36.6793478569564],[126.1974222762841,36.67978796660138],[126.19657570708486,36.6810454612105],[126.19796865274276,36.68187382246879],[126.19575355862104,36.68444892591732],[126.19034999203859,36.68711280170077],[126.18885304963045,36.68822322611434],[126.18867743742427,36.689735752534965],[126.18413193496505,36.692291719748944],[126.18578122898,36.69665538446441],[126.18790059777866,36.696509598587845],[126.19157662809043,36.695227891924326],[126.1937174793995,36.69624553514517],[126.19466824931796,36.6938305384454],[126.18942065156949,36.695866609390634],[126.187407909594,36.69399139950013],[126.18883824006323,36.6910714999184],[126.19100217333602,36.69113031258499],[126.18924163900398,36.68913712942821],[126.19030508587424,36.68803284007209],[126.19342988809927,36.68733530842076],[126.19626023891969,36.68536357019551],[126.19832318946712,36.686718056289976],[126.19931347257464,36.68591304088979],[126.20054123822261,36.68711577355196],[126.20441314631563,36.68731377404346],[126.20559149878811,36.686540917664715],[126.20668863266214,36.68826901839067],[126.21149431570885,36.68917043189244],[126.2094962729824,36.69208560920878],[126.2066821442522,36.6921534640434],[126.20705776000561,36.692669360052705],[126.21060001131353,36.69439624941335],[126.21319101435029,36.69441671164941],[126.21150838236144,36.697577880487465],[126.20881227817591,36.69713896005625],[126.20649109001324,36.699019796052184],[126.20552996849554,36.69834477922497],[126.20447857259838,36.69991678137231],[126.20813870445222,36.700384088407894],[126.20836307977447,36.701964735978066],[126.21137370723854,36.70176713909352],[126.21154646612364,36.7007381162926],[126.21300385623817,36.700620983698876],[126.21297533215285,36.70164227481454],[126.2153569676303,36.70243743933081],[126.22515538528933,36.70272168352736],[126.22616590662936,36.70242650200101],[126.22525463835866,36.70232743401314],[126.22624704968747,36.70109902788002],[126.22677439938052,36.702109215686384],[126.22910375278005,36.701626453373024],[126.22991489798704,36.70023027220929],[126.22927136063778,36.69918364194265],[126.23084593457658,36.698113586411765],[126.22918433078323,36.69857537361461],[126.22899874607283,36.697854841393806],[126.23051377248238,36.69753679327833],[126.23048708557502,36.6967427477822],[126.23106791383151,36.69612501115237],[126.23080790796072,36.6969905993161],[126.23196572061649,36.695943868241706],[126.26417945142187,36.69020000995436],[126.26382783755577,36.68748951850941],[126.26552427641549,36.685901533424975],[126.2679050140997,36.6854117058187],[126.2680156580973,36.683838540526665],[126.26711439876824,36.68311717731254],[126.2681007257078,36.68320078671239],[126.26790846640199,36.68119706453698],[126.26653600188709,36.67872897013613],[126.265768528714,36.673474241606264],[126.26719940269804,36.67252646969798],[126.26775218889446,36.67000108760283],[126.26926193016563,36.66828630232932],[126.27220035074484,36.66855766261786],[126.27523862138683,36.6717616336149],[126.28019843091143,36.67428195198096],[126.28414281233137,36.67262663940977],[126.28635450348918,36.67335610644917],[126.28749295499921,36.673206123077264],[126.28512051917761,36.672438700359365],[126.28507479331252,36.6714030520948],[126.28897497375252,36.66768242789899],[126.29228260553354,36.66663536809996],[126.29403571240266,36.66831184033403],[126.29466275792943,36.66780112183706],[126.29576956525521,36.664728892922845],[126.29355943716496,36.66365213781201],[126.29493823967412,36.66327320949179],[126.29454198561157,36.66145343366223],[126.29547782676785,36.66141373086433],[126.295443958696,36.65983056400973],[126.29842112515075,36.659332129786726],[126.29897236937846,36.65629571833933],[126.30533173808107,36.648744175768925],[126.3048510232425,36.64738269041116],[126.30576479366205,36.64729609928611],[126.30348414944037,36.64402145191535],[126.30418047502351,36.640301194928774],[126.3025623013681,36.644136029932774],[126.2991256474801,36.64502030696038],[126.30151788220651,36.63887298161615],[126.30149089113536,36.63615858639939],[126.30262944707106,36.63609461427313],[126.30352330582348,36.63752372440468],[126.30228765473814,36.63419738224816],[126.30348765418216,36.631738372706636],[126.30277178597525,36.63193710716693],[126.30320074097185,36.63109026976408],[126.30248693896839,36.63092091939478],[126.30398333964764,36.6303539052507],[126.30183997909221,36.627360963365845],[126.30371692034826,36.624741071562255],[126.30282430385775,36.622489720698475],[126.29945974276794,36.62109510451079],[126.30139867194481,36.61880906134476],[126.2994554822098,36.61717690183959],[126.29864336032729,36.615039956985456],[126.29365996997514,36.61686079717944],[126.29002533830469,36.615442198220315],[126.29088751027253,36.617031401245164],[126.29415078505892,36.6177654055705],[126.29354690357124,36.6203021734713],[126.29019840773032,36.6237998723092],[126.28531462633933,36.625337335672235],[126.28377462175884,36.62237035737255],[126.28668846492086,36.61998670098825],[126.29015261752222,36.612118018663914],[126.2910986631618,36.606861583842125],[126.2905857564349,36.60435330877582],[126.29165166217349,36.60250860838663],[126.29118828265361,36.59883305198313],[126.28600149205282,36.595693384501],[126.28445219854663,36.59376446176147],[126.28578873022612,36.59203096901263],[126.28855506815226,36.5912253407865],[126.29192506208314,36.58675134083746],[126.29171331891774,36.58565131975748],[126.29337743449616,36.58532905734861],[126.30264821688631,36.588685186122774],[126.3023491061425,36.592762226234626],[126.30327177937619,36.594078337467884],[126.30746260902642,36.59550192462307],[126.30993429276985,36.594456197917054],[126.31211040745954,36.59159537984371],[126.31171696483258,36.58954527544722],[126.31319971962645,36.585327715203896],[126.31270826026548,36.58203888930731],[126.3136643007136,36.578348743657045],[126.31525874617027,36.575574451038904],[126.31741828773791,36.5761356891145],[126.31785699532311,36.57520423941454],[126.31557396033345,36.57378853954111],[126.3162816782065,36.5724458740498],[126.31472924108078,36.57172630705404],[126.32453819015387,36.564658193303515],[126.32506141936811,36.56387161750046],[126.3234547411088,36.5632730938509],[126.32314597726447,36.56285622608716],[126.32558793434097,36.56338241152577],[126.32622280143289,36.56271903129974],[126.3304404677087,36.564611422321725],[126.33004430391014,36.56240306982481],[126.33127778176397,36.56097407734626],[126.32948762466752,36.5592388352823],[126.3284990514253,36.55995663725795],[126.32877069405673,36.56265512619233],[126.32667485020283,36.56220142502008],[126.32759359827025,36.56092158337465],[126.32708189762165,36.56036269671737],[126.33153842469662,36.556433099369],[126.33363037933306,36.55934769095193],[126.335229450455,36.558279477301205],[126.33507636155957,36.55711449458681],[126.33631017947063,36.557151273211645],[126.33454080455915,36.55950100382052],[126.3349314426989,36.56039600438493],[126.3328438231934,36.55966847159189],[126.33276951503468,36.56109224589855],[126.33406634852872,36.56179537821088],[126.33213180596098,36.562078606616076],[126.33142706392775,36.56099189353492],[126.33160592161651,36.562795696372476],[126.33079649316365,36.562942994425896],[126.33089391554523,36.56475458486304],[126.33221952584006,36.56476859337879],[126.33212558552384,36.5649426587428],[126.33186765006917,36.564938831438326],[126.33155455903812,36.56508825415376],[126.33150361715721,36.56514807285258],[126.33409860985923,36.56502637665563],[126.33181496864836,36.566191574877465],[126.33449037698796,36.56732958802563],[126.33134296263071,36.5679344427921],[126.33029486340648,36.5670149162881],[126.32840401696431,36.56894444754574],[126.32892311446902,36.56981092206621],[126.33009036908821,36.56881774125768],[126.33023120967358,36.570533065578246],[126.33146559347661,36.569302461005094],[126.3314142831589,36.57062817402629],[126.33397756177739,36.5692033333687],[126.33415246533102,36.57018588779667],[126.33641092798159,36.56993192854576],[126.33659645143341,36.570922810970025],[126.33325650386587,36.573292834469825],[126.3367104832334,36.571652554445386],[126.33483491307217,36.57396497832816],[126.33631602952697,36.573679494357926],[126.33593783887599,36.574454555869536],[126.33737927550582,36.574584309662306],[126.33746868152049,36.57350053193135],[126.34063031926279,36.57221642648678],[126.33881143210066,36.56968727758434],[126.34318096775479,36.57086959023452],[126.34251894684272,36.56950529965876],[126.34357773093187,36.5694824813448],[126.34384446812446,36.568212747682345],[126.34272250061939,36.568474349654416],[126.34238887141011,36.567211491188104],[126.34434481872994,36.56761162738601],[126.34673328419028,36.56606155725863],[126.34786104269945,36.56813316134084],[126.34914663967602,36.567673356078586],[126.34787295834485,36.56908697534591],[126.349368841726,36.57213923469515],[126.35111522459073,36.571449017576285],[126.35142401540601,36.570271246843646],[126.3538237167073,36.57086495165113],[126.35185202506824,36.56892513692239],[126.34930899529779,36.569302178926705],[126.35012478360696,36.568055230530824],[126.35365491462443,36.56858158092398],[126.35398345983778,36.56719292986341],[126.35285767782099,36.56670453782722],[126.35223455901524,36.56461467423399],[126.35080030427027,36.564506775783855],[126.35010847986076,36.5664086522498],[126.34951367566171,36.56613883957973],[126.35022658217342,36.565514035666816],[126.34870989602858,36.56462010191877],[126.34907126606059,36.563082418138],[126.35028242906048,36.562597663897066],[126.34979124573931,36.561601977406056],[126.35231299516596,36.56273131769663],[126.35473511076482,36.55978486925505],[126.35322172749702,36.55563813936663],[126.34996028230235,36.55583900485045],[126.35007386833385,36.5580024625526],[126.34920403119797,36.556453637462425],[126.34773306124384,36.55622500418144],[126.34701742791907,36.558334694723236],[126.34848614402439,36.55970234709006],[126.34620473562534,36.55987337320217],[126.34633013687082,36.56110845046997],[126.34519544174476,36.55942099930075],[126.3430329774099,36.562090130141875],[126.34601825651579,36.564256230418984],[126.34288778551247,36.56261518042204],[126.34212068310907,36.565284901086436],[126.34073117454446,36.565234089917276],[126.34045460710618,36.5628803613176],[126.33718793925156,36.56351246531315],[126.34114408211887,36.56177857319953],[126.34197527331135,36.56019850153506],[126.34161675656914,36.55701147324388],[126.34057286644571,36.55816197064339],[126.3399669659042,36.55735625790051],[126.33817275478769,36.557883125795115],[126.33928479596439,36.55502202605732],[126.33876015160997,36.55253457264801],[126.34163885857483,36.55029955056618],[126.34120933223886,36.55008928320691],[126.34130646740198,36.54948625463334],[126.34499411429496,36.550251258860534],[126.34565299069178,36.549397418151955],[126.34519266345836,36.550719820153724],[126.3419044072269,36.55163484874954],[126.34074464101792,36.55364431003414],[126.34327053844054,36.55365772979413],[126.34254267701114,36.55491497961062],[126.34534308355188,36.554813329683924],[126.34643283243453,36.55294125723383],[126.34588765183952,36.552547794124514],[126.34727903608898,36.553348498879004],[126.35152806232794,36.54998883277843],[126.35322435623195,36.54971454464273],[126.35168624029806,36.55006809285527],[126.35277286511182,36.55160403145967],[126.35076035067262,36.550887782289955],[126.34957303378081,36.55185899173878],[126.34859028873294,36.55444123622272],[126.35348280009364,36.5550272341267],[126.35368101106334,36.553754795138346],[126.35578909021805,36.55329502972064],[126.35451179144849,36.554755753141464],[126.35465237920565,36.555646242010795],[126.3555337018944,36.55553418850904],[126.3548557851049,36.556108641650546],[126.35691356240737,36.55703494873259],[126.35661158795747,36.55785918901979],[126.35818518250994,36.55910174414402],[126.35784201386078,36.55837217083056],[126.35878989064065,36.55829699332746],[126.3588173578774,36.559292488199496],[126.3592704534289,36.558029785435],[126.3572226381976,36.555521438316056],[126.35818517629397,36.55491977137247],[126.35617479437688,36.55269468738837],[126.35716405163757,36.552295250580826],[126.35636197060856,36.55181809272866],[126.35657036738068,36.55105903826042],[126.35768005531905,36.55211570266145],[126.35903409179055,36.55008144860653],[126.3602158584075,36.5501444723908],[126.36193439986698,36.55172560109206],[126.36694912811221,36.54921629325842],[126.364320664625,36.54903779523814],[126.36157586988445,36.54727139574846],[126.3606752519253,36.54932174347658],[126.35795707865577,36.54641538745705],[126.35695018578534,36.549537826415346],[126.35558905078715,36.549327122444616],[126.35561670549728,36.54848259152923],[126.35359406833551,36.5493805326057],[126.35410059282184,36.548584542364424],[126.35302928444047,36.54830671639955],[126.3530007447404,36.547265533838775],[126.35164697167824,36.54800664978436],[126.35097316849085,36.546779155128405],[126.34936178627815,36.546658731672736],[126.34923242055903,36.54540176245484],[126.34600386850555,36.54546810859399],[126.34746792478191,36.54682945976574],[126.34537285244919,36.547622162175145],[126.3438143983362,36.54631919781133],[126.34411349305552,36.54504240875827],[126.34248663666017,36.5441769994457],[126.34200261758525,36.54479671438863],[126.34197631742028,36.54389747821496],[126.3387064317427,36.54178711288715],[126.33674214530376,36.544376193493335],[126.33816023164435,36.54411888792016],[126.33848570079165,36.54537132694943],[126.34048988816501,36.54362344321134],[126.33960450533804,36.54598294495858],[126.34150266760653,36.54554370440456],[126.34172096269494,36.54640523629267],[126.3411149750143,36.54736524081569],[126.33815666819288,36.547949017534556],[126.33808252214655,36.54923624265812],[126.33701496986548,36.54940090015184],[126.33672937271811,36.552973642608514],[126.33340377004903,36.55507119666695],[126.3320025461115,36.55485842189272],[126.33295004051891,36.551308527455035],[126.32972875650864,36.550771367045364],[126.33008425422979,36.54413414185756],[126.33095196856948,36.544032645856305],[126.33118763034415,36.547343186504506],[126.33027271771851,36.5474663697785],[126.33034655093665,36.549559299083214],[126.33227375559339,36.54710548679039],[126.3329517282356,36.5502670156886],[126.33444748933232,36.5498941335968],[126.3343004914881,36.5491126125494],[126.33664196379415,36.54719782892096],[126.33412057729372,36.545578667657075],[126.33714385235126,36.54556549548303],[126.33637924777524,36.5443223643227],[126.33436856741825,36.544281107969965],[126.3349580559978,36.54355362528927],[126.33400956898203,36.54248131479108],[126.3363987334053,36.54263682462506],[126.33799798028626,36.54075005790182],[126.33450106705853,36.53988100510052],[126.33343969765465,36.54240459194054],[126.33148653476793,36.54235586871506],[126.33006518857592,36.54175283385968],[126.32989899403762,36.54150099727783],[126.33201176261238,36.54185253898002],[126.33011528627708,36.53953124261688],[126.33006384960493,36.53687423976926],[126.32944400156671,36.53688076916323],[126.33126999663975,36.532624761361426],[126.33142443018055,36.526170842364166],[126.3303093958876,36.52385885312793],[126.3308702145473,36.52350525917045],[126.32895991692543,36.52159687770528],[126.3293365139625,36.51665641736038],[126.32838869185534,36.51639033086285],[126.32826071694308,36.51489304662958],[126.32903537175802,36.51252147536137],[126.33198957176074,36.51107399552597],[126.33323076622753,36.50811927608767],[126.33345286354451,36.50870984598881],[126.33401388350246,36.50871355836149],[126.33382036222523,36.50756229817273],[126.33558667206418,36.509307949232536],[126.33705643706764,36.50864351179484],[126.33374109230436,36.50508675880936],[126.32959526854228,36.505494386360944],[126.32680590045693,36.503540708132924],[126.3275847239248,36.502188813153005],[126.33420811885142,36.50222604018316],[126.33339044952616,36.500508797045555],[126.33479492697923,36.49211491143785],[126.33191783063326,36.4828563435116],[126.33192969671536,36.474258710685035],[126.33125912749465,36.47292604761014],[126.32661589772057,36.47077442404181],[126.32535488693593,36.46830890235775],[126.33440848843213,36.460554615497834],[126.33366165510292,36.45376973988752],[126.33592680572038,36.439256789604286],[126.34105536586834,36.44292700374537],[126.34969964457572,36.44437365109184],[126.35238269211044,36.440636982658866],[126.35352685271289,36.426491290675585],[126.35236338279648,36.42542729678419],[126.35337271223952,36.42431236681393],[126.35418809814063,36.42579915660025],[126.35586792976376,36.42596295078021],[126.35936085444254,36.42436384982877],[126.36164021585004,36.42036896566401],[126.36542841310165,36.416996050220305],[126.36806839896424,36.41612754326809],[126.37079569873096,36.413070981902365],[126.37630941956643,36.41458282251854],[126.37805667886975,36.41409091804312],[126.3800128003568,36.41625768869279],[126.38032327529721,36.41800179072793],[126.379099052146,36.41884130714563],[126.38028552707448,36.42094127538274],[126.38536575704114,36.42119408075267],[126.38555886939876,36.42047524887246],[126.3899985601432,36.421961692899735],[126.39725040901625,36.419090033349256],[126.39837165078505,36.41622010724592],[126.39588931812374,36.41387606639728],[126.39782828273654,36.412980206905225],[126.39843088645425,36.41383224691228],[126.40128531797315,36.412255471111685],[126.40679854379725,36.41447230654197],[126.41088842702155,36.413105191754546],[126.41276682065616,36.41103794463297],[126.41291624343903,36.409083183262325],[126.40841552194337,36.40600350195714],[126.41002810702277,36.40435048602216],[126.41187446113301,36.40552740571304],[126.41319316279974,36.40475163064667],[126.41424331775399,36.406003803654244],[126.41826222450159,36.40590203040908],[126.41991375183761,36.40478850988477],[126.42137102972144,36.40169629019263],[126.41542200241594,36.39216234328048],[126.40642768224689,36.387807719185226],[126.39282264580036,36.388623375982604],[126.36392144641665,36.37744071512006],[126.33318441595961,36.378002822984996],[126.2984326938943,36.44610581142261],[126.30447294709892,36.45198130979578],[126.24085323081667,36.58667559892788],[126.19739856823243,36.59570086487821],[126.12604607557923,36.63959088628201],[126.08499372144635,36.633407861701784],[126.00032952755821,36.644989264599104],[126.03377910738566,36.669341678004955],[126.08188283707966,36.69241200870791],[126.111179355539,36.77252461733186],[126.12556666775917,36.80288002144746],[126.13887065458576,36.82788276504831],[126.14795453093274,36.844346971933255],[126.1767499492463,36.88331193192038],[126.17983014703147,36.88882750376145],[126.1918130063848,36.89660039987367],[126.16427033373164,36.91991232283057],[126.16092107419217,36.9239839109686],[126.16106992782667,36.92486584936292],[126.16771439857956,36.92561553465086],[126.17128204098188,36.928060980862604],[126.16713147310078,36.95822234890658],[126.16984511368199,36.95846511426426],[126.17012098018932,36.95951012016743],[126.17444997376246,36.95836780209667]],[[126.19179527135931,36.87732520247009],[126.19202188098929,36.877201930142775],[126.19183803538579,36.87736553282161],[126.19179527135931,36.87732520247009]],[[126.1921537183466,36.87540279172717],[126.19202127280174,36.87523497854368],[126.1921425476873,36.87534236040108],[126.1921537183466,36.87540279172717]],[[126.07707502147137,36.678422797818506],[126.0774620628706,36.67790898125002],[126.07767678828418,36.678449526331974],[126.07518960408377,36.67970670886584],[126.07298976121322,36.677991022049866],[126.07192988680808,36.67918290624379],[126.06983091805522,36.677978091896854],[126.0688493461982,36.67895918873207],[126.06765565397976,36.678398568920784],[126.06725093923806,36.679321083872885],[126.06463166580893,36.67924004390154],[126.06670241290547,36.67690854234242],[126.06688651240471,36.67457435566284],[126.06596822918996,36.673314620135145],[126.06539122975641,36.67423218430095],[126.06361638617554,36.67358089243608],[126.06284483060081,36.672243336730396],[126.06399682261461,36.67255328579458],[126.06402909322345,36.670188234124616],[126.06824604531012,36.67022135185193],[126.06828091858492,36.672468801366584],[126.07108600481726,36.67391465187673],[126.07292220854693,36.672323356545235],[126.0750346440152,36.672108002967484],[126.07516483868648,36.67005588812738],[126.07623707680403,36.67152961782633],[126.07575227061352,36.673255347037326],[126.07674463134923,36.67334570409761],[126.07447488505008,36.674733574713194],[126.07630650220744,36.67591379022337],[126.0753160254541,36.676751090610175],[126.07707502147137,36.678422797818506]],[[126.24280366486096,36.60805720903701],[126.23611965653137,36.60638576467624],[126.23682675277854,36.60567254092317],[126.23498304895479,36.60477818412789],[126.23570033095046,36.603818731351545],[126.23837576720683,36.60480257857519],[126.23962745799673,36.604206156563045],[126.23979854368949,36.60288553429262],[126.2383436308753,36.60192325536696],[126.2396129579681,36.60038888734758],[126.23892234074398,36.599121849046234],[126.23436540403408,36.597043186670355],[126.2365523004438,36.595654848185234],[126.23868383686,36.59599440562485],[126.24115401774868,36.59427545467399],[126.24140647212097,36.59247055622779],[126.23937266120548,36.59146195548653],[126.24206134572084,36.588358952416286],[126.24442230914673,36.590696711745785],[126.24152712480961,36.594492425461716],[126.24146571483026,36.59710334453882],[126.24394576180893,36.599218511548656],[126.24551000557344,36.59888181224363],[126.24496813742512,36.59977851431005],[126.24579373749393,36.60084095614767],[126.24470280643402,36.60306649659598],[126.24562752144298,36.60708038781293],[126.24355436238405,36.607533492480464],[126.24338291300532,36.60898112882199],[126.24280366486096,36.60805720903701]],[[126.34083569637204,36.396824902764386],[126.3362886831887,36.39757165373447],[126.33638911919488,36.395356269179814],[126.33492752817205,36.393856368114086],[126.33651876895362,36.39333515397232],[126.33652048960978,36.39238453169057],[126.33437230413976,36.39295797641587],[126.33386229341582,36.39209047386633],[126.33422717957333,36.390644346926436],[126.33636108236801,36.389816790536194],[126.33620883858165,36.387482044441754],[126.33759896177823,36.38889394197656],[126.3390301742264,36.388206343635304],[126.34428882561903,36.3904033527449],[126.3432098484202,36.390850543421685],[126.34083569637204,36.396824902764386]],[[126.3708088229754,36.39296359171068],[126.36515894027562,36.39279683223455],[126.3643790942729,36.39036022432179],[126.36597014442806,36.387175675133115],[126.3706601976053,36.389669901523035],[126.37318744394051,36.389806483789215],[126.37147665023645,36.390315572457176],[126.37012629694505,36.39187436910956],[126.3708088229754,36.39296359171068]],[[126.23405885485018,36.69425741750998],[126.23000180979002,36.69543986052589],[126.22727237955324,36.69797299867418],[126.22675548126149,36.69677852040422],[126.22447261068564,36.69572565175953],[126.22360333582986,36.6972378296368],[126.2219508686752,36.69618498387411],[126.22088691687155,36.69655560914123],[126.22021903758183,36.69817513202452],[126.22210704396821,36.69910923818826],[126.22354208468188,36.69865689213674],[126.22265700379258,36.70030972819034],[126.22230284791598,36.70036669411918],[126.21885214253928,36.69905387054631],[126.21851793005645,36.69938673704054],[126.21700078797149,36.699618893043244],[126.21809475433786,36.6982857505225],[126.21560494758661,36.697020575130665],[126.21659637677122,36.69489744365367],[126.21885176991404,36.69411519701935],[126.21927144782457,36.694949559840204],[126.22084713306823,36.69497000231425],[126.22172195326813,36.693926388304305],[126.22567786340718,36.69452680721582],[126.2314595057805,36.69132219137442],[126.23405885485018,36.69425741750998]]]]}},{"type":"Feature","properties":{"id":"gyeryongsan","name":"계룡산국립공원","year":1968},"geometry":{"type":"Polygon","coordinates":[[[127.24081220865446,36.359644303824105],[127.23859662171661,36.361119693756926],[127.2393206310842,36.36001841927592],[127.23751220252383,36.35988887786982],[127.2376360597146,36.360304405420536],[127.23709644209434,36.36051844435093],[127.23695372007268,36.35825607476526],[127.23587963947493,36.35920296610235],[127.2337007710279,36.358232260461186],[127.23525797038364,36.35654267221154],[127.24353330733489,36.35919391654296],[127.24523939449277,36.35790112430374],[127.25197596258319,36.35794040655654],[127.25356753059395,36.355427272214314],[127.25373806638453,36.35690168961191],[127.25658599097515,36.35969502228504],[127.25435024221714,36.359669666375645],[127.2541773280618,36.3606753004292],[127.25687443471064,36.36088041484763],[127.25655851922677,36.36166898459265],[127.2579555868443,36.36178563162165],[127.25729682557092,36.36213132861577],[127.25880297391143,36.36347385495255],[127.26201198048128,36.3641030566668],[127.26322502295982,36.362845732140634],[127.26223724295525,36.359637222736566],[127.26293521387319,36.358441918001645],[127.2639586571056,36.3609142240422],[127.2664954381654,36.36261038326273],[127.26947082358615,36.36236975295803],[127.27345969564945,36.36047580641092],[127.27843659629332,36.359945309795044],[127.28205707709974,36.36062968285837],[127.28310043941529,36.35971212558136],[127.2855755462411,36.36075803175833],[127.28678677549277,36.360487858950016],[127.28654314961794,36.35980060366256],[127.28753532231359,36.360286791867495],[127.28743172196155,36.35944516793415],[127.29531561475086,36.359304807933306],[127.29617451993026,36.35828538931541],[127.29506815685708,36.356123484326254],[127.29725313374878,36.355829494631585],[127.29601105055731,36.3548843926162],[127.29686160222276,36.35442271076468],[127.29674038988206,36.35046344479393],[127.29407790586592,36.349953308711804],[127.29228586946854,36.35089252716851],[127.29085942315504,36.34739824205365],[127.28848641992043,36.345704694309774],[127.29456532825091,36.34509098809743],[127.29459451242921,36.34019464061231],[127.29637090685821,36.33971383891901],[127.29640353272599,36.33749199802354],[127.29777244089112,36.33728765077688],[127.29204202128993,36.33322930930227],[127.29404360033277,36.327425414774524],[127.28821642828154,36.33158211632519],[127.28721016816097,36.329404872111326],[127.28590337268417,36.3290714469623],[127.28736264315276,36.324966951948184],[127.28516427808152,36.32315884626476],[127.28397717499595,36.324126726215766],[127.28308800037901,36.323560993663875],[127.28107261329937,36.325583005339524],[127.27829973577137,36.325564818946994],[127.27719512040359,36.324115985785554],[127.27379072369727,36.327729317758255],[127.26868564702941,36.326201858567046],[127.26621061668772,36.328348327098354],[127.26302777412783,36.327232628138475],[127.25887745961833,36.32744818661121],[127.25511183110385,36.32975347582535],[127.25382701009602,36.333262026524785],[127.2537948669707,36.336837124818864],[127.25067892110421,36.3374234233685],[127.24860750791213,36.33725549549372],[127.24781820630487,36.33152143759589],[127.24630558181566,36.32887770024436],[127.24393179564414,36.3280810638442],[127.24151066395297,36.32907644297458],[127.24315696496888,36.32244303585778],[127.24254393007496,36.32203391396675],[127.24038361634526,36.32157368537834],[127.23772083042755,36.32311840128465],[127.23188394497042,36.323669831202366],[127.23124685220674,36.325081434477944],[127.22996843548513,36.325379319348166],[127.22813987522241,36.32525492186094],[127.22836978664063,36.32396170675804],[127.22902915949469,36.32408940815748],[127.22949529864367,36.323839297775194],[127.22851133888115,36.323540830099034],[127.22880459742369,36.3214887945655],[127.2280819885158,36.32237584665314],[127.22534707042841,36.322300825623735],[127.22256335876388,36.3235091043156],[127.21861986785211,36.328352572911804],[127.21749665097272,36.32707825433878],[127.21783402172991,36.323409306321146],[127.21531764336667,36.3227643254699],[127.2170557739058,36.32046736564768],[127.21394473680313,36.32057796041787],[127.21308897931092,36.32305529463431],[127.21220131529658,36.32051068600154],[127.2073527342837,36.31951110078887],[127.20880042216305,36.31569975124031],[127.2064870139834,36.308342580117014],[127.20845929176242,36.30133968314771],[127.20557910291491,36.30157555992455],[127.20407808103394,36.29744642864367],[127.20170241131999,36.29820022540281],[127.19923970651529,36.30111939632184],[127.20058787875847,36.30164091230104],[127.20116822135061,36.30409851706012],[127.19982247711474,36.30593216535027],[127.19957518153583,36.30929174870544],[127.19775785818601,36.312153723767885],[127.19754115313907,36.31448762365395],[127.19657793823671,36.31449549507152],[127.1962910964751,36.315905941046665],[127.19714382366833,36.3162975702634],[127.19508450404072,36.31675201585028],[127.19611279338105,36.31728948491683],[127.19530931256492,36.319411991840404],[127.19689826140684,36.3194502652419],[127.1967326906131,36.32186906007945],[127.19346600322963,36.32794042698754],[127.19027772706433,36.32682626378791],[127.18885899469022,36.32771685625901],[127.1901904359663,36.32986614543288],[127.19159827317561,36.32971326938042],[127.19221220905816,36.33058271480671],[127.18977956188098,36.330612073286794],[127.18802424589336,36.33236837530906],[127.18650809812587,36.33164616304054],[127.18557062497288,36.334361104050004],[127.18311126671449,36.33496725653979],[127.18312460724106,36.33625415804529],[127.18205553083047,36.33530619142898],[127.17929767923131,36.3368916943659],[127.18051723475368,36.33819888657619],[127.17933649659878,36.339972523447805],[127.18076557176022,36.34092251001702],[127.17653697407387,36.34255313310033],[127.17881500003051,36.34383110131674],[127.1780597332846,36.34473713367381],[127.17657675616039,36.343346111013275],[127.1765801269361,36.34429355295485],[127.175013233796,36.34392798445148],[127.17425657684271,36.34458511035042],[127.1752166013607,36.3449574382259],[127.17530486265872,36.344236794090115],[127.17735739633687,36.34560869445911],[127.17533634765074,36.34688501942422],[127.17305212123901,36.34655817914075],[127.17633350280065,36.351949367838614],[127.17473173112073,36.35314951468234],[127.18089975094051,36.35540815009229],[127.17807226431802,36.357634366359555],[127.17928128611287,36.358880444494254],[127.17772768732064,36.36240653925384],[127.17667710730771,36.36266865436792],[127.17667720293126,36.361585857015676],[127.17426392971691,36.36324012792906],[127.17407267301809,36.365348667350645],[127.17643536978856,36.36997413934025],[127.17309321257399,36.372104533445345],[127.17790008088082,36.373627680869724],[127.18000490525193,36.37088324226244],[127.17823192989181,36.37176662605556],[127.1786158337288,36.36939373598398],[127.17943854183189,36.369782954501865],[127.18114323189624,36.36725141257016],[127.18214663016776,36.36758172682046],[127.17980174422522,36.37037566236811],[127.1801678001594,36.37053750633962],[127.1825112490502,36.367564990811],[127.18256973297552,36.36821701622589],[127.18327183868213,36.36769674063791],[127.17969623312206,36.371793208965485],[127.18063928530539,36.373047458032374],[127.17977663845659,36.374341000614606],[127.18033066728857,36.37482955626157],[127.17794661757763,36.37502928237652],[127.1807338249542,36.37694525727026],[127.18506926406101,36.37642307519281],[127.18640481493605,36.377348931236796],[127.18447613943769,36.37992808060331],[127.17864235556382,36.38035857789115],[127.17621859243012,36.38595281560275],[127.17850847180664,36.38614949440165],[127.18115836928874,36.388806261529446],[127.18086700449219,36.389473449711446],[127.18159728076279,36.38887897358714],[127.18091707270075,36.389972423814235],[127.18183881163918,36.39056980357916],[127.18278426453169,36.38930498819975],[127.18569240882462,36.3903116106571],[127.18909563231566,36.387319622190475],[127.18923284565841,36.3857943264221],[127.19063434677803,36.38860248560632],[127.18704788717388,36.39180917523193],[127.1872439965936,36.39253639137432],[127.18912644701966,36.392657053084044],[127.18986575547387,36.3916612076905],[127.19015937827257,36.393191286692904],[127.19160342538395,36.393646077679584],[127.19605690601684,36.39127006275145],[127.19490578139467,36.39431914863885],[127.19549211708794,36.39495706876082],[127.20023725802179,36.393860477327635],[127.20629049273691,36.39719136153071],[127.21092598874124,36.39777170684045],[127.21279834550431,36.396325736533],[127.21317175456876,36.392549709660564],[127.21510980308051,36.38948026105576],[127.21416773157901,36.38895775951697],[127.2151653888171,36.38858050698078],[127.21349281587605,36.38819739213472],[127.21556307293439,36.3878985415768],[127.21271926489712,36.38732215228883],[127.21440238129556,36.386724547043606],[127.21329475012811,36.38572947368753],[127.2152897886541,36.38505571153938],[127.21450650754797,36.384206457431766],[127.21315803854837,36.38502126326012],[127.21255680347784,36.38197595763957],[127.2136161666916,36.38198874140032],[127.21250712733777,36.38085710022235],[127.21342075964628,36.380726859149505],[127.21331752177797,36.381604455504174],[127.21507313535727,36.38289561471483],[127.21711029225659,36.38319170053387],[127.21786365973747,36.3818636301569],[127.21826879016186,36.3833628902594],[127.22144005990009,36.383765349206165],[127.21925978523859,36.3853862985227],[127.21999470240563,36.3854004385402],[127.2190891580896,36.38590464725966],[127.21997505073433,36.386898640566365],[127.2194089579302,36.387791674958386],[127.21772695872481,36.386726307991125],[127.21837057926767,36.38798673892821],[127.21706518520125,36.38743365142737],[127.21698795584598,36.38824412731917],[127.22041634302714,36.38870771639717],[127.21984076209952,36.39127538156945],[127.22569209222931,36.390272441631765],[127.22823330354825,36.387889812285124],[127.23117218799104,36.388106699210866],[127.23670197280164,36.39154813540963],[127.2390597220509,36.395949592673105],[127.24328249616521,36.39644908775009],[127.24402373998562,36.397691594607096],[127.24649614391718,36.39825806192973],[127.25032774507171,36.39449632871046],[127.25147169263678,36.394400244087244],[127.25189001679485,36.38979906136348],[127.250037128666,36.3847261199679],[127.24705292856667,36.38403437584257],[127.24476537811783,36.385307231626236],[127.24403147864759,36.38414648808997],[127.24152556022749,36.383906567467655],[127.2399769670001,36.385321448231025],[127.24055972173036,36.386206616103564],[127.23971625434717,36.38617584207136],[127.2395014548674,36.38741064244593],[127.23871671921263,36.38492099718938],[127.23678302295083,36.38721174255703],[127.23755668099268,36.38574736199447],[127.23610984962237,36.386687677420575],[127.23550024283651,36.38636656187274],[127.23632045899771,36.386251657559235],[127.2365028846196,36.38596885597759],[127.23635709113594,36.38584266935262],[127.23516600135315,36.38595667158559],[127.23596526939059,36.38547763200045],[127.2350816631607,36.38370531472189],[127.23642647897972,36.37949843522289],[127.23462613100489,36.377817118655365],[127.23693980788973,36.37753623068029],[127.2393929502474,36.37882621304507],[127.23848626983738,36.37890054929708],[127.23912664236212,36.379451658845525],[127.24036324260321,36.37832930133797],[127.24023261585894,36.38043873762615],[127.2419827830957,36.38010118139181],[127.24687584943281,36.38334800358498],[127.25004487711787,36.38266807369274],[127.25347003107672,36.38623497861158],[127.25544887652468,36.38437221476323],[127.25603421590996,36.37702560832015],[127.2580968926729,36.37194383282275],[127.2544442084114,36.369419293692786],[127.2519981567126,36.369196722001504],[127.24758830847081,36.36694095799984],[127.24422180355235,36.36675350935287],[127.24420968108973,36.365933602908946],[127.24909731975212,36.36406499400826],[127.24992003637188,36.36285014734335],[127.24781350656595,36.36100646246084],[127.24715653445276,36.361542286581624],[127.24636346105137,36.360271494230105],[127.24390058683056,36.360824227854934],[127.24137917431396,36.35993144422394],[127.24098919461525,36.36069593174788],[127.24081220865446,36.359644303824105]]]}},{"type":"Feature","properties":{"id":"gyeongju","name":"경주국립공원","year":1968},"geometry":{"type":"MultiPolygon","coordinates":[[[[129.46682196255347,35.746104367598406],[129.46764976622464,35.74466627959798],[129.46937329832926,35.74472997706322],[129.46815434266523,35.743793716342964],[129.46909511853806,35.74279684177561],[129.47049410423296,35.74382594230416],[129.4723241108512,35.74317134081088],[129.47169055650647,35.74184999625906],[129.4725320410444,35.741427979798615],[129.47901184523573,35.74300657712365],[129.47936667968693,35.74183237302837],[129.48196945723112,35.7406358761759],[129.48126045735677,35.739963898211904],[129.48301213274564,35.73978046886279],[129.48277960699477,35.737259211944675],[129.47710688205905,35.735446068755785],[129.47429869126105,35.732706339021476],[129.47059651135623,35.73134658989017],[129.45855031719634,35.73250433871033],[129.4609312127481,35.743617319446315],[129.46238802192758,35.74442535040213],[129.4627829651124,35.742445159799196],[129.46395244285057,35.74204727020164],[129.46400015102526,35.742910259141944],[129.4654201230848,35.74307104587839],[129.4649382199097,35.74450839062831],[129.46653170362544,35.74462357882715],[129.46575247053107,35.74577668333596],[129.46682196255347,35.746104367598406]]],[[[129.47404446487718,35.75874862570137],[129.47558458589586,35.756355337543496],[129.47776789763978,35.75515187250868],[129.48520029275792,35.753507366514086],[129.48348102707365,35.75340120416713],[129.48452053882906,35.75331785435282],[129.4835447640064,35.75266003620907],[129.48841571788566,35.7524203847721],[129.48937466235128,35.75320440405336],[129.49214093971537,35.75233416173476],[129.49065785765046,35.7512060122037],[129.48979076672032,35.75169809695393],[129.4894249665953,35.75073703079698],[129.4884941352088,35.75109100355667],[129.4897358358103,35.75026189871397],[129.48915658922104,35.74946067092915],[129.48599269415865,35.749601387141],[129.48416953550569,35.74840446683067],[129.48344396074012,35.74717256393889],[129.4845584504861,35.74595928394638],[129.48348456507287,35.7456445826538],[129.4830929306707,35.74424182859801],[129.48206247012476,35.74432389057357],[129.4796450019643,35.745400521827],[129.47863844487628,35.74826361992771],[129.47778370225728,35.74788106139242],[129.47825403255854,35.747272203762265],[129.47712156661296,35.74767648203784],[129.47591180142956,35.74845480755199],[129.47670656908784,35.74901529065478],[129.47599110303764,35.74992970459769],[129.47357656847976,35.75055599723893],[129.47318546340156,35.754016222483045],[129.47110361520947,35.75481676079116],[129.47193884234827,35.75598130805531],[129.47161926159674,35.75873581324011],[129.47404446487718,35.75874862570137]]],[[[129.36144256398202,35.796013972997535],[129.36143912638826,35.796012168192114],[129.36144279005367,35.796014362301925],[129.36144256398202,35.796013972997535]]],[[[129.24205105746876,35.8037260640935],[129.24055197067992,35.800471293654006],[129.23861513226373,35.80192757616094],[129.24007843451943,35.80352930412753],[129.24059967401945,35.802974077328145],[129.24205105746876,35.8037260640935]]],[[[129.2213473597189,35.81463200619402],[129.221995043503,35.8122422360618],[129.21965919140362,35.81245340885955],[129.22116943909973,35.813394127481104],[129.22019033511774,35.81401217311549],[129.2213473597189,35.81463200619402]]],[[[129.09043594771916,35.8171097986878],[129.09330236194526,35.81567236653839],[129.0925398795894,35.81541802547581],[129.0934043288932,35.81446468598475],[129.0955942442508,35.814507170963324],[129.09417386674653,35.81228416369381],[129.09671569828714,35.81172993140021],[129.09616641260718,35.80874381643863],[129.09716222049744,35.80866636742903],[129.09592903063876,35.80719173025108],[129.10315318809694,35.80493167256531],[129.1047795694242,35.805236912663],[129.1060201896024,35.80331187186204],[129.10778895653038,35.80608844551506],[129.10656564895754,35.8111616786902],[129.11072975176936,35.81300165699765],[129.1121915566086,35.81166596609515],[129.1115242582885,35.80953223180381],[129.11336269641933,35.80659157732245],[129.12209344453393,35.81034484336812],[129.12223797898383,35.80950336657594],[129.11978560275872,35.80857003045627],[129.1202959607832,35.80779031777664],[129.1214897570735,35.808409623500125],[129.12094283882897,35.80581731671835],[129.12336461486024,35.80675405261546],[129.12355132819928,35.80781945338433],[129.1284029360105,35.80765765461647],[129.12828084088852,35.80552622997065],[129.12357467057237,35.80527456809287],[129.12244660442119,35.80421129484598],[129.1257750682257,35.80474786095997],[129.1245830180745,35.80340981974377],[129.12911116608808,35.80244279769876],[129.12845103578402,35.79936697129067],[129.12370981332202,35.7981000763029],[129.1227021385695,35.79502085844657],[129.120348969456,35.793688352730854],[129.11441845098082,35.794938978773786],[129.11310055580591,35.794116909829555],[129.11462435415788,35.793580367626085],[129.11593964104972,35.79016455688827],[129.1140745365036,35.78820436615808],[129.11568776426768,35.78761197714714],[129.11730488814092,35.7848424810135],[129.115255533473,35.781976085125734],[129.11625939516264,35.78086823900733],[129.11115219212132,35.780202975203494],[129.10964624840537,35.778096108400646],[129.1078733904603,35.778991976307005],[129.10703358622197,35.77525276021726],[129.10538694975318,35.77394875609976],[129.1042197647888,35.77481555458944],[129.10070392296734,35.77485910141247],[129.08851341419057,35.77393043224545],[129.08466306211054,35.77961958794402],[129.08404522346416,35.78317431620932],[129.08126620595775,35.783341291839136],[129.0821513255909,35.78466300435673],[129.07953526230253,35.78280807134114],[129.07568279268236,35.78484439400974],[129.07273158163648,35.78343895069318],[129.06957525676935,35.783352906126794],[129.06861682993693,35.784577985053424],[129.06922487142035,35.78776637949118],[129.06709190655434,35.78900336253066],[129.06842651171442,35.79086731457095],[129.0668879848117,35.79324993901488],[129.06839641875084,35.79352408275393],[129.07025624050806,35.797137110291345],[129.06863195068635,35.80155503366053],[129.07871060943305,35.7941431035652],[129.07835985785104,35.79572512822203],[129.07690189529913,35.79637847388418],[129.0771249062623,35.79846772124868],[129.07584996237225,35.79851367032811],[129.07432076813384,35.80083525687771],[129.07579363579245,35.801585014533615],[129.07509543671873,35.80254717662718],[129.0757882424615,35.80363975274911],[129.0820757683973,35.80182693270987],[129.08381966255115,35.80370589186299],[129.08972387213583,35.80663274658663],[129.08953971985122,35.80843272869369],[129.09291933738777,35.80860518415758],[129.0949447447895,35.807440196215815],[129.09280346456842,35.80930346707829],[129.0927156114328,35.810723067440705],[129.09186647285944,35.81097268153883],[129.0905278044306,35.80889812180672],[129.0827424931786,35.811653695969774],[129.08300344415392,35.81287927388228],[129.08481660124997,35.81193971381823],[129.08804431726304,35.81386546372322],[129.09043594771916,35.8171097986878]]],[[[129.2230948540085,35.823626719145786],[129.22375347533432,35.82091644191822],[129.2239117651795,35.82166721958273],[129.22519319274977,35.82079446478496],[129.2248033034215,35.818314597217],[129.2268236541658,35.81758931056391],[129.22760257763053,35.81892231541374],[129.23009278773756,35.81997927924476],[129.2288844595466,35.81836066708536],[129.23059583828555,35.819816766350606],[129.2300866632942,35.81836992460452],[129.2321418981775,35.81878389271956],[129.23064545903296,35.815689713171516],[129.23093459225683,35.814374727794394],[129.23288323737148,35.81188176323607],[129.2343005811809,35.814484778309236],[129.23789412657038,35.80748546101414],[129.23693255885428,35.806430933003895],[129.23791457972976,35.80648221493955],[129.23801128468799,35.80494055096477],[129.23919154973674,35.80624994978691],[129.2387086167511,35.80494912999951],[129.23970558629495,35.80417820685754],[129.23689876343255,35.80252547062737],[129.2387620175208,35.80081081894404],[129.2370627435005,35.79994332147434],[129.2382760051624,35.799032086505],[129.24008590756117,35.79966248912475],[129.23738249066182,35.7982683665462],[129.2387919280873,35.79593630460353],[129.23825204295295,35.790650503231085],[129.23923276912086,35.78993647582097],[129.2420073563465,35.78142169896559],[129.24524126960867,35.77988399288367],[129.24750661129374,35.78117385811793],[129.24944718477886,35.783834225688366],[129.25052761012836,35.78370303389123],[129.2499664217137,35.78535871568893],[129.2515713033723,35.78591117714943],[129.25043573137128,35.78645642447558],[129.25177740885152,35.786449447702076],[129.25249103335793,35.78853780657789],[129.25175864350894,35.790666859973484],[129.25357230115353,35.79205226987974],[129.25398977811065,35.79430121057779],[129.25547346596505,35.79458689036303],[129.25575845769683,35.79284002408015],[129.25451810109476,35.790642311636276],[129.25593842416941,35.788874527765344],[129.254583990303,35.78661812971954],[129.25548121872578,35.7838527550393],[129.25786718033356,35.78412640568705],[129.25694273864508,35.7800593618969],[129.25881487472563,35.7794229296984],[129.25421698141733,35.77430681166569],[129.2540445683013,35.771989831573585],[129.25092082717404,35.768455615150295],[129.24850084234163,35.767143375147384],[129.24574013855002,35.761793329244874],[129.24251310664792,35.75837614166959],[129.23987408354571,35.75723885214799],[129.2377406146052,35.754237195549656],[129.2345506550144,35.755678211987444],[129.23328451353646,35.75533535783019],[129.2335045655928,35.74949948525524],[129.23226955353843,35.75135246243952],[129.23083662505215,35.75044440406952],[129.23155430585777,35.74716249442373],[129.2298013557046,35.74290040977446],[129.22703577532965,35.74245875131028],[129.22693560056575,35.74382181406565],[129.22451082983596,35.74206999284826],[129.22537997834894,35.7451044708277],[129.2230129128449,35.74283544824077],[129.22159650149425,35.743175660860594],[129.2224390446302,35.745631839730684],[129.22162395353723,35.748151439945914],[129.22018579410582,35.74408618612199],[129.2172699809904,35.74416674376441],[129.21789353411617,35.74584680742722],[129.2186516768411,35.745623396944076],[129.21816278833026,35.746653747916014],[129.21950962715636,35.74925830774611],[129.21631113289982,35.74604573190152],[129.21403710978257,35.74617359560182],[129.2175413285719,35.75213058687222],[129.21281143512886,35.74687967011639],[129.20921519132048,35.74817191344209],[129.21163296048496,35.748027863404296],[129.21144040500516,35.74879093118147],[129.21489094312957,35.751359979048146],[129.21604313779085,35.75415322684553],[129.21431273218764,35.75426228040604],[129.213156717895,35.75123456334586],[129.21034582695552,35.75028481684786],[129.20926869936554,35.75132404604127],[129.2116159512317,35.75173975923396],[129.2094427015912,35.752683652980195],[129.21050876205913,35.75475460472195],[129.20886146083743,35.754215706603816],[129.2083740810972,35.755282650208166],[129.20964024082159,35.756064475033575],[129.20788355918035,35.75637915898461],[129.20814750505278,35.75792500369655],[129.20907726834844,35.7580829262146],[129.2083802382157,35.759800943510996],[129.2135368456554,35.759330606478834],[129.2139199002861,35.761337944325106],[129.21043327551038,35.76151717889655],[129.2113379175104,35.76301206557797],[129.20908930124716,35.76211885074292],[129.20796549225477,35.76275581466633],[129.20797979619857,35.76401188045262],[129.2092423632852,35.76459363360317],[129.20808521474956,35.76518054605909],[129.20894860946945,35.76589439130572],[129.20829582959783,35.76981996944732],[129.20931653560936,35.77091666750454],[129.20720366123385,35.771670790327136],[129.2078340077478,35.77278023509347],[129.20725801049747,35.77370312185535],[129.20840508950752,35.7737173670987],[129.20916885218003,35.772430320039625],[129.21425538170053,35.774517834159],[129.2105196426213,35.775607989046314],[129.21177925407892,35.77650281742135],[129.21077234848508,35.777674049299485],[129.2118148284475,35.778252192027104],[129.21062851320394,35.77913037590115],[129.2115983466793,35.78067524649295],[129.20942810416412,35.781402100343314],[129.21036609296013,35.78256859729667],[129.2091986593729,35.783252963265504],[129.21042618221395,35.785200980436755],[129.20795019279035,35.785471039023754],[129.20938688465782,35.78638659351846],[129.20870038216495,35.78674944607218],[129.20965081575156,35.78723926088667],[129.21010160842383,35.79000840736133],[129.211338642865,35.790098725114284],[129.2105994884169,35.79106282662248],[129.2115331863666,35.791221712699404],[129.21147345677628,35.79210658221739],[129.21072400203226,35.792566088054414],[129.21175438627435,35.793013928993716],[129.21097605819475,35.79393907653855],[129.21226521358275,35.79497624431342],[129.20594890170563,35.79528828828284],[129.2075683085767,35.799028716225045],[129.20886604939835,35.79811459221209],[129.21111098056107,35.79875245762075],[129.21277516716432,35.79789416153191],[129.2127772992402,35.80070445602013],[129.21413948324,35.80045051432401],[129.21285380510855,35.802147143427],[129.2132408489526,35.802875038765706],[129.2158590498449,35.80258171027938],[129.2140818444145,35.806106030942665],[129.21534176236025,35.80649822668569],[129.2142424327132,35.806811068241934],[129.2171596419753,35.80906582840772],[129.21830600897675,35.811915427610316],[129.21968977269609,35.81087107330767],[129.22291013350122,35.81152337161347],[129.22228821417596,35.81392879341511],[129.22498141254545,35.81659735986815],[129.2221558182708,35.817545984982246],[129.22066190465293,35.81646149651358],[129.22338329406386,35.82011487404099],[129.22141052246417,35.821092967049694],[129.22293796315782,35.822182723047156],[129.2220157369831,35.822722025271545],[129.2230948540085,35.823626719145786]],[[129.21279785740813,35.796580507944604],[129.2123331887657,35.79637056716335],[129.21288691317883,35.79656244756346],[129.21279785740813,35.796580507944604]],[[129.20907600477773,35.77180250981164],[129.20910744669422,35.771629377915616],[129.2090803014201,35.77183501830791],[129.20907600477773,35.77180250981164]]],[[[129.17096231996757,35.84321595938483],[129.17294269226343,35.84288304370161],[129.17368441139539,35.84080231839298],[129.1742594739367,35.84158017840789],[129.17450932396463,35.83953175492465],[129.17665148506106,35.841248784554374],[129.17839429716972,35.84104982207925],[129.17878577221953,35.83973919911974],[129.1806399473043,35.84103070167351],[129.18158713462125,35.84016563778251],[129.18324659682833,35.8407895027239],[129.1836499124782,35.83980427347806],[129.18229704393914,35.83924997646403],[129.18382255399905,35.83661538674945],[129.18737436424976,35.83873058964584],[129.1862597374312,35.836086954920944],[129.18792927725244,35.836228603200674],[129.1874984228968,35.83516719117377],[129.18913123151103,35.8341903829262],[129.18679676067072,35.832900022118594],[129.18471761541838,35.83304714021677],[129.18563652275813,35.83212276261272],[129.18464394840822,35.83128413174272],[129.18554374370763,35.83058980321052],[129.18363574089832,35.82916988259489],[129.18336247087223,35.82750544849947],[129.18493626838372,35.82595087331933],[129.18899014844962,35.82540708355235],[129.18779450308747,35.82430805140775],[129.1822775100456,35.825186115057136],[129.1842193820011,35.824529329899086],[129.18326441395703,35.824057788468416],[129.18595112025506,35.82247548765216],[129.18652098759182,35.820947225301765],[129.18551208564074,35.81844830679315],[129.18457790572623,35.81747794667081],[129.1838887715454,35.81693037381849],[129.18298652024995,35.816383452125656],[129.17743525788092,35.81660112973161],[129.172218831337,35.82032125474826],[129.17246381746605,35.82310518799284],[129.17359600317684,35.82452364051804],[129.17249866100852,35.824527355038754],[129.17081418197122,35.82762616766139],[129.17372712606806,35.82896245016029],[129.1714753506989,35.83028956992582],[129.1705224398144,35.832573336197534],[129.1673940237371,35.833841242977776],[129.1653950827439,35.83822462072369],[129.16649121185463,35.83857578860942],[129.16718331151878,35.84132743042607],[129.17096231996757,35.84321595938483]]],[[[129.17249857078735,35.86353225406142],[129.17351882452076,35.8645282176186],[129.17500291692085,35.864395019342915],[129.17503427131174,35.86064963774318],[129.17617166283512,35.85969145655097],[129.1756889115979,35.857287688658005],[129.17922684326237,35.85672399995385],[129.17890567228406,35.85615150871587],[129.18033828479082,35.85525220461208],[129.18479866502247,35.856920962185725],[129.18811984282473,35.85687284181204],[129.18721524044594,35.85405823773503],[129.1911950703194,35.85270948304721],[129.19131569327118,35.85407069199712],[129.1902221832212,35.85439225175355],[129.19176500278257,35.857291593562046],[129.19353875682984,35.85790928622093],[129.19816305389048,35.85709754468895],[129.19545062659193,35.85673507410797],[129.1953075528166,35.85521823259202],[129.1977420287554,35.854739773672684],[129.19563160382458,35.85353939520552],[129.19739724828625,35.85328292642099],[129.19692325194328,35.85208044009946],[129.1950857953061,35.85099630098159],[129.19364891831412,35.851353095911364],[129.19432272978403,35.85015290409124],[129.19272060677554,35.84898628762608],[129.19574814169684,35.849006118069326],[129.19437117101336,35.84664204458595],[129.19241803584575,35.846714777131616],[129.19384182038385,35.84571596580456],[129.193569231388,35.84497718499362],[129.18968135716958,35.846416516183254],[129.18905022195216,35.84813199647816],[129.18826706740643,35.846264821601544],[129.18631285290957,35.84620283043847],[129.1874540716914,35.845072677950405],[129.18690312604105,35.84466975093404],[129.18386486493017,35.845560973216614],[129.18426623744548,35.84705968917052],[129.18371311102428,35.847589987024385],[129.18353249723594,35.84572150266934],[129.1807189249674,35.84618078174528],[129.18100957126842,35.84716708926798],[129.18037350988268,35.84652531101737],[129.1792028911782,35.84739597856118],[129.1791558892575,35.84915742480554],[129.1767730921664,35.8512364479979],[129.1758040438467,35.849090026491496],[129.1737069731775,35.848876287568345],[129.17468741227836,35.84799604740007],[129.17253694079113,35.84870621956955],[129.17123555735586,35.85151116979663],[129.1726010533325,35.85498562255352],[129.1709576516054,35.85487464807898],[129.1707567616049,35.855654490442255],[129.16899994411736,35.855078317462315],[129.16996721613387,35.85745696866955],[129.16792043186746,35.85846359193428],[129.16893249699257,35.85927880603691],[129.16715612767626,35.859133778255675],[129.1697463934407,35.85991640235579],[129.16755521829492,35.86016540573002],[129.16852727877233,35.86018589870582],[129.16905863486926,35.86273173703445],[129.17092664572826,35.86489718580009],[129.17249857078735,35.86353225406142]]],[[[129.24650081207218,35.87050031329934],[129.25495917188917,35.86451436397303],[129.25437561321934,35.86344711172528],[129.25555192638194,35.862948466458214],[129.25532638707634,35.86187293580451],[129.25622262567364,35.861812682695344],[129.25749454172612,35.85942761498411],[129.2552864126244,35.85723788880171],[129.2556996902187,35.85582298973912],[129.25497396680925,35.85528294072113],[129.25710971776766,35.855926907659494],[129.26154810023075,35.853504333462155],[129.2609467307013,35.85148923839288],[129.2579767172097,35.84820624036596],[129.25167765072334,35.84702034604631],[129.25202385879973,35.845925392391905],[129.24933554677463,35.84416075112349],[129.24541112589398,35.84904380854275],[129.2444778765491,35.84811561012864],[129.2428561542378,35.85015516106796],[129.23828126896092,35.8512128306363],[129.23871825690685,35.85304391825964],[129.23798826854986,35.85161698690767],[129.23704693109664,35.85251428972679],[129.237286060826,35.851363479001655],[129.2363999776912,35.8511581482472],[129.23444294798261,35.852543941547125],[129.23275492992565,35.85185944167259],[129.23082521838117,35.85278512676958],[129.23036029122082,35.8551618714071],[129.2319147013274,35.85599842523365],[129.22973218838715,35.855367950408876],[129.22776062306136,35.86012798094301],[129.2294926931485,35.861340298797195],[129.2281366141973,35.86249641792151],[129.22831427459562,35.86384194774121],[129.23322596383355,35.866823052153],[129.2320710990174,35.86838018849793],[129.2336341231762,35.868235907542115],[129.2330571087318,35.865748176536144],[129.23439534653207,35.862113772419114],[129.2339422488224,35.859674891698255],[129.23586030951535,35.86160626057264],[129.2359982233231,35.86107518500681],[129.23735729603604,35.86037118932656],[129.2361375952774,35.861605981279176],[129.23657408957422,35.86253206120407],[129.23483689427516,35.86318714680947],[129.23516673779687,35.864278610101834],[129.23673553369608,35.86435975158098],[129.23598750192818,35.86535437004346],[129.23703018896637,35.865473935674544],[129.23737374923306,35.86647693454088],[129.23697828580825,35.86591611726272],[129.23565757074473,35.8668320306357],[129.2362356576913,35.86772987620842],[129.24088684426738,35.867045278113544],[129.2428435443941,35.8691644824548],[129.24650081207218,35.87050031329934]]],[[[129.3310838451043,35.89831508887214],[129.33476024525328,35.898509469087976],[129.33878283872292,35.89470275171331],[129.33750790596366,35.89258605036634],[129.3392039522037,35.89031591934653],[129.34370177902187,35.88808654289569],[129.34916923203875,35.88821854535296],[129.35085767586824,35.89142950405557],[129.3535590953476,35.889168244924456],[129.3538176810813,35.88687044331891],[129.35839601988516,35.8861877014024],[129.36184069309175,35.8883042703157],[129.36297577428323,35.88301212084647],[129.36585792007762,35.88175074239829],[129.36395152456487,35.880464933016626],[129.36400102660286,35.877565805263046],[129.36285919263221,35.87547822152789],[129.36108862430356,35.8751954617381],[129.36060900115208,35.87423556802027],[129.35673646451798,35.874164195458974],[129.3552856296274,35.87266051008718],[129.36022185402376,35.867646255071655],[129.35955329983963,35.86480683660579],[129.36556253279332,35.86393615498773],[129.36800048854545,35.86504631948842],[129.3687182401939,35.86287653070427],[129.3719464946561,35.86075664659178],[129.3738818575654,35.86130043031305],[129.3752848244001,35.86319011874188],[129.37939847013863,35.86450473610322],[129.383859706804,35.86254457615219],[129.38512902297643,35.86333259595373],[129.38865104231684,35.86226744723565],[129.39119716193247,35.86335334301191],[129.3931039432631,35.861263992278246],[129.3937979464676,35.85666946104395],[129.39684414463608,35.857033455509615],[129.39814951534515,35.85840586648238],[129.40085592587204,35.85742255001135],[129.4009963472141,35.854244793442774],[129.40277464143568,35.85097171518243],[129.4024677892781,35.84652288888698],[129.4037753701486,35.84488744526322],[129.40261335087564,35.838766839476094],[129.4038007528388,35.83834985519575],[129.40511205551695,35.832180722386624],[129.4041489591608,35.83117070788813],[129.405156462027,35.83115682881545],[129.4043646459799,35.83050019614531],[129.40509786189602,35.83014717954391],[129.40338374379022,35.82817730842128],[129.40589911608387,35.82730384443912],[129.4052918602504,35.82681187524077],[129.4072018665021,35.82525776615637],[129.4039008358505,35.82461245746517],[129.4075153095993,35.823862541339516],[129.40656419256862,35.82219467441471],[129.40757405577014,35.820984025062465],[129.40565656805117,35.82059188374323],[129.40783221724033,35.820312966469416],[129.4075124474468,35.81806947037832],[129.40858327339788,35.81755872408478],[129.40778557711903,35.81678642082649],[129.4091820456812,35.81632547954328],[129.40771975010728,35.81538747160349],[129.40892265830996,35.81118401880947],[129.4062805242563,35.81345703729536],[129.4036200108872,35.813085170804165],[129.40037765233419,35.81440372079815],[129.40098193454986,35.817136540673395],[129.3999294582721,35.81696817700315],[129.3981109819729,35.821135930476615],[129.39528862459647,35.82302806073971],[129.39766366751138,35.81950994853092],[129.3971140581776,35.818367310284884],[129.39866293721298,35.8174124732735],[129.39900183718447,35.81571698197829],[129.39854249656068,35.8158604816284],[129.397044776732,35.81526479927182],[129.39943133816976,35.815275196458295],[129.39910565116924,35.81406179866468],[129.4014191967492,35.812435709973315],[129.4000810749423,35.810799921673926],[129.40033068061717,35.81038703350911],[129.40204072767366,35.81171872397147],[129.40320851917048,35.81028965308035],[129.40366283432286,35.81128863898599],[129.40635493478385,35.80933294647716],[129.40729758043153,35.81000640975791],[129.41016939821682,35.809153271722614],[129.4100822240845,35.80823123967809],[129.4086425010838,35.808213798982116],[129.41101849027464,35.80668854628257],[129.40892372238224,35.80655761857202],[129.4115547456427,35.805653696158004],[129.40769694520804,35.80592367561059],[129.41006214166865,35.805385717784375],[129.40806556363572,35.804209896661675],[129.41310724103832,35.804586096041746],[129.41074543897474,35.80391388634831],[129.41408480497924,35.80362368761834],[129.41143971617453,35.80117057126481],[129.40817525219327,35.80034123262342],[129.40830697105105,35.79948701286719],[129.41034947512273,35.80034896261234],[129.41056503196307,35.79941540798724],[129.41148498962923,35.80049759673002],[129.41207455228798,35.79956103258286],[129.4145872510308,35.80239909068771],[129.41522128907712,35.800925519538985],[129.41695489173654,35.80134849212481],[129.4165414143476,35.800220498461236],[129.41748759828818,35.800641141624354],[129.41833033339302,35.799078201483745],[129.41579781934595,35.79876307211013],[129.41251169190716,35.79644713004284],[129.41108384762776,35.79649564978386],[129.4096009454284,35.79800472345034],[129.40867756727695,35.79680089305464],[129.4106245311059,35.7958857165772],[129.4078194854746,35.79457417853443],[129.40492599170946,35.79733928972576],[129.4046596614704,35.79662560737009],[129.40613944884694,35.795387240412886],[129.4049023361357,35.79355467247558],[129.3994689410936,35.79453625709849],[129.39913426293245,35.796738833266744],[129.3971525604366,35.79556682493109],[129.393982173224,35.7992859150108],[129.39540939601773,35.796232716484624],[129.39697601142962,35.795296696304995],[129.3938303548653,35.794580254588006],[129.39032020262314,35.79689327619281],[129.38556999284972,35.79801123813607],[129.38573325173854,35.798916122059495],[129.38475458513548,35.79805315933341],[129.3815521147334,35.79853498190757],[129.3821421730972,35.79795357938784],[129.38058622757399,35.79578676258601],[129.37364313834573,35.79385007454394],[129.3699344705103,35.79466079625922],[129.36546543611323,35.799504444140894],[129.3650491390068,35.798593635687986],[129.3630345530029,35.800003836604596],[129.3620275219815,35.79956981499302],[129.3621969061427,35.80049239048486],[129.36065355546813,35.79965802805515],[129.36035586292306,35.800053810594726],[129.35685403572083,35.80117287947266],[129.35870456994886,35.80043380839797],[129.3570290320663,35.80069130904633],[129.3581281219366,35.79973557338945],[129.36044048180358,35.79962516198454],[129.35908786076914,35.79851094441038],[129.35961583030922,35.798045154382436],[129.364484681737,35.79684185375685],[129.3574120480003,35.79545597486436],[129.36374987556223,35.794396859913284],[129.36329649654434,35.79370489061123],[129.36075154952135,35.79386033609008],[129.36108228770516,35.79316417277701],[129.35967355828967,35.79263037450409],[129.363093348685,35.79169197887583],[129.35991812460878,35.79041272208011],[129.36042018905982,35.78977567839228],[129.35947917296207,35.789265236688486],[129.3651911298421,35.79061429002879],[129.36767217996263,35.78930817335435],[129.3701642518265,35.789265140064586],[129.37219506703119,35.788429620162454],[129.37095383097684,35.786954679093256],[129.3738585306139,35.78752085045611],[129.374292114653,35.78609731338684],[129.37310444526676,35.78495826203588],[129.37644851568535,35.78577298951718],[129.37689166047187,35.78675816377349],[129.37955057784973,35.786881310105414],[129.37706474953333,35.78402964285927],[129.38092506658114,35.78511727261634],[129.37991305736656,35.7838441852094],[129.38125398279658,35.783830873406416],[129.3816757924328,35.782843206320436],[129.3805778583182,35.7822059081292],[129.3807407468549,35.78087869142956],[129.37868655884964,35.77965758812842],[129.37671717883066,35.78020030154138],[129.37574991685304,35.77732278408105],[129.37414751475617,35.77591191493197],[129.3720657697669,35.77691611955622],[129.37215336465354,35.77618794256623],[129.3712289172271,35.77623636405376],[129.37364289168892,35.77556663818094],[129.37327404961565,35.77443184464421],[129.37186645089707,35.775344753543614],[129.3613049476769,35.77229037052243],[129.35622657470208,35.77337865542242],[129.35191878599005,35.77134027510666],[129.34053033563367,35.77236555384436],[129.3408644463786,35.77492513068207],[129.3426577504224,35.775500678004924],[129.3405690418954,35.77668966068604],[129.3423292069317,35.778052225598614],[129.34112646664067,35.778719250878886],[129.34186009836733,35.77951593374357],[129.34106977575232,35.780060159485245],[129.342063473831,35.78072906294699],[129.34060524432044,35.78148422440631],[129.34160528663213,35.78295644500288],[129.34018410553008,35.78299159506803],[129.34096750000472,35.784619344233704],[129.33932469974178,35.785397808771876],[129.3397156043972,35.78645727897274],[129.33794348867093,35.78571751464411],[129.33879734632734,35.7869169913439],[129.33700263590532,35.786827500178966],[129.3370482977844,35.78767679718304],[129.3339223421894,35.785539836777296],[129.334040436176,35.78679344784335],[129.33236726781823,35.78617007088586],[129.3287749385042,35.78890419110119],[129.3267076035842,35.78827061348478],[129.32791942155242,35.78929764301526],[129.3281995529192,35.79161403801733],[129.32627687860744,35.792355754635075],[129.32698539922063,35.79496680467943],[129.32631076619953,35.794363881607154],[129.32438936203516,35.79504201527591],[129.3243294325425,35.79638349617019],[129.3223550750972,35.7960653562473],[129.32394120356005,35.79698498086462],[129.32237017172577,35.79693353068242],[129.32264657177083,35.79779771793719],[129.3203219012884,35.797116770203516],[129.3245674116835,35.79990127409238],[129.3225790807393,35.80011040911056],[129.32402359680438,35.80217469113138],[129.31924787256216,35.80058207253066],[129.31852722937305,35.80304399294015],[129.31670323950837,35.80103471926443],[129.31436983028695,35.80366387965268],[129.31531959423722,35.80448496105099],[129.31339347339525,35.80521623982775],[129.31229277192307,35.806750310539265],[129.31279219250777,35.80738128503293],[129.31143725832172,35.8080181884206],[129.3120608436358,35.80928022402144],[129.3110277555107,35.808794157792384],[129.31063124853216,35.809784139652976],[129.30975996031228,35.808388217846606],[129.30890574185062,35.8090651381411],[129.30933870250198,35.811395183697684],[129.30763264210262,35.814116872083304],[129.30824853492516,35.81468571464263],[129.30736398630867,35.81491646304517],[129.30793343210357,35.816256923580156],[129.30660241695583,35.81636445963355],[129.30400007252604,35.82482998472854],[129.3047125602397,35.828297652896445],[129.30388735711486,35.82853163368939],[129.30378057527815,35.83065735195244],[129.30681708749728,35.83012736088236],[129.30882109204742,35.828675007403476],[129.3096630245037,35.83163894324514],[129.31121409148827,35.83221126040121],[129.31204950370804,35.82971076317727],[129.3114421870659,35.82880870010356],[129.3122473605286,35.828407918859774],[129.31058732531238,35.82659872886946],[129.31175958898885,35.826221147648056],[129.31058707852443,35.82360955062434],[129.31190486455282,35.82269913623093],[129.31478085792656,35.8263429118001],[129.31410935748386,35.82710769538758],[129.3151858310011,35.82944539281363],[129.31621726233257,35.82799468471654],[129.31659148336882,35.829082756308246],[129.31756979394876,35.82942607884866],[129.3188617011599,35.82620050649265],[129.31953772800125,35.82679276456855],[129.3182653400507,35.829613748815525],[129.31551929830275,35.83037958154594],[129.3162758559045,35.8318971011817],[129.32081596685103,35.832818114962],[129.3198717250654,35.83110710138036],[129.32136068121466,35.830304262452366],[129.3235887899646,35.82985346393344],[129.32294107386525,35.83079559432648],[129.32050838182994,35.83107907397432],[129.32208466764084,35.83252010546345],[129.3247396599888,35.832674425819405],[129.32401828375689,35.833290412070674],[129.32493607173745,35.83391507046765],[129.32324281226977,35.833518145536054],[129.32306833703242,35.83484791433808],[129.32529041115933,35.836311366848356],[129.3248761578021,35.83800221647426],[129.32335188260032,35.83718216078361],[129.32447183998775,35.83666680392812],[129.31910307237663,35.83620061242015],[129.31974329552938,35.8377623152792],[129.31826382660824,35.83869385286636],[129.32044185048852,35.839580930522466],[129.31846674995225,35.84067629270173],[129.31995356385409,35.84149432348531],[129.32110333502587,35.84101080586402],[129.32134771945456,35.841812618173876],[129.31922037543058,35.84221664115427],[129.31677921063692,35.841060550323824],[129.31885754372365,35.84417380408656],[129.32319585724076,35.8471110948078],[129.31913856377398,35.84685238849848],[129.31705424328007,35.845575973127325],[129.31303485393101,35.84619336184497],[129.3123614708482,35.843546625203885],[129.3123574838593,35.84660969764542],[129.31601055070078,35.84669976328045],[129.31366901424735,35.84816614896343],[129.31567448243183,35.849573239699055],[129.31375610324463,35.84998566714175],[129.312318346736,35.848797946610915],[129.31196462071216,35.850568820602945],[129.31237186182818,35.851448132334426],[129.31335904056215,35.85075334511468],[129.31416620982634,35.85156198117839],[129.31277035616398,35.852771284816086],[129.31586189080286,35.85277252757744],[129.31335351962394,35.85497130160209],[129.3153558189374,35.855031833295335],[129.31628867555153,35.85645539802369],[129.31693931109493,35.85801076566478],[129.31575764954306,35.858773976817574],[129.3156031038827,35.85967400021182],[129.31613940256244,35.85885527606147],[129.31748656597964,35.859587509017054],[129.3192405079872,35.85813261159533],[129.3200749188142,35.859476970888785],[129.31761342612762,35.859536263371425],[129.31890273433072,35.86023806194033],[129.31595799787314,35.86088627460421],[129.31645212187598,35.86169667733345],[129.31806819171985,35.860539223274635],[129.31780913718535,35.86209540264318],[129.3197407393911,35.86240552876166],[129.3182210240244,35.86348426997087],[129.31951570683177,35.8690395366761],[129.3204981315333,35.86957039576274],[129.3197489550365,35.87099596092457],[129.32122688667232,35.87330701860733],[129.32344765629597,35.873752958885355],[129.32589662525902,35.872923959428945],[129.32463234739478,35.874790530685424],[129.32855144503188,35.87438529065391],[129.32912370450788,35.87578692986803],[129.33385472306574,35.87666135207661],[129.333980808529,35.87818513787742],[129.33086218994853,35.87733960330061],[129.32753495821407,35.878105689727484],[129.3276209295563,35.879554725721235],[129.32612024638465,35.881766878293675],[129.32619769683686,35.88337466522272],[129.32931349646918,35.88802104809712],[129.32899900051785,35.89131724849346],[129.3271921080349,35.89288809367828],[129.3284337940187,35.89564490331144],[129.3275985123786,35.89873845649122],[129.32895900664917,35.89835834688563],[129.32989825662915,35.900073833538215],[129.3310838451043,35.89831508887214]],[[129.3695560790082,35.8300599273672],[129.3680261248087,35.8251845659537],[129.36862422410627,35.82427721058623],[129.36724092246888,35.81821129766312],[129.36084324583643,35.81431240167121],[129.3585819738729,35.815027011932656],[129.35910506887598,35.81615038621236],[129.35739842032083,35.814978134647326],[129.35476135256337,35.81608786544391],[129.35339374139969,35.81446044729101],[129.3553385982292,35.81521709837275],[129.35839778988722,35.813021547635635],[129.36200997179043,35.81353803335767],[129.36508939742822,35.81686298503767],[129.36766608646647,35.817774872564634],[129.36926401658278,35.82289343039546],[129.36844636601245,35.825089020512735],[129.37031136176083,35.829737761501136],[129.3695560790082,35.8300599273672]],[[129.34247046697095,35.8229273555601],[129.3454411594933,35.82616008797894],[129.3435691667759,35.824797786909926],[129.3415756087536,35.825046232472616],[129.34143103144982,35.823421872731075],[129.3406315386509,35.82354129634547],[129.34247046697095,35.8229273555601]],[[129.40749065269162,35.79989119942289],[129.4055158997745,35.80006986370306],[129.4048538837877,35.79885122488129],[129.40815730928094,35.79725256369328],[129.40786532977677,35.79851577780333],[129.4063694527722,35.799327264441146],[129.40749065269162,35.79989119942289]]],[[[129.13277201871207,35.907192817276034],[129.13717486653198,35.90595544033252],[129.13559260733118,35.90512442492628],[129.13842271785762,35.905254192243326],[129.13369714305284,35.9027398803306],[129.13150227381482,35.90260969841111],[129.13405942588795,35.90235881146507],[129.13059034954065,35.89977235329928],[129.13388474629323,35.901231032741336],[129.1343386195511,35.90013834296313],[129.13557738011897,35.90196904904097],[129.13870850735196,35.9034814103351],[129.13925898159238,35.90029486908474],[129.14051743399347,35.89931391175996],[129.1420845358508,35.90138709056568],[129.14501333299842,35.90205861042479],[129.14573557508461,35.90404808580031],[129.14703145426742,35.9035832032263],[129.14605991431,35.90217764693939],[129.1472909194601,35.9033595739443],[129.1497556562364,35.90278573076099],[129.14618228601296,35.900251405935656],[129.14659543349296,35.899675311920994],[129.14420985604326,35.89674318258023],[129.15224212005674,35.90289141482858],[129.15673150180638,35.90145539869781],[129.1473065632656,35.89677438579878],[129.14645103898619,35.8943727603559],[129.15302311177985,35.89798746763839],[129.1554470251327,35.89832696973383],[129.15280790172721,35.89282237688095],[129.15281658867775,35.89089763305629],[129.1503884799944,35.889401908817625],[129.14938891886896,35.88676100052927],[129.1433679221953,35.88336505477669],[129.1372079086254,35.88304135418051],[129.13228348884599,35.89062858547543],[129.12734696496193,35.89132176990631],[129.12341120359446,35.896341064046],[129.12730866240838,35.904904573878405],[129.1295523643099,35.90517418773354],[129.13277201871207,35.907192817276034]]],[[[129.14438701275802,35.91376644105888],[129.15539284836845,35.91243767486485],[129.15603650415116,35.90658645936422],[129.15420349727157,35.90613786892163],[129.15223159473717,35.90824469642211],[129.15269918887373,35.90626499089885],[129.14891707867736,35.90683029334309],[129.14783009857456,35.90846103181029],[129.14758238510348,35.90717558523817],[129.1394519078308,35.90799082332578],[129.13699563209013,35.90856724224097],[129.13624198526423,35.9096493908603],[129.1355124477093,35.909096060835644],[129.1377152879332,35.91293567244876],[129.14438701275802,35.91376644105888]]]]}},{"type":"Feature","properties":{"id":"jirisan","name":"지리산국립공원","year":1967},"geometry":{"type":"MultiPolygon","coordinates":[[[[127.75774840394214,35.248993077507166],[127.7580531630142,35.24881607421229],[127.75793364022995,35.24883870530076],[127.7577274571698,35.24899017998986],[127.75740178307503,35.24909446886364],[127.75714392643512,35.24921462016828],[127.75774840394214,35.248993077507166]]],[[[127.58449124250839,35.44788013048302],[127.58295282944273,35.444063080080355],[127.58394949731738,35.44296509342754],[127.5858015217395,35.44320228845842],[127.58701960809294,35.44474823892558],[127.5881928792728,35.44360312447071],[127.59284365712966,35.44603781718622],[127.59547751686578,35.44548897701031],[127.59407632389991,35.44436464651634],[127.59390090681553,35.441558511197655],[127.59191291330495,35.439063366127094],[127.59647564242385,35.43883267821052],[127.59561573940664,35.434980984712915],[127.59973389535395,35.43298458894715],[127.59720120193006,35.431967021452564],[127.59461620766893,35.43325694025335],[127.5959188334286,35.431274555245494],[127.59521093561737,35.43142843934751],[127.59549601227815,35.42952758834811],[127.59683857428855,35.42981791813481],[127.59755159795783,35.42794979554027],[127.59501908918553,35.42714911851616],[127.59406811578454,35.4283515691914],[127.59337636404685,35.42612348233386],[127.59259263972051,35.42630499415046],[127.59155806417205,35.42445055749875],[127.59556573187668,35.42442360787102],[127.5971153875161,35.422425636493685],[127.59881106074619,35.42370665909889],[127.60346558599622,35.42404911330307],[127.6045575401921,35.42265737817446],[127.60259380779512,35.41897671066512],[127.60631499170341,35.4173085742903],[127.60348446495901,35.41550101019379],[127.60528213611417,35.41431475884492],[127.6040596883622,35.41299514221388],[127.60210039207774,35.41287412286778],[127.60161871905926,35.4108395787879],[127.6023034540292,35.41053649218586],[127.60141265758236,35.40946260422201],[127.5981587493131,35.41195225177568],[127.5968502351143,35.411513736977604],[127.59583357090432,35.4124515000599],[127.59464592886812,35.41004248373741],[127.59514442780944,35.409126656265514],[127.59154746630182,35.40881699258055],[127.58922085964541,35.40601934000036],[127.58978188899668,35.40522812119096],[127.58864311162895,35.4051754128517],[127.59044843829659,35.40398484561455],[127.58994479513359,35.40511764553217],[127.59870517944445,35.403479394988096],[127.60284320421493,35.40058571089493],[127.60340318845178,35.39932077744551],[127.6027591653762,35.39913713589568],[127.59865302307385,35.400812124003046],[127.59860993806404,35.39997616302017],[127.59751818254243,35.40004296060538],[127.59834758163761,35.39921357987887],[127.59663418733432,35.39956888090407],[127.59895778062646,35.39873684698352],[127.59828218417984,35.39776894316],[127.59885286226641,35.39689029705672],[127.59771700695954,35.39692548303332],[127.59917698298078,35.39604950898942],[127.59769773260909,35.39539126347311],[127.59752935483087,35.39502934699566],[127.59924619568457,35.395903732325664],[127.60149195973568,35.395056886693745],[127.60881767136195,35.38601023285946],[127.60780030711184,35.38942469427509],[127.60921195525388,35.390549187370226],[127.60803396286427,35.3926572160773],[127.61014394826765,35.39370716647365],[127.61278946810583,35.39284397050911],[127.6126070045611,35.394117352285384],[127.61392908670746,35.395022684546895],[127.61280730366104,35.395819709671386],[127.61497353593778,35.39910280508266],[127.61890944126033,35.39865129903151],[127.61986722814262,35.39960367166731],[127.62129974149805,35.395802059086876],[127.6229887750063,35.402608811189076],[127.62205203860226,35.404398291993665],[127.62850715290018,35.40189169861034],[127.63341082910468,35.40568246370081],[127.6307605381081,35.40792268969555],[127.63020084404894,35.40958987108116],[127.63127421374152,35.41207150290833],[127.63253103917894,35.41226937528894],[127.63508267661341,35.41509472861356],[127.64300785994575,35.411167041831334],[127.64397529653776,35.4065429648974],[127.6432785556325,35.404646289539805],[127.64722497881787,35.4037130159467],[127.64660770925938,35.40082829964668],[127.64286315349784,35.39892766049531],[127.64179431107394,35.395506326417824],[127.64131438158773,35.395730390911716],[127.64083407513222,35.39569787331031],[127.64047848639467,35.39444933549333],[127.6364504410616,35.39132611551148],[127.64168656890227,35.39046447130749],[127.64583775040501,35.388395547259876],[127.64621594385324,35.387028508826404],[127.64469904436277,35.38408447076392],[127.64528820800105,35.382190311044226],[127.64433449753362,35.38099990180256],[127.64549546098817,35.379741720106466],[127.6454038946504,35.37710950297844],[127.64686110263969,35.37659294305855],[127.64515745599006,35.37592632365362],[127.64425808396328,35.37407100162056],[127.64222846741495,35.374355299640506],[127.64453279752783,35.372452313071754],[127.64243449371158,35.3725213069539],[127.6431397984918,35.371440451667986],[127.64117390508483,35.36993037468453],[127.64273817978511,35.368049353822094],[127.63816975295948,35.36733696367632],[127.63504251351218,35.368797497207645],[127.63711984698541,35.36623343503778],[127.63686458209187,35.36459196860165],[127.63220346733804,35.36388497593282],[127.63119408947942,35.36206158038565],[127.63616104807649,35.36180864869409],[127.63577877876459,35.35935626449826],[127.63725169800641,35.35840625467287],[127.63642250173282,35.3560081817115],[127.63799647970488,35.35588796033172],[127.63691323680465,35.35476468371618],[127.63885916636362,35.35404348671822],[127.64107481448494,35.354689195113565],[127.63707009008597,35.35199449529875],[127.63508744499356,35.35202082113645],[127.64154059233626,35.350975779241914],[127.6413547870928,35.34966527107766],[127.63860638518912,35.34912837871955],[127.63894965901247,35.34817063306482],[127.64053964820093,35.347854350532],[127.63923757253654,35.34661985657014],[127.64127206694141,35.34642956460415],[127.64068606674498,35.34235190271413],[127.64245515976644,35.343446637462286],[127.64340924585662,35.34288150174879],[127.64309878611364,35.34404556697461],[127.64422741555593,35.34592069033031],[127.64592715744071,35.34276896040074],[127.64698943557038,35.34405495663122],[127.64666178749165,35.34550015000951],[127.64771701734334,35.34607468465406],[127.64651108320778,35.34738243343806],[127.64877696044341,35.348961848430136],[127.64826529015333,35.34996711104366],[127.6499809565866,35.350400009085114],[127.65035181573707,35.35162559814828],[127.6519105178671,35.35077972642147],[127.65288221850919,35.352323838925535],[127.65273184250016,35.35599801142243],[127.65394109264817,35.35656291708187],[127.65482639603134,35.354552008715835],[127.65360712515178,35.35251586483928],[127.65346772486748,35.351620439194086],[127.65868400202892,35.35492920082676],[127.6590438316648,35.35807315911474],[127.66326517815608,35.35823966228831],[127.66461896159187,35.36118230092633],[127.66416103175429,35.36225916720742],[127.66914660178713,35.365393561997855],[127.66930192043151,35.36872382033456],[127.67138695920505,35.372535036131545],[127.67380502140763,35.37502308364955],[127.67680986390532,35.37510560097104],[127.67782863935842,35.37599636397926],[127.67486281823032,35.375387182097256],[127.67563193622208,35.37616283452573],[127.67363333686261,35.37677373514745],[127.67148703850239,35.37607867009398],[127.6721242080498,35.37883212568395],[127.67015076689545,35.378824469137136],[127.67072586870061,35.381309849989655],[127.66894977321897,35.381387379553466],[127.6696882095616,35.382324508273314],[127.66909861213553,35.38340351223929],[127.67072405925265,35.38352058720921],[127.66916861998983,35.38389251622542],[127.66833063053345,35.386457819613774],[127.66976587564872,35.38737802089952],[127.67152937095992,35.385684471841785],[127.66970204358464,35.38800029791225],[127.67220897767042,35.38835582179809],[127.67042123934061,35.388689606678405],[127.67047107684076,35.389749880933884],[127.67115294329592,35.39131637848413],[127.67221263846034,35.390312180123665],[127.67304531204915,35.3914722041202],[127.67240141815498,35.391982176632624],[127.67430843253489,35.39327893183973],[127.67140322735874,35.3937329229171],[127.67382765216122,35.39456415660148],[127.67398742506275,35.395854638729745],[127.67517425461108,35.39572660294291],[127.67647602715572,35.39771157457969],[127.67969285542695,35.39951277318601],[127.67681279991012,35.39549084059105],[127.67704815971634,35.39390230212869],[127.67609391032853,35.39358950333389],[127.67856328316665,35.39325017552592],[127.67982105038523,35.393776670216646],[127.67881399930862,35.395603736379805],[127.67992125138251,35.39649738797838],[127.68002140843731,35.39534523697132],[127.68466236453135,35.39670628182492],[127.6832075561302,35.39478840366803],[127.68369802274543,35.394298339087726],[127.68529944245911,35.39601049326047],[127.6845877009654,35.39594274972831],[127.68491644152093,35.39677464474141],[127.6894147331759,35.39599176972665],[127.68961259118961,35.39670845406248],[127.68773508903782,35.39734433738222],[127.68612356131318,35.399900241068046],[127.69046084594669,35.39823573410281],[127.69281365621586,35.395608769266836],[127.69266727856449,35.394257214668144],[127.69517548703539,35.39192826090472],[127.692483374059,35.38985223634019],[127.69499589491343,35.39114841666808],[127.69537665404698,35.38960339760374],[127.6920318073617,35.38895164537834],[127.6927521300765,35.38732276439098],[127.6939150054682,35.38735663653218],[127.69292997759155,35.38597506237418],[127.69369490786711,35.385539114237645],[127.69225408556025,35.385483646988135],[127.6907958146124,35.384217710300305],[127.69421667331284,35.38488266320915],[127.6931016270751,35.38251700363541],[127.69533731333163,35.38481702631062],[127.6974569985209,35.38446896554862],[127.69712710539034,35.38298020743206],[127.69832831652755,35.38306764229209],[127.69804639212487,35.384471292172286],[127.70195894655244,35.380887550670536],[127.70179669848285,35.38295971170884],[127.70023599155292,35.38446894135339],[127.70185402798526,35.38459484851544],[127.70072029642871,35.38549286243374],[127.70361446780547,35.3852066435445],[127.70630234347716,35.38751354733258],[127.71063087026563,35.38872524806738],[127.71058843672891,35.387677270432604],[127.71084078253583,35.38870921013098],[127.71218121500664,35.38791346971721],[127.71305120985396,35.38965918124553],[127.71388617893466,35.388860758707445],[127.71544789803616,35.38961412670655],[127.71895870586943,35.38889184860322],[127.72280334904278,35.39154093394275],[127.72518058596823,35.39085812994519],[127.7241685558424,35.391937793794845],[127.71986161061255,35.39145277119363],[127.71738088111047,35.392408423410075],[127.71881228295126,35.393848116849604],[127.7206088444588,35.39306621489183],[127.72458134000192,35.39343708963175],[127.72478145985349,35.39551933503006],[127.72955279723617,35.39610282318554],[127.72919436723515,35.39767945466624],[127.73144489857644,35.39642722711084],[127.73404302362803,35.39835766443041],[127.73479415045267,35.39927704160698],[127.73401803333664,35.40002451600909],[127.73289159463539,35.39929207329952],[127.73014609670126,35.40373753417092],[127.73336561935254,35.403156653969894],[127.73534515748945,35.404691353020645],[127.7389542840019,35.40373788533803],[127.74042595325342,35.40649676137582],[127.73988830682939,35.40779015945386],[127.74070869293553,35.40829725561442],[127.74015496020816,35.409541722702826],[127.7408560802323,35.41118769838442],[127.7417055845979,35.411166452026954],[127.7429315519279,35.40873526822788],[127.74484436227596,35.40903508759605],[127.74555196509716,35.4121789421548],[127.74710494428494,35.4144124981711],[127.74897669839034,35.41466386890826],[127.74886886714874,35.416002630250105],[127.75180673215273,35.419610412258706],[127.75323229128871,35.41702216322823],[127.75039044573427,35.41353615554229],[127.75290781995902,35.412227225949465],[127.75362275187813,35.41083866339364],[127.75686329486203,35.40978538034158],[127.75758351320812,35.412850129181166],[127.75678395419963,35.414225453945456],[127.75807703807858,35.415673394554815],[127.7577762577143,35.417052990225706],[127.76035706065413,35.416164532963975],[127.76391356770004,35.41828220885311],[127.7638333570965,35.416925139144816],[127.76082299319282,35.41533034478672],[127.76017060042494,35.41244644085766],[127.76351896312494,35.405657209374596],[127.7654944087831,35.40631826506105],[127.76708224538339,35.40518394087709],[127.76534125425314,35.40304844819833],[127.76846477075074,35.40145040422934],[127.76371248013393,35.400683518252855],[127.76392903981949,35.39914627798443],[127.76205256147541,35.39845440541995],[127.76166806350537,35.39674184644747],[127.7636743500109,35.39717255016737],[127.76477613823785,35.39577724258485],[127.7670773167025,35.39717608702079],[127.76923630137104,35.39660673818989],[127.76662663632322,35.39618286133327],[127.76537562588919,35.39473065775697],[127.76728129084947,35.39417331041278],[127.76726363660376,35.39173542549018],[127.77041529290459,35.39297757670641],[127.77077634242806,35.39213428200654],[127.76936683159694,35.39121771192338],[127.77155436547451,35.391203787701265],[127.7706485902373,35.39007465006296],[127.77197510474964,35.38823684289474],[127.77530498280183,35.39065274603214],[127.7752600759652,35.39204697250415],[127.77921255529213,35.39108199498478],[127.7789108135346,35.39413859585602],[127.78049860387607,35.39481758496331],[127.7795058122012,35.39520036239412],[127.77946715300465,35.397455281877214],[127.78539318717797,35.397157038806824],[127.78324303191177,35.40016992763977],[127.78670369443763,35.39857310735372],[127.78795682803094,35.39912060064519],[127.78753542202988,35.40161198608437],[127.79240205962799,35.401252870367486],[127.79305182034146,35.400359491855525],[127.79461911704536,35.40158523977422],[127.79758222073033,35.40032926856722],[127.79621675465317,35.397765708538664],[127.79867833397735,35.39760771586122],[127.8027694904419,35.3991906208313],[127.80301333791991,35.397580832410284],[127.79959827841085,35.395960122077206],[127.79787682448735,35.393633256789194],[127.7995934774085,35.394266494477044],[127.80057529725207,35.393467544494634],[127.80359101152429,35.3936056179413],[127.80046760972435,35.390328845560454],[127.8035109152955,35.38924231804823],[127.80620968355109,35.38985363456199],[127.80594452889109,35.387248831965124],[127.80442558002288,35.384894480545626],[127.80946817902064,35.385673069840486],[127.80684534734846,35.38243547879817],[127.80506109934556,35.3817745447817],[127.80625576539978,35.381014465344556],[127.80525023477877,35.37987264253684],[127.80694063475251,35.379698702405214],[127.8071379397858,35.37866775106209],[127.81010253698278,35.38027856398574],[127.80961001614132,35.377978518028485],[127.81037770893656,35.37767000619783],[127.81386173722125,35.37905850494932],[127.81429007653257,35.377206985142436],[127.81345122810305,35.375364976782485],[127.81441664527372,35.374871517397764],[127.8170492757277,35.376059524945816],[127.81715904587968,35.37402015209163],[127.82013469961963,35.375775302505154],[127.82169973462125,35.374675478238906],[127.82511776522537,35.381374219407775],[127.83229078152041,35.38554439857101],[127.83937419932427,35.38327817082862],[127.84387917717397,35.385442976030674],[127.84676259407546,35.38537426191976],[127.84590619125653,35.383566828083616],[127.84696103894483,35.38252854832881],[127.84673947497866,35.380863174393916],[127.84924709793212,35.377366423523505],[127.84949178676462,35.37591296405594],[127.84527674943851,35.37910392501952],[127.84512185397143,35.37785836149703],[127.84400349426653,35.3776183464149],[127.84199791918022,35.3747820307588],[127.84002206369162,35.378682030380176],[127.83285284503356,35.37915161872616],[127.82931125283525,35.3758717956441],[127.82245799253118,35.374062407635584],[127.81929033913586,35.37050584888294],[127.82017633922173,35.367872446759634],[127.81505042975098,35.36231748730076],[127.81581958252312,35.361530137070865],[127.82251303575806,35.36126671789067],[127.82562524441738,35.35448097377601],[127.82381946630765,35.346349993063384],[127.82273815342509,35.34551061350514],[127.8208085674966,35.347249599456006],[127.82013932674808,35.34650713112776],[127.82133681486671,35.34608472518826],[127.8210240345036,35.343389492807106],[127.81868307969965,35.343192473471355],[127.81881680174818,35.34460411689582],[127.81289655534496,35.34118465473487],[127.80834078212615,35.34342532869855],[127.80424760251567,35.34230730264751],[127.8063331517391,35.344965870802945],[127.81105185764652,35.347516213054405],[127.80937043686501,35.34857900554219],[127.80723450034895,35.34770079934502],[127.80648294635886,35.34902115912529],[127.80491083968533,35.34774555910834],[127.80352784449418,35.348825574562575],[127.80309117883475,35.347952591135964],[127.80058150620337,35.34846624727583],[127.79656485053683,35.34555771446912],[127.79661673816936,35.343631182630716],[127.80030190989024,35.344103770725674],[127.79708742017036,35.34149813802202],[127.79723913299793,35.34056961335397],[127.80015848446558,35.34084174992225],[127.79927081830466,35.339499990429914],[127.80053221760578,35.33907273562518],[127.79923991750327,35.336971601345],[127.80145969223335,35.33715314495281],[127.80365536801568,35.338712712381806],[127.80378273163826,35.337665730326414],[127.80133727267913,35.3352445537706],[127.80208466495183,35.334710634150625],[127.80111702098752,35.33340799186285],[127.80267991182373,35.332781425981295],[127.80224056932437,35.33124789205423],[127.80369014851702,35.33150281332219],[127.80351459121475,35.33039835428044],[127.80520703758249,35.330701307618476],[127.80550372551009,35.32974143401794],[127.80821969020809,35.32959346399297],[127.80956679423268,35.33092424830885],[127.81041419430342,35.329807009316966],[127.81219295941656,35.330305229538574],[127.80937149013373,35.32765518980136],[127.8121555812659,35.32656157417991],[127.81259644809748,35.32465345059883],[127.81663267361671,35.3216239237216],[127.81968589328483,35.3157484477725],[127.81937659345651,35.30636716724998],[127.81852734390901,35.304301995497816],[127.82091530818798,35.30056109917896],[127.82044403200064,35.29443301580214],[127.81915908013463,35.294698779308],[127.81988735212526,35.293247450754826],[127.81516892031061,35.28687527413968],[127.80684754618181,35.2851614583969],[127.80423671154216,35.2834378501223],[127.80054757630296,35.27873645355494],[127.79777063128006,35.27782776960612],[127.79467551562296,35.282471900184035],[127.79322262036892,35.28888538264581],[127.7915944252575,35.29036029130775],[127.79157926592198,35.293528931240225],[127.78768223170994,35.296301144721255],[127.78825780468966,35.298612494795265],[127.7860956411977,35.30396812463121],[127.78422250501936,35.30550148457205],[127.78049385195096,35.304452557388885],[127.77598047420123,35.3059164240566],[127.7740870830606,35.30531883830935],[127.77397725888032,35.30149171355518],[127.77668564858232,35.30084919289189],[127.77944296540628,35.298605614227164],[127.77937916848093,35.29726965832241],[127.77741990793777,35.29665394345959],[127.77902961651228,35.2927692949732],[127.77680974748235,35.29236150818668],[127.77624687716202,35.2949826720047],[127.77300831259114,35.29558916023797],[127.77045249054656,35.29373467491386],[127.77047926584343,35.29661182793763],[127.76699895512398,35.297738610995474],[127.76433529710819,35.29406694034439],[127.76155994877821,35.29747606009955],[127.75664215727272,35.29766052970975],[127.75631415230127,35.29858970721791],[127.75762837081143,35.29939967752084],[127.7559570708801,35.30004826769738],[127.75484558813615,35.2992049120217],[127.7524621691629,35.30123792463747],[127.75211287734604,35.30303072006159],[127.74956812228753,35.303014789008536],[127.74976286609875,35.30434700501871],[127.74757193347581,35.30469348427703],[127.74655561334832,35.304191070255584],[127.74745896721423,35.303327180189015],[127.7464017819718,35.303288673597876],[127.74774877424112,35.30150839877058],[127.74556141935057,35.29996129772004],[127.7511806699379,35.299802314221544],[127.75312621882398,35.29760431511484],[127.75019219197753,35.29852746293085],[127.74618134859254,35.298251071635235],[127.7453864756107,35.295138688908764],[127.74701992425355,35.29471697658661],[127.74415419612285,35.29251282632117],[127.74606954785425,35.29008961582096],[127.74529337130517,35.28813296142784],[127.74659209404811,35.28670287274666],[127.74570861945675,35.285195156314906],[127.74360553718549,35.28679176926487],[127.74410734736334,35.2882331918495],[127.7429951439814,35.28940958167606],[127.74051294999859,35.28932265452798],[127.73839317540519,35.291341835575125],[127.73738987639912,35.29125016536929],[127.73742162555885,35.292058933742176],[127.7355481106632,35.29163480566351],[127.73502672676335,35.29292361512845],[127.73521124037705,35.28853831669887],[127.73387150252462,35.28741128050489],[127.73494596524385,35.28395813961996],[127.72818235135244,35.28589234580837],[127.72396934844657,35.28453451996471],[127.7236292568449,35.28628927731157],[127.72208115814044,35.28551928963567],[127.72210472061509,35.286750557199426],[127.72062201022712,35.286261550816626],[127.71880336323314,35.28833518119035],[127.71827455755914,35.285747044862575],[127.71421348082764,35.28573868433624],[127.71788986103199,35.28416621433307],[127.71746191179855,35.283276674276905],[127.71971414914788,35.281705945261386],[127.71877491608474,35.280473565360126],[127.72083752995752,35.278974061642884],[127.71919918071121,35.276934297255046],[127.72529737757588,35.27869103597755],[127.72608009196502,35.275451557174115],[127.72725694206878,35.27448900290254],[127.72893323673762,35.278125014724964],[127.72902210931676,35.27639918802361],[127.73110726402501,35.27542357779323],[127.73087510893424,35.27396169656229],[127.73310714576512,35.270654010507904],[127.73539753124986,35.271374437997984],[127.73597521601896,35.27344764680898],[127.73736404235675,35.27257809312307],[127.73758902730768,35.27081754234979],[127.73949576268977,35.27056644742643],[127.73798572794509,35.26828649453408],[127.73999953539288,35.265369016034434],[127.73755036499516,35.264125255908205],[127.73737450437744,35.26243239621511],[127.73983732708477,35.261916261995594],[127.74005819798815,35.260994762510364],[127.74106668464988,35.26132461240252],[127.74088957336502,35.2588879554808],[127.74395206815724,35.25986218051987],[127.74583062517883,35.259172301136296],[127.74924496410442,35.26253186912124],[127.75012531698808,35.261056338303874],[127.74902764528285,35.26009954853005],[127.75083431893387,35.25976532457873],[127.75114747513635,35.261253021529825],[127.75451985757576,35.26442869458531],[127.76019073119029,35.26193396467369],[127.7621116071916,35.26433852115185],[127.76411295992853,35.26499271365458],[127.76527366960897,35.2642644507504],[127.76402930614378,35.26365184537738],[127.7658626789687,35.26175803103557],[127.76503703594048,35.25818805276802],[127.76681285200873,35.25429083226648],[127.76854726986434,35.25472482865356],[127.77065507104103,35.253116251231646],[127.77409444101261,35.253113043162195],[127.77356622382717,35.249726079935215],[127.77733993166363,35.24735788113978],[127.7727831559957,35.24412783027588],[127.77037718269834,35.24462768655686],[127.76996738380574,35.24565301082475],[127.76530015065548,35.24555790581062],[127.76241643819475,35.248825418926835],[127.7593006536665,35.249339521577085],[127.75832276046141,35.25040282909721],[127.75690955561274,35.250007640440934],[127.75677227721143,35.249100445354756],[127.75841004623459,35.24655161451995],[127.7572768633415,35.24491351717959],[127.75498600400863,35.243744167437875],[127.74798580610086,35.24400959664145],[127.74658545551301,35.24248769202904],[127.74523779419752,35.242391798255134],[127.74354663180759,35.243646320515786],[127.74367499872774,35.2448784800037],[127.74180623606455,35.245287136139716],[127.74164898963737,35.24720663952539],[127.74014737477793,35.24615181043615],[127.73878465357716,35.247461530821155],[127.73839924437229,35.24949627387267],[127.73694183124769,35.25000975061529],[127.73494902411812,35.24769102348175],[127.73257642278763,35.24876446288496],[127.73187641482251,35.24756688330793],[127.73098619856201,35.24858937958161],[127.72879797824875,35.24844274709299],[127.73002105289865,35.24637615182943],[127.72960818655409,35.24503936954403],[127.73171126123826,35.243872832140134],[127.72920443310227,35.24201562484584],[127.7275867062573,35.242165946768516],[127.72789682747761,35.2394156971436],[127.72667270771315,35.23894074258214],[127.72518005949412,35.23999403438519],[127.72501426956124,35.242244174637456],[127.72285479242296,35.2425315166092],[127.72242460060767,35.24342962947466],[127.7212767717315,35.242776516550144],[127.72011846025069,35.2438844500761],[127.71959648142301,35.24190275575393],[127.7168624390211,35.24143115364727],[127.71630649417224,35.24242859277137],[127.71379193005406,35.24246856525294],[127.71416054160724,35.244174249428234],[127.71338164656385,35.244613836872404],[127.71261705029359,35.24369842845323],[127.71337865395107,35.24258976185083],[127.71144455530249,35.24159843471886],[127.7119882493657,35.24406330966844],[127.71059093702819,35.24460733963681],[127.71175256426022,35.246318784733006],[127.70966686692124,35.24613662394005],[127.70796882615649,35.248873270434856],[127.70726029958482,35.24683631548773],[127.70463398944509,35.24994698184183],[127.70357235526482,35.249327711102445],[127.70454157340896,35.24785747085759],[127.70315652055658,35.24715543532366],[127.70469026449082,35.24568293307924],[127.70197282747205,35.245089184509666],[127.70689375571341,35.24585781809127],[127.7086547176377,35.244412371525534],[127.70894071688593,35.24238125465121],[127.70711327289396,35.243417624058786],[127.70730094253939,35.24248288948819],[127.70508323177943,35.24482042146255],[127.7042663207169,35.24416487080782],[127.7046333822514,35.243164005182074],[127.70278990411211,35.24369917019847],[127.70641586863115,35.241554461569045],[127.70670764583662,35.23981985821208],[127.70550291674087,35.238678140125785],[127.70396708274423,35.23903677605839],[127.70401322630396,35.23817201636342],[127.7002076621266,35.23797590820324],[127.70378635779161,35.23726098991612],[127.7017617748544,35.234273793460915],[127.69909928914659,35.23269922011896],[127.70078407127431,35.23062004713141],[127.70235216109673,35.23027478499708],[127.70297014505681,35.23184166686165],[127.70505322210312,35.232170275957884],[127.70492380433666,35.2332503595644],[127.70574395540922,35.23354185441754],[127.70677227614101,35.23100216466789],[127.70898501387543,35.2293620971492],[127.70909268072441,35.228554334947496],[127.70704393320254,35.227474884222694],[127.70815791824647,35.22647990698997],[127.70756422114255,35.225225306975965],[127.70845471780846,35.22385884358034],[127.71315398634916,35.22402184744642],[127.71289856887485,35.22244414339308],[127.71447791406092,35.221362729703564],[127.71386197086932,35.220837009597275],[127.71664987516453,35.21840196505295],[127.7192350194797,35.2195770414803],[127.7192866028033,35.2173646216326],[127.72236626583373,35.21582480136203],[127.72263841965281,35.21437169151655],[127.71985334163503,35.21668031131458],[127.71541170739945,35.217006545460904],[127.71447721195378,35.21897170728364],[127.71126429690308,35.2190764831608],[127.71044793918465,35.22097476420048],[127.70736260427714,35.22061432856116],[127.70527212212312,35.221773792951836],[127.70418860164528,35.22099900141112],[127.70084910624587,35.22174931259147],[127.69951744801456,35.21855586034918],[127.70022890611932,35.216090873374185],[127.69651322331814,35.2148743838722],[127.69533664723926,35.21552071205705],[127.69567200707338,35.21795209281081],[127.69400338504553,35.21844980613881],[127.69421085999456,35.22109977120863],[127.68705741637763,35.22429548548214],[127.68750348203405,35.22509198117638],[127.68670749171203,35.22567063219012],[127.68763122735604,35.22672292167636],[127.68957867745083,35.22672646872571],[127.69016923839759,35.22765426645098],[127.6891386621265,35.22838208451285],[127.69034058133992,35.22914957645007],[127.68341436752821,35.22971075011196],[127.68539662933598,35.231063194873805],[127.68233454341231,35.22973861362023],[127.67946353256069,35.231008278677024],[127.67285926394187,35.231247130264265],[127.66779769115666,35.23010210767498],[127.66475618464865,35.23317117031535],[127.6603683477293,35.23398317096508],[127.65732047547176,35.2321186345723],[127.64608125023614,35.23076787806435],[127.64557748185143,35.23212035623359],[127.64787268599375,35.23187975264447],[127.64430538631518,35.232796397093544],[127.64396617209394,35.23512983367942],[127.64831014354999,35.2363575724848],[127.64487023729863,35.24040478669033],[127.64583590527957,35.242555965498546],[127.65058177625453,35.24535232097771],[127.64851937987598,35.24862738538592],[127.64902986262535,35.25219352742114],[127.64811358770628,35.25414455953051],[127.64291636511827,35.25727411623647],[127.64459627804624,35.26192649501335],[127.64316313685514,35.26647604332274],[127.64102223079783,35.26886050753615],[127.63962460631068,35.26705363041149],[127.63724635547867,35.268046515975925],[127.63538080119837,35.26724188104372],[127.63573314537966,35.26974727120607],[127.63495366929722,35.270213839948894],[127.63608201629427,35.272266602792044],[127.63130629519351,35.275348616683885],[127.62918286362807,35.27453999328739],[127.62783345920727,35.276417314124316],[127.62660390477461,35.276078450623245],[127.62767409005131,35.278749363862836],[127.62654311663009,35.279009979487654],[127.62710675852388,35.279744407464186],[127.62361082060214,35.28072291140658],[127.62546111489792,35.28207766824874],[127.6236164484426,35.28223056000946],[127.62531387844416,35.282632287609],[127.62428113466261,35.2829030382192],[127.62458201342673,35.28391241605786],[127.62336760449463,35.28382368451583],[127.62406413383864,35.2835812614187],[127.62341328763492,35.282713927090455],[127.6215522287279,35.28283708315931],[127.62282147683361,35.282224379867436],[127.62226367346265,35.281468721168196],[127.62315145160107,35.28137554447552],[127.62300860138343,35.28086434586147],[127.61992157003648,35.28241035087134],[127.62212768783921,35.283447181625014],[127.62032871503204,35.283567395579524],[127.61951000906784,35.282623783660526],[127.62005610948661,35.28408894060617],[127.62105224650952,35.284179012820026],[127.62052280036394,35.284946284475694],[127.62221490811083,35.28561157365943],[127.62504589797295,35.28843901122655],[127.62266601889365,35.2864326206659],[127.62089553079468,35.28609852301806],[127.6202375726233,35.286860610722286],[127.62012046783653,35.285926966743745],[127.61793768059276,35.286769848390364],[127.61763516414233,35.2880371715904],[127.61756514385883,35.28584079126197],[127.61661261733924,35.28513867194568],[127.61623128133984,35.2858931841415],[127.61717916875206,35.2867745570288],[127.61549010023063,35.287287096511335],[127.61567571483674,35.289728400790416],[127.61510822018488,35.28831161554636],[127.61463676073258,35.28918889745836],[127.61395227751437,35.28926019842806],[127.6152137588061,35.28686637565898],[127.61429419131524,35.28646418283649],[127.61569888225652,35.284897201068574],[127.61540438938299,35.28375426505295],[127.61295578869623,35.284200967615504],[127.61221775704111,35.28034885395894],[127.60865734954486,35.28066400467019],[127.60846359879675,35.27768893705407],[127.60708178939186,35.27630825586854],[127.60174040347601,35.28149835532364],[127.6038726131488,35.27843978170001],[127.60182818759019,35.27845172021841],[127.60165139249565,35.27787095758804],[127.60400443769272,35.278189594792465],[127.6066756671012,35.27601702206873],[127.59940103807259,35.26886485398519],[127.60151842557244,35.26724425058061],[127.6026493041757,35.26530505831018],[127.60146036240968,35.26644476869073],[127.59781587479878,35.26673638246728],[127.59729902211816,35.26443505918926],[127.59496329962658,35.26292086072435],[127.59388671882793,35.258325945648195],[127.59517492659563,35.25725332135545],[127.59446768424999,35.25750724903623],[127.59460599813757,35.25468298169503],[127.59370552235404,35.25342045842835],[127.59585730642407,35.25227144153599],[127.5940379262428,35.251144140980664],[127.59255656814155,35.25171905769621],[127.59330291754866,35.25257348879679],[127.59166870582801,35.25217650493047],[127.59172524005407,35.25354700835485],[127.58975987019578,35.25313932857498],[127.58909059556532,35.250454100069724],[127.58960922643494,35.251108673481916],[127.58977619922993,35.249892380298895],[127.59083808507536,35.250211609340774],[127.59106747418477,35.24770441195863],[127.58784947598069,35.24789829276314],[127.58398678736259,35.25132029686985],[127.57456148810151,35.251685665821604],[127.56859906261971,35.253414367133466],[127.56500241630228,35.252810931014416],[127.56650045815654,35.251456373546404],[127.56573737665204,35.24844653018776],[127.56735227992078,35.24880682109918],[127.56794905563763,35.24627049071974],[127.56962507956432,35.24459265613213],[127.56879097972707,35.2434918125286],[127.56937283304751,35.24298704456069],[127.56841225690563,35.242590547614874],[127.56903555391374,35.240402628739346],[127.56794098777408,35.239896974285536],[127.5686651492925,35.23900595543945],[127.56723337885735,35.238095645646645],[127.56900792679788,35.237320037446366],[127.5736189927031,35.239832771270784],[127.57272741919058,35.23865182721726],[127.57368764030316,35.237559325994944],[127.56998064884674,35.234144149690756],[127.57130477512247,35.23204612036645],[127.57055779855,35.23050205316121],[127.57279971113977,35.22733230741984],[127.56887012791346,35.225909753511175],[127.56801258542497,35.22808977753453],[127.56283726423482,35.22917213935603],[127.56155515353547,35.22684345428229],[127.56245114942938,35.224831322573465],[127.56115208012686,35.22493215550323],[127.56027715152678,35.22282807591353],[127.55857151864377,35.22274093684145],[127.55769146958684,35.22117702856072],[127.55987197747118,35.21657911605087],[127.5596666696015,35.21473400953765],[127.5558423350592,35.216771236758994],[127.55388825875258,35.216786031003025],[127.55407636812751,35.2183694430711],[127.55258074073393,35.218430701081246],[127.55260292993133,35.2200575032771],[127.55158408226795,35.220850144142894],[127.54720584103936,35.2209284834731],[127.54564295579037,35.22001622361067],[127.54464921076234,35.21705771991139],[127.5434334090136,35.21690115413442],[127.5439140978645,35.22310636491037],[127.54523561257373,35.22516099618138],[127.5469724543737,35.2249934121511],[127.54848324124588,35.22694652022283],[127.54673546359365,35.227516240825935],[127.54630477069435,35.23008636757049],[127.54470612379777,35.23071105377006],[127.54068261568978,35.22889735987537],[127.53938871785329,35.22934648110723],[127.54178144671137,35.23355666359928],[127.54085160456732,35.23585766914485],[127.54338842641177,35.237261875557486],[127.5406678884666,35.24063300867491],[127.53724271013674,35.24010417709828],[127.5369836978319,35.245502119069],[127.5391516970044,35.24376754455325],[127.54000533496063,35.245224622050465],[127.54254863758219,35.245213819053774],[127.54206728263443,35.24673434722242],[127.54395674855557,35.24671805091655],[127.54393543916876,35.248767657270136],[127.5450260819197,35.249237808228],[127.54408499753377,35.250102952227],[127.54721923604455,35.25097450250858],[127.54487404502893,35.252346149716814],[127.54474806473578,35.25414726876872],[127.54258984976883,35.2529874040441],[127.54155944434487,35.253444040624466],[127.54113526834041,35.252294650004195],[127.53942583867511,35.25346146685265],[127.53694067742761,35.25314616341297],[127.53646882011348,35.25403619280185],[127.53751406144659,35.25564394190569],[127.53060265217609,35.25559681545731],[127.53054717335704,35.25883630420272],[127.52847884965576,35.25592795814503],[127.52710278316385,35.255784604097926],[127.52219743569535,35.25843357766432],[127.52170354965715,35.256454918179585],[127.52245214776426,35.25598233490991],[127.52029164811546,35.25367859034973],[127.52146572583173,35.251632214394355],[127.51981405799445,35.25072138746031],[127.51979180661624,35.24972857937439],[127.52076571022577,35.24896467445458],[127.5216598420501,35.24944160306502],[127.52177517585488,35.24719000299628],[127.52400848623999,35.247806209400466],[127.52424948923723,35.24718765031713],[127.52319436034703,35.24332813400076],[127.5208190697468,35.24230740932489],[127.51997999117941,35.24069708597934],[127.51969114884557,35.23610126868959],[127.52046844449147,35.23510935889101],[127.51751367344326,35.234281771678816],[127.51663326649822,35.23262662212031],[127.5155254492839,35.2340274938429],[127.51693323430425,35.235108728300425],[127.51690224054293,35.23689340489679],[127.51535447143833,35.24037969810314],[127.5174829016099,35.242820556045025],[127.51726650883737,35.24367081032857],[127.51601653847018,35.24368573014597],[127.51542656376475,35.245533835232884],[127.51214257101088,35.24403170038253],[127.5113109087289,35.24602336854246],[127.50728596752495,35.24630047136045],[127.50593848382,35.24727091485769],[127.50335062101554,35.2464992030316],[127.50411262017445,35.24298039497076],[127.50234411403466,35.24217238692826],[127.4980907492501,35.23516626883248],[127.49488653215711,35.23271323858537],[127.49474915467346,35.23412586141252],[127.49278932965782,35.23489284405226],[127.48904220419523,35.240021863975144],[127.49053144246749,35.244521870426894],[127.49270138655226,35.24349025239492],[127.49428453844544,35.24489858164177],[127.49656310728854,35.24312040203942],[127.49700399214404,35.24488464739326],[127.49447507493109,35.24517224180483],[127.49479890741861,35.246515771834964],[127.49276166566412,35.2471636799391],[127.49353433392825,35.248181690963555],[127.49439710576404,35.24779639458444],[127.49506584764684,35.24808777287628],[127.49415445089065,35.248239665287336],[127.49521921399267,35.25042991949994],[127.49387657658542,35.250696027436334],[127.49146372979126,35.24724922973138],[127.49131643257161,35.245199236399465],[127.48896963459897,35.243933121973434],[127.48691871613792,35.244365162452695],[127.4859141090432,35.24580434074313],[127.48620198934937,35.24716435939945],[127.48479776773699,35.24822066544713],[127.48360999971409,35.24762372012875],[127.48491993269253,35.247090918643],[127.4838789626632,35.2459048654273],[127.48401781358544,35.247332100684176],[127.48227251077799,35.24631698317163],[127.48231085968757,35.24859731429766],[127.48754404408045,35.25167882227096],[127.48724798615568,35.255441484093815],[127.48463659078703,35.25819192520755],[127.48568006161425,35.26062701088922],[127.47558610545613,35.26353868748335],[127.47089697256582,35.26113437868262],[127.46989943363886,35.26389025387836],[127.47042631383277,35.26646286666498],[127.46969104265544,35.26714980432865],[127.4667214152094,35.266591476055304],[127.46862418642607,35.26974315514198],[127.46666680096523,35.27266563583062],[127.46631992923191,35.27563312897176],[127.4677121998704,35.2810092769852],[127.46428677502027,35.28644852067645],[127.46458096751074,35.290021104253455],[127.46912376581487,35.292296064261265],[127.47301109691949,35.29259342527549],[127.4754676775185,35.2942215652413],[127.47882003029346,35.295049190263065],[127.48168621830946,35.29456710137481],[127.483831894718,35.295667353438006],[127.48742408456042,35.29501691045444],[127.49051838603934,35.29699178383032],[127.4910248225471,35.29856695056468],[127.49573278522976,35.30260285051082],[127.49231367838065,35.30475419675791],[127.48912852605697,35.30916478241938],[127.49488969235243,35.30892223004489],[127.49450166130133,35.307933396145344],[127.49573962702966,35.30814071201],[127.49648361779124,35.30965724166656],[127.49898422129316,35.3098447477118],[127.4998731710444,35.31227191203414],[127.50296403062801,35.312970292961296],[127.50253532776395,35.313858851603534],[127.50399200487563,35.3149381489604],[127.50193664740358,35.31507990601715],[127.5017801471447,35.31611211382119],[127.49981847008654,35.31488274751259],[127.49846146839317,35.315677122313936],[127.49712075331972,35.314808795694766],[127.49665288289906,35.31598576313865],[127.49415194579123,35.31538921025155],[127.49305374881676,35.316446781845755],[127.49499169583298,35.31767955438249],[127.4951757605978,35.319069178319765],[127.49757450042047,35.32032443393645],[127.49676976621934,35.32137647170296],[127.49831690714846,35.32296533217108],[127.4957367816215,35.32466922304006],[127.49710532504191,35.326102926944884],[127.500348842403,35.325978905408526],[127.50109150701154,35.326838318951616],[127.50216944445408,35.32535586959854],[127.50438877033088,35.32488842859533],[127.50471854285576,35.32711460040588],[127.50365272871176,35.32854038281241],[127.50729036945451,35.33090091063785],[127.503250480181,35.33090053002717],[127.50478882305735,35.332545979176054],[127.50182366464811,35.333029135282715],[127.50142438967588,35.33456248490882],[127.49938915195635,35.334083362127835],[127.49866974830552,35.33292281280984],[127.49765848241019,35.333457572867616],[127.49842564113042,35.33622367264867],[127.4970004613718,35.33668489497912],[127.49567103735673,35.339086414679706],[127.49744728421842,35.33829533751935],[127.49853616991703,35.340275356036734],[127.50044893922251,35.34113864271857],[127.49897875581225,35.3416887364888],[127.49921206270096,35.34310141755462],[127.49771365137673,35.342811198473825],[127.4947637478575,35.34422041077287],[127.49623782880182,35.34767120068402],[127.4941258517618,35.34916413050151],[127.49446499201254,35.35143442127696],[127.49535448623591,35.35124119850747],[127.49389187838452,35.35288483718644],[127.49173285027787,35.35189193712491],[127.4899425481997,35.353365353925426],[127.4899808198492,35.350549402204926],[127.48822033486302,35.34745778302751],[127.48606013370365,35.34777624467446],[127.4829354117179,35.34469289181355],[127.48095080140429,35.3455835291743],[127.47832067252988,35.344591309205114],[127.4778487188264,35.342898875507295],[127.47361333778949,35.34215953988739],[127.4753398055828,35.346028823652915],[127.47476749440736,35.34728254328245],[127.47628813616966,35.34760204472976],[127.47708616007418,35.349095902642716],[127.47563316839998,35.350265912646606],[127.47683524702036,35.35208866198408],[127.47439535759628,35.35287824039936],[127.47782195474161,35.35604708361338],[127.47169112999981,35.3566518804123],[127.4715323022047,35.35958658343552],[127.47327192293467,35.359954751592134],[127.47343896359087,35.36122531274624],[127.47177389107033,35.36150418085402],[127.47192410123301,35.362253685907795],[127.46987692079954,35.36346848076583],[127.4692187674384,35.36242739852198],[127.46596228524491,35.362051636227164],[127.46341766123547,35.36004049829525],[127.46249633678067,35.36047141969092],[127.46268062951306,35.361767527760705],[127.46034193555295,35.362127762491724],[127.45826028802442,35.3605416735047],[127.45578271928878,35.360973999361114],[127.45422703332349,35.35949275786305],[127.4532782749748,35.36045792133996],[127.4549855138002,35.3631666472659],[127.45703890981494,35.36354243345304],[127.45702893301748,35.3655857502734],[127.45892069977627,35.36485854443905],[127.46158032879215,35.36562267640027],[127.4630270223825,35.36925296821089],[127.46394143256818,35.36917484348363],[127.46325288048348,35.3681236611094],[127.46417145021931,35.3662700213577],[127.4672806870156,35.36690350734551],[127.4669271010708,35.37150739782522],[127.4660316817784,35.37268950809661],[127.46787124629383,35.37332134432605],[127.46728541239828,35.374681800615626],[127.46552616044578,35.375292872430535],[127.47115040406202,35.377194676838215],[127.46517058215919,35.382223792250265],[127.4628947307377,35.38189120547484],[127.45989604822613,35.383364150439725],[127.45676225765361,35.383266094043286],[127.45626481257177,35.384503755446076],[127.45715474848261,35.384991247331854],[127.45592381941749,35.38569521988596],[127.45626988935129,35.387172968915735],[127.4571353463721,35.38669807002003],[127.4597628417192,35.38802375711859],[127.45639187377124,35.38941385292615],[127.45641982459065,35.39053000257251],[127.45828477788619,35.39077622442872],[127.45580038596216,35.391632256603415],[127.45666947108698,35.39236157539387],[127.45737336536922,35.391726619712045],[127.4584488346033,35.391373560179844],[127.45882450944694,35.39150251308526],[127.45909076047727,35.392121407849515],[127.4578748282199,35.39162140913906],[127.45619649695888,35.39288268599488],[127.45480350263068,35.39297084169711],[127.45456995626901,35.394470415962985],[127.45675469682526,35.397287086363576],[127.45814916475186,35.39773839002407],[127.46466366798956,35.39433917584021],[127.46803834408061,35.39623469375908],[127.47400683257413,35.394889761733786],[127.47704776962524,35.396307277365246],[127.4792017543013,35.39602731337517],[127.48311143325846,35.39363303754629],[127.48221692990869,35.39054304663401],[127.48129363853133,35.390172051861775],[127.48279524898855,35.38994199523349],[127.48467949065589,35.38456065856637],[127.48439357544092,35.38229298585787],[127.48680372152135,35.379891243687275],[127.48747306553565,35.3794903181972],[127.48754264393814,35.380676289174964],[127.48860942434789,35.3807605286783],[127.4876307612995,35.38197474090472],[127.49110497103088,35.381874663870704],[127.49527487601584,35.37743129599118],[127.49511298834817,35.37866987140064],[127.4982735141488,35.378990222538896],[127.49880207278414,35.380117389747625],[127.49999187087327,35.37963758641184],[127.50092469556422,35.380820218507615],[127.50119503014281,35.379827749990085],[127.50345453387737,35.37933402004882],[127.50350478918783,35.37827963905705],[127.50500751307976,35.37827816306954],[127.50526984201946,35.376148715739404],[127.5079742205207,35.37469991015806],[127.50888583579666,35.37148291316908],[127.50972390544662,35.373378362657185],[127.50933844290002,35.37534862552757],[127.51035544050987,35.37558643875017],[127.5087181950092,35.37661018091126],[127.50888025742482,35.37904754380529],[127.51119775802236,35.37964977874152],[127.50922182522999,35.38078167069927],[127.51184853153843,35.38287101489989],[127.50871889207707,35.38291087312881],[127.50833001542685,35.38394134944311],[127.51001191243343,35.383712650194546],[127.51135707761983,35.38660549962149],[127.51227044578158,35.38544841725021],[127.51367330611679,35.385472041077925],[127.51501219731867,35.38776649644704],[127.51771950520808,35.388782810111444],[127.52193508157359,35.38619680705386],[127.52184781232715,35.38957402280869],[127.52075260220401,35.39107562666938],[127.52362462946672,35.38928893412341],[127.52503726206808,35.392329689643745],[127.52902118280659,35.39112569785983],[127.52952816628338,35.39359297340157],[127.52789633797404,35.394384322018205],[127.53012453752251,35.39587103088857],[127.53126509220921,35.39452020382359],[127.53572824768926,35.39518157535607],[127.53557024581069,35.392035993963184],[127.53790975142745,35.39273396515215],[127.53962658243317,35.391453324556124],[127.53901333841976,35.39474555197039],[127.54058824410947,35.39300798139156],[127.54267818536391,35.39403952809693],[127.54719373773258,35.39853731485605],[127.55201510467654,35.40123087851258],[127.55078083387366,35.40306472111998],[127.54582370025697,35.4036183274462],[127.54527011208906,35.40485146170951],[127.5459758852544,35.40585188435806],[127.54476506913029,35.40733340186697],[127.54706945283101,35.40769209888785],[127.54589397532033,35.40889622670798],[127.54771725634608,35.4093942569618],[127.54665577993973,35.41087015999901],[127.54783008720348,35.41105611030801],[127.54781922153396,35.411860392162616],[127.54936565598211,35.41168655592885],[127.55020757839141,35.41445108505346],[127.55137717922139,35.41484296947229],[127.5526367169297,35.412902762751344],[127.55422342388502,35.41336914606841],[127.55550790022237,35.41259264722647],[127.5536276055382,35.41561674501476],[127.55453270632968,35.41690056431333],[127.55680607395176,35.417041641371725],[127.5563093934985,35.41957784345214],[127.55413115962385,35.42070499403078],[127.55271024459405,35.42012618283272],[127.55431145055465,35.421968694506255],[127.55352729340623,35.42344320497802],[127.5539895193283,35.42564927804019],[127.55593625330899,35.42566919716119],[127.55548418008095,35.42669037239113],[127.55659717918104,35.42791896094148],[127.55989901398367,35.42734042483652],[127.55898384653081,35.42969073711347],[127.55989351641418,35.430404509207335],[127.55940903597933,35.43113022184801],[127.56126690339562,35.43187907540001],[127.55875975033005,35.43346253822968],[127.56139231303295,35.435550927047316],[127.56470762886867,35.43617281627851],[127.56367669607374,35.43776985459585],[127.5667770730908,35.43926388154064],[127.56672351362276,35.4414331054136],[127.56602795854587,35.441568039297586],[127.56693288314686,35.44360668541511],[127.56934288221512,35.44560652844288],[127.57075672997388,35.44514795987971],[127.57112113863695,35.443234229637135],[127.57008022310488,35.44190278282117],[127.57076369108155,35.44141259117601],[127.56971739721027,35.44070639621825],[127.57166169336101,35.44011021496374],[127.57239404512836,35.43523776278919],[127.57426397075008,35.43664827110381],[127.57433737276638,35.440107554059885],[127.57719938396203,35.43884997048112],[127.57653437607529,35.44144734359496],[127.57853650569457,35.4415520756239],[127.5737886235512,35.44444611665822],[127.57466883002421,35.445819960543155],[127.57674506614278,35.44657271110818],[127.58124229161021,35.444651110178405],[127.58449124250839,35.44788013048302]],[[127.58487066110554,35.409134003074726],[127.58356745476493,35.40873611087635],[127.58367124429928,35.40739294148222],[127.58129380162448,35.40865771867572],[127.58074688813677,35.40811708315869],[127.58174072927652,35.407705816640416],[127.58003624713191,35.407635138085254],[127.58074454354939,35.40679081955496],[127.58382357442187,35.40727216006319],[127.58404926953965,35.40756599839666],[127.58461543643287,35.406977474290336],[127.58274272708658,35.405783911561045],[127.5847347062118,35.40657402550792],[127.58807103026558,35.40552225538179],[127.58950840726776,35.406384617055956],[127.58487066110554,35.409134003074726]],[[127.58120983159213,35.37829984104847],[127.5797917896637,35.37619177476828],[127.57888371771797,35.37235906430517],[127.58093630993469,35.37740799453256],[127.5815043000965,35.376629523880815],[127.58405397336585,35.37704433553637],[127.58267282272422,35.37813604865923],[127.58096185912768,35.37752286969072],[127.58120983159213,35.37829984104847]],[[127.5552359971406,35.35124276889286],[127.55204359804587,35.351505898400454],[127.55241716418323,35.3506495903657],[127.55198179647843,35.3504883104059],[127.55012656438225,35.35099260264246],[127.54785315652562,35.348572404129904],[127.54521736933455,35.34907407205852],[127.54446374983861,35.347396457720336],[127.54330089347182,35.34812521368473],[127.54241395461204,35.34719555320736],[127.54168511988539,35.347671415190206],[127.54130558411345,35.34756285320422],[127.54319691930004,35.34584071636993],[127.54824291261315,35.34748242406397],[127.546651064528,35.34677845143798],[127.54764762535531,35.347136609294736],[127.54835220909987,35.3460384323373],[127.54989470470565,35.34907587005029],[127.55296892589195,35.34957426054587],[127.5552359971406,35.35124276889286]],[[127.7879192256226,35.314574059955575],[127.78531826368142,35.31565603574461],[127.78484024862807,35.314069252968345],[127.7857541791654,35.31331759063039],[127.7852724764881,35.31180611871478],[127.78696376802145,35.311008450876294],[127.78767977331424,35.312917408863335],[127.78944249398238,35.31327175624947],[127.79345374531336,35.31143587059611],[127.79594793798522,35.30899657315344],[127.79457447983098,35.307731407153966],[127.79683579208218,35.30860092337215],[127.79759842914635,35.307842949281564],[127.79695519423468,35.30679074480136],[127.79851831903066,35.30670957416817],[127.79778364481103,35.30247434845819],[127.79862827126239,35.303452521174336],[127.80034772286236,35.30331919284846],[127.79979785835586,35.302913884317626],[127.80069553297045,35.302358286313556],[127.79899242833802,35.30029752148823],[127.8028965488175,35.301767914158866],[127.79954160269797,35.30446966635765],[127.79818678284366,35.308528416346746],[127.79539566759476,35.31034313263713],[127.79431208591092,35.31335057055898],[127.7958099567591,35.31493710908352],[127.79461159918928,35.31508442471409],[127.7938035772868,35.31343297482384],[127.79291969366447,35.31404670071623],[127.79252363181028,35.31245161612582],[127.79053028545641,35.313319597429164],[127.7898017575243,35.315057941828734],[127.7879192256226,35.314574059955575]],[[127.64917026974467,35.29175945776538],[127.64337923760054,35.29001508834481],[127.6468504251043,35.28844135207152],[127.64781296123289,35.286361329094646],[127.65021918097712,35.285488187009115],[127.65106559427026,35.2840160314304],[127.65363685532654,35.285721610174754],[127.64906742398077,35.288286049743974],[127.65060284798182,35.28994196388297],[127.64946875360462,35.289539568478425],[127.65026214128059,35.29089367014857],[127.64917026974467,35.29175945776538]],[[127.58025256061559,35.26781791355753],[127.57855003635898,35.26695653058688],[127.58294500182798,35.265989298310345],[127.58410244980253,35.26378431297834],[127.58430740908436,35.26655054953243],[127.58122719018964,35.26675550001804],[127.58097206262345,35.268067633112544],[127.57972678528243,35.26868983440876],[127.58025256061559,35.26781791355753]],[[127.48995365631792,35.24132197347551],[127.490114925688,35.24120823246691],[127.49013122345531,35.24128413085437],[127.48995365631792,35.24132197347551]],[[127.4904089590544,35.24107506308101],[127.49029184731644,35.24081570037669],[127.49050655475665,35.24093100831034],[127.4904089590544,35.24107506308101]],[[127.48961840211221,35.2406176288367],[127.4896315902375,35.24103454949453],[127.48933811127709,35.24064960253702],[127.48961840211221,35.2406176288367]],[[127.66446304977106,35.275615923274316],[127.66250683054153,35.27329074744742],[127.661260175581,35.273787661848246],[127.6607539229448,35.27277890022691],[127.65994542809646,35.27322664329672],[127.66036882557223,35.27393148469988],[127.65779148140695,35.27385682237827],[127.6633165648024,35.27086892414838],[127.66671415242094,35.27209596494573],[127.66114504896294,35.27261796510918],[127.66278079572692,35.27266607044909],[127.66485705706509,35.27413748747435],[127.66409785459811,35.27378496082534],[127.66446304977106,35.275615923274316]],[[127.8157144184401,35.29530493607119],[127.81235628468872,35.29603398366596],[127.81791013932389,35.29317737052381],[127.81865857700804,35.29331040495407],[127.81838763073966,35.2949541490251],[127.81669033523701,35.29602732745287],[127.8157144184401,35.29530493607119]],[[127.81592510434503,35.349909853302776],[127.81774377971722,35.348765510840096],[127.8176890549069,35.35099095534564],[127.81608840422585,35.35199217739561],[127.81670353594606,35.351195658033724],[127.81592510434503,35.349909853302776]],[[127.81611862637155,35.35052824389048],[127.81578501261211,35.351801769128095],[127.81526711392169,35.34988431715046],[127.81611862637155,35.35052824389048]],[[127.6798156734606,35.358821447148145],[127.68187259258166,35.361201096262576],[127.68090110769427,35.361647362013855],[127.68139116246212,35.36333604505496],[127.681757538977,35.36298887441566],[127.68257273466459,35.36283268375105],[127.68155211676995,35.36333395870242],[127.68164386338046,35.36463188600525],[127.68352865230909,35.364050053805116],[127.68187493988002,35.36501369287435],[127.68285093561806,35.36533975601562],[127.68253730312908,35.366771665354335],[127.6841148893225,35.367905588023355],[127.68358332835102,35.368347063961906],[127.6805981926609,35.36731209507247],[127.6814122933383,35.366213046123214],[127.6797884942221,35.363098923348424],[127.68027322937141,35.361707555170774],[127.67929245045076,35.359201893702],[127.6798156734606,35.358821447148145]],[[127.79859231656971,35.36451761758345],[127.79704482443107,35.363089131967946],[127.80017665482244,35.36161035032172],[127.80015810431263,35.362779993216954],[127.79859231656971,35.36451761758345]],[[127.79982393579382,35.360688276579175],[127.79826246764348,35.36184097307443],[127.79956453409851,35.36046709957921],[127.79982393579382,35.360688276579175]],[[127.7930266409292,35.36179649848366],[127.7963912731517,35.36271197747062],[127.7973179838839,35.36235088523219],[127.79588703070307,35.36342398149918],[127.7930266409292,35.36179649848366]],[[127.78326476995775,35.37020119008024],[127.78255176323789,35.37277892547551],[127.78213754209854,35.371901947616685],[127.77473425355116,35.372229625810114],[127.77284639832149,35.373250431423074],[127.76962106221373,35.3725022177111],[127.76755936624915,35.37377694871862],[127.76670410702296,35.373097212020824],[127.7672283336701,35.37170764410084],[127.76886131688448,35.37139038459914],[127.77619461791356,35.372147844676874],[127.78225256273934,35.371442175029145],[127.78326476995775,35.37020119008024]],[[127.78057508465015,35.37097698318363],[127.78123721128826,35.37068007088277],[127.78161552100767,35.371284966716914],[127.78057508465015,35.37097698318363]]]]}}]}